ISO-10303-21;
HEADER;
/* Generated by software containing ST-Developer
 * from STEP Tools, Inc. (www.steptools.com) 
 */
/* OPTION: using custom renumber hook */

FILE_DESCRIPTION(
/* description */ ('STEP AP242 Edition 2',
'CAx-IF Rec.Pracs.---Representation and Presentation of Product Manufa
cturing Information (PMI)---4.0---2014-10-13',
'CAx-IF Rec.Pracs.---3D Tessellated Geometry---0.4---2014-09-14','2;1',
'CAx-IF Rec.Pracs.---User Defined Attributes---1.5---2016-08-15'),
/* implementation_level */ '2;1');

FILE_NAME(
/* name */ 'Part Studio 1 - Part 1',
/* time_stamp */ '2026-08-30T19:25:53Z',
/* author */ (''),
/* organization */ (''),
/* preprocessor_version */ 'ST-DEVELOPER v20',
/* originating_system */ 'ONSHAPE BY PTC INC, 1.220',
/* authorisation */ '  ');

FILE_SCHEMA (('AP242_MANAGED_MODEL_BASED_3D_ENGINEERING_MIM_LF { 1 0 10303 442 3 1 4 }'));
ENDSEC;

DATA;
#10=SHAPE_REPRESENTATION_RELATIONSHIP('','',#1633,#11);
#11=ADVANCED_BREP_SHAPE_REPRESENTATION('',(#1631),#2887);
#12=LINE('',#2583,#58);
#13=LINE('',#2586,#59);
#14=LINE('',#2590,#60);
#15=LINE('',#2592,#61);
#16=LINE('',#2594,#62);
#17=LINE('',#2596,#63);
#18=LINE('',#2598,#64);
#19=LINE('',#2600,#65);
#20=LINE('',#2602,#66);
#21=LINE('',#2606,#67);
#22=LINE('',#2608,#68);
#23=LINE('',#2612,#69);
#24=LINE('',#2614,#70);
#25=LINE('',#2616,#71);
#26=LINE('',#2634,#72);
#27=LINE('',#2636,#73);
#28=LINE('',#2638,#74);
#29=LINE('',#2640,#75);
#30=LINE('',#2643,#76);
#31=LINE('',#2644,#77);
#32=LINE('',#2646,#78);
#33=LINE('',#2648,#79);
#34=LINE('',#2650,#80);
#35=LINE('',#2652,#81);
#36=LINE('',#2654,#82);
#37=LINE('',#2656,#83);
#38=LINE('',#2658,#84);
#39=LINE('',#2660,#85);
#40=LINE('',#2663,#86);
#41=LINE('',#2664,#87);
#42=LINE('',#2666,#88);
#43=LINE('',#2668,#89);
#44=LINE('',#2670,#90);
#45=LINE('',#2672,#91);
#46=LINE('',#2674,#92);
#47=LINE('',#2676,#93);
#48=LINE('',#2678,#94);
#49=LINE('',#2680,#95);
#50=LINE('',#2682,#96);
#51=LINE('',#2684,#97);
#52=LINE('',#2686,#98);
#53=LINE('',#2688,#99);
#54=LINE('',#2702,#100);
#55=LINE('',#2706,#101);
#56=LINE('',#2711,#102);
#57=LINE('',#2714,#103);
#58=VECTOR('',#2053,1.);
#59=VECTOR('',#2054,1.);
#60=VECTOR('',#2057,1.);
#61=VECTOR('',#2058,1.);
#62=VECTOR('',#2059,1.);
#63=VECTOR('',#2060,1.);
#64=VECTOR('',#2061,1.);
#65=VECTOR('',#2062,1.);
#66=VECTOR('',#2063,1.);
#67=VECTOR('',#2066,1.);
#68=VECTOR('',#2067,1.);
#69=VECTOR('',#2070,1.);
#70=VECTOR('',#2071,1.);
#71=VECTOR('',#2072,1.);
#72=VECTOR('',#2091,1.);
#73=VECTOR('',#2092,1.);
#74=VECTOR('',#2093,1.);
#75=VECTOR('',#2096,1.);
#76=VECTOR('',#2097,1.);
#77=VECTOR('',#2098,1.);
#78=VECTOR('',#2101,1.);
#79=VECTOR('',#2102,1.);
#80=VECTOR('',#2103,1.);
#81=VECTOR('',#2106,1.);
#82=VECTOR('',#2107,1.);
#83=VECTOR('',#2110,1.);
#84=VECTOR('',#2111,1.);
#85=VECTOR('',#2114,1.);
#86=VECTOR('',#2115,1.);
#87=VECTOR('',#2116,1.);
#88=VECTOR('',#2119,1.);
#89=VECTOR('',#2120,1.);
#90=VECTOR('',#2123,1.);
#91=VECTOR('',#2124,1.);
#92=VECTOR('',#2127,1.);
#93=VECTOR('',#2128,1.);
#94=VECTOR('',#2131,1.);
#95=VECTOR('',#2132,1.);
#96=VECTOR('',#2135,1.);
#97=VECTOR('',#2136,1.);
#98=VECTOR('',#2139,1.);
#99=VECTOR('',#2140,1.);
#100=VECTOR('',#2159,1.);
#101=VECTOR('',#2164,1.);
#102=VECTOR('',#2171,1.);
#103=VECTOR('',#2176,1.);
#104=PLANE('',#1695);
#105=PLANE('',#1728);
#106=PLANE('',#1729);
#107=PLANE('',#1730);
#108=PLANE('',#1731);
#109=PLANE('',#1732);
#110=PLANE('',#1733);
#111=PLANE('',#1734);
#112=PLANE('',#1735);
#113=PLANE('',#1736);
#114=PLANE('',#1737);
#115=PLANE('',#1738);
#116=PLANE('',#1739);
#117=PLANE('',#1748);
#118=PLANE('',#1753);
#119=PLANE('',#1756);
#120=PLANE('',#1759);
#121=PLANE('',#1763);
#122=PLANE('',#1767);
#123=PLANE('',#1771);
#124=PLANE('',#1775);
#125=PLANE('',#1779);
#126=PLANE('',#1783);
#127=PLANE('',#1786);
#128=PLANE('',#1789);
#129=PLANE('',#1792);
#130=PLANE('',#1795);
#131=PLANE('',#1798);
#132=PLANE('',#1801);
#133=PLANE('',#1802);
#134=PLANE('',#1803);
#135=PLANE('',#1804);
#136=PLANE('',#1807);
#137=PLANE('',#1810);
#138=PLANE('',#1813);
#139=PLANE('',#1816);
#140=PLANE('',#1819);
#141=PLANE('',#1822);
#142=PLANE('',#1825);
#143=PLANE('',#1828);
#144=PLANE('',#1831);
#145=PLANE('',#1834);
#146=PLANE('',#1837);
#147=PLANE('',#1840);
#148=PLANE('',#1843);
#149=PLANE('',#1846);
#150=PLANE('',#1849);
#151=PLANE('',#1852);
#152=PLANE('',#1853);
#153=PLANE('',#1854);
#154=PLANE('',#1855);
#155=PLANE('',#1856);
#156=PLANE('',#1857);
#157=PLANE('',#1858);
#158=PLANE('',#1859);
#159=PLANE('',#1860);
#160=PLANE('',#1861);
#161=PLANE('',#1862);
#162=PLANE('',#1863);
#163=PLANE('',#1864);
#164=PLANE('',#1865);
#165=PLANE('',#1866);
#166=PLANE('',#1867);
#167=PLANE('',#1868);
#168=PLANE('',#1869);
#169=PLANE('',#1870);
#170=PLANE('',#1871);
#171=PLANE('',#1872);
#172=PLANE('',#1875);
#173=PLANE('',#1879);
#174=PLANE('',#1881);
#175=PLANE('',#1884);
#176=ORIENTED_EDGE('',*,*,#508,.T.);
#177=ORIENTED_EDGE('',*,*,#509,.T.);
#178=ORIENTED_EDGE('',*,*,#510,.T.);
#179=ORIENTED_EDGE('',*,*,#511,.F.);
#180=ORIENTED_EDGE('',*,*,#512,.T.);
#181=ORIENTED_EDGE('',*,*,#513,.F.);
#182=ORIENTED_EDGE('',*,*,#514,.F.);
#183=ORIENTED_EDGE('',*,*,#515,.F.);
#184=ORIENTED_EDGE('',*,*,#516,.T.);
#185=ORIENTED_EDGE('',*,*,#517,.T.);
#186=ORIENTED_EDGE('',*,*,#518,.T.);
#187=ORIENTED_EDGE('',*,*,#519,.F.);
#188=ORIENTED_EDGE('',*,*,#520,.T.);
#189=ORIENTED_EDGE('',*,*,#521,.F.);
#190=ORIENTED_EDGE('',*,*,#522,.T.);
#191=ORIENTED_EDGE('',*,*,#523,.F.);
#192=ORIENTED_EDGE('',*,*,#524,.F.);
#193=ORIENTED_EDGE('',*,*,#525,.F.);
#194=ORIENTED_EDGE('',*,*,#526,.T.);
#195=ORIENTED_EDGE('',*,*,#527,.F.);
#196=ORIENTED_EDGE('',*,*,#528,.T.);
#197=ORIENTED_EDGE('',*,*,#529,.F.);
#198=ORIENTED_EDGE('',*,*,#530,.T.);
#199=ORIENTED_EDGE('',*,*,#531,.F.);
#200=ORIENTED_EDGE('',*,*,#532,.T.);
#201=ORIENTED_EDGE('',*,*,#533,.F.);
#202=ORIENTED_EDGE('',*,*,#534,.T.);
#203=ORIENTED_EDGE('',*,*,#535,.F.);
#204=ORIENTED_EDGE('',*,*,#536,.T.);
#205=ORIENTED_EDGE('',*,*,#537,.F.);
#206=ORIENTED_EDGE('',*,*,#538,.T.);
#207=ORIENTED_EDGE('',*,*,#539,.F.);
#208=ORIENTED_EDGE('',*,*,#540,.T.);
#209=ORIENTED_EDGE('',*,*,#541,.F.);
#210=ORIENTED_EDGE('',*,*,#542,.T.);
#211=ORIENTED_EDGE('',*,*,#543,.F.);
#212=ORIENTED_EDGE('',*,*,#544,.T.);
#213=ORIENTED_EDGE('',*,*,#545,.F.);
#214=ORIENTED_EDGE('',*,*,#546,.F.);
#215=ORIENTED_EDGE('',*,*,#547,.T.);
#216=ORIENTED_EDGE('',*,*,#548,.F.);
#217=ORIENTED_EDGE('',*,*,#549,.F.);
#218=ORIENTED_EDGE('',*,*,#550,.F.);
#219=ORIENTED_EDGE('',*,*,#551,.F.);
#220=ORIENTED_EDGE('',*,*,#552,.F.);
#221=ORIENTED_EDGE('',*,*,#553,.F.);
#222=ORIENTED_EDGE('',*,*,#554,.F.);
#223=ORIENTED_EDGE('',*,*,#555,.F.);
#224=ORIENTED_EDGE('',*,*,#556,.F.);
#225=ORIENTED_EDGE('',*,*,#557,.F.);
#226=ORIENTED_EDGE('',*,*,#558,.F.);
#227=ORIENTED_EDGE('',*,*,#559,.F.);
#228=ORIENTED_EDGE('',*,*,#560,.F.);
#229=ORIENTED_EDGE('',*,*,#561,.F.);
#230=ORIENTED_EDGE('',*,*,#562,.F.);
#231=ORIENTED_EDGE('',*,*,#563,.F.);
#232=ORIENTED_EDGE('',*,*,#564,.F.);
#233=ORIENTED_EDGE('',*,*,#565,.F.);
#234=ORIENTED_EDGE('',*,*,#566,.F.);
#235=ORIENTED_EDGE('',*,*,#567,.F.);
#236=ORIENTED_EDGE('',*,*,#568,.T.);
#237=ORIENTED_EDGE('',*,*,#569,.F.);
#238=ORIENTED_EDGE('',*,*,#570,.F.);
#239=ORIENTED_EDGE('',*,*,#571,.T.);
#240=ORIENTED_EDGE('',*,*,#572,.F.);
#241=ORIENTED_EDGE('',*,*,#573,.T.);
#242=ORIENTED_EDGE('',*,*,#574,.T.);
#243=ORIENTED_EDGE('',*,*,#575,.T.);
#244=ORIENTED_EDGE('',*,*,#576,.F.);
#245=ORIENTED_EDGE('',*,*,#577,.F.);
#246=ORIENTED_EDGE('',*,*,#578,.T.);
#247=ORIENTED_EDGE('',*,*,#579,.F.);
#248=ORIENTED_EDGE('',*,*,#580,.T.);
#249=ORIENTED_EDGE('',*,*,#581,.T.);
#250=ORIENTED_EDGE('',*,*,#582,.T.);
#251=ORIENTED_EDGE('',*,*,#583,.F.);
#252=ORIENTED_EDGE('',*,*,#584,.T.);
#253=ORIENTED_EDGE('',*,*,#585,.T.);
#254=ORIENTED_EDGE('',*,*,#586,.T.);
#255=ORIENTED_EDGE('',*,*,#587,.F.);
#256=ORIENTED_EDGE('',*,*,#588,.F.);
#257=ORIENTED_EDGE('',*,*,#589,.F.);
#258=ORIENTED_EDGE('',*,*,#590,.F.);
#259=ORIENTED_EDGE('',*,*,#591,.F.);
#260=ORIENTED_EDGE('',*,*,#592,.T.);
#261=ORIENTED_EDGE('',*,*,#593,.T.);
#262=ORIENTED_EDGE('',*,*,#569,.T.);
#263=ORIENTED_EDGE('',*,*,#594,.T.);
#264=ORIENTED_EDGE('',*,*,#595,.F.);
#265=ORIENTED_EDGE('',*,*,#596,.T.);
#266=ORIENTED_EDGE('',*,*,#597,.T.);
#267=ORIENTED_EDGE('',*,*,#598,.T.);
#268=ORIENTED_EDGE('',*,*,#581,.F.);
#269=ORIENTED_EDGE('',*,*,#599,.F.);
#270=ORIENTED_EDGE('',*,*,#583,.T.);
#271=ORIENTED_EDGE('',*,*,#600,.T.);
#272=ORIENTED_EDGE('',*,*,#601,.F.);
#273=ORIENTED_EDGE('',*,*,#602,.F.);
#274=ORIENTED_EDGE('',*,*,#603,.T.);
#275=ORIENTED_EDGE('',*,*,#604,.F.);
#276=ORIENTED_EDGE('',*,*,#584,.F.);
#277=ORIENTED_EDGE('',*,*,#602,.T.);
#278=ORIENTED_EDGE('',*,*,#605,.T.);
#279=ORIENTED_EDGE('',*,*,#606,.T.);
#280=ORIENTED_EDGE('',*,*,#585,.F.);
#281=ORIENTED_EDGE('',*,*,#604,.T.);
#282=ORIENTED_EDGE('',*,*,#607,.F.);
#283=ORIENTED_EDGE('',*,*,#608,.F.);
#284=ORIENTED_EDGE('',*,*,#572,.T.);
#285=ORIENTED_EDGE('',*,*,#609,.F.);
#286=ORIENTED_EDGE('',*,*,#610,.T.);
#287=ORIENTED_EDGE('',*,*,#611,.F.);
#288=ORIENTED_EDGE('',*,*,#573,.F.);
#289=ORIENTED_EDGE('',*,*,#608,.T.);
#290=ORIENTED_EDGE('',*,*,#612,.T.);
#291=ORIENTED_EDGE('',*,*,#613,.F.);
#292=ORIENTED_EDGE('',*,*,#574,.F.);
#293=ORIENTED_EDGE('',*,*,#611,.T.);
#294=ORIENTED_EDGE('',*,*,#614,.T.);
#295=ORIENTED_EDGE('',*,*,#615,.F.);
#296=ORIENTED_EDGE('',*,*,#575,.F.);
#297=ORIENTED_EDGE('',*,*,#613,.T.);
#298=ORIENTED_EDGE('',*,*,#616,.F.);
#299=ORIENTED_EDGE('',*,*,#617,.F.);
#300=ORIENTED_EDGE('',*,*,#576,.T.);
#301=ORIENTED_EDGE('',*,*,#615,.T.);
#302=ORIENTED_EDGE('',*,*,#618,.F.);
#303=ORIENTED_EDGE('',*,*,#619,.F.);
#304=ORIENTED_EDGE('',*,*,#577,.T.);
#305=ORIENTED_EDGE('',*,*,#617,.T.);
#306=ORIENTED_EDGE('',*,*,#620,.T.);
#307=ORIENTED_EDGE('',*,*,#621,.T.);
#308=ORIENTED_EDGE('',*,*,#578,.F.);
#309=ORIENTED_EDGE('',*,*,#619,.T.);
#310=ORIENTED_EDGE('',*,*,#622,.F.);
#311=ORIENTED_EDGE('',*,*,#590,.T.);
#312=ORIENTED_EDGE('',*,*,#623,.F.);
#313=ORIENTED_EDGE('',*,*,#589,.T.);
#314=ORIENTED_EDGE('',*,*,#624,.F.);
#315=ORIENTED_EDGE('',*,*,#588,.T.);
#316=ORIENTED_EDGE('',*,*,#625,.F.);
#317=ORIENTED_EDGE('',*,*,#587,.T.);
#318=ORIENTED_EDGE('',*,*,#626,.F.);
#319=ORIENTED_EDGE('',*,*,#595,.T.);
#320=ORIENTED_EDGE('',*,*,#627,.T.);
#321=ORIENTED_EDGE('',*,*,#605,.F.);
#322=ORIENTED_EDGE('',*,*,#603,.F.);
#323=ORIENTED_EDGE('',*,*,#601,.T.);
#324=ORIENTED_EDGE('',*,*,#628,.T.);
#325=ORIENTED_EDGE('',*,*,#597,.F.);
#326=ORIENTED_EDGE('',*,*,#629,.T.);
#327=ORIENTED_EDGE('',*,*,#630,.F.);
#328=ORIENTED_EDGE('',*,*,#620,.F.);
#329=ORIENTED_EDGE('',*,*,#618,.T.);
#330=ORIENTED_EDGE('',*,*,#616,.T.);
#331=ORIENTED_EDGE('',*,*,#614,.F.);
#332=ORIENTED_EDGE('',*,*,#612,.F.);
#333=ORIENTED_EDGE('',*,*,#610,.F.);
#334=ORIENTED_EDGE('',*,*,#607,.T.);
#335=ORIENTED_EDGE('',*,*,#631,.T.);
#336=ORIENTED_EDGE('',*,*,#629,.F.);
#337=ORIENTED_EDGE('',*,*,#599,.T.);
#338=ORIENTED_EDGE('',*,*,#580,.F.);
#339=ORIENTED_EDGE('',*,*,#632,.F.);
#340=ORIENTED_EDGE('',*,*,#621,.F.);
#341=ORIENTED_EDGE('',*,*,#630,.T.);
#342=ORIENTED_EDGE('',*,*,#632,.T.);
#343=ORIENTED_EDGE('',*,*,#579,.T.);
#344=ORIENTED_EDGE('',*,*,#631,.F.);
#345=ORIENTED_EDGE('',*,*,#609,.T.);
#346=ORIENTED_EDGE('',*,*,#571,.F.);
#347=ORIENTED_EDGE('',*,*,#633,.F.);
#348=ORIENTED_EDGE('',*,*,#596,.F.);
#349=ORIENTED_EDGE('',*,*,#626,.T.);
#350=ORIENTED_EDGE('',*,*,#633,.T.);
#351=ORIENTED_EDGE('',*,*,#570,.T.);
#352=ORIENTED_EDGE('',*,*,#582,.F.);
#353=ORIENTED_EDGE('',*,*,#598,.F.);
#354=ORIENTED_EDGE('',*,*,#628,.F.);
#355=ORIENTED_EDGE('',*,*,#600,.F.);
#356=ORIENTED_EDGE('',*,*,#586,.F.);
#357=ORIENTED_EDGE('',*,*,#606,.F.);
#358=ORIENTED_EDGE('',*,*,#627,.F.);
#359=ORIENTED_EDGE('',*,*,#594,.F.);
#360=ORIENTED_EDGE('',*,*,#634,.T.);
#361=ORIENTED_EDGE('',*,*,#635,.F.);
#362=ORIENTED_EDGE('',*,*,#566,.T.);
#363=ORIENTED_EDGE('',*,*,#635,.T.);
#364=ORIENTED_EDGE('',*,*,#636,.T.);
#365=ORIENTED_EDGE('',*,*,#637,.F.);
#366=ORIENTED_EDGE('',*,*,#593,.F.);
#367=ORIENTED_EDGE('',*,*,#636,.F.);
#368=ORIENTED_EDGE('',*,*,#638,.T.);
#369=ORIENTED_EDGE('',*,*,#639,.F.);
#370=ORIENTED_EDGE('',*,*,#567,.T.);
#371=ORIENTED_EDGE('',*,*,#639,.T.);
#372=ORIENTED_EDGE('',*,*,#640,.T.);
#373=ORIENTED_EDGE('',*,*,#641,.F.);
#374=ORIENTED_EDGE('',*,*,#568,.F.);
#375=ORIENTED_EDGE('',*,*,#640,.F.);
#376=ORIENTED_EDGE('',*,*,#642,.T.);
#377=ORIENTED_EDGE('',*,*,#643,.F.);
#378=ORIENTED_EDGE('',*,*,#592,.F.);
#379=ORIENTED_EDGE('',*,*,#642,.F.);
#380=ORIENTED_EDGE('',*,*,#644,.T.);
#381=ORIENTED_EDGE('',*,*,#645,.F.);
#382=ORIENTED_EDGE('',*,*,#591,.T.);
#383=ORIENTED_EDGE('',*,*,#645,.T.);
#384=ORIENTED_EDGE('',*,*,#646,.F.);
#385=ORIENTED_EDGE('',*,*,#634,.F.);
#386=ORIENTED_EDGE('',*,*,#646,.T.);
#387=ORIENTED_EDGE('',*,*,#647,.T.);
#388=ORIENTED_EDGE('',*,*,#637,.T.);
#389=ORIENTED_EDGE('',*,*,#647,.F.);
#390=ORIENTED_EDGE('',*,*,#648,.F.);
#391=ORIENTED_EDGE('',*,*,#638,.F.);
#392=ORIENTED_EDGE('',*,*,#648,.T.);
#393=ORIENTED_EDGE('',*,*,#649,.T.);
#394=ORIENTED_EDGE('',*,*,#641,.T.);
#395=ORIENTED_EDGE('',*,*,#649,.F.);
#396=ORIENTED_EDGE('',*,*,#650,.T.);
#397=ORIENTED_EDGE('',*,*,#643,.T.);
#398=ORIENTED_EDGE('',*,*,#650,.F.);
#399=ORIENTED_EDGE('',*,*,#651,.F.);
#400=ORIENTED_EDGE('',*,*,#644,.F.);
#401=ORIENTED_EDGE('',*,*,#651,.T.);
#402=ORIENTED_EDGE('',*,*,#538,.F.);
#403=ORIENTED_EDGE('',*,*,#625,.T.);
#404=ORIENTED_EDGE('',*,*,#540,.F.);
#405=ORIENTED_EDGE('',*,*,#624,.T.);
#406=ORIENTED_EDGE('',*,*,#542,.F.);
#407=ORIENTED_EDGE('',*,*,#623,.T.);
#408=ORIENTED_EDGE('',*,*,#544,.F.);
#409=ORIENTED_EDGE('',*,*,#622,.T.);
#410=ORIENTED_EDGE('',*,*,#652,.F.);
#411=ORIENTED_EDGE('',*,*,#550,.T.);
#412=ORIENTED_EDGE('',*,*,#536,.F.);
#413=ORIENTED_EDGE('',*,*,#652,.T.);
#414=ORIENTED_EDGE('',*,*,#653,.F.);
#415=ORIENTED_EDGE('',*,*,#558,.T.);
#416=ORIENTED_EDGE('',*,*,#534,.F.);
#417=ORIENTED_EDGE('',*,*,#653,.T.);
#418=ORIENTED_EDGE('',*,*,#654,.F.);
#419=ORIENTED_EDGE('',*,*,#559,.T.);
#420=ORIENTED_EDGE('',*,*,#532,.F.);
#421=ORIENTED_EDGE('',*,*,#654,.T.);
#422=ORIENTED_EDGE('',*,*,#655,.F.);
#423=ORIENTED_EDGE('',*,*,#560,.T.);
#424=ORIENTED_EDGE('',*,*,#530,.F.);
#425=ORIENTED_EDGE('',*,*,#655,.T.);
#426=ORIENTED_EDGE('',*,*,#656,.F.);
#427=ORIENTED_EDGE('',*,*,#561,.T.);
#428=ORIENTED_EDGE('',*,*,#528,.F.);
#429=ORIENTED_EDGE('',*,*,#656,.T.);
#430=ORIENTED_EDGE('',*,*,#657,.F.);
#431=ORIENTED_EDGE('',*,*,#565,.T.);
#432=ORIENTED_EDGE('',*,*,#526,.F.);
#433=ORIENTED_EDGE('',*,*,#657,.T.);
#434=ORIENTED_EDGE('',*,*,#658,.F.);
#435=ORIENTED_EDGE('',*,*,#551,.T.);
#436=ORIENTED_EDGE('',*,*,#524,.T.);
#437=ORIENTED_EDGE('',*,*,#658,.T.);
#438=ORIENTED_EDGE('',*,*,#659,.F.);
#439=ORIENTED_EDGE('',*,*,#557,.T.);
#440=ORIENTED_EDGE('',*,*,#522,.F.);
#441=ORIENTED_EDGE('',*,*,#659,.T.);
#442=ORIENTED_EDGE('',*,*,#660,.F.);
#443=ORIENTED_EDGE('',*,*,#556,.T.);
#444=ORIENTED_EDGE('',*,*,#520,.F.);
#445=ORIENTED_EDGE('',*,*,#660,.T.);
#446=ORIENTED_EDGE('',*,*,#661,.F.);
#447=ORIENTED_EDGE('',*,*,#564,.T.);
#448=ORIENTED_EDGE('',*,*,#518,.F.);
#449=ORIENTED_EDGE('',*,*,#661,.T.);
#450=ORIENTED_EDGE('',*,*,#662,.F.);
#451=ORIENTED_EDGE('',*,*,#563,.T.);
#452=ORIENTED_EDGE('',*,*,#516,.F.);
#453=ORIENTED_EDGE('',*,*,#662,.T.);
#454=ORIENTED_EDGE('',*,*,#663,.F.);
#455=ORIENTED_EDGE('',*,*,#555,.T.);
#456=ORIENTED_EDGE('',*,*,#514,.T.);
#457=ORIENTED_EDGE('',*,*,#663,.T.);
#458=ORIENTED_EDGE('',*,*,#664,.F.);
#459=ORIENTED_EDGE('',*,*,#553,.T.);
#460=ORIENTED_EDGE('',*,*,#512,.F.);
#461=ORIENTED_EDGE('',*,*,#664,.T.);
#462=ORIENTED_EDGE('',*,*,#665,.F.);
#463=ORIENTED_EDGE('',*,*,#552,.T.);
#464=ORIENTED_EDGE('',*,*,#510,.F.);
#465=ORIENTED_EDGE('',*,*,#665,.T.);
#466=ORIENTED_EDGE('',*,*,#666,.F.);
#467=ORIENTED_EDGE('',*,*,#562,.T.);
#468=ORIENTED_EDGE('',*,*,#508,.F.);
#469=ORIENTED_EDGE('',*,*,#666,.T.);
#470=ORIENTED_EDGE('',*,*,#667,.F.);
#471=ORIENTED_EDGE('',*,*,#554,.T.);
#472=ORIENTED_EDGE('',*,*,#547,.F.);
#473=ORIENTED_EDGE('',*,*,#667,.T.);
#474=ORIENTED_EDGE('',*,*,#545,.T.);
#475=ORIENTED_EDGE('',*,*,#543,.T.);
#476=ORIENTED_EDGE('',*,*,#541,.T.);
#477=ORIENTED_EDGE('',*,*,#539,.T.);
#478=ORIENTED_EDGE('',*,*,#537,.T.);
#479=ORIENTED_EDGE('',*,*,#535,.T.);
#480=ORIENTED_EDGE('',*,*,#533,.T.);
#481=ORIENTED_EDGE('',*,*,#531,.T.);
#482=ORIENTED_EDGE('',*,*,#529,.T.);
#483=ORIENTED_EDGE('',*,*,#527,.T.);
#484=ORIENTED_EDGE('',*,*,#525,.T.);
#485=ORIENTED_EDGE('',*,*,#523,.T.);
#486=ORIENTED_EDGE('',*,*,#521,.T.);
#487=ORIENTED_EDGE('',*,*,#519,.T.);
#488=ORIENTED_EDGE('',*,*,#517,.F.);
#489=ORIENTED_EDGE('',*,*,#515,.T.);
#490=ORIENTED_EDGE('',*,*,#513,.T.);
#491=ORIENTED_EDGE('',*,*,#511,.T.);
#492=ORIENTED_EDGE('',*,*,#509,.F.);
#493=ORIENTED_EDGE('',*,*,#546,.T.);
#494=ORIENTED_EDGE('',*,*,#668,.F.);
#495=ORIENTED_EDGE('',*,*,#549,.T.);
#496=ORIENTED_EDGE('',*,*,#669,.F.);
#497=ORIENTED_EDGE('',*,*,#668,.T.);
#498=ORIENTED_EDGE('',*,*,#670,.F.);
#499=ORIENTED_EDGE('',*,*,#548,.T.);
#500=ORIENTED_EDGE('',*,*,#671,.F.);
#501=ORIENTED_EDGE('',*,*,#670,.T.);
#502=ORIENTED_EDGE('',*,*,#672,.T.);
#503=ORIENTED_EDGE('',*,*,#672,.F.);
#504=ORIENTED_EDGE('',*,*,#669,.T.);
#505=ORIENTED_EDGE('',*,*,#673,.T.);
#506=ORIENTED_EDGE('',*,*,#673,.F.);
#507=ORIENTED_EDGE('',*,*,#671,.T.);
#508=EDGE_CURVE('',#674,#674,#822,.F.);
#509=EDGE_CURVE('',#675,#675,#823,.T.);
#510=EDGE_CURVE('',#676,#676,#824,.T.);
#511=EDGE_CURVE('',#677,#677,#825,.T.);
#512=EDGE_CURVE('',#678,#678,#826,.T.);
#513=EDGE_CURVE('',#679,#679,#827,.T.);
#514=EDGE_CURVE('',#680,#680,#828,.T.);
#515=EDGE_CURVE('',#681,#681,#829,.F.);
#516=EDGE_CURVE('',#682,#682,#830,.T.);
#517=EDGE_CURVE('',#683,#683,#831,.T.);
#518=EDGE_CURVE('',#684,#684,#832,.T.);
#519=EDGE_CURVE('',#685,#685,#833,.T.);
#520=EDGE_CURVE('',#686,#686,#834,.T.);
#521=EDGE_CURVE('',#687,#687,#835,.T.);
#522=EDGE_CURVE('',#688,#688,#836,.T.);
#523=EDGE_CURVE('',#689,#689,#837,.T.);
#524=EDGE_CURVE('',#690,#690,#838,.T.);
#525=EDGE_CURVE('',#691,#691,#839,.F.);
#526=EDGE_CURVE('',#692,#692,#840,.T.);
#527=EDGE_CURVE('',#693,#693,#841,.F.);
#528=EDGE_CURVE('',#694,#694,#842,.T.);
#529=EDGE_CURVE('',#695,#695,#843,.F.);
#530=EDGE_CURVE('',#696,#696,#844,.T.);
#531=EDGE_CURVE('',#697,#697,#845,.F.);
#532=EDGE_CURVE('',#698,#698,#846,.T.);
#533=EDGE_CURVE('',#699,#699,#847,.F.);
#534=EDGE_CURVE('',#700,#700,#848,.T.);
#535=EDGE_CURVE('',#701,#701,#849,.F.);
#536=EDGE_CURVE('',#702,#702,#850,.T.);
#537=EDGE_CURVE('',#703,#703,#851,.F.);
#538=EDGE_CURVE('',#704,#704,#852,.T.);
#539=EDGE_CURVE('',#705,#705,#853,.F.);
#540=EDGE_CURVE('',#706,#706,#854,.T.);
#541=EDGE_CURVE('',#707,#707,#855,.F.);
#542=EDGE_CURVE('',#708,#708,#856,.T.);
#543=EDGE_CURVE('',#709,#709,#857,.F.);
#544=EDGE_CURVE('',#710,#710,#858,.T.);
#545=EDGE_CURVE('',#711,#711,#859,.F.);
#546=EDGE_CURVE('',#712,#712,#860,.F.);
#547=EDGE_CURVE('',#713,#713,#861,.F.);
#548=EDGE_CURVE('',#714,#714,#862,.T.);
#549=EDGE_CURVE('',#715,#715,#863,.T.);
#550=EDGE_CURVE('',#716,#716,#864,.T.);
#551=EDGE_CURVE('',#717,#717,#865,.T.);
#552=EDGE_CURVE('',#718,#718,#866,.T.);
#553=EDGE_CURVE('',#719,#719,#867,.T.);
#554=EDGE_CURVE('',#720,#720,#868,.T.);
#555=EDGE_CURVE('',#721,#721,#869,.T.);
#556=EDGE_CURVE('',#722,#722,#870,.T.);
#557=EDGE_CURVE('',#723,#723,#871,.T.);
#558=EDGE_CURVE('',#724,#724,#872,.T.);
#559=EDGE_CURVE('',#725,#725,#873,.T.);
#560=EDGE_CURVE('',#726,#726,#874,.T.);
#561=EDGE_CURVE('',#727,#727,#875,.T.);
#562=EDGE_CURVE('',#728,#728,#876,.T.);
#563=EDGE_CURVE('',#729,#729,#877,.T.);
#564=EDGE_CURVE('',#730,#730,#878,.T.);
#565=EDGE_CURVE('',#731,#731,#879,.T.);
#566=EDGE_CURVE('',#732,#732,#880,.T.);
#567=EDGE_CURVE('',#733,#733,#881,.T.);
#568=EDGE_CURVE('',#734,#734,#882,.F.);
#569=EDGE_CURVE('',#735,#736,#12,.T.);
#570=EDGE_CURVE('',#737,#735,#13,.T.);
#571=EDGE_CURVE('',#737,#738,#883,.T.);
#572=EDGE_CURVE('',#739,#738,#14,.T.);
#573=EDGE_CURVE('',#739,#740,#15,.T.);
#574=EDGE_CURVE('',#740,#741,#16,.T.);
#575=EDGE_CURVE('',#741,#742,#17,.T.);
#576=EDGE_CURVE('',#743,#742,#18,.T.);
#577=EDGE_CURVE('',#744,#743,#19,.T.);
#578=EDGE_CURVE('',#744,#745,#20,.T.);
#579=EDGE_CURVE('',#746,#745,#884,.T.);
#580=EDGE_CURVE('',#746,#747,#21,.T.);
#581=EDGE_CURVE('',#747,#748,#22,.T.);
#582=EDGE_CURVE('',#748,#749,#885,.F.);
#583=EDGE_CURVE('',#750,#749,#23,.T.);
#584=EDGE_CURVE('',#750,#751,#24,.T.);
#585=EDGE_CURVE('',#751,#752,#25,.T.);
#586=EDGE_CURVE('',#752,#736,#886,.F.);
#587=EDGE_CURVE('',#753,#753,#887,.T.);
#588=EDGE_CURVE('',#754,#754,#888,.T.);
#589=EDGE_CURVE('',#755,#755,#889,.T.);
#590=EDGE_CURVE('',#756,#756,#890,.T.);
#591=EDGE_CURVE('',#757,#757,#891,.T.);
#592=EDGE_CURVE('',#758,#758,#892,.F.);
#593=EDGE_CURVE('',#759,#759,#893,.F.);
#594=EDGE_CURVE('',#736,#760,#26,.T.);
#595=EDGE_CURVE('',#761,#760,#27,.T.);
#596=EDGE_CURVE('',#761,#735,#28,.T.);
#597=EDGE_CURVE('',#762,#763,#29,.T.);
#598=EDGE_CURVE('',#763,#748,#30,.F.);
#599=EDGE_CURVE('',#762,#747,#31,.T.);
#600=EDGE_CURVE('',#749,#764,#32,.T.);
#601=EDGE_CURVE('',#765,#764,#33,.T.);
#602=EDGE_CURVE('',#750,#765,#34,.T.);
#603=EDGE_CURVE('',#765,#766,#35,.T.);
#604=EDGE_CURVE('',#751,#766,#36,.T.);
#605=EDGE_CURVE('',#766,#767,#37,.T.);
#606=EDGE_CURVE('',#767,#752,#38,.F.);
#607=EDGE_CURVE('',#768,#769,#39,.T.);
#608=EDGE_CURVE('',#739,#768,#40,.T.);
#609=EDGE_CURVE('',#769,#738,#41,.T.);
#610=EDGE_CURVE('',#768,#770,#42,.T.);
#611=EDGE_CURVE('',#740,#770,#43,.T.);
#612=EDGE_CURVE('',#770,#771,#44,.T.);
#613=EDGE_CURVE('',#741,#771,#45,.T.);
#614=EDGE_CURVE('',#771,#772,#46,.T.);
#615=EDGE_CURVE('',#742,#772,#47,.T.);
#616=EDGE_CURVE('',#773,#772,#48,.T.);
#617=EDGE_CURVE('',#743,#773,#49,.T.);
#618=EDGE_CURVE('',#774,#773,#50,.T.);
#619=EDGE_CURVE('',#744,#774,#51,.T.);
#620=EDGE_CURVE('',#774,#775,#52,.T.);
#621=EDGE_CURVE('',#775,#745,#53,.T.);
#622=EDGE_CURVE('',#776,#776,#894,.T.);
#623=EDGE_CURVE('',#777,#777,#895,.T.);
#624=EDGE_CURVE('',#778,#778,#896,.T.);
#625=EDGE_CURVE('',#779,#779,#897,.T.);
#626=EDGE_CURVE('',#761,#780,#54,.T.);
#627=EDGE_CURVE('',#760,#767,#898,.T.);
#628=EDGE_CURVE('',#764,#763,#899,.T.);
#629=EDGE_CURVE('',#762,#781,#55,.T.);
#630=EDGE_CURVE('',#775,#781,#900,.T.);
#631=EDGE_CURVE('',#769,#780,#901,.F.);
#632=EDGE_CURVE('',#781,#746,#56,.T.);
#633=EDGE_CURVE('',#780,#737,#57,.T.);
#634=EDGE_CURVE('',#782,#782,#902,.T.);
#635=EDGE_CURVE('',#783,#783,#903,.T.);
#636=EDGE_CURVE('',#784,#784,#904,.T.);
#637=EDGE_CURVE('',#785,#785,#905,.T.);
#638=EDGE_CURVE('',#786,#786,#906,.T.);
#639=EDGE_CURVE('',#787,#787,#907,.T.);
#640=EDGE_CURVE('',#788,#788,#908,.T.);
#641=EDGE_CURVE('',#789,#789,#909,.T.);
#642=EDGE_CURVE('',#790,#790,#910,.T.);
#643=EDGE_CURVE('',#791,#791,#911,.T.);
#644=EDGE_CURVE('',#792,#792,#912,.T.);
#645=EDGE_CURVE('',#793,#793,#913,.T.);
#646=EDGE_CURVE('',#794,#794,#914,.T.);
#647=EDGE_CURVE('',#795,#795,#915,.T.);
#648=EDGE_CURVE('',#796,#796,#916,.T.);
#649=EDGE_CURVE('',#797,#797,#917,.T.);
#650=EDGE_CURVE('',#798,#798,#918,.T.);
#651=EDGE_CURVE('',#799,#799,#919,.T.);
#652=EDGE_CURVE('',#800,#800,#920,.T.);
#653=EDGE_CURVE('',#801,#801,#921,.T.);
#654=EDGE_CURVE('',#802,#802,#922,.T.);
#655=EDGE_CURVE('',#803,#803,#923,.T.);
#656=EDGE_CURVE('',#804,#804,#924,.T.);
#657=EDGE_CURVE('',#805,#805,#925,.T.);
#658=EDGE_CURVE('',#806,#806,#926,.T.);
#659=EDGE_CURVE('',#807,#807,#927,.T.);
#660=EDGE_CURVE('',#808,#808,#928,.T.);
#661=EDGE_CURVE('',#809,#809,#929,.T.);
#662=EDGE_CURVE('',#810,#810,#930,.T.);
#663=EDGE_CURVE('',#811,#811,#931,.T.);
#664=EDGE_CURVE('',#812,#812,#932,.T.);
#665=EDGE_CURVE('',#813,#813,#933,.T.);
#666=EDGE_CURVE('',#814,#814,#934,.T.);
#667=EDGE_CURVE('',#815,#815,#935,.T.);
#668=EDGE_CURVE('',#816,#816,#936,.T.);
#669=EDGE_CURVE('',#817,#817,#937,.T.);
#670=EDGE_CURVE('',#818,#818,#938,.T.);
#671=EDGE_CURVE('',#819,#819,#939,.T.);
#672=EDGE_CURVE('',#820,#820,#940,.T.);
#673=EDGE_CURVE('',#821,#821,#941,.T.);
#674=VERTEX_POINT('',#2442);
#675=VERTEX_POINT('',#2444);
#676=VERTEX_POINT('',#2447);
#677=VERTEX_POINT('',#2449);
#678=VERTEX_POINT('',#2452);
#679=VERTEX_POINT('',#2454);
#680=VERTEX_POINT('',#2457);
#681=VERTEX_POINT('',#2459);
#682=VERTEX_POINT('',#2462);
#683=VERTEX_POINT('',#2464);
#684=VERTEX_POINT('',#2467);
#685=VERTEX_POINT('',#2469);
#686=VERTEX_POINT('',#2472);
#687=VERTEX_POINT('',#2474);
#688=VERTEX_POINT('',#2477);
#689=VERTEX_POINT('',#2479);
#690=VERTEX_POINT('',#2482);
#691=VERTEX_POINT('',#2484);
#692=VERTEX_POINT('',#2487);
#693=VERTEX_POINT('',#2489);
#694=VERTEX_POINT('',#2492);
#695=VERTEX_POINT('',#2494);
#696=VERTEX_POINT('',#2497);
#697=VERTEX_POINT('',#2499);
#698=VERTEX_POINT('',#2502);
#699=VERTEX_POINT('',#2504);
#700=VERTEX_POINT('',#2507);
#701=VERTEX_POINT('',#2509);
#702=VERTEX_POINT('',#2512);
#703=VERTEX_POINT('',#2514);
#704=VERTEX_POINT('',#2517);
#705=VERTEX_POINT('',#2519);
#706=VERTEX_POINT('',#2522);
#707=VERTEX_POINT('',#2524);
#708=VERTEX_POINT('',#2527);
#709=VERTEX_POINT('',#2529);
#710=VERTEX_POINT('',#2532);
#711=VERTEX_POINT('',#2534);
#712=VERTEX_POINT('',#2537);
#713=VERTEX_POINT('',#2539);
#714=VERTEX_POINT('',#2542);
#715=VERTEX_POINT('',#2544);
#716=VERTEX_POINT('',#2546);
#717=VERTEX_POINT('',#2548);
#718=VERTEX_POINT('',#2550);
#719=VERTEX_POINT('',#2552);
#720=VERTEX_POINT('',#2554);
#721=VERTEX_POINT('',#2556);
#722=VERTEX_POINT('',#2558);
#723=VERTEX_POINT('',#2560);
#724=VERTEX_POINT('',#2562);
#725=VERTEX_POINT('',#2564);
#726=VERTEX_POINT('',#2566);
#727=VERTEX_POINT('',#2568);
#728=VERTEX_POINT('',#2570);
#729=VERTEX_POINT('',#2572);
#730=VERTEX_POINT('',#2574);
#731=VERTEX_POINT('',#2576);
#732=VERTEX_POINT('',#2578);
#733=VERTEX_POINT('',#2580);
#734=VERTEX_POINT('',#2582);
#735=VERTEX_POINT('',#2584);
#736=VERTEX_POINT('',#2585);
#737=VERTEX_POINT('',#2587);
#738=VERTEX_POINT('',#2589);
#739=VERTEX_POINT('',#2591);
#740=VERTEX_POINT('',#2593);
#741=VERTEX_POINT('',#2595);
#742=VERTEX_POINT('',#2597);
#743=VERTEX_POINT('',#2599);
#744=VERTEX_POINT('',#2601);
#745=VERTEX_POINT('',#2603);
#746=VERTEX_POINT('',#2605);
#747=VERTEX_POINT('',#2607);
#748=VERTEX_POINT('',#2609);
#749=VERTEX_POINT('',#2611);
#750=VERTEX_POINT('',#2613);
#751=VERTEX_POINT('',#2615);
#752=VERTEX_POINT('',#2617);
#753=VERTEX_POINT('',#2620);
#754=VERTEX_POINT('',#2622);
#755=VERTEX_POINT('',#2624);
#756=VERTEX_POINT('',#2626);
#757=VERTEX_POINT('',#2628);
#758=VERTEX_POINT('',#2630);
#759=VERTEX_POINT('',#2632);
#760=VERTEX_POINT('',#2635);
#761=VERTEX_POINT('',#2637);
#762=VERTEX_POINT('',#2641);
#763=VERTEX_POINT('',#2642);
#764=VERTEX_POINT('',#2647);
#765=VERTEX_POINT('',#2649);
#766=VERTEX_POINT('',#2653);
#767=VERTEX_POINT('',#2657);
#768=VERTEX_POINT('',#2661);
#769=VERTEX_POINT('',#2662);
#770=VERTEX_POINT('',#2667);
#771=VERTEX_POINT('',#2671);
#772=VERTEX_POINT('',#2675);
#773=VERTEX_POINT('',#2679);
#774=VERTEX_POINT('',#2683);
#775=VERTEX_POINT('',#2687);
#776=VERTEX_POINT('',#2691);
#777=VERTEX_POINT('',#2694);
#778=VERTEX_POINT('',#2697);
#779=VERTEX_POINT('',#2700);
#780=VERTEX_POINT('',#2703);
#781=VERTEX_POINT('',#2707);
#782=VERTEX_POINT('',#2720);
#783=VERTEX_POINT('',#2722);
#784=VERTEX_POINT('',#2726);
#785=VERTEX_POINT('',#2728);
#786=VERTEX_POINT('',#2732);
#787=VERTEX_POINT('',#2734);
#788=VERTEX_POINT('',#2738);
#789=VERTEX_POINT('',#2740);
#790=VERTEX_POINT('',#2744);
#791=VERTEX_POINT('',#2746);
#792=VERTEX_POINT('',#2750);
#793=VERTEX_POINT('',#2752);
#794=VERTEX_POINT('',#2756);
#795=VERTEX_POINT('',#2760);
#796=VERTEX_POINT('',#2764);
#797=VERTEX_POINT('',#2768);
#798=VERTEX_POINT('',#2772);
#799=VERTEX_POINT('',#2776);
#800=VERTEX_POINT('',#2784);
#801=VERTEX_POINT('',#2788);
#802=VERTEX_POINT('',#2792);
#803=VERTEX_POINT('',#2796);
#804=VERTEX_POINT('',#2800);
#805=VERTEX_POINT('',#2804);
#806=VERTEX_POINT('',#2808);
#807=VERTEX_POINT('',#2812);
#808=VERTEX_POINT('',#2816);
#809=VERTEX_POINT('',#2820);
#810=VERTEX_POINT('',#2824);
#811=VERTEX_POINT('',#2828);
#812=VERTEX_POINT('',#2832);
#813=VERTEX_POINT('',#2836);
#814=VERTEX_POINT('',#2840);
#815=VERTEX_POINT('',#2844);
#816=VERTEX_POINT('',#2868);
#817=VERTEX_POINT('',#2871);
#818=VERTEX_POINT('',#2874);
#819=VERTEX_POINT('',#2877);
#820=VERTEX_POINT('',#2880);
#821=VERTEX_POINT('',#2884);
#822=CIRCLE('',#1636,0.00244993827659951);
#823=CIRCLE('',#1637,0.00244993827659951);
#824=CIRCLE('',#1639,0.00245);
#825=CIRCLE('',#1640,0.00245);
#826=CIRCLE('',#1642,0.00245);
#827=CIRCLE('',#1643,0.00245);
#828=CIRCLE('',#1645,0.00245);
#829=CIRCLE('',#1646,0.00245);
#830=CIRCLE('',#1648,0.00245000000000006);
#831=CIRCLE('',#1649,0.00245000000000006);
#832=CIRCLE('',#1651,0.00245000000000006);
#833=CIRCLE('',#1652,0.00245000000000006);
#834=CIRCLE('',#1654,0.00245);
#835=CIRCLE('',#1655,0.00245);
#836=CIRCLE('',#1657,0.00245);
#837=CIRCLE('',#1658,0.00245);
#838=CIRCLE('',#1660,0.00245);
#839=CIRCLE('',#1661,0.00245);
#840=CIRCLE('',#1663,0.00205);
#841=CIRCLE('',#1664,0.00205);
#842=CIRCLE('',#1666,0.00205);
#843=CIRCLE('',#1667,0.00205);
#844=CIRCLE('',#1669,0.00205);
#845=CIRCLE('',#1670,0.00205);
#846=CIRCLE('',#1672,0.00205);
#847=CIRCLE('',#1673,0.00205);
#848=CIRCLE('',#1675,0.00205);
#849=CIRCLE('',#1676,0.00205);
#850=CIRCLE('',#1678,0.00205);
#851=CIRCLE('',#1679,0.00205);
#852=CIRCLE('',#1681,0.00245);
#853=CIRCLE('',#1682,0.00245);
#854=CIRCLE('',#1684,0.00245);
#855=CIRCLE('',#1685,0.00245);
#856=CIRCLE('',#1687,0.00245);
#857=CIRCLE('',#1688,0.00245);
#858=CIRCLE('',#1690,0.00245);
#859=CIRCLE('',#1691,0.00245);
#860=CIRCLE('',#1693,0.0024499382765995);
#861=CIRCLE('',#1694,0.0024499382765995);
#862=CIRCLE('',#1696,0.0024);
#863=CIRCLE('',#1697,0.0024);
#864=CIRCLE('',#1698,0.0024);
#865=CIRCLE('',#1699,0.00275);
#866=CIRCLE('',#1700,0.00275);
#867=CIRCLE('',#1701,0.00275);
#868=CIRCLE('',#1702,0.00275);
#869=CIRCLE('',#1703,0.00275);
#870=CIRCLE('',#1704,0.00275);
#871=CIRCLE('',#1705,0.00275);
#872=CIRCLE('',#1706,0.0024);
#873=CIRCLE('',#1707,0.0024);
#874=CIRCLE('',#1708,0.0024);
#875=CIRCLE('',#1709,0.0024);
#876=CIRCLE('',#1710,0.00275);
#877=CIRCLE('',#1711,0.00275);
#878=CIRCLE('',#1712,0.00275);
#879=CIRCLE('',#1713,0.0024);
#880=CIRCLE('',#1714,0.00275);
#881=CIRCLE('',#1715,0.00275);
#882=CIRCLE('',#1716,0.00275);
#883=CIRCLE('',#1717,0.01);
#884=CIRCLE('',#1718,0.01);
#885=CIRCLE('',#1719,0.01);
#886=CIRCLE('',#1720,0.01);
#887=CIRCLE('',#1721,0.00275);
#888=CIRCLE('',#1722,0.00275);
#889=CIRCLE('',#1723,0.00275);
#890=CIRCLE('',#1724,0.00275);
#891=CIRCLE('',#1725,0.00275);
#892=CIRCLE('',#1726,0.00275);
#893=CIRCLE('',#1727,0.00275);
#894=CIRCLE('',#1741,0.00275);
#895=CIRCLE('',#1743,0.00275);
#896=CIRCLE('',#1745,0.00275);
#897=CIRCLE('',#1747,0.00275);
#898=CIRCLE('',#1749,0.01);
#899=CIRCLE('',#1750,0.01);
#900=CIRCLE('',#1751,0.01);
#901=CIRCLE('',#1752,0.01);
#902=CIRCLE('',#1760,0.00245);
#903=CIRCLE('',#1761,0.00275);
#904=CIRCLE('',#1764,0.00275);
#905=CIRCLE('',#1765,0.00245);
#906=CIRCLE('',#1768,0.00245);
#907=CIRCLE('',#1769,0.00275);
#908=CIRCLE('',#1772,0.00275);
#909=CIRCLE('',#1773,0.00245);
#910=CIRCLE('',#1776,0.00275);
#911=CIRCLE('',#1777,0.00245);
#912=CIRCLE('',#1780,0.00245);
#913=CIRCLE('',#1781,0.00275);
#914=CIRCLE('',#1784,0.00245);
#915=CIRCLE('',#1787,0.00245);
#916=CIRCLE('',#1790,0.00245);
#917=CIRCLE('',#1793,0.00245);
#918=CIRCLE('',#1796,0.00245);
#919=CIRCLE('',#1799,0.00245);
#920=CIRCLE('',#1806,0.0024);
#921=CIRCLE('',#1809,0.0024);
#922=CIRCLE('',#1812,0.0024);
#923=CIRCLE('',#1815,0.0024);
#924=CIRCLE('',#1818,0.0024);
#925=CIRCLE('',#1821,0.0024);
#926=CIRCLE('',#1824,0.00275);
#927=CIRCLE('',#1827,0.00275);
#928=CIRCLE('',#1830,0.00275);
#929=CIRCLE('',#1833,0.00275);
#930=CIRCLE('',#1836,0.00275);
#931=CIRCLE('',#1839,0.00275);
#932=CIRCLE('',#1842,0.00275);
#933=CIRCLE('',#1845,0.00275);
#934=CIRCLE('',#1848,0.00275);
#935=CIRCLE('',#1851,0.00275);
#936=CIRCLE('',#1874,0.0024);
#937=CIRCLE('',#1876,0.00205);
#938=CIRCLE('',#1878,0.0024);
#939=CIRCLE('',#1880,0.00205);
#940=CIRCLE('',#1882,0.00205);
#941=CIRCLE('',#1885,0.00205);
#942=EDGE_LOOP('',(#176));
#943=EDGE_LOOP('',(#177));
#944=EDGE_LOOP('',(#178));
#945=EDGE_LOOP('',(#179));
#946=EDGE_LOOP('',(#180));
#947=EDGE_LOOP('',(#181));
#948=EDGE_LOOP('',(#182));
#949=EDGE_LOOP('',(#183));
#950=EDGE_LOOP('',(#184));
#951=EDGE_LOOP('',(#185));
#952=EDGE_LOOP('',(#186));
#953=EDGE_LOOP('',(#187));
#954=EDGE_LOOP('',(#188));
#955=EDGE_LOOP('',(#189));
#956=EDGE_LOOP('',(#190));
#957=EDGE_LOOP('',(#191));
#958=EDGE_LOOP('',(#192));
#959=EDGE_LOOP('',(#193));
#960=EDGE_LOOP('',(#194));
#961=EDGE_LOOP('',(#195));
#962=EDGE_LOOP('',(#196));
#963=EDGE_LOOP('',(#197));
#964=EDGE_LOOP('',(#198));
#965=EDGE_LOOP('',(#199));
#966=EDGE_LOOP('',(#200));
#967=EDGE_LOOP('',(#201));
#968=EDGE_LOOP('',(#202));
#969=EDGE_LOOP('',(#203));
#970=EDGE_LOOP('',(#204));
#971=EDGE_LOOP('',(#205));
#972=EDGE_LOOP('',(#206));
#973=EDGE_LOOP('',(#207));
#974=EDGE_LOOP('',(#208));
#975=EDGE_LOOP('',(#209));
#976=EDGE_LOOP('',(#210));
#977=EDGE_LOOP('',(#211));
#978=EDGE_LOOP('',(#212));
#979=EDGE_LOOP('',(#213));
#980=EDGE_LOOP('',(#214));
#981=EDGE_LOOP('',(#215));
#982=EDGE_LOOP('',(#216));
#983=EDGE_LOOP('',(#217));
#984=EDGE_LOOP('',(#218));
#985=EDGE_LOOP('',(#219));
#986=EDGE_LOOP('',(#220));
#987=EDGE_LOOP('',(#221));
#988=EDGE_LOOP('',(#222));
#989=EDGE_LOOP('',(#223));
#990=EDGE_LOOP('',(#224));
#991=EDGE_LOOP('',(#225));
#992=EDGE_LOOP('',(#226));
#993=EDGE_LOOP('',(#227));
#994=EDGE_LOOP('',(#228));
#995=EDGE_LOOP('',(#229));
#996=EDGE_LOOP('',(#230));
#997=EDGE_LOOP('',(#231));
#998=EDGE_LOOP('',(#232));
#999=EDGE_LOOP('',(#233));
#1000=EDGE_LOOP('',(#234));
#1001=EDGE_LOOP('',(#235));
#1002=EDGE_LOOP('',(#236));
#1003=EDGE_LOOP('',(#237,#238,#239,#240,#241,#242,#243,#244,#245,#246,#247,
#248,#249,#250,#251,#252,#253,#254));
#1004=EDGE_LOOP('',(#255));
#1005=EDGE_LOOP('',(#256));
#1006=EDGE_LOOP('',(#257));
#1007=EDGE_LOOP('',(#258));
#1008=EDGE_LOOP('',(#259));
#1009=EDGE_LOOP('',(#260));
#1010=EDGE_LOOP('',(#261));
#1011=EDGE_LOOP('',(#262,#263,#264,#265));
#1012=EDGE_LOOP('',(#266,#267,#268,#269));
#1013=EDGE_LOOP('',(#270,#271,#272,#273));
#1014=EDGE_LOOP('',(#274,#275,#276,#277));
#1015=EDGE_LOOP('',(#278,#279,#280,#281));
#1016=EDGE_LOOP('',(#282,#283,#284,#285));
#1017=EDGE_LOOP('',(#286,#287,#288,#289));
#1018=EDGE_LOOP('',(#290,#291,#292,#293));
#1019=EDGE_LOOP('',(#294,#295,#296,#297));
#1020=EDGE_LOOP('',(#298,#299,#300,#301));
#1021=EDGE_LOOP('',(#302,#303,#304,#305));
#1022=EDGE_LOOP('',(#306,#307,#308,#309));
#1023=EDGE_LOOP('',(#310));
#1024=EDGE_LOOP('',(#311));
#1025=EDGE_LOOP('',(#312));
#1026=EDGE_LOOP('',(#313));
#1027=EDGE_LOOP('',(#314));
#1028=EDGE_LOOP('',(#315));
#1029=EDGE_LOOP('',(#316));
#1030=EDGE_LOOP('',(#317));
#1031=EDGE_LOOP('',(#318,#319,#320,#321,#322,#323,#324,#325,#326,#327,#328,
#329,#330,#331,#332,#333,#334,#335));
#1032=EDGE_LOOP('',(#336,#337,#338,#339));
#1033=EDGE_LOOP('',(#340,#341,#342,#343));
#1034=EDGE_LOOP('',(#344,#345,#346,#347));
#1035=EDGE_LOOP('',(#348,#349,#350,#351));
#1036=EDGE_LOOP('',(#352,#353,#354,#355));
#1037=EDGE_LOOP('',(#356,#357,#358,#359));
#1038=EDGE_LOOP('',(#360));
#1039=EDGE_LOOP('',(#361));
#1040=EDGE_LOOP('',(#362));
#1041=EDGE_LOOP('',(#363));
#1042=EDGE_LOOP('',(#364));
#1043=EDGE_LOOP('',(#365));
#1044=EDGE_LOOP('',(#366));
#1045=EDGE_LOOP('',(#367));
#1046=EDGE_LOOP('',(#368));
#1047=EDGE_LOOP('',(#369));
#1048=EDGE_LOOP('',(#370));
#1049=EDGE_LOOP('',(#371));
#1050=EDGE_LOOP('',(#372));
#1051=EDGE_LOOP('',(#373));
#1052=EDGE_LOOP('',(#374));
#1053=EDGE_LOOP('',(#375));
#1054=EDGE_LOOP('',(#376));
#1055=EDGE_LOOP('',(#377));
#1056=EDGE_LOOP('',(#378));
#1057=EDGE_LOOP('',(#379));
#1058=EDGE_LOOP('',(#380));
#1059=EDGE_LOOP('',(#381));
#1060=EDGE_LOOP('',(#382));
#1061=EDGE_LOOP('',(#383));
#1062=EDGE_LOOP('',(#384));
#1063=EDGE_LOOP('',(#385));
#1064=EDGE_LOOP('',(#386));
#1065=EDGE_LOOP('',(#387));
#1066=EDGE_LOOP('',(#388));
#1067=EDGE_LOOP('',(#389));
#1068=EDGE_LOOP('',(#390));
#1069=EDGE_LOOP('',(#391));
#1070=EDGE_LOOP('',(#392));
#1071=EDGE_LOOP('',(#393));
#1072=EDGE_LOOP('',(#394));
#1073=EDGE_LOOP('',(#395));
#1074=EDGE_LOOP('',(#396));
#1075=EDGE_LOOP('',(#397));
#1076=EDGE_LOOP('',(#398));
#1077=EDGE_LOOP('',(#399));
#1078=EDGE_LOOP('',(#400));
#1079=EDGE_LOOP('',(#401));
#1080=EDGE_LOOP('',(#402));
#1081=EDGE_LOOP('',(#403));
#1082=EDGE_LOOP('',(#404));
#1083=EDGE_LOOP('',(#405));
#1084=EDGE_LOOP('',(#406));
#1085=EDGE_LOOP('',(#407));
#1086=EDGE_LOOP('',(#408));
#1087=EDGE_LOOP('',(#409));
#1088=EDGE_LOOP('',(#410));
#1089=EDGE_LOOP('',(#411));
#1090=EDGE_LOOP('',(#412));
#1091=EDGE_LOOP('',(#413));
#1092=EDGE_LOOP('',(#414));
#1093=EDGE_LOOP('',(#415));
#1094=EDGE_LOOP('',(#416));
#1095=EDGE_LOOP('',(#417));
#1096=EDGE_LOOP('',(#418));
#1097=EDGE_LOOP('',(#419));
#1098=EDGE_LOOP('',(#420));
#1099=EDGE_LOOP('',(#421));
#1100=EDGE_LOOP('',(#422));
#1101=EDGE_LOOP('',(#423));
#1102=EDGE_LOOP('',(#424));
#1103=EDGE_LOOP('',(#425));
#1104=EDGE_LOOP('',(#426));
#1105=EDGE_LOOP('',(#427));
#1106=EDGE_LOOP('',(#428));
#1107=EDGE_LOOP('',(#429));
#1108=EDGE_LOOP('',(#430));
#1109=EDGE_LOOP('',(#431));
#1110=EDGE_LOOP('',(#432));
#1111=EDGE_LOOP('',(#433));
#1112=EDGE_LOOP('',(#434));
#1113=EDGE_LOOP('',(#435));
#1114=EDGE_LOOP('',(#436));
#1115=EDGE_LOOP('',(#437));
#1116=EDGE_LOOP('',(#438));
#1117=EDGE_LOOP('',(#439));
#1118=EDGE_LOOP('',(#440));
#1119=EDGE_LOOP('',(#441));
#1120=EDGE_LOOP('',(#442));
#1121=EDGE_LOOP('',(#443));
#1122=EDGE_LOOP('',(#444));
#1123=EDGE_LOOP('',(#445));
#1124=EDGE_LOOP('',(#446));
#1125=EDGE_LOOP('',(#447));
#1126=EDGE_LOOP('',(#448));
#1127=EDGE_LOOP('',(#449));
#1128=EDGE_LOOP('',(#450));
#1129=EDGE_LOOP('',(#451));
#1130=EDGE_LOOP('',(#452));
#1131=EDGE_LOOP('',(#453));
#1132=EDGE_LOOP('',(#454));
#1133=EDGE_LOOP('',(#455));
#1134=EDGE_LOOP('',(#456));
#1135=EDGE_LOOP('',(#457));
#1136=EDGE_LOOP('',(#458));
#1137=EDGE_LOOP('',(#459));
#1138=EDGE_LOOP('',(#460));
#1139=EDGE_LOOP('',(#461));
#1140=EDGE_LOOP('',(#462));
#1141=EDGE_LOOP('',(#463));
#1142=EDGE_LOOP('',(#464));
#1143=EDGE_LOOP('',(#465));
#1144=EDGE_LOOP('',(#466));
#1145=EDGE_LOOP('',(#467));
#1146=EDGE_LOOP('',(#468));
#1147=EDGE_LOOP('',(#469));
#1148=EDGE_LOOP('',(#470));
#1149=EDGE_LOOP('',(#471));
#1150=EDGE_LOOP('',(#472));
#1151=EDGE_LOOP('',(#473));
#1152=EDGE_LOOP('',(#474));
#1153=EDGE_LOOP('',(#475));
#1154=EDGE_LOOP('',(#476));
#1155=EDGE_LOOP('',(#477));
#1156=EDGE_LOOP('',(#478));
#1157=EDGE_LOOP('',(#479));
#1158=EDGE_LOOP('',(#480));
#1159=EDGE_LOOP('',(#481));
#1160=EDGE_LOOP('',(#482));
#1161=EDGE_LOOP('',(#483));
#1162=EDGE_LOOP('',(#484));
#1163=EDGE_LOOP('',(#485));
#1164=EDGE_LOOP('',(#486));
#1165=EDGE_LOOP('',(#487));
#1166=EDGE_LOOP('',(#488));
#1167=EDGE_LOOP('',(#489));
#1168=EDGE_LOOP('',(#490));
#1169=EDGE_LOOP('',(#491));
#1170=EDGE_LOOP('',(#492));
#1171=EDGE_LOOP('',(#493));
#1172=EDGE_LOOP('',(#494));
#1173=EDGE_LOOP('',(#495));
#1174=EDGE_LOOP('',(#496));
#1175=EDGE_LOOP('',(#497));
#1176=EDGE_LOOP('',(#498));
#1177=EDGE_LOOP('',(#499));
#1178=EDGE_LOOP('',(#500));
#1179=EDGE_LOOP('',(#501));
#1180=EDGE_LOOP('',(#502));
#1181=EDGE_LOOP('',(#503));
#1182=EDGE_LOOP('',(#504));
#1183=EDGE_LOOP('',(#505));
#1184=EDGE_LOOP('',(#506));
#1185=EDGE_LOOP('',(#507));
#1186=FACE_BOUND('',#942,.T.);
#1187=FACE_BOUND('',#943,.T.);
#1188=FACE_BOUND('',#944,.T.);
#1189=FACE_BOUND('',#945,.T.);
#1190=FACE_BOUND('',#946,.T.);
#1191=FACE_BOUND('',#947,.T.);
#1192=FACE_BOUND('',#948,.T.);
#1193=FACE_BOUND('',#949,.T.);
#1194=FACE_BOUND('',#950,.T.);
#1195=FACE_BOUND('',#951,.T.);
#1196=FACE_BOUND('',#952,.T.);
#1197=FACE_BOUND('',#953,.T.);
#1198=FACE_BOUND('',#954,.T.);
#1199=FACE_BOUND('',#955,.T.);
#1200=FACE_BOUND('',#956,.T.);
#1201=FACE_BOUND('',#957,.T.);
#1202=FACE_BOUND('',#958,.T.);
#1203=FACE_BOUND('',#959,.T.);
#1204=FACE_BOUND('',#960,.T.);
#1205=FACE_BOUND('',#961,.T.);
#1206=FACE_BOUND('',#962,.T.);
#1207=FACE_BOUND('',#963,.T.);
#1208=FACE_BOUND('',#964,.T.);
#1209=FACE_BOUND('',#965,.T.);
#1210=FACE_BOUND('',#966,.T.);
#1211=FACE_BOUND('',#967,.T.);
#1212=FACE_BOUND('',#968,.T.);
#1213=FACE_BOUND('',#969,.T.);
#1214=FACE_BOUND('',#970,.T.);
#1215=FACE_BOUND('',#971,.T.);
#1216=FACE_BOUND('',#972,.T.);
#1217=FACE_BOUND('',#973,.T.);
#1218=FACE_BOUND('',#974,.T.);
#1219=FACE_BOUND('',#975,.T.);
#1220=FACE_BOUND('',#976,.T.);
#1221=FACE_BOUND('',#977,.T.);
#1222=FACE_BOUND('',#978,.T.);
#1223=FACE_BOUND('',#979,.T.);
#1224=FACE_BOUND('',#980,.T.);
#1225=FACE_BOUND('',#981,.T.);
#1226=FACE_BOUND('',#982,.T.);
#1227=FACE_BOUND('',#983,.T.);
#1228=FACE_BOUND('',#984,.T.);
#1229=FACE_BOUND('',#985,.T.);
#1230=FACE_BOUND('',#986,.T.);
#1231=FACE_BOUND('',#987,.T.);
#1232=FACE_BOUND('',#988,.T.);
#1233=FACE_BOUND('',#989,.T.);
#1234=FACE_BOUND('',#990,.T.);
#1235=FACE_BOUND('',#991,.T.);
#1236=FACE_BOUND('',#992,.T.);
#1237=FACE_BOUND('',#993,.T.);
#1238=FACE_BOUND('',#994,.T.);
#1239=FACE_BOUND('',#995,.T.);
#1240=FACE_BOUND('',#996,.T.);
#1241=FACE_BOUND('',#997,.T.);
#1242=FACE_BOUND('',#998,.T.);
#1243=FACE_BOUND('',#999,.T.);
#1244=FACE_BOUND('',#1000,.T.);
#1245=FACE_BOUND('',#1001,.T.);
#1246=FACE_BOUND('',#1002,.T.);
#1247=FACE_BOUND('',#1003,.T.);
#1248=FACE_BOUND('',#1004,.T.);
#1249=FACE_BOUND('',#1005,.T.);
#1250=FACE_BOUND('',#1006,.T.);
#1251=FACE_BOUND('',#1007,.T.);
#1252=FACE_BOUND('',#1008,.T.);
#1253=FACE_BOUND('',#1009,.T.);
#1254=FACE_BOUND('',#1010,.T.);
#1255=FACE_BOUND('',#1011,.T.);
#1256=FACE_BOUND('',#1012,.T.);
#1257=FACE_BOUND('',#1013,.T.);
#1258=FACE_BOUND('',#1014,.T.);
#1259=FACE_BOUND('',#1015,.T.);
#1260=FACE_BOUND('',#1016,.T.);
#1261=FACE_BOUND('',#1017,.T.);
#1262=FACE_BOUND('',#1018,.T.);
#1263=FACE_BOUND('',#1019,.T.);
#1264=FACE_BOUND('',#1020,.T.);
#1265=FACE_BOUND('',#1021,.T.);
#1266=FACE_BOUND('',#1022,.T.);
#1267=FACE_BOUND('',#1023,.T.);
#1268=FACE_BOUND('',#1024,.T.);
#1269=FACE_BOUND('',#1025,.T.);
#1270=FACE_BOUND('',#1026,.T.);
#1271=FACE_BOUND('',#1027,.T.);
#1272=FACE_BOUND('',#1028,.T.);
#1273=FACE_BOUND('',#1029,.T.);
#1274=FACE_BOUND('',#1030,.T.);
#1275=FACE_BOUND('',#1031,.T.);
#1276=FACE_BOUND('',#1032,.T.);
#1277=FACE_BOUND('',#1033,.T.);
#1278=FACE_BOUND('',#1034,.T.);
#1279=FACE_BOUND('',#1035,.T.);
#1280=FACE_BOUND('',#1036,.T.);
#1281=FACE_BOUND('',#1037,.T.);
#1282=FACE_BOUND('',#1038,.T.);
#1283=FACE_BOUND('',#1039,.T.);
#1284=FACE_BOUND('',#1040,.T.);
#1285=FACE_BOUND('',#1041,.T.);
#1286=FACE_BOUND('',#1042,.T.);
#1287=FACE_BOUND('',#1043,.T.);
#1288=FACE_BOUND('',#1044,.T.);
#1289=FACE_BOUND('',#1045,.T.);
#1290=FACE_BOUND('',#1046,.T.);
#1291=FACE_BOUND('',#1047,.T.);
#1292=FACE_BOUND('',#1048,.T.);
#1293=FACE_BOUND('',#1049,.T.);
#1294=FACE_BOUND('',#1050,.T.);
#1295=FACE_BOUND('',#1051,.T.);
#1296=FACE_BOUND('',#1052,.T.);
#1297=FACE_BOUND('',#1053,.T.);
#1298=FACE_BOUND('',#1054,.T.);
#1299=FACE_BOUND('',#1055,.T.);
#1300=FACE_BOUND('',#1056,.T.);
#1301=FACE_BOUND('',#1057,.T.);
#1302=FACE_BOUND('',#1058,.T.);
#1303=FACE_BOUND('',#1059,.T.);
#1304=FACE_BOUND('',#1060,.T.);
#1305=FACE_BOUND('',#1061,.T.);
#1306=FACE_BOUND('',#1062,.T.);
#1307=FACE_BOUND('',#1063,.T.);
#1308=FACE_BOUND('',#1064,.T.);
#1309=FACE_BOUND('',#1065,.T.);
#1310=FACE_BOUND('',#1066,.T.);
#1311=FACE_BOUND('',#1067,.T.);
#1312=FACE_BOUND('',#1068,.T.);
#1313=FACE_BOUND('',#1069,.T.);
#1314=FACE_BOUND('',#1070,.T.);
#1315=FACE_BOUND('',#1071,.T.);
#1316=FACE_BOUND('',#1072,.T.);
#1317=FACE_BOUND('',#1073,.T.);
#1318=FACE_BOUND('',#1074,.T.);
#1319=FACE_BOUND('',#1075,.T.);
#1320=FACE_BOUND('',#1076,.T.);
#1321=FACE_BOUND('',#1077,.T.);
#1322=FACE_BOUND('',#1078,.T.);
#1323=FACE_BOUND('',#1079,.T.);
#1324=FACE_BOUND('',#1080,.T.);
#1325=FACE_BOUND('',#1081,.T.);
#1326=FACE_BOUND('',#1082,.T.);
#1327=FACE_BOUND('',#1083,.T.);
#1328=FACE_BOUND('',#1084,.T.);
#1329=FACE_BOUND('',#1085,.T.);
#1330=FACE_BOUND('',#1086,.T.);
#1331=FACE_BOUND('',#1087,.T.);
#1332=FACE_BOUND('',#1088,.T.);
#1333=FACE_BOUND('',#1089,.T.);
#1334=FACE_BOUND('',#1090,.T.);
#1335=FACE_BOUND('',#1091,.T.);
#1336=FACE_BOUND('',#1092,.T.);
#1337=FACE_BOUND('',#1093,.T.);
#1338=FACE_BOUND('',#1094,.T.);
#1339=FACE_BOUND('',#1095,.T.);
#1340=FACE_BOUND('',#1096,.T.);
#1341=FACE_BOUND('',#1097,.T.);
#1342=FACE_BOUND('',#1098,.T.);
#1343=FACE_BOUND('',#1099,.T.);
#1344=FACE_BOUND('',#1100,.T.);
#1345=FACE_BOUND('',#1101,.T.);
#1346=FACE_BOUND('',#1102,.T.);
#1347=FACE_BOUND('',#1103,.T.);
#1348=FACE_BOUND('',#1104,.T.);
#1349=FACE_BOUND('',#1105,.T.);
#1350=FACE_BOUND('',#1106,.T.);
#1351=FACE_BOUND('',#1107,.T.);
#1352=FACE_BOUND('',#1108,.T.);
#1353=FACE_BOUND('',#1109,.T.);
#1354=FACE_BOUND('',#1110,.T.);
#1355=FACE_BOUND('',#1111,.T.);
#1356=FACE_BOUND('',#1112,.T.);
#1357=FACE_BOUND('',#1113,.T.);
#1358=FACE_BOUND('',#1114,.T.);
#1359=FACE_BOUND('',#1115,.T.);
#1360=FACE_BOUND('',#1116,.T.);
#1361=FACE_BOUND('',#1117,.T.);
#1362=FACE_BOUND('',#1118,.T.);
#1363=FACE_BOUND('',#1119,.T.);
#1364=FACE_BOUND('',#1120,.T.);
#1365=FACE_BOUND('',#1121,.T.);
#1366=FACE_BOUND('',#1122,.T.);
#1367=FACE_BOUND('',#1123,.T.);
#1368=FACE_BOUND('',#1124,.T.);
#1369=FACE_BOUND('',#1125,.T.);
#1370=FACE_BOUND('',#1126,.T.);
#1371=FACE_BOUND('',#1127,.T.);
#1372=FACE_BOUND('',#1128,.T.);
#1373=FACE_BOUND('',#1129,.T.);
#1374=FACE_BOUND('',#1130,.T.);
#1375=FACE_BOUND('',#1131,.T.);
#1376=FACE_BOUND('',#1132,.T.);
#1377=FACE_BOUND('',#1133,.T.);
#1378=FACE_BOUND('',#1134,.T.);
#1379=FACE_BOUND('',#1135,.T.);
#1380=FACE_BOUND('',#1136,.T.);
#1381=FACE_BOUND('',#1137,.T.);
#1382=FACE_BOUND('',#1138,.T.);
#1383=FACE_BOUND('',#1139,.T.);
#1384=FACE_BOUND('',#1140,.T.);
#1385=FACE_BOUND('',#1141,.T.);
#1386=FACE_BOUND('',#1142,.T.);
#1387=FACE_BOUND('',#1143,.T.);
#1388=FACE_BOUND('',#1144,.T.);
#1389=FACE_BOUND('',#1145,.T.);
#1390=FACE_BOUND('',#1146,.T.);
#1391=FACE_BOUND('',#1147,.T.);
#1392=FACE_BOUND('',#1148,.T.);
#1393=FACE_BOUND('',#1149,.T.);
#1394=FACE_BOUND('',#1150,.T.);
#1395=FACE_BOUND('',#1151,.T.);
#1396=FACE_BOUND('',#1152,.T.);
#1397=FACE_BOUND('',#1153,.T.);
#1398=FACE_BOUND('',#1154,.T.);
#1399=FACE_BOUND('',#1155,.T.);
#1400=FACE_BOUND('',#1156,.T.);
#1401=FACE_BOUND('',#1157,.T.);
#1402=FACE_BOUND('',#1158,.T.);
#1403=FACE_BOUND('',#1159,.T.);
#1404=FACE_BOUND('',#1160,.T.);
#1405=FACE_BOUND('',#1161,.T.);
#1406=FACE_BOUND('',#1162,.T.);
#1407=FACE_BOUND('',#1163,.T.);
#1408=FACE_BOUND('',#1164,.T.);
#1409=FACE_BOUND('',#1165,.T.);
#1410=FACE_BOUND('',#1166,.T.);
#1411=FACE_BOUND('',#1167,.T.);
#1412=FACE_BOUND('',#1168,.T.);
#1413=FACE_BOUND('',#1169,.T.);
#1414=FACE_BOUND('',#1170,.T.);
#1415=FACE_BOUND('',#1171,.T.);
#1416=FACE_BOUND('',#1172,.T.);
#1417=FACE_BOUND('',#1173,.T.);
#1418=FACE_BOUND('',#1174,.T.);
#1419=FACE_BOUND('',#1175,.T.);
#1420=FACE_BOUND('',#1176,.T.);
#1421=FACE_BOUND('',#1177,.T.);
#1422=FACE_BOUND('',#1178,.T.);
#1423=FACE_BOUND('',#1179,.T.);
#1424=FACE_BOUND('',#1180,.T.);
#1425=FACE_BOUND('',#1181,.T.);
#1426=FACE_BOUND('',#1182,.T.);
#1427=FACE_BOUND('',#1183,.T.);
#1428=FACE_BOUND('',#1184,.T.);
#1429=FACE_BOUND('',#1185,.T.);
#1430=CYLINDRICAL_SURFACE('',#1635,0.00244993827659951);
#1431=CYLINDRICAL_SURFACE('',#1638,0.00245);
#1432=CYLINDRICAL_SURFACE('',#1641,0.00245);
#1433=CYLINDRICAL_SURFACE('',#1644,0.00245);
#1434=CYLINDRICAL_SURFACE('',#1647,0.00245000000000006);
#1435=CYLINDRICAL_SURFACE('',#1650,0.00245000000000006);
#1436=CYLINDRICAL_SURFACE('',#1653,0.00245);
#1437=CYLINDRICAL_SURFACE('',#1656,0.00245);
#1438=CYLINDRICAL_SURFACE('',#1659,0.00245);
#1439=CYLINDRICAL_SURFACE('',#1662,0.00205);
#1440=CYLINDRICAL_SURFACE('',#1665,0.00205);
#1441=CYLINDRICAL_SURFACE('',#1668,0.00205);
#1442=CYLINDRICAL_SURFACE('',#1671,0.00205);
#1443=CYLINDRICAL_SURFACE('',#1674,0.00205);
#1444=CYLINDRICAL_SURFACE('',#1677,0.00205);
#1445=CYLINDRICAL_SURFACE('',#1680,0.00245);
#1446=CYLINDRICAL_SURFACE('',#1683,0.00245);
#1447=CYLINDRICAL_SURFACE('',#1686,0.00245);
#1448=CYLINDRICAL_SURFACE('',#1689,0.00245);
#1449=CYLINDRICAL_SURFACE('',#1692,0.0024499382765995);
#1450=CYLINDRICAL_SURFACE('',#1740,0.00275);
#1451=CYLINDRICAL_SURFACE('',#1742,0.00275);
#1452=CYLINDRICAL_SURFACE('',#1744,0.00275);
#1453=CYLINDRICAL_SURFACE('',#1746,0.00275);
#1454=CYLINDRICAL_SURFACE('',#1754,0.01);
#1455=CYLINDRICAL_SURFACE('',#1755,0.01);
#1456=CYLINDRICAL_SURFACE('',#1757,0.01);
#1457=CYLINDRICAL_SURFACE('',#1758,0.01);
#1458=CYLINDRICAL_SURFACE('',#1762,0.00275);
#1459=CYLINDRICAL_SURFACE('',#1766,0.00275);
#1460=CYLINDRICAL_SURFACE('',#1770,0.00275);
#1461=CYLINDRICAL_SURFACE('',#1774,0.00275);
#1462=CYLINDRICAL_SURFACE('',#1778,0.00275);
#1463=CYLINDRICAL_SURFACE('',#1782,0.00275);
#1464=CYLINDRICAL_SURFACE('',#1785,0.00245);
#1465=CYLINDRICAL_SURFACE('',#1788,0.00245);
#1466=CYLINDRICAL_SURFACE('',#1791,0.00245);
#1467=CYLINDRICAL_SURFACE('',#1794,0.00245);
#1468=CYLINDRICAL_SURFACE('',#1797,0.00245);
#1469=CYLINDRICAL_SURFACE('',#1800,0.00245);
#1470=CYLINDRICAL_SURFACE('',#1805,0.0024);
#1471=CYLINDRICAL_SURFACE('',#1808,0.0024);
#1472=CYLINDRICAL_SURFACE('',#1811,0.0024);
#1473=CYLINDRICAL_SURFACE('',#1814,0.0024);
#1474=CYLINDRICAL_SURFACE('',#1817,0.0024);
#1475=CYLINDRICAL_SURFACE('',#1820,0.0024);
#1476=CYLINDRICAL_SURFACE('',#1823,0.00275);
#1477=CYLINDRICAL_SURFACE('',#1826,0.00275);
#1478=CYLINDRICAL_SURFACE('',#1829,0.00275);
#1479=CYLINDRICAL_SURFACE('',#1832,0.00275);
#1480=CYLINDRICAL_SURFACE('',#1835,0.00275);
#1481=CYLINDRICAL_SURFACE('',#1838,0.00275);
#1482=CYLINDRICAL_SURFACE('',#1841,0.00275);
#1483=CYLINDRICAL_SURFACE('',#1844,0.00275);
#1484=CYLINDRICAL_SURFACE('',#1847,0.00275);
#1485=CYLINDRICAL_SURFACE('',#1850,0.00275);
#1486=CYLINDRICAL_SURFACE('',#1873,0.0024);
#1487=CYLINDRICAL_SURFACE('',#1877,0.0024);
#1488=CYLINDRICAL_SURFACE('',#1883,0.00205);
#1489=CYLINDRICAL_SURFACE('',#1886,0.00205);
#1490=ADVANCED_FACE('',(#1186,#1187),#1430,.F.);
#1491=ADVANCED_FACE('',(#1188,#1189),#1431,.F.);
#1492=ADVANCED_FACE('',(#1190,#1191),#1432,.F.);
#1493=ADVANCED_FACE('',(#1192,#1193),#1433,.F.);
#1494=ADVANCED_FACE('',(#1194,#1195),#1434,.F.);
#1495=ADVANCED_FACE('',(#1196,#1197),#1435,.F.);
#1496=ADVANCED_FACE('',(#1198,#1199),#1436,.F.);
#1497=ADVANCED_FACE('',(#1200,#1201),#1437,.F.);
#1498=ADVANCED_FACE('',(#1202,#1203),#1438,.F.);
#1499=ADVANCED_FACE('',(#1204,#1205),#1439,.F.);
#1500=ADVANCED_FACE('',(#1206,#1207),#1440,.F.);
#1501=ADVANCED_FACE('',(#1208,#1209),#1441,.F.);
#1502=ADVANCED_FACE('',(#1210,#1211),#1442,.F.);
#1503=ADVANCED_FACE('',(#1212,#1213),#1443,.F.);
#1504=ADVANCED_FACE('',(#1214,#1215),#1444,.F.);
#1505=ADVANCED_FACE('',(#1216,#1217),#1445,.F.);
#1506=ADVANCED_FACE('',(#1218,#1219),#1446,.F.);
#1507=ADVANCED_FACE('',(#1220,#1221),#1447,.F.);
#1508=ADVANCED_FACE('',(#1222,#1223),#1448,.F.);
#1509=ADVANCED_FACE('',(#1224,#1225),#1449,.F.);
#1510=ADVANCED_FACE('',(#1226,#1227,#1228,#1229,#1230,#1231,#1232,#1233,
#1234,#1235,#1236,#1237,#1238,#1239,#1240,#1241,#1242,#1243,#1244,#1245,
#1246,#1247,#1248,#1249,#1250,#1251,#1252,#1253,#1254),#104,.T.);
#1511=ADVANCED_FACE('',(#1255),#105,.T.);
#1512=ADVANCED_FACE('',(#1256),#106,.F.);
#1513=ADVANCED_FACE('',(#1257),#107,.T.);
#1514=ADVANCED_FACE('',(#1258),#108,.F.);
#1515=ADVANCED_FACE('',(#1259),#109,.F.);
#1516=ADVANCED_FACE('',(#1260),#110,.T.);
#1517=ADVANCED_FACE('',(#1261),#111,.F.);
#1518=ADVANCED_FACE('',(#1262),#112,.F.);
#1519=ADVANCED_FACE('',(#1263),#113,.F.);
#1520=ADVANCED_FACE('',(#1264),#114,.T.);
#1521=ADVANCED_FACE('',(#1265),#115,.T.);
#1522=ADVANCED_FACE('',(#1266),#116,.F.);
#1523=ADVANCED_FACE('',(#1267,#1268),#1450,.F.);
#1524=ADVANCED_FACE('',(#1269,#1270),#1451,.F.);
#1525=ADVANCED_FACE('',(#1271,#1272),#1452,.F.);
#1526=ADVANCED_FACE('',(#1273,#1274),#1453,.F.);
#1527=ADVANCED_FACE('',(#1275),#117,.F.);
#1528=ADVANCED_FACE('',(#1276),#118,.T.);
#1529=ADVANCED_FACE('',(#1277),#1454,.T.);
#1530=ADVANCED_FACE('',(#1278),#1455,.T.);
#1531=ADVANCED_FACE('',(#1279),#119,.F.);
#1532=ADVANCED_FACE('',(#1280),#1456,.F.);
#1533=ADVANCED_FACE('',(#1281),#1457,.F.);
#1534=ADVANCED_FACE('',(#1282,#1283),#120,.F.);
#1535=ADVANCED_FACE('',(#1284,#1285),#1458,.F.);
#1536=ADVANCED_FACE('',(#1286,#1287),#121,.F.);
#1537=ADVANCED_FACE('',(#1288,#1289),#1459,.F.);
#1538=ADVANCED_FACE('',(#1290,#1291),#122,.F.);
#1539=ADVANCED_FACE('',(#1292,#1293),#1460,.F.);
#1540=ADVANCED_FACE('',(#1294,#1295),#123,.F.);
#1541=ADVANCED_FACE('',(#1296,#1297),#1461,.F.);
#1542=ADVANCED_FACE('',(#1298,#1299),#124,.F.);
#1543=ADVANCED_FACE('',(#1300,#1301),#1462,.F.);
#1544=ADVANCED_FACE('',(#1302,#1303),#125,.F.);
#1545=ADVANCED_FACE('',(#1304,#1305),#1463,.F.);
#1546=ADVANCED_FACE('',(#1306),#126,.F.);
#1547=ADVANCED_FACE('',(#1307,#1308),#1464,.F.);
#1548=ADVANCED_FACE('',(#1309),#127,.F.);
#1549=ADVANCED_FACE('',(#1310,#1311),#1465,.F.);
#1550=ADVANCED_FACE('',(#1312),#128,.F.);
#1551=ADVANCED_FACE('',(#1313,#1314),#1466,.F.);
#1552=ADVANCED_FACE('',(#1315),#129,.F.);
#1553=ADVANCED_FACE('',(#1316,#1317),#1467,.F.);
#1554=ADVANCED_FACE('',(#1318),#130,.F.);
#1555=ADVANCED_FACE('',(#1319,#1320),#1468,.F.);
#1556=ADVANCED_FACE('',(#1321),#131,.F.);
#1557=ADVANCED_FACE('',(#1322,#1323),#1469,.F.);
#1558=ADVANCED_FACE('',(#1324,#1325),#132,.T.);
#1559=ADVANCED_FACE('',(#1326,#1327),#133,.T.);
#1560=ADVANCED_FACE('',(#1328,#1329),#134,.T.);
#1561=ADVANCED_FACE('',(#1330,#1331),#135,.T.);
#1562=ADVANCED_FACE('',(#1332,#1333),#1470,.F.);
#1563=ADVANCED_FACE('',(#1334,#1335),#136,.T.);
#1564=ADVANCED_FACE('',(#1336,#1337),#1471,.F.);
#1565=ADVANCED_FACE('',(#1338,#1339),#137,.T.);
#1566=ADVANCED_FACE('',(#1340,#1341),#1472,.F.);
#1567=ADVANCED_FACE('',(#1342,#1343),#138,.T.);
#1568=ADVANCED_FACE('',(#1344,#1345),#1473,.F.);
#1569=ADVANCED_FACE('',(#1346,#1347),#139,.T.);
#1570=ADVANCED_FACE('',(#1348,#1349),#1474,.F.);
#1571=ADVANCED_FACE('',(#1350,#1351),#140,.T.);
#1572=ADVANCED_FACE('',(#1352,#1353),#1475,.F.);
#1573=ADVANCED_FACE('',(#1354,#1355),#141,.T.);
#1574=ADVANCED_FACE('',(#1356,#1357),#1476,.F.);
#1575=ADVANCED_FACE('',(#1358,#1359),#142,.T.);
#1576=ADVANCED_FACE('',(#1360,#1361),#1477,.F.);
#1577=ADVANCED_FACE('',(#1362,#1363),#143,.T.);
#1578=ADVANCED_FACE('',(#1364,#1365),#1478,.F.);
#1579=ADVANCED_FACE('',(#1366,#1367),#144,.T.);
#1580=ADVANCED_FACE('',(#1368,#1369),#1479,.F.);
#1581=ADVANCED_FACE('',(#1370,#1371),#145,.T.);
#1582=ADVANCED_FACE('',(#1372,#1373),#1480,.F.);
#1583=ADVANCED_FACE('',(#1374,#1375),#146,.T.);
#1584=ADVANCED_FACE('',(#1376,#1377),#1481,.F.);
#1585=ADVANCED_FACE('',(#1378,#1379),#147,.T.);
#1586=ADVANCED_FACE('',(#1380,#1381),#1482,.F.);
#1587=ADVANCED_FACE('',(#1382,#1383),#148,.T.);
#1588=ADVANCED_FACE('',(#1384,#1385),#1483,.F.);
#1589=ADVANCED_FACE('',(#1386,#1387),#149,.T.);
#1590=ADVANCED_FACE('',(#1388,#1389),#1484,.F.);
#1591=ADVANCED_FACE('',(#1390,#1391),#150,.T.);
#1592=ADVANCED_FACE('',(#1392,#1393),#1485,.F.);
#1593=ADVANCED_FACE('',(#1394,#1395),#151,.T.);
#1594=ADVANCED_FACE('',(#1396),#152,.F.);
#1595=ADVANCED_FACE('',(#1397),#153,.F.);
#1596=ADVANCED_FACE('',(#1398),#154,.F.);
#1597=ADVANCED_FACE('',(#1399),#155,.F.);
#1598=ADVANCED_FACE('',(#1400),#156,.F.);
#1599=ADVANCED_FACE('',(#1401),#157,.F.);
#1600=ADVANCED_FACE('',(#1402),#158,.F.);
#1601=ADVANCED_FACE('',(#1403),#159,.F.);
#1602=ADVANCED_FACE('',(#1404),#160,.F.);
#1603=ADVANCED_FACE('',(#1405),#161,.F.);
#1604=ADVANCED_FACE('',(#1406),#162,.F.);
#1605=ADVANCED_FACE('',(#1407),#163,.F.);
#1606=ADVANCED_FACE('',(#1408),#164,.F.);
#1607=ADVANCED_FACE('',(#1409),#165,.F.);
#1608=ADVANCED_FACE('',(#1410),#166,.F.);
#1609=ADVANCED_FACE('',(#1411),#167,.F.);
#1610=ADVANCED_FACE('',(#1412),#168,.F.);
#1611=ADVANCED_FACE('',(#1413),#169,.F.);
#1612=ADVANCED_FACE('',(#1414),#170,.F.);
#1613=ADVANCED_FACE('',(#1415),#171,.F.);
#1614=ADVANCED_FACE('',(#1416,#1417),#1486,.F.);
#1615=ADVANCED_FACE('',(#1418,#1419),#172,.T.);
#1616=ADVANCED_FACE('',(#1420,#1421),#1487,.F.);
#1617=ADVANCED_FACE('',(#1422,#1423),#173,.T.);
#1618=ADVANCED_FACE('',(#1424),#174,.T.);
#1619=ADVANCED_FACE('',(#1425,#1426),#1488,.F.);
#1620=ADVANCED_FACE('',(#1427),#175,.T.);
#1621=ADVANCED_FACE('',(#1428,#1429),#1489,.F.);
#1622=CLOSED_SHELL('',(#1490,#1491,#1492,#1493,#1494,#1495,#1496,#1497,
#1498,#1499,#1500,#1501,#1502,#1503,#1504,#1505,#1506,#1507,#1508,#1509,
#1510,#1511,#1512,#1513,#1514,#1515,#1516,#1517,#1518,#1519,#1520,#1521,
#1522,#1523,#1524,#1525,#1526,#1527,#1528,#1529,#1530,#1531,#1532,#1533,
#1534,#1535,#1536,#1537,#1538,#1539,#1540,#1541,#1542,#1543,#1544,#1545,
#1546,#1547,#1548,#1549,#1550,#1551,#1552,#1553,#1554,#1555,#1556,#1557,
#1558,#1559,#1560,#1561,#1562,#1563,#1564,#1565,#1566,#1567,#1568,#1569,
#1570,#1571,#1572,#1573,#1574,#1575,#1576,#1577,#1578,#1579,#1580,#1581,
#1582,#1583,#1584,#1585,#1586,#1587,#1588,#1589,#1590,#1591,#1592,#1593,
#1594,#1595,#1596,#1597,#1598,#1599,#1600,#1601,#1602,#1603,#1604,#1605,
#1606,#1607,#1608,#1609,#1610,#1611,#1612,#1613,#1614,#1615,#1616,#1617,
#1618,#1619,#1620,#1621));
#1623=STYLED_ITEM('',(#1624),#1631);
#1624=PRESENTATION_STYLE_ASSIGNMENT((#1625));
#1625=SURFACE_STYLE_USAGE(.BOTH.,#1626);
#1626=SURFACE_SIDE_STYLE('',(#1627));
#1627=SURFACE_STYLE_FILL_AREA(#1628);
#1628=FILL_AREA_STYLE('',(#1629));
#1629=FILL_AREA_STYLE_COLOUR('',#1630);
#1630=COLOUR_RGB('',0.615686274509804,0.811764705882353,0.929411764705882);
#1631=MANIFOLD_SOLID_BREP('Part 1',#1622);
#1632=SHAPE_DEFINITION_REPRESENTATION(#2892,#1633);
#1633=SHAPE_REPRESENTATION('Part 1',(#1634),#2887);
#1634=AXIS2_PLACEMENT_3D('',#2439,#1887,#1888);
#1635=AXIS2_PLACEMENT_3D('',#2440,#1889,#1890);
#1636=AXIS2_PLACEMENT_3D('',#2441,#1891,#1892);
#1637=AXIS2_PLACEMENT_3D('',#2443,#1893,#1894);
#1638=AXIS2_PLACEMENT_3D('',#2445,#1895,#1896);
#1639=AXIS2_PLACEMENT_3D('',#2446,#1897,#1898);
#1640=AXIS2_PLACEMENT_3D('',#2448,#1899,#1900);
#1641=AXIS2_PLACEMENT_3D('',#2450,#1901,#1902);
#1642=AXIS2_PLACEMENT_3D('',#2451,#1903,#1904);
#1643=AXIS2_PLACEMENT_3D('',#2453,#1905,#1906);
#1644=AXIS2_PLACEMENT_3D('',#2455,#1907,#1908);
#1645=AXIS2_PLACEMENT_3D('',#2456,#1909,#1910);
#1646=AXIS2_PLACEMENT_3D('',#2458,#1911,#1912);
#1647=AXIS2_PLACEMENT_3D('',#2460,#1913,#1914);
#1648=AXIS2_PLACEMENT_3D('',#2461,#1915,#1916);
#1649=AXIS2_PLACEMENT_3D('',#2463,#1917,#1918);
#1650=AXIS2_PLACEMENT_3D('',#2465,#1919,#1920);
#1651=AXIS2_PLACEMENT_3D('',#2466,#1921,#1922);
#1652=AXIS2_PLACEMENT_3D('',#2468,#1923,#1924);
#1653=AXIS2_PLACEMENT_3D('',#2470,#1925,#1926);
#1654=AXIS2_PLACEMENT_3D('',#2471,#1927,#1928);
#1655=AXIS2_PLACEMENT_3D('',#2473,#1929,#1930);
#1656=AXIS2_PLACEMENT_3D('',#2475,#1931,#1932);
#1657=AXIS2_PLACEMENT_3D('',#2476,#1933,#1934);
#1658=AXIS2_PLACEMENT_3D('',#2478,#1935,#1936);
#1659=AXIS2_PLACEMENT_3D('',#2480,#1937,#1938);
#1660=AXIS2_PLACEMENT_3D('',#2481,#1939,#1940);
#1661=AXIS2_PLACEMENT_3D('',#2483,#1941,#1942);
#1662=AXIS2_PLACEMENT_3D('',#2485,#1943,#1944);
#1663=AXIS2_PLACEMENT_3D('',#2486,#1945,#1946);
#1664=AXIS2_PLACEMENT_3D('',#2488,#1947,#1948);
#1665=AXIS2_PLACEMENT_3D('',#2490,#1949,#1950);
#1666=AXIS2_PLACEMENT_3D('',#2491,#1951,#1952);
#1667=AXIS2_PLACEMENT_3D('',#2493,#1953,#1954);
#1668=AXIS2_PLACEMENT_3D('',#2495,#1955,#1956);
#1669=AXIS2_PLACEMENT_3D('',#2496,#1957,#1958);
#1670=AXIS2_PLACEMENT_3D('',#2498,#1959,#1960);
#1671=AXIS2_PLACEMENT_3D('',#2500,#1961,#1962);
#1672=AXIS2_PLACEMENT_3D('',#2501,#1963,#1964);
#1673=AXIS2_PLACEMENT_3D('',#2503,#1965,#1966);
#1674=AXIS2_PLACEMENT_3D('',#2505,#1967,#1968);
#1675=AXIS2_PLACEMENT_3D('',#2506,#1969,#1970);
#1676=AXIS2_PLACEMENT_3D('',#2508,#1971,#1972);
#1677=AXIS2_PLACEMENT_3D('',#2510,#1973,#1974);
#1678=AXIS2_PLACEMENT_3D('',#2511,#1975,#1976);
#1679=AXIS2_PLACEMENT_3D('',#2513,#1977,#1978);
#1680=AXIS2_PLACEMENT_3D('',#2515,#1979,#1980);
#1681=AXIS2_PLACEMENT_3D('',#2516,#1981,#1982);
#1682=AXIS2_PLACEMENT_3D('',#2518,#1983,#1984);
#1683=AXIS2_PLACEMENT_3D('',#2520,#1985,#1986);
#1684=AXIS2_PLACEMENT_3D('',#2521,#1987,#1988);
#1685=AXIS2_PLACEMENT_3D('',#2523,#1989,#1990);
#1686=AXIS2_PLACEMENT_3D('',#2525,#1991,#1992);
#1687=AXIS2_PLACEMENT_3D('',#2526,#1993,#1994);
#1688=AXIS2_PLACEMENT_3D('',#2528,#1995,#1996);
#1689=AXIS2_PLACEMENT_3D('',#2530,#1997,#1998);
#1690=AXIS2_PLACEMENT_3D('',#2531,#1999,#2000);
#1691=AXIS2_PLACEMENT_3D('',#2533,#2001,#2002);
#1692=AXIS2_PLACEMENT_3D('',#2535,#2003,#2004);
#1693=AXIS2_PLACEMENT_3D('',#2536,#2005,#2006);
#1694=AXIS2_PLACEMENT_3D('',#2538,#2007,#2008);
#1695=AXIS2_PLACEMENT_3D('',#2540,#2009,#2010);
#1696=AXIS2_PLACEMENT_3D('',#2541,#2011,#2012);
#1697=AXIS2_PLACEMENT_3D('',#2543,#2013,#2014);
#1698=AXIS2_PLACEMENT_3D('',#2545,#2015,#2016);
#1699=AXIS2_PLACEMENT_3D('',#2547,#2017,#2018);
#1700=AXIS2_PLACEMENT_3D('',#2549,#2019,#2020);
#1701=AXIS2_PLACEMENT_3D('',#2551,#2021,#2022);
#1702=AXIS2_PLACEMENT_3D('',#2553,#2023,#2024);
#1703=AXIS2_PLACEMENT_3D('',#2555,#2025,#2026);
#1704=AXIS2_PLACEMENT_3D('',#2557,#2027,#2028);
#1705=AXIS2_PLACEMENT_3D('',#2559,#2029,#2030);
#1706=AXIS2_PLACEMENT_3D('',#2561,#2031,#2032);
#1707=AXIS2_PLACEMENT_3D('',#2563,#2033,#2034);
#1708=AXIS2_PLACEMENT_3D('',#2565,#2035,#2036);
#1709=AXIS2_PLACEMENT_3D('',#2567,#2037,#2038);
#1710=AXIS2_PLACEMENT_3D('',#2569,#2039,#2040);
#1711=AXIS2_PLACEMENT_3D('',#2571,#2041,#2042);
#1712=AXIS2_PLACEMENT_3D('',#2573,#2043,#2044);
#1713=AXIS2_PLACEMENT_3D('',#2575,#2045,#2046);
#1714=AXIS2_PLACEMENT_3D('',#2577,#2047,#2048);
#1715=AXIS2_PLACEMENT_3D('',#2579,#2049,#2050);
#1716=AXIS2_PLACEMENT_3D('',#2581,#2051,#2052);
#1717=AXIS2_PLACEMENT_3D('',#2588,#2055,#2056);
#1718=AXIS2_PLACEMENT_3D('',#2604,#2064,#2065);
#1719=AXIS2_PLACEMENT_3D('',#2610,#2068,#2069);
#1720=AXIS2_PLACEMENT_3D('',#2618,#2073,#2074);
#1721=AXIS2_PLACEMENT_3D('',#2619,#2075,#2076);
#1722=AXIS2_PLACEMENT_3D('',#2621,#2077,#2078);
#1723=AXIS2_PLACEMENT_3D('',#2623,#2079,#2080);
#1724=AXIS2_PLACEMENT_3D('',#2625,#2081,#2082);
#1725=AXIS2_PLACEMENT_3D('',#2627,#2083,#2084);
#1726=AXIS2_PLACEMENT_3D('',#2629,#2085,#2086);
#1727=AXIS2_PLACEMENT_3D('',#2631,#2087,#2088);
#1728=AXIS2_PLACEMENT_3D('',#2633,#2089,#2090);
#1729=AXIS2_PLACEMENT_3D('',#2639,#2094,#2095);
#1730=AXIS2_PLACEMENT_3D('',#2645,#2099,#2100);
#1731=AXIS2_PLACEMENT_3D('',#2651,#2104,#2105);
#1732=AXIS2_PLACEMENT_3D('',#2655,#2108,#2109);
#1733=AXIS2_PLACEMENT_3D('',#2659,#2112,#2113);
#1734=AXIS2_PLACEMENT_3D('',#2665,#2117,#2118);
#1735=AXIS2_PLACEMENT_3D('',#2669,#2121,#2122);
#1736=AXIS2_PLACEMENT_3D('',#2673,#2125,#2126);
#1737=AXIS2_PLACEMENT_3D('',#2677,#2129,#2130);
#1738=AXIS2_PLACEMENT_3D('',#2681,#2133,#2134);
#1739=AXIS2_PLACEMENT_3D('',#2685,#2137,#2138);
#1740=AXIS2_PLACEMENT_3D('',#2689,#2141,#2142);
#1741=AXIS2_PLACEMENT_3D('',#2690,#2143,#2144);
#1742=AXIS2_PLACEMENT_3D('',#2692,#2145,#2146);
#1743=AXIS2_PLACEMENT_3D('',#2693,#2147,#2148);
#1744=AXIS2_PLACEMENT_3D('',#2695,#2149,#2150);
#1745=AXIS2_PLACEMENT_3D('',#2696,#2151,#2152);
#1746=AXIS2_PLACEMENT_3D('',#2698,#2153,#2154);
#1747=AXIS2_PLACEMENT_3D('',#2699,#2155,#2156);
#1748=AXIS2_PLACEMENT_3D('',#2701,#2157,#2158);
#1749=AXIS2_PLACEMENT_3D('',#2704,#2160,#2161);
#1750=AXIS2_PLACEMENT_3D('',#2705,#2162,#2163);
#1751=AXIS2_PLACEMENT_3D('',#2708,#2165,#2166);
#1752=AXIS2_PLACEMENT_3D('',#2709,#2167,#2168);
#1753=AXIS2_PLACEMENT_3D('',#2710,#2169,#2170);
#1754=AXIS2_PLACEMENT_3D('',#2712,#2172,#2173);
#1755=AXIS2_PLACEMENT_3D('',#2713,#2174,#2175);
#1756=AXIS2_PLACEMENT_3D('',#2715,#2177,#2178);
#1757=AXIS2_PLACEMENT_3D('',#2716,#2179,#2180);
#1758=AXIS2_PLACEMENT_3D('',#2717,#2181,#2182);
#1759=AXIS2_PLACEMENT_3D('',#2718,#2183,#2184);
#1760=AXIS2_PLACEMENT_3D('',#2719,#2185,#2186);
#1761=AXIS2_PLACEMENT_3D('',#2721,#2187,#2188);
#1762=AXIS2_PLACEMENT_3D('',#2723,#2189,#2190);
#1763=AXIS2_PLACEMENT_3D('',#2724,#2191,#2192);
#1764=AXIS2_PLACEMENT_3D('',#2725,#2193,#2194);
#1765=AXIS2_PLACEMENT_3D('',#2727,#2195,#2196);
#1766=AXIS2_PLACEMENT_3D('',#2729,#2197,#2198);
#1767=AXIS2_PLACEMENT_3D('',#2730,#2199,#2200);
#1768=AXIS2_PLACEMENT_3D('',#2731,#2201,#2202);
#1769=AXIS2_PLACEMENT_3D('',#2733,#2203,#2204);
#1770=AXIS2_PLACEMENT_3D('',#2735,#2205,#2206);
#1771=AXIS2_PLACEMENT_3D('',#2736,#2207,#2208);
#1772=AXIS2_PLACEMENT_3D('',#2737,#2209,#2210);
#1773=AXIS2_PLACEMENT_3D('',#2739,#2211,#2212);
#1774=AXIS2_PLACEMENT_3D('',#2741,#2213,#2214);
#1775=AXIS2_PLACEMENT_3D('',#2742,#2215,#2216);
#1776=AXIS2_PLACEMENT_3D('',#2743,#2217,#2218);
#1777=AXIS2_PLACEMENT_3D('',#2745,#2219,#2220);
#1778=AXIS2_PLACEMENT_3D('',#2747,#2221,#2222);
#1779=AXIS2_PLACEMENT_3D('',#2748,#2223,#2224);
#1780=AXIS2_PLACEMENT_3D('',#2749,#2225,#2226);
#1781=AXIS2_PLACEMENT_3D('',#2751,#2227,#2228);
#1782=AXIS2_PLACEMENT_3D('',#2753,#2229,#2230);
#1783=AXIS2_PLACEMENT_3D('',#2754,#2231,#2232);
#1784=AXIS2_PLACEMENT_3D('',#2755,#2233,#2234);
#1785=AXIS2_PLACEMENT_3D('',#2757,#2235,#2236);
#1786=AXIS2_PLACEMENT_3D('',#2758,#2237,#2238);
#1787=AXIS2_PLACEMENT_3D('',#2759,#2239,#2240);
#1788=AXIS2_PLACEMENT_3D('',#2761,#2241,#2242);
#1789=AXIS2_PLACEMENT_3D('',#2762,#2243,#2244);
#1790=AXIS2_PLACEMENT_3D('',#2763,#2245,#2246);
#1791=AXIS2_PLACEMENT_3D('',#2765,#2247,#2248);
#1792=AXIS2_PLACEMENT_3D('',#2766,#2249,#2250);
#1793=AXIS2_PLACEMENT_3D('',#2767,#2251,#2252);
#1794=AXIS2_PLACEMENT_3D('',#2769,#2253,#2254);
#1795=AXIS2_PLACEMENT_3D('',#2770,#2255,#2256);
#1796=AXIS2_PLACEMENT_3D('',#2771,#2257,#2258);
#1797=AXIS2_PLACEMENT_3D('',#2773,#2259,#2260);
#1798=AXIS2_PLACEMENT_3D('',#2774,#2261,#2262);
#1799=AXIS2_PLACEMENT_3D('',#2775,#2263,#2264);
#1800=AXIS2_PLACEMENT_3D('',#2777,#2265,#2266);
#1801=AXIS2_PLACEMENT_3D('',#2778,#2267,#2268);
#1802=AXIS2_PLACEMENT_3D('',#2779,#2269,#2270);
#1803=AXIS2_PLACEMENT_3D('',#2780,#2271,#2272);
#1804=AXIS2_PLACEMENT_3D('',#2781,#2273,#2274);
#1805=AXIS2_PLACEMENT_3D('',#2782,#2275,#2276);
#1806=AXIS2_PLACEMENT_3D('',#2783,#2277,#2278);
#1807=AXIS2_PLACEMENT_3D('',#2785,#2279,#2280);
#1808=AXIS2_PLACEMENT_3D('',#2786,#2281,#2282);
#1809=AXIS2_PLACEMENT_3D('',#2787,#2283,#2284);
#1810=AXIS2_PLACEMENT_3D('',#2789,#2285,#2286);
#1811=AXIS2_PLACEMENT_3D('',#2790,#2287,#2288);
#1812=AXIS2_PLACEMENT_3D('',#2791,#2289,#2290);
#1813=AXIS2_PLACEMENT_3D('',#2793,#2291,#2292);
#1814=AXIS2_PLACEMENT_3D('',#2794,#2293,#2294);
#1815=AXIS2_PLACEMENT_3D('',#2795,#2295,#2296);
#1816=AXIS2_PLACEMENT_3D('',#2797,#2297,#2298);
#1817=AXIS2_PLACEMENT_3D('',#2798,#2299,#2300);
#1818=AXIS2_PLACEMENT_3D('',#2799,#2301,#2302);
#1819=AXIS2_PLACEMENT_3D('',#2801,#2303,#2304);
#1820=AXIS2_PLACEMENT_3D('',#2802,#2305,#2306);
#1821=AXIS2_PLACEMENT_3D('',#2803,#2307,#2308);
#1822=AXIS2_PLACEMENT_3D('',#2805,#2309,#2310);
#1823=AXIS2_PLACEMENT_3D('',#2806,#2311,#2312);
#1824=AXIS2_PLACEMENT_3D('',#2807,#2313,#2314);
#1825=AXIS2_PLACEMENT_3D('',#2809,#2315,#2316);
#1826=AXIS2_PLACEMENT_3D('',#2810,#2317,#2318);
#1827=AXIS2_PLACEMENT_3D('',#2811,#2319,#2320);
#1828=AXIS2_PLACEMENT_3D('',#2813,#2321,#2322);
#1829=AXIS2_PLACEMENT_3D('',#2814,#2323,#2324);
#1830=AXIS2_PLACEMENT_3D('',#2815,#2325,#2326);
#1831=AXIS2_PLACEMENT_3D('',#2817,#2327,#2328);
#1832=AXIS2_PLACEMENT_3D('',#2818,#2329,#2330);
#1833=AXIS2_PLACEMENT_3D('',#2819,#2331,#2332);
#1834=AXIS2_PLACEMENT_3D('',#2821,#2333,#2334);
#1835=AXIS2_PLACEMENT_3D('',#2822,#2335,#2336);
#1836=AXIS2_PLACEMENT_3D('',#2823,#2337,#2338);
#1837=AXIS2_PLACEMENT_3D('',#2825,#2339,#2340);
#1838=AXIS2_PLACEMENT_3D('',#2826,#2341,#2342);
#1839=AXIS2_PLACEMENT_3D('',#2827,#2343,#2344);
#1840=AXIS2_PLACEMENT_3D('',#2829,#2345,#2346);
#1841=AXIS2_PLACEMENT_3D('',#2830,#2347,#2348);
#1842=AXIS2_PLACEMENT_3D('',#2831,#2349,#2350);
#1843=AXIS2_PLACEMENT_3D('',#2833,#2351,#2352);
#1844=AXIS2_PLACEMENT_3D('',#2834,#2353,#2354);
#1845=AXIS2_PLACEMENT_3D('',#2835,#2355,#2356);
#1846=AXIS2_PLACEMENT_3D('',#2837,#2357,#2358);
#1847=AXIS2_PLACEMENT_3D('',#2838,#2359,#2360);
#1848=AXIS2_PLACEMENT_3D('',#2839,#2361,#2362);
#1849=AXIS2_PLACEMENT_3D('',#2841,#2363,#2364);
#1850=AXIS2_PLACEMENT_3D('',#2842,#2365,#2366);
#1851=AXIS2_PLACEMENT_3D('',#2843,#2367,#2368);
#1852=AXIS2_PLACEMENT_3D('',#2845,#2369,#2370);
#1853=AXIS2_PLACEMENT_3D('',#2846,#2371,#2372);
#1854=AXIS2_PLACEMENT_3D('',#2847,#2373,#2374);
#1855=AXIS2_PLACEMENT_3D('',#2848,#2375,#2376);
#1856=AXIS2_PLACEMENT_3D('',#2849,#2377,#2378);
#1857=AXIS2_PLACEMENT_3D('',#2850,#2379,#2380);
#1858=AXIS2_PLACEMENT_3D('',#2851,#2381,#2382);
#1859=AXIS2_PLACEMENT_3D('',#2852,#2383,#2384);
#1860=AXIS2_PLACEMENT_3D('',#2853,#2385,#2386);
#1861=AXIS2_PLACEMENT_3D('',#2854,#2387,#2388);
#1862=AXIS2_PLACEMENT_3D('',#2855,#2389,#2390);
#1863=AXIS2_PLACEMENT_3D('',#2856,#2391,#2392);
#1864=AXIS2_PLACEMENT_3D('',#2857,#2393,#2394);
#1865=AXIS2_PLACEMENT_3D('',#2858,#2395,#2396);
#1866=AXIS2_PLACEMENT_3D('',#2859,#2397,#2398);
#1867=AXIS2_PLACEMENT_3D('',#2860,#2399,#2400);
#1868=AXIS2_PLACEMENT_3D('',#2861,#2401,#2402);
#1869=AXIS2_PLACEMENT_3D('',#2862,#2403,#2404);
#1870=AXIS2_PLACEMENT_3D('',#2863,#2405,#2406);
#1871=AXIS2_PLACEMENT_3D('',#2864,#2407,#2408);
#1872=AXIS2_PLACEMENT_3D('',#2865,#2409,#2410);
#1873=AXIS2_PLACEMENT_3D('',#2866,#2411,#2412);
#1874=AXIS2_PLACEMENT_3D('',#2867,#2413,#2414);
#1875=AXIS2_PLACEMENT_3D('',#2869,#2415,#2416);
#1876=AXIS2_PLACEMENT_3D('',#2870,#2417,#2418);
#1877=AXIS2_PLACEMENT_3D('',#2872,#2419,#2420);
#1878=AXIS2_PLACEMENT_3D('',#2873,#2421,#2422);
#1879=AXIS2_PLACEMENT_3D('',#2875,#2423,#2424);
#1880=AXIS2_PLACEMENT_3D('',#2876,#2425,#2426);
#1881=AXIS2_PLACEMENT_3D('',#2878,#2427,#2428);
#1882=AXIS2_PLACEMENT_3D('',#2879,#2429,#2430);
#1883=AXIS2_PLACEMENT_3D('',#2881,#2431,#2432);
#1884=AXIS2_PLACEMENT_3D('',#2882,#2433,#2434);
#1885=AXIS2_PLACEMENT_3D('',#2883,#2435,#2436);
#1886=AXIS2_PLACEMENT_3D('',#2885,#2437,#2438);
#1887=DIRECTION('',(0.,0.,1.));
#1888=DIRECTION('',(1.,0.,0.));
#1889=DIRECTION('',(0.,0.,-1.));
#1890=DIRECTION('',(-0.0647287750992253,0.997902893910101,0.));
#1891=DIRECTION('',(0.,0.,-1.));
#1892=DIRECTION('',(-1.,0.,0.));
#1893=DIRECTION('',(0.,0.,-1.));
#1894=DIRECTION('',(-1.,0.,0.));
#1895=DIRECTION('',(0.,0.,-1.));
#1896=DIRECTION('',(-1.,0.,0.));
#1897=DIRECTION('',(0.,0.,1.));
#1898=DIRECTION('',(1.,0.,0.));
#1899=DIRECTION('',(0.,0.,1.));
#1900=DIRECTION('',(1.,0.,0.));
#1901=DIRECTION('',(0.,0.,-1.));
#1902=DIRECTION('',(-1.,0.,0.));
#1903=DIRECTION('',(0.,0.,1.));
#1904=DIRECTION('',(1.,0.,0.));
#1905=DIRECTION('',(0.,0.,1.));
#1906=DIRECTION('',(1.,0.,0.));
#1907=DIRECTION('',(0.,0.,-1.));
#1908=DIRECTION('',(-1.,0.,0.));
#1909=DIRECTION('',(0.,0.,-1.));
#1910=DIRECTION('',(1.,0.,0.));
#1911=DIRECTION('',(0.,0.,-1.));
#1912=DIRECTION('',(-1.,0.,0.));
#1913=DIRECTION('',(0.,0.,-1.));
#1914=DIRECTION('',(-1.,0.,0.));
#1915=DIRECTION('',(0.,0.,1.));
#1916=DIRECTION('',(1.,0.,0.));
#1917=DIRECTION('',(0.,0.,-1.));
#1918=DIRECTION('',(-1.,0.,0.));
#1919=DIRECTION('',(0.,0.,-1.));
#1920=DIRECTION('',(-1.,0.,0.));
#1921=DIRECTION('',(0.,0.,1.));
#1922=DIRECTION('',(1.,0.,0.));
#1923=DIRECTION('',(0.,0.,1.));
#1924=DIRECTION('',(1.,0.,0.));
#1925=DIRECTION('',(0.,0.,-1.));
#1926=DIRECTION('',(-1.,0.,0.));
#1927=DIRECTION('',(0.,0.,1.));
#1928=DIRECTION('',(1.,0.,0.));
#1929=DIRECTION('',(0.,0.,1.));
#1930=DIRECTION('',(1.,0.,0.));
#1931=DIRECTION('',(0.,0.,-1.));
#1932=DIRECTION('',(-1.,0.,0.));
#1933=DIRECTION('',(0.,0.,1.));
#1934=DIRECTION('',(1.,0.,0.));
#1935=DIRECTION('',(0.,0.,1.));
#1936=DIRECTION('',(1.,0.,0.));
#1937=DIRECTION('',(0.,0.,-1.));
#1938=DIRECTION('',(-1.,0.,0.));
#1939=DIRECTION('',(0.,0.,-1.));
#1940=DIRECTION('',(1.,0.,0.));
#1941=DIRECTION('',(0.,0.,-1.));
#1942=DIRECTION('',(-1.,0.,0.));
#1943=DIRECTION('',(0.,0.,1.));
#1944=DIRECTION('',(1.,0.,0.));
#1945=DIRECTION('',(0.,0.,1.));
#1946=DIRECTION('',(1.,0.,0.));
#1947=DIRECTION('',(0.,0.,-1.));
#1948=DIRECTION('',(-1.,0.,0.));
#1949=DIRECTION('',(0.,0.,1.));
#1950=DIRECTION('',(1.,0.,0.));
#1951=DIRECTION('',(0.,0.,1.));
#1952=DIRECTION('',(1.,0.,0.));
#1953=DIRECTION('',(0.,0.,-1.));
#1954=DIRECTION('',(-1.,0.,0.));
#1955=DIRECTION('',(0.,0.,1.));
#1956=DIRECTION('',(1.,0.,0.));
#1957=DIRECTION('',(0.,0.,1.));
#1958=DIRECTION('',(1.,0.,0.));
#1959=DIRECTION('',(0.,0.,-1.));
#1960=DIRECTION('',(-1.,0.,0.));
#1961=DIRECTION('',(0.,0.,1.));
#1962=DIRECTION('',(1.,0.,0.));
#1963=DIRECTION('',(0.,0.,1.));
#1964=DIRECTION('',(1.,0.,0.));
#1965=DIRECTION('',(0.,0.,-1.));
#1966=DIRECTION('',(-1.,0.,0.));
#1967=DIRECTION('',(0.,0.,1.));
#1968=DIRECTION('',(1.,0.,0.));
#1969=DIRECTION('',(0.,0.,1.));
#1970=DIRECTION('',(1.,0.,0.));
#1971=DIRECTION('',(0.,0.,-1.));
#1972=DIRECTION('',(-1.,0.,0.));
#1973=DIRECTION('',(0.,0.,1.));
#1974=DIRECTION('',(1.,0.,0.));
#1975=DIRECTION('',(0.,0.,1.));
#1976=DIRECTION('',(1.,0.,0.));
#1977=DIRECTION('',(0.,0.,-1.));
#1978=DIRECTION('',(-1.,0.,0.));
#1979=DIRECTION('',(0.,0.,1.));
#1980=DIRECTION('',(1.,0.,0.));
#1981=DIRECTION('',(0.,0.,1.));
#1982=DIRECTION('',(1.,0.,0.));
#1983=DIRECTION('',(0.,0.,-1.));
#1984=DIRECTION('',(-1.,0.,0.));
#1985=DIRECTION('',(0.,0.,1.));
#1986=DIRECTION('',(1.,0.,0.));
#1987=DIRECTION('',(0.,0.,1.));
#1988=DIRECTION('',(1.,0.,0.));
#1989=DIRECTION('',(0.,0.,-1.));
#1990=DIRECTION('',(-1.,0.,0.));
#1991=DIRECTION('',(0.,0.,1.));
#1992=DIRECTION('',(1.,0.,0.));
#1993=DIRECTION('',(0.,0.,1.));
#1994=DIRECTION('',(1.,0.,0.));
#1995=DIRECTION('',(0.,0.,-1.));
#1996=DIRECTION('',(-1.,0.,0.));
#1997=DIRECTION('',(0.,0.,1.));
#1998=DIRECTION('',(1.,0.,0.));
#1999=DIRECTION('',(0.,0.,1.));
#2000=DIRECTION('',(1.,0.,0.));
#2001=DIRECTION('',(0.,0.,-1.));
#2002=DIRECTION('',(-1.,0.,0.));
#2003=DIRECTION('',(0.,0.,-1.));
#2004=DIRECTION('',(0.0647287750992269,-0.997902893910101,0.));
#2005=DIRECTION('',(0.,0.,-1.));
#2006=DIRECTION('',(-1.,0.,0.));
#2007=DIRECTION('',(0.,0.,-1.));
#2008=DIRECTION('',(-1.,0.,0.));
#2009=DIRECTION('',(0.,0.,1.));
#2010=DIRECTION('',(1.,0.,0.));
#2011=DIRECTION('',(0.,0.,1.));
#2012=DIRECTION('',(1.,0.,0.));
#2013=DIRECTION('',(0.,0.,1.));
#2014=DIRECTION('',(1.,0.,0.));
#2015=DIRECTION('',(0.,0.,1.));
#2016=DIRECTION('',(1.,0.,0.));
#2017=DIRECTION('',(0.,0.,1.));
#2018=DIRECTION('',(1.,0.,0.));
#2019=DIRECTION('',(0.,0.,1.));
#2020=DIRECTION('',(1.,0.,0.));
#2021=DIRECTION('',(0.,0.,1.));
#2022=DIRECTION('',(1.,0.,0.));
#2023=DIRECTION('',(0.,0.,1.));
#2024=DIRECTION('',(1.,0.,0.));
#2025=DIRECTION('',(0.,0.,1.));
#2026=DIRECTION('',(1.,0.,0.));
#2027=DIRECTION('',(0.,0.,1.));
#2028=DIRECTION('',(1.,0.,0.));
#2029=DIRECTION('',(0.,0.,1.));
#2030=DIRECTION('',(1.,0.,0.));
#2031=DIRECTION('',(0.,0.,1.));
#2032=DIRECTION('',(1.,0.,0.));
#2033=DIRECTION('',(0.,0.,1.));
#2034=DIRECTION('',(1.,0.,0.));
#2035=DIRECTION('',(0.,0.,1.));
#2036=DIRECTION('',(1.,0.,0.));
#2037=DIRECTION('',(0.,0.,1.));
#2038=DIRECTION('',(1.,0.,0.));
#2039=DIRECTION('',(0.,0.,1.));
#2040=DIRECTION('',(1.,0.,0.));
#2041=DIRECTION('',(0.,0.,1.));
#2042=DIRECTION('',(1.,0.,0.));
#2043=DIRECTION('',(0.,0.,1.));
#2044=DIRECTION('',(1.,0.,0.));
#2045=DIRECTION('',(0.,0.,1.));
#2046=DIRECTION('',(1.,0.,0.));
#2047=DIRECTION('',(0.,0.,1.));
#2048=DIRECTION('',(1.,0.,0.));
#2049=DIRECTION('',(0.,0.,1.));
#2050=DIRECTION('',(1.,0.,0.));
#2051=DIRECTION('',(0.,0.,1.));
#2052=DIRECTION('',(1.,0.,0.));
#2053=DIRECTION('',(-0.387216059774338,0.921989003759175,0.));
#2054=DIRECTION('',(-1.75644493566657E-16,1.,0.));
#2055=DIRECTION('',(0.,0.,1.));
#2056=DIRECTION('',(1.,0.,0.));
#2057=DIRECTION('',(-1.,0.,0.));
#2058=DIRECTION('',(0.,1.,0.));
#2059=DIRECTION('',(1.,0.,0.));
#2060=DIRECTION('',(0.,1.,0.));
#2061=DIRECTION('',(1.,0.,0.));
#2062=DIRECTION('',(1.91417762866406E-16,-1.,0.));
#2063=DIRECTION('',(-1.,0.,0.));
#2064=DIRECTION('',(0.,0.,-1.));
#2065=DIRECTION('',(1.,0.,0.));
#2066=DIRECTION('',(-2.63466740349987E-16,-1.,0.));
#2067=DIRECTION('',(-0.387216059774338,-0.921989003759175,0.));
#2068=DIRECTION('',(0.,0.,1.));
#2069=DIRECTION('',(1.,0.,0.));
#2070=DIRECTION('',(1.,0.,0.));
#2071=DIRECTION('',(0.,-1.,0.));
#2072=DIRECTION('',(1.,0.,0.));
#2073=DIRECTION('',(0.,0.,1.));
#2074=DIRECTION('',(1.,0.,0.));
#2075=DIRECTION('',(0.,0.,1.));
#2076=DIRECTION('',(1.,0.,0.));
#2077=DIRECTION('',(0.,0.,1.));
#2078=DIRECTION('',(1.,0.,0.));
#2079=DIRECTION('',(0.,0.,1.));
#2080=DIRECTION('',(1.,0.,0.));
#2081=DIRECTION('',(0.,0.,1.));
#2082=DIRECTION('',(1.,0.,0.));
#2083=DIRECTION('',(0.,0.,1.));
#2084=DIRECTION('',(1.,0.,0.));
#2085=DIRECTION('',(0.,0.,1.));
#2086=DIRECTION('',(1.,0.,0.));
#2087=DIRECTION('',(0.,0.,1.));
#2088=DIRECTION('',(1.,0.,0.));
#2089=DIRECTION('',(-0.921989003759175,-0.387216059774338,0.));
#2090=DIRECTION('',(0.387216059774338,-0.921989003759175,0.));
#2091=DIRECTION('',(0.,0.,-1.));
#2092=DIRECTION('',(-0.387216059774338,0.921989003759175,0.));
#2093=DIRECTION('',(0.,0.,1.));
#2094=DIRECTION('',(0.921989003759175,-0.387216059774338,0.));
#2095=DIRECTION('',(0.387216059774338,0.921989003759175,0.));
#2096=DIRECTION('',(-0.387216059774338,-0.921989003759175,0.));
#2097=DIRECTION('',(0.,0.,-1.));
#2098=DIRECTION('',(0.,0.,1.));
#2099=DIRECTION('',(0.,1.,0.));
#2100=DIRECTION('',(0.,0.,1.));
#2101=DIRECTION('',(0.,0.,-1.));
#2102=DIRECTION('',(1.,0.,0.));
#2103=DIRECTION('',(0.,0.,-1.));
#2104=DIRECTION('',(1.,0.,0.));
#2105=DIRECTION('',(0.,0.,-1.));
#2106=DIRECTION('',(0.,-1.,0.));
#2107=DIRECTION('',(0.,0.,-1.));
#2108=DIRECTION('',(0.,1.,0.));
#2109=DIRECTION('',(0.,0.,1.));
#2110=DIRECTION('',(1.,0.,0.));
#2111=DIRECTION('',(0.,0.,-1.));
#2112=DIRECTION('',(0.,-1.,0.));
#2113=DIRECTION('',(0.,0.,-1.));
#2114=DIRECTION('',(-1.,0.,0.));
#2115=DIRECTION('',(0.,0.,-1.));
#2116=DIRECTION('',(0.,0.,1.));
#2117=DIRECTION('',(-1.,0.,0.));
#2118=DIRECTION('',(0.,0.,1.));
#2119=DIRECTION('',(0.,1.,0.));
#2120=DIRECTION('',(0.,0.,-1.));
#2121=DIRECTION('',(0.,1.,0.));
#2122=DIRECTION('',(0.,0.,1.));
#2123=DIRECTION('',(1.,0.,0.));
#2124=DIRECTION('',(0.,0.,-1.));
#2125=DIRECTION('',(-1.,0.,0.));
#2126=DIRECTION('',(0.,0.,1.));
#2127=DIRECTION('',(0.,1.,0.));
#2128=DIRECTION('',(0.,0.,-1.));
#2129=DIRECTION('',(0.,1.,0.));
#2130=DIRECTION('',(0.,0.,1.));
#2131=DIRECTION('',(1.,0.,0.));
#2132=DIRECTION('',(0.,0.,-1.));
#2133=DIRECTION('',(1.,1.91417762866406E-16,0.));
#2134=DIRECTION('',(-1.91417762866406E-16,1.,0.));
#2135=DIRECTION('',(1.91417762866406E-16,-1.,0.));
#2136=DIRECTION('',(0.,0.,-1.));
#2137=DIRECTION('',(0.,-1.,0.));
#2138=DIRECTION('',(0.,0.,-1.));
#2139=DIRECTION('',(-1.,0.,0.));
#2140=DIRECTION('',(0.,0.,1.));
#2141=DIRECTION('',(0.,0.,-1.));
#2142=DIRECTION('',(-1.,0.,0.));
#2143=DIRECTION('',(0.,0.,1.));
#2144=DIRECTION('',(1.,0.,0.));
#2145=DIRECTION('',(0.,0.,-1.));
#2146=DIRECTION('',(-1.,0.,0.));
#2147=DIRECTION('',(0.,0.,1.));
#2148=DIRECTION('',(1.,0.,0.));
#2149=DIRECTION('',(0.,0.,-1.));
#2150=DIRECTION('',(-1.,0.,0.));
#2151=DIRECTION('',(0.,0.,1.));
#2152=DIRECTION('',(1.,0.,0.));
#2153=DIRECTION('',(0.,0.,-1.));
#2154=DIRECTION('',(-1.,0.,0.));
#2155=DIRECTION('',(0.,0.,1.));
#2156=DIRECTION('',(1.,0.,0.));
#2157=DIRECTION('',(0.,0.,1.));
#2158=DIRECTION('',(1.,0.,0.));
#2159=DIRECTION('',(1.75644493566657E-16,-1.,0.));
#2160=DIRECTION('',(0.,0.,1.));
#2161=DIRECTION('',(1.,0.,0.));
#2162=DIRECTION('',(0.,0.,1.));
#2163=DIRECTION('',(1.,0.,0.));
#2164=DIRECTION('',(2.63466740349987E-16,1.,0.));
#2165=DIRECTION('',(0.,0.,1.));
#2166=DIRECTION('',(1.,0.,0.));
#2167=DIRECTION('',(0.,0.,1.));
#2168=DIRECTION('',(1.,0.,0.));
#2169=DIRECTION('',(-1.,2.63466740349987E-16,0.));
#2170=DIRECTION('',(-2.63466740349987E-16,-1.,0.));
#2171=DIRECTION('',(0.,0.,1.));
#2172=DIRECTION('',(0.,0.,1.));
#2173=DIRECTION('',(1.,0.,0.));
#2174=DIRECTION('',(0.,0.,1.));
#2175=DIRECTION('',(1.,0.,0.));
#2176=DIRECTION('',(0.,0.,1.));
#2177=DIRECTION('',(1.,1.75644493566657E-16,0.));
#2178=DIRECTION('',(-1.75644493566657E-16,1.,0.));
#2179=DIRECTION('',(0.,0.,-1.));
#2180=DIRECTION('',(-1.,0.,0.));
#2181=DIRECTION('',(0.,0.,-1.));
#2182=DIRECTION('',(-1.,0.,0.));
#2183=DIRECTION('',(0.,0.,-1.));
#2184=DIRECTION('',(1.,0.,0.));
#2185=DIRECTION('',(0.,0.,-1.));
#2186=DIRECTION('',(-1.,0.,0.));
#2187=DIRECTION('',(0.,0.,-1.));
#2188=DIRECTION('',(-1.,0.,0.));
#2189=DIRECTION('',(0.,0.,-1.));
#2190=DIRECTION('',(-1.,0.,0.));
#2191=DIRECTION('',(0.,0.,-1.));
#2192=DIRECTION('',(1.,0.,0.));
#2193=DIRECTION('',(0.,0.,1.));
#2194=DIRECTION('',(-1.,0.,0.));
#2195=DIRECTION('',(0.,0.,1.));
#2196=DIRECTION('',(-1.,0.,0.));
#2197=DIRECTION('',(0.,0.,-1.));
#2198=DIRECTION('',(-1.,0.,0.));
#2199=DIRECTION('',(0.,0.,-1.));
#2200=DIRECTION('',(1.,0.,0.));
#2201=DIRECTION('',(0.,0.,-1.));
#2202=DIRECTION('',(-1.,0.,0.));
#2203=DIRECTION('',(0.,0.,-1.));
#2204=DIRECTION('',(-1.,0.,0.));
#2205=DIRECTION('',(0.,0.,-1.));
#2206=DIRECTION('',(-1.,0.,0.));
#2207=DIRECTION('',(0.,0.,-1.));
#2208=DIRECTION('',(1.,0.,0.));
#2209=DIRECTION('',(0.,0.,1.));
#2210=DIRECTION('',(-1.,0.,0.));
#2211=DIRECTION('',(0.,0.,1.));
#2212=DIRECTION('',(-1.,0.,0.));
#2213=DIRECTION('',(0.,0.,-1.));
#2214=DIRECTION('',(-1.,0.,0.));
#2215=DIRECTION('',(0.,0.,-1.));
#2216=DIRECTION('',(1.,0.,0.));
#2217=DIRECTION('',(0.,0.,1.));
#2218=DIRECTION('',(-1.,0.,0.));
#2219=DIRECTION('',(0.,0.,1.));
#2220=DIRECTION('',(-1.,0.,0.));
#2221=DIRECTION('',(0.,0.,-1.));
#2222=DIRECTION('',(-1.,0.,0.));
#2223=DIRECTION('',(0.,0.,-1.));
#2224=DIRECTION('',(1.,0.,0.));
#2225=DIRECTION('',(0.,0.,-1.));
#2226=DIRECTION('',(-1.,0.,0.));
#2227=DIRECTION('',(0.,0.,-1.));
#2228=DIRECTION('',(-1.,0.,0.));
#2229=DIRECTION('',(0.,0.,-1.));
#2230=DIRECTION('',(-1.,0.,0.));
#2231=DIRECTION('',(0.,0.,-1.));
#2232=DIRECTION('',(1.,0.,0.));
#2233=DIRECTION('',(0.,0.,-1.));
#2234=DIRECTION('',(-1.,0.,0.));
#2235=DIRECTION('',(0.,0.,-1.));
#2236=DIRECTION('',(-1.,0.,0.));
#2237=DIRECTION('',(0.,0.,-1.));
#2238=DIRECTION('',(1.,0.,0.));
#2239=DIRECTION('',(0.,0.,1.));
#2240=DIRECTION('',(-1.,0.,0.));
#2241=DIRECTION('',(0.,0.,-1.));
#2242=DIRECTION('',(-1.,0.,0.));
#2243=DIRECTION('',(0.,0.,-1.));
#2244=DIRECTION('',(1.,0.,0.));
#2245=DIRECTION('',(0.,0.,-1.));
#2246=DIRECTION('',(-1.,0.,0.));
#2247=DIRECTION('',(0.,0.,-1.));
#2248=DIRECTION('',(-1.,0.,0.));
#2249=DIRECTION('',(0.,0.,-1.));
#2250=DIRECTION('',(1.,0.,0.));
#2251=DIRECTION('',(0.,0.,1.));
#2252=DIRECTION('',(-1.,0.,0.));
#2253=DIRECTION('',(0.,0.,-1.));
#2254=DIRECTION('',(-1.,0.,0.));
#2255=DIRECTION('',(0.,0.,-1.));
#2256=DIRECTION('',(1.,0.,0.));
#2257=DIRECTION('',(0.,0.,1.));
#2258=DIRECTION('',(-1.,0.,0.));
#2259=DIRECTION('',(0.,0.,-1.));
#2260=DIRECTION('',(-1.,0.,0.));
#2261=DIRECTION('',(0.,0.,-1.));
#2262=DIRECTION('',(1.,0.,0.));
#2263=DIRECTION('',(0.,0.,-1.));
#2264=DIRECTION('',(-1.,0.,0.));
#2265=DIRECTION('',(0.,0.,-1.));
#2266=DIRECTION('',(-1.,0.,0.));
#2267=DIRECTION('',(0.,0.,1.));
#2268=DIRECTION('',(1.,0.,0.));
#2269=DIRECTION('',(0.,0.,1.));
#2270=DIRECTION('',(1.,0.,0.));
#2271=DIRECTION('',(0.,0.,1.));
#2272=DIRECTION('',(1.,0.,0.));
#2273=DIRECTION('',(0.,0.,1.));
#2274=DIRECTION('',(1.,0.,0.));
#2275=DIRECTION('',(0.,0.,1.));
#2276=DIRECTION('',(1.,0.,0.));
#2277=DIRECTION('',(0.,0.,1.));
#2278=DIRECTION('',(1.,0.,0.));
#2279=DIRECTION('',(0.,0.,1.));
#2280=DIRECTION('',(1.,0.,0.));
#2281=DIRECTION('',(0.,0.,1.));
#2282=DIRECTION('',(1.,0.,0.));
#2283=DIRECTION('',(0.,0.,1.));
#2284=DIRECTION('',(1.,0.,0.));
#2285=DIRECTION('',(0.,0.,1.));
#2286=DIRECTION('',(1.,0.,0.));
#2287=DIRECTION('',(0.,0.,1.));
#2288=DIRECTION('',(1.,0.,0.));
#2289=DIRECTION('',(0.,0.,1.));
#2290=DIRECTION('',(1.,0.,0.));
#2291=DIRECTION('',(0.,0.,1.));
#2292=DIRECTION('',(1.,0.,0.));
#2293=DIRECTION('',(0.,0.,1.));
#2294=DIRECTION('',(1.,0.,0.));
#2295=DIRECTION('',(0.,0.,1.));
#2296=DIRECTION('',(1.,0.,0.));
#2297=DIRECTION('',(0.,0.,1.));
#2298=DIRECTION('',(1.,0.,0.));
#2299=DIRECTION('',(0.,0.,1.));
#2300=DIRECTION('',(1.,0.,0.));
#2301=DIRECTION('',(0.,0.,1.));
#2302=DIRECTION('',(1.,0.,0.));
#2303=DIRECTION('',(0.,0.,1.));
#2304=DIRECTION('',(1.,0.,0.));
#2305=DIRECTION('',(0.,0.,1.));
#2306=DIRECTION('',(1.,0.,0.));
#2307=DIRECTION('',(0.,0.,1.));
#2308=DIRECTION('',(1.,0.,0.));
#2309=DIRECTION('',(0.,0.,1.));
#2310=DIRECTION('',(1.,0.,0.));
#2311=DIRECTION('',(0.,0.,1.));
#2312=DIRECTION('',(1.,0.,0.));
#2313=DIRECTION('',(0.,0.,1.));
#2314=DIRECTION('',(1.,0.,0.));
#2315=DIRECTION('',(0.,0.,1.));
#2316=DIRECTION('',(1.,0.,0.));
#2317=DIRECTION('',(0.,0.,1.));
#2318=DIRECTION('',(1.,0.,0.));
#2319=DIRECTION('',(0.,0.,1.));
#2320=DIRECTION('',(1.,0.,0.));
#2321=DIRECTION('',(0.,0.,1.));
#2322=DIRECTION('',(1.,0.,0.));
#2323=DIRECTION('',(0.,0.,1.));
#2324=DIRECTION('',(1.,0.,0.));
#2325=DIRECTION('',(0.,0.,1.));
#2326=DIRECTION('',(1.,0.,0.));
#2327=DIRECTION('',(0.,0.,1.));
#2328=DIRECTION('',(1.,0.,0.));
#2329=DIRECTION('',(0.,0.,1.));
#2330=DIRECTION('',(1.,0.,0.));
#2331=DIRECTION('',(0.,0.,1.));
#2332=DIRECTION('',(1.,0.,0.));
#2333=DIRECTION('',(0.,0.,1.));
#2334=DIRECTION('',(1.,0.,0.));
#2335=DIRECTION('',(0.,0.,1.));
#2336=DIRECTION('',(1.,0.,0.));
#2337=DIRECTION('',(0.,0.,1.));
#2338=DIRECTION('',(1.,0.,0.));
#2339=DIRECTION('',(0.,0.,1.));
#2340=DIRECTION('',(1.,0.,0.));
#2341=DIRECTION('',(0.,0.,1.));
#2342=DIRECTION('',(1.,0.,0.));
#2343=DIRECTION('',(0.,0.,1.));
#2344=DIRECTION('',(1.,0.,0.));
#2345=DIRECTION('',(0.,0.,1.));
#2346=DIRECTION('',(1.,0.,0.));
#2347=DIRECTION('',(0.,0.,1.));
#2348=DIRECTION('',(1.,0.,0.));
#2349=DIRECTION('',(0.,0.,1.));
#2350=DIRECTION('',(1.,0.,0.));
#2351=DIRECTION('',(0.,0.,1.));
#2352=DIRECTION('',(1.,0.,0.));
#2353=DIRECTION('',(0.,0.,1.));
#2354=DIRECTION('',(1.,0.,0.));
#2355=DIRECTION('',(0.,0.,1.));
#2356=DIRECTION('',(1.,0.,0.));
#2357=DIRECTION('',(0.,0.,1.));
#2358=DIRECTION('',(1.,0.,0.));
#2359=DIRECTION('',(0.,0.,1.));
#2360=DIRECTION('',(1.,0.,0.));
#2361=DIRECTION('',(0.,0.,1.));
#2362=DIRECTION('',(1.,0.,0.));
#2363=DIRECTION('',(0.,0.,1.));
#2364=DIRECTION('',(1.,0.,0.));
#2365=DIRECTION('',(0.,0.,1.));
#2366=DIRECTION('',(1.,0.,0.));
#2367=DIRECTION('',(0.,0.,1.));
#2368=DIRECTION('',(1.,0.,0.));
#2369=DIRECTION('',(0.,0.,1.));
#2370=DIRECTION('',(1.,0.,0.));
#2371=DIRECTION('',(0.,0.,-1.));
#2372=DIRECTION('',(1.,0.,0.));
#2373=DIRECTION('',(0.,0.,-1.));
#2374=DIRECTION('',(1.,0.,0.));
#2375=DIRECTION('',(0.,0.,-1.));
#2376=DIRECTION('',(1.,0.,0.));
#2377=DIRECTION('',(0.,0.,-1.));
#2378=DIRECTION('',(1.,0.,0.));
#2379=DIRECTION('',(0.,0.,-1.));
#2380=DIRECTION('',(1.,0.,0.));
#2381=DIRECTION('',(0.,0.,-1.));
#2382=DIRECTION('',(1.,0.,0.));
#2383=DIRECTION('',(0.,0.,-1.));
#2384=DIRECTION('',(1.,0.,0.));
#2385=DIRECTION('',(0.,0.,-1.));
#2386=DIRECTION('',(1.,0.,0.));
#2387=DIRECTION('',(0.,0.,-1.));
#2388=DIRECTION('',(1.,0.,0.));
#2389=DIRECTION('',(0.,0.,-1.));
#2390=DIRECTION('',(1.,0.,0.));
#2391=DIRECTION('',(0.,0.,-1.));
#2392=DIRECTION('',(1.,0.,0.));
#2393=DIRECTION('',(0.,0.,-1.));
#2394=DIRECTION('',(1.,0.,0.));
#2395=DIRECTION('',(0.,0.,-1.));
#2396=DIRECTION('',(1.,0.,0.));
#2397=DIRECTION('',(0.,0.,-1.));
#2398=DIRECTION('',(1.,0.,0.));
#2399=DIRECTION('',(0.,0.,-1.));
#2400=DIRECTION('',(1.,0.,0.));
#2401=DIRECTION('',(0.,0.,-1.));
#2402=DIRECTION('',(1.,0.,0.));
#2403=DIRECTION('',(0.,0.,-1.));
#2404=DIRECTION('',(1.,0.,0.));
#2405=DIRECTION('',(0.,0.,-1.));
#2406=DIRECTION('',(1.,0.,0.));
#2407=DIRECTION('',(0.,0.,-1.));
#2408=DIRECTION('',(1.,0.,0.));
#2409=DIRECTION('',(0.,0.,-1.));
#2410=DIRECTION('',(1.,0.,0.));
#2411=DIRECTION('',(0.,0.,1.));
#2412=DIRECTION('',(1.,0.,0.));
#2413=DIRECTION('',(0.,0.,1.));
#2414=DIRECTION('',(1.,0.,0.));
#2415=DIRECTION('',(0.,0.,1.));
#2416=DIRECTION('',(1.,0.,0.));
#2417=DIRECTION('',(0.,0.,1.));
#2418=DIRECTION('',(1.,0.,0.));
#2419=DIRECTION('',(0.,0.,1.));
#2420=DIRECTION('',(1.,0.,0.));
#2421=DIRECTION('',(0.,0.,1.));
#2422=DIRECTION('',(1.,0.,0.));
#2423=DIRECTION('',(0.,0.,1.));
#2424=DIRECTION('',(1.,0.,0.));
#2425=DIRECTION('',(0.,0.,1.));
#2426=DIRECTION('',(1.,0.,0.));
#2427=DIRECTION('',(0.,0.,1.));
#2428=DIRECTION('',(1.,0.,0.));
#2429=DIRECTION('',(0.,0.,1.));
#2430=DIRECTION('',(1.,0.,0.));
#2431=DIRECTION('',(0.,0.,1.));
#2432=DIRECTION('',(1.,0.,0.));
#2433=DIRECTION('',(0.,0.,1.));
#2434=DIRECTION('',(1.,0.,0.));
#2435=DIRECTION('',(0.,0.,1.));
#2436=DIRECTION('',(1.,0.,0.));
#2437=DIRECTION('',(0.,0.,1.));
#2438=DIRECTION('',(1.,0.,0.));
#2439=CARTESIAN_POINT('',(0.,0.,0.));
#2440=CARTESIAN_POINT('',(0.0589361713684697,-0.0255383251202755,0.01));
#2441=CARTESIAN_POINT('',(0.0589361713684697,-0.0255383251202755,0.008));
#2442=CARTESIAN_POINT('',(0.0613861096450622,-0.0255383192543979,0.008));
#2443=CARTESIAN_POINT('',(0.0589361713684697,-0.0255383251202755,0.004));
#2444=CARTESIAN_POINT('',(0.0590947528721827,-0.0279831256163953,0.004));
#2445=CARTESIAN_POINT('',(0.0836641352384873,0.0473317632453045,0.01));
#2446=CARTESIAN_POINT('',(0.0836641352384873,0.0473317632453045,0.008));
#2447=CARTESIAN_POINT('',(0.0861141352384873,0.0473317632453045,0.008));
#2448=CARTESIAN_POINT('',(0.0836641352384873,0.0473317632453045,0.004));
#2449=CARTESIAN_POINT('',(0.0861141352384873,0.0473317632453045,0.004));
#2450=CARTESIAN_POINT('',(0.0946641352384881,0.0473317632453045,0.01));
#2451=CARTESIAN_POINT('',(0.0946641352384881,0.0473317632453045,0.008));
#2452=CARTESIAN_POINT('',(0.0971141352384881,0.0473317632453045,0.008));
#2453=CARTESIAN_POINT('',(0.0946641352384881,0.0473317632453045,0.004));
#2454=CARTESIAN_POINT('',(0.0971141352384881,0.0473317632453045,0.004));
#2455=CARTESIAN_POINT('',(0.0837446209879709,-0.0198064797547095,0.01));
#2456=CARTESIAN_POINT('',(0.0837446209879709,-0.0198064797547095,0.008));
#2457=CARTESIAN_POINT('',(0.0861946209879709,-0.0198064797547095,0.008));
#2458=CARTESIAN_POINT('',(0.0837446209879709,-0.0198064797547095,0.004));
#2459=CARTESIAN_POINT('',(0.0812946209879709,-0.0198064797547095,0.004));
#2460=CARTESIAN_POINT('',(0.0526861709879747,0.00192280275180758,0.01));
#2461=CARTESIAN_POINT('',(0.0526861709879747,0.00192280275180758,0.008));
#2462=CARTESIAN_POINT('',(0.0551361709879748,0.00192280275180758,0.008));
#2463=CARTESIAN_POINT('',(0.0526861709879747,0.00192280275180758,0.004));
#2464=CARTESIAN_POINT('',(0.0502361709879746,0.00192280275180758,0.004));
#2465=CARTESIAN_POINT('',(0.0651861709879756,0.00192280275180758,0.01));
#2466=CARTESIAN_POINT('',(0.0651861709879756,0.00192280275180758,0.008));
#2467=CARTESIAN_POINT('',(0.0676361709879757,0.00192280275180758,0.008));
#2468=CARTESIAN_POINT('',(0.0651861709879756,0.00192280275180758,0.004));
#2469=CARTESIAN_POINT('',(0.0676361709879757,0.00192280275180758,0.004));
#2470=CARTESIAN_POINT('',(0.0837446209879709,-0.04221,0.01));
#2471=CARTESIAN_POINT('',(0.0837446209879709,-0.04221,0.008));
#2472=CARTESIAN_POINT('',(0.0861946209879709,-0.04221,0.008));
#2473=CARTESIAN_POINT('',(0.0837446209879709,-0.04221,0.004));
#2474=CARTESIAN_POINT('',(0.0861946209879709,-0.04221,0.004));
#2475=CARTESIAN_POINT('',(0.0947446209879714,-0.04221,0.01));
#2476=CARTESIAN_POINT('',(0.0947446209879714,-0.04221,0.008));
#2477=CARTESIAN_POINT('',(0.0971946209879714,-0.04221,0.008));
#2478=CARTESIAN_POINT('',(0.0947446209879714,-0.04221,0.004));
#2479=CARTESIAN_POINT('',(0.0971946209879714,-0.04221,0.004));
#2480=CARTESIAN_POINT('',(0.0947446209879714,-0.0198064797547095,0.01));
#2481=CARTESIAN_POINT('',(0.0947446209879714,-0.0198064797547095,0.008));
#2482=CARTESIAN_POINT('',(0.0971946209879714,-0.0198064797547095,0.008));
#2483=CARTESIAN_POINT('',(0.0947446209879714,-0.0198064797547095,0.004));
#2484=CARTESIAN_POINT('',(0.0922946209879714,-0.0198064797547095,0.004));
#2485=CARTESIAN_POINT('',(0.00942979837025532,0.075,-2.00000000000027E-6));
#2486=CARTESIAN_POINT('',(0.00942979837025532,0.075,0.008));
#2487=CARTESIAN_POINT('',(0.0114797983702553,0.075,0.008));
#2488=CARTESIAN_POINT('',(0.00942979837025532,0.075,0.004));
#2489=CARTESIAN_POINT('',(0.00737979837025532,0.075,0.004));
#2490=CARTESIAN_POINT('',(0.0325074125472911,0.0460033082570379,-2.00000000000027E-6));
#2491=CARTESIAN_POINT('',(0.0325074125472911,0.0460033082570379,0.008));
#2492=CARTESIAN_POINT('',(0.0345574125472911,0.0460033082570379,0.008));
#2493=CARTESIAN_POINT('',(0.0325074125472911,0.0460033082570379,0.004));
#2494=CARTESIAN_POINT('',(0.0304574125472911,0.0460033082570379,0.004));
#2495=CARTESIAN_POINT('',(-0.00655616631986621,0.0109397370098948,-2.00000000000027E-6));
#2496=CARTESIAN_POINT('',(-0.00655616631986621,0.0109397370098948,0.008));
#2497=CARTESIAN_POINT('',(-0.00450616631986621,0.0109397370098948,0.008));
#2498=CARTESIAN_POINT('',(-0.00655616631986621,0.0109397370098948,0.004));
#2499=CARTESIAN_POINT('',(-0.00860616631986621,0.0109397370098948,0.004));
#2500=CARTESIAN_POINT('',(0.0325074125472911,-0.016996818743218,-2.00000000000027E-6));
#2501=CARTESIAN_POINT('',(0.0325074125472911,-0.016996818743218,0.008));
#2502=CARTESIAN_POINT('',(0.0345574125472911,-0.016996818743218,0.008));
#2503=CARTESIAN_POINT('',(0.0325074125472911,-0.016996818743218,0.004));
#2504=CARTESIAN_POINT('',(0.0304574125472911,-0.016996818743218,0.004));
#2505=CARTESIAN_POINT('',(-0.00649266619286621,-0.0289968416032634,-2.00000000000027E-6));
#2506=CARTESIAN_POINT('',(-0.00649266619286621,-0.0289968416032634,0.008));
#2507=CARTESIAN_POINT('',(-0.00444266619286621,-0.0289968416032634,0.008));
#2508=CARTESIAN_POINT('',(-0.00649266619286621,-0.0289968416032634,0.004));
#2509=CARTESIAN_POINT('',(-0.00854266619286621,-0.0289968416032634,0.004));
#2510=CARTESIAN_POINT('',(0.0230371300148638,-0.075,-2.00000000000027E-6));
#2511=CARTESIAN_POINT('',(0.0230371300148638,-0.075,0.008));
#2512=CARTESIAN_POINT('',(0.0250871300148638,-0.075,0.008));
#2513=CARTESIAN_POINT('',(0.0230371300148638,-0.075,0.004));
#2514=CARTESIAN_POINT('',(0.0209871300148638,-0.075,0.004));
#2515=CARTESIAN_POINT('',(-0.0825041033487807,0.021000000000001,-2.00000000000027E-6));
#2516=CARTESIAN_POINT('',(-0.0825041033487807,0.021000000000001,0.008));
#2517=CARTESIAN_POINT('',(-0.0800541033487807,0.021000000000001,0.008));
#2518=CARTESIAN_POINT('',(-0.0825041033487807,0.021000000000001,0.004));
#2519=CARTESIAN_POINT('',(-0.0849541033487807,0.021000000000001,0.004));
#2520=CARTESIAN_POINT('',(-0.0945481688694279,0.021000000000001,-2.00000000000027E-6));
#2521=CARTESIAN_POINT('',(-0.0945481688694279,0.021000000000001,0.008));
#2522=CARTESIAN_POINT('',(-0.0920981688694279,0.021000000000001,0.008));
#2523=CARTESIAN_POINT('',(-0.0945481688694279,0.021000000000001,0.004));
#2524=CARTESIAN_POINT('',(-0.0969981688694279,0.021000000000001,0.004));
#2525=CARTESIAN_POINT('',(-0.0825041033487807,-0.021000000000001,-2.00000000000027E-6));
#2526=CARTESIAN_POINT('',(-0.0825041033487807,-0.021000000000001,0.008));
#2527=CARTESIAN_POINT('',(-0.0800541033487807,-0.021000000000001,0.008));
#2528=CARTESIAN_POINT('',(-0.0825041033487807,-0.021000000000001,0.004));
#2529=CARTESIAN_POINT('',(-0.0849541033487807,-0.021000000000001,0.004));
#2530=CARTESIAN_POINT('',(-0.0945481688694279,-0.021000000000001,-2.00000000000027E-6));
#2531=CARTESIAN_POINT('',(-0.0945481688694279,-0.021000000000001,0.008));
#2532=CARTESIAN_POINT('',(-0.0920981688694279,-0.021000000000001,0.008));
#2533=CARTESIAN_POINT('',(-0.0945481688694279,-0.021000000000001,0.004));
#2534=CARTESIAN_POINT('',(-0.0969981688694279,-0.021000000000001,0.004));
#2535=CARTESIAN_POINT('',(0.0589361706074726,-0.0440771913821672,0.01));
#2536=CARTESIAN_POINT('',(0.0589361706074726,-0.0440771913821672,0.004));
#2537=CARTESIAN_POINT('',(0.0587775891037596,-0.0416323908860474,0.004));
#2538=CARTESIAN_POINT('',(0.0589361706074726,-0.0440771913821672,0.008));
#2539=CARTESIAN_POINT('',(0.0613861088840651,-0.0440771972480439,0.008));
#2540=CARTESIAN_POINT('',(0.00692979837025529,0.,0.01));
#2541=CARTESIAN_POINT('',(0.0269297983702565,0.0750000000000046,0.01));
#2542=CARTESIAN_POINT('',(0.0293297983702565,0.0750000000000046,0.01));
#2543=CARTESIAN_POINT('',(0.00553713001486413,-0.0750000000000047,0.01));
#2544=CARTESIAN_POINT('',(0.00793713001486413,-0.0750000000000047,0.01));
#2545=CARTESIAN_POINT('',(0.0230371300148638,-0.075,0.01));
#2546=CARTESIAN_POINT('',(0.0254371300148638,-0.075,0.01));
#2547=CARTESIAN_POINT('',(0.0947446209879714,-0.0198064797547095,0.01));
#2548=CARTESIAN_POINT('',(0.0974946209879714,-0.0198064797547095,0.01));
#2549=CARTESIAN_POINT('',(0.0836641352384873,0.0473317632453045,0.01));
#2550=CARTESIAN_POINT('',(0.0864141352384873,0.0473317632453045,0.01));
#2551=CARTESIAN_POINT('',(0.0946641352384881,0.0473317632453045,0.01));
#2552=CARTESIAN_POINT('',(0.0974141352384881,0.0473317632453045,0.01));
#2553=CARTESIAN_POINT('',(0.0589361709879712,-0.0440771972481926,0.01));
#2554=CARTESIAN_POINT('',(0.0616861709879712,-0.0440771972481926,0.01));
#2555=CARTESIAN_POINT('',(0.0837446209879709,-0.0198064797547095,0.01));
#2556=CARTESIAN_POINT('',(0.0864946209879709,-0.0198064797547095,0.01));
#2557=CARTESIAN_POINT('',(0.0837446209879709,-0.04221,0.01));
#2558=CARTESIAN_POINT('',(0.0864946209879709,-0.04221,0.01));
#2559=CARTESIAN_POINT('',(0.0947446209879714,-0.04221,0.01));
#2560=CARTESIAN_POINT('',(0.0974946209879714,-0.04221,0.01));
#2561=CARTESIAN_POINT('',(-0.00649266619286621,-0.0289968416032634,0.01));
#2562=CARTESIAN_POINT('',(-0.00409266619286621,-0.0289968416032634,0.01));
#2563=CARTESIAN_POINT('',(0.0325074125472911,-0.016996818743218,0.01));
#2564=CARTESIAN_POINT('',(0.0349074125472911,-0.016996818743218,0.01));
#2565=CARTESIAN_POINT('',(-0.0065561663198662,0.0109397370098948,0.01));
#2566=CARTESIAN_POINT('',(-0.0041561663198662,0.0109397370098948,0.01));
#2567=CARTESIAN_POINT('',(0.0325074125472911,0.0460033082570379,0.01));
#2568=CARTESIAN_POINT('',(0.0349074125472911,0.0460033082570379,0.01));
#2569=CARTESIAN_POINT('',(0.0589361709879712,-0.0255383192542511,0.01));
#2570=CARTESIAN_POINT('',(0.0616861709879712,-0.0255383192542511,0.01));
#2571=CARTESIAN_POINT('',(0.0526861709879747,0.00192280275180758,0.01));
#2572=CARTESIAN_POINT('',(0.0554361709879747,0.00192280275180758,0.01));
#2573=CARTESIAN_POINT('',(0.0651861709879756,0.00192280275180758,0.01));
#2574=CARTESIAN_POINT('',(0.0679361709879756,0.00192280275180758,0.01));
#2575=CARTESIAN_POINT('',(0.00942979837025532,0.075,0.01));
#2576=CARTESIAN_POINT('',(0.0118297983702553,0.075,0.01));
#2577=CARTESIAN_POINT('',(0.106773200569014,-0.0470956861972809,0.01));
#2578=CARTESIAN_POINT('',(0.109523200569014,-0.0470956861972809,0.01));
#2579=CARTESIAN_POINT('',(0.0394297983702553,0.09,0.01));
#2580=CARTESIAN_POINT('',(0.0421797983702553,0.09,0.01));
#2581=CARTESIAN_POINT('',(0.0394297983702553,-0.09,0.01));
#2582=CARTESIAN_POINT('',(0.0421797983702553,-0.09,0.01));
#2583=CARTESIAN_POINT('',(-0.012157717038991,-0.0569360799688277,0.01));
#2584=CARTESIAN_POINT('',(-0.0169628699851362,-0.04549466873111,0.01));
#2585=CARTESIAN_POINT('',(-0.0229966374998069,-0.0311278387421686,0.01));
#2586=CARTESIAN_POINT('',(-0.0169628699851362,-0.065247334365555,0.01));
#2587=CARTESIAN_POINT('',(-0.0169628699851362,-0.085,0.01));
#2588=CARTESIAN_POINT('',(-0.00696286998513625,-0.085,0.01));
#2589=CARTESIAN_POINT('',(-0.0069628699851362,-0.095,0.01));
#2590=CARTESIAN_POINT('',(0.0299522279798049,-0.095,0.01));
#2591=CARTESIAN_POINT('',(0.0494297983702553,-0.095,0.01));
#2592=CARTESIAN_POINT('',(0.0494297983702553,-0.076875,0.01));
#2593=CARTESIAN_POINT('',(0.0494297983702553,-0.05875,0.01));
#2594=CARTESIAN_POINT('',(0.0744297983702553,-0.05875,0.01));
#2595=CARTESIAN_POINT('',(0.114429798370255,-0.05875,0.01));
#2596=CARTESIAN_POINT('',(0.114429798370255,0.,0.01));
#2597=CARTESIAN_POINT('',(0.114429798370255,0.05875,0.01));
#2598=CARTESIAN_POINT('',(0.0744297983702553,0.05875,0.01));
#2599=CARTESIAN_POINT('',(0.0494297983702553,0.05875,0.01));
#2600=CARTESIAN_POINT('',(0.0494297983702553,0.076875,0.01));
#2601=CARTESIAN_POINT('',(0.0494297983702553,0.095,0.01));
#2602=CARTESIAN_POINT('',(0.0299522279798049,0.095,0.01));
#2603=CARTESIAN_POINT('',(-0.00696286998513619,0.095,0.01));
#2604=CARTESIAN_POINT('',(-0.00696286998513624,0.085,0.01));
#2605=CARTESIAN_POINT('',(-0.0169628699851362,0.085,0.01));
#2606=CARTESIAN_POINT('',(-0.0169628699851362,0.065247334365555,0.01));
#2607=CARTESIAN_POINT('',(-0.0169628699851362,0.04549466873111,0.01));
#2608=CARTESIAN_POINT('',(-0.012157717038991,0.0569360799688277,0.01));
#2609=CARTESIAN_POINT('',(-0.0229966374998069,0.0311278387421686,0.01));
#2610=CARTESIAN_POINT('',(-0.0322165275373986,0.034999999339912,0.01));
#2611=CARTESIAN_POINT('',(-0.0322165275373986,0.024999999339912,0.01));
#2612=CARTESIAN_POINT('',(-0.0630702016297447,0.024999999339912,0.01));
#2613=CARTESIAN_POINT('',(-0.100570201629745,0.024999999339912,0.01));
#2614=CARTESIAN_POINT('',(-0.100570201629745,3.46944695195361E-18,0.01));
#2615=CARTESIAN_POINT('',(-0.100570201629745,-0.024999999339912,0.01));
#2616=CARTESIAN_POINT('',(-0.0630702016297447,-0.024999999339912,0.01));
#2617=CARTESIAN_POINT('',(-0.0322165275373986,-0.024999999339912,0.01));
#2618=CARTESIAN_POINT('',(-0.0322165275373986,-0.034999999339912,0.01));
#2619=CARTESIAN_POINT('',(-0.0825041033487807,0.021000000000001,0.01));
#2620=CARTESIAN_POINT('',(-0.0797541033487807,0.021000000000001,0.01));
#2621=CARTESIAN_POINT('',(-0.0945481688694279,0.021000000000001,0.01));
#2622=CARTESIAN_POINT('',(-0.0917981688694279,0.021000000000001,0.01));
#2623=CARTESIAN_POINT('',(-0.0825041033487807,-0.021000000000001,0.01));
#2624=CARTESIAN_POINT('',(-0.0797541033487807,-0.021000000000001,0.01));
#2625=CARTESIAN_POINT('',(-0.0945481688694279,-0.021000000000001,0.01));
#2626=CARTESIAN_POINT('',(-0.0917981688694279,-0.021000000000001,0.01));
#2627=CARTESIAN_POINT('',(-0.0069628699851362,-0.09,0.01));
#2628=CARTESIAN_POINT('',(-0.0042128699851362,-0.09,0.01));
#2629=CARTESIAN_POINT('',(0.106773200569014,0.0470956861972809,0.01));
#2630=CARTESIAN_POINT('',(0.109523200569014,0.0470956861972809,0.01));
#2631=CARTESIAN_POINT('',(-0.00696286998513619,0.09,0.01));
#2632=CARTESIAN_POINT('',(-0.00421286998513619,0.09,0.01));
#2633=CARTESIAN_POINT('',(-0.012157717038991,-0.0569360799688277,0.01));
#2634=CARTESIAN_POINT('',(-0.0229966374998069,-0.0311278387421686,0.01));
#2635=CARTESIAN_POINT('',(-0.0229966374998069,-0.0311278387421686,0.));
#2636=CARTESIAN_POINT('',(-0.012157717038991,-0.0569360799688277,0.));
#2637=CARTESIAN_POINT('',(-0.0169628699851362,-0.04549466873111,0.));
#2638=CARTESIAN_POINT('',(-0.0169628699851362,-0.04549466873111,-2.00000000000027E-6));
#2639=CARTESIAN_POINT('',(-0.012157717038991,0.0569360799688277,0.01));
#2640=CARTESIAN_POINT('',(-0.012157717038991,0.0569360799688277,0.));
#2641=CARTESIAN_POINT('',(-0.0169628699851362,0.04549466873111,0.));
#2642=CARTESIAN_POINT('',(-0.0229966374998069,0.0311278387421686,0.));
#2643=CARTESIAN_POINT('',(-0.0229966374998069,0.0311278387421686,0.01));
#2644=CARTESIAN_POINT('',(-0.0169628699851362,0.04549466873111,-2.00000000000027E-6));
#2645=CARTESIAN_POINT('',(-0.0630702016297447,0.024999999339912,0.01));
#2646=CARTESIAN_POINT('',(-0.0322165275373986,0.024999999339912,0.01));
#2647=CARTESIAN_POINT('',(-0.0322165275373986,0.024999999339912,0.));
#2648=CARTESIAN_POINT('',(-0.0630702016297447,0.024999999339912,0.));
#2649=CARTESIAN_POINT('',(-0.100570201629745,0.024999999339912,0.));
#2650=CARTESIAN_POINT('',(-0.100570201629745,0.024999999339912,0.01));
#2651=CARTESIAN_POINT('',(-0.100570201629745,3.46944695195361E-18,0.01));
#2652=CARTESIAN_POINT('',(-0.100570201629745,3.46944695195361E-18,0.));
#2653=CARTESIAN_POINT('',(-0.100570201629745,-0.024999999339912,0.));
#2654=CARTESIAN_POINT('',(-0.100570201629745,-0.024999999339912,0.01));
#2655=CARTESIAN_POINT('',(-0.0630702016297447,-0.024999999339912,0.01));
#2656=CARTESIAN_POINT('',(-0.0630702016297447,-0.024999999339912,0.));
#2657=CARTESIAN_POINT('',(-0.0322165275373986,-0.024999999339912,0.));
#2658=CARTESIAN_POINT('',(-0.0322165275373986,-0.024999999339912,0.01));
#2659=CARTESIAN_POINT('',(0.0299522279798049,-0.095,0.01));
#2660=CARTESIAN_POINT('',(0.0299522279798049,-0.095,0.));
#2661=CARTESIAN_POINT('',(0.0494297983702553,-0.095,0.));
#2662=CARTESIAN_POINT('',(-0.0069628699851362,-0.095,0.));
#2663=CARTESIAN_POINT('',(0.0494297983702553,-0.095,0.01));
#2664=CARTESIAN_POINT('',(-0.0069628699851362,-0.095,-2.00000000000027E-6));
#2665=CARTESIAN_POINT('',(0.0494297983702553,-0.076875,0.01));
#2666=CARTESIAN_POINT('',(0.0494297983702553,-0.076875,0.));
#2667=CARTESIAN_POINT('',(0.0494297983702553,-0.05875,0.));
#2668=CARTESIAN_POINT('',(0.0494297983702553,-0.05875,0.01));
#2669=CARTESIAN_POINT('',(0.0744297983702553,-0.05875,0.01));
#2670=CARTESIAN_POINT('',(0.0744297983702553,-0.05875,0.));
#2671=CARTESIAN_POINT('',(0.114429798370255,-0.05875,0.));
#2672=CARTESIAN_POINT('',(0.114429798370255,-0.05875,0.01));
#2673=CARTESIAN_POINT('',(0.114429798370255,0.,0.01));
#2674=CARTESIAN_POINT('',(0.114429798370255,0.,0.));
#2675=CARTESIAN_POINT('',(0.114429798370255,0.05875,0.));
#2676=CARTESIAN_POINT('',(0.114429798370255,0.05875,0.01));
#2677=CARTESIAN_POINT('',(0.0744297983702553,0.05875,0.01));
#2678=CARTESIAN_POINT('',(0.0744297983702553,0.05875,0.));
#2679=CARTESIAN_POINT('',(0.0494297983702553,0.05875,0.));
#2680=CARTESIAN_POINT('',(0.0494297983702553,0.05875,0.01));
#2681=CARTESIAN_POINT('',(0.0494297983702553,0.076875,0.01));
#2682=CARTESIAN_POINT('',(0.0494297983702553,0.076875,0.));
#2683=CARTESIAN_POINT('',(0.0494297983702553,0.095,0.));
#2684=CARTESIAN_POINT('',(0.0494297983702553,0.095,0.01));
#2685=CARTESIAN_POINT('',(0.0299522279798049,0.095,0.01));
#2686=CARTESIAN_POINT('',(0.0299522279798049,0.095,0.));
#2687=CARTESIAN_POINT('',(-0.00696286998513619,0.095,0.));
#2688=CARTESIAN_POINT('',(-0.00696286998513619,0.095,-2.00000000000027E-6));
#2689=CARTESIAN_POINT('',(-0.0945481688694279,-0.021000000000001,0.01));
#2690=CARTESIAN_POINT('',(-0.0945481688694279,-0.021000000000001,0.008));
#2691=CARTESIAN_POINT('',(-0.0917981688694279,-0.021000000000001,0.008));
#2692=CARTESIAN_POINT('',(-0.0825041033487807,-0.021000000000001,0.01));
#2693=CARTESIAN_POINT('',(-0.0825041033487807,-0.021000000000001,0.008));
#2694=CARTESIAN_POINT('',(-0.0797541033487807,-0.021000000000001,0.008));
#2695=CARTESIAN_POINT('',(-0.0945481688694279,0.021000000000001,0.01));
#2696=CARTESIAN_POINT('',(-0.0945481688694279,0.021000000000001,0.008));
#2697=CARTESIAN_POINT('',(-0.0917981688694279,0.021000000000001,0.008));
#2698=CARTESIAN_POINT('',(-0.0825041033487807,0.021000000000001,0.01));
#2699=CARTESIAN_POINT('',(-0.0825041033487807,0.021000000000001,0.008));
#2700=CARTESIAN_POINT('',(-0.0797541033487807,0.021000000000001,0.008));
#2701=CARTESIAN_POINT('',(0.00692979837025529,0.,0.));
#2702=CARTESIAN_POINT('',(-0.0169628699851362,-0.065247334365555,0.));
#2703=CARTESIAN_POINT('',(-0.0169628699851362,-0.085,0.));
#2704=CARTESIAN_POINT('',(-0.0322165275373986,-0.034999999339912,0.));
#2705=CARTESIAN_POINT('',(-0.0322165275373986,0.034999999339912,0.));
#2706=CARTESIAN_POINT('',(-0.0169628699851362,0.065247334365555,0.));
#2707=CARTESIAN_POINT('',(-0.0169628699851362,0.085,0.));
#2708=CARTESIAN_POINT('',(-0.00696286998513624,0.085,0.));
#2709=CARTESIAN_POINT('',(-0.00696286998513625,-0.085,0.));
#2710=CARTESIAN_POINT('',(-0.0169628699851362,0.065247334365555,-2.00000000000027E-6));
#2711=CARTESIAN_POINT('',(-0.0169628699851362,0.085,-2.00000000000027E-6));
#2712=CARTESIAN_POINT('',(-0.00696286998513624,0.085,-2.00000000000027E-6));
#2713=CARTESIAN_POINT('',(-0.00696286998513625,-0.085,-2.00000000000027E-6));
#2714=CARTESIAN_POINT('',(-0.0169628699851362,-0.085,-2.00000000000027E-6));
#2715=CARTESIAN_POINT('',(-0.0169628699851362,-0.065247334365555,-2.00000000000027E-6));
#2716=CARTESIAN_POINT('',(-0.0322165275373986,0.034999999339912,0.01));
#2717=CARTESIAN_POINT('',(-0.0322165275373986,-0.034999999339912,0.01));
#2718=CARTESIAN_POINT('',(0.00692979837025529,0.,0.009));
#2719=CARTESIAN_POINT('',(0.106773200569014,-0.0470956861972809,0.009));
#2720=CARTESIAN_POINT('',(0.104323200569014,-0.0470956861972809,0.009));
#2721=CARTESIAN_POINT('',(0.106773200569014,-0.0470956861972809,0.009));
#2722=CARTESIAN_POINT('',(0.104023200569014,-0.0470956861972809,0.009));
#2723=CARTESIAN_POINT('',(0.106773200569014,-0.0470956861972809,0.071002));
#2724=CARTESIAN_POINT('',(0.00692979837025529,0.,0.009));
#2725=CARTESIAN_POINT('',(-0.00696286998513619,0.09,0.009));
#2726=CARTESIAN_POINT('',(-0.00971286998513619,0.09,0.009));
#2727=CARTESIAN_POINT('',(-0.00696286998513619,0.09,0.009));
#2728=CARTESIAN_POINT('',(-0.00941286998513619,0.09,0.009));
#2729=CARTESIAN_POINT('',(-0.00696286998513619,0.09,0.071002));
#2730=CARTESIAN_POINT('',(0.00692979837025529,0.,0.009));
#2731=CARTESIAN_POINT('',(0.0394297983702553,0.09,0.009));
#2732=CARTESIAN_POINT('',(0.0369797983702553,0.09,0.009));
#2733=CARTESIAN_POINT('',(0.0394297983702553,0.09,0.009));
#2734=CARTESIAN_POINT('',(0.0366797983702553,0.09,0.009));
#2735=CARTESIAN_POINT('',(0.0394297983702553,0.09,0.071002));
#2736=CARTESIAN_POINT('',(0.00692979837025529,0.,0.009));
#2737=CARTESIAN_POINT('',(0.0394297983702553,-0.09,0.009));
#2738=CARTESIAN_POINT('',(0.0366797983702553,-0.09,0.009));
#2739=CARTESIAN_POINT('',(0.0394297983702553,-0.09,0.009));
#2740=CARTESIAN_POINT('',(0.0369797983702553,-0.09,0.009));
#2741=CARTESIAN_POINT('',(0.0394297983702553,-0.09,0.071002));
#2742=CARTESIAN_POINT('',(0.00692979837025529,0.,0.009));
#2743=CARTESIAN_POINT('',(0.106773200569014,0.0470956861972809,0.009));
#2744=CARTESIAN_POINT('',(0.104023200569014,0.0470956861972809,0.009));
#2745=CARTESIAN_POINT('',(0.106773200569014,0.0470956861972809,0.009));
#2746=CARTESIAN_POINT('',(0.104323200569014,0.0470956861972809,0.009));
#2747=CARTESIAN_POINT('',(0.106773200569014,0.0470956861972809,0.071002));
#2748=CARTESIAN_POINT('',(0.00692979837025529,0.,0.009));
#2749=CARTESIAN_POINT('',(-0.0069628699851362,-0.09,0.009));
#2750=CARTESIAN_POINT('',(-0.0094128699851362,-0.09,0.009));
#2751=CARTESIAN_POINT('',(-0.0069628699851362,-0.09,0.009));
#2752=CARTESIAN_POINT('',(-0.0097128699851362,-0.09,0.009));
#2753=CARTESIAN_POINT('',(-0.0069628699851362,-0.09,0.071002));
#2754=CARTESIAN_POINT('',(0.00692979837025529,0.,0.004));
#2755=CARTESIAN_POINT('',(0.106773200569014,-0.0470956861972809,0.004));
#2756=CARTESIAN_POINT('',(0.104323200569014,-0.0470956861972809,0.004));
#2757=CARTESIAN_POINT('',(0.106773200569014,-0.0470956861972809,0.071002));
#2758=CARTESIAN_POINT('',(0.00692979837025529,0.,0.004));
#2759=CARTESIAN_POINT('',(-0.00696286998513619,0.09,0.004));
#2760=CARTESIAN_POINT('',(-0.00941286998513619,0.09,0.004));
#2761=CARTESIAN_POINT('',(-0.00696286998513619,0.09,0.071002));
#2762=CARTESIAN_POINT('',(0.00692979837025529,0.,0.004));
#2763=CARTESIAN_POINT('',(0.0394297983702553,0.09,0.004));
#2764=CARTESIAN_POINT('',(0.0369797983702553,0.09,0.004));
#2765=CARTESIAN_POINT('',(0.0394297983702553,0.09,0.071002));
#2766=CARTESIAN_POINT('',(0.00692979837025529,0.,0.004));
#2767=CARTESIAN_POINT('',(0.0394297983702553,-0.09,0.004));
#2768=CARTESIAN_POINT('',(0.0369797983702553,-0.09,0.004));
#2769=CARTESIAN_POINT('',(0.0394297983702553,-0.09,0.071002));
#2770=CARTESIAN_POINT('',(0.00692979837025529,0.,0.004));
#2771=CARTESIAN_POINT('',(0.106773200569014,0.0470956861972809,0.004));
#2772=CARTESIAN_POINT('',(0.104323200569014,0.0470956861972809,0.004));
#2773=CARTESIAN_POINT('',(0.106773200569014,0.0470956861972809,0.071002));
#2774=CARTESIAN_POINT('',(0.00692979837025529,0.,0.004));
#2775=CARTESIAN_POINT('',(-0.0069628699851362,-0.09,0.004));
#2776=CARTESIAN_POINT('',(-0.0094128699851362,-0.09,0.004));
#2777=CARTESIAN_POINT('',(-0.0069628699851362,-0.09,0.071002));
#2778=CARTESIAN_POINT('',(0.00692979837025529,0.,0.008));
#2779=CARTESIAN_POINT('',(0.00692979837025529,0.,0.008));
#2780=CARTESIAN_POINT('',(0.00692979837025529,0.,0.008));
#2781=CARTESIAN_POINT('',(0.00692979837025529,0.,0.008));
#2782=CARTESIAN_POINT('',(0.0230371300148638,-0.075,0.008));
#2783=CARTESIAN_POINT('',(0.0230371300148638,-0.075,0.008));
#2784=CARTESIAN_POINT('',(0.0254371300148638,-0.075,0.008));
#2785=CARTESIAN_POINT('',(0.00692979837025529,0.,0.008));
#2786=CARTESIAN_POINT('',(-0.00649266619286621,-0.0289968416032634,0.008));
#2787=CARTESIAN_POINT('',(-0.00649266619286621,-0.0289968416032634,0.008));
#2788=CARTESIAN_POINT('',(-0.00409266619286621,-0.0289968416032634,0.008));
#2789=CARTESIAN_POINT('',(0.00692979837025529,0.,0.008));
#2790=CARTESIAN_POINT('',(0.0325074125472911,-0.016996818743218,0.008));
#2791=CARTESIAN_POINT('',(0.0325074125472911,-0.016996818743218,0.008));
#2792=CARTESIAN_POINT('',(0.0349074125472911,-0.016996818743218,0.008));
#2793=CARTESIAN_POINT('',(0.00692979837025529,0.,0.008));
#2794=CARTESIAN_POINT('',(-0.0065561663198662,0.0109397370098948,0.008));
#2795=CARTESIAN_POINT('',(-0.0065561663198662,0.0109397370098948,0.008));
#2796=CARTESIAN_POINT('',(-0.0041561663198662,0.0109397370098948,0.008));
#2797=CARTESIAN_POINT('',(0.00692979837025529,0.,0.008));
#2798=CARTESIAN_POINT('',(0.0325074125472911,0.0460033082570379,0.008));
#2799=CARTESIAN_POINT('',(0.0325074125472911,0.0460033082570379,0.008));
#2800=CARTESIAN_POINT('',(0.0349074125472911,0.0460033082570379,0.008));
#2801=CARTESIAN_POINT('',(0.00692979837025529,0.,0.008));
#2802=CARTESIAN_POINT('',(0.00942979837025532,0.075,0.008));
#2803=CARTESIAN_POINT('',(0.00942979837025532,0.075,0.008));
#2804=CARTESIAN_POINT('',(0.0118297983702553,0.075,0.008));
#2805=CARTESIAN_POINT('',(0.00692979837025529,0.,0.008));
#2806=CARTESIAN_POINT('',(0.0947446209879714,-0.0198064797547095,0.008));
#2807=CARTESIAN_POINT('',(0.0947446209879714,-0.0198064797547095,0.008));
#2808=CARTESIAN_POINT('',(0.0974946209879714,-0.0198064797547095,0.008));
#2809=CARTESIAN_POINT('',(0.00692979837025529,0.,0.008));
#2810=CARTESIAN_POINT('',(0.0947446209879714,-0.04221,0.008));
#2811=CARTESIAN_POINT('',(0.0947446209879714,-0.04221,0.008));
#2812=CARTESIAN_POINT('',(0.0974946209879714,-0.04221,0.008));
#2813=CARTESIAN_POINT('',(0.00692979837025529,0.,0.008));
#2814=CARTESIAN_POINT('',(0.0837446209879709,-0.04221,0.008));
#2815=CARTESIAN_POINT('',(0.0837446209879709,-0.04221,0.008));
#2816=CARTESIAN_POINT('',(0.0864946209879709,-0.04221,0.008));
#2817=CARTESIAN_POINT('',(0.00692979837025529,0.,0.008));
#2818=CARTESIAN_POINT('',(0.0651861709879756,0.00192280275180758,0.008));
#2819=CARTESIAN_POINT('',(0.0651861709879756,0.00192280275180758,0.008));
#2820=CARTESIAN_POINT('',(0.0679361709879756,0.00192280275180758,0.008));
#2821=CARTESIAN_POINT('',(0.00692979837025529,0.,0.008));
#2822=CARTESIAN_POINT('',(0.0526861709879747,0.00192280275180758,0.008));
#2823=CARTESIAN_POINT('',(0.0526861709879747,0.00192280275180758,0.008));
#2824=CARTESIAN_POINT('',(0.0554361709879747,0.00192280275180758,0.008));
#2825=CARTESIAN_POINT('',(0.00692979837025529,0.,0.008));
#2826=CARTESIAN_POINT('',(0.0837446209879709,-0.0198064797547095,0.008));
#2827=CARTESIAN_POINT('',(0.0837446209879709,-0.0198064797547095,0.008));
#2828=CARTESIAN_POINT('',(0.0864946209879709,-0.0198064797547095,0.008));
#2829=CARTESIAN_POINT('',(0.00692979837025529,0.,0.008));
#2830=CARTESIAN_POINT('',(0.0946641352384881,0.0473317632453045,0.008));
#2831=CARTESIAN_POINT('',(0.0946641352384881,0.0473317632453045,0.008));
#2832=CARTESIAN_POINT('',(0.0974141352384881,0.0473317632453045,0.008));
#2833=CARTESIAN_POINT('',(0.00692979837025529,0.,0.008));
#2834=CARTESIAN_POINT('',(0.0836641352384873,0.0473317632453045,0.008));
#2835=CARTESIAN_POINT('',(0.0836641352384873,0.0473317632453045,0.008));
#2836=CARTESIAN_POINT('',(0.0864141352384873,0.0473317632453045,0.008));
#2837=CARTESIAN_POINT('',(0.00692979837025529,0.,0.008));
#2838=CARTESIAN_POINT('',(0.0589361709879712,-0.0255383192542511,0.008));
#2839=CARTESIAN_POINT('',(0.0589361709879712,-0.0255383192542511,0.008));
#2840=CARTESIAN_POINT('',(0.0616861709879712,-0.0255383192542511,0.008));
#2841=CARTESIAN_POINT('',(0.00692979837025529,0.,0.008));
#2842=CARTESIAN_POINT('',(0.0589361709879712,-0.0440771972481926,0.008));
#2843=CARTESIAN_POINT('',(0.0589361709879712,-0.0440771972481926,0.008));
#2844=CARTESIAN_POINT('',(0.0616861709879712,-0.0440771972481926,0.008));
#2845=CARTESIAN_POINT('',(0.00692979837025529,0.,0.008));
#2846=CARTESIAN_POINT('',(0.00692979837025529,0.,0.004));
#2847=CARTESIAN_POINT('',(0.00692979837025529,0.,0.004));
#2848=CARTESIAN_POINT('',(0.00692979837025529,0.,0.004));
#2849=CARTESIAN_POINT('',(0.00692979837025529,0.,0.004));
#2850=CARTESIAN_POINT('',(0.00692979837025529,0.,0.004));
#2851=CARTESIAN_POINT('',(0.00692979837025529,0.,0.004));
#2852=CARTESIAN_POINT('',(0.00692979837025529,0.,0.004));
#2853=CARTESIAN_POINT('',(0.00692979837025529,0.,0.004));
#2854=CARTESIAN_POINT('',(0.00692979837025529,0.,0.004));
#2855=CARTESIAN_POINT('',(0.00692979837025529,0.,0.004));
#2856=CARTESIAN_POINT('',(0.00692979837025529,0.,0.004));
#2857=CARTESIAN_POINT('',(0.00692979837025529,0.,0.004));
#2858=CARTESIAN_POINT('',(0.00692979837025529,0.,0.004));
#2859=CARTESIAN_POINT('',(0.00692979837025529,0.,0.004));
#2860=CARTESIAN_POINT('',(0.00692979837025529,0.,0.004));
#2861=CARTESIAN_POINT('',(0.00692979837025529,0.,0.004));
#2862=CARTESIAN_POINT('',(0.00692979837025529,0.,0.004));
#2863=CARTESIAN_POINT('',(0.00692979837025529,0.,0.004));
#2864=CARTESIAN_POINT('',(0.00692979837025529,0.,0.004));
#2865=CARTESIAN_POINT('',(0.00692979837025529,0.,0.004));
#2866=CARTESIAN_POINT('',(0.00553713001486413,-0.0750000000000047,0.008));
#2867=CARTESIAN_POINT('',(0.00553713001486413,-0.0750000000000047,0.008));
#2868=CARTESIAN_POINT('',(0.00793713001486413,-0.0750000000000047,0.008));
#2869=CARTESIAN_POINT('',(0.00692979837025529,0.,0.008));
#2870=CARTESIAN_POINT('',(0.00553713001486413,-0.0750000000000047,0.008));
#2871=CARTESIAN_POINT('',(0.00758713001486413,-0.0750000000000047,0.008));
#2872=CARTESIAN_POINT('',(0.0269297983702565,0.0750000000000046,0.008));
#2873=CARTESIAN_POINT('',(0.0269297983702565,0.0750000000000046,0.008));
#2874=CARTESIAN_POINT('',(0.0293297983702565,0.0750000000000046,0.008));
#2875=CARTESIAN_POINT('',(0.00692979837025529,0.,0.008));
#2876=CARTESIAN_POINT('',(0.0269297983702565,0.0750000000000046,0.008));
#2877=CARTESIAN_POINT('',(0.0289797983702565,0.0750000000000046,0.008));
#2878=CARTESIAN_POINT('',(0.00692979837025529,0.,0.004));
#2879=CARTESIAN_POINT('',(0.00553713001486413,-0.0750000000000047,0.004));
#2880=CARTESIAN_POINT('',(0.00758713001486413,-0.0750000000000047,0.004));
#2881=CARTESIAN_POINT('',(0.00553713001486413,-0.0750000000000047,0.004));
#2882=CARTESIAN_POINT('',(0.00692979837025529,0.,0.004));
#2883=CARTESIAN_POINT('',(0.0269297983702565,0.0750000000000046,0.004));
#2884=CARTESIAN_POINT('',(0.0289797983702565,0.0750000000000046,0.004));
#2885=CARTESIAN_POINT('',(0.0269297983702565,0.0750000000000046,0.004));
#2886=MECHANICAL_DESIGN_GEOMETRIC_PRESENTATION_REPRESENTATION('',(#1623),
#2887);
#2887=(
GEOMETRIC_REPRESENTATION_CONTEXT(3)
GLOBAL_UNCERTAINTY_ASSIGNED_CONTEXT((#2888))
GLOBAL_UNIT_ASSIGNED_CONTEXT((#2891,#2890,#2889))
REPRESENTATION_CONTEXT('Part 1','TOP_LEVEL_ASSEMBLY_PART')
);
#2888=UNCERTAINTY_MEASURE_WITH_UNIT(LENGTH_MEASURE(1.E-8),#2891,
'DISTANCE_ACCURACY_VALUE','Maximum Tolerance applied to model');
#2889=(
NAMED_UNIT(*)
SI_UNIT($,.STERADIAN.)
SOLID_ANGLE_UNIT()
);
#2890=(
NAMED_UNIT(*)
PLANE_ANGLE_UNIT()
SI_UNIT($,.RADIAN.)
);
#2891=(
LENGTH_UNIT()
NAMED_UNIT(*)
SI_UNIT($,.METRE.)
);
#2892=PRODUCT_DEFINITION_SHAPE('','',#2893);
#2893=PRODUCT_DEFINITION('','',#2895,#2894);
#2894=PRODUCT_DEFINITION_CONTEXT('',#2901,'design');
#2895=PRODUCT_DEFINITION_FORMATION_WITH_SPECIFIED_SOURCE('','',#2897,
 .NOT_KNOWN.);
#2896=PRODUCT_RELATED_PRODUCT_CATEGORY('','',(#2897));
#2897=PRODUCT('Part 1','Part 1','Part 1',(#2899));
#2898=PRODUCT_CATEGORY('','');
#2899=PRODUCT_CONTEXT('',#2901,'mechanical');
#2900=APPLICATION_PROTOCOL_DEFINITION('international standard',
'ap242_managed_model_based_3d_engineering',2020,#2901);
#2901=APPLICATION_CONTEXT('managed model based 3d engineering');
ENDSEC;
END-ISO-10303-21;
