ISO-10303-21;
HEADER;
/* Generated by software containing ST-Developer
 * from STEP Tools, Inc. (www.steptools.com) 
 */
/* OPTION: using custom renumber hook */

FILE_DESCRIPTION(
/* description */ ('STEP AP242 Edition 2',
'CAx-IF Rec.Pracs.---Representation and Presentation of Product Manufa
cturing Information (PMI)---4.0---2014-10-13',
'CAx-IF Rec.Pracs.---3D Tessellated Geometry---0.4---2014-09-14','2;1',
'CAx-IF Rec.Pracs.---User Defined Attributes---1.5---2016-08-15'),
/* implementation_level */ '2;1');

FILE_NAME(
/* name */ 'Part Studio 1 - Bevel 1M 12T 31deg',
/* time_stamp */ '2026-08-31T01:45:27Z',
/* author */ (''),
/* organization */ (''),
/* preprocessor_version */ 'ST-DEVELOPER v20',
/* originating_system */ 'ONSHAPE BY PTC INC, 1.220',
/* authorisation */ '  ');

FILE_SCHEMA (('AP242_MANAGED_MODEL_BASED_3D_ENGINEERING_MIM_LF { 1 0 10303 442 3 1 4 }'));
ENDSEC;

DATA;
#10=SHAPE_REPRESENTATION_RELATIONSHIP('','',#1586,#11);
#11=ADVANCED_BREP_SHAPE_REPRESENTATION('',(#1584),#7215);
#12=CYLINDRICAL_SURFACE('',#1673,0.00492814902198183);
#13=CYLINDRICAL_SURFACE('',#1678,0.002);
#14=ELLIPSE('',#1669,0.0020000000318021,0.002);
#15=ELLIPSE('',#1671,0.0020000000318021,0.002);
#16=B_SPLINE_SURFACE_WITH_KNOTS('',3,3,((#1993,#1994,#1995,#1996,#1997,
#1998,#1999,#2000,#2001,#2002,#2003),(#2004,#2005,#2006,#2007,#2008,#2009,
#2010,#2011,#2012,#2013,#2014),(#2015,#2016,#2017,#2018,#2019,#2020,#2021,
#2022,#2023,#2024,#2025),(#2026,#2027,#2028,#2029,#2030,#2031,#2032,#2033,
#2034,#2035,#2036),(#2037,#2038,#2039,#2040,#2041,#2042,#2043,#2044,#2045,
#2046,#2047),(#2048,#2049,#2050,#2051,#2052,#2053,#2054,#2055,#2056,#2057,
#2058),(#2059,#2060,#2061,#2062,#2063,#2064,#2065,#2066,#2067,#2068,#2069),
(#2070,#2071,#2072,#2073,#2074,#2075,#2076,#2077,#2078,#2079,#2080),(#2081,
#2082,#2083,#2084,#2085,#2086,#2087,#2088,#2089,#2090,#2091),(#2092,#2093,
#2094,#2095,#2096,#2097,#2098,#2099,#2100,#2101,#2102),(#2103,#2104,#2105,
#2106,#2107,#2108,#2109,#2110,#2111,#2112,#2113),(#2114,#2115,#2116,#2117,
#2118,#2119,#2120,#2121,#2122,#2123,#2124)),.UNSPECIFIED.,.F.,.F.,.F.,(4,
2,2,2,2,4),(4,1,1,1,1,1,1,1,4),(0.,0.255982903590043,0.511965807180087,
0.723997729687377,0.863051188619303,1.),(0.015450612513631,0.125013701135804,
0.250013534084022,0.37501373468354,0.499980206903541,0.624985293422962,
0.749984052382006,0.874988059266897,0.992162315210184),.UNSPECIFIED.);
#17=B_SPLINE_SURFACE_WITH_KNOTS('',3,3,((#2136,#2137,#2138,#2139,#2140,
#2141,#2142,#2143,#2144,#2145,#2146),(#2147,#2148,#2149,#2150,#2151,#2152,
#2153,#2154,#2155,#2156,#2157),(#2158,#2159,#2160,#2161,#2162,#2163,#2164,
#2165,#2166,#2167,#2168),(#2169,#2170,#2171,#2172,#2173,#2174,#2175,#2176,
#2177,#2178,#2179),(#2180,#2181,#2182,#2183,#2184,#2185,#2186,#2187,#2188,
#2189,#2190),(#2191,#2192,#2193,#2194,#2195,#2196,#2197,#2198,#2199,#2200,
#2201)),.UNSPECIFIED.,.F.,.F.,.F.,(4,2,4),(4,1,1,1,1,1,1,1,4),(0.,0.500000273574489,
1.),(0.0154919884579608,0.125013701135804,0.250013534084022,0.37501373468354,
0.499980206903541,0.624985293422962,0.749984052382006,0.874988059266897,
0.985204514540459),.UNSPECIFIED.);
#18=B_SPLINE_SURFACE_WITH_KNOTS('',3,3,((#2213,#2214,#2215,#2216,#2217,
#2218,#2219,#2220,#2221,#2222,#2223),(#2224,#2225,#2226,#2227,#2228,#2229,
#2230,#2231,#2232,#2233,#2234),(#2235,#2236,#2237,#2238,#2239,#2240,#2241,
#2242,#2243,#2244,#2245),(#2246,#2247,#2248,#2249,#2250,#2251,#2252,#2253,
#2254,#2255,#2256),(#2257,#2258,#2259,#2260,#2261,#2262,#2263,#2264,#2265,
#2266,#2267),(#2268,#2269,#2270,#2271,#2272,#2273,#2274,#2275,#2276,#2277,
#2278),(#2279,#2280,#2281,#2282,#2283,#2284,#2285,#2286,#2287,#2288,#2289),
(#2290,#2291,#2292,#2293,#2294,#2295,#2296,#2297,#2298,#2299,#2300),(#2301,
#2302,#2303,#2304,#2305,#2306,#2307,#2308,#2309,#2310,#2311),(#2312,#2313,
#2314,#2315,#2316,#2317,#2318,#2319,#2320,#2321,#2322),(#2323,#2324,#2325,
#2326,#2327,#2328,#2329,#2330,#2331,#2332,#2333),(#2334,#2335,#2336,#2337,
#2338,#2339,#2340,#2341,#2342,#2343,#2344)),.UNSPECIFIED.,.F.,.F.,.F.,(4,
2,2,2,2,4),(4,1,1,1,1,1,1,1,4),(0.,0.11955074342795,0.240817883668186,0.430613412751139,
0.620408941834093,1.),(0.0154515119375966,0.125013701135804,0.250013534084022,
0.37501373468354,0.499980206903541,0.624985293422962,0.749984052382006,
0.874988059266897,0.992415858304014),.UNSPECIFIED.);
#19=B_SPLINE_SURFACE_WITH_KNOTS('',3,3,((#2435,#2436,#2437,#2438,#2439,
#2440,#2441,#2442,#2443,#2444,#2445),(#2446,#2447,#2448,#2449,#2450,#2451,
#2452,#2453,#2454,#2455,#2456),(#2457,#2458,#2459,#2460,#2461,#2462,#2463,
#2464,#2465,#2466,#2467),(#2468,#2469,#2470,#2471,#2472,#2473,#2474,#2475,
#2476,#2477,#2478),(#2479,#2480,#2481,#2482,#2483,#2484,#2485,#2486,#2487,
#2488,#2489),(#2490,#2491,#2492,#2493,#2494,#2495,#2496,#2497,#2498,#2499,
#2500),(#2501,#2502,#2503,#2504,#2505,#2506,#2507,#2508,#2509,#2510,#2511),
(#2512,#2513,#2514,#2515,#2516,#2517,#2518,#2519,#2520,#2521,#2522),(#2523,
#2524,#2525,#2526,#2527,#2528,#2529,#2530,#2531,#2532,#2533),(#2534,#2535,
#2536,#2537,#2538,#2539,#2540,#2541,#2542,#2543,#2544),(#2545,#2546,#2547,
#2548,#2549,#2550,#2551,#2552,#2553,#2554,#2555),(#2556,#2557,#2558,#2559,
#2560,#2561,#2562,#2563,#2564,#2565,#2566)),.UNSPECIFIED.,.F.,.F.,.F.,(4,
2,2,2,2,4),(4,1,1,1,1,1,1,1,4),(0.,0.255982903590043,0.511965807180087,
0.723997729687377,0.863051188619303,1.),(0.015450612513631,0.125013701135804,
0.250013534084022,0.37501373468354,0.499980206903541,0.624985293422962,
0.749984052382006,0.874988059266897,0.992162315210186),.UNSPECIFIED.);
#20=B_SPLINE_SURFACE_WITH_KNOTS('',3,3,((#2578,#2579,#2580,#2581,#2582,
#2583,#2584,#2585,#2586,#2587,#2588),(#2589,#2590,#2591,#2592,#2593,#2594,
#2595,#2596,#2597,#2598,#2599),(#2600,#2601,#2602,#2603,#2604,#2605,#2606,
#2607,#2608,#2609,#2610),(#2611,#2612,#2613,#2614,#2615,#2616,#2617,#2618,
#2619,#2620,#2621),(#2622,#2623,#2624,#2625,#2626,#2627,#2628,#2629,#2630,
#2631,#2632),(#2633,#2634,#2635,#2636,#2637,#2638,#2639,#2640,#2641,#2642,
#2643)),.UNSPECIFIED.,.F.,.F.,.F.,(4,2,4),(4,1,1,1,1,1,1,1,4),(0.,0.500000273574489,
1.),(0.0154919884579608,0.125013701135804,0.250013534084022,0.37501373468354,
0.499980206903541,0.624985293422962,0.749984052382006,0.874988059266897,
0.985204514540459),.UNSPECIFIED.);
#21=B_SPLINE_SURFACE_WITH_KNOTS('',3,3,((#2655,#2656,#2657,#2658,#2659,
#2660,#2661,#2662,#2663,#2664,#2665),(#2666,#2667,#2668,#2669,#2670,#2671,
#2672,#2673,#2674,#2675,#2676),(#2677,#2678,#2679,#2680,#2681,#2682,#2683,
#2684,#2685,#2686,#2687),(#2688,#2689,#2690,#2691,#2692,#2693,#2694,#2695,
#2696,#2697,#2698),(#2699,#2700,#2701,#2702,#2703,#2704,#2705,#2706,#2707,
#2708,#2709),(#2710,#2711,#2712,#2713,#2714,#2715,#2716,#2717,#2718,#2719,
#2720),(#2721,#2722,#2723,#2724,#2725,#2726,#2727,#2728,#2729,#2730,#2731),
(#2732,#2733,#2734,#2735,#2736,#2737,#2738,#2739,#2740,#2741,#2742),(#2743,
#2744,#2745,#2746,#2747,#2748,#2749,#2750,#2751,#2752,#2753),(#2754,#2755,
#2756,#2757,#2758,#2759,#2760,#2761,#2762,#2763,#2764),(#2765,#2766,#2767,
#2768,#2769,#2770,#2771,#2772,#2773,#2774,#2775),(#2776,#2777,#2778,#2779,
#2780,#2781,#2782,#2783,#2784,#2785,#2786)),.UNSPECIFIED.,.F.,.F.,.F.,(4,
2,2,2,2,4),(4,1,1,1,1,1,1,1,4),(0.,0.11955074342795,0.240817883668186,0.430613412751139,
0.620408941834093,1.),(0.0154515119375966,0.125013701135804,0.250013534084022,
0.37501373468354,0.499980206903541,0.624985293422962,0.749984052382006,
0.874988059266897,0.99241585830401),.UNSPECIFIED.);
#22=B_SPLINE_SURFACE_WITH_KNOTS('',3,3,((#2877,#2878,#2879,#2880,#2881,
#2882,#2883,#2884,#2885,#2886,#2887),(#2888,#2889,#2890,#2891,#2892,#2893,
#2894,#2895,#2896,#2897,#2898),(#2899,#2900,#2901,#2902,#2903,#2904,#2905,
#2906,#2907,#2908,#2909),(#2910,#2911,#2912,#2913,#2914,#2915,#2916,#2917,
#2918,#2919,#2920),(#2921,#2922,#2923,#2924,#2925,#2926,#2927,#2928,#2929,
#2930,#2931),(#2932,#2933,#2934,#2935,#2936,#2937,#2938,#2939,#2940,#2941,
#2942),(#2943,#2944,#2945,#2946,#2947,#2948,#2949,#2950,#2951,#2952,#2953),
(#2954,#2955,#2956,#2957,#2958,#2959,#2960,#2961,#2962,#2963,#2964),(#2965,
#2966,#2967,#2968,#2969,#2970,#2971,#2972,#2973,#2974,#2975),(#2976,#2977,
#2978,#2979,#2980,#2981,#2982,#2983,#2984,#2985,#2986),(#2987,#2988,#2989,
#2990,#2991,#2992,#2993,#2994,#2995,#2996,#2997),(#2998,#2999,#3000,#3001,
#3002,#3003,#3004,#3005,#3006,#3007,#3008)),.UNSPECIFIED.,.F.,.F.,.F.,(4,
2,2,2,2,4),(4,1,1,1,1,1,1,1,4),(0.,0.255982903590043,0.511965807180087,
0.723997729687377,0.863051188619303,1.),(0.015450612513631,0.125013701135804,
0.250013534084022,0.37501373468354,0.499980206903541,0.624985293422962,
0.749984052382006,0.874988059266897,0.992162315210185),.UNSPECIFIED.);
#23=B_SPLINE_SURFACE_WITH_KNOTS('',3,3,((#3020,#3021,#3022,#3023,#3024,
#3025,#3026,#3027,#3028,#3029,#3030),(#3031,#3032,#3033,#3034,#3035,#3036,
#3037,#3038,#3039,#3040,#3041),(#3042,#3043,#3044,#3045,#3046,#3047,#3048,
#3049,#3050,#3051,#3052),(#3053,#3054,#3055,#3056,#3057,#3058,#3059,#3060,
#3061,#3062,#3063),(#3064,#3065,#3066,#3067,#3068,#3069,#3070,#3071,#3072,
#3073,#3074),(#3075,#3076,#3077,#3078,#3079,#3080,#3081,#3082,#3083,#3084,
#3085)),.UNSPECIFIED.,.F.,.F.,.F.,(4,2,4),(4,1,1,1,1,1,1,1,4),(0.,0.500000273574489,
1.),(0.0154919884579608,0.125013701135804,0.250013534084022,0.37501373468354,
0.499980206903541,0.624985293422962,0.749984052382006,0.874988059266897,
0.985204514540459),.UNSPECIFIED.);
#24=B_SPLINE_SURFACE_WITH_KNOTS('',3,3,((#3097,#3098,#3099,#3100,#3101,
#3102,#3103,#3104,#3105,#3106,#3107),(#3108,#3109,#3110,#3111,#3112,#3113,
#3114,#3115,#3116,#3117,#3118),(#3119,#3120,#3121,#3122,#3123,#3124,#3125,
#3126,#3127,#3128,#3129),(#3130,#3131,#3132,#3133,#3134,#3135,#3136,#3137,
#3138,#3139,#3140),(#3141,#3142,#3143,#3144,#3145,#3146,#3147,#3148,#3149,
#3150,#3151),(#3152,#3153,#3154,#3155,#3156,#3157,#3158,#3159,#3160,#3161,
#3162),(#3163,#3164,#3165,#3166,#3167,#3168,#3169,#3170,#3171,#3172,#3173),
(#3174,#3175,#3176,#3177,#3178,#3179,#3180,#3181,#3182,#3183,#3184),(#3185,
#3186,#3187,#3188,#3189,#3190,#3191,#3192,#3193,#3194,#3195),(#3196,#3197,
#3198,#3199,#3200,#3201,#3202,#3203,#3204,#3205,#3206),(#3207,#3208,#3209,
#3210,#3211,#3212,#3213,#3214,#3215,#3216,#3217),(#3218,#3219,#3220,#3221,
#3222,#3223,#3224,#3225,#3226,#3227,#3228)),.UNSPECIFIED.,.F.,.F.,.F.,(4,
2,2,2,2,4),(4,1,1,1,1,1,1,1,4),(0.,0.11955074342795,0.240817883668186,0.430613412751139,
0.620408941834093,1.),(0.0154515119375966,0.125013701135804,0.250013534084022,
0.37501373468354,0.499980206903541,0.624985293422962,0.749984052382006,
0.874988059266897,0.992415858304014),.UNSPECIFIED.);
#25=B_SPLINE_SURFACE_WITH_KNOTS('',3,3,((#3319,#3320,#3321,#3322,#3323,
#3324,#3325,#3326,#3327,#3328,#3329),(#3330,#3331,#3332,#3333,#3334,#3335,
#3336,#3337,#3338,#3339,#3340),(#3341,#3342,#3343,#3344,#3345,#3346,#3347,
#3348,#3349,#3350,#3351),(#3352,#3353,#3354,#3355,#3356,#3357,#3358,#3359,
#3360,#3361,#3362),(#3363,#3364,#3365,#3366,#3367,#3368,#3369,#3370,#3371,
#3372,#3373),(#3374,#3375,#3376,#3377,#3378,#3379,#3380,#3381,#3382,#3383,
#3384),(#3385,#3386,#3387,#3388,#3389,#3390,#3391,#3392,#3393,#3394,#3395),
(#3396,#3397,#3398,#3399,#3400,#3401,#3402,#3403,#3404,#3405,#3406),(#3407,
#3408,#3409,#3410,#3411,#3412,#3413,#3414,#3415,#3416,#3417),(#3418,#3419,
#3420,#3421,#3422,#3423,#3424,#3425,#3426,#3427,#3428),(#3429,#3430,#3431,
#3432,#3433,#3434,#3435,#3436,#3437,#3438,#3439),(#3440,#3441,#3442,#3443,
#3444,#3445,#3446,#3447,#3448,#3449,#3450)),.UNSPECIFIED.,.F.,.F.,.F.,(4,
2,2,2,2,4),(4,1,1,1,1,1,1,1,4),(0.,0.255982903590043,0.511965807180087,
0.723997729687377,0.863051188619303,1.),(0.015450612513631,0.125013701135804,
0.250013534084022,0.37501373468354,0.499980206903541,0.624985293422962,
0.749984052382006,0.874988059266897,0.992162315210185),.UNSPECIFIED.);
#26=B_SPLINE_SURFACE_WITH_KNOTS('',3,3,((#3462,#3463,#3464,#3465,#3466,
#3467,#3468,#3469,#3470,#3471,#3472),(#3473,#3474,#3475,#3476,#3477,#3478,
#3479,#3480,#3481,#3482,#3483),(#3484,#3485,#3486,#3487,#3488,#3489,#3490,
#3491,#3492,#3493,#3494),(#3495,#3496,#3497,#3498,#3499,#3500,#3501,#3502,
#3503,#3504,#3505),(#3506,#3507,#3508,#3509,#3510,#3511,#3512,#3513,#3514,
#3515,#3516),(#3517,#3518,#3519,#3520,#3521,#3522,#3523,#3524,#3525,#3526,
#3527)),.UNSPECIFIED.,.F.,.F.,.F.,(4,2,4),(4,1,1,1,1,1,1,1,4),(0.,0.500000273574489,
1.),(0.0154919884579608,0.125013701135804,0.250013534084022,0.37501373468354,
0.499980206903541,0.624985293422962,0.749984052382006,0.874988059266897,
0.985204514540459),.UNSPECIFIED.);
#27=B_SPLINE_SURFACE_WITH_KNOTS('',3,3,((#3539,#3540,#3541,#3542,#3543,
#3544,#3545,#3546,#3547,#3548,#3549),(#3550,#3551,#3552,#3553,#3554,#3555,
#3556,#3557,#3558,#3559,#3560),(#3561,#3562,#3563,#3564,#3565,#3566,#3567,
#3568,#3569,#3570,#3571),(#3572,#3573,#3574,#3575,#3576,#3577,#3578,#3579,
#3580,#3581,#3582),(#3583,#3584,#3585,#3586,#3587,#3588,#3589,#3590,#3591,
#3592,#3593),(#3594,#3595,#3596,#3597,#3598,#3599,#3600,#3601,#3602,#3603,
#3604),(#3605,#3606,#3607,#3608,#3609,#3610,#3611,#3612,#3613,#3614,#3615),
(#3616,#3617,#3618,#3619,#3620,#3621,#3622,#3623,#3624,#3625,#3626),(#3627,
#3628,#3629,#3630,#3631,#3632,#3633,#3634,#3635,#3636,#3637),(#3638,#3639,
#3640,#3641,#3642,#3643,#3644,#3645,#3646,#3647,#3648),(#3649,#3650,#3651,
#3652,#3653,#3654,#3655,#3656,#3657,#3658,#3659),(#3660,#3661,#3662,#3663,
#3664,#3665,#3666,#3667,#3668,#3669,#3670)),.UNSPECIFIED.,.F.,.F.,.F.,(4,
2,2,2,2,4),(4,1,1,1,1,1,1,1,4),(0.,0.11955074342795,0.240817883668186,0.430613412751139,
0.620408941834093,1.),(0.0154515119375966,0.125013701135804,0.250013534084022,
0.37501373468354,0.499980206903541,0.624985293422962,0.749984052382006,
0.874988059266897,0.992415858304014),.UNSPECIFIED.);
#28=B_SPLINE_SURFACE_WITH_KNOTS('',3,3,((#3761,#3762,#3763,#3764,#3765,
#3766,#3767,#3768,#3769,#3770,#3771),(#3772,#3773,#3774,#3775,#3776,#3777,
#3778,#3779,#3780,#3781,#3782),(#3783,#3784,#3785,#3786,#3787,#3788,#3789,
#3790,#3791,#3792,#3793),(#3794,#3795,#3796,#3797,#3798,#3799,#3800,#3801,
#3802,#3803,#3804),(#3805,#3806,#3807,#3808,#3809,#3810,#3811,#3812,#3813,
#3814,#3815),(#3816,#3817,#3818,#3819,#3820,#3821,#3822,#3823,#3824,#3825,
#3826),(#3827,#3828,#3829,#3830,#3831,#3832,#3833,#3834,#3835,#3836,#3837),
(#3838,#3839,#3840,#3841,#3842,#3843,#3844,#3845,#3846,#3847,#3848),(#3849,
#3850,#3851,#3852,#3853,#3854,#3855,#3856,#3857,#3858,#3859),(#3860,#3861,
#3862,#3863,#3864,#3865,#3866,#3867,#3868,#3869,#3870),(#3871,#3872,#3873,
#3874,#3875,#3876,#3877,#3878,#3879,#3880,#3881),(#3882,#3883,#3884,#3885,
#3886,#3887,#3888,#3889,#3890,#3891,#3892)),.UNSPECIFIED.,.F.,.F.,.F.,(4,
2,2,2,2,4),(4,1,1,1,1,1,1,1,4),(0.,0.255982903590043,0.511965807180087,
0.723997729687377,0.863051188619303,1.),(0.015450612513631,0.125013701135804,
0.250013534084022,0.37501373468354,0.499980206903541,0.624985293422962,
0.749984052382006,0.874988059266897,0.992162315210186),.UNSPECIFIED.);
#29=B_SPLINE_SURFACE_WITH_KNOTS('',3,3,((#3904,#3905,#3906,#3907,#3908,
#3909,#3910,#3911,#3912,#3913,#3914),(#3915,#3916,#3917,#3918,#3919,#3920,
#3921,#3922,#3923,#3924,#3925),(#3926,#3927,#3928,#3929,#3930,#3931,#3932,
#3933,#3934,#3935,#3936),(#3937,#3938,#3939,#3940,#3941,#3942,#3943,#3944,
#3945,#3946,#3947),(#3948,#3949,#3950,#3951,#3952,#3953,#3954,#3955,#3956,
#3957,#3958),(#3959,#3960,#3961,#3962,#3963,#3964,#3965,#3966,#3967,#3968,
#3969)),.UNSPECIFIED.,.F.,.F.,.F.,(4,2,4),(4,1,1,1,1,1,1,1,4),(0.,0.500000273574489,
1.),(0.0154919884579608,0.125013701135804,0.250013534084022,0.37501373468354,
0.499980206903541,0.624985293422962,0.749984052382006,0.874988059266897,
0.985204514540459),.UNSPECIFIED.);
#30=B_SPLINE_SURFACE_WITH_KNOTS('',3,3,((#3981,#3982,#3983,#3984,#3985,
#3986,#3987,#3988,#3989,#3990,#3991),(#3992,#3993,#3994,#3995,#3996,#3997,
#3998,#3999,#4000,#4001,#4002),(#4003,#4004,#4005,#4006,#4007,#4008,#4009,
#4010,#4011,#4012,#4013),(#4014,#4015,#4016,#4017,#4018,#4019,#4020,#4021,
#4022,#4023,#4024),(#4025,#4026,#4027,#4028,#4029,#4030,#4031,#4032,#4033,
#4034,#4035),(#4036,#4037,#4038,#4039,#4040,#4041,#4042,#4043,#4044,#4045,
#4046),(#4047,#4048,#4049,#4050,#4051,#4052,#4053,#4054,#4055,#4056,#4057),
(#4058,#4059,#4060,#4061,#4062,#4063,#4064,#4065,#4066,#4067,#4068),(#4069,
#4070,#4071,#4072,#4073,#4074,#4075,#4076,#4077,#4078,#4079),(#4080,#4081,
#4082,#4083,#4084,#4085,#4086,#4087,#4088,#4089,#4090),(#4091,#4092,#4093,
#4094,#4095,#4096,#4097,#4098,#4099,#4100,#4101),(#4102,#4103,#4104,#4105,
#4106,#4107,#4108,#4109,#4110,#4111,#4112)),.UNSPECIFIED.,.F.,.F.,.F.,(4,
2,2,2,2,4),(4,1,1,1,1,1,1,1,4),(0.,0.11955074342795,0.240817883668186,0.430613412751139,
0.620408941834093,1.),(0.0154515119375966,0.125013701135804,0.250013534084022,
0.37501373468354,0.499980206903541,0.624985293422962,0.749984052382006,
0.874988059266897,0.992415858304021),.UNSPECIFIED.);
#31=B_SPLINE_SURFACE_WITH_KNOTS('',3,3,((#4203,#4204,#4205,#4206,#4207,
#4208,#4209,#4210,#4211,#4212,#4213),(#4214,#4215,#4216,#4217,#4218,#4219,
#4220,#4221,#4222,#4223,#4224),(#4225,#4226,#4227,#4228,#4229,#4230,#4231,
#4232,#4233,#4234,#4235),(#4236,#4237,#4238,#4239,#4240,#4241,#4242,#4243,
#4244,#4245,#4246),(#4247,#4248,#4249,#4250,#4251,#4252,#4253,#4254,#4255,
#4256,#4257),(#4258,#4259,#4260,#4261,#4262,#4263,#4264,#4265,#4266,#4267,
#4268),(#4269,#4270,#4271,#4272,#4273,#4274,#4275,#4276,#4277,#4278,#4279),
(#4280,#4281,#4282,#4283,#4284,#4285,#4286,#4287,#4288,#4289,#4290),(#4291,
#4292,#4293,#4294,#4295,#4296,#4297,#4298,#4299,#4300,#4301),(#4302,#4303,
#4304,#4305,#4306,#4307,#4308,#4309,#4310,#4311,#4312),(#4313,#4314,#4315,
#4316,#4317,#4318,#4319,#4320,#4321,#4322,#4323),(#4324,#4325,#4326,#4327,
#4328,#4329,#4330,#4331,#4332,#4333,#4334)),.UNSPECIFIED.,.F.,.F.,.F.,(4,
2,2,2,2,4),(4,1,1,1,1,1,1,1,4),(0.,0.255982903590043,0.511965807180087,
0.723997729687377,0.863051188619303,1.),(0.0154506125136311,0.125013701135804,
0.250013534084022,0.37501373468354,0.499980206903541,0.624985293422962,
0.749984052382006,0.874988059266897,0.992162315210182),.UNSPECIFIED.);
#32=B_SPLINE_SURFACE_WITH_KNOTS('',3,3,((#4346,#4347,#4348,#4349,#4350,
#4351,#4352,#4353,#4354,#4355,#4356),(#4357,#4358,#4359,#4360,#4361,#4362,
#4363,#4364,#4365,#4366,#4367),(#4368,#4369,#4370,#4371,#4372,#4373,#4374,
#4375,#4376,#4377,#4378),(#4379,#4380,#4381,#4382,#4383,#4384,#4385,#4386,
#4387,#4388,#4389),(#4390,#4391,#4392,#4393,#4394,#4395,#4396,#4397,#4398,
#4399,#4400),(#4401,#4402,#4403,#4404,#4405,#4406,#4407,#4408,#4409,#4410,
#4411)),.UNSPECIFIED.,.F.,.F.,.F.,(4,2,4),(4,1,1,1,1,1,1,1,4),(0.,0.500000273574489,
1.),(0.0154919884579608,0.125013701135804,0.250013534084022,0.37501373468354,
0.499980206903541,0.624985293422962,0.749984052382006,0.874988059266897,
0.985204514540459),.UNSPECIFIED.);
#33=B_SPLINE_SURFACE_WITH_KNOTS('',3,3,((#4423,#4424,#4425,#4426,#4427,
#4428,#4429,#4430,#4431,#4432,#4433),(#4434,#4435,#4436,#4437,#4438,#4439,
#4440,#4441,#4442,#4443,#4444),(#4445,#4446,#4447,#4448,#4449,#4450,#4451,
#4452,#4453,#4454,#4455),(#4456,#4457,#4458,#4459,#4460,#4461,#4462,#4463,
#4464,#4465,#4466),(#4467,#4468,#4469,#4470,#4471,#4472,#4473,#4474,#4475,
#4476,#4477),(#4478,#4479,#4480,#4481,#4482,#4483,#4484,#4485,#4486,#4487,
#4488),(#4489,#4490,#4491,#4492,#4493,#4494,#4495,#4496,#4497,#4498,#4499),
(#4500,#4501,#4502,#4503,#4504,#4505,#4506,#4507,#4508,#4509,#4510),(#4511,
#4512,#4513,#4514,#4515,#4516,#4517,#4518,#4519,#4520,#4521),(#4522,#4523,
#4524,#4525,#4526,#4527,#4528,#4529,#4530,#4531,#4532),(#4533,#4534,#4535,
#4536,#4537,#4538,#4539,#4540,#4541,#4542,#4543),(#4544,#4545,#4546,#4547,
#4548,#4549,#4550,#4551,#4552,#4553,#4554)),.UNSPECIFIED.,.F.,.F.,.F.,(4,
2,2,2,2,4),(4,1,1,1,1,1,1,1,4),(0.,0.11955074342795,0.240817883668186,0.430613412751139,
0.620408941834093,1.),(0.0154515119375967,0.125013701135804,0.250013534084022,
0.37501373468354,0.499980206903541,0.624985293422962,0.749984052382006,
0.874988059266897,0.992415858304001),.UNSPECIFIED.);
#34=B_SPLINE_SURFACE_WITH_KNOTS('',3,3,((#4645,#4646,#4647,#4648,#4649,
#4650,#4651,#4652,#4653,#4654,#4655),(#4656,#4657,#4658,#4659,#4660,#4661,
#4662,#4663,#4664,#4665,#4666),(#4667,#4668,#4669,#4670,#4671,#4672,#4673,
#4674,#4675,#4676,#4677),(#4678,#4679,#4680,#4681,#4682,#4683,#4684,#4685,
#4686,#4687,#4688),(#4689,#4690,#4691,#4692,#4693,#4694,#4695,#4696,#4697,
#4698,#4699),(#4700,#4701,#4702,#4703,#4704,#4705,#4706,#4707,#4708,#4709,
#4710),(#4711,#4712,#4713,#4714,#4715,#4716,#4717,#4718,#4719,#4720,#4721),
(#4722,#4723,#4724,#4725,#4726,#4727,#4728,#4729,#4730,#4731,#4732),(#4733,
#4734,#4735,#4736,#4737,#4738,#4739,#4740,#4741,#4742,#4743),(#4744,#4745,
#4746,#4747,#4748,#4749,#4750,#4751,#4752,#4753,#4754),(#4755,#4756,#4757,
#4758,#4759,#4760,#4761,#4762,#4763,#4764,#4765),(#4766,#4767,#4768,#4769,
#4770,#4771,#4772,#4773,#4774,#4775,#4776)),.UNSPECIFIED.,.F.,.F.,.F.,(4,
2,2,2,2,4),(4,1,1,1,1,1,1,1,4),(0.,0.255982903590043,0.511965807180087,
0.723997729687377,0.863051188619303,1.),(0.015450612513631,0.125013701135804,
0.250013534084022,0.37501373468354,0.499980206903541,0.624985293422962,
0.749984052382006,0.874988059266897,0.992162315210186),.UNSPECIFIED.);
#35=B_SPLINE_SURFACE_WITH_KNOTS('',3,3,((#4788,#4789,#4790,#4791,#4792,
#4793,#4794,#4795,#4796,#4797,#4798),(#4799,#4800,#4801,#4802,#4803,#4804,
#4805,#4806,#4807,#4808,#4809),(#4810,#4811,#4812,#4813,#4814,#4815,#4816,
#4817,#4818,#4819,#4820),(#4821,#4822,#4823,#4824,#4825,#4826,#4827,#4828,
#4829,#4830,#4831),(#4832,#4833,#4834,#4835,#4836,#4837,#4838,#4839,#4840,
#4841,#4842),(#4843,#4844,#4845,#4846,#4847,#4848,#4849,#4850,#4851,#4852,
#4853)),.UNSPECIFIED.,.F.,.F.,.F.,(4,2,4),(4,1,1,1,1,1,1,1,4),(0.,0.500000273574489,
1.),(0.0154919884579608,0.125013701135804,0.250013534084022,0.37501373468354,
0.499980206903541,0.624985293422962,0.749984052382006,0.874988059266897,
0.985204514540459),.UNSPECIFIED.);
#36=B_SPLINE_SURFACE_WITH_KNOTS('',3,3,((#4865,#4866,#4867,#4868,#4869,
#4870,#4871,#4872,#4873,#4874,#4875),(#4876,#4877,#4878,#4879,#4880,#4881,
#4882,#4883,#4884,#4885,#4886),(#4887,#4888,#4889,#4890,#4891,#4892,#4893,
#4894,#4895,#4896,#4897),(#4898,#4899,#4900,#4901,#4902,#4903,#4904,#4905,
#4906,#4907,#4908),(#4909,#4910,#4911,#4912,#4913,#4914,#4915,#4916,#4917,
#4918,#4919),(#4920,#4921,#4922,#4923,#4924,#4925,#4926,#4927,#4928,#4929,
#4930),(#4931,#4932,#4933,#4934,#4935,#4936,#4937,#4938,#4939,#4940,#4941),
(#4942,#4943,#4944,#4945,#4946,#4947,#4948,#4949,#4950,#4951,#4952),(#4953,
#4954,#4955,#4956,#4957,#4958,#4959,#4960,#4961,#4962,#4963),(#4964,#4965,
#4966,#4967,#4968,#4969,#4970,#4971,#4972,#4973,#4974),(#4975,#4976,#4977,
#4978,#4979,#4980,#4981,#4982,#4983,#4984,#4985),(#4986,#4987,#4988,#4989,
#4990,#4991,#4992,#4993,#4994,#4995,#4996)),.UNSPECIFIED.,.F.,.F.,.F.,(4,
2,2,2,2,4),(4,1,1,1,1,1,1,1,4),(0.,0.11955074342795,0.240817883668186,0.430613412751139,
0.620408941834093,1.),(0.0154515119375968,0.125013701135804,0.250013534084022,
0.37501373468354,0.499980206903541,0.624985293422962,0.749984052382006,
0.874988059266897,0.992415858303987),.UNSPECIFIED.);
#37=B_SPLINE_SURFACE_WITH_KNOTS('',3,3,((#5087,#5088,#5089,#5090,#5091,
#5092,#5093,#5094,#5095,#5096,#5097),(#5098,#5099,#5100,#5101,#5102,#5103,
#5104,#5105,#5106,#5107,#5108),(#5109,#5110,#5111,#5112,#5113,#5114,#5115,
#5116,#5117,#5118,#5119),(#5120,#5121,#5122,#5123,#5124,#5125,#5126,#5127,
#5128,#5129,#5130),(#5131,#5132,#5133,#5134,#5135,#5136,#5137,#5138,#5139,
#5140,#5141),(#5142,#5143,#5144,#5145,#5146,#5147,#5148,#5149,#5150,#5151,
#5152),(#5153,#5154,#5155,#5156,#5157,#5158,#5159,#5160,#5161,#5162,#5163),
(#5164,#5165,#5166,#5167,#5168,#5169,#5170,#5171,#5172,#5173,#5174),(#5175,
#5176,#5177,#5178,#5179,#5180,#5181,#5182,#5183,#5184,#5185),(#5186,#5187,
#5188,#5189,#5190,#5191,#5192,#5193,#5194,#5195,#5196),(#5197,#5198,#5199,
#5200,#5201,#5202,#5203,#5204,#5205,#5206,#5207),(#5208,#5209,#5210,#5211,
#5212,#5213,#5214,#5215,#5216,#5217,#5218)),.UNSPECIFIED.,.F.,.F.,.F.,(4,
2,2,2,2,4),(4,1,1,1,1,1,1,1,4),(0.,0.255982903590043,0.511965807180087,
0.723997729687377,0.863051188619303,1.),(0.0154506125136311,0.125013701135804,
0.250013534084022,0.37501373468354,0.499980206903541,0.624985293422962,
0.749984052382006,0.874988059266897,0.992162315210181),.UNSPECIFIED.);
#38=B_SPLINE_SURFACE_WITH_KNOTS('',3,3,((#5230,#5231,#5232,#5233,#5234,
#5235,#5236,#5237,#5238,#5239,#5240),(#5241,#5242,#5243,#5244,#5245,#5246,
#5247,#5248,#5249,#5250,#5251),(#5252,#5253,#5254,#5255,#5256,#5257,#5258,
#5259,#5260,#5261,#5262),(#5263,#5264,#5265,#5266,#5267,#5268,#5269,#5270,
#5271,#5272,#5273),(#5274,#5275,#5276,#5277,#5278,#5279,#5280,#5281,#5282,
#5283,#5284),(#5285,#5286,#5287,#5288,#5289,#5290,#5291,#5292,#5293,#5294,
#5295)),.UNSPECIFIED.,.F.,.F.,.F.,(4,2,4),(4,1,1,1,1,1,1,1,4),(0.,0.500000273574489,
1.),(0.0154919884579608,0.125013701135804,0.250013534084022,0.37501373468354,
0.499980206903541,0.624985293422962,0.749984052382006,0.874988059266897,
0.985204514540459),.UNSPECIFIED.);
#39=B_SPLINE_SURFACE_WITH_KNOTS('',3,3,((#5307,#5308,#5309,#5310,#5311,
#5312,#5313,#5314,#5315,#5316,#5317),(#5318,#5319,#5320,#5321,#5322,#5323,
#5324,#5325,#5326,#5327,#5328),(#5329,#5330,#5331,#5332,#5333,#5334,#5335,
#5336,#5337,#5338,#5339),(#5340,#5341,#5342,#5343,#5344,#5345,#5346,#5347,
#5348,#5349,#5350),(#5351,#5352,#5353,#5354,#5355,#5356,#5357,#5358,#5359,
#5360,#5361),(#5362,#5363,#5364,#5365,#5366,#5367,#5368,#5369,#5370,#5371,
#5372),(#5373,#5374,#5375,#5376,#5377,#5378,#5379,#5380,#5381,#5382,#5383),
(#5384,#5385,#5386,#5387,#5388,#5389,#5390,#5391,#5392,#5393,#5394),(#5395,
#5396,#5397,#5398,#5399,#5400,#5401,#5402,#5403,#5404,#5405),(#5406,#5407,
#5408,#5409,#5410,#5411,#5412,#5413,#5414,#5415,#5416),(#5417,#5418,#5419,
#5420,#5421,#5422,#5423,#5424,#5425,#5426,#5427),(#5428,#5429,#5430,#5431,
#5432,#5433,#5434,#5435,#5436,#5437,#5438)),.UNSPECIFIED.,.F.,.F.,.F.,(4,
2,2,2,2,4),(4,1,1,1,1,1,1,1,4),(0.,0.11955074342795,0.240817883668186,0.430613412751139,
0.620408941834093,1.),(0.0154515119375967,0.125013701135804,0.250013534084022,
0.37501373468354,0.499980206903541,0.624985293422962,0.749984052382006,
0.874988059266897,0.992415858304007),.UNSPECIFIED.);
#40=B_SPLINE_SURFACE_WITH_KNOTS('',3,3,((#5529,#5530,#5531,#5532,#5533,
#5534,#5535,#5536,#5537,#5538,#5539),(#5540,#5541,#5542,#5543,#5544,#5545,
#5546,#5547,#5548,#5549,#5550),(#5551,#5552,#5553,#5554,#5555,#5556,#5557,
#5558,#5559,#5560,#5561),(#5562,#5563,#5564,#5565,#5566,#5567,#5568,#5569,
#5570,#5571,#5572),(#5573,#5574,#5575,#5576,#5577,#5578,#5579,#5580,#5581,
#5582,#5583),(#5584,#5585,#5586,#5587,#5588,#5589,#5590,#5591,#5592,#5593,
#5594),(#5595,#5596,#5597,#5598,#5599,#5600,#5601,#5602,#5603,#5604,#5605),
(#5606,#5607,#5608,#5609,#5610,#5611,#5612,#5613,#5614,#5615,#5616),(#5617,
#5618,#5619,#5620,#5621,#5622,#5623,#5624,#5625,#5626,#5627),(#5628,#5629,
#5630,#5631,#5632,#5633,#5634,#5635,#5636,#5637,#5638),(#5639,#5640,#5641,
#5642,#5643,#5644,#5645,#5646,#5647,#5648,#5649),(#5650,#5651,#5652,#5653,
#5654,#5655,#5656,#5657,#5658,#5659,#5660)),.UNSPECIFIED.,.F.,.F.,.F.,(4,
2,2,2,2,4),(4,1,1,1,1,1,1,1,4),(0.,0.255982903590043,0.511965807180087,
0.723997729687377,0.863051188619303,1.),(0.015450612513631,0.125013701135804,
0.250013534084022,0.37501373468354,0.499980206903541,0.624985293422962,
0.749984052382006,0.874988059266897,0.992162315210185),.UNSPECIFIED.);
#41=B_SPLINE_SURFACE_WITH_KNOTS('',3,3,((#5672,#5673,#5674,#5675,#5676,
#5677,#5678,#5679,#5680,#5681,#5682),(#5683,#5684,#5685,#5686,#5687,#5688,
#5689,#5690,#5691,#5692,#5693),(#5694,#5695,#5696,#5697,#5698,#5699,#5700,
#5701,#5702,#5703,#5704),(#5705,#5706,#5707,#5708,#5709,#5710,#5711,#5712,
#5713,#5714,#5715),(#5716,#5717,#5718,#5719,#5720,#5721,#5722,#5723,#5724,
#5725,#5726),(#5727,#5728,#5729,#5730,#5731,#5732,#5733,#5734,#5735,#5736,
#5737)),.UNSPECIFIED.,.F.,.F.,.F.,(4,2,4),(4,1,1,1,1,1,1,1,4),(0.,0.500000273574489,
1.),(0.0154919884579608,0.125013701135804,0.250013534084022,0.37501373468354,
0.499980206903541,0.624985293422962,0.749984052382006,0.874988059266897,
0.985204514540459),.UNSPECIFIED.);
#42=B_SPLINE_SURFACE_WITH_KNOTS('',3,3,((#5749,#5750,#5751,#5752,#5753,
#5754,#5755,#5756,#5757,#5758,#5759),(#5760,#5761,#5762,#5763,#5764,#5765,
#5766,#5767,#5768,#5769,#5770),(#5771,#5772,#5773,#5774,#5775,#5776,#5777,
#5778,#5779,#5780,#5781),(#5782,#5783,#5784,#5785,#5786,#5787,#5788,#5789,
#5790,#5791,#5792),(#5793,#5794,#5795,#5796,#5797,#5798,#5799,#5800,#5801,
#5802,#5803),(#5804,#5805,#5806,#5807,#5808,#5809,#5810,#5811,#5812,#5813,
#5814),(#5815,#5816,#5817,#5818,#5819,#5820,#5821,#5822,#5823,#5824,#5825),
(#5826,#5827,#5828,#5829,#5830,#5831,#5832,#5833,#5834,#5835,#5836),(#5837,
#5838,#5839,#5840,#5841,#5842,#5843,#5844,#5845,#5846,#5847),(#5848,#5849,
#5850,#5851,#5852,#5853,#5854,#5855,#5856,#5857,#5858),(#5859,#5860,#5861,
#5862,#5863,#5864,#5865,#5866,#5867,#5868,#5869),(#5870,#5871,#5872,#5873,
#5874,#5875,#5876,#5877,#5878,#5879,#5880)),.UNSPECIFIED.,.F.,.F.,.F.,(4,
2,2,2,2,4),(4,1,1,1,1,1,1,1,4),(0.,0.11955074342795,0.240817883668186,0.430613412751139,
0.620408941834093,1.),(0.0154515119375966,0.125013701135804,0.250013534084022,
0.37501373468354,0.499980206903541,0.624985293422962,0.749984052382006,
0.874988059266897,0.99241585830401),.UNSPECIFIED.);
#43=B_SPLINE_SURFACE_WITH_KNOTS('',3,3,((#5971,#5972,#5973,#5974,#5975,
#5976,#5977,#5978,#5979,#5980,#5981),(#5982,#5983,#5984,#5985,#5986,#5987,
#5988,#5989,#5990,#5991,#5992),(#5993,#5994,#5995,#5996,#5997,#5998,#5999,
#6000,#6001,#6002,#6003),(#6004,#6005,#6006,#6007,#6008,#6009,#6010,#6011,
#6012,#6013,#6014),(#6015,#6016,#6017,#6018,#6019,#6020,#6021,#6022,#6023,
#6024,#6025),(#6026,#6027,#6028,#6029,#6030,#6031,#6032,#6033,#6034,#6035,
#6036),(#6037,#6038,#6039,#6040,#6041,#6042,#6043,#6044,#6045,#6046,#6047),
(#6048,#6049,#6050,#6051,#6052,#6053,#6054,#6055,#6056,#6057,#6058),(#6059,
#6060,#6061,#6062,#6063,#6064,#6065,#6066,#6067,#6068,#6069),(#6070,#6071,
#6072,#6073,#6074,#6075,#6076,#6077,#6078,#6079,#6080),(#6081,#6082,#6083,
#6084,#6085,#6086,#6087,#6088,#6089,#6090,#6091),(#6092,#6093,#6094,#6095,
#6096,#6097,#6098,#6099,#6100,#6101,#6102)),.UNSPECIFIED.,.F.,.F.,.F.,(4,
2,2,2,2,4),(4,1,1,1,1,1,1,1,4),(0.,0.255982903590043,0.511965807180087,
0.723997729687377,0.863051188619303,1.),(0.015450612513631,0.125013701135804,
0.250013534084022,0.37501373468354,0.499980206903541,0.624985293422962,
0.749984052382006,0.874988059266897,0.992162315210186),.UNSPECIFIED.);
#44=B_SPLINE_SURFACE_WITH_KNOTS('',3,3,((#6114,#6115,#6116,#6117,#6118,
#6119,#6120,#6121,#6122,#6123,#6124),(#6125,#6126,#6127,#6128,#6129,#6130,
#6131,#6132,#6133,#6134,#6135),(#6136,#6137,#6138,#6139,#6140,#6141,#6142,
#6143,#6144,#6145,#6146),(#6147,#6148,#6149,#6150,#6151,#6152,#6153,#6154,
#6155,#6156,#6157),(#6158,#6159,#6160,#6161,#6162,#6163,#6164,#6165,#6166,
#6167,#6168),(#6169,#6170,#6171,#6172,#6173,#6174,#6175,#6176,#6177,#6178,
#6179)),.UNSPECIFIED.,.F.,.F.,.F.,(4,2,4),(4,1,1,1,1,1,1,1,4),(0.,0.500000273574489,
1.),(0.0154919884579608,0.125013701135804,0.250013534084022,0.37501373468354,
0.499980206903541,0.624985293422962,0.749984052382006,0.874988059266897,
0.985204514540459),.UNSPECIFIED.);
#45=B_SPLINE_SURFACE_WITH_KNOTS('',3,3,((#6191,#6192,#6193,#6194,#6195,
#6196,#6197,#6198,#6199,#6200,#6201),(#6202,#6203,#6204,#6205,#6206,#6207,
#6208,#6209,#6210,#6211,#6212),(#6213,#6214,#6215,#6216,#6217,#6218,#6219,
#6220,#6221,#6222,#6223),(#6224,#6225,#6226,#6227,#6228,#6229,#6230,#6231,
#6232,#6233,#6234),(#6235,#6236,#6237,#6238,#6239,#6240,#6241,#6242,#6243,
#6244,#6245),(#6246,#6247,#6248,#6249,#6250,#6251,#6252,#6253,#6254,#6255,
#6256),(#6257,#6258,#6259,#6260,#6261,#6262,#6263,#6264,#6265,#6266,#6267),
(#6268,#6269,#6270,#6271,#6272,#6273,#6274,#6275,#6276,#6277,#6278),(#6279,
#6280,#6281,#6282,#6283,#6284,#6285,#6286,#6287,#6288,#6289),(#6290,#6291,
#6292,#6293,#6294,#6295,#6296,#6297,#6298,#6299,#6300),(#6301,#6302,#6303,
#6304,#6305,#6306,#6307,#6308,#6309,#6310,#6311),(#6312,#6313,#6314,#6315,
#6316,#6317,#6318,#6319,#6320,#6321,#6322)),.UNSPECIFIED.,.F.,.F.,.F.,(4,
2,2,2,2,4),(4,1,1,1,1,1,1,1,4),(0.,0.11955074342795,0.240817883668186,0.430613412751139,
0.620408941834093,1.),(0.0154515119375966,0.125013701135804,0.250013534084022,
0.37501373468354,0.499980206903541,0.624985293422962,0.749984052382006,
0.874988059266897,0.992415858304012),.UNSPECIFIED.);
#46=B_SPLINE_SURFACE_WITH_KNOTS('',3,3,((#6413,#6414,#6415,#6416,#6417,
#6418,#6419,#6420,#6421,#6422,#6423),(#6424,#6425,#6426,#6427,#6428,#6429,
#6430,#6431,#6432,#6433,#6434),(#6435,#6436,#6437,#6438,#6439,#6440,#6441,
#6442,#6443,#6444,#6445),(#6446,#6447,#6448,#6449,#6450,#6451,#6452,#6453,
#6454,#6455,#6456),(#6457,#6458,#6459,#6460,#6461,#6462,#6463,#6464,#6465,
#6466,#6467),(#6468,#6469,#6470,#6471,#6472,#6473,#6474,#6475,#6476,#6477,
#6478),(#6479,#6480,#6481,#6482,#6483,#6484,#6485,#6486,#6487,#6488,#6489),
(#6490,#6491,#6492,#6493,#6494,#6495,#6496,#6497,#6498,#6499,#6500),(#6501,
#6502,#6503,#6504,#6505,#6506,#6507,#6508,#6509,#6510,#6511),(#6512,#6513,
#6514,#6515,#6516,#6517,#6518,#6519,#6520,#6521,#6522),(#6523,#6524,#6525,
#6526,#6527,#6528,#6529,#6530,#6531,#6532,#6533),(#6534,#6535,#6536,#6537,
#6538,#6539,#6540,#6541,#6542,#6543,#6544)),.UNSPECIFIED.,.F.,.F.,.F.,(4,
2,2,2,2,4),(4,1,1,1,1,1,1,1,4),(0.,0.255982903590043,0.511965807180087,
0.723997729687377,0.863051188619303,1.),(0.015450612513631,0.125013701135804,
0.250013534084022,0.37501373468354,0.499980206903541,0.624985293422962,
0.749984052382006,0.874988059266897,0.992162315210185),.UNSPECIFIED.);
#47=B_SPLINE_SURFACE_WITH_KNOTS('',3,3,((#6556,#6557,#6558,#6559,#6560,
#6561,#6562,#6563,#6564,#6565,#6566),(#6567,#6568,#6569,#6570,#6571,#6572,
#6573,#6574,#6575,#6576,#6577),(#6578,#6579,#6580,#6581,#6582,#6583,#6584,
#6585,#6586,#6587,#6588),(#6589,#6590,#6591,#6592,#6593,#6594,#6595,#6596,
#6597,#6598,#6599),(#6600,#6601,#6602,#6603,#6604,#6605,#6606,#6607,#6608,
#6609,#6610),(#6611,#6612,#6613,#6614,#6615,#6616,#6617,#6618,#6619,#6620,
#6621)),.UNSPECIFIED.,.F.,.F.,.F.,(4,2,4),(4,1,1,1,1,1,1,1,4),(0.,0.500000273574489,
1.),(0.0154919884579608,0.125013701135804,0.250013534084022,0.37501373468354,
0.499980206903541,0.624985293422962,0.749984052382006,0.874988059266897,
0.985204514540459),.UNSPECIFIED.);
#48=B_SPLINE_SURFACE_WITH_KNOTS('',3,3,((#6633,#6634,#6635,#6636,#6637,
#6638,#6639,#6640,#6641,#6642,#6643),(#6644,#6645,#6646,#6647,#6648,#6649,
#6650,#6651,#6652,#6653,#6654),(#6655,#6656,#6657,#6658,#6659,#6660,#6661,
#6662,#6663,#6664,#6665),(#6666,#6667,#6668,#6669,#6670,#6671,#6672,#6673,
#6674,#6675,#6676),(#6677,#6678,#6679,#6680,#6681,#6682,#6683,#6684,#6685,
#6686,#6687),(#6688,#6689,#6690,#6691,#6692,#6693,#6694,#6695,#6696,#6697,
#6698),(#6699,#6700,#6701,#6702,#6703,#6704,#6705,#6706,#6707,#6708,#6709),
(#6710,#6711,#6712,#6713,#6714,#6715,#6716,#6717,#6718,#6719,#6720),(#6721,
#6722,#6723,#6724,#6725,#6726,#6727,#6728,#6729,#6730,#6731),(#6732,#6733,
#6734,#6735,#6736,#6737,#6738,#6739,#6740,#6741,#6742),(#6743,#6744,#6745,
#6746,#6747,#6748,#6749,#6750,#6751,#6752,#6753),(#6754,#6755,#6756,#6757,
#6758,#6759,#6760,#6761,#6762,#6763,#6764)),.UNSPECIFIED.,.F.,.F.,.F.,(4,
2,2,2,2,4),(4,1,1,1,1,1,1,1,4),(0.,0.11955074342795,0.240817883668186,0.430613412751139,
0.620408941834093,1.),(0.0154515119375966,0.125013701135804,0.250013534084022,
0.37501373468354,0.499980206903541,0.624985293422962,0.749984052382006,
0.874988059266897,0.992415858304025),.UNSPECIFIED.);
#49=B_SPLINE_SURFACE_WITH_KNOTS('',3,3,((#6791,#6792,#6793,#6794,#6795,
#6796,#6797,#6798,#6799,#6800,#6801),(#6802,#6803,#6804,#6805,#6806,#6807,
#6808,#6809,#6810,#6811,#6812),(#6813,#6814,#6815,#6816,#6817,#6818,#6819,
#6820,#6821,#6822,#6823),(#6824,#6825,#6826,#6827,#6828,#6829,#6830,#6831,
#6832,#6833,#6834),(#6835,#6836,#6837,#6838,#6839,#6840,#6841,#6842,#6843,
#6844,#6845),(#6846,#6847,#6848,#6849,#6850,#6851,#6852,#6853,#6854,#6855,
#6856),(#6857,#6858,#6859,#6860,#6861,#6862,#6863,#6864,#6865,#6866,#6867),
(#6868,#6869,#6870,#6871,#6872,#6873,#6874,#6875,#6876,#6877,#6878),(#6879,
#6880,#6881,#6882,#6883,#6884,#6885,#6886,#6887,#6888,#6889),(#6890,#6891,
#6892,#6893,#6894,#6895,#6896,#6897,#6898,#6899,#6900),(#6901,#6902,#6903,
#6904,#6905,#6906,#6907,#6908,#6909,#6910,#6911),(#6912,#6913,#6914,#6915,
#6916,#6917,#6918,#6919,#6920,#6921,#6922)),.UNSPECIFIED.,.F.,.F.,.F.,(4,
2,2,2,2,4),(4,1,1,1,1,1,1,1,4),(0.,0.11955074342795,0.240817883668186,0.430613412751139,
0.620408941834093,1.),(0.0154515119375965,0.125013701135804,0.250013534084022,
0.37501373468354,0.499980206903541,0.624985293422962,0.749984052382006,
0.874988059266897,0.992415858304029),.UNSPECIFIED.);
#50=B_SPLINE_SURFACE_WITH_KNOTS('',3,3,((#6958,#6959,#6960,#6961,#6962,
#6963,#6964,#6965,#6966,#6967,#6968),(#6969,#6970,#6971,#6972,#6973,#6974,
#6975,#6976,#6977,#6978,#6979),(#6980,#6981,#6982,#6983,#6984,#6985,#6986,
#6987,#6988,#6989,#6990),(#6991,#6992,#6993,#6994,#6995,#6996,#6997,#6998,
#6999,#7000,#7001),(#7002,#7003,#7004,#7005,#7006,#7007,#7008,#7009,#7010,
#7011,#7012),(#7013,#7014,#7015,#7016,#7017,#7018,#7019,#7020,#7021,#7022,
#7023),(#7024,#7025,#7026,#7027,#7028,#7029,#7030,#7031,#7032,#7033,#7034),
(#7035,#7036,#7037,#7038,#7039,#7040,#7041,#7042,#7043,#7044,#7045),(#7046,
#7047,#7048,#7049,#7050,#7051,#7052,#7053,#7054,#7055,#7056),(#7057,#7058,
#7059,#7060,#7061,#7062,#7063,#7064,#7065,#7066,#7067),(#7068,#7069,#7070,
#7071,#7072,#7073,#7074,#7075,#7076,#7077,#7078),(#7079,#7080,#7081,#7082,
#7083,#7084,#7085,#7086,#7087,#7088,#7089)),.UNSPECIFIED.,.F.,.F.,.F.,(4,
2,2,2,2,4),(4,1,1,1,1,1,1,1,4),(0.,0.255982903590043,0.511965807180087,
0.723997729687377,0.863051188619303,1.),(0.015450612513631,0.125013701135804,
0.250013534084022,0.37501373468354,0.499980206903541,0.624985293422962,
0.749984052382006,0.874988059266897,0.992162315210189),.UNSPECIFIED.);
#51=B_SPLINE_SURFACE_WITH_KNOTS('',3,3,((#7137,#7138,#7139,#7140,#7141,
#7142,#7143,#7144,#7145,#7146,#7147),(#7148,#7149,#7150,#7151,#7152,#7153,
#7154,#7155,#7156,#7157,#7158),(#7159,#7160,#7161,#7162,#7163,#7164,#7165,
#7166,#7167,#7168,#7169),(#7170,#7171,#7172,#7173,#7174,#7175,#7176,#7177,
#7178,#7179,#7180),(#7181,#7182,#7183,#7184,#7185,#7186,#7187,#7188,#7189,
#7190,#7191),(#7192,#7193,#7194,#7195,#7196,#7197,#7198,#7199,#7200,#7201,
#7202)),.UNSPECIFIED.,.F.,.F.,.F.,(4,2,4),(4,1,1,1,1,1,1,1,4),(0.,0.500000273574489,
1.),(0.0154919884579608,0.125013701135804,0.250013534084022,0.37501373468354,
0.499980206903541,0.624985293422962,0.749984052382006,0.874988059266897,
0.985204514540459),.UNSPECIFIED.);
#52=PLANE('',#1593);
#53=PLANE('',#1594);
#54=PLANE('',#1600);
#55=PLANE('',#1601);
#56=PLANE('',#1607);
#57=PLANE('',#1608);
#58=PLANE('',#1614);
#59=PLANE('',#1615);
#60=PLANE('',#1621);
#61=PLANE('',#1622);
#62=PLANE('',#1628);
#63=PLANE('',#1629);
#64=PLANE('',#1635);
#65=PLANE('',#1636);
#66=PLANE('',#1642);
#67=PLANE('',#1643);
#68=PLANE('',#1649);
#69=PLANE('',#1650);
#70=PLANE('',#1656);
#71=PLANE('',#1657);
#72=PLANE('',#1663);
#73=PLANE('',#1664);
#74=PLANE('',#1668);
#75=PLANE('',#1670);
#76=PLANE('',#1674);
#77=PLANE('',#1675);
#78=LINE('',#1911,#114);
#79=LINE('',#1913,#115);
#80=LINE('',#1920,#116);
#81=LINE('',#1992,#117);
#82=LINE('',#2356,#118);
#83=LINE('',#2358,#119);
#84=LINE('',#2364,#120);
#85=LINE('',#2798,#121);
#86=LINE('',#2800,#122);
#87=LINE('',#2806,#123);
#88=LINE('',#3240,#124);
#89=LINE('',#3242,#125);
#90=LINE('',#3248,#126);
#91=LINE('',#3682,#127);
#92=LINE('',#3684,#128);
#93=LINE('',#3690,#129);
#94=LINE('',#4124,#130);
#95=LINE('',#4126,#131);
#96=LINE('',#4132,#132);
#97=LINE('',#4566,#133);
#98=LINE('',#4568,#134);
#99=LINE('',#4574,#135);
#100=LINE('',#5008,#136);
#101=LINE('',#5010,#137);
#102=LINE('',#5016,#138);
#103=LINE('',#5450,#139);
#104=LINE('',#5452,#140);
#105=LINE('',#5458,#141);
#106=LINE('',#5892,#142);
#107=LINE('',#5894,#143);
#108=LINE('',#5900,#144);
#109=LINE('',#6334,#145);
#110=LINE('',#6336,#146);
#111=LINE('',#6342,#147);
#112=LINE('',#7130,#148);
#113=LINE('',#7136,#149);
#114=VECTOR('',#1687,1.);
#115=VECTOR('',#1690,1.);
#116=VECTOR('',#1691,1.);
#117=VECTOR('',#1698,1.);
#118=VECTOR('',#1705,1.);
#119=VECTOR('',#1708,1.);
#120=VECTOR('',#1709,1.);
#121=VECTOR('',#1722,1.);
#122=VECTOR('',#1725,1.);
#123=VECTOR('',#1726,1.);
#124=VECTOR('',#1739,1.);
#125=VECTOR('',#1742,1.);
#126=VECTOR('',#1743,1.);
#127=VECTOR('',#1756,1.);
#128=VECTOR('',#1759,1.);
#129=VECTOR('',#1760,1.);
#130=VECTOR('',#1773,1.);
#131=VECTOR('',#1776,1.);
#132=VECTOR('',#1777,1.);
#133=VECTOR('',#1790,1.);
#134=VECTOR('',#1793,1.);
#135=VECTOR('',#1794,1.);
#136=VECTOR('',#1807,1.);
#137=VECTOR('',#1810,1.);
#138=VECTOR('',#1811,1.);
#139=VECTOR('',#1824,1.);
#140=VECTOR('',#1827,1.);
#141=VECTOR('',#1828,1.);
#142=VECTOR('',#1841,1.);
#143=VECTOR('',#1844,1.);
#144=VECTOR('',#1845,1.);
#145=VECTOR('',#1858,1.);
#146=VECTOR('',#1861,1.);
#147=VECTOR('',#1862,1.);
#148=VECTOR('',#1889,1.);
#149=VECTOR('',#1892,1.);
#150=B_SPLINE_CURVE_WITH_KNOTS('',3,(#1904,#1905,#1906,#1907),
 .UNSPECIFIED.,.F.,.F.,(4,4),(1.74822347316868E-18,0.00452440206039157),
 .UNSPECIFIED.);
#151=B_SPLINE_CURVE_WITH_KNOTS('',3,(#1915,#1916,#1917,#1918),
 .UNSPECIFIED.,.F.,.F.,(4,4),(0.435798679729634,0.480867985638974),
 .UNSPECIFIED.);
#152=B_SPLINE_CURVE_WITH_KNOTS('',3,(#1922,#1923,#1924,#1925,#1926),
 .UNSPECIFIED.,.F.,.F.,(4,1,4),(0.,0.000787455993093584,0.00157491198618717),
 .UNSPECIFIED.);
#153=B_SPLINE_CURVE_WITH_KNOTS('',3,(#1928,#1929,#1930,#1931),
 .UNSPECIFIED.,.F.,.F.,(4,4),(0.,1.),.UNSPECIFIED.);
#154=B_SPLINE_CURVE_WITH_KNOTS('',3,(#1933,#1934,#1935,#1936,#1937),
 .UNSPECIFIED.,.F.,.F.,(4,1,4),(7.77003152234485E-18,0.000780468331229158,
0.00156093666245831),.UNSPECIFIED.);
#155=B_SPLINE_CURVE_WITH_KNOTS('',3,(#1939,#1940,#1941,#1942),
 .UNSPECIFIED.,.F.,.F.,(4,4),(3.19344935610287E-17,0.000927636219615578),
 .UNSPECIFIED.);
#156=B_SPLINE_CURVE_WITH_KNOTS('',3,(#1945,#1946,#1947,#1948),
 .UNSPECIFIED.,.F.,.F.,(4,4),(0.,0.000379873437446759),.UNSPECIFIED.);
#157=B_SPLINE_CURVE_WITH_KNOTS('',3,(#1950,#1951,#1952,#1953),
 .UNSPECIFIED.,.F.,.F.,(4,4),(3.30630114552606E-17,0.000931872335599055),
 .UNSPECIFIED.);
#158=B_SPLINE_CURVE_WITH_KNOTS('',3,(#1955,#1956,#1957,#1958),
 .UNSPECIFIED.,.F.,.F.,(4,4),(5.42101086242752E-20,0.000510828705968561),
 .UNSPECIFIED.);
#159=B_SPLINE_CURVE_WITH_KNOTS('',3,(#1960,#1961,#1962,#1963),
 .UNSPECIFIED.,.F.,.F.,(4,4),(0.519073843124488,0.564182560663749),
 .UNSPECIFIED.);
#160=B_SPLINE_CURVE_WITH_KNOTS('',3,(#1964,#1965,#1966,#1967),
 .UNSPECIFIED.,.F.,.F.,(4,4),(8.11817486641057E-16,0.000510749657859295),
 .UNSPECIFIED.);
#161=B_SPLINE_CURVE_WITH_KNOTS('',3,(#1969,#1970,#1971,#1972,#1973,#1974,
#1975,#1976,#1977,#1978,#1979),.UNSPECIFIED.,.F.,.F.,(4,1,1,1,1,1,1,1,4),
(0.,0.125013701135804,0.250013534084022,0.37501373468354,0.499980206903541,
0.624985293422962,0.749984052382006,0.874988059266897,1.),.UNSPECIFIED.);
#162=B_SPLINE_CURVE_WITH_KNOTS('',3,(#1981,#1982,#1983,#1984,#1985,#1986,
#1987,#1988,#1989,#1990,#1991),.UNSPECIFIED.,.F.,.F.,(4,1,1,1,1,1,1,1,4),
(0.,0.125013701135804,0.250013534084022,0.37501373468354,0.499980206903541,
0.624985293422962,0.749984052382006,0.874988059266897,1.),.UNSPECIFIED.);
#163=B_SPLINE_CURVE_WITH_KNOTS('',3,(#2125,#2126,#2127,#2128,#2129,#2130,
#2131,#2132,#2133,#2134,#2135),.UNSPECIFIED.,.F.,.F.,(4,1,1,1,1,1,1,1,4),
(0.,0.125013701135804,0.250013534084022,0.37501373468354,0.499980206903541,
0.624985293422962,0.749984052382006,0.874988059266897,1.),.UNSPECIFIED.);
#164=B_SPLINE_CURVE_WITH_KNOTS('',3,(#2202,#2203,#2204,#2205,#2206,#2207,
#2208,#2209,#2210,#2211,#2212),.UNSPECIFIED.,.F.,.F.,(4,1,1,1,1,1,1,1,4),
(0.,0.125013701135804,0.250013534084022,0.37501373468354,0.499980206903541,
0.624985293422962,0.749984052382006,0.874988059266897,1.),.UNSPECIFIED.);
#165=B_SPLINE_CURVE_WITH_KNOTS('',3,(#2349,#2350,#2351,#2352),
 .UNSPECIFIED.,.F.,.F.,(4,4),(0.,0.00452440206039158),.UNSPECIFIED.);
#166=B_SPLINE_CURVE_WITH_KNOTS('',3,(#2360,#2361,#2362,#2363),
 .UNSPECIFIED.,.F.,.F.,(4,4),(0.435798679729632,0.480867985638972),
 .UNSPECIFIED.);
#167=B_SPLINE_CURVE_WITH_KNOTS('',3,(#2366,#2367,#2368,#2369,#2370),
 .UNSPECIFIED.,.F.,.F.,(4,1,4),(0.,0.000787455993093624,0.00157491198618725),
 .UNSPECIFIED.);
#168=B_SPLINE_CURVE_WITH_KNOTS('',3,(#2372,#2373,#2374,#2375),
 .UNSPECIFIED.,.F.,.F.,(4,4),(0.,1.),.UNSPECIFIED.);
#169=B_SPLINE_CURVE_WITH_KNOTS('',3,(#2377,#2378,#2379,#2380,#2381),
 .UNSPECIFIED.,.F.,.F.,(4,1,4),(3.70435565972803E-17,0.000780468331229188,
0.00156093666245834),.UNSPECIFIED.);
#170=B_SPLINE_CURVE_WITH_KNOTS('',3,(#2383,#2384,#2385,#2386),
 .UNSPECIFIED.,.F.,.F.,(4,4),(2.04566856771261E-17,0.000927636219615574),
 .UNSPECIFIED.);
#171=B_SPLINE_CURVE_WITH_KNOTS('',3,(#2389,#2390,#2391,#2392),
 .UNSPECIFIED.,.F.,.F.,(4,4),(0.,0.000379873437446759),.UNSPECIFIED.);
#172=B_SPLINE_CURVE_WITH_KNOTS('',3,(#2394,#2395,#2396,#2397),
 .UNSPECIFIED.,.F.,.F.,(4,4),(5.8184394216733E-18,0.000931872335599025),
 .UNSPECIFIED.);
#173=B_SPLINE_CURVE_WITH_KNOTS('',3,(#2399,#2400,#2401,#2402),
 .UNSPECIFIED.,.F.,.F.,(4,4),(7.85429459156923E-18,0.000510828705968542),
 .UNSPECIFIED.);
#174=B_SPLINE_CURVE_WITH_KNOTS('',3,(#2403,#2404,#2405,#2406),
 .UNSPECIFIED.,.F.,.F.,(4,4),(0.519073843124489,0.564182560663751),
 .UNSPECIFIED.);
#175=B_SPLINE_CURVE_WITH_KNOTS('',3,(#2407,#2408,#2409,#2410),
 .UNSPECIFIED.,.F.,.F.,(4,4),(8.14041980253499E-16,0.000510749657859307),
 .UNSPECIFIED.);
#176=B_SPLINE_CURVE_WITH_KNOTS('',3,(#2412,#2413,#2414,#2415,#2416,#2417,
#2418,#2419,#2420,#2421,#2422),.UNSPECIFIED.,.F.,.F.,(4,1,1,1,1,1,1,1,4),
(0.,0.125013701135804,0.250013534084022,0.37501373468354,0.499980206903541,
0.624985293422962,0.749984052382006,0.874988059266897,1.),.UNSPECIFIED.);
#177=B_SPLINE_CURVE_WITH_KNOTS('',3,(#2424,#2425,#2426,#2427,#2428,#2429,
#2430,#2431,#2432,#2433,#2434),.UNSPECIFIED.,.F.,.F.,(4,1,1,1,1,1,1,1,4),
(0.,0.125013701135804,0.250013534084022,0.37501373468354,0.499980206903541,
0.624985293422962,0.749984052382006,0.874988059266897,1.),.UNSPECIFIED.);
#178=B_SPLINE_CURVE_WITH_KNOTS('',3,(#2567,#2568,#2569,#2570,#2571,#2572,
#2573,#2574,#2575,#2576,#2577),.UNSPECIFIED.,.F.,.F.,(4,1,1,1,1,1,1,1,4),
(0.,0.125013701135804,0.250013534084022,0.37501373468354,0.499980206903541,
0.624985293422962,0.749984052382006,0.874988059266897,1.),.UNSPECIFIED.);
#179=B_SPLINE_CURVE_WITH_KNOTS('',3,(#2644,#2645,#2646,#2647,#2648,#2649,
#2650,#2651,#2652,#2653,#2654),.UNSPECIFIED.,.F.,.F.,(4,1,1,1,1,1,1,1,4),
(0.,0.125013701135804,0.250013534084022,0.37501373468354,0.499980206903541,
0.624985293422962,0.749984052382006,0.874988059266897,1.),.UNSPECIFIED.);
#180=B_SPLINE_CURVE_WITH_KNOTS('',3,(#2791,#2792,#2793,#2794),
 .UNSPECIFIED.,.F.,.F.,(4,4),(0.,0.00452440206039157),.UNSPECIFIED.);
#181=B_SPLINE_CURVE_WITH_KNOTS('',3,(#2802,#2803,#2804,#2805),
 .UNSPECIFIED.,.F.,.F.,(4,4),(0.435798679729634,0.480867985638973),
 .UNSPECIFIED.);
#182=B_SPLINE_CURVE_WITH_KNOTS('',3,(#2808,#2809,#2810,#2811,#2812),
 .UNSPECIFIED.,.F.,.F.,(4,1,4),(0.,0.000787455993093603,0.00157491198618721),
 .UNSPECIFIED.);
#183=B_SPLINE_CURVE_WITH_KNOTS('',3,(#2814,#2815,#2816,#2817),
 .UNSPECIFIED.,.F.,.F.,(4,4),(0.,1.),.UNSPECIFIED.);
#184=B_SPLINE_CURVE_WITH_KNOTS('',3,(#2819,#2820,#2821,#2822,#2823),
 .UNSPECIFIED.,.F.,.F.,(4,1,4),(2.4532694666934E-18,0.000780468331229173,
0.00156093666245834),.UNSPECIFIED.);
#185=B_SPLINE_CURVE_WITH_KNOTS('',3,(#2825,#2826,#2827,#2828),
 .UNSPECIFIED.,.F.,.F.,(4,4),(4.33680868994202E-19,0.000927636219615646),
 .UNSPECIFIED.);
#186=B_SPLINE_CURVE_WITH_KNOTS('',3,(#2831,#2832,#2833,#2834),
 .UNSPECIFIED.,.F.,.F.,(4,4),(0.,0.000379873437446759),.UNSPECIFIED.);
#187=B_SPLINE_CURVE_WITH_KNOTS('',3,(#2836,#2837,#2838,#2839),
 .UNSPECIFIED.,.F.,.F.,(4,4),(1.3576358650571E-17,0.000931872335598974),
 .UNSPECIFIED.);
#188=B_SPLINE_CURVE_WITH_KNOTS('',3,(#2841,#2842,#2843,#2844),
 .UNSPECIFIED.,.F.,.F.,(4,4),(4.33680868994202E-19,0.000510828705968577),
 .UNSPECIFIED.);
#189=B_SPLINE_CURVE_WITH_KNOTS('',3,(#2845,#2846,#2847,#2848),
 .UNSPECIFIED.,.F.,.F.,(4,4),(0.519073843124488,0.564182560663752),
 .UNSPECIFIED.);
#190=B_SPLINE_CURVE_WITH_KNOTS('',3,(#2849,#2850,#2851,#2852),
 .UNSPECIFIED.,.F.,.F.,(4,4),(8.1137193719761E-16,0.000510749657859285),
 .UNSPECIFIED.);
#191=B_SPLINE_CURVE_WITH_KNOTS('',3,(#2854,#2855,#2856,#2857,#2858,#2859,
#2860,#2861,#2862,#2863,#2864),.UNSPECIFIED.,.F.,.F.,(4,1,1,1,1,1,1,1,4),
(0.,0.125013701135804,0.250013534084022,0.37501373468354,0.499980206903541,
0.624985293422962,0.749984052382006,0.874988059266897,1.),.UNSPECIFIED.);
#192=B_SPLINE_CURVE_WITH_KNOTS('',3,(#2866,#2867,#2868,#2869,#2870,#2871,
#2872,#2873,#2874,#2875,#2876),.UNSPECIFIED.,.F.,.F.,(4,1,1,1,1,1,1,1,4),
(0.,0.125013701135804,0.250013534084022,0.37501373468354,0.499980206903541,
0.624985293422962,0.749984052382006,0.874988059266897,1.),.UNSPECIFIED.);
#193=B_SPLINE_CURVE_WITH_KNOTS('',3,(#3009,#3010,#3011,#3012,#3013,#3014,
#3015,#3016,#3017,#3018,#3019),.UNSPECIFIED.,.F.,.F.,(4,1,1,1,1,1,1,1,4),
(0.,0.125013701135804,0.250013534084022,0.37501373468354,0.499980206903541,
0.624985293422962,0.749984052382006,0.874988059266897,1.),.UNSPECIFIED.);
#194=B_SPLINE_CURVE_WITH_KNOTS('',3,(#3086,#3087,#3088,#3089,#3090,#3091,
#3092,#3093,#3094,#3095,#3096),.UNSPECIFIED.,.F.,.F.,(4,1,1,1,1,1,1,1,4),
(0.,0.125013701135804,0.250013534084022,0.37501373468354,0.499980206903541,
0.624985293422962,0.749984052382006,0.874988059266897,1.),.UNSPECIFIED.);
#195=B_SPLINE_CURVE_WITH_KNOTS('',3,(#3233,#3234,#3235,#3236),
 .UNSPECIFIED.,.F.,.F.,(4,4),(1.93947980722443E-18,0.00452440206039158),
 .UNSPECIFIED.);
#196=B_SPLINE_CURVE_WITH_KNOTS('',3,(#3244,#3245,#3246,#3247),
 .UNSPECIFIED.,.F.,.F.,(4,4),(0.435798679729633,0.480867985638974),
 .UNSPECIFIED.);
#197=B_SPLINE_CURVE_WITH_KNOTS('',3,(#3250,#3251,#3252,#3253,#3254),
 .UNSPECIFIED.,.F.,.F.,(4,1,4),(0.,0.000787455993093617,0.00157491198618723),
 .UNSPECIFIED.);
#198=B_SPLINE_CURVE_WITH_KNOTS('',3,(#3256,#3257,#3258,#3259),
 .UNSPECIFIED.,.F.,.F.,(4,4),(0.,1.),.UNSPECIFIED.);
#199=B_SPLINE_CURVE_WITH_KNOTS('',3,(#3261,#3262,#3263,#3264,#3265),
 .UNSPECIFIED.,.F.,.F.,(4,1,4),(3.87895961444886E-18,0.000780468331229183,
0.00156093666245836),.UNSPECIFIED.);
#200=B_SPLINE_CURVE_WITH_KNOTS('',3,(#3267,#3268,#3269,#3270),
 .UNSPECIFIED.,.F.,.F.,(4,4),(8.18267427085042E-18,0.000927636219615657),
 .UNSPECIFIED.);
#201=B_SPLINE_CURVE_WITH_KNOTS('',3,(#3273,#3274,#3275,#3276),
 .UNSPECIFIED.,.F.,.F.,(4,4),(0.,0.000379873437446759),.UNSPECIFIED.);
#202=B_SPLINE_CURVE_WITH_KNOTS('',3,(#3278,#3279,#3280,#3281),
 .UNSPECIFIED.,.F.,.F.,(4,4),(4.1279493831102E-17,0.000931872335598948),
 .UNSPECIFIED.);
#203=B_SPLINE_CURVE_WITH_KNOTS('',3,(#3283,#3284,#3285,#3286),
 .UNSPECIFIED.,.F.,.F.,(4,4),(4.33680868994202E-19,0.000510828705968564),
 .UNSPECIFIED.);
#204=B_SPLINE_CURVE_WITH_KNOTS('',3,(#3287,#3288,#3289,#3290),
 .UNSPECIFIED.,.F.,.F.,(4,4),(0.51907384312449,0.56418256066375),
 .UNSPECIFIED.);
#205=B_SPLINE_CURVE_WITH_KNOTS('',3,(#3291,#3292,#3293,#3294),
 .UNSPECIFIED.,.F.,.F.,(4,4),(8.12284730712894E-16,0.0005107496578593),
 .UNSPECIFIED.);
#206=B_SPLINE_CURVE_WITH_KNOTS('',3,(#3296,#3297,#3298,#3299,#3300,#3301,
#3302,#3303,#3304,#3305,#3306),.UNSPECIFIED.,.F.,.F.,(4,1,1,1,1,1,1,1,4),
(0.,0.125013701135804,0.250013534084022,0.37501373468354,0.499980206903541,
0.624985293422962,0.749984052382006,0.874988059266897,1.),.UNSPECIFIED.);
#207=B_SPLINE_CURVE_WITH_KNOTS('',3,(#3308,#3309,#3310,#3311,#3312,#3313,
#3314,#3315,#3316,#3317,#3318),.UNSPECIFIED.,.F.,.F.,(4,1,1,1,1,1,1,1,4),
(0.,0.125013701135804,0.250013534084022,0.37501373468354,0.499980206903541,
0.624985293422962,0.749984052382006,0.874988059266897,1.),.UNSPECIFIED.);
#208=B_SPLINE_CURVE_WITH_KNOTS('',3,(#3451,#3452,#3453,#3454,#3455,#3456,
#3457,#3458,#3459,#3460,#3461),.UNSPECIFIED.,.F.,.F.,(4,1,1,1,1,1,1,1,4),
(0.,0.125013701135804,0.250013534084022,0.37501373468354,0.499980206903541,
0.624985293422962,0.749984052382006,0.874988059266897,1.),.UNSPECIFIED.);
#209=B_SPLINE_CURVE_WITH_KNOTS('',3,(#3528,#3529,#3530,#3531,#3532,#3533,
#3534,#3535,#3536,#3537,#3538),.UNSPECIFIED.,.F.,.F.,(4,1,1,1,1,1,1,1,4),
(0.,0.125013701135804,0.250013534084022,0.37501373468354,0.499980206903541,
0.624985293422962,0.749984052382006,0.874988059266897,1.),.UNSPECIFIED.);
#210=B_SPLINE_CURVE_WITH_KNOTS('',3,(#3675,#3676,#3677,#3678),
 .UNSPECIFIED.,.F.,.F.,(4,4),(3.5762240613455E-18,0.00452440206039155),
 .UNSPECIFIED.);
#211=B_SPLINE_CURVE_WITH_KNOTS('',3,(#3686,#3687,#3688,#3689),
 .UNSPECIFIED.,.F.,.F.,(4,4),(0.435798679729632,0.480867985638973),
 .UNSPECIFIED.);
#212=B_SPLINE_CURVE_WITH_KNOTS('',3,(#3692,#3693,#3694,#3695,#3696),
 .UNSPECIFIED.,.F.,.F.,(4,1,4),(0.,0.000787455993093611,0.00157491198618722),
 .UNSPECIFIED.);
#213=B_SPLINE_CURVE_WITH_KNOTS('',3,(#3698,#3699,#3700,#3701),
 .UNSPECIFIED.,.F.,.F.,(4,4),(0.,1.),.UNSPECIFIED.);
#214=B_SPLINE_CURVE_WITH_KNOTS('',3,(#3703,#3704,#3705,#3706,#3707),
 .UNSPECIFIED.,.F.,.F.,(4,1,4),(9.02431430220424E-18,0.000780468331229171,
0.00156093666245833),.UNSPECIFIED.);
#215=B_SPLINE_CURVE_WITH_KNOTS('',3,(#3709,#3710,#3711,#3712),
 .UNSPECIFIED.,.F.,.F.,(4,4),(2.18223800582137E-17,0.00092763621961561),
 .UNSPECIFIED.);
#216=B_SPLINE_CURVE_WITH_KNOTS('',3,(#3715,#3716,#3717,#3718),
 .UNSPECIFIED.,.F.,.F.,(4,4),(0.,0.000379873437446759),.UNSPECIFIED.);
#217=B_SPLINE_CURVE_WITH_KNOTS('',3,(#3720,#3721,#3722,#3723),
 .UNSPECIFIED.,.F.,.F.,(4,4),(1.58990032769613E-17,0.00093187233559896),
 .UNSPECIFIED.);
#218=B_SPLINE_CURVE_WITH_KNOTS('',3,(#3725,#3726,#3727,#3728),
 .UNSPECIFIED.,.F.,.F.,(4,4),(1.2266347333467E-18,0.000510828705968592),
 .UNSPECIFIED.);
#219=B_SPLINE_CURVE_WITH_KNOTS('',3,(#3729,#3730,#3731,#3732),
 .UNSPECIFIED.,.F.,.F.,(4,4),(0.519073843124489,0.564182560663751),
 .UNSPECIFIED.);
#220=B_SPLINE_CURVE_WITH_KNOTS('',3,(#3733,#3734,#3735,#3736),
 .UNSPECIFIED.,.F.,.F.,(4,4),(8.06579262947786E-16,0.000510749657859285),
 .UNSPECIFIED.);
#221=B_SPLINE_CURVE_WITH_KNOTS('',3,(#3738,#3739,#3740,#3741,#3742,#3743,
#3744,#3745,#3746,#3747,#3748),.UNSPECIFIED.,.F.,.F.,(4,1,1,1,1,1,1,1,4),
(0.,0.125013701135804,0.250013534084022,0.37501373468354,0.499980206903541,
0.624985293422962,0.749984052382006,0.874988059266897,1.),.UNSPECIFIED.);
#222=B_SPLINE_CURVE_WITH_KNOTS('',3,(#3750,#3751,#3752,#3753,#3754,#3755,
#3756,#3757,#3758,#3759,#3760),.UNSPECIFIED.,.F.,.F.,(4,1,1,1,1,1,1,1,4),
(0.,0.125013701135804,0.250013534084022,0.37501373468354,0.499980206903541,
0.624985293422962,0.749984052382006,0.874988059266897,1.),.UNSPECIFIED.);
#223=B_SPLINE_CURVE_WITH_KNOTS('',3,(#3893,#3894,#3895,#3896,#3897,#3898,
#3899,#3900,#3901,#3902,#3903),.UNSPECIFIED.,.F.,.F.,(4,1,1,1,1,1,1,1,4),
(0.,0.125013701135804,0.250013534084022,0.37501373468354,0.499980206903541,
0.624985293422962,0.749984052382006,0.874988059266897,1.),.UNSPECIFIED.);
#224=B_SPLINE_CURVE_WITH_KNOTS('',3,(#3970,#3971,#3972,#3973,#3974,#3975,
#3976,#3977,#3978,#3979,#3980),.UNSPECIFIED.,.F.,.F.,(4,1,1,1,1,1,1,1,4),
(0.,0.125013701135804,0.250013534084022,0.37501373468354,0.499980206903541,
0.624985293422962,0.749984052382006,0.874988059266897,1.),.UNSPECIFIED.);
#225=B_SPLINE_CURVE_WITH_KNOTS('',3,(#4117,#4118,#4119,#4120),
 .UNSPECIFIED.,.F.,.F.,(4,4),(0.,0.00452440206039155),.UNSPECIFIED.);
#226=B_SPLINE_CURVE_WITH_KNOTS('',3,(#4128,#4129,#4130,#4131),
 .UNSPECIFIED.,.F.,.F.,(4,4),(0.435798679729633,0.480867985638974),
 .UNSPECIFIED.);
#227=B_SPLINE_CURVE_WITH_KNOTS('',3,(#4134,#4135,#4136,#4137,#4138),
 .UNSPECIFIED.,.F.,.F.,(4,1,4),(0.,0.000787455993093629,0.00157491198618726),
 .UNSPECIFIED.);
#228=B_SPLINE_CURVE_WITH_KNOTS('',3,(#4140,#4141,#4142,#4143),
 .UNSPECIFIED.,.F.,.F.,(4,4),(0.,1.),.UNSPECIFIED.);
#229=B_SPLINE_CURVE_WITH_KNOTS('',3,(#4145,#4146,#4147,#4148,#4149),
 .UNSPECIFIED.,.F.,.F.,(4,1,4),(1.65836865117013E-17,0.000780468331229168,
0.00156093666245832),.UNSPECIFIED.);
#230=B_SPLINE_CURVE_WITH_KNOTS('',3,(#4151,#4152,#4153,#4154),
 .UNSPECIFIED.,.F.,.F.,(4,4),(1.0842021724855E-18,0.000927636219615573),
 .UNSPECIFIED.);
#231=B_SPLINE_CURVE_WITH_KNOTS('',3,(#4157,#4158,#4159,#4160),
 .UNSPECIFIED.,.F.,.F.,(4,4),(0.,0.000379873437446759),.UNSPECIFIED.);
#232=B_SPLINE_CURVE_WITH_KNOTS('',3,(#4162,#4163,#4164,#4165),
 .UNSPECIFIED.,.F.,.F.,(4,4),(1.70464718790508E-17,0.000931872335598963),
 .UNSPECIFIED.);
#233=B_SPLINE_CURVE_WITH_KNOTS('',3,(#4167,#4168,#4169,#4170),
 .UNSPECIFIED.,.F.,.F.,(4,4),(0.,0.000510828705968612),.UNSPECIFIED.);
#234=B_SPLINE_CURVE_WITH_KNOTS('',3,(#4171,#4172,#4173,#4174),
 .UNSPECIFIED.,.F.,.F.,(4,4),(0.519073843124487,0.564182560663751),
 .UNSPECIFIED.);
#235=B_SPLINE_CURVE_WITH_KNOTS('',3,(#4175,#4176,#4177,#4178),
 .UNSPECIFIED.,.F.,.F.,(4,4),(7.93616781356264E-16,0.000510749657859267),
 .UNSPECIFIED.);
#236=B_SPLINE_CURVE_WITH_KNOTS('',3,(#4180,#4181,#4182,#4183,#4184,#4185,
#4186,#4187,#4188,#4189,#4190),.UNSPECIFIED.,.F.,.F.,(4,1,1,1,1,1,1,1,4),
(0.,0.125013701135804,0.250013534084022,0.37501373468354,0.499980206903541,
0.624985293422962,0.749984052382006,0.874988059266897,1.),.UNSPECIFIED.);
#237=B_SPLINE_CURVE_WITH_KNOTS('',3,(#4192,#4193,#4194,#4195,#4196,#4197,
#4198,#4199,#4200,#4201,#4202),.UNSPECIFIED.,.F.,.F.,(4,1,1,1,1,1,1,1,4),
(0.,0.125013701135804,0.250013534084022,0.37501373468354,0.499980206903541,
0.624985293422962,0.749984052382006,0.874988059266897,1.),.UNSPECIFIED.);
#238=B_SPLINE_CURVE_WITH_KNOTS('',3,(#4335,#4336,#4337,#4338,#4339,#4340,
#4341,#4342,#4343,#4344,#4345),.UNSPECIFIED.,.F.,.F.,(4,1,1,1,1,1,1,1,4),
(0.,0.125013701135804,0.250013534084022,0.37501373468354,0.499980206903541,
0.624985293422962,0.749984052382006,0.874988059266897,1.),.UNSPECIFIED.);
#239=B_SPLINE_CURVE_WITH_KNOTS('',3,(#4412,#4413,#4414,#4415,#4416,#4417,
#4418,#4419,#4420,#4421,#4422),.UNSPECIFIED.,.F.,.F.,(4,1,1,1,1,1,1,1,4),
(0.,0.125013701135804,0.250013534084022,0.37501373468354,0.499980206903541,
0.624985293422962,0.749984052382006,0.874988059266897,1.),.UNSPECIFIED.);
#240=B_SPLINE_CURVE_WITH_KNOTS('',3,(#4559,#4560,#4561,#4562),
 .UNSPECIFIED.,.F.,.F.,(4,4),(3.49644694633735E-18,0.00452440206039154),
 .UNSPECIFIED.);
#241=B_SPLINE_CURVE_WITH_KNOTS('',3,(#4570,#4571,#4572,#4573),
 .UNSPECIFIED.,.F.,.F.,(4,4),(0.435798679729634,0.480867985638975),
 .UNSPECIFIED.);
#242=B_SPLINE_CURVE_WITH_KNOTS('',3,(#4576,#4577,#4578,#4579,#4580),
 .UNSPECIFIED.,.F.,.F.,(4,1,4),(0.,0.000787455993093598,0.0015749119861872),
 .UNSPECIFIED.);
#243=B_SPLINE_CURVE_WITH_KNOTS('',3,(#4582,#4583,#4584,#4585),
 .UNSPECIFIED.,.F.,.F.,(4,4),(0.,1.),.UNSPECIFIED.);
#244=B_SPLINE_CURVE_WITH_KNOTS('',3,(#4587,#4588,#4589,#4590,#4591),
 .UNSPECIFIED.,.F.,.F.,(4,1,4),(0.,0.00078046833122917,0.00156093666245834),
 .UNSPECIFIED.);
#245=B_SPLINE_CURVE_WITH_KNOTS('',3,(#4593,#4594,#4595,#4596),
 .UNSPECIFIED.,.F.,.F.,(4,4),(1.59757107338151E-17,0.000927636219615555),
 .UNSPECIFIED.);
#246=B_SPLINE_CURVE_WITH_KNOTS('',3,(#4599,#4600,#4601,#4602),
 .UNSPECIFIED.,.F.,.F.,(4,4),(0.,0.000379873437446759),.UNSPECIFIED.);
#247=B_SPLINE_CURVE_WITH_KNOTS('',3,(#4604,#4605,#4606,#4607),
 .UNSPECIFIED.,.F.,.F.,(4,4),(2.70210067563414E-17,0.000931872335598971),
 .UNSPECIFIED.);
#248=B_SPLINE_CURVE_WITH_KNOTS('',3,(#4609,#4610,#4611,#4612),
 .UNSPECIFIED.,.F.,.F.,(4,4),(1.55749142203597E-17,0.000510828705968586),
 .UNSPECIFIED.);
#249=B_SPLINE_CURVE_WITH_KNOTS('',3,(#4613,#4614,#4615,#4616),
 .UNSPECIFIED.,.F.,.F.,(4,4),(0.519073843124486,0.564182560663748),
 .UNSPECIFIED.);
#250=B_SPLINE_CURVE_WITH_KNOTS('',3,(#4617,#4618,#4619,#4620),
 .UNSPECIFIED.,.F.,.F.,(4,4),(8.19814724890702E-16,0.000510749657859283),
 .UNSPECIFIED.);
#251=B_SPLINE_CURVE_WITH_KNOTS('',3,(#4622,#4623,#4624,#4625,#4626,#4627,
#4628,#4629,#4630,#4631,#4632),.UNSPECIFIED.,.F.,.F.,(4,1,1,1,1,1,1,1,4),
(0.,0.125013701135804,0.250013534084022,0.37501373468354,0.499980206903541,
0.624985293422962,0.749984052382006,0.874988059266897,1.),.UNSPECIFIED.);
#252=B_SPLINE_CURVE_WITH_KNOTS('',3,(#4634,#4635,#4636,#4637,#4638,#4639,
#4640,#4641,#4642,#4643,#4644),.UNSPECIFIED.,.F.,.F.,(4,1,1,1,1,1,1,1,4),
(0.,0.125013701135804,0.250013534084022,0.37501373468354,0.499980206903541,
0.624985293422962,0.749984052382006,0.874988059266897,1.),.UNSPECIFIED.);
#253=B_SPLINE_CURVE_WITH_KNOTS('',3,(#4777,#4778,#4779,#4780,#4781,#4782,
#4783,#4784,#4785,#4786,#4787),.UNSPECIFIED.,.F.,.F.,(4,1,1,1,1,1,1,1,4),
(0.,0.125013701135804,0.250013534084022,0.37501373468354,0.499980206903541,
0.624985293422962,0.749984052382006,0.874988059266897,1.),.UNSPECIFIED.);
#254=B_SPLINE_CURVE_WITH_KNOTS('',3,(#4854,#4855,#4856,#4857,#4858,#4859,
#4860,#4861,#4862,#4863,#4864),.UNSPECIFIED.,.F.,.F.,(4,1,1,1,1,1,1,1,4),
(0.,0.125013701135804,0.250013534084022,0.37501373468354,0.499980206903541,
0.624985293422962,0.749984052382006,0.874988059266897,1.),.UNSPECIFIED.);
#255=B_SPLINE_CURVE_WITH_KNOTS('',3,(#5001,#5002,#5003,#5004),
 .UNSPECIFIED.,.F.,.F.,(4,4),(0.,0.00452440206039155),.UNSPECIFIED.);
#256=B_SPLINE_CURVE_WITH_KNOTS('',3,(#5012,#5013,#5014,#5015),
 .UNSPECIFIED.,.F.,.F.,(4,4),(0.435798679729634,0.480867985638976),
 .UNSPECIFIED.);
#257=B_SPLINE_CURVE_WITH_KNOTS('',3,(#5018,#5019,#5020,#5021,#5022),
 .UNSPECIFIED.,.F.,.F.,(4,1,4),(0.,0.000787455993093615,0.00157491198618723),
 .UNSPECIFIED.);
#258=B_SPLINE_CURVE_WITH_KNOTS('',3,(#5024,#5025,#5026,#5027),
 .UNSPECIFIED.,.F.,.F.,(4,4),(0.,1.),.UNSPECIFIED.);
#259=B_SPLINE_CURVE_WITH_KNOTS('',3,(#5029,#5030,#5031,#5032,#5033),
 .UNSPECIFIED.,.F.,.F.,(4,1,4),(2.06898048032224E-17,0.000780468331229192,
0.00156093666245836),.UNSPECIFIED.);
#260=B_SPLINE_CURVE_WITH_KNOTS('',3,(#5035,#5036,#5037,#5038),
 .UNSPECIFIED.,.F.,.F.,(4,4),(3.80775754490519E-17,0.000927636219615654),
 .UNSPECIFIED.);
#261=B_SPLINE_CURVE_WITH_KNOTS('',3,(#5041,#5042,#5043,#5044),
 .UNSPECIFIED.,.F.,.F.,(4,4),(0.,0.000379873437446759),.UNSPECIFIED.);
#262=B_SPLINE_CURVE_WITH_KNOTS('',3,(#5046,#5047,#5048,#5049),
 .UNSPECIFIED.,.F.,.F.,(4,4),(5.8184394216733E-18,0.00093187233559894),
 .UNSPECIFIED.);
#263=B_SPLINE_CURVE_WITH_KNOTS('',3,(#5051,#5052,#5053,#5054),
 .UNSPECIFIED.,.F.,.F.,(4,4),(4.33680868994202E-19,0.000510828705968563),
 .UNSPECIFIED.);
#264=B_SPLINE_CURVE_WITH_KNOTS('',3,(#5055,#5056,#5057,#5058),
 .UNSPECIFIED.,.F.,.F.,(4,4),(0.519073843124486,0.564182560663748),
 .UNSPECIFIED.);
#265=B_SPLINE_CURVE_WITH_KNOTS('',3,(#5059,#5060,#5061,#5062),
 .UNSPECIFIED.,.F.,.F.,(4,4),(8.216609121796E-16,0.000510749657859241),
 .UNSPECIFIED.);
#266=B_SPLINE_CURVE_WITH_KNOTS('',3,(#5064,#5065,#5066,#5067,#5068,#5069,
#5070,#5071,#5072,#5073,#5074),.UNSPECIFIED.,.F.,.F.,(4,1,1,1,1,1,1,1,4),
(0.,0.125013701135804,0.250013534084022,0.37501373468354,0.499980206903541,
0.624985293422962,0.749984052382006,0.874988059266897,1.),.UNSPECIFIED.);
#267=B_SPLINE_CURVE_WITH_KNOTS('',3,(#5076,#5077,#5078,#5079,#5080,#5081,
#5082,#5083,#5084,#5085,#5086),.UNSPECIFIED.,.F.,.F.,(4,1,1,1,1,1,1,1,4),
(0.,0.125013701135804,0.250013534084022,0.37501373468354,0.499980206903541,
0.624985293422962,0.749984052382006,0.874988059266897,1.),.UNSPECIFIED.);
#268=B_SPLINE_CURVE_WITH_KNOTS('',3,(#5219,#5220,#5221,#5222,#5223,#5224,
#5225,#5226,#5227,#5228,#5229),.UNSPECIFIED.,.F.,.F.,(4,1,1,1,1,1,1,1,4),
(0.,0.125013701135804,0.250013534084022,0.37501373468354,0.499980206903541,
0.624985293422962,0.749984052382006,0.874988059266897,1.),.UNSPECIFIED.);
#269=B_SPLINE_CURVE_WITH_KNOTS('',3,(#5296,#5297,#5298,#5299,#5300,#5301,
#5302,#5303,#5304,#5305,#5306),.UNSPECIFIED.,.F.,.F.,(4,1,1,1,1,1,1,1,4),
(0.,0.125013701135804,0.250013534084022,0.37501373468354,0.499980206903541,
0.624985293422962,0.749984052382006,0.874988059266897,1.),.UNSPECIFIED.);
#270=B_SPLINE_CURVE_WITH_KNOTS('',3,(#5443,#5444,#5445,#5446),
 .UNSPECIFIED.,.F.,.F.,(4,4),(0.,0.00452440206039157),.UNSPECIFIED.);
#271=B_SPLINE_CURVE_WITH_KNOTS('',3,(#5454,#5455,#5456,#5457),
 .UNSPECIFIED.,.F.,.F.,(4,4),(0.435798679729635,0.480867985638977),
 .UNSPECIFIED.);
#272=B_SPLINE_CURVE_WITH_KNOTS('',3,(#5460,#5461,#5462,#5463,#5464),
 .UNSPECIFIED.,.F.,.F.,(4,1,4),(0.,0.000787455993093604,0.00157491198618721),
 .UNSPECIFIED.);
#273=B_SPLINE_CURVE_WITH_KNOTS('',3,(#5466,#5467,#5468,#5469),
 .UNSPECIFIED.,.F.,.F.,(4,4),(0.,1.),.UNSPECIFIED.);
#274=B_SPLINE_CURVE_WITH_KNOTS('',3,(#5471,#5472,#5473,#5474,#5475),
 .UNSPECIFIED.,.F.,.F.,(4,1,4),(1.49478415232535E-17,0.00078046833122915,
0.00156093666245828),.UNSPECIFIED.);
#275=B_SPLINE_CURVE_WITH_KNOTS('',3,(#5477,#5478,#5479,#5480),
 .UNSPECIFIED.,.F.,.F.,(4,4),(1.81162364399889E-17,0.000927636219615534),
 .UNSPECIFIED.);
#276=B_SPLINE_CURVE_WITH_KNOTS('',3,(#5483,#5484,#5485,#5486),
 .UNSPECIFIED.,.F.,.F.,(4,4),(0.,0.000379873437446759),.UNSPECIFIED.);
#277=B_SPLINE_CURVE_WITH_KNOTS('',3,(#5488,#5489,#5490,#5491),
 .UNSPECIFIED.,.F.,.F.,(4,4),(1.86230462939501E-17,0.000931872335598984),
 .UNSPECIFIED.);
#278=B_SPLINE_CURVE_WITH_KNOTS('',3,(#5493,#5494,#5495,#5496),
 .UNSPECIFIED.,.F.,.F.,(4,4),(5.43400571334406E-18,0.000510828705968588),
 .UNSPECIFIED.);
#279=B_SPLINE_CURVE_WITH_KNOTS('',3,(#5497,#5498,#5499,#5500),
 .UNSPECIFIED.,.F.,.F.,(4,4),(0.519073843124485,0.564182560663747),
 .UNSPECIFIED.);
#280=B_SPLINE_CURVE_WITH_KNOTS('',3,(#5501,#5502,#5503,#5504),
 .UNSPECIFIED.,.F.,.F.,(4,4),(8.12552813628726E-16,0.000510749657859282),
 .UNSPECIFIED.);
#281=B_SPLINE_CURVE_WITH_KNOTS('',3,(#5506,#5507,#5508,#5509,#5510,#5511,
#5512,#5513,#5514,#5515,#5516),.UNSPECIFIED.,.F.,.F.,(4,1,1,1,1,1,1,1,4),
(0.,0.125013701135804,0.250013534084022,0.37501373468354,0.499980206903541,
0.624985293422962,0.749984052382006,0.874988059266897,1.),.UNSPECIFIED.);
#282=B_SPLINE_CURVE_WITH_KNOTS('',3,(#5518,#5519,#5520,#5521,#5522,#5523,
#5524,#5525,#5526,#5527,#5528),.UNSPECIFIED.,.F.,.F.,(4,1,1,1,1,1,1,1,4),
(0.,0.125013701135804,0.250013534084022,0.37501373468354,0.499980206903541,
0.624985293422962,0.749984052382006,0.874988059266897,1.),.UNSPECIFIED.);
#283=B_SPLINE_CURVE_WITH_KNOTS('',3,(#5661,#5662,#5663,#5664,#5665,#5666,
#5667,#5668,#5669,#5670,#5671),.UNSPECIFIED.,.F.,.F.,(4,1,1,1,1,1,1,1,4),
(0.,0.125013701135804,0.250013534084022,0.37501373468354,0.499980206903541,
0.624985293422962,0.749984052382006,0.874988059266897,1.),.UNSPECIFIED.);
#284=B_SPLINE_CURVE_WITH_KNOTS('',3,(#5738,#5739,#5740,#5741,#5742,#5743,
#5744,#5745,#5746,#5747,#5748),.UNSPECIFIED.,.F.,.F.,(4,1,1,1,1,1,1,1,4),
(0.,0.125013701135804,0.250013534084022,0.37501373468354,0.499980206903541,
0.624985293422962,0.749984052382006,0.874988059266897,1.),.UNSPECIFIED.);
#285=B_SPLINE_CURVE_WITH_KNOTS('',3,(#5885,#5886,#5887,#5888),
 .UNSPECIFIED.,.F.,.F.,(4,4),(0.,0.00452440206039158),.UNSPECIFIED.);
#286=B_SPLINE_CURVE_WITH_KNOTS('',3,(#5896,#5897,#5898,#5899),
 .UNSPECIFIED.,.F.,.F.,(4,4),(0.435798679729637,0.480867985638978),
 .UNSPECIFIED.);
#287=B_SPLINE_CURVE_WITH_KNOTS('',3,(#5902,#5903,#5904,#5905,#5906),
 .UNSPECIFIED.,.F.,.F.,(4,1,4),(0.,0.000787455993093621,0.00157491198618724),
 .UNSPECIFIED.);
#288=B_SPLINE_CURVE_WITH_KNOTS('',3,(#5908,#5909,#5910,#5911),
 .UNSPECIFIED.,.F.,.F.,(4,4),(0.,1.),.UNSPECIFIED.);
#289=B_SPLINE_CURVE_WITH_KNOTS('',3,(#5913,#5914,#5915,#5916,#5917),
 .UNSPECIFIED.,.F.,.F.,(4,1,4),(4.67088590647017E-18,0.000780468331229175,
0.00156093666245834),.UNSPECIFIED.);
#290=B_SPLINE_CURVE_WITH_KNOTS('',3,(#5919,#5920,#5921,#5922),
 .UNSPECIFIED.,.F.,.F.,(4,4),(3.87895961444886E-18,0.000927636219615562),
 .UNSPECIFIED.);
#291=B_SPLINE_CURVE_WITH_KNOTS('',3,(#5925,#5926,#5927,#5928),
 .UNSPECIFIED.,.F.,.F.,(4,4),(0.,0.000379873437446759),.UNSPECIFIED.);
#292=B_SPLINE_CURVE_WITH_KNOTS('',3,(#5930,#5931,#5932,#5933),
 .UNSPECIFIED.,.F.,.F.,(4,4),(8.18267427085042E-18,0.000931872335598937),
 .UNSPECIFIED.);
#293=B_SPLINE_CURVE_WITH_KNOTS('',3,(#5935,#5936,#5937,#5938),
 .UNSPECIFIED.,.F.,.F.,(4,4),(0.,0.000510828705968573),.UNSPECIFIED.);
#294=B_SPLINE_CURVE_WITH_KNOTS('',3,(#5939,#5940,#5941,#5942),
 .UNSPECIFIED.,.F.,.F.,(4,4),(0.519073843124482,0.564182560663746),
 .UNSPECIFIED.);
#295=B_SPLINE_CURVE_WITH_KNOTS('',3,(#5943,#5944,#5945,#5946),
 .UNSPECIFIED.,.F.,.F.,(4,4),(8.1340971526046E-16,0.000510749657859272),
 .UNSPECIFIED.);
#296=B_SPLINE_CURVE_WITH_KNOTS('',3,(#5948,#5949,#5950,#5951,#5952,#5953,
#5954,#5955,#5956,#5957,#5958),.UNSPECIFIED.,.F.,.F.,(4,1,1,1,1,1,1,1,4),
(0.,0.125013701135804,0.250013534084022,0.37501373468354,0.499980206903541,
0.624985293422962,0.749984052382006,0.874988059266897,1.),.UNSPECIFIED.);
#297=B_SPLINE_CURVE_WITH_KNOTS('',3,(#5960,#5961,#5962,#5963,#5964,#5965,
#5966,#5967,#5968,#5969,#5970),.UNSPECIFIED.,.F.,.F.,(4,1,1,1,1,1,1,1,4),
(0.,0.125013701135804,0.250013534084022,0.37501373468354,0.499980206903541,
0.624985293422962,0.749984052382006,0.874988059266897,1.),.UNSPECIFIED.);
#298=B_SPLINE_CURVE_WITH_KNOTS('',3,(#6103,#6104,#6105,#6106,#6107,#6108,
#6109,#6110,#6111,#6112,#6113),.UNSPECIFIED.,.F.,.F.,(4,1,1,1,1,1,1,1,4),
(0.,0.125013701135804,0.250013534084022,0.37501373468354,0.499980206903541,
0.624985293422962,0.749984052382006,0.874988059266897,1.),.UNSPECIFIED.);
#299=B_SPLINE_CURVE_WITH_KNOTS('',3,(#6180,#6181,#6182,#6183,#6184,#6185,
#6186,#6187,#6188,#6189,#6190),.UNSPECIFIED.,.F.,.F.,(4,1,1,1,1,1,1,1,4),
(0.,0.125013701135804,0.250013534084022,0.37501373468354,0.499980206903541,
0.624985293422962,0.749984052382006,0.874988059266897,1.),.UNSPECIFIED.);
#300=B_SPLINE_CURVE_WITH_KNOTS('',3,(#6327,#6328,#6329,#6330),
 .UNSPECIFIED.,.F.,.F.,(4,4),(0.,0.00452440206039159),.UNSPECIFIED.);
#301=B_SPLINE_CURVE_WITH_KNOTS('',3,(#6338,#6339,#6340,#6341),
 .UNSPECIFIED.,.F.,.F.,(4,4),(0.435798679729634,0.480867985638975),
 .UNSPECIFIED.);
#302=B_SPLINE_CURVE_WITH_KNOTS('',3,(#6344,#6345,#6346,#6347,#6348),
 .UNSPECIFIED.,.F.,.F.,(4,1,4),(0.,0.0007874559930936,0.0015749119861872),
 .UNSPECIFIED.);
#303=B_SPLINE_CURVE_WITH_KNOTS('',3,(#6350,#6351,#6352,#6353),
 .UNSPECIFIED.,.F.,.F.,(4,4),(0.,1.),.UNSPECIFIED.);
#304=B_SPLINE_CURVE_WITH_KNOTS('',3,(#6355,#6356,#6357,#6358,#6359),
 .UNSPECIFIED.,.F.,.F.,(4,1,4),(2.50222962779594E-17,0.000780468331229201,
0.00156093666245838),.UNSPECIFIED.);
#305=B_SPLINE_CURVE_WITH_KNOTS('',3,(#6361,#6362,#6363,#6364),
 .UNSPECIFIED.,.F.,.F.,(4,4),(5.05754456963979E-18,0.000927636219615612),
 .UNSPECIFIED.);
#306=B_SPLINE_CURVE_WITH_KNOTS('',3,(#6367,#6368,#6369,#6370),
 .UNSPECIFIED.,.F.,.F.,(4,4),(0.,0.000379873437446759),.UNSPECIFIED.);
#307=B_SPLINE_CURVE_WITH_KNOTS('',3,(#6372,#6373,#6374,#6375),
 .UNSPECIFIED.,.F.,.F.,(4,4),(2.34829280511982E-17,0.00093187233559902),
 .UNSPECIFIED.);
#308=B_SPLINE_CURVE_WITH_KNOTS('',3,(#6377,#6378,#6379,#6380),
 .UNSPECIFIED.,.F.,.F.,(4,4),(1.56365861034638E-18,0.000510828705968581),
 .UNSPECIFIED.);
#309=B_SPLINE_CURVE_WITH_KNOTS('',3,(#6381,#6382,#6383,#6384),
 .UNSPECIFIED.,.F.,.F.,(4,4),(0.519073843124486,0.564182560663746),
 .UNSPECIFIED.);
#310=B_SPLINE_CURVE_WITH_KNOTS('',3,(#6385,#6386,#6387,#6388),
 .UNSPECIFIED.,.F.,.F.,(4,4),(8.13253769249916E-16,0.000510749657859301),
 .UNSPECIFIED.);
#311=B_SPLINE_CURVE_WITH_KNOTS('',3,(#6390,#6391,#6392,#6393,#6394,#6395,
#6396,#6397,#6398,#6399,#6400),.UNSPECIFIED.,.F.,.F.,(4,1,1,1,1,1,1,1,4),
(0.,0.125013701135804,0.250013534084022,0.37501373468354,0.499980206903541,
0.624985293422962,0.749984052382006,0.874988059266897,1.),.UNSPECIFIED.);
#312=B_SPLINE_CURVE_WITH_KNOTS('',3,(#6402,#6403,#6404,#6405,#6406,#6407,
#6408,#6409,#6410,#6411,#6412),.UNSPECIFIED.,.F.,.F.,(4,1,1,1,1,1,1,1,4),
(0.,0.125013701135804,0.250013534084022,0.37501373468354,0.499980206903541,
0.624985293422962,0.749984052382006,0.874988059266897,1.),.UNSPECIFIED.);
#313=B_SPLINE_CURVE_WITH_KNOTS('',3,(#6545,#6546,#6547,#6548,#6549,#6550,
#6551,#6552,#6553,#6554,#6555),.UNSPECIFIED.,.F.,.F.,(4,1,1,1,1,1,1,1,4),
(0.,0.125013701135804,0.250013534084022,0.37501373468354,0.499980206903541,
0.624985293422962,0.749984052382006,0.874988059266897,1.),.UNSPECIFIED.);
#314=B_SPLINE_CURVE_WITH_KNOTS('',3,(#6622,#6623,#6624,#6625,#6626,#6627,
#6628,#6629,#6630,#6631,#6632),.UNSPECIFIED.,.F.,.F.,(4,1,1,1,1,1,1,1,4),
(0.,0.125013701135804,0.250013534084022,0.37501373468354,0.499980206903541,
0.624985293422962,0.749984052382006,0.874988059266897,1.),.UNSPECIFIED.);
#315=B_SPLINE_CURVE_WITH_KNOTS('',3,(#6768,#6769,#6770,#6771),
 .UNSPECIFIED.,.F.,.F.,(4,4),(0.,0.00452440206039156),.UNSPECIFIED.);
#316=B_SPLINE_CURVE_WITH_KNOTS('',3,(#6777,#6778,#6779,#6780),
 .UNSPECIFIED.,.F.,.F.,(4,4),(0.519073843124486,0.564182560663749),
 .UNSPECIFIED.);
#317=B_SPLINE_CURVE_WITH_KNOTS('',3,(#6787,#6788,#6789,#6790),
 .UNSPECIFIED.,.F.,.F.,(4,4),(0.435798679729634,0.480867985638974),
 .UNSPECIFIED.);
#318=B_SPLINE_CURVE_WITH_KNOTS('',3,(#6923,#6924,#6925,#6926),
 .UNSPECIFIED.,.F.,.F.,(4,4),(9.53373808857031E-18,0.000927636219615592),
 .UNSPECIFIED.);
#319=B_SPLINE_CURVE_WITH_KNOTS('',3,(#6929,#6930,#6931,#6932,#6933,#6934,
#6935,#6936,#6937,#6938,#6939),.UNSPECIFIED.,.F.,.F.,(4,1,1,1,1,1,1,1,4),
(0.,0.125013701135804,0.250013534084022,0.37501373468354,0.499980206903541,
0.624985293422962,0.749984052382006,0.874988059266897,1.),.UNSPECIFIED.);
#320=B_SPLINE_CURVE_WITH_KNOTS('',3,(#6941,#6942,#6943,#6944,#6945),
 .UNSPECIFIED.,.F.,.F.,(4,1,4),(2.70557867578742E-17,0.000780468331229165,
0.0015609366624583),.UNSPECIFIED.);
#321=B_SPLINE_CURVE_WITH_KNOTS('',3,(#6947,#6948,#6949,#6950,#6951,#6952,
#6953,#6954,#6955,#6956,#6957),.UNSPECIFIED.,.F.,.F.,(4,1,1,1,1,1,1,1,4),
(0.,0.125013701135804,0.250013534084022,0.37501373468354,0.499980206903541,
0.624985293422962,0.749984052382006,0.874988059266897,1.),.UNSPECIFIED.);
#322=B_SPLINE_CURVE_WITH_KNOTS('',3,(#7090,#7091,#7092,#7093),
 .UNSPECIFIED.,.F.,.F.,(4,4),(7.20484771055657E-18,0.000931872335599003),
 .UNSPECIFIED.);
#323=B_SPLINE_CURVE_WITH_KNOTS('',3,(#7096,#7097,#7098,#7099,#7100,#7101,
#7102,#7103,#7104,#7105,#7106),.UNSPECIFIED.,.F.,.F.,(4,1,1,1,1,1,1,1,4),
(0.,0.125013701135804,0.250013534084022,0.37501373468354,0.499980206903541,
0.624985293422962,0.749984052382006,0.874988059266897,1.),.UNSPECIFIED.);
#324=B_SPLINE_CURVE_WITH_KNOTS('',3,(#7108,#7109,#7110,#7111,#7112),
 .UNSPECIFIED.,.F.,.F.,(4,1,4),(0.,0.000787455993093614,0.00157491198618723),
 .UNSPECIFIED.);
#325=B_SPLINE_CURVE_WITH_KNOTS('',3,(#7114,#7115,#7116,#7117,#7118,#7119,
#7120,#7121,#7122,#7123,#7124),.UNSPECIFIED.,.F.,.F.,(4,1,1,1,1,1,1,1,4),
(0.,0.125013701135804,0.250013534084022,0.37501373468354,0.499980206903541,
0.624985293422962,0.749984052382006,0.874988059266897,1.),.UNSPECIFIED.);
#326=B_SPLINE_CURVE_WITH_KNOTS('',3,(#7126,#7127,#7128,#7129),
 .UNSPECIFIED.,.F.,.F.,(4,4),(2.16840434497101E-19,0.000510828705968611),
 .UNSPECIFIED.);
#327=B_SPLINE_CURVE_WITH_KNOTS('',3,(#7132,#7133,#7134,#7135),
 .UNSPECIFIED.,.F.,.F.,(4,4),(8.09153562918243E-16,0.000510749657859263),
 .UNSPECIFIED.);
#328=B_SPLINE_CURVE_WITH_KNOTS('',3,(#7203,#7204,#7205,#7206),
 .UNSPECIFIED.,.F.,.F.,(4,4),(0.,1.),.UNSPECIFIED.);
#329=B_SPLINE_CURVE_WITH_KNOTS('',3,(#7207,#7208,#7209,#7210),
 .UNSPECIFIED.,.F.,.F.,(4,4),(0.,0.000379873437446759),.UNSPECIFIED.);
#330=ORIENTED_EDGE('',*,*,#816,.F.);
#331=ORIENTED_EDGE('',*,*,#817,.T.);
#332=ORIENTED_EDGE('',*,*,#818,.T.);
#333=ORIENTED_EDGE('',*,*,#819,.F.);
#334=ORIENTED_EDGE('',*,*,#820,.F.);
#335=ORIENTED_EDGE('',*,*,#821,.F.);
#336=ORIENTED_EDGE('',*,*,#822,.F.);
#337=ORIENTED_EDGE('',*,*,#823,.F.);
#338=ORIENTED_EDGE('',*,*,#824,.T.);
#339=ORIENTED_EDGE('',*,*,#825,.F.);
#340=ORIENTED_EDGE('',*,*,#826,.T.);
#341=ORIENTED_EDGE('',*,*,#827,.T.);
#342=ORIENTED_EDGE('',*,*,#828,.T.);
#343=ORIENTED_EDGE('',*,*,#829,.T.);
#344=ORIENTED_EDGE('',*,*,#830,.T.);
#345=ORIENTED_EDGE('',*,*,#831,.T.);
#346=ORIENTED_EDGE('',*,*,#831,.F.);
#347=ORIENTED_EDGE('',*,*,#817,.F.);
#348=ORIENTED_EDGE('',*,*,#820,.T.);
#349=ORIENTED_EDGE('',*,*,#832,.T.);
#350=ORIENTED_EDGE('',*,*,#829,.F.);
#351=ORIENTED_EDGE('',*,*,#833,.F.);
#352=ORIENTED_EDGE('',*,*,#822,.T.);
#353=ORIENTED_EDGE('',*,*,#834,.T.);
#354=ORIENTED_EDGE('',*,*,#828,.F.);
#355=ORIENTED_EDGE('',*,*,#835,.F.);
#356=ORIENTED_EDGE('',*,*,#823,.T.);
#357=ORIENTED_EDGE('',*,*,#833,.T.);
#358=ORIENTED_EDGE('',*,*,#824,.F.);
#359=ORIENTED_EDGE('',*,*,#835,.T.);
#360=ORIENTED_EDGE('',*,*,#827,.F.);
#361=ORIENTED_EDGE('',*,*,#836,.F.);
#362=ORIENTED_EDGE('',*,*,#826,.F.);
#363=ORIENTED_EDGE('',*,*,#832,.F.);
#364=ORIENTED_EDGE('',*,*,#825,.T.);
#365=ORIENTED_EDGE('',*,*,#836,.T.);
#366=ORIENTED_EDGE('',*,*,#837,.F.);
#367=ORIENTED_EDGE('',*,*,#838,.T.);
#368=ORIENTED_EDGE('',*,*,#839,.T.);
#369=ORIENTED_EDGE('',*,*,#840,.F.);
#370=ORIENTED_EDGE('',*,*,#841,.F.);
#371=ORIENTED_EDGE('',*,*,#842,.F.);
#372=ORIENTED_EDGE('',*,*,#843,.F.);
#373=ORIENTED_EDGE('',*,*,#844,.F.);
#374=ORIENTED_EDGE('',*,*,#845,.T.);
#375=ORIENTED_EDGE('',*,*,#846,.F.);
#376=ORIENTED_EDGE('',*,*,#847,.T.);
#377=ORIENTED_EDGE('',*,*,#848,.T.);
#378=ORIENTED_EDGE('',*,*,#849,.T.);
#379=ORIENTED_EDGE('',*,*,#850,.T.);
#380=ORIENTED_EDGE('',*,*,#851,.T.);
#381=ORIENTED_EDGE('',*,*,#852,.T.);
#382=ORIENTED_EDGE('',*,*,#852,.F.);
#383=ORIENTED_EDGE('',*,*,#838,.F.);
#384=ORIENTED_EDGE('',*,*,#841,.T.);
#385=ORIENTED_EDGE('',*,*,#853,.T.);
#386=ORIENTED_EDGE('',*,*,#850,.F.);
#387=ORIENTED_EDGE('',*,*,#854,.F.);
#388=ORIENTED_EDGE('',*,*,#843,.T.);
#389=ORIENTED_EDGE('',*,*,#819,.T.);
#390=ORIENTED_EDGE('',*,*,#849,.F.);
#391=ORIENTED_EDGE('',*,*,#855,.F.);
#392=ORIENTED_EDGE('',*,*,#844,.T.);
#393=ORIENTED_EDGE('',*,*,#854,.T.);
#394=ORIENTED_EDGE('',*,*,#845,.F.);
#395=ORIENTED_EDGE('',*,*,#855,.T.);
#396=ORIENTED_EDGE('',*,*,#848,.F.);
#397=ORIENTED_EDGE('',*,*,#856,.F.);
#398=ORIENTED_EDGE('',*,*,#847,.F.);
#399=ORIENTED_EDGE('',*,*,#853,.F.);
#400=ORIENTED_EDGE('',*,*,#846,.T.);
#401=ORIENTED_EDGE('',*,*,#856,.T.);
#402=ORIENTED_EDGE('',*,*,#857,.F.);
#403=ORIENTED_EDGE('',*,*,#858,.T.);
#404=ORIENTED_EDGE('',*,*,#859,.T.);
#405=ORIENTED_EDGE('',*,*,#860,.F.);
#406=ORIENTED_EDGE('',*,*,#861,.F.);
#407=ORIENTED_EDGE('',*,*,#862,.F.);
#408=ORIENTED_EDGE('',*,*,#863,.F.);
#409=ORIENTED_EDGE('',*,*,#864,.F.);
#410=ORIENTED_EDGE('',*,*,#865,.T.);
#411=ORIENTED_EDGE('',*,*,#866,.F.);
#412=ORIENTED_EDGE('',*,*,#867,.T.);
#413=ORIENTED_EDGE('',*,*,#868,.T.);
#414=ORIENTED_EDGE('',*,*,#869,.T.);
#415=ORIENTED_EDGE('',*,*,#870,.T.);
#416=ORIENTED_EDGE('',*,*,#871,.T.);
#417=ORIENTED_EDGE('',*,*,#872,.T.);
#418=ORIENTED_EDGE('',*,*,#872,.F.);
#419=ORIENTED_EDGE('',*,*,#858,.F.);
#420=ORIENTED_EDGE('',*,*,#861,.T.);
#421=ORIENTED_EDGE('',*,*,#873,.T.);
#422=ORIENTED_EDGE('',*,*,#870,.F.);
#423=ORIENTED_EDGE('',*,*,#874,.F.);
#424=ORIENTED_EDGE('',*,*,#863,.T.);
#425=ORIENTED_EDGE('',*,*,#840,.T.);
#426=ORIENTED_EDGE('',*,*,#869,.F.);
#427=ORIENTED_EDGE('',*,*,#875,.F.);
#428=ORIENTED_EDGE('',*,*,#864,.T.);
#429=ORIENTED_EDGE('',*,*,#874,.T.);
#430=ORIENTED_EDGE('',*,*,#865,.F.);
#431=ORIENTED_EDGE('',*,*,#875,.T.);
#432=ORIENTED_EDGE('',*,*,#868,.F.);
#433=ORIENTED_EDGE('',*,*,#876,.F.);
#434=ORIENTED_EDGE('',*,*,#867,.F.);
#435=ORIENTED_EDGE('',*,*,#873,.F.);
#436=ORIENTED_EDGE('',*,*,#866,.T.);
#437=ORIENTED_EDGE('',*,*,#876,.T.);
#438=ORIENTED_EDGE('',*,*,#877,.F.);
#439=ORIENTED_EDGE('',*,*,#878,.T.);
#440=ORIENTED_EDGE('',*,*,#879,.T.);
#441=ORIENTED_EDGE('',*,*,#880,.F.);
#442=ORIENTED_EDGE('',*,*,#881,.F.);
#443=ORIENTED_EDGE('',*,*,#882,.F.);
#444=ORIENTED_EDGE('',*,*,#883,.F.);
#445=ORIENTED_EDGE('',*,*,#884,.F.);
#446=ORIENTED_EDGE('',*,*,#885,.T.);
#447=ORIENTED_EDGE('',*,*,#886,.F.);
#448=ORIENTED_EDGE('',*,*,#887,.T.);
#449=ORIENTED_EDGE('',*,*,#888,.T.);
#450=ORIENTED_EDGE('',*,*,#889,.T.);
#451=ORIENTED_EDGE('',*,*,#890,.T.);
#452=ORIENTED_EDGE('',*,*,#891,.T.);
#453=ORIENTED_EDGE('',*,*,#892,.T.);
#454=ORIENTED_EDGE('',*,*,#892,.F.);
#455=ORIENTED_EDGE('',*,*,#878,.F.);
#456=ORIENTED_EDGE('',*,*,#881,.T.);
#457=ORIENTED_EDGE('',*,*,#893,.T.);
#458=ORIENTED_EDGE('',*,*,#890,.F.);
#459=ORIENTED_EDGE('',*,*,#894,.F.);
#460=ORIENTED_EDGE('',*,*,#883,.T.);
#461=ORIENTED_EDGE('',*,*,#860,.T.);
#462=ORIENTED_EDGE('',*,*,#889,.F.);
#463=ORIENTED_EDGE('',*,*,#895,.F.);
#464=ORIENTED_EDGE('',*,*,#884,.T.);
#465=ORIENTED_EDGE('',*,*,#894,.T.);
#466=ORIENTED_EDGE('',*,*,#885,.F.);
#467=ORIENTED_EDGE('',*,*,#895,.T.);
#468=ORIENTED_EDGE('',*,*,#888,.F.);
#469=ORIENTED_EDGE('',*,*,#896,.F.);
#470=ORIENTED_EDGE('',*,*,#887,.F.);
#471=ORIENTED_EDGE('',*,*,#893,.F.);
#472=ORIENTED_EDGE('',*,*,#886,.T.);
#473=ORIENTED_EDGE('',*,*,#896,.T.);
#474=ORIENTED_EDGE('',*,*,#897,.F.);
#475=ORIENTED_EDGE('',*,*,#898,.T.);
#476=ORIENTED_EDGE('',*,*,#899,.T.);
#477=ORIENTED_EDGE('',*,*,#900,.F.);
#478=ORIENTED_EDGE('',*,*,#901,.F.);
#479=ORIENTED_EDGE('',*,*,#902,.F.);
#480=ORIENTED_EDGE('',*,*,#903,.F.);
#481=ORIENTED_EDGE('',*,*,#904,.F.);
#482=ORIENTED_EDGE('',*,*,#905,.T.);
#483=ORIENTED_EDGE('',*,*,#906,.F.);
#484=ORIENTED_EDGE('',*,*,#907,.T.);
#485=ORIENTED_EDGE('',*,*,#908,.T.);
#486=ORIENTED_EDGE('',*,*,#909,.T.);
#487=ORIENTED_EDGE('',*,*,#910,.T.);
#488=ORIENTED_EDGE('',*,*,#911,.T.);
#489=ORIENTED_EDGE('',*,*,#912,.T.);
#490=ORIENTED_EDGE('',*,*,#912,.F.);
#491=ORIENTED_EDGE('',*,*,#898,.F.);
#492=ORIENTED_EDGE('',*,*,#901,.T.);
#493=ORIENTED_EDGE('',*,*,#913,.T.);
#494=ORIENTED_EDGE('',*,*,#910,.F.);
#495=ORIENTED_EDGE('',*,*,#914,.F.);
#496=ORIENTED_EDGE('',*,*,#903,.T.);
#497=ORIENTED_EDGE('',*,*,#880,.T.);
#498=ORIENTED_EDGE('',*,*,#909,.F.);
#499=ORIENTED_EDGE('',*,*,#915,.F.);
#500=ORIENTED_EDGE('',*,*,#904,.T.);
#501=ORIENTED_EDGE('',*,*,#914,.T.);
#502=ORIENTED_EDGE('',*,*,#905,.F.);
#503=ORIENTED_EDGE('',*,*,#915,.T.);
#504=ORIENTED_EDGE('',*,*,#908,.F.);
#505=ORIENTED_EDGE('',*,*,#916,.F.);
#506=ORIENTED_EDGE('',*,*,#907,.F.);
#507=ORIENTED_EDGE('',*,*,#913,.F.);
#508=ORIENTED_EDGE('',*,*,#906,.T.);
#509=ORIENTED_EDGE('',*,*,#916,.T.);
#510=ORIENTED_EDGE('',*,*,#917,.F.);
#511=ORIENTED_EDGE('',*,*,#918,.T.);
#512=ORIENTED_EDGE('',*,*,#919,.T.);
#513=ORIENTED_EDGE('',*,*,#920,.F.);
#514=ORIENTED_EDGE('',*,*,#921,.F.);
#515=ORIENTED_EDGE('',*,*,#922,.F.);
#516=ORIENTED_EDGE('',*,*,#923,.F.);
#517=ORIENTED_EDGE('',*,*,#924,.F.);
#518=ORIENTED_EDGE('',*,*,#925,.T.);
#519=ORIENTED_EDGE('',*,*,#926,.F.);
#520=ORIENTED_EDGE('',*,*,#927,.T.);
#521=ORIENTED_EDGE('',*,*,#928,.T.);
#522=ORIENTED_EDGE('',*,*,#929,.T.);
#523=ORIENTED_EDGE('',*,*,#930,.T.);
#524=ORIENTED_EDGE('',*,*,#931,.T.);
#525=ORIENTED_EDGE('',*,*,#932,.T.);
#526=ORIENTED_EDGE('',*,*,#932,.F.);
#527=ORIENTED_EDGE('',*,*,#918,.F.);
#528=ORIENTED_EDGE('',*,*,#921,.T.);
#529=ORIENTED_EDGE('',*,*,#933,.T.);
#530=ORIENTED_EDGE('',*,*,#930,.F.);
#531=ORIENTED_EDGE('',*,*,#934,.F.);
#532=ORIENTED_EDGE('',*,*,#923,.T.);
#533=ORIENTED_EDGE('',*,*,#900,.T.);
#534=ORIENTED_EDGE('',*,*,#929,.F.);
#535=ORIENTED_EDGE('',*,*,#935,.F.);
#536=ORIENTED_EDGE('',*,*,#924,.T.);
#537=ORIENTED_EDGE('',*,*,#934,.T.);
#538=ORIENTED_EDGE('',*,*,#925,.F.);
#539=ORIENTED_EDGE('',*,*,#935,.T.);
#540=ORIENTED_EDGE('',*,*,#928,.F.);
#541=ORIENTED_EDGE('',*,*,#936,.F.);
#542=ORIENTED_EDGE('',*,*,#927,.F.);
#543=ORIENTED_EDGE('',*,*,#933,.F.);
#544=ORIENTED_EDGE('',*,*,#926,.T.);
#545=ORIENTED_EDGE('',*,*,#936,.T.);
#546=ORIENTED_EDGE('',*,*,#937,.F.);
#547=ORIENTED_EDGE('',*,*,#938,.T.);
#548=ORIENTED_EDGE('',*,*,#939,.T.);
#549=ORIENTED_EDGE('',*,*,#940,.F.);
#550=ORIENTED_EDGE('',*,*,#941,.F.);
#551=ORIENTED_EDGE('',*,*,#942,.F.);
#552=ORIENTED_EDGE('',*,*,#943,.F.);
#553=ORIENTED_EDGE('',*,*,#944,.F.);
#554=ORIENTED_EDGE('',*,*,#945,.T.);
#555=ORIENTED_EDGE('',*,*,#946,.F.);
#556=ORIENTED_EDGE('',*,*,#947,.T.);
#557=ORIENTED_EDGE('',*,*,#948,.T.);
#558=ORIENTED_EDGE('',*,*,#949,.T.);
#559=ORIENTED_EDGE('',*,*,#950,.T.);
#560=ORIENTED_EDGE('',*,*,#951,.T.);
#561=ORIENTED_EDGE('',*,*,#952,.T.);
#562=ORIENTED_EDGE('',*,*,#952,.F.);
#563=ORIENTED_EDGE('',*,*,#938,.F.);
#564=ORIENTED_EDGE('',*,*,#941,.T.);
#565=ORIENTED_EDGE('',*,*,#953,.T.);
#566=ORIENTED_EDGE('',*,*,#950,.F.);
#567=ORIENTED_EDGE('',*,*,#954,.F.);
#568=ORIENTED_EDGE('',*,*,#943,.T.);
#569=ORIENTED_EDGE('',*,*,#920,.T.);
#570=ORIENTED_EDGE('',*,*,#949,.F.);
#571=ORIENTED_EDGE('',*,*,#955,.F.);
#572=ORIENTED_EDGE('',*,*,#944,.T.);
#573=ORIENTED_EDGE('',*,*,#954,.T.);
#574=ORIENTED_EDGE('',*,*,#945,.F.);
#575=ORIENTED_EDGE('',*,*,#955,.T.);
#576=ORIENTED_EDGE('',*,*,#948,.F.);
#577=ORIENTED_EDGE('',*,*,#956,.F.);
#578=ORIENTED_EDGE('',*,*,#947,.F.);
#579=ORIENTED_EDGE('',*,*,#953,.F.);
#580=ORIENTED_EDGE('',*,*,#946,.T.);
#581=ORIENTED_EDGE('',*,*,#956,.T.);
#582=ORIENTED_EDGE('',*,*,#957,.F.);
#583=ORIENTED_EDGE('',*,*,#958,.T.);
#584=ORIENTED_EDGE('',*,*,#959,.T.);
#585=ORIENTED_EDGE('',*,*,#960,.F.);
#586=ORIENTED_EDGE('',*,*,#961,.F.);
#587=ORIENTED_EDGE('',*,*,#962,.F.);
#588=ORIENTED_EDGE('',*,*,#963,.F.);
#589=ORIENTED_EDGE('',*,*,#964,.F.);
#590=ORIENTED_EDGE('',*,*,#965,.T.);
#591=ORIENTED_EDGE('',*,*,#966,.F.);
#592=ORIENTED_EDGE('',*,*,#967,.T.);
#593=ORIENTED_EDGE('',*,*,#968,.T.);
#594=ORIENTED_EDGE('',*,*,#969,.T.);
#595=ORIENTED_EDGE('',*,*,#970,.T.);
#596=ORIENTED_EDGE('',*,*,#971,.T.);
#597=ORIENTED_EDGE('',*,*,#972,.T.);
#598=ORIENTED_EDGE('',*,*,#972,.F.);
#599=ORIENTED_EDGE('',*,*,#958,.F.);
#600=ORIENTED_EDGE('',*,*,#961,.T.);
#601=ORIENTED_EDGE('',*,*,#973,.T.);
#602=ORIENTED_EDGE('',*,*,#970,.F.);
#603=ORIENTED_EDGE('',*,*,#974,.F.);
#604=ORIENTED_EDGE('',*,*,#963,.T.);
#605=ORIENTED_EDGE('',*,*,#940,.T.);
#606=ORIENTED_EDGE('',*,*,#969,.F.);
#607=ORIENTED_EDGE('',*,*,#975,.F.);
#608=ORIENTED_EDGE('',*,*,#964,.T.);
#609=ORIENTED_EDGE('',*,*,#974,.T.);
#610=ORIENTED_EDGE('',*,*,#965,.F.);
#611=ORIENTED_EDGE('',*,*,#975,.T.);
#612=ORIENTED_EDGE('',*,*,#968,.F.);
#613=ORIENTED_EDGE('',*,*,#976,.F.);
#614=ORIENTED_EDGE('',*,*,#967,.F.);
#615=ORIENTED_EDGE('',*,*,#973,.F.);
#616=ORIENTED_EDGE('',*,*,#966,.T.);
#617=ORIENTED_EDGE('',*,*,#976,.T.);
#618=ORIENTED_EDGE('',*,*,#977,.F.);
#619=ORIENTED_EDGE('',*,*,#978,.T.);
#620=ORIENTED_EDGE('',*,*,#979,.T.);
#621=ORIENTED_EDGE('',*,*,#980,.F.);
#622=ORIENTED_EDGE('',*,*,#981,.F.);
#623=ORIENTED_EDGE('',*,*,#982,.F.);
#624=ORIENTED_EDGE('',*,*,#983,.F.);
#625=ORIENTED_EDGE('',*,*,#984,.F.);
#626=ORIENTED_EDGE('',*,*,#985,.T.);
#627=ORIENTED_EDGE('',*,*,#986,.F.);
#628=ORIENTED_EDGE('',*,*,#987,.T.);
#629=ORIENTED_EDGE('',*,*,#988,.T.);
#630=ORIENTED_EDGE('',*,*,#989,.T.);
#631=ORIENTED_EDGE('',*,*,#990,.T.);
#632=ORIENTED_EDGE('',*,*,#991,.T.);
#633=ORIENTED_EDGE('',*,*,#992,.T.);
#634=ORIENTED_EDGE('',*,*,#992,.F.);
#635=ORIENTED_EDGE('',*,*,#978,.F.);
#636=ORIENTED_EDGE('',*,*,#981,.T.);
#637=ORIENTED_EDGE('',*,*,#993,.T.);
#638=ORIENTED_EDGE('',*,*,#990,.F.);
#639=ORIENTED_EDGE('',*,*,#994,.F.);
#640=ORIENTED_EDGE('',*,*,#983,.T.);
#641=ORIENTED_EDGE('',*,*,#960,.T.);
#642=ORIENTED_EDGE('',*,*,#989,.F.);
#643=ORIENTED_EDGE('',*,*,#995,.F.);
#644=ORIENTED_EDGE('',*,*,#984,.T.);
#645=ORIENTED_EDGE('',*,*,#994,.T.);
#646=ORIENTED_EDGE('',*,*,#985,.F.);
#647=ORIENTED_EDGE('',*,*,#995,.T.);
#648=ORIENTED_EDGE('',*,*,#988,.F.);
#649=ORIENTED_EDGE('',*,*,#996,.F.);
#650=ORIENTED_EDGE('',*,*,#987,.F.);
#651=ORIENTED_EDGE('',*,*,#993,.F.);
#652=ORIENTED_EDGE('',*,*,#986,.T.);
#653=ORIENTED_EDGE('',*,*,#996,.T.);
#654=ORIENTED_EDGE('',*,*,#997,.F.);
#655=ORIENTED_EDGE('',*,*,#998,.T.);
#656=ORIENTED_EDGE('',*,*,#999,.T.);
#657=ORIENTED_EDGE('',*,*,#1000,.F.);
#658=ORIENTED_EDGE('',*,*,#1001,.F.);
#659=ORIENTED_EDGE('',*,*,#1002,.F.);
#660=ORIENTED_EDGE('',*,*,#1003,.F.);
#661=ORIENTED_EDGE('',*,*,#1004,.F.);
#662=ORIENTED_EDGE('',*,*,#1005,.T.);
#663=ORIENTED_EDGE('',*,*,#1006,.F.);
#664=ORIENTED_EDGE('',*,*,#1007,.T.);
#665=ORIENTED_EDGE('',*,*,#1008,.T.);
#666=ORIENTED_EDGE('',*,*,#1009,.T.);
#667=ORIENTED_EDGE('',*,*,#1010,.T.);
#668=ORIENTED_EDGE('',*,*,#1011,.T.);
#669=ORIENTED_EDGE('',*,*,#1012,.T.);
#670=ORIENTED_EDGE('',*,*,#1012,.F.);
#671=ORIENTED_EDGE('',*,*,#998,.F.);
#672=ORIENTED_EDGE('',*,*,#1001,.T.);
#673=ORIENTED_EDGE('',*,*,#1013,.T.);
#674=ORIENTED_EDGE('',*,*,#1010,.F.);
#675=ORIENTED_EDGE('',*,*,#1014,.F.);
#676=ORIENTED_EDGE('',*,*,#1003,.T.);
#677=ORIENTED_EDGE('',*,*,#980,.T.);
#678=ORIENTED_EDGE('',*,*,#1009,.F.);
#679=ORIENTED_EDGE('',*,*,#1015,.F.);
#680=ORIENTED_EDGE('',*,*,#1004,.T.);
#681=ORIENTED_EDGE('',*,*,#1014,.T.);
#682=ORIENTED_EDGE('',*,*,#1005,.F.);
#683=ORIENTED_EDGE('',*,*,#1015,.T.);
#684=ORIENTED_EDGE('',*,*,#1008,.F.);
#685=ORIENTED_EDGE('',*,*,#1016,.F.);
#686=ORIENTED_EDGE('',*,*,#1007,.F.);
#687=ORIENTED_EDGE('',*,*,#1013,.F.);
#688=ORIENTED_EDGE('',*,*,#1006,.T.);
#689=ORIENTED_EDGE('',*,*,#1016,.T.);
#690=ORIENTED_EDGE('',*,*,#1017,.F.);
#691=ORIENTED_EDGE('',*,*,#1018,.T.);
#692=ORIENTED_EDGE('',*,*,#1019,.T.);
#693=ORIENTED_EDGE('',*,*,#1020,.F.);
#694=ORIENTED_EDGE('',*,*,#1021,.F.);
#695=ORIENTED_EDGE('',*,*,#1022,.F.);
#696=ORIENTED_EDGE('',*,*,#1023,.F.);
#697=ORIENTED_EDGE('',*,*,#1024,.F.);
#698=ORIENTED_EDGE('',*,*,#1025,.T.);
#699=ORIENTED_EDGE('',*,*,#1026,.F.);
#700=ORIENTED_EDGE('',*,*,#1027,.T.);
#701=ORIENTED_EDGE('',*,*,#1028,.T.);
#702=ORIENTED_EDGE('',*,*,#1029,.T.);
#703=ORIENTED_EDGE('',*,*,#1030,.T.);
#704=ORIENTED_EDGE('',*,*,#1031,.T.);
#705=ORIENTED_EDGE('',*,*,#1032,.T.);
#706=ORIENTED_EDGE('',*,*,#1032,.F.);
#707=ORIENTED_EDGE('',*,*,#1018,.F.);
#708=ORIENTED_EDGE('',*,*,#1021,.T.);
#709=ORIENTED_EDGE('',*,*,#1033,.T.);
#710=ORIENTED_EDGE('',*,*,#1030,.F.);
#711=ORIENTED_EDGE('',*,*,#1034,.F.);
#712=ORIENTED_EDGE('',*,*,#1023,.T.);
#713=ORIENTED_EDGE('',*,*,#1000,.T.);
#714=ORIENTED_EDGE('',*,*,#1029,.F.);
#715=ORIENTED_EDGE('',*,*,#1035,.F.);
#716=ORIENTED_EDGE('',*,*,#1024,.T.);
#717=ORIENTED_EDGE('',*,*,#1034,.T.);
#718=ORIENTED_EDGE('',*,*,#1025,.F.);
#719=ORIENTED_EDGE('',*,*,#1035,.T.);
#720=ORIENTED_EDGE('',*,*,#1028,.F.);
#721=ORIENTED_EDGE('',*,*,#1036,.F.);
#722=ORIENTED_EDGE('',*,*,#1027,.F.);
#723=ORIENTED_EDGE('',*,*,#1033,.F.);
#724=ORIENTED_EDGE('',*,*,#1026,.T.);
#725=ORIENTED_EDGE('',*,*,#1036,.T.);
#726=ORIENTED_EDGE('',*,*,#1037,.F.);
#727=ORIENTED_EDGE('',*,*,#1038,.T.);
#728=ORIENTED_EDGE('',*,*,#1039,.T.);
#729=ORIENTED_EDGE('',*,*,#834,.F.);
#730=ORIENTED_EDGE('',*,*,#1040,.T.);
#731=ORIENTED_EDGE('',*,*,#1039,.F.);
#732=ORIENTED_EDGE('',*,*,#1041,.F.);
#733=ORIENTED_EDGE('',*,*,#1019,.F.);
#734=ORIENTED_EDGE('',*,*,#1031,.F.);
#735=ORIENTED_EDGE('',*,*,#999,.F.);
#736=ORIENTED_EDGE('',*,*,#1011,.F.);
#737=ORIENTED_EDGE('',*,*,#979,.F.);
#738=ORIENTED_EDGE('',*,*,#991,.F.);
#739=ORIENTED_EDGE('',*,*,#959,.F.);
#740=ORIENTED_EDGE('',*,*,#971,.F.);
#741=ORIENTED_EDGE('',*,*,#939,.F.);
#742=ORIENTED_EDGE('',*,*,#951,.F.);
#743=ORIENTED_EDGE('',*,*,#919,.F.);
#744=ORIENTED_EDGE('',*,*,#931,.F.);
#745=ORIENTED_EDGE('',*,*,#899,.F.);
#746=ORIENTED_EDGE('',*,*,#911,.F.);
#747=ORIENTED_EDGE('',*,*,#879,.F.);
#748=ORIENTED_EDGE('',*,*,#891,.F.);
#749=ORIENTED_EDGE('',*,*,#859,.F.);
#750=ORIENTED_EDGE('',*,*,#871,.F.);
#751=ORIENTED_EDGE('',*,*,#839,.F.);
#752=ORIENTED_EDGE('',*,*,#851,.F.);
#753=ORIENTED_EDGE('',*,*,#818,.F.);
#754=ORIENTED_EDGE('',*,*,#830,.F.);
#755=ORIENTED_EDGE('',*,*,#1042,.T.);
#756=ORIENTED_EDGE('',*,*,#1043,.T.);
#757=ORIENTED_EDGE('',*,*,#1043,.F.);
#758=ORIENTED_EDGE('',*,*,#1037,.T.);
#759=ORIENTED_EDGE('',*,*,#821,.T.);
#760=ORIENTED_EDGE('',*,*,#816,.T.);
#761=ORIENTED_EDGE('',*,*,#842,.T.);
#762=ORIENTED_EDGE('',*,*,#837,.T.);
#763=ORIENTED_EDGE('',*,*,#862,.T.);
#764=ORIENTED_EDGE('',*,*,#857,.T.);
#765=ORIENTED_EDGE('',*,*,#882,.T.);
#766=ORIENTED_EDGE('',*,*,#877,.T.);
#767=ORIENTED_EDGE('',*,*,#902,.T.);
#768=ORIENTED_EDGE('',*,*,#897,.T.);
#769=ORIENTED_EDGE('',*,*,#922,.T.);
#770=ORIENTED_EDGE('',*,*,#917,.T.);
#771=ORIENTED_EDGE('',*,*,#942,.T.);
#772=ORIENTED_EDGE('',*,*,#937,.T.);
#773=ORIENTED_EDGE('',*,*,#962,.T.);
#774=ORIENTED_EDGE('',*,*,#957,.T.);
#775=ORIENTED_EDGE('',*,*,#982,.T.);
#776=ORIENTED_EDGE('',*,*,#977,.T.);
#777=ORIENTED_EDGE('',*,*,#1002,.T.);
#778=ORIENTED_EDGE('',*,*,#997,.T.);
#779=ORIENTED_EDGE('',*,*,#1022,.T.);
#780=ORIENTED_EDGE('',*,*,#1017,.T.);
#781=ORIENTED_EDGE('',*,*,#1044,.T.);
#782=ORIENTED_EDGE('',*,*,#1045,.F.);
#783=ORIENTED_EDGE('',*,*,#1046,.F.);
#784=ORIENTED_EDGE('',*,*,#1047,.T.);
#785=ORIENTED_EDGE('',*,*,#1048,.T.);
#786=ORIENTED_EDGE('',*,*,#1049,.F.);
#787=ORIENTED_EDGE('',*,*,#1050,.F.);
#788=ORIENTED_EDGE('',*,*,#1051,.T.);
#789=ORIENTED_EDGE('',*,*,#1052,.T.);
#790=ORIENTED_EDGE('',*,*,#1053,.F.);
#791=ORIENTED_EDGE('',*,*,#1052,.F.);
#792=ORIENTED_EDGE('',*,*,#1054,.T.);
#793=ORIENTED_EDGE('',*,*,#1020,.T.);
#794=ORIENTED_EDGE('',*,*,#1055,.F.);
#795=ORIENTED_EDGE('',*,*,#1038,.F.);
#796=ORIENTED_EDGE('',*,*,#1056,.T.);
#797=ORIENTED_EDGE('',*,*,#1046,.T.);
#798=ORIENTED_EDGE('',*,*,#1057,.F.);
#799=ORIENTED_EDGE('',*,*,#1050,.T.);
#800=ORIENTED_EDGE('',*,*,#1058,.F.);
#801=ORIENTED_EDGE('',*,*,#1048,.F.);
#802=ORIENTED_EDGE('',*,*,#1056,.F.);
#803=ORIENTED_EDGE('',*,*,#1044,.F.);
#804=ORIENTED_EDGE('',*,*,#1054,.F.);
#805=ORIENTED_EDGE('',*,*,#1051,.F.);
#806=ORIENTED_EDGE('',*,*,#1057,.T.);
#807=ORIENTED_EDGE('',*,*,#1047,.F.);
#808=ORIENTED_EDGE('',*,*,#1045,.T.);
#809=ORIENTED_EDGE('',*,*,#1058,.T.);
#810=ORIENTED_EDGE('',*,*,#1049,.T.);
#811=ORIENTED_EDGE('',*,*,#1053,.T.);
#812=ORIENTED_EDGE('',*,*,#1041,.T.);
#813=ORIENTED_EDGE('',*,*,#1055,.T.);
#814=ORIENTED_EDGE('',*,*,#1042,.F.);
#815=ORIENTED_EDGE('',*,*,#1040,.F.);
#816=EDGE_CURVE('',#1059,#1060,#1206,.T.);
#817=EDGE_CURVE('',#1059,#1061,#150,.T.);
#818=EDGE_CURVE('',#1061,#1062,#1207,.T.);
#819=EDGE_CURVE('',#1060,#1062,#78,.T.);
#820=EDGE_CURVE('',#1059,#1063,#79,.T.);
#821=EDGE_CURVE('',#1064,#1059,#151,.T.);
#822=EDGE_CURVE('',#1065,#1064,#80,.T.);
#823=EDGE_CURVE('',#1066,#1065,#152,.T.);
#824=EDGE_CURVE('',#1066,#1067,#153,.F.);
#825=EDGE_CURVE('',#1063,#1067,#154,.T.);
#826=EDGE_CURVE('',#1068,#1069,#155,.T.);
#827=EDGE_CURVE('',#1069,#1070,#156,.T.);
#828=EDGE_CURVE('',#1070,#1071,#157,.T.);
#829=EDGE_CURVE('',#1071,#1072,#158,.T.);
#830=EDGE_CURVE('',#1072,#1061,#159,.F.);
#831=EDGE_CURVE('',#1061,#1068,#160,.T.);
#832=EDGE_CURVE('',#1063,#1068,#161,.T.);
#833=EDGE_CURVE('',#1065,#1071,#162,.T.);
#834=EDGE_CURVE('',#1064,#1072,#81,.T.);
#835=EDGE_CURVE('',#1066,#1070,#163,.T.);
#836=EDGE_CURVE('',#1067,#1069,#164,.T.);
#837=EDGE_CURVE('',#1073,#1074,#1208,.T.);
#838=EDGE_CURVE('',#1073,#1075,#165,.T.);
#839=EDGE_CURVE('',#1075,#1076,#1209,.T.);
#840=EDGE_CURVE('',#1074,#1076,#82,.T.);
#841=EDGE_CURVE('',#1073,#1077,#83,.T.);
#842=EDGE_CURVE('',#1060,#1073,#166,.T.);
#843=EDGE_CURVE('',#1078,#1060,#84,.T.);
#844=EDGE_CURVE('',#1079,#1078,#167,.T.);
#845=EDGE_CURVE('',#1079,#1080,#168,.F.);
#846=EDGE_CURVE('',#1077,#1080,#169,.T.);
#847=EDGE_CURVE('',#1081,#1082,#170,.T.);
#848=EDGE_CURVE('',#1082,#1083,#171,.T.);
#849=EDGE_CURVE('',#1083,#1084,#172,.T.);
#850=EDGE_CURVE('',#1084,#1062,#173,.T.);
#851=EDGE_CURVE('',#1062,#1075,#174,.F.);
#852=EDGE_CURVE('',#1075,#1081,#175,.T.);
#853=EDGE_CURVE('',#1077,#1081,#176,.T.);
#854=EDGE_CURVE('',#1078,#1084,#177,.T.);
#855=EDGE_CURVE('',#1079,#1083,#178,.T.);
#856=EDGE_CURVE('',#1080,#1082,#179,.T.);
#857=EDGE_CURVE('',#1085,#1086,#1210,.T.);
#858=EDGE_CURVE('',#1085,#1087,#180,.T.);
#859=EDGE_CURVE('',#1087,#1088,#1211,.T.);
#860=EDGE_CURVE('',#1086,#1088,#85,.T.);
#861=EDGE_CURVE('',#1085,#1089,#86,.T.);
#862=EDGE_CURVE('',#1074,#1085,#181,.T.);
#863=EDGE_CURVE('',#1090,#1074,#87,.T.);
#864=EDGE_CURVE('',#1091,#1090,#182,.T.);
#865=EDGE_CURVE('',#1091,#1092,#183,.F.);
#866=EDGE_CURVE('',#1089,#1092,#184,.T.);
#867=EDGE_CURVE('',#1093,#1094,#185,.T.);
#868=EDGE_CURVE('',#1094,#1095,#186,.T.);
#869=EDGE_CURVE('',#1095,#1096,#187,.T.);
#870=EDGE_CURVE('',#1096,#1076,#188,.T.);
#871=EDGE_CURVE('',#1076,#1087,#189,.F.);
#872=EDGE_CURVE('',#1087,#1093,#190,.T.);
#873=EDGE_CURVE('',#1089,#1093,#191,.T.);
#874=EDGE_CURVE('',#1090,#1096,#192,.T.);
#875=EDGE_CURVE('',#1091,#1095,#193,.T.);
#876=EDGE_CURVE('',#1092,#1094,#194,.T.);
#877=EDGE_CURVE('',#1097,#1098,#1212,.T.);
#878=EDGE_CURVE('',#1097,#1099,#195,.T.);
#879=EDGE_CURVE('',#1099,#1100,#1213,.T.);
#880=EDGE_CURVE('',#1098,#1100,#88,.T.);
#881=EDGE_CURVE('',#1097,#1101,#89,.T.);
#882=EDGE_CURVE('',#1086,#1097,#196,.T.);
#883=EDGE_CURVE('',#1102,#1086,#90,.T.);
#884=EDGE_CURVE('',#1103,#1102,#197,.T.);
#885=EDGE_CURVE('',#1103,#1104,#198,.F.);
#886=EDGE_CURVE('',#1101,#1104,#199,.T.);
#887=EDGE_CURVE('',#1105,#1106,#200,.T.);
#888=EDGE_CURVE('',#1106,#1107,#201,.T.);
#889=EDGE_CURVE('',#1107,#1108,#202,.T.);
#890=EDGE_CURVE('',#1108,#1088,#203,.T.);
#891=EDGE_CURVE('',#1088,#1099,#204,.F.);
#892=EDGE_CURVE('',#1099,#1105,#205,.T.);
#893=EDGE_CURVE('',#1101,#1105,#206,.T.);
#894=EDGE_CURVE('',#1102,#1108,#207,.T.);
#895=EDGE_CURVE('',#1103,#1107,#208,.T.);
#896=EDGE_CURVE('',#1104,#1106,#209,.T.);
#897=EDGE_CURVE('',#1109,#1110,#1214,.T.);
#898=EDGE_CURVE('',#1109,#1111,#210,.T.);
#899=EDGE_CURVE('',#1111,#1112,#1215,.T.);
#900=EDGE_CURVE('',#1110,#1112,#91,.T.);
#901=EDGE_CURVE('',#1109,#1113,#92,.T.);
#902=EDGE_CURVE('',#1098,#1109,#211,.T.);
#903=EDGE_CURVE('',#1114,#1098,#93,.T.);
#904=EDGE_CURVE('',#1115,#1114,#212,.T.);
#905=EDGE_CURVE('',#1115,#1116,#213,.F.);
#906=EDGE_CURVE('',#1113,#1116,#214,.T.);
#907=EDGE_CURVE('',#1117,#1118,#215,.T.);
#908=EDGE_CURVE('',#1118,#1119,#216,.T.);
#909=EDGE_CURVE('',#1119,#1120,#217,.T.);
#910=EDGE_CURVE('',#1120,#1100,#218,.T.);
#911=EDGE_CURVE('',#1100,#1111,#219,.F.);
#912=EDGE_CURVE('',#1111,#1117,#220,.T.);
#913=EDGE_CURVE('',#1113,#1117,#221,.T.);
#914=EDGE_CURVE('',#1114,#1120,#222,.T.);
#915=EDGE_CURVE('',#1115,#1119,#223,.T.);
#916=EDGE_CURVE('',#1116,#1118,#224,.T.);
#917=EDGE_CURVE('',#1121,#1122,#1216,.T.);
#918=EDGE_CURVE('',#1121,#1123,#225,.T.);
#919=EDGE_CURVE('',#1123,#1124,#1217,.T.);
#920=EDGE_CURVE('',#1122,#1124,#94,.T.);
#921=EDGE_CURVE('',#1121,#1125,#95,.T.);
#922=EDGE_CURVE('',#1110,#1121,#226,.T.);
#923=EDGE_CURVE('',#1126,#1110,#96,.T.);
#924=EDGE_CURVE('',#1127,#1126,#227,.T.);
#925=EDGE_CURVE('',#1127,#1128,#228,.F.);
#926=EDGE_CURVE('',#1125,#1128,#229,.T.);
#927=EDGE_CURVE('',#1129,#1130,#230,.T.);
#928=EDGE_CURVE('',#1130,#1131,#231,.T.);
#929=EDGE_CURVE('',#1131,#1132,#232,.T.);
#930=EDGE_CURVE('',#1132,#1112,#233,.T.);
#931=EDGE_CURVE('',#1112,#1123,#234,.F.);
#932=EDGE_CURVE('',#1123,#1129,#235,.T.);
#933=EDGE_CURVE('',#1125,#1129,#236,.T.);
#934=EDGE_CURVE('',#1126,#1132,#237,.T.);
#935=EDGE_CURVE('',#1127,#1131,#238,.T.);
#936=EDGE_CURVE('',#1128,#1130,#239,.T.);
#937=EDGE_CURVE('',#1133,#1134,#1218,.T.);
#938=EDGE_CURVE('',#1133,#1135,#240,.T.);
#939=EDGE_CURVE('',#1135,#1136,#1219,.T.);
#940=EDGE_CURVE('',#1134,#1136,#97,.T.);
#941=EDGE_CURVE('',#1133,#1137,#98,.T.);
#942=EDGE_CURVE('',#1122,#1133,#241,.T.);
#943=EDGE_CURVE('',#1138,#1122,#99,.T.);
#944=EDGE_CURVE('',#1139,#1138,#242,.T.);
#945=EDGE_CURVE('',#1139,#1140,#243,.F.);
#946=EDGE_CURVE('',#1137,#1140,#244,.T.);
#947=EDGE_CURVE('',#1141,#1142,#245,.T.);
#948=EDGE_CURVE('',#1142,#1143,#246,.T.);
#949=EDGE_CURVE('',#1143,#1144,#247,.T.);
#950=EDGE_CURVE('',#1144,#1124,#248,.T.);
#951=EDGE_CURVE('',#1124,#1135,#249,.F.);
#952=EDGE_CURVE('',#1135,#1141,#250,.T.);
#953=EDGE_CURVE('',#1137,#1141,#251,.T.);
#954=EDGE_CURVE('',#1138,#1144,#252,.T.);
#955=EDGE_CURVE('',#1139,#1143,#253,.T.);
#956=EDGE_CURVE('',#1140,#1142,#254,.T.);
#957=EDGE_CURVE('',#1145,#1146,#1220,.T.);
#958=EDGE_CURVE('',#1145,#1147,#255,.T.);
#959=EDGE_CURVE('',#1147,#1148,#1221,.T.);
#960=EDGE_CURVE('',#1146,#1148,#100,.T.);
#961=EDGE_CURVE('',#1145,#1149,#101,.T.);
#962=EDGE_CURVE('',#1134,#1145,#256,.T.);
#963=EDGE_CURVE('',#1150,#1134,#102,.T.);
#964=EDGE_CURVE('',#1151,#1150,#257,.T.);
#965=EDGE_CURVE('',#1151,#1152,#258,.F.);
#966=EDGE_CURVE('',#1149,#1152,#259,.T.);
#967=EDGE_CURVE('',#1153,#1154,#260,.T.);
#968=EDGE_CURVE('',#1154,#1155,#261,.T.);
#969=EDGE_CURVE('',#1155,#1156,#262,.T.);
#970=EDGE_CURVE('',#1156,#1136,#263,.T.);
#971=EDGE_CURVE('',#1136,#1147,#264,.F.);
#972=EDGE_CURVE('',#1147,#1153,#265,.T.);
#973=EDGE_CURVE('',#1149,#1153,#266,.T.);
#974=EDGE_CURVE('',#1150,#1156,#267,.T.);
#975=EDGE_CURVE('',#1151,#1155,#268,.T.);
#976=EDGE_CURVE('',#1152,#1154,#269,.T.);
#977=EDGE_CURVE('',#1157,#1158,#1222,.T.);
#978=EDGE_CURVE('',#1157,#1159,#270,.T.);
#979=EDGE_CURVE('',#1159,#1160,#1223,.T.);
#980=EDGE_CURVE('',#1158,#1160,#103,.T.);
#981=EDGE_CURVE('',#1157,#1161,#104,.T.);
#982=EDGE_CURVE('',#1146,#1157,#271,.T.);
#983=EDGE_CURVE('',#1162,#1146,#105,.T.);
#984=EDGE_CURVE('',#1163,#1162,#272,.T.);
#985=EDGE_CURVE('',#1163,#1164,#273,.F.);
#986=EDGE_CURVE('',#1161,#1164,#274,.T.);
#987=EDGE_CURVE('',#1165,#1166,#275,.T.);
#988=EDGE_CURVE('',#1166,#1167,#276,.T.);
#989=EDGE_CURVE('',#1167,#1168,#277,.T.);
#990=EDGE_CURVE('',#1168,#1148,#278,.T.);
#991=EDGE_CURVE('',#1148,#1159,#279,.F.);
#992=EDGE_CURVE('',#1159,#1165,#280,.T.);
#993=EDGE_CURVE('',#1161,#1165,#281,.T.);
#994=EDGE_CURVE('',#1162,#1168,#282,.T.);
#995=EDGE_CURVE('',#1163,#1167,#283,.T.);
#996=EDGE_CURVE('',#1164,#1166,#284,.T.);
#997=EDGE_CURVE('',#1169,#1170,#1224,.T.);
#998=EDGE_CURVE('',#1169,#1171,#285,.T.);
#999=EDGE_CURVE('',#1171,#1172,#1225,.T.);
#1000=EDGE_CURVE('',#1170,#1172,#106,.T.);
#1001=EDGE_CURVE('',#1169,#1173,#107,.T.);
#1002=EDGE_CURVE('',#1158,#1169,#286,.T.);
#1003=EDGE_CURVE('',#1174,#1158,#108,.T.);
#1004=EDGE_CURVE('',#1175,#1174,#287,.T.);
#1005=EDGE_CURVE('',#1175,#1176,#288,.F.);
#1006=EDGE_CURVE('',#1173,#1176,#289,.T.);
#1007=EDGE_CURVE('',#1177,#1178,#290,.T.);
#1008=EDGE_CURVE('',#1178,#1179,#291,.T.);
#1009=EDGE_CURVE('',#1179,#1180,#292,.T.);
#1010=EDGE_CURVE('',#1180,#1160,#293,.T.);
#1011=EDGE_CURVE('',#1160,#1171,#294,.F.);
#1012=EDGE_CURVE('',#1171,#1177,#295,.T.);
#1013=EDGE_CURVE('',#1173,#1177,#296,.T.);
#1014=EDGE_CURVE('',#1174,#1180,#297,.T.);
#1015=EDGE_CURVE('',#1175,#1179,#298,.T.);
#1016=EDGE_CURVE('',#1176,#1178,#299,.T.);
#1017=EDGE_CURVE('',#1181,#1182,#1226,.T.);
#1018=EDGE_CURVE('',#1181,#1183,#300,.T.);
#1019=EDGE_CURVE('',#1183,#1184,#1227,.T.);
#1020=EDGE_CURVE('',#1182,#1184,#109,.T.);
#1021=EDGE_CURVE('',#1181,#1185,#110,.T.);
#1022=EDGE_CURVE('',#1170,#1181,#301,.T.);
#1023=EDGE_CURVE('',#1186,#1170,#111,.T.);
#1024=EDGE_CURVE('',#1187,#1186,#302,.T.);
#1025=EDGE_CURVE('',#1187,#1188,#303,.F.);
#1026=EDGE_CURVE('',#1185,#1188,#304,.T.);
#1027=EDGE_CURVE('',#1189,#1190,#305,.T.);
#1028=EDGE_CURVE('',#1190,#1191,#306,.T.);
#1029=EDGE_CURVE('',#1191,#1192,#307,.T.);
#1030=EDGE_CURVE('',#1192,#1172,#308,.T.);
#1031=EDGE_CURVE('',#1172,#1183,#309,.F.);
#1032=EDGE_CURVE('',#1183,#1189,#310,.T.);
#1033=EDGE_CURVE('',#1185,#1189,#311,.T.);
#1034=EDGE_CURVE('',#1186,#1192,#312,.T.);
#1035=EDGE_CURVE('',#1187,#1191,#313,.T.);
#1036=EDGE_CURVE('',#1188,#1190,#314,.T.);
#1037=EDGE_CURVE('',#1193,#1064,#1228,.T.);
#1038=EDGE_CURVE('',#1193,#1194,#315,.T.);
#1039=EDGE_CURVE('',#1194,#1072,#1229,.T.);
#1040=EDGE_CURVE('',#1195,#1195,#14,.T.);
#1041=EDGE_CURVE('',#1184,#1194,#316,.F.);
#1042=EDGE_CURVE('',#1196,#1196,#15,.T.);
#1043=EDGE_CURVE('',#1197,#1197,#1230,.T.);
#1044=EDGE_CURVE('',#1182,#1193,#317,.T.);
#1045=EDGE_CURVE('',#1198,#1199,#318,.T.);
#1046=EDGE_CURVE('',#1200,#1198,#319,.T.);
#1047=EDGE_CURVE('',#1200,#1201,#320,.T.);
#1048=EDGE_CURVE('',#1201,#1199,#321,.T.);
#1049=EDGE_CURVE('',#1202,#1203,#322,.T.);
#1050=EDGE_CURVE('',#1204,#1202,#323,.T.);
#1051=EDGE_CURVE('',#1204,#1205,#324,.T.);
#1052=EDGE_CURVE('',#1205,#1203,#325,.T.);
#1053=EDGE_CURVE('',#1203,#1184,#326,.T.);
#1054=EDGE_CURVE('',#1205,#1182,#112,.T.);
#1055=EDGE_CURVE('',#1194,#1198,#327,.T.);
#1056=EDGE_CURVE('',#1193,#1200,#113,.T.);
#1057=EDGE_CURVE('',#1204,#1201,#328,.F.);
#1058=EDGE_CURVE('',#1199,#1202,#329,.T.);
#1059=VERTEX_POINT('',#1902);
#1060=VERTEX_POINT('',#1903);
#1061=VERTEX_POINT('',#1908);
#1062=VERTEX_POINT('',#1910);
#1063=VERTEX_POINT('',#1914);
#1064=VERTEX_POINT('',#1919);
#1065=VERTEX_POINT('',#1921);
#1066=VERTEX_POINT('',#1927);
#1067=VERTEX_POINT('',#1932);
#1068=VERTEX_POINT('',#1943);
#1069=VERTEX_POINT('',#1944);
#1070=VERTEX_POINT('',#1949);
#1071=VERTEX_POINT('',#1954);
#1072=VERTEX_POINT('',#1959);
#1073=VERTEX_POINT('',#2347);
#1074=VERTEX_POINT('',#2348);
#1075=VERTEX_POINT('',#2353);
#1076=VERTEX_POINT('',#2355);
#1077=VERTEX_POINT('',#2359);
#1078=VERTEX_POINT('',#2365);
#1079=VERTEX_POINT('',#2371);
#1080=VERTEX_POINT('',#2376);
#1081=VERTEX_POINT('',#2387);
#1082=VERTEX_POINT('',#2388);
#1083=VERTEX_POINT('',#2393);
#1084=VERTEX_POINT('',#2398);
#1085=VERTEX_POINT('',#2789);
#1086=VERTEX_POINT('',#2790);
#1087=VERTEX_POINT('',#2795);
#1088=VERTEX_POINT('',#2797);
#1089=VERTEX_POINT('',#2801);
#1090=VERTEX_POINT('',#2807);
#1091=VERTEX_POINT('',#2813);
#1092=VERTEX_POINT('',#2818);
#1093=VERTEX_POINT('',#2829);
#1094=VERTEX_POINT('',#2830);
#1095=VERTEX_POINT('',#2835);
#1096=VERTEX_POINT('',#2840);
#1097=VERTEX_POINT('',#3231);
#1098=VERTEX_POINT('',#3232);
#1099=VERTEX_POINT('',#3237);
#1100=VERTEX_POINT('',#3239);
#1101=VERTEX_POINT('',#3243);
#1102=VERTEX_POINT('',#3249);
#1103=VERTEX_POINT('',#3255);
#1104=VERTEX_POINT('',#3260);
#1105=VERTEX_POINT('',#3271);
#1106=VERTEX_POINT('',#3272);
#1107=VERTEX_POINT('',#3277);
#1108=VERTEX_POINT('',#3282);
#1109=VERTEX_POINT('',#3673);
#1110=VERTEX_POINT('',#3674);
#1111=VERTEX_POINT('',#3679);
#1112=VERTEX_POINT('',#3681);
#1113=VERTEX_POINT('',#3685);
#1114=VERTEX_POINT('',#3691);
#1115=VERTEX_POINT('',#3697);
#1116=VERTEX_POINT('',#3702);
#1117=VERTEX_POINT('',#3713);
#1118=VERTEX_POINT('',#3714);
#1119=VERTEX_POINT('',#3719);
#1120=VERTEX_POINT('',#3724);
#1121=VERTEX_POINT('',#4115);
#1122=VERTEX_POINT('',#4116);
#1123=VERTEX_POINT('',#4121);
#1124=VERTEX_POINT('',#4123);
#1125=VERTEX_POINT('',#4127);
#1126=VERTEX_POINT('',#4133);
#1127=VERTEX_POINT('',#4139);
#1128=VERTEX_POINT('',#4144);
#1129=VERTEX_POINT('',#4155);
#1130=VERTEX_POINT('',#4156);
#1131=VERTEX_POINT('',#4161);
#1132=VERTEX_POINT('',#4166);
#1133=VERTEX_POINT('',#4557);
#1134=VERTEX_POINT('',#4558);
#1135=VERTEX_POINT('',#4563);
#1136=VERTEX_POINT('',#4565);
#1137=VERTEX_POINT('',#4569);
#1138=VERTEX_POINT('',#4575);
#1139=VERTEX_POINT('',#4581);
#1140=VERTEX_POINT('',#4586);
#1141=VERTEX_POINT('',#4597);
#1142=VERTEX_POINT('',#4598);
#1143=VERTEX_POINT('',#4603);
#1144=VERTEX_POINT('',#4608);
#1145=VERTEX_POINT('',#4999);
#1146=VERTEX_POINT('',#5000);
#1147=VERTEX_POINT('',#5005);
#1148=VERTEX_POINT('',#5007);
#1149=VERTEX_POINT('',#5011);
#1150=VERTEX_POINT('',#5017);
#1151=VERTEX_POINT('',#5023);
#1152=VERTEX_POINT('',#5028);
#1153=VERTEX_POINT('',#5039);
#1154=VERTEX_POINT('',#5040);
#1155=VERTEX_POINT('',#5045);
#1156=VERTEX_POINT('',#5050);
#1157=VERTEX_POINT('',#5441);
#1158=VERTEX_POINT('',#5442);
#1159=VERTEX_POINT('',#5447);
#1160=VERTEX_POINT('',#5449);
#1161=VERTEX_POINT('',#5453);
#1162=VERTEX_POINT('',#5459);
#1163=VERTEX_POINT('',#5465);
#1164=VERTEX_POINT('',#5470);
#1165=VERTEX_POINT('',#5481);
#1166=VERTEX_POINT('',#5482);
#1167=VERTEX_POINT('',#5487);
#1168=VERTEX_POINT('',#5492);
#1169=VERTEX_POINT('',#5883);
#1170=VERTEX_POINT('',#5884);
#1171=VERTEX_POINT('',#5889);
#1172=VERTEX_POINT('',#5891);
#1173=VERTEX_POINT('',#5895);
#1174=VERTEX_POINT('',#5901);
#1175=VERTEX_POINT('',#5907);
#1176=VERTEX_POINT('',#5912);
#1177=VERTEX_POINT('',#5923);
#1178=VERTEX_POINT('',#5924);
#1179=VERTEX_POINT('',#5929);
#1180=VERTEX_POINT('',#5934);
#1181=VERTEX_POINT('',#6325);
#1182=VERTEX_POINT('',#6326);
#1183=VERTEX_POINT('',#6331);
#1184=VERTEX_POINT('',#6333);
#1185=VERTEX_POINT('',#6337);
#1186=VERTEX_POINT('',#6343);
#1187=VERTEX_POINT('',#6349);
#1188=VERTEX_POINT('',#6354);
#1189=VERTEX_POINT('',#6365);
#1190=VERTEX_POINT('',#6366);
#1191=VERTEX_POINT('',#6371);
#1192=VERTEX_POINT('',#6376);
#1193=VERTEX_POINT('',#6767);
#1194=VERTEX_POINT('',#6772);
#1195=VERTEX_POINT('',#6776);
#1196=VERTEX_POINT('',#6783);
#1197=VERTEX_POINT('',#6785);
#1198=VERTEX_POINT('',#6927);
#1199=VERTEX_POINT('',#6928);
#1200=VERTEX_POINT('',#6940);
#1201=VERTEX_POINT('',#6946);
#1202=VERTEX_POINT('',#7094);
#1203=VERTEX_POINT('',#7095);
#1204=VERTEX_POINT('',#7107);
#1205=VERTEX_POINT('',#7113);
#1206=CIRCLE('',#1589,0.00492814902198183);
#1207=CIRCLE('',#1590,0.00302644040356199);
#1208=CIRCLE('',#1596,0.00492814902198183);
#1209=CIRCLE('',#1597,0.00302644040356199);
#1210=CIRCLE('',#1603,0.00492814902198183);
#1211=CIRCLE('',#1604,0.00302644040356199);
#1212=CIRCLE('',#1610,0.00492814902198183);
#1213=CIRCLE('',#1611,0.00302644040356199);
#1214=CIRCLE('',#1617,0.00492814902198183);
#1215=CIRCLE('',#1618,0.00302644040356199);
#1216=CIRCLE('',#1624,0.00492814902198183);
#1217=CIRCLE('',#1625,0.00302644040356199);
#1218=CIRCLE('',#1631,0.00492814902198183);
#1219=CIRCLE('',#1632,0.00302644040356199);
#1220=CIRCLE('',#1638,0.00492814902198183);
#1221=CIRCLE('',#1639,0.00302644040356199);
#1222=CIRCLE('',#1645,0.00492814902198183);
#1223=CIRCLE('',#1646,0.00302644040356199);
#1224=CIRCLE('',#1652,0.00492814902198183);
#1225=CIRCLE('',#1653,0.00302644040356199);
#1226=CIRCLE('',#1659,0.00492814902198183);
#1227=CIRCLE('',#1660,0.00302644040356199);
#1228=CIRCLE('',#1666,0.00492814902198183);
#1229=CIRCLE('',#1667,0.00302644040356199);
#1230=CIRCLE('',#1672,0.00492814902198183);
#1231=EDGE_LOOP('',(#330,#331,#332,#333));
#1232=EDGE_LOOP('',(#334,#335,#336,#337,#338,#339));
#1233=EDGE_LOOP('',(#340,#341,#342,#343,#344,#345));
#1234=EDGE_LOOP('',(#346,#347,#348,#349));
#1235=EDGE_LOOP('',(#350,#351,#352,#353));
#1236=EDGE_LOOP('',(#354,#355,#356,#357));
#1237=EDGE_LOOP('',(#358,#359,#360,#361));
#1238=EDGE_LOOP('',(#362,#363,#364,#365));
#1239=EDGE_LOOP('',(#366,#367,#368,#369));
#1240=EDGE_LOOP('',(#370,#371,#372,#373,#374,#375));
#1241=EDGE_LOOP('',(#376,#377,#378,#379,#380,#381));
#1242=EDGE_LOOP('',(#382,#383,#384,#385));
#1243=EDGE_LOOP('',(#386,#387,#388,#389));
#1244=EDGE_LOOP('',(#390,#391,#392,#393));
#1245=EDGE_LOOP('',(#394,#395,#396,#397));
#1246=EDGE_LOOP('',(#398,#399,#400,#401));
#1247=EDGE_LOOP('',(#402,#403,#404,#405));
#1248=EDGE_LOOP('',(#406,#407,#408,#409,#410,#411));
#1249=EDGE_LOOP('',(#412,#413,#414,#415,#416,#417));
#1250=EDGE_LOOP('',(#418,#419,#420,#421));
#1251=EDGE_LOOP('',(#422,#423,#424,#425));
#1252=EDGE_LOOP('',(#426,#427,#428,#429));
#1253=EDGE_LOOP('',(#430,#431,#432,#433));
#1254=EDGE_LOOP('',(#434,#435,#436,#437));
#1255=EDGE_LOOP('',(#438,#439,#440,#441));
#1256=EDGE_LOOP('',(#442,#443,#444,#445,#446,#447));
#1257=EDGE_LOOP('',(#448,#449,#450,#451,#452,#453));
#1258=EDGE_LOOP('',(#454,#455,#456,#457));
#1259=EDGE_LOOP('',(#458,#459,#460,#461));
#1260=EDGE_LOOP('',(#462,#463,#464,#465));
#1261=EDGE_LOOP('',(#466,#467,#468,#469));
#1262=EDGE_LOOP('',(#470,#471,#472,#473));
#1263=EDGE_LOOP('',(#474,#475,#476,#477));
#1264=EDGE_LOOP('',(#478,#479,#480,#481,#482,#483));
#1265=EDGE_LOOP('',(#484,#485,#486,#487,#488,#489));
#1266=EDGE_LOOP('',(#490,#491,#492,#493));
#1267=EDGE_LOOP('',(#494,#495,#496,#497));
#1268=EDGE_LOOP('',(#498,#499,#500,#501));
#1269=EDGE_LOOP('',(#502,#503,#504,#505));
#1270=EDGE_LOOP('',(#506,#507,#508,#509));
#1271=EDGE_LOOP('',(#510,#511,#512,#513));
#1272=EDGE_LOOP('',(#514,#515,#516,#517,#518,#519));
#1273=EDGE_LOOP('',(#520,#521,#522,#523,#524,#525));
#1274=EDGE_LOOP('',(#526,#527,#528,#529));
#1275=EDGE_LOOP('',(#530,#531,#532,#533));
#1276=EDGE_LOOP('',(#534,#535,#536,#537));
#1277=EDGE_LOOP('',(#538,#539,#540,#541));
#1278=EDGE_LOOP('',(#542,#543,#544,#545));
#1279=EDGE_LOOP('',(#546,#547,#548,#549));
#1280=EDGE_LOOP('',(#550,#551,#552,#553,#554,#555));
#1281=EDGE_LOOP('',(#556,#557,#558,#559,#560,#561));
#1282=EDGE_LOOP('',(#562,#563,#564,#565));
#1283=EDGE_LOOP('',(#566,#567,#568,#569));
#1284=EDGE_LOOP('',(#570,#571,#572,#573));
#1285=EDGE_LOOP('',(#574,#575,#576,#577));
#1286=EDGE_LOOP('',(#578,#579,#580,#581));
#1287=EDGE_LOOP('',(#582,#583,#584,#585));
#1288=EDGE_LOOP('',(#586,#587,#588,#589,#590,#591));
#1289=EDGE_LOOP('',(#592,#593,#594,#595,#596,#597));
#1290=EDGE_LOOP('',(#598,#599,#600,#601));
#1291=EDGE_LOOP('',(#602,#603,#604,#605));
#1292=EDGE_LOOP('',(#606,#607,#608,#609));
#1293=EDGE_LOOP('',(#610,#611,#612,#613));
#1294=EDGE_LOOP('',(#614,#615,#616,#617));
#1295=EDGE_LOOP('',(#618,#619,#620,#621));
#1296=EDGE_LOOP('',(#622,#623,#624,#625,#626,#627));
#1297=EDGE_LOOP('',(#628,#629,#630,#631,#632,#633));
#1298=EDGE_LOOP('',(#634,#635,#636,#637));
#1299=EDGE_LOOP('',(#638,#639,#640,#641));
#1300=EDGE_LOOP('',(#642,#643,#644,#645));
#1301=EDGE_LOOP('',(#646,#647,#648,#649));
#1302=EDGE_LOOP('',(#650,#651,#652,#653));
#1303=EDGE_LOOP('',(#654,#655,#656,#657));
#1304=EDGE_LOOP('',(#658,#659,#660,#661,#662,#663));
#1305=EDGE_LOOP('',(#664,#665,#666,#667,#668,#669));
#1306=EDGE_LOOP('',(#670,#671,#672,#673));
#1307=EDGE_LOOP('',(#674,#675,#676,#677));
#1308=EDGE_LOOP('',(#678,#679,#680,#681));
#1309=EDGE_LOOP('',(#682,#683,#684,#685));
#1310=EDGE_LOOP('',(#686,#687,#688,#689));
#1311=EDGE_LOOP('',(#690,#691,#692,#693));
#1312=EDGE_LOOP('',(#694,#695,#696,#697,#698,#699));
#1313=EDGE_LOOP('',(#700,#701,#702,#703,#704,#705));
#1314=EDGE_LOOP('',(#706,#707,#708,#709));
#1315=EDGE_LOOP('',(#710,#711,#712,#713));
#1316=EDGE_LOOP('',(#714,#715,#716,#717));
#1317=EDGE_LOOP('',(#718,#719,#720,#721));
#1318=EDGE_LOOP('',(#722,#723,#724,#725));
#1319=EDGE_LOOP('',(#726,#727,#728,#729));
#1320=EDGE_LOOP('',(#730));
#1321=EDGE_LOOP('',(#731,#732,#733,#734,#735,#736,#737,#738,#739,#740,#741,
#742,#743,#744,#745,#746,#747,#748,#749,#750,#751,#752,#753,#754));
#1322=EDGE_LOOP('',(#755));
#1323=EDGE_LOOP('',(#756));
#1324=EDGE_LOOP('',(#757));
#1325=EDGE_LOOP('',(#758,#759,#760,#761,#762,#763,#764,#765,#766,#767,#768,
#769,#770,#771,#772,#773,#774,#775,#776,#777,#778,#779,#780,#781));
#1326=EDGE_LOOP('',(#782,#783,#784,#785));
#1327=EDGE_LOOP('',(#786,#787,#788,#789));
#1328=EDGE_LOOP('',(#790,#791,#792,#793));
#1329=EDGE_LOOP('',(#794,#795,#796,#797));
#1330=EDGE_LOOP('',(#798,#799,#800,#801));
#1331=EDGE_LOOP('',(#802,#803,#804,#805,#806,#807));
#1332=EDGE_LOOP('',(#808,#809,#810,#811,#812,#813));
#1333=EDGE_LOOP('',(#814));
#1334=EDGE_LOOP('',(#815));
#1335=FACE_BOUND('',#1231,.T.);
#1336=FACE_BOUND('',#1232,.T.);
#1337=FACE_BOUND('',#1233,.T.);
#1338=FACE_BOUND('',#1234,.T.);
#1339=FACE_BOUND('',#1235,.T.);
#1340=FACE_BOUND('',#1236,.T.);
#1341=FACE_BOUND('',#1237,.T.);
#1342=FACE_BOUND('',#1238,.T.);
#1343=FACE_BOUND('',#1239,.T.);
#1344=FACE_BOUND('',#1240,.T.);
#1345=FACE_BOUND('',#1241,.T.);
#1346=FACE_BOUND('',#1242,.T.);
#1347=FACE_BOUND('',#1243,.T.);
#1348=FACE_BOUND('',#1244,.T.);
#1349=FACE_BOUND('',#1245,.T.);
#1350=FACE_BOUND('',#1246,.T.);
#1351=FACE_BOUND('',#1247,.T.);
#1352=FACE_BOUND('',#1248,.T.);
#1353=FACE_BOUND('',#1249,.T.);
#1354=FACE_BOUND('',#1250,.T.);
#1355=FACE_BOUND('',#1251,.T.);
#1356=FACE_BOUND('',#1252,.T.);
#1357=FACE_BOUND('',#1253,.T.);
#1358=FACE_BOUND('',#1254,.T.);
#1359=FACE_BOUND('',#1255,.T.);
#1360=FACE_BOUND('',#1256,.T.);
#1361=FACE_BOUND('',#1257,.T.);
#1362=FACE_BOUND('',#1258,.T.);
#1363=FACE_BOUND('',#1259,.T.);
#1364=FACE_BOUND('',#1260,.T.);
#1365=FACE_BOUND('',#1261,.T.);
#1366=FACE_BOUND('',#1262,.T.);
#1367=FACE_BOUND('',#1263,.T.);
#1368=FACE_BOUND('',#1264,.T.);
#1369=FACE_BOUND('',#1265,.T.);
#1370=FACE_BOUND('',#1266,.T.);
#1371=FACE_BOUND('',#1267,.T.);
#1372=FACE_BOUND('',#1268,.T.);
#1373=FACE_BOUND('',#1269,.T.);
#1374=FACE_BOUND('',#1270,.T.);
#1375=FACE_BOUND('',#1271,.T.);
#1376=FACE_BOUND('',#1272,.T.);
#1377=FACE_BOUND('',#1273,.T.);
#1378=FACE_BOUND('',#1274,.T.);
#1379=FACE_BOUND('',#1275,.T.);
#1380=FACE_BOUND('',#1276,.T.);
#1381=FACE_BOUND('',#1277,.T.);
#1382=FACE_BOUND('',#1278,.T.);
#1383=FACE_BOUND('',#1279,.T.);
#1384=FACE_BOUND('',#1280,.T.);
#1385=FACE_BOUND('',#1281,.T.);
#1386=FACE_BOUND('',#1282,.T.);
#1387=FACE_BOUND('',#1283,.T.);
#1388=FACE_BOUND('',#1284,.T.);
#1389=FACE_BOUND('',#1285,.T.);
#1390=FACE_BOUND('',#1286,.T.);
#1391=FACE_BOUND('',#1287,.T.);
#1392=FACE_BOUND('',#1288,.T.);
#1393=FACE_BOUND('',#1289,.T.);
#1394=FACE_BOUND('',#1290,.T.);
#1395=FACE_BOUND('',#1291,.T.);
#1396=FACE_BOUND('',#1292,.T.);
#1397=FACE_BOUND('',#1293,.T.);
#1398=FACE_BOUND('',#1294,.T.);
#1399=FACE_BOUND('',#1295,.T.);
#1400=FACE_BOUND('',#1296,.T.);
#1401=FACE_BOUND('',#1297,.T.);
#1402=FACE_BOUND('',#1298,.T.);
#1403=FACE_BOUND('',#1299,.T.);
#1404=FACE_BOUND('',#1300,.T.);
#1405=FACE_BOUND('',#1301,.T.);
#1406=FACE_BOUND('',#1302,.T.);
#1407=FACE_BOUND('',#1303,.T.);
#1408=FACE_BOUND('',#1304,.T.);
#1409=FACE_BOUND('',#1305,.T.);
#1410=FACE_BOUND('',#1306,.T.);
#1411=FACE_BOUND('',#1307,.T.);
#1412=FACE_BOUND('',#1308,.T.);
#1413=FACE_BOUND('',#1309,.T.);
#1414=FACE_BOUND('',#1310,.T.);
#1415=FACE_BOUND('',#1311,.T.);
#1416=FACE_BOUND('',#1312,.T.);
#1417=FACE_BOUND('',#1313,.T.);
#1418=FACE_BOUND('',#1314,.T.);
#1419=FACE_BOUND('',#1315,.T.);
#1420=FACE_BOUND('',#1316,.T.);
#1421=FACE_BOUND('',#1317,.T.);
#1422=FACE_BOUND('',#1318,.T.);
#1423=FACE_BOUND('',#1319,.T.);
#1424=FACE_BOUND('',#1320,.T.);
#1425=FACE_BOUND('',#1321,.T.);
#1426=FACE_BOUND('',#1322,.T.);
#1427=FACE_BOUND('',#1323,.T.);
#1428=FACE_BOUND('',#1324,.T.);
#1429=FACE_BOUND('',#1325,.T.);
#1430=FACE_BOUND('',#1326,.T.);
#1431=FACE_BOUND('',#1327,.T.);
#1432=FACE_BOUND('',#1328,.T.);
#1433=FACE_BOUND('',#1329,.T.);
#1434=FACE_BOUND('',#1330,.T.);
#1435=FACE_BOUND('',#1331,.T.);
#1436=FACE_BOUND('',#1332,.T.);
#1437=FACE_BOUND('',#1333,.T.);
#1438=FACE_BOUND('',#1334,.T.);
#1439=CONICAL_SURFACE('',#1588,0.00302644040356199,0.433659999327441);
#1440=CONICAL_SURFACE('',#1591,0.0048819500844653,1.04314137928992);
#1441=CONICAL_SURFACE('',#1592,0.00299806903522916,1.04314137928992);
#1442=CONICAL_SURFACE('',#1595,0.00302644040356199,0.433659999327441);
#1443=CONICAL_SURFACE('',#1598,0.0048819500844653,1.04314137928992);
#1444=CONICAL_SURFACE('',#1599,0.00299806903522916,1.04314137928992);
#1445=CONICAL_SURFACE('',#1602,0.00302644040356199,0.433659999327441);
#1446=CONICAL_SURFACE('',#1605,0.0048819500844653,1.04314137928992);
#1447=CONICAL_SURFACE('',#1606,0.00299806903522916,1.04314137928992);
#1448=CONICAL_SURFACE('',#1609,0.00302644040356199,0.433659999327441);
#1449=CONICAL_SURFACE('',#1612,0.0048819500844653,1.04314137928992);
#1450=CONICAL_SURFACE('',#1613,0.00299806903522916,1.04314137928992);
#1451=CONICAL_SURFACE('',#1616,0.00302644040356199,0.433659999327441);
#1452=CONICAL_SURFACE('',#1619,0.0048819500844653,1.04314137928992);
#1453=CONICAL_SURFACE('',#1620,0.00299806903522916,1.04314137928992);
#1454=CONICAL_SURFACE('',#1623,0.00302644040356199,0.433659999327441);
#1455=CONICAL_SURFACE('',#1626,0.0048819500844653,1.04314137928992);
#1456=CONICAL_SURFACE('',#1627,0.00299806903522916,1.04314137928992);
#1457=CONICAL_SURFACE('',#1630,0.00302644040356199,0.433659999327441);
#1458=CONICAL_SURFACE('',#1633,0.0048819500844653,1.04314137928992);
#1459=CONICAL_SURFACE('',#1634,0.00299806903522916,1.04314137928992);
#1460=CONICAL_SURFACE('',#1637,0.00302644040356199,0.433659999327441);
#1461=CONICAL_SURFACE('',#1640,0.0048819500844653,1.04314137928992);
#1462=CONICAL_SURFACE('',#1641,0.00299806903522916,1.04314137928992);
#1463=CONICAL_SURFACE('',#1644,0.00302644040356199,0.433659999327441);
#1464=CONICAL_SURFACE('',#1647,0.0048819500844653,1.04314137928992);
#1465=CONICAL_SURFACE('',#1648,0.00299806903522916,1.04314137928992);
#1466=CONICAL_SURFACE('',#1651,0.00302644040356199,0.433659999327441);
#1467=CONICAL_SURFACE('',#1654,0.0048819500844653,1.04314137928992);
#1468=CONICAL_SURFACE('',#1655,0.00299806903522916,1.04314137928992);
#1469=CONICAL_SURFACE('',#1658,0.00302644040356199,0.433659999327441);
#1470=CONICAL_SURFACE('',#1661,0.0048819500844653,1.04314137928992);
#1471=CONICAL_SURFACE('',#1662,0.00299806903522916,1.04314137928992);
#1472=CONICAL_SURFACE('',#1665,0.00302644040356199,0.433659999327441);
#1473=CONICAL_SURFACE('',#1676,0.0048819500844653,1.04314137928992);
#1474=CONICAL_SURFACE('',#1677,0.00299806903522916,1.04314137928992);
#1475=ADVANCED_FACE('',(#1335),#1439,.T.);
#1476=ADVANCED_FACE('',(#1336),#1440,.T.);
#1477=ADVANCED_FACE('',(#1337),#1441,.F.);
#1478=ADVANCED_FACE('',(#1338),#52,.T.);
#1479=ADVANCED_FACE('',(#1339),#53,.T.);
#1480=ADVANCED_FACE('',(#1340),#16,.T.);
#1481=ADVANCED_FACE('',(#1341),#17,.T.);
#1482=ADVANCED_FACE('',(#1342),#18,.T.);
#1483=ADVANCED_FACE('',(#1343),#1442,.T.);
#1484=ADVANCED_FACE('',(#1344),#1443,.T.);
#1485=ADVANCED_FACE('',(#1345),#1444,.F.);
#1486=ADVANCED_FACE('',(#1346),#54,.T.);
#1487=ADVANCED_FACE('',(#1347),#55,.T.);
#1488=ADVANCED_FACE('',(#1348),#19,.T.);
#1489=ADVANCED_FACE('',(#1349),#20,.T.);
#1490=ADVANCED_FACE('',(#1350),#21,.T.);
#1491=ADVANCED_FACE('',(#1351),#1445,.T.);
#1492=ADVANCED_FACE('',(#1352),#1446,.T.);
#1493=ADVANCED_FACE('',(#1353),#1447,.F.);
#1494=ADVANCED_FACE('',(#1354),#56,.T.);
#1495=ADVANCED_FACE('',(#1355),#57,.T.);
#1496=ADVANCED_FACE('',(#1356),#22,.T.);
#1497=ADVANCED_FACE('',(#1357),#23,.T.);
#1498=ADVANCED_FACE('',(#1358),#24,.T.);
#1499=ADVANCED_FACE('',(#1359),#1448,.T.);
#1500=ADVANCED_FACE('',(#1360),#1449,.T.);
#1501=ADVANCED_FACE('',(#1361),#1450,.F.);
#1502=ADVANCED_FACE('',(#1362),#58,.T.);
#1503=ADVANCED_FACE('',(#1363),#59,.T.);
#1504=ADVANCED_FACE('',(#1364),#25,.T.);
#1505=ADVANCED_FACE('',(#1365),#26,.T.);
#1506=ADVANCED_FACE('',(#1366),#27,.T.);
#1507=ADVANCED_FACE('',(#1367),#1451,.T.);
#1508=ADVANCED_FACE('',(#1368),#1452,.T.);
#1509=ADVANCED_FACE('',(#1369),#1453,.F.);
#1510=ADVANCED_FACE('',(#1370),#60,.T.);
#1511=ADVANCED_FACE('',(#1371),#61,.T.);
#1512=ADVANCED_FACE('',(#1372),#28,.T.);
#1513=ADVANCED_FACE('',(#1373),#29,.T.);
#1514=ADVANCED_FACE('',(#1374),#30,.T.);
#1515=ADVANCED_FACE('',(#1375),#1454,.T.);
#1516=ADVANCED_FACE('',(#1376),#1455,.T.);
#1517=ADVANCED_FACE('',(#1377),#1456,.F.);
#1518=ADVANCED_FACE('',(#1378),#62,.T.);
#1519=ADVANCED_FACE('',(#1379),#63,.T.);
#1520=ADVANCED_FACE('',(#1380),#31,.T.);
#1521=ADVANCED_FACE('',(#1381),#32,.T.);
#1522=ADVANCED_FACE('',(#1382),#33,.T.);
#1523=ADVANCED_FACE('',(#1383),#1457,.T.);
#1524=ADVANCED_FACE('',(#1384),#1458,.T.);
#1525=ADVANCED_FACE('',(#1385),#1459,.F.);
#1526=ADVANCED_FACE('',(#1386),#64,.T.);
#1527=ADVANCED_FACE('',(#1387),#65,.T.);
#1528=ADVANCED_FACE('',(#1388),#34,.T.);
#1529=ADVANCED_FACE('',(#1389),#35,.T.);
#1530=ADVANCED_FACE('',(#1390),#36,.T.);
#1531=ADVANCED_FACE('',(#1391),#1460,.T.);
#1532=ADVANCED_FACE('',(#1392),#1461,.T.);
#1533=ADVANCED_FACE('',(#1393),#1462,.F.);
#1534=ADVANCED_FACE('',(#1394),#66,.T.);
#1535=ADVANCED_FACE('',(#1395),#67,.T.);
#1536=ADVANCED_FACE('',(#1396),#37,.T.);
#1537=ADVANCED_FACE('',(#1397),#38,.T.);
#1538=ADVANCED_FACE('',(#1398),#39,.T.);
#1539=ADVANCED_FACE('',(#1399),#1463,.T.);
#1540=ADVANCED_FACE('',(#1400),#1464,.T.);
#1541=ADVANCED_FACE('',(#1401),#1465,.F.);
#1542=ADVANCED_FACE('',(#1402),#68,.T.);
#1543=ADVANCED_FACE('',(#1403),#69,.T.);
#1544=ADVANCED_FACE('',(#1404),#40,.T.);
#1545=ADVANCED_FACE('',(#1405),#41,.T.);
#1546=ADVANCED_FACE('',(#1406),#42,.T.);
#1547=ADVANCED_FACE('',(#1407),#1466,.T.);
#1548=ADVANCED_FACE('',(#1408),#1467,.T.);
#1549=ADVANCED_FACE('',(#1409),#1468,.F.);
#1550=ADVANCED_FACE('',(#1410),#70,.T.);
#1551=ADVANCED_FACE('',(#1411),#71,.T.);
#1552=ADVANCED_FACE('',(#1412),#43,.T.);
#1553=ADVANCED_FACE('',(#1413),#44,.T.);
#1554=ADVANCED_FACE('',(#1414),#45,.T.);
#1555=ADVANCED_FACE('',(#1415),#1469,.T.);
#1556=ADVANCED_FACE('',(#1416),#1470,.T.);
#1557=ADVANCED_FACE('',(#1417),#1471,.F.);
#1558=ADVANCED_FACE('',(#1418),#72,.T.);
#1559=ADVANCED_FACE('',(#1419),#73,.T.);
#1560=ADVANCED_FACE('',(#1420),#46,.T.);
#1561=ADVANCED_FACE('',(#1421),#47,.T.);
#1562=ADVANCED_FACE('',(#1422),#48,.T.);
#1563=ADVANCED_FACE('',(#1423),#1472,.T.);
#1564=ADVANCED_FACE('',(#1424,#1425),#74,.F.);
#1565=ADVANCED_FACE('',(#1426,#1427),#75,.F.);
#1566=ADVANCED_FACE('',(#1428,#1429),#12,.T.);
#1567=ADVANCED_FACE('',(#1430),#49,.T.);
#1568=ADVANCED_FACE('',(#1431),#50,.T.);
#1569=ADVANCED_FACE('',(#1432),#76,.T.);
#1570=ADVANCED_FACE('',(#1433),#77,.T.);
#1571=ADVANCED_FACE('',(#1434),#51,.T.);
#1572=ADVANCED_FACE('',(#1435),#1473,.T.);
#1573=ADVANCED_FACE('',(#1436),#1474,.F.);
#1574=ADVANCED_FACE('',(#1437,#1438),#13,.F.);
#1575=CLOSED_SHELL('',(#1475,#1476,#1477,#1478,#1479,#1480,#1481,#1482,
#1483,#1484,#1485,#1486,#1487,#1488,#1489,#1490,#1491,#1492,#1493,#1494,
#1495,#1496,#1497,#1498,#1499,#1500,#1501,#1502,#1503,#1504,#1505,#1506,
#1507,#1508,#1509,#1510,#1511,#1512,#1513,#1514,#1515,#1516,#1517,#1518,
#1519,#1520,#1521,#1522,#1523,#1524,#1525,#1526,#1527,#1528,#1529,#1530,
#1531,#1532,#1533,#1534,#1535,#1536,#1537,#1538,#1539,#1540,#1541,#1542,
#1543,#1544,#1545,#1546,#1547,#1548,#1549,#1550,#1551,#1552,#1553,#1554,
#1555,#1556,#1557,#1558,#1559,#1560,#1561,#1562,#1563,#1564,#1565,#1566,
#1567,#1568,#1569,#1570,#1571,#1572,#1573,#1574));
#1576=STYLED_ITEM('',(#1577),#1584);
#1577=PRESENTATION_STYLE_ASSIGNMENT((#1578));
#1578=SURFACE_STYLE_USAGE(.BOTH.,#1579);
#1579=SURFACE_SIDE_STYLE('',(#1580));
#1580=SURFACE_STYLE_FILL_AREA(#1581);
#1581=FILL_AREA_STYLE('',(#1582));
#1582=FILL_AREA_STYLE_COLOUR('',#1583);
#1583=COLOUR_RGB('',0.764705882352941,0.545098039215686,0.803921568627451);
#1584=MANIFOLD_SOLID_BREP('Bevel 1M 12T 31deg',#1575);
#1585=SHAPE_DEFINITION_REPRESENTATION(#7220,#1586);
#1586=SHAPE_REPRESENTATION('Bevel 1M 12T 31deg',(#1587),#7215);
#1587=AXIS2_PLACEMENT_3D('',#1899,#1679,#1680);
#1588=AXIS2_PLACEMENT_3D('',#1900,#1681,#1682);
#1589=AXIS2_PLACEMENT_3D('',#1901,#1683,#1684);
#1590=AXIS2_PLACEMENT_3D('',#1909,#1685,#1686);
#1591=AXIS2_PLACEMENT_3D('',#1912,#1688,#1689);
#1592=AXIS2_PLACEMENT_3D('',#1938,#1692,#1693);
#1593=AXIS2_PLACEMENT_3D('',#1968,#1694,#1695);
#1594=AXIS2_PLACEMENT_3D('',#1980,#1696,#1697);
#1595=AXIS2_PLACEMENT_3D('',#2345,#1699,#1700);
#1596=AXIS2_PLACEMENT_3D('',#2346,#1701,#1702);
#1597=AXIS2_PLACEMENT_3D('',#2354,#1703,#1704);
#1598=AXIS2_PLACEMENT_3D('',#2357,#1706,#1707);
#1599=AXIS2_PLACEMENT_3D('',#2382,#1710,#1711);
#1600=AXIS2_PLACEMENT_3D('',#2411,#1712,#1713);
#1601=AXIS2_PLACEMENT_3D('',#2423,#1714,#1715);
#1602=AXIS2_PLACEMENT_3D('',#2787,#1716,#1717);
#1603=AXIS2_PLACEMENT_3D('',#2788,#1718,#1719);
#1604=AXIS2_PLACEMENT_3D('',#2796,#1720,#1721);
#1605=AXIS2_PLACEMENT_3D('',#2799,#1723,#1724);
#1606=AXIS2_PLACEMENT_3D('',#2824,#1727,#1728);
#1607=AXIS2_PLACEMENT_3D('',#2853,#1729,#1730);
#1608=AXIS2_PLACEMENT_3D('',#2865,#1731,#1732);
#1609=AXIS2_PLACEMENT_3D('',#3229,#1733,#1734);
#1610=AXIS2_PLACEMENT_3D('',#3230,#1735,#1736);
#1611=AXIS2_PLACEMENT_3D('',#3238,#1737,#1738);
#1612=AXIS2_PLACEMENT_3D('',#3241,#1740,#1741);
#1613=AXIS2_PLACEMENT_3D('',#3266,#1744,#1745);
#1614=AXIS2_PLACEMENT_3D('',#3295,#1746,#1747);
#1615=AXIS2_PLACEMENT_3D('',#3307,#1748,#1749);
#1616=AXIS2_PLACEMENT_3D('',#3671,#1750,#1751);
#1617=AXIS2_PLACEMENT_3D('',#3672,#1752,#1753);
#1618=AXIS2_PLACEMENT_3D('',#3680,#1754,#1755);
#1619=AXIS2_PLACEMENT_3D('',#3683,#1757,#1758);
#1620=AXIS2_PLACEMENT_3D('',#3708,#1761,#1762);
#1621=AXIS2_PLACEMENT_3D('',#3737,#1763,#1764);
#1622=AXIS2_PLACEMENT_3D('',#3749,#1765,#1766);
#1623=AXIS2_PLACEMENT_3D('',#4113,#1767,#1768);
#1624=AXIS2_PLACEMENT_3D('',#4114,#1769,#1770);
#1625=AXIS2_PLACEMENT_3D('',#4122,#1771,#1772);
#1626=AXIS2_PLACEMENT_3D('',#4125,#1774,#1775);
#1627=AXIS2_PLACEMENT_3D('',#4150,#1778,#1779);
#1628=AXIS2_PLACEMENT_3D('',#4179,#1780,#1781);
#1629=AXIS2_PLACEMENT_3D('',#4191,#1782,#1783);
#1630=AXIS2_PLACEMENT_3D('',#4555,#1784,#1785);
#1631=AXIS2_PLACEMENT_3D('',#4556,#1786,#1787);
#1632=AXIS2_PLACEMENT_3D('',#4564,#1788,#1789);
#1633=AXIS2_PLACEMENT_3D('',#4567,#1791,#1792);
#1634=AXIS2_PLACEMENT_3D('',#4592,#1795,#1796);
#1635=AXIS2_PLACEMENT_3D('',#4621,#1797,#1798);
#1636=AXIS2_PLACEMENT_3D('',#4633,#1799,#1800);
#1637=AXIS2_PLACEMENT_3D('',#4997,#1801,#1802);
#1638=AXIS2_PLACEMENT_3D('',#4998,#1803,#1804);
#1639=AXIS2_PLACEMENT_3D('',#5006,#1805,#1806);
#1640=AXIS2_PLACEMENT_3D('',#5009,#1808,#1809);
#1641=AXIS2_PLACEMENT_3D('',#5034,#1812,#1813);
#1642=AXIS2_PLACEMENT_3D('',#5063,#1814,#1815);
#1643=AXIS2_PLACEMENT_3D('',#5075,#1816,#1817);
#1644=AXIS2_PLACEMENT_3D('',#5439,#1818,#1819);
#1645=AXIS2_PLACEMENT_3D('',#5440,#1820,#1821);
#1646=AXIS2_PLACEMENT_3D('',#5448,#1822,#1823);
#1647=AXIS2_PLACEMENT_3D('',#5451,#1825,#1826);
#1648=AXIS2_PLACEMENT_3D('',#5476,#1829,#1830);
#1649=AXIS2_PLACEMENT_3D('',#5505,#1831,#1832);
#1650=AXIS2_PLACEMENT_3D('',#5517,#1833,#1834);
#1651=AXIS2_PLACEMENT_3D('',#5881,#1835,#1836);
#1652=AXIS2_PLACEMENT_3D('',#5882,#1837,#1838);
#1653=AXIS2_PLACEMENT_3D('',#5890,#1839,#1840);
#1654=AXIS2_PLACEMENT_3D('',#5893,#1842,#1843);
#1655=AXIS2_PLACEMENT_3D('',#5918,#1846,#1847);
#1656=AXIS2_PLACEMENT_3D('',#5947,#1848,#1849);
#1657=AXIS2_PLACEMENT_3D('',#5959,#1850,#1851);
#1658=AXIS2_PLACEMENT_3D('',#6323,#1852,#1853);
#1659=AXIS2_PLACEMENT_3D('',#6324,#1854,#1855);
#1660=AXIS2_PLACEMENT_3D('',#6332,#1856,#1857);
#1661=AXIS2_PLACEMENT_3D('',#6335,#1859,#1860);
#1662=AXIS2_PLACEMENT_3D('',#6360,#1863,#1864);
#1663=AXIS2_PLACEMENT_3D('',#6389,#1865,#1866);
#1664=AXIS2_PLACEMENT_3D('',#6401,#1867,#1868);
#1665=AXIS2_PLACEMENT_3D('',#6765,#1869,#1870);
#1666=AXIS2_PLACEMENT_3D('',#6766,#1871,#1872);
#1667=AXIS2_PLACEMENT_3D('',#6773,#1873,#1874);
#1668=AXIS2_PLACEMENT_3D('',#6774,#1875,#1876);
#1669=AXIS2_PLACEMENT_3D('',#6775,#1877,#1878);
#1670=AXIS2_PLACEMENT_3D('',#6781,#1879,#1880);
#1671=AXIS2_PLACEMENT_3D('',#6782,#1881,#1882);
#1672=AXIS2_PLACEMENT_3D('',#6784,#1883,#1884);
#1673=AXIS2_PLACEMENT_3D('',#6786,#1885,#1886);
#1674=AXIS2_PLACEMENT_3D('',#7125,#1887,#1888);
#1675=AXIS2_PLACEMENT_3D('',#7131,#1890,#1891);
#1676=AXIS2_PLACEMENT_3D('',#7211,#1893,#1894);
#1677=AXIS2_PLACEMENT_3D('',#7212,#1895,#1896);
#1678=AXIS2_PLACEMENT_3D('',#7213,#1897,#1898);
#1679=DIRECTION('',(0.,0.,1.));
#1680=DIRECTION('',(1.,0.,0.));
#1681=DIRECTION('',(-0.999999964222637,-5.46872785526373E-21,-0.000267497150162299));
#1682=DIRECTION('',(-0.000267497150162299,0.,0.999999964222637));
#1683=DIRECTION('',(-0.999999964222637,-5.46872785526373E-21,-0.000267497150162299));
#1684=DIRECTION('',(-0.000267497150162299,0.,0.999999964222637));
#1685=DIRECTION('',(-0.999999964222637,-5.46872785526373E-21,-0.000267497150162299));
#1686=DIRECTION('',(-0.000267497150162299,0.,0.999999964222637));
#1687=DIRECTION('',(0.907343985500171,0.252219496522985,0.33632159840004));
#1688=DIRECTION('',(0.999999964222637,0.,0.000267497150162299));
#1689=DIRECTION('',(0.000231659327480492,-0.5,-0.866025372800333));
#1690=DIRECTION('',(0.50372118372124,-0.339020894524927,-0.794562648345611));
#1691=DIRECTION('',(-0.503738048957457,0.103717445904085,0.857607526463981));
#1692=DIRECTION('',(0.999999964222637,0.,0.000267497150162299));
#1693=DIRECTION('',(0.000231659327480492,-0.5,-0.866025372800333));
#1694=DIRECTION('',(-4.75342775557622E-5,-0.91978591128514,0.392420533537502));
#1695=DIRECTION('',(0.,-0.392420533980841,-0.919785912324271));
#1696=DIRECTION('',(7.85274887603028E-5,0.992771733663352,-0.12001782647797));
#1697=DIRECTION('',(0.,0.120017826848019,0.992771736724348));
#1698=DIRECTION('',(0.907322295837012,0.0503890541000586,0.417405312261302));
#1699=DIRECTION('',(-0.999999964222637,-5.46872785526373E-21,-0.000267497150162299));
#1700=DIRECTION('',(-0.000267497150162299,0.,0.999999964222637));
#1701=DIRECTION('',(-0.999999964222637,-5.46872785526373E-21,-0.000267497150162299));
#1702=DIRECTION('',(-0.000267497150162299,0.,0.999999964222637));
#1703=DIRECTION('',(-0.999999964222637,-5.46872785526373E-21,-0.000267497150162299));
#1704=DIRECTION('',(-0.000267497150162299,0.,0.999999964222637));
#1705=DIRECTION('',(0.907389763833547,0.386467928537107,0.165185824762104));
#1706=DIRECTION('',(0.999999964222637,2.71050543121376E-20,0.000267497150162299));
#1707=DIRECTION('',(0.00013374857508115,-0.866025403784439,-0.499999982111318));
#1708=DIRECTION('',(0.503647359936482,-0.690949389022048,-0.518582952514899));
#1709=DIRECTION('',(-0.503693437282464,0.518693065105425,0.69083313864501));
#1710=DIRECTION('',(0.999999964222637,2.71050543121376E-20,0.000267497150162299));
#1711=DIRECTION('',(0.00013374857508115,-0.866025403784439,-0.499999982111318));
#1712=DIRECTION('',(-0.000156490835205172,-0.600347699109399,0.799739092257387));
#1713=DIRECTION('',(0.,-0.799739102049945,-0.600347706460471));
#1714=DIRECTION('',(0.000207008115324126,0.799756619916538,-0.600324334045618));
#1715=DIRECTION('',(0.,0.600324346908276,0.799756637052268));
#1716=DIRECTION('',(-0.999999964222637,-5.46872785526373E-21,-0.000267497150162299));
#1717=DIRECTION('',(-0.000267497150162299,0.,0.999999964222637));
#1718=DIRECTION('',(-0.999999964222637,-5.46872785526373E-21,-0.000267497150162299));
#1719=DIRECTION('',(-0.000267497150162299,0.,0.999999964222637));
#1720=DIRECTION('',(-0.999999964222637,-5.46872785526373E-21,-0.000267497150162299));
#1721=DIRECTION('',(-0.000267497150162299,0.,0.999999964222637));
#1722=DIRECTION('',(0.907447364569683,0.417162591199219,-0.0501463163102712));
#1723=DIRECTION('',(0.999999964222637,0.,0.000267497150162299));
#1724=DIRECTION('',(0.,-1.,1.83697014652886E-16));
#1725=DIRECTION('',(0.503536356728782,-0.857738552719816,-0.103613284044181));
#1726=DIRECTION('',(-0.50359930004077,0.794685296392074,0.338914479915934));
#1727=DIRECTION('',(0.999999964222637,0.,0.000267497150162299));
#1728=DIRECTION('',(0.,-1.,1.83697014652886E-16));
#1729=DIRECTION('',(-0.000208125576051767,-0.120046805779691,0.992768211168064));
#1730=DIRECTION('',(0.,-0.992768232669565,-0.12004680837968));
#1731=DIRECTION('',(0.000292460105470289,0.392447365721635,-0.919774417781467));
#1732=DIRECTION('',(0.,0.919774457116962,0.392447382505219));
#1733=DIRECTION('',(-0.999999964222637,-5.46872785526373E-21,-0.000267497150162299));
#1734=DIRECTION('',(-0.000267497150162299,0.,0.999999964222637));
#1735=DIRECTION('',(-0.999999964222637,-5.46872785526373E-21,-0.000267497150162299));
#1736=DIRECTION('',(-0.000267497150162299,0.,0.999999964222637));
#1737=DIRECTION('',(-0.999999964222637,-5.46872785526373E-21,-0.000267497150162299));
#1738=DIRECTION('',(-0.000267497150162299,0.,0.999999964222637));
#1739=DIRECTION('',(0.907501353637848,0.336078874437006,-0.251976751512174));
#1740=DIRECTION('',(0.999999964222637,0.,0.000267497150162299));
#1741=DIRECTION('',(-0.00013374857508115,-0.866025403784438,0.499999982111319));
#1742=DIRECTION('',(0.503417917318024,-0.79469736389927,0.339155569517491));
#1743=DIRECTION('',(-0.503480861230384,0.857742244273564,-0.103852129315003));
#1744=DIRECTION('',(0.999999964222637,0.,0.000267497150162299));
#1745=DIRECTION('',(-0.00013374857508115,-0.866025403784438,0.499999982111319));
#1746=DIRECTION('',(-0.000188603013699306,0.392420532213228,0.919785893741794));
#1747=DIRECTION('',(0.,-0.91978591010069,0.392420539192643));
#1748=DIRECTION('',(0.000311986667132857,-0.120017843189793,-0.992771685726577));
#1749=DIRECTION('',(0.,0.992771734042635,-0.120017849030803));
#1750=DIRECTION('',(-0.999999964222637,-5.46872785526373E-21,-0.000267497150162299));
#1751=DIRECTION('',(-0.000267497150162299,0.,0.999999964222637));
#1752=DIRECTION('',(-0.999999964222637,-5.46872785526373E-21,-0.000267497150162299));
#1753=DIRECTION('',(-0.000267497150162299,0.,0.999999964222637));
#1754=DIRECTION('',(-0.999999964222637,-5.46872785526373E-21,-0.000267497150162299));
#1755=DIRECTION('',(-0.000267497150162299,0.,0.999999964222637));
#1756=DIRECTION('',(0.907537264710825,0.164943094676288,-0.386225178723245));
#1757=DIRECTION('',(0.999999964222637,0.,0.000267497150162299));
#1758=DIRECTION('',(-0.000231659327480492,-0.5,0.866025372800333));
#1759=DIRECTION('',(0.503323777448685,-0.518717658194908,0.691084051423253));
#1760=DIRECTION('',(-0.503369856434848,0.690967850487899,-0.518827733669754));
#1761=DIRECTION('',(0.999999964222637,0.,0.000267497150162299));
#1762=DIRECTION('',(-0.000231659327480492,-0.5,0.866025372800333));
#1763=DIRECTION('',(-0.00010315420212684,0.799739105505668,0.600347692994822));
#1764=DIRECTION('',(0.,-0.600347696188909,0.799739109760595));
#1765=DIRECTION('',(0.000260355674363048,-0.600324367941636,-0.799756578885349));
#1766=DIRECTION('',(0.,0.799756605991131,-0.600324388288154));
#1767=DIRECTION('',(-0.999999964222637,-5.46872785526373E-21,-0.000267497150162299));
#1768=DIRECTION('',(-0.000267497150162299,0.,0.999999964222637));
#1769=DIRECTION('',(-0.999999964222637,-5.46872785526373E-21,-0.000267497150162299));
#1770=DIRECTION('',(-0.000267497150162299,0.,0.999999964222637));
#1771=DIRECTION('',(-0.999999964222637,-5.46872785526373E-21,-0.000267497150162299));
#1772=DIRECTION('',(-0.000267497150162299,0.,0.999999964222637));
#1773=DIRECTION('',(0.907545475445613,-0.0503890541000579,-0.416919840287193));
#1774=DIRECTION('',(0.999999964222637,5.46872785526373E-21,0.000267497150162299));
#1775=DIRECTION('',(-0.000267497150162299,1.22464679914735E-16,0.999999964222637));
#1776=DIRECTION('',(0.503279161822741,-0.103747974877301,0.857873209153811));
#1777=DIRECTION('',(-0.503296029299568,0.339049179168131,-0.794819955082096));
#1778=DIRECTION('',(0.999999964222637,5.46872785526373E-21,0.000267497150162299));
#1779=DIRECTION('',(-0.000267497150162299,1.22464679914735E-16,0.999999964222637));
#1780=DIRECTION('',(2.53249179794237E-5,0.992768231322464,0.120046816848743));
#1781=DIRECTION('',(0.,-0.120046816887239,0.99276823164082));
#1782=DIRECTION('',(0.000151401609681871,-0.919774463106572,-0.392447339262952));
#1783=DIRECTION('',(0.,0.392447343760879,-0.919774473648313));
#1784=DIRECTION('',(-0.999999964222637,-5.46872785526373E-21,-0.000267497150162299));
#1785=DIRECTION('',(-0.000267497150162299,0.,0.999999964222637));
#1786=DIRECTION('',(-0.999999964222637,-5.46872785526373E-21,-0.000267497150162299));
#1787=DIRECTION('',(-0.000267497150162299,0.,0.999999964222637));
#1788=DIRECTION('',(-0.999999964222637,-5.46872785526373E-21,-0.000267497150162299));
#1789=DIRECTION('',(-0.000267497150162299,0.,0.999999964222637));
#1790=DIRECTION('',(0.907523785782455,-0.252219496522914,-0.335836126425984));
#1791=DIRECTION('',(0.999999964222637,-2.71050543121376E-20,0.000267497150162299));
#1792=DIRECTION('',(-0.000231659327480492,0.5,0.866025372800333));
#1793=DIRECTION('',(0.503296025161066,0.339020894524928,0.794832022588792));
#1794=DIRECTION('',(-0.503279161745662,-0.103717445904104,-0.857876900707621));
#1795=DIRECTION('',(0.999999964222637,-2.71050543121376E-20,0.000267497150162299));
#1796=DIRECTION('',(-0.000231659327480492,0.5,0.866025372800333));
#1797=DIRECTION('',(0.000162408470436782,0.919785911285156,-0.392420502808943));
#1798=DIRECTION('',(0.,0.392420507984285,0.919785923415528));
#1799=DIRECTION('',(1.43186267264201E-5,-0.992771733663349,0.120017851314062));
#1800=DIRECTION('',(0.,-0.120017851326366,-0.99277173376512));
#1801=DIRECTION('',(-0.999999964222637,-5.46872785526373E-21,-0.000267497150162299));
#1802=DIRECTION('',(-0.000267497150162299,0.,0.999999964222637));
#1803=DIRECTION('',(-0.999999964222637,-5.46872785526373E-21,-0.000267497150162299));
#1804=DIRECTION('',(-0.000267497150162299,0.,0.999999964222637));
#1805=DIRECTION('',(-0.999999964222637,-5.46872785526373E-21,-0.000267497150162299));
#1806=DIRECTION('',(-0.000267497150162299,0.,0.999999964222637));
#1807=DIRECTION('',(0.907478007449077,-0.386467928537075,-0.164700352788073));
#1808=DIRECTION('',(0.999999964222637,0.,0.000267497150162299));
#1809=DIRECTION('',(-0.00013374857508115,0.866025403784439,0.499999982111318));
#1810=DIRECTION('',(0.503369848945879,0.690949389021907,0.518852326758256));
#1811=DIRECTION('',(-0.503323773420726,-0.518693065105268,-0.691102512888808));
#1812=DIRECTION('',(0.999999964222637,0.,0.000267497150162299));
#1813=DIRECTION('',(-0.00013374857508115,0.866025403784439,0.499999982111318));
#1814=DIRECTION('',(0.000271365028099446,0.60034769910954,-0.799739061528761));
#1815=DIRECTION('',(0.,0.799739090974746,0.600347721214036));
#1816=DIRECTION('',(-0.000114161999879676,-0.799756619916676,0.600324358881506));
#1817=DIRECTION('',(0.,-0.600324362793509,-0.799756625128275));
#1818=DIRECTION('',(-0.999999964222637,-5.46872785526373E-21,-0.000267497150162299));
#1819=DIRECTION('',(-0.000267497150162299,0.,0.999999964222637));
#1820=DIRECTION('',(-0.999999964222637,-5.46872785526373E-21,-0.000267497150162299));
#1821=DIRECTION('',(-0.000267497150162299,0.,0.999999964222637));
#1822=DIRECTION('',(-0.999999964222637,-5.46872785526373E-21,-0.000267497150162299));
#1823=DIRECTION('',(-0.000267497150162299,0.,0.999999964222637));
#1824=DIRECTION('',(0.907420406712941,-0.417162591199239,0.0506317882842104));
#1825=DIRECTION('',(0.999999964222637,0.,0.000267497150162299));
#1826=DIRECTION('',(5.42101086242752E-20,1.,-6.12323161594788E-17));
#1827=DIRECTION('',(0.503480852153567,0.857738552719806,0.103882658287374));
#1828=DIRECTION('',(-0.503417910662388,-0.794685296391995,-0.33918385415978));
#1829=DIRECTION('',(0.999999964222637,0.,0.000267497150162299));
#1830=DIRECTION('',(5.42101086242752E-20,1.,-6.12323161594788E-17));
#1831=DIRECTION('',(0.000322999769215164,0.120046805779714,-0.992768180439541));
#1832=DIRECTION('',(0.,0.992768232226727,0.120046812041887));
#1833=DIRECTION('',(-0.000199613989887055,-0.392447365721834,0.919774442617454));
#1834=DIRECTION('',(0.,-0.919774460942004,-0.392447373540513));
#1835=DIRECTION('',(-0.999999964222637,-5.46872785526373E-21,-0.000267497150162299));
#1836=DIRECTION('',(-0.000267497150162299,0.,0.999999964222637));
#1837=DIRECTION('',(-0.999999964222637,-5.46872785526373E-21,-0.000267497150162299));
#1838=DIRECTION('',(-0.000267497150162299,0.,0.999999964222637));
#1839=DIRECTION('',(-0.999999964222637,-5.46872785526373E-21,-0.000267497150162299));
#1840=DIRECTION('',(-0.000267497150162299,0.,0.999999964222637));
#1841=DIRECTION('',(0.907366417644777,-0.336078874437068,0.252462223486204));
#1842=DIRECTION('',(0.999999964222637,-2.71050543121376E-20,0.000267497150162299));
#1843=DIRECTION('',(0.00013374857508115,0.866025403784439,-0.499999982111318));
#1844=DIRECTION('',(0.503599291564314,0.79469736389932,-0.338886195274155));
#1845=DIRECTION('',(-0.503536349472783,-0.857742244273547,0.103582755071497));
#1846=DIRECTION('',(0.999999964222637,-2.71050543121376E-20,0.000267497150162299));
#1847=DIRECTION('',(0.00013374857508115,0.866025403784439,-0.499999982111318));
#1848=DIRECTION('',(0.000303477206374016,-0.392420532213055,-0.919785863013347));
#1849=DIRECTION('',(0.,0.91978590536876,-0.392420550283711));
#1850=DIRECTION('',(-0.000219140551684738,0.120017843189854,0.992771710562642));
#1851=DIRECTION('',(0.,-0.992771734400373,0.120017846071638));
#1852=DIRECTION('',(-0.999999964222637,-5.46872785526373E-21,-0.000267497150162299));
#1853=DIRECTION('',(-0.000267497150162299,0.,0.999999964222637));
#1854=DIRECTION('',(-0.999999964222637,-5.46872785526373E-21,-0.000267497150162299));
#1855=DIRECTION('',(-0.000267497150162299,0.,0.999999964222637));
#1856=DIRECTION('',(-0.999999964222637,-5.46872785526373E-21,-0.000267497150162299));
#1857=DIRECTION('',(-0.000267497150162299,0.,0.999999964222637));
#1858=DIRECTION('',(0.907330506571799,-0.164943094676334,0.386710650697336));
#1859=DIRECTION('',(0.999999964222637,-2.71050543121376E-20,0.000267497150162299));
#1860=DIRECTION('',(0.000231659327480492,0.5,-0.866025372800333));
#1861=DIRECTION('',(0.503693431433655,0.518717658194905,-0.690814677180055));
#1862=DIRECTION('',(-0.503647354268295,-0.690967850487937,0.51855835942604));
#1863=DIRECTION('',(0.999999964222637,-2.71050543121376E-20,0.000267497150162299));
#1864=DIRECTION('',(0.000231659327480492,0.5,-0.866025372800333));
#1865=DIRECTION('',(0.000218028395019188,-0.79973910550563,-0.600347662266352));
#1866=DIRECTION('',(0.,0.600347676535531,-0.799739124513982));
#1867=DIRECTION('',(-0.000167509558878981,0.600324367941547,0.799756603721489));
#1868=DIRECTION('',(0.,-0.799756614941855,0.600324376363933));
#1869=DIRECTION('',(-0.999999964222637,-5.46872785526373E-21,-0.000267497150162299));
#1870=DIRECTION('',(-0.000267497150162299,0.,0.999999964222637));
#1871=DIRECTION('',(-0.999999964222637,-5.46872785526373E-21,-0.000267497150162299));
#1872=DIRECTION('',(-0.000267497150162299,0.,0.999999964222637));
#1873=DIRECTION('',(-0.999999964222637,-5.46872785526373E-21,-0.000267497150162299));
#1874=DIRECTION('',(-0.000267497150162299,0.,0.999999964222637));
#1875=DIRECTION('',(-0.999999964222637,-5.46872785526373E-21,-0.000267497150162299));
#1876=DIRECTION('',(-0.000267497150162299,0.,0.999999964222637));
#1877=DIRECTION('',(-0.999999964222637,-5.46872785526373E-21,-0.000267497150162299));
#1878=DIRECTION('',(0.000267497150162299,-3.06660896877572E-17,-0.999999964222637));
#1879=DIRECTION('',(0.999999964222637,5.46872785526373E-21,0.000267497150162299));
#1880=DIRECTION('',(0.000267497150162299,0.,-0.999999964222637));
#1881=DIRECTION('',(0.999999964222637,5.46872785526373E-21,0.000267497150162299));
#1882=DIRECTION('',(0.000267497150162299,-3.06660896877572E-17,-0.999999964222637));
#1883=DIRECTION('',(-0.999999964222637,-5.46872785526373E-21,-0.000267497150162299));
#1884=DIRECTION('',(-0.000267497150162299,0.,0.999999964222637));
#1885=DIRECTION('',(-0.999999964222637,-5.46872785526373E-21,-0.000267497150162299));
#1886=DIRECTION('',(-0.000267497150162299,0.,0.999999964222637));
#1887=DIRECTION('',(-5.85554941270799E-5,0.91977446310655,0.392447364099075));
#1888=DIRECTION('',(0.,-0.392447364771876,0.919774464683386));
#1889=DIRECTION('',(-0.503721181403634,-0.339049179168168,0.794550580838451));
#1890=DIRECTION('',(8.95492748390615E-5,-0.992768231322464,-0.120046786120225));
#1891=DIRECTION('',(0.,0.120046786601557,-0.992768235303004));
#1892=DIRECTION('',(0.503738047059629,0.103747974877299,-0.857603834910625));
#1893=DIRECTION('',(0.999999964222637,5.46872785526373E-21,0.000267497150162299));
#1894=DIRECTION('',(0.000267497150162299,0.,-0.999999964222637));
#1895=DIRECTION('',(0.999999964222637,5.46872785526373E-21,0.000267497150162299));
#1896=DIRECTION('',(0.000267497150162299,0.,-0.999999964222637));
#1897=DIRECTION('',(0.999999996024737,0.,8.91657176657198E-5));
#1898=DIRECTION('',(8.91657176657198E-5,0.,-0.999999996024737));
#1899=CARTESIAN_POINT('',(0.,0.,0.));
#1900=CARTESIAN_POINT('',(-0.006535764994339,-3.57423213587171E-23,0.0614692683883408));
#1901=CARTESIAN_POINT('',(-0.0106426096568252,-5.82015379652282E-23,0.0614681698190581));
#1902=CARTESIAN_POINT('',(-0.0106391718214259,-0.00193407825428598,0.0569365218630009));
#1903=CARTESIAN_POINT('',(-0.0106393300341268,-0.00295748358455995,0.0575273854906851));
#1904=CARTESIAN_POINT('',(-0.0106391719309423,-0.0019340916682595,0.0569365278413122));
#1905=CARTESIAN_POINT('',(-0.00927079592675736,-0.00168533851632721,0.0575197406697459));
#1906=CARTESIAN_POINT('',(-0.00790241992257342,-0.00143658536439407,0.0581029534981816));
#1907=CARTESIAN_POINT('',(-0.00653404391839561,-0.00118783221245574,0.0586861663266295));
#1908=CARTESIAN_POINT('',(-0.00653399365427498,-0.00118789058145799,0.0586860732889928));
#1909=CARTESIAN_POINT('',(-0.006535764994339,-3.57423213587171E-23,0.0614692683883408));
#1910=CARTESIAN_POINT('',(-0.00653375185305966,-0.00181622910240032,0.0590491798600415));
#1911=CARTESIAN_POINT('',(-0.0106393300029565,-0.00295745467645854,0.0575273637273809));
#1912=CARTESIAN_POINT('',(-0.0106638809272595,5.82015379652764E-23,0.0614681641290537));
#1913=CARTESIAN_POINT('',(-0.010636946443333,-0.00193368732623567,0.0569374758393195));
#1914=CARTESIAN_POINT('',(-0.0102180616867245,-0.00221572742923446,0.0562767828347079));
#1915=CARTESIAN_POINT('',(-0.0106413009043027,-0.000590986971780553,0.0565755850758766));
#1916=CARTESIAN_POINT('',(-0.0106413158266296,-0.00105281241492666,0.0566313700678457));
#1917=CARTESIAN_POINT('',(-0.010641348354844,-0.00150663762692719,0.0567529721605719));
#1918=CARTESIAN_POINT('',(-0.0106413972002238,-0.00193448269127747,0.0569355736501989));
#1919=CARTESIAN_POINT('',(-0.0106390757040679,-0.000590863383168463,0.0565766088202332));
#1920=CARTESIAN_POINT('',(-0.0102179512403865,-0.000676953387041544,0.0558644576377717));
#1921=CARTESIAN_POINT('',(-0.0102179512340541,-0.00067687333085736,0.0558644479596464));
#1922=CARTESIAN_POINT('',(-0.00950261152328719,-0.00150440546605994,0.0547636381941816));
#1923=CARTESIAN_POINT('',(-0.00961249298672251,-0.00132027069079538,0.0549154597998499));
#1924=CARTESIAN_POINT('',(-0.0098395271195484,-0.000978986149227081,0.0552477177899785));
#1925=CARTESIAN_POINT('',(-0.0100846027068148,-0.000728961632953453,0.0556403977271761));
#1926=CARTESIAN_POINT('',(-0.0102179512340541,-0.00067687333085736,0.0558644479596465));
#1927=CARTESIAN_POINT('',(-0.0095026085960981,-0.00150440656524048,0.054763633296135));
#1928=CARTESIAN_POINT('',(-0.00950264767077019,-0.00204956625709304,0.0549097083876443));
#1929=CARTESIAN_POINT('',(-0.00950263265638474,-0.00186994878310752,0.0548535792479237));
#1930=CARTESIAN_POINT('',(-0.00950261961683968,-0.00168802443188438,0.054804832767489));
#1931=CARTESIAN_POINT('',(-0.00950260859609811,-0.00150440656524049,0.054763633296135));
#1932=CARTESIAN_POINT('',(-0.00950264767077019,-0.00204956625709304,0.0549097083876443));
#1933=CARTESIAN_POINT('',(-0.0102180616867245,-0.00221572742923447,0.0562767828347079));
#1934=CARTESIAN_POINT('',(-0.010085151008142,-0.00228243991849475,0.0560574305202631));
#1935=CARTESIAN_POINT('',(-0.00983894282987152,-0.00226249647719607,0.0555903867766879));
#1936=CARTESIAN_POINT('',(-0.00961247965821635,-0.00213304911267179,0.0551331120249519));
#1937=CARTESIAN_POINT('',(-0.00950265063559254,-0.00204956474032941,0.0549097132406091));
#1938=CARTESIAN_POINT('',(-0.00654882795813946,5.82015379652764E-23,0.0614692648940351));
#1939=CARTESIAN_POINT('',(-0.00627504345571173,-0.00136071081595261,0.0582811696762944));
#1940=CARTESIAN_POINT('',(-0.00611718420431505,-0.0014404377549191,0.0580208526937298));
#1941=CARTESIAN_POINT('',(-0.00597993112044005,-0.0013647210358737,0.0577346790077246));
#1942=CARTESIAN_POINT('',(-0.00584883254659883,-0.00126867985876193,0.0574683936072435));
#1943=CARTESIAN_POINT('',(-0.00627504345571173,-0.00136071081595261,0.0582811696762944));
#1944=CARTESIAN_POINT('',(-0.00584883248966741,-0.00126867968704733,0.0574683934504016));
#1945=CARTESIAN_POINT('',(-0.00584883248966741,-0.00126867968704733,0.0574683934504016));
#1946=CARTESIAN_POINT('',(-0.00584936918786438,-0.00114768405587735,0.057431011414468));
#1947=CARTESIAN_POINT('',(-0.00584936009979556,-0.0010253086419531,0.0573982198949381));
#1948=CARTESIAN_POINT('',(-0.00584880612624411,-0.000901820542956965,0.057370093716989));
#1949=CARTESIAN_POINT('',(-0.0058488061831504,-0.000901820315838825,0.0573700937669691));
#1950=CARTESIAN_POINT('',(-0.0058488061831504,-0.000901820315838825,0.0573700937669691));
#1951=CARTESIAN_POINT('',(-0.00597975032018128,-0.000685707260136291,0.0575524951988962));
#1952=CARTESIAN_POINT('',(-0.00611770711511651,-0.000476571298801268,0.0577636428567008));
#1953=CARTESIAN_POINT('',(-0.00627497522785065,-0.000415671814216808,0.0580279467257516));
#1954=CARTESIAN_POINT('',(-0.00627497522785066,-0.000415671814216804,0.0580279467257517));
#1955=CARTESIAN_POINT('',(-0.00627497523176523,-0.000415716820638605,0.0580279521664446));
#1956=CARTESIAN_POINT('',(-0.00636074985018836,-0.000398056204402813,0.0581739823475178));
#1957=CARTESIAN_POINT('',(-0.00644652446855626,-0.000380395588163041,0.0583200125286239));
#1958=CARTESIAN_POINT('',(-0.00653229908683954,-0.000362734971917472,0.0584660427097781));
#1959=CARTESIAN_POINT('',(-0.00653359566572494,-0.00036285605165906,0.0584652957736625));
#1960=CARTESIAN_POINT('',(-0.00653502030795223,-0.00118819401293265,0.0586853644863253));
#1961=CARTESIAN_POINT('',(-0.00653499031208943,-0.000926352441817111,0.0585732292291363));
#1962=CARTESIAN_POINT('',(-0.00653497057492115,-0.000649669675941657,0.0584994446390649));
#1963=CARTESIAN_POINT('',(-0.00653496126933908,-0.000362933499352851,0.0584646570469784));
#1964=CARTESIAN_POINT('',(-0.00653231887439353,-0.00118749163341224,0.0586869648113617));
#1965=CARTESIAN_POINT('',(-0.00644656040074847,-0.00124520990214037,0.0585516906108649));
#1966=CARTESIAN_POINT('',(-0.00636080192697456,-0.00130292817083939,0.0584164164104363));
#1967=CARTESIAN_POINT('',(-0.00627504345311616,-0.00136064643951871,0.0582811422100539));
#1968=CARTESIAN_POINT('',(-0.00843627218832505,-0.00167880997195968,0.0575351438688573));
#1969=CARTESIAN_POINT('',(-0.0103520427340641,-0.00224477974573989,0.0562086751121063));
#1970=CARTESIAN_POINT('',(-0.010179717939726,-0.00220741303454996,0.0562962744386507));
#1971=CARTESIAN_POINT('',(-0.009835087467615,-0.00213268375738424,0.0564714633740534));
#1972=CARTESIAN_POINT('',(-0.00931800147875612,-0.00202055269138719,0.0567343176342332));
#1973=CARTESIAN_POINT('',(-0.00880111466951073,-0.0019084784656007,0.0569970719889783));
#1974=CARTESIAN_POINT('',(-0.00828388099639549,-0.00179631110050929,0.0572600006423316));
#1975=CARTESIAN_POINT('',(-0.00776694567407935,-0.00168422363513941,0.0575227783704692));
#1976=CARTESIAN_POINT('',(-0.00724995632369455,-0.00157211388679625,0.0577855842396522));
#1977=CARTESIAN_POINT('',(-0.00673292288561835,-0.00145999961863405,0.0580484120512878));
#1978=CARTESIAN_POINT('',(-0.00638826615975318,-0.00138526257813919,0.0582236142458182));
#1979=CARTESIAN_POINT('',(-0.00621593232826113,-0.00134789287206274,0.0583112181229613));
#1980=CARTESIAN_POINT('',(-0.00843617960931912,-0.000512889182070849,0.0572227410531317));
#1981=CARTESIAN_POINT('',(-0.0103519303235687,-0.000685749776456978,0.0557909346665297));
#1982=CARTESIAN_POINT('',(-0.0101795909171247,-0.000674331826875853,0.0558854959472548));
#1983=CARTESIAN_POINT('',(-0.00983493122242297,-0.000651497194344902,0.0560746080187062));
#1984=CARTESIAN_POINT('',(-0.00931788702306442,-0.000617251872521457,0.0563583121303569));
#1985=CARTESIAN_POINT('',(-0.0088010001795481,-0.000583001537098688,0.0566419220789487));
#1986=CARTESIAN_POINT('',(-0.00828378468306434,-0.000548748251393144,0.0569257208433761));
#1987=CARTESIAN_POINT('',(-0.00776687392751837,-0.000514501224902406,0.0572093457452304));
#1988=CARTESIAN_POINT('',(-0.00724985982984203,-0.000480253903815384,0.0574930311347352));
#1989=CARTESIAN_POINT('',(-0.00673287107287886,-0.000446007327250031,0.0577767019455542));
#1990=CARTESIAN_POINT('',(-0.00638816372155338,-0.000423170531213108,0.0579658408596475));
#1991=CARTESIAN_POINT('',(-0.00621580457652791,-0.000411751770850427,0.0580604133177017));
#1992=CARTESIAN_POINT('',(-0.010639075677544,-0.00059082746636225,0.0565766044267099));
#1993=CARTESIAN_POINT('',(-0.00952479495363055,-0.00150791758247873,0.054747980454511));
#1994=CARTESIAN_POINT('',(-0.0093848888113378,-0.00148576740387049,0.0548467304464277));
#1995=CARTESIAN_POINT('',(-0.00908539009658204,-0.00143835071981842,0.055058126337391));
#1996=CARTESIAN_POINT('',(-0.00862696244867386,-0.00136578465862627,0.0553817161077051));
#1997=CARTESIAN_POINT('',(-0.00814776679126602,-0.00128989323520813,0.0557199587078291));
#1998=CARTESIAN_POINT('',(-0.00766945472776556,-0.00121425729282496,0.0560574981530318));
#1999=CARTESIAN_POINT('',(-0.00719110074503794,-0.00113821466381695,0.0563954860185263));
#2000=CARTESIAN_POINT('',(-0.00671170115798736,-0.00106348291279943,0.0567325824699679));
#2001=CARTESIAN_POINT('',(-0.00624565154724442,-0.00098544511682711,0.0570662383635991));
#2002=CARTESIAN_POINT('',(-0.00594639970773165,-0.000922492055599506,0.0572952462627713));
#2003=CARTESIAN_POINT('',(-0.00580173073634305,-0.000891864661859165,0.0574061794364337));
#2004=CARTESIAN_POINT('',(-0.00959627790714864,-0.0014046409384378,0.0548279537240625));
#2005=CARTESIAN_POINT('',(-0.00945540236511938,-0.00138402470967525,0.0549254710595333));
#2006=CARTESIAN_POINT('',(-0.00915380236804394,-0.00133988640087507,0.0551342467587069));
#2007=CARTESIAN_POINT('',(-0.00869146589751627,-0.00127219580273993,0.0554543190819222));
#2008=CARTESIAN_POINT('',(-0.00820926827226094,-0.00120155676084398,0.0557881891333883));
#2009=CARTESIAN_POINT('',(-0.00772684927558251,-0.00113106953883288,0.0561219990694828));
#2010=CARTESIAN_POINT('',(-0.00724499419953804,-0.00106025004986673,0.0564559062798114));
#2011=CARTESIAN_POINT('',(-0.00676208052203497,-0.000990552755737815,0.0567890436431939));
#2012=CARTESIAN_POINT('',(-0.00629222701399419,-0.000918170248264433,0.0571185409323415));
#2013=CARTESIAN_POINT('',(-0.00598986152104312,-0.000860085608923047,0.0573446102372429));
#2014=CARTESIAN_POINT('',(-0.00584367718057123,-0.000831830434449019,0.0574541187445125));
#2015=CARTESIAN_POINT('',(-0.00965975112486403,-0.00131744098001275,0.0549025985972846));
#2016=CARTESIAN_POINT('',(-0.00951797016312839,-0.00129811433029852,0.0549989974106226));
#2017=CARTESIAN_POINT('',(-0.00921442048764718,-0.00125673374377682,0.0552053870344701));
#2018=CARTESIAN_POINT('',(-0.00874879605381229,-0.00119318738237487,0.0555220290676905));
#2019=CARTESIAN_POINT('',(-0.00826377880392872,-0.00112699104567385,0.0558519324960376));
#2020=CARTESIAN_POINT('',(-0.00777785601257561,-0.00106084505264982,0.0561821498624827));
#2021=CARTESIAN_POINT('',(-0.00729276812621494,-0.000994448774436135,0.056512298943082));
#2022=CARTESIAN_POINT('',(-0.00680680885585608,-0.000928904506409471,0.0568418270461995));
#2023=CARTESIAN_POINT('',(-0.00633329816481846,-0.000861669246011396,0.0571671054498799));
#2024=CARTESIAN_POINT('',(-0.00602883129777223,-0.000806802537084599,0.0573911435282616));
#2025=CARTESIAN_POINT('',(-0.00588163480087118,-0.00078010171090026,0.0574996802859391));
#2026=CARTESIAN_POINT('',(-0.00978555699706918,-0.00115247086809208,0.0550591415464646));
#2027=CARTESIAN_POINT('',(-0.00964191167084028,-0.00113556511682032,0.0551532483520561));
#2028=CARTESIAN_POINT('',(-0.00933437569616625,-0.00109936790246781,0.0553547289879926));
#2029=CARTESIAN_POINT('',(-0.00886277624386989,-0.00104378007434308,0.0556637917491555));
#2030=CARTESIAN_POINT('',(-0.00837124896617639,-0.0009858473193897,0.0559859317739765));
#2031=CARTESIAN_POINT('',(-0.00787914989764105,-0.00092800389645456,0.056308201254184));
#2032=CARTESIAN_POINT('',(-0.00738764680028805,-0.000869965719503547,0.0566304652550137));
#2033=CARTESIAN_POINT('',(-0.00689552060763311,-0.000812416539299248,0.0569523378246277));
#2034=CARTESIAN_POINT('',(-0.00641516185289949,-0.000754372765701547,0.0572691773927264));
#2035=CARTESIAN_POINT('',(-0.00610560737662581,-0.000706912591080254,0.0574877646797225));
#2036=CARTESIAN_POINT('',(-0.00595594093950212,-0.000683815030841177,0.0575936658458868));
#2037=CARTESIAN_POINT('',(-0.0098480219091644,-0.00107445137438375,0.0551411472278262));
#2038=CARTESIAN_POINT('',(-0.00970343970381984,-0.00105868445424217,0.0552340644771653));
#2039=CARTESIAN_POINT('',(-0.00939390326027315,-0.00102492718540878,0.0554329943863327));
#2040=CARTESIAN_POINT('',(-0.00891937773538724,-0.000973128137733485,0.0557380405525403));
#2041=CARTESIAN_POINT('',(-0.00842471293062317,-0.000919116529121109,0.0560560610501562));
#2042=CARTESIAN_POINT('',(-0.00792944636952584,-0.000865172113232494,0.0563742396322719));
#2043=CARTESIAN_POINT('',(-0.00743479654046268,-0.000811083913971899,0.0566923565567137));
#2044=CARTESIAN_POINT('',(-0.0069395873456673,-0.000757401419460103,0.0570101466624013));
#2045=CARTESIAN_POINT('',(-0.00645598548772654,-0.000703390212207536,0.0573227969054846));
#2046=CARTESIAN_POINT('',(-0.00614345005030623,-0.000660179220988481,0.0575379306116296));
#2047=CARTESIAN_POINT('',(-0.00599232896406249,-0.000639160890990316,0.0576421506820516));
#2048=CARTESIAN_POINT('',(-0.00997150327000736,-0.000934209636281331,0.0553150926652729));
#2049=CARTESIAN_POINT('',(-0.00982515455598557,-0.000920493904446458,0.0554054520935952));
#2050=CARTESIAN_POINT('',(-0.00951182317361522,-0.000891129639116677,0.0555989082611354));
#2051=CARTESIAN_POINT('',(-0.00903113432540422,-0.000846107871882666,0.0558956242640846));
#2052=CARTESIAN_POINT('',(-0.0085304177963807,-0.000799237746217121,0.0562047067341154));
#2053=CARTESIAN_POINT('',(-0.00802889826402988,-0.000752212240267947,0.0565143575208639));
#2054=CARTESIAN_POINT('',(-0.00752809533809461,-0.000705180604304662,0.0568237311912222));
#2055=CARTESIAN_POINT('',(-0.00702658961501442,-0.000658713012464517,0.0571324546609984));
#2056=CARTESIAN_POINT('',(-0.00653750156862123,-0.000610990724411992,0.0574376552290033));
#2057=CARTESIAN_POINT('',(-0.00621686693289782,-0.000577728328267376,0.0576417603109788));
#2058=CARTESIAN_POINT('',(-0.00606176141123693,-0.000561608608553707,0.0577405546006861));
#2059=CARTESIAN_POINT('',(-0.0100306248505634,-0.000871674227331783,0.055402734163153));
#2060=CARTESIAN_POINT('',(-0.0098833897374573,-0.00085886931539173,0.0554918266901542));
#2061=CARTESIAN_POINT('',(-0.0095681698487531,-0.00083145715211702,0.0556825636837011));
#2062=CARTESIAN_POINT('',(-0.00908482985370479,-0.00078948442812591,0.0559749289436906));
#2063=CARTESIAN_POINT('',(-0.0085806946923709,-0.000745723533389059,0.0562798037262712));
#2064=CARTESIAN_POINT('',(-0.008076665979125,-0.000701862998016268,0.0565848690206633));
#2065=CARTESIAN_POINT('',(-0.00757289204399395,-0.000657935036454713,0.0568899273035298));
#2066=CARTESIAN_POINT('',(-0.0070681569271368,-0.000614754030385949,0.0571939594963694));
#2067=CARTESIAN_POINT('',(-0.0065769847760691,-0.000569555195439126,0.0574959926971899));
#2068=CARTESIAN_POINT('',(-0.00625146669044995,-0.000541459131123316,0.0576928930362056));
#2069=CARTESIAN_POINT('',(-0.00609394688765813,-0.000527890459401441,0.0577881263398239));
#2070=CARTESIAN_POINT('',(-0.0101244433741761,-0.000786300402466536,0.0555491058446396));
#2071=CARTESIAN_POINT('',(-0.00997574223772061,-0.000774737534329003,0.0556361023739648));
#2072=CARTESIAN_POINT('',(-0.0096574134926066,-0.000749988058772302,0.0558223352069072));
#2073=CARTESIAN_POINT('',(-0.00917009771078398,-0.000712192686695368,0.0561073485148244));
#2074=CARTESIAN_POINT('',(-0.00866064870451381,-0.000672652922119689,0.0564051722765671));
#2075=CARTESIAN_POINT('',(-0.00815247433588918,-0.000633146700877066,0.0567026072756204));
#2076=CARTESIAN_POINT('',(-0.00764391800266713,-0.000593481981447555,0.0570004242187987));
#2077=CARTESIAN_POINT('',(-0.00713427540981941,-0.000554608948697889,0.0572968789955848));
#2078=CARTESIAN_POINT('',(-0.00663905775615516,-0.000513535078851815,0.0575926195447585));
#2079=CARTESIAN_POINT('',(-0.00630735724176113,-0.000490837736519071,0.0577798052732264));
#2080=CARTESIAN_POINT('',(-0.00614679458889943,-0.000479920458793434,0.0578702566466697));
#2081=CARTESIAN_POINT('',(-0.0101607125223626,-0.000757113352476935,0.0556073618865262));
#2082=CARTESIAN_POINT('',(-0.0100115039841449,-0.000745983532561437,0.0556934916294674));
#2083=CARTESIAN_POINT('',(-0.00969208172768286,-0.000722159881960136,0.0558778721577147));
#2084=CARTESIAN_POINT('',(-0.00920289802761622,-0.000685749585737656,0.0561601361452903));
#2085=CARTESIAN_POINT('',(-0.00869183488564826,-0.000647698923386005,0.0564549330182144));
#2086=CARTESIAN_POINT('',(-0.00818166802714096,-0.000609638490050898,0.0567495309769933));
#2087=CARTESIAN_POINT('',(-0.00767129054680422,-0.000571482894844159,0.0570443768269791));
#2088=CARTESIAN_POINT('',(-0.00715995575852368,-0.000533915976955939,0.0573380117067753));
#2089=CARTESIAN_POINT('',(-0.00666256236324373,-0.000494884221801545,0.0576304494224074));
#2090=CARTESIAN_POINT('',(-0.0063297427703817,-0.000472505986156824,0.0578157141951104));
#2091=CARTESIAN_POINT('',(-0.00616864330592248,-0.00046172801844681,0.0579052399225186));
#2092=CARTESIAN_POINT('',(-0.0102284433839756,-0.00071076224848187,0.0557199275092272));
#2093=CARTESIAN_POINT('',(-0.0100783194259242,-0.000700326751631184,0.0558043587160653));
#2094=CARTESIAN_POINT('',(-0.00975691019086528,-0.000677985361161829,0.0559851177966653));
#2095=CARTESIAN_POINT('',(-0.00926395938759232,-0.000643735395720466,0.0562622270865928));
#2096=CARTESIAN_POINT('',(-0.00875013718948323,-0.000608067097607905,0.0565510832042307));
#2097=CARTESIAN_POINT('',(-0.00823594525904445,-0.000572299057497103,0.056840261389562));
#2098=CARTESIAN_POINT('',(-0.00772223827278482,-0.000536509612892876,0.0571294445812501));
#2099=CARTESIAN_POINT('',(-0.00720757392828625,-0.000501143283340406,0.0574173495865766));
#2100=CARTESIAN_POINT('',(-0.00670671318970362,-0.000464886678347923,0.0577044182912523));
#2101=CARTESIAN_POINT('',(-0.00637037074112716,-0.000444091167905266,0.057883526588228));
#2102=CARTESIAN_POINT('',(-0.00620754865759008,-0.000434075342551931,0.0579700352154534));
#2103=CARTESIAN_POINT('',(-0.0102598955481317,-0.000693401884820422,0.0557743479808179));
#2104=CARTESIAN_POINT('',(-0.0101092998282609,-0.00068322286198895,0.0558579774887162));
#2105=CARTESIAN_POINT('',(-0.0097868792204879,-0.000661429830952959,0.0560370226462918));
#2106=CARTESIAN_POINT('',(-0.00929234141112587,-0.0006280012202395,0.056311569154402));
#2107=CARTESIAN_POINT('',(-0.00877704058619414,-0.000593200939425252,0.0565976579755465));
#2108=CARTESIAN_POINT('',(-0.00826110563905813,-0.000558304221647009,0.0568841623243161));
#2109=CARTESIAN_POINT('',(-0.00774573317878627,-0.000523435789519997,0.0571705040694552));
#2110=CARTESIAN_POINT('',(-0.00722978935950897,-0.000488738730074399,0.0574561478489518));
#2111=CARTESIAN_POINT('',(-0.0067262742196261,-0.000454075735280193,0.0577387856899331));
#2112=CARTESIAN_POINT('',(-0.00639082312636382,-0.000432555763367057,0.0579191915542471));
#2113=CARTESIAN_POINT('',(-0.0062284710891779,-0.000422163358968686,0.0580063899259281));
#2114=CARTESIAN_POINT('',(-0.0102880313220745,-0.000681516298829175,0.0558259955494073));
#2115=CARTESIAN_POINT('',(-0.0101369914339477,-0.000671509522539017,0.0559088699648964));
#2116=CARTESIAN_POINT('',(-0.00981362893709881,-0.000650086282826301,0.0560862966633937));
#2117=CARTESIAN_POINT('',(-0.00931788702306442,-0.000617251872521457,0.0563583121303569));
#2118=CARTESIAN_POINT('',(-0.0088010001795481,-0.000583001537098688,0.0566419220789487));
#2119=CARTESIAN_POINT('',(-0.00828378468306434,-0.000548748251393144,0.0569257208433761));
#2120=CARTESIAN_POINT('',(-0.00776687392751837,-0.000514501224902406,0.0572093457452304));
#2121=CARTESIAN_POINT('',(-0.00724985982984203,-0.000480253903815384,0.0574930311347352));
#2122=CARTESIAN_POINT('',(-0.00674367596891598,-0.00044672306950638,0.057770773318329));
#2123=CARTESIAN_POINT('',(-0.0064097759643853,-0.000424602335654344,0.0579539823466291));
#2124=CARTESIAN_POINT('',(-0.00624822299686774,-0.000413899484834672,0.0580426255193685));
#2125=CARTESIAN_POINT('',(-0.00958398415287866,-0.00151728876008023,0.0547062028498874));
#2126=CARTESIAN_POINT('',(-0.00942434650011209,-0.00149201462038571,0.054818879892157));
#2127=CARTESIAN_POINT('',(-0.00910508890371718,-0.00144146914474143,0.0550442214770553));
#2128=CARTESIAN_POINT('',(-0.00862696238365786,-0.0013657848825721,0.0553817160665135));
#2129=CARTESIAN_POINT('',(-0.0081477667263162,-0.00128989345918138,0.0557199586666568));
#2130=CARTESIAN_POINT('',(-0.0076694546626885,-0.00121425751671263,0.0560574981118051));
#2131=CARTESIAN_POINT('',(-0.00719110067994666,-0.00113821488775039,0.05639548597739));
#2132=CARTESIAN_POINT('',(-0.0067117010928661,-0.0010634831366753,0.056732582428899));
#2133=CARTESIAN_POINT('',(-0.0062357032834161,-0.000983779562219747,0.0570733604720129));
#2134=CARTESIAN_POINT('',(-0.00592703862069335,-0.000918405518698311,0.0573100784796305));
#2135=CARTESIAN_POINT('',(-0.00577270139184723,-0.000885717459668284,0.0574284412393692));
#2136=CARTESIAN_POINT('',(-0.00952468485725574,-0.00205431670447601,0.0548944992704586));
#2137=CARTESIAN_POINT('',(-0.00938483049747688,-0.00202415431477009,0.0549910632886522));
#2138=CARTESIAN_POINT('',(-0.00908538011721135,-0.00195957119646359,0.0551978224125923));
#2139=CARTESIAN_POINT('',(-0.00862693725771967,-0.00186068047207532,0.055514366049362));
#2140=CARTESIAN_POINT('',(-0.00814775590983272,-0.00175734978976227,0.0558452455270234));
#2141=CARTESIAN_POINT('',(-0.00766956484005438,-0.00165417071665635,0.0561753158224232));
#2142=CARTESIAN_POINT('',(-0.0071910364234096,-0.00155106251166214,0.056506175278958));
#2143=CARTESIAN_POINT('',(-0.00671167950672823,-0.00144730660270212,0.0568354625767066));
#2144=CARTESIAN_POINT('',(-0.00625452389240177,-0.00135001536838558,0.057157194884056));
#2145=CARTESIAN_POINT('',(-0.00596363459599322,-0.00129163841825577,0.0573800353622363));
#2146=CARTESIAN_POINT('',(-0.00582753184567342,-0.00126441884142421,0.0574847823210716));
#2147=CARTESIAN_POINT('',(-0.00952434390508887,-0.00193314220283268,0.0548582379789852));
#2148=CARTESIAN_POINT('',(-0.00938457140023646,-0.00190472146920567,0.0549552673061015));
#2149=CARTESIAN_POINT('',(-0.00908527044273409,-0.00184388511659435,0.0551630467949769));
#2150=CARTESIAN_POINT('',(-0.00862637175431575,-0.00175119684325704,0.0554817900702905));
#2151=CARTESIAN_POINT('',(-0.00814768956126712,-0.00165321153550004,0.0558139185496595));
#2152=CARTESIAN_POINT('',(-0.00766901940760522,-0.00155692219414579,0.0561464114786231));
#2153=CARTESIAN_POINT('',(-0.00719062349198747,-0.00145956486391513,0.0564789054789996));
#2154=CARTESIAN_POINT('',(-0.00671124387717249,-0.00136231417976217,0.0568101794054965));
#2155=CARTESIAN_POINT('',(-0.0062541079112542,-0.00126967515703146,0.0571332621706636));
#2156=CARTESIAN_POINT('',(-0.00596324229023049,-0.00121088155255525,0.0573557806789544));
#2157=CARTESIAN_POINT('',(-0.00582715091521455,-0.00118337698034634,0.0574603454926455));
#2158=CARTESIAN_POINT('',(-0.00952406824290264,-0.00184292477620781,0.0548322522033936));
#2159=CARTESIAN_POINT('',(-0.00938440334314528,-0.00181584200125194,0.0549295939378155));
#2160=CARTESIAN_POINT('',(-0.00908529554842178,-0.00175786520067173,0.0551380669578167));
#2161=CARTESIAN_POINT('',(-0.00862570611754968,-0.00166941620503754,0.0554585241513158));
#2162=CARTESIAN_POINT('',(-0.00814819311245489,-0.0015762017696692,0.0557912172403571));
#2163=CARTESIAN_POINT('',(-0.00766842978970308,-0.00148423902171734,0.0561257299463987));
#2164=CARTESIAN_POINT('',(-0.00719033865593934,-0.00139141073688795,0.0564593247446514));
#2165=CARTESIAN_POINT('',(-0.00671089453855188,-0.0012989315958906,0.0567920330859444));
#2166=CARTESIAN_POINT('',(-0.00625378926762857,-0.00120972459651395,0.0571160703301146));
#2167=CARTESIAN_POINT('',(-0.00596288942684025,-0.00115054409406997,0.0573384077366163));
#2168=CARTESIAN_POINT('',(-0.00582678060755902,-0.00112278994660147,0.0574428667906269));
#2169=CARTESIAN_POINT('',(-0.00952410957500106,-0.00172208611617991,0.0547998829685389));
#2170=CARTESIAN_POINT('',(-0.00938444397457242,-0.00169688835911596,0.0548977297477594));
#2171=CARTESIAN_POINT('',(-0.0090853356755518,-0.00164290152041988,0.0551072710584744));
#2172=CARTESIAN_POINT('',(-0.00862577185702396,-0.0015593380773106,0.055429016964027));
#2173=CARTESIAN_POINT('',(-0.00814816015649996,-0.00147376489831502,0.0557638264976683));
#2174=CARTESIAN_POINT('',(-0.00766842568809448,-0.00138622040731314,0.0560995007906593));
#2175=CARTESIAN_POINT('',(-0.00719036746483689,-0.00129988453650299,0.0564348092286474));
#2176=CARTESIAN_POINT('',(-0.00671091482558163,-0.00121368288888619,0.0567692036349804));
#2177=CARTESIAN_POINT('',(-0.00625379622373104,-0.00112897903032497,0.057094456189763));
#2178=CARTESIAN_POINT('',(-0.00596290098183149,-0.00106910127940116,0.0573166058591393));
#2179=CARTESIAN_POINT('',(-0.00582679466313559,-0.00104092589773392,0.0574209514461838));
#2180=CARTESIAN_POINT('',(-0.0095242985495444,-0.00163012919976526,0.0547770903004573));
#2181=CARTESIAN_POINT('',(-0.00938451700520288,-0.00160626670925183,0.0548753471226367));
#2182=CARTESIAN_POINT('',(-0.00908520059831736,-0.00155514467457122,0.0550857398900589));
#2183=CARTESIAN_POINT('',(-0.00862638172343778,-0.00147612038812816,0.0554080870284246));
#2184=CARTESIAN_POINT('',(-0.0081477143958759,-0.0013949512207777,0.0557447121000858));
#2185=CARTESIAN_POINT('',(-0.00766896125745033,-0.00131224196240229,0.0560809018341034));
#2186=CARTESIAN_POINT('',(-0.00719067461875136,-0.00123040531791244,0.0564174757162266));
#2187=CARTESIAN_POINT('',(-0.00671127277151471,-0.00114910734450927,0.0567530391356554));
#2188=CARTESIAN_POINT('',(-0.00625409355199222,-0.00106788332327053,0.0570792115652946));
#2189=CARTESIAN_POINT('',(-0.00596322463242859,-0.00100757441116045,0.0573013277406928));
#2190=CARTESIAN_POINT('',(-0.00582713236003859,-0.000979126752490032,0.0574056411548777));
#2191=CARTESIAN_POINT('',(-0.00952463638416415,-0.00150789271171693,0.0547480922905534));
#2192=CARTESIAN_POINT('',(-0.00938478308569884,-0.00148575089958512,0.0548468049839065));
#2193=CARTESIAN_POINT('',(-0.00908533727905614,-0.00143834259334468,0.0550581635325081));
#2194=CARTESIAN_POINT('',(-0.00862696238365786,-0.0013657848825721,0.0553817160665135));
#2195=CARTESIAN_POINT('',(-0.0081477667263162,-0.00128989345918138,0.0557199586666568));
#2196=CARTESIAN_POINT('',(-0.0076694546626885,-0.00121425751671263,0.0560574981118051));
#2197=CARTESIAN_POINT('',(-0.00719110067994666,-0.00113821488775039,0.05639548597739));
#2198=CARTESIAN_POINT('',(-0.0067117010928661,-0.0010634831366753,0.056732582428899));
#2199=CARTESIAN_POINT('',(-0.0062544828633765,-0.000986924113769989,0.0570599157283978));
#2200=CARTESIAN_POINT('',(-0.00596360141886455,-0.000926100096078857,0.0572820947684385));
#2201=CARTESIAN_POINT('',(-0.0058275036141609,-0.000897318535863333,0.0573864195748776));
#2202=CARTESIAN_POINT('',(-0.00958403309832562,-0.0020671164866146,0.0548535218058115));
#2203=CARTESIAN_POINT('',(-0.00942439440759337,-0.00203268725968003,0.0549637461204156));
#2204=CARTESIAN_POINT('',(-0.00910513473538226,-0.00196383262516009,0.0551841825220723));
#2205=CARTESIAN_POINT('',(-0.00862693732281417,-0.00186068064534449,0.0555143661969993));
#2206=CARTESIAN_POINT('',(-0.00814775597488154,-0.00175734996307604,0.0558452456746346));
#2207=CARTESIAN_POINT('',(-0.00766956490515005,-0.00165417089003533,0.0561753159700437));
#2208=CARTESIAN_POINT('',(-0.00719103648860586,-0.00155106268495158,0.05650617542653));
#2209=CARTESIAN_POINT('',(-0.00671167957194765,-0.00144730677603356,0.0568354627241721));
#2210=CARTESIAN_POINT('',(-0.00623574694954567,-0.0013460194444513,0.0571704097227708));
#2211=CARTESIAN_POINT('',(-0.00592707068285558,-0.00128431510229522,0.0574081195200076));
#2212=CARTESIAN_POINT('',(-0.00577272765184166,-0.00125346195217387,0.0575269781902923));
#2213=CARTESIAN_POINT('',(-0.0102881454039823,-0.00223092431969245,0.0562411565845496));
#2214=CARTESIAN_POINT('',(-0.0101371193707413,-0.00219817599246016,0.056317928929929));
#2215=CARTESIAN_POINT('',(-0.00981378222039156,-0.0021280636745857,0.0564822936326903));
#2216=CARTESIAN_POINT('',(-0.00931800147875612,-0.00202055269138719,0.0567343176342332));
#2217=CARTESIAN_POINT('',(-0.00880111466951073,-0.0019084784656007,0.0569970719889783));
#2218=CARTESIAN_POINT('',(-0.00828388099639549,-0.00179631110050929,0.0572600006423316));
#2219=CARTESIAN_POINT('',(-0.00776694567407935,-0.00168422363513941,0.0575227783704692));
#2220=CARTESIAN_POINT('',(-0.00724995632369455,-0.00157211388679625,0.0577855842396522));
#2221=CARTESIAN_POINT('',(-0.00674337915516501,-0.00146226697103643,0.058043096730768));
#2222=CARTESIAN_POINT('',(-0.00640917626690752,-0.00138979682636988,0.058212984838718));
#2223=CARTESIAN_POINT('',(-0.00624729743508378,-0.00135469423428788,0.0582952740396637));
#2224=CARTESIAN_POINT('',(-0.0102635176081201,-0.00224452113980201,0.0561968057713199));
#2225=CARTESIAN_POINT('',(-0.0101128688183406,-0.00221157806265141,0.0562742076071048));
#2226=CARTESIAN_POINT('',(-0.00979033315539458,-0.00214104836544305,0.0564399234113428));
#2227=CARTESIAN_POINT('',(-0.0092956176119242,-0.00203288593075544,0.0566941094314823));
#2228=CARTESIAN_POINT('',(-0.00878030926471615,-0.00192002423937054,0.0569593753951511));
#2229=CARTESIAN_POINT('',(-0.00826334959814161,-0.00180762721488879,0.0572231126290668));
#2230=CARTESIAN_POINT('',(-0.00775081916289028,-0.0016931465034569,0.0574936843623998));
#2231=CARTESIAN_POINT('',(-0.00722355620363769,-0.00158670181300833,0.0577380131961405));
#2232=CARTESIAN_POINT('',(-0.00672935900945535,-0.00147001780275362,0.0580178494386978));
#2233=CARTESIAN_POINT('',(-0.00639502058997663,-0.0013976461739485,0.0581875137656515));
#2234=CARTESIAN_POINT('',(-0.00623295791545697,-0.0013626569128089,0.0582694817355101));
#2235=CARTESIAN_POINT('',(-0.0102364151980847,-0.00225556601520071,0.056148598692333));
#2236=CARTESIAN_POINT('',(-0.0100861641540042,-0.00222246175756673,0.0562266954420477));
#2237=CARTESIAN_POINT('',(-0.00976448158651457,-0.00215158725720618,0.0563939005148562));
#2238=CARTESIAN_POINT('',(-0.00927111519500789,-0.00204290340344457,0.0566504099464679));
#2239=CARTESIAN_POINT('',(-0.00875717798042162,-0.00192944957094253,0.0569182349018523));
#2240=CARTESIAN_POINT('',(-0.00824136961985935,-0.0018166135079678,0.0571838190179113));
#2241=CARTESIAN_POINT('',(-0.00773145224898262,-0.0017012331476675,0.0574587651309107));
#2242=CARTESIAN_POINT('',(-0.00720104708934142,-0.00159552929692276,0.0576983388126724));
#2243=CARTESIAN_POINT('',(-0.00671259824727478,-0.00147702633669783,0.0579876151565144));
#2244=CARTESIAN_POINT('',(-0.00637899638867044,-0.00140435465372072,0.0581586760215681));
#2245=CARTESIAN_POINT('',(-0.00621724698421171,-0.00136923286564341,0.05824125166076));
#2246=CARTESIAN_POINT('',(-0.0101782441701155,-0.00227150708584977,0.0560451216849944));
#2247=CARTESIAN_POINT('',(-0.0100287479486997,-0.00223815555273755,0.0561247668934936));
#2248=CARTESIAN_POINT('',(-0.00970871192702141,-0.00216675524190851,0.0562952775798313));
#2249=CARTESIAN_POINT('',(-0.00921868054140518,-0.00205736048774883,0.0565566023271408));
#2250=CARTESIAN_POINT('',(-0.00870715905131776,-0.0019431180256015,0.05682979543816));
#2251=CARTESIAN_POINT('',(-0.00819480656581927,-0.00182922979850938,0.0571004306848558));
#2252=CARTESIAN_POINT('',(-0.00768755769628934,-0.00171425102075177,0.0573803250106566));
#2253=CARTESIAN_POINT('',(-0.00716095886515389,-0.00160327209099236,0.0576263136284108));
#2254=CARTESIAN_POINT('',(-0.00667467638890027,-0.00148829150834683,0.0579197726970017));
#2255=CARTESIAN_POINT('',(-0.00634380977093369,-0.00141461092143654,0.0580956267585465));
#2256=CARTESIAN_POINT('',(-0.0061834038347459,-0.00137895300535683,0.0581805530432776));
#2257=CARTESIAN_POINT('',(-0.0101471885056301,-0.00227632263600325,0.055989713460305));
#2258=CARTESIAN_POINT('',(-0.0099980633990622,-0.00224288676880989,0.0560702127337259));
#2259=CARTESIAN_POINT('',(-0.00967884592830789,-0.00217130961447607,0.0562425393976085));
#2260=CARTESIAN_POINT('',(-0.00919070735596045,-0.00206174221973292,0.0565063161667731));
#2261=CARTESIAN_POINT('',(-0.00868044830206142,-0.00194723320650754,0.0567825839122053));
#2262=CARTESIAN_POINT('',(-0.00816970321783599,-0.00183303065211495,0.0570554046695044));
#2263=CARTESIAN_POINT('',(-0.0076648674349459,-0.00171822155796378,0.0573398307613728));
#2264=CARTESIAN_POINT('',(-0.00713643336877051,-0.00160546723377157,0.0575822374890007));
#2265=CARTESIAN_POINT('',(-0.00665505317303859,-0.00149174093435916,0.0578847017395901));
#2266=CARTESIAN_POINT('',(-0.00632526649220666,-0.0014177974022464,0.0580624229495008));
#2267=CARTESIAN_POINT('',(-0.00616535298214203,-0.00138199660000094,0.0581481956382428));
#2268=CARTESIAN_POINT('',(-0.0100653146380983,-0.00228037882668292,0.0558422937401304));
#2269=CARTESIAN_POINT('',(-0.00991745134104665,-0.0022468900177367,0.0559249287412368));
#2270=CARTESIAN_POINT('',(-0.00960091740109792,-0.00217519689007266,0.0561018376630617));
#2271=CARTESIAN_POINT('',(-0.00911641765773703,-0.00206538188201848,0.0563729007416162));
#2272=CARTESIAN_POINT('',(-0.00861046476651883,-0.00195077970716793,0.0566563131348652));
#2273=CARTESIAN_POINT('',(-0.00810389088392763,-0.00183605815472961,0.0569371496700478));
#2274=CARTESIAN_POINT('',(-0.00760213383822922,-0.00172207547130432,0.0572271751631636));
#2275=CARTESIAN_POINT('',(-0.0070818053315035,-0.00160534661633327,0.0574836034357145));
#2276=CARTESIAN_POINT('',(-0.00660081523835312,-0.001495124207643,0.0577872904038251));
#2277=CARTESIAN_POINT('',(-0.00627522122620781,-0.00142095913627816,0.0579724831292487));
#2278=CARTESIAN_POINT('',(-0.00611739455172421,-0.00138501496617549,0.0580619696942071));
#2279=CARTESIAN_POINT('',(-0.0100130101663752,-0.00227475864746151,0.0557472493549593));
#2280=CARTESIAN_POINT('',(-0.00986606166160429,-0.00224137259416421,0.0558312196758988));
#2281=CARTESIAN_POINT('',(-0.00955144290652134,-0.00216989333195898,0.0560110070051484));
#2282=CARTESIAN_POINT('',(-0.00906872934608245,-0.00206024354353552,0.0562870032982383));
#2283=CARTESIAN_POINT('',(-0.00856598383478019,-0.00194602281969197,0.0565747113184224));
#2284=CARTESIAN_POINT('',(-0.00806181153477142,-0.00183149379463802,0.0568612888594489));
#2285=CARTESIAN_POINT('',(-0.00756142287874631,-0.00171780277141618,0.0571535580836881));
#2286=CARTESIAN_POINT('',(-0.00704872687954119,-0.00160137431117494,0.0574238384347442));
#2287=CARTESIAN_POINT('',(-0.00656558868692513,-0.00149148358135206,0.0577236745804857));
#2288=CARTESIAN_POINT('',(-0.00624293515374071,-0.0014178521541532,0.0579142277821637));
#2289=CARTESIAN_POINT('',(-0.00608659480006495,-0.00138217094849496,0.0580064232895591));
#2290=CARTESIAN_POINT('',(-0.00991046891936773,-0.00225231612228418,0.0555627609492947));
#2291=CARTESIAN_POINT('',(-0.00976500939477441,-0.00221925643840124,0.0556494806878879));
#2292=CARTESIAN_POINT('',(-0.00945358280880979,-0.00214847669834588,0.0558351458887328));
#2293=CARTESIAN_POINT('',(-0.00897587956715613,-0.0020399203726773,0.0561199303156186));
#2294=CARTESIAN_POINT('',(-0.00847818726705112,-0.00192680181243894,0.0564166274965104));
#2295=CARTESIAN_POINT('',(-0.00797976228489296,-0.00181352454527958,0.0567138227570195));
#2296=CARTESIAN_POINT('',(-0.00748184271210573,-0.00170042061078298,0.0570104728875302));
#2297=CARTESIAN_POINT('',(-0.00698406956468348,-0.00158707675765492,0.0573079269304497));
#2298=CARTESIAN_POINT('',(-0.00649678535002017,-0.00147660538487907,0.057600032396275));
#2299=CARTESIAN_POINT('',(-0.00617980382598102,-0.0014047385811885,0.0578008301384713));
#2300=CARTESIAN_POINT('',(-0.00602633051996055,-0.00136994268444248,0.0578982062604728));
#2301=CARTESIAN_POINT('',(-0.00986144154177085,-0.00223612790911293,0.055475344272881));
#2302=CARTESIAN_POINT('',(-0.00971667145136268,-0.00220330170269686,0.0555633768962526));
#2303=CARTESIAN_POINT('',(-0.00940673082947484,-0.00213302326368482,0.0557518448635026));
#2304=CARTESIAN_POINT('',(-0.00893156969178881,-0.00202527384578988,0.0560407134555851));
#2305=CARTESIAN_POINT('',(-0.00843603444526049,-0.00191290344484974,0.056341839032712));
#2306=CARTESIAN_POINT('',(-0.00794054890835996,-0.00180058477439722,0.0566438257651844));
#2307=CARTESIAN_POINT('',(-0.00744398784650089,-0.00168785455477668,0.0569429621590553));
#2308=CARTESIAN_POINT('',(-0.00695256732555754,-0.00157690376607627,0.0572518291236108));
#2309=CARTESIAN_POINT('',(-0.00646407247029718,-0.0014658308274911,0.0575416968403424));
#2310=CARTESIAN_POINT('',(-0.00614966746780272,-0.00139512328346477,0.0577470736509681));
#2311=CARTESIAN_POINT('',(-0.00599749020633615,-0.00136091105271868,0.0578467539499462));
#2312=CARTESIAN_POINT('',(-0.00971951904805151,-0.00217759213329241,0.0552254439721048));
#2313=CARTESIAN_POINT('',(-0.00957686836197519,-0.00214563230199067,0.0553171351310972));
#2314=CARTESIAN_POINT('',(-0.00927145475521349,-0.00207720684567394,0.0555134393516249));
#2315=CARTESIAN_POINT('',(-0.00880295633928791,-0.00197224896164137,0.0558144180062021));
#2316=CARTESIAN_POINT('',(-0.00831463559492205,-0.00186280187754699,0.0561279585701016));
#2317=CARTESIAN_POINT('',(-0.00782641342242295,-0.00175356543224899,0.0564428742294999));
#2318=CARTESIAN_POINT('',(-0.00733623908368179,-0.00164323591856897,0.0567533191195768));
#2319=CARTESIAN_POINT('',(-0.00685461654268942,-0.00153717940405338,0.0570792575698746));
#2320=CARTESIAN_POINT('',(-0.00637092077140322,-0.00142747919835097,0.0573776929111702));
#2321=CARTESIAN_POINT('',(-0.00606314102657178,-0.0013605739582551,0.0575945040702571));
#2322=CARTESIAN_POINT('',(-0.00591422210296546,-0.00132824469569392,0.0576998051674505));
#2323=CARTESIAN_POINT('',(-0.00963028671766424,-0.00212726095367124,0.0550726319798793));
#2324=CARTESIAN_POINT('',(-0.00948894640590127,-0.00209604092505178,0.0551665499730609));
#2325=CARTESIAN_POINT('',(-0.00918633817734579,-0.0020291987081449,0.0553676234011724));
#2326=CARTESIAN_POINT('',(-0.00872213998818438,-0.00192665168501225,0.0556759598548195));
#2327=CARTESIAN_POINT('',(-0.00823848671903849,-0.00181982250812235,0.0559973735955196));
#2328=CARTESIAN_POINT('',(-0.0077541852701872,-0.00171283676698039,0.0563190556615655));
#2329=CARTESIAN_POINT('',(-0.00727052178691821,-0.00160601167913196,0.0566405487969195));
#2330=CARTESIAN_POINT('',(-0.0067862329684342,-0.00149893569465495,0.0569615604027624));
#2331=CARTESIAN_POINT('',(-0.00631409400530061,-0.0013954197826305,0.0572800491675428));
#2332=CARTESIAN_POINT('',(-0.00600953709336592,-0.00133110118719239,0.0575021065068469));
#2333=CARTESIAN_POINT('',(-0.00586211656583588,-0.00130000356761643,0.0576098350623854));
#2334=CARTESIAN_POINT('',(-0.00952483998238679,-0.00205435031958088,0.0548943923551269));
#2335=CARTESIAN_POINT('',(-0.00938493392786181,-0.00202417678112501,0.0549909920664493));
#2336=CARTESIAN_POINT('',(-0.00908543179560845,-0.00195958250336428,0.0551977869224526));
#2337=CARTESIAN_POINT('',(-0.00862693732281417,-0.00186068064534449,0.0555143661969993));
#2338=CARTESIAN_POINT('',(-0.00814775597488154,-0.00175734996307604,0.0558452456746346));
#2339=CARTESIAN_POINT('',(-0.00766956490515005,-0.00165417089003533,0.0561753159700437));
#2340=CARTESIAN_POINT('',(-0.00719103648860586,-0.00155106268495158,0.05650617542653));
#2341=CARTESIAN_POINT('',(-0.00671167957194765,-0.00144730677603356,0.0568354627241721));
#2342=CARTESIAN_POINT('',(-0.0062453720132638,-0.00134806783738431,0.0571636358937623));
#2343=CARTESIAN_POINT('',(-0.00594580577658506,-0.00128806401681924,0.057393711098237));
#2344=CARTESIAN_POINT('',(-0.00580081887566959,-0.00125907761268633,0.0575053464770627));
#2345=CARTESIAN_POINT('',(-0.006535764994339,-3.57423213587171E-23,0.0614692683883408));
#2346=CARTESIAN_POINT('',(-0.0106426096568252,-5.82015379652282E-23,0.0614681698190581));
#2347=CARTESIAN_POINT('',(-0.0106395929060595,-0.00394078525788771,0.0585106867404114));
#2348=CARTESIAN_POINT('',(-0.0106398668224984,-0.00453164844784029,0.0595340922989822));
#2349=CARTESIAN_POINT('',(-0.0106395930171558,-0.00394079388555925,0.0585106986247634));
#2350=CARTESIAN_POINT('',(-0.00927116285463204,-0.00343394395127128,0.0588914482236896));
#2351=CARTESIAN_POINT('',(-0.00790273269210926,-0.00292709401698157,0.0592721978226171));
#2352=CARTESIAN_POINT('',(-0.0065343025295926,-0.00242024408268128,0.0596529474215525));
#2353=CARTESIAN_POINT('',(-0.00653425227661348,-0.0024203411572594,0.0596528960348961));
#2354=CARTESIAN_POINT('',(-0.006535764994339,-3.57423213587171E-23,0.0614692683883408));
#2355=CARTESIAN_POINT('',(-0.00653408150183387,-0.00278294503188352,0.0602815248110829));
#2356=CARTESIAN_POINT('',(-0.0106398667882417,-0.00453163429434595,0.0595340589973584));
#2357=CARTESIAN_POINT('',(-0.0106638809272595,6.93895210544519E-18,0.0614681641290537));
#2358=CARTESIAN_POINT('',(-0.0106373674415135,-0.00393997001376398,0.0585113175238815));
#2359=CARTESIAN_POINT('',(-0.0102185440891804,-0.00451462642357311,0.0580801756498228));
#2360=CARTESIAN_POINT('',(-0.0106415552875588,-0.00295810218998024,0.057526560616613));
#2361=CARTESIAN_POINT('',(-0.0106416299791679,-0.0033301622588763,0.0578057845501198));
#2362=CARTESIAN_POINT('',(-0.0106417188479034,-0.00366238537280819,0.058138007649456));
#2363=CARTESIAN_POINT('',(-0.0106418183729109,-0.00394160931933934,0.0585100677027634));
#2364=CARTESIAN_POINT('',(-0.0102182426108448,-0.00338817161821431,0.0569537045610913));
#2365=CARTESIAN_POINT('',(-0.0102182425941518,-0.00338810712658824,0.0569536561514983));
#2366=CARTESIAN_POINT('',(-0.00950305302211017,-0.00465527151682908,0.0564141186083334));
#2367=CARTESIAN_POINT('',(-0.00961290441577272,-0.0044198806271224,0.0564535286548904));
#2368=CARTESIAN_POINT('',(-0.00983988099269851,-0.00395816018959289,0.0565706221170497));
#2369=CARTESIAN_POINT('',(-0.0100849090643992,-0.00354525986684612,0.0567856718853441));
#2370=CARTESIAN_POINT('',(-0.0102182425941518,-0.00338810712658824,0.0569536561514983));
#2371=CARTESIAN_POINT('',(-0.00950305009524367,-0.00465527491816204,0.0564141149161958));
#2372=CARTESIAN_POINT('',(-0.00950315684923431,-0.00505435951205791,0.0568131994924771));
#2373=CARTESIAN_POINT('',(-0.00950311982281388,-0.00492687078748726,0.0566747814978068));
#2374=CARTESIAN_POINT('',(-0.00950308419811385,-0.00479369291885038,0.056541603635048));
#2375=CARTESIAN_POINT('',(-0.00950305009524366,-0.00465527491816203,0.0564141149161958));
#2376=CARTESIAN_POINT('',(-0.00950315684923431,-0.00505435951205791,0.0568131994924771));
#2377=CARTESIAN_POINT('',(-0.0102185440891805,-0.00451462642357314,0.0580801756498227));
#2378=CARTESIAN_POINT('',(-0.0100856501956815,-0.00468209506393451,0.0579235719776976));
#2379=CARTESIAN_POINT('',(-0.00983945609019467,-0.00489837833055692,0.0575091373298778));
#2380=CARTESIAN_POINT('',(-0.00961299199504088,-0.00501494128124043,0.0570484102099817));
#2381=CARTESIAN_POINT('',(-0.00950315981367984,-0.00505435577162326,0.0568132029367798));
#2382=CARTESIAN_POINT('',(-0.00654882795813947,5.82015379652764E-23,0.0614692648940351));
#2383=CARTESIAN_POINT('',(-0.00627533970585611,-0.0027724943039458,0.0593886586107003));
#2384=CARTESIAN_POINT('',(-0.00611750044853075,-0.00297171945853234,0.0592030866136561));
#2385=CARTESIAN_POINT('',(-0.0059802474948097,-0.00304925205163551,0.0589173994896208));
#2386=CARTESIAN_POINT('',(-0.0058491456199433,-0.00309923818217182,0.0586387736770439));
#2387=CARTESIAN_POINT('',(-0.00627533970585612,-0.0027724943039458,0.0593886586107003));
#2388=CARTESIAN_POINT('',(-0.00584914556299454,-0.00309923811189116,0.0586387734553596));
#2389=CARTESIAN_POINT('',(-0.00584914556299454,-0.00309923811189116,0.0586387734553596));
#2390=CARTESIAN_POINT('',(-0.00584966741788383,-0.00301314376706651,0.0585459018295829));
#2391=CARTESIAN_POINT('',(-0.00584964313745449,-0.00292355931020331,0.0584563158358797));
#2392=CARTESIAN_POINT('',(-0.00584907365553201,-0.0028306786419722,0.058370213823559));
#2393=CARTESIAN_POINT('',(-0.00584907371240613,-0.00283067842028446,0.0583702137532819));
#2394=CARTESIAN_POINT('',(-0.00584907371240613,-0.00283067842028446,0.0583702137532819));
#2395=CARTESIAN_POINT('',(-0.00597998240649857,-0.00255230079766429,0.0584201168120283));
#2396=CARTESIAN_POINT('',(-0.00611790366140236,-0.00226559146565326,0.0584984031286634));
#2397=CARTESIAN_POINT('',(-0.0062751541553347,-0.00208067800074245,0.0586968416187643));
#2398=CARTESIAN_POINT('',(-0.00627515415533471,-0.00208067800074245,0.0586968416187643));
#2399=CARTESIAN_POINT('',(-0.00627515416507384,-0.00208071425710004,0.0586968688337525));
#2400=CARTESIAN_POINT('',(-0.00636092118718888,-0.00199239315463606,0.0588145012999036));
#2401=CARTESIAN_POINT('',(-0.00644668820924869,-0.00190407205215215,0.0589321337660812));
#2402=CARTESIAN_POINT('',(-0.00653245523122388,-0.00181575094963924,0.0590497662322976));
#2403=CARTESIAN_POINT('',(-0.00653527899626636,-0.00242095820063237,0.0596524338727119));
#2404=CARTESIAN_POINT('',(-0.00653521799815013,-0.00225026437887993,0.0594244011104525));
#2405=CARTESIAN_POINT('',(-0.00653516389933532,-0.00204754237119805,0.0592221604030546));
#2406=CARTESIAN_POINT('',(-0.0065351174899098,-0.00181661535475368,0.0590486653814061));
#2407=CARTESIAN_POINT('',(-0.00653257741143914,-0.002419550120948,0.0596534687019289));
#2408=CARTESIAN_POINT('',(-0.00644683150628503,-0.00253718417583119,0.0595651800132537));
#2409=CARTESIAN_POINT('',(-0.00636108560100208,-0.00265481823065509,0.059476891324623));
#2410=CARTESIAN_POINT('',(-0.00627533969563463,-0.00277245228543883,0.0593886026360225));
#2411=CARTESIAN_POINT('',(-0.00843663769899929,-0.00342070008308004,0.0589015534210131));
#2412=CARTESIAN_POINT('',(-0.010352531461774,-0.00457382240801388,0.0580357139873471));
#2413=CARTESIAN_POINT('',(-0.0101801985319744,-0.00449768527335808,0.0580929000511474));
#2414=CARTESIAN_POINT('',(-0.00983555178984314,-0.00434541945019321,0.0582072658349068));
#2415=CARTESIAN_POINT('',(-0.00931844138844697,-0.00411695313261275,0.058378857304478));
#2416=CARTESIAN_POINT('',(-0.0088015301778451,-0.00388858596617417,0.0585503906663699));
#2417=CARTESIAN_POINT('',(-0.00828427208467295,-0.00366005103582303,0.0587220284180661));
#2418=CARTESIAN_POINT('',(-0.00776731235839235,-0.00343166072336161,0.0588935754038571));
#2419=CARTESIAN_POINT('',(-0.00725029860005477,-0.00320323704998327,0.0590651356209585));
#2420=CARTESIAN_POINT('',(-0.00673324075263535,-0.00297479849699755,0.0592367125824521));
#2421=CARTESIAN_POINT('',(-0.0063885677552366,-0.00282251932454025,0.0593510859682295));
#2422=CARTESIAN_POINT('',(-0.0062162257877196,-0.00274637732214606,0.0594082744758445));
#2423=CARTESIAN_POINT('',(-0.00843640037558625,-0.0025671844748925,0.0580480442726163));
#2424=CARTESIAN_POINT('',(-0.0103522255041502,-0.00343253307970381,0.056894425192561));
#2425=CARTESIAN_POINT('',(-0.0101798811833536,-0.00337538725678649,0.0569706148664724));
#2426=CARTESIAN_POINT('',(-0.00983521166049171,-0.00326110195032897,0.05712298576232));
#2427=CARTESIAN_POINT('',(-0.00931815271848954,-0.00308966173484373,0.0573515766023259));
#2428=CARTESIAN_POINT('',(-0.00880125113503211,-0.00291826423793576,0.057580083382291));
#2429=CARTESIAN_POINT('',(-0.00828402089144906,-0.00274676982205046,0.0578087522182049));
#2430=CARTESIAN_POINT('',(-0.0077670953958689,-0.00257536771732893,0.0580372736033982));
#2431=CARTESIAN_POINT('',(-0.0072500665559522,-0.00240393512747721,0.0582658472288394));
#2432=CARTESIAN_POINT('',(-0.00673306305737048,-0.00223251046835353,0.0584944086001209));
#2433=CARTESIAN_POINT('',(-0.00638834587663398,-0.00211820987329834,0.0586468016623337));
#2434=CARTESIAN_POINT('',(-0.00621598181674705,-0.00206105776219931,0.0587230006114127));
#2435=CARTESIAN_POINT('',(-0.00952523748312071,-0.0046661390014218,0.0564023138710035));
#2436=CARTESIAN_POINT('',(-0.00938532484062978,-0.00459760010210403,0.0564767637985969));
#2437=CARTESIAN_POINT('',(-0.00908581221086306,-0.00445087816497799,0.0566361404046571));
#2438=CARTESIAN_POINT('',(-0.00862736326498991,-0.00422630054720926,0.0568801107690061));
#2439=CARTESIAN_POINT('',(-0.00814814533992826,-0.00399151944432486,0.0571351089195751));
#2440=CARTESIAN_POINT('',(-0.00766981106813526,-0.00375731105377556,0.0573896258289595));
#2441=CARTESIAN_POINT('',(-0.00719143480665136,-0.00352252625774653,0.0576443277399097));
#2442=CARTESIAN_POINT('',(-0.00671201314812893,-0.00328932256221718,0.0578989131400801));
#2443=CARTESIAN_POINT('',(-0.00624594114690943,-0.0030549742410742,0.0581488654288982));
#2444=CARTESIAN_POINT('',(-0.00594667268323901,-0.00288599136982279,0.0583157262844904));
#2445=CARTESIAN_POINT('',(-0.00580199564126375,-0.00280402003321394,0.0583964887203664));
#2446=CARTESIAN_POINT('',(-0.00959670375678179,-0.00453670260997643,0.0564199318728592));
#2447=CARTESIAN_POINT('',(-0.00945582196390297,-0.00447010860804992,0.0564940812982811));
#2448=CARTESIAN_POINT('',(-0.00915420858421669,-0.00432753620406665,0.056652828014536));
#2449=CARTESIAN_POINT('',(-0.00869185159390543,-0.00410894010744638,0.0568961900518324));
#2450=CARTESIAN_POINT('',(-0.00820963256022622,-0.00388089437615027,0.0571500277623935));
#2451=CARTESIAN_POINT('',(-0.00772719217758612,-0.00365301021202398,0.0574038893293884));
#2452=CARTESIAN_POINT('',(-0.00724531566764826,-0.00342478958373494,0.0576576689846607));
#2453=CARTESIAN_POINT('',(-0.00676238073394354,-0.00319792586972867,0.0579113430682497));
#2454=CARTESIAN_POINT('',(-0.00629250574088478,-0.00297055498302478,0.0581605216803726));
#2455=CARTESIAN_POINT('',(-0.00599012438026322,-0.00280725800233267,0.0583272719610893));
#2456=CARTESIAN_POINT('',(-0.00584393233755707,-0.00272805360372119,0.0584079867635619));
#2457=CARTESIAN_POINT('',(-0.00966016263590889,-0.0044238543060432,0.0564409739776529));
#2458=CARTESIAN_POINT('',(-0.00951837563589711,-0.00435893649447767,0.0565147995564318));
#2459=CARTESIAN_POINT('',(-0.00921481303217692,-0.00421994564643125,0.0566728588017783));
#2460=CARTESIAN_POINT('',(-0.00874916875580982,-0.00400665414879775,0.0569153223568897));
#2461=CARTESIAN_POINT('',(-0.00826413083389003,-0.00378443960167127,0.0571679463245916));
#2462=CARTESIAN_POINT('',(-0.0077781873659919,-0.00356211180551944,0.057420867374955));
#2463=CARTESIAN_POINT('',(-0.00729307877205015,-0.00333960128728949,0.057673604115529));
#2464=CARTESIAN_POINT('',(-0.00680709893032819,-0.00311813923680202,0.0579262291101294));
#2465=CARTESIAN_POINT('',(-0.00633356759394027,-0.00289733592862602,0.0581743278147326));
#2466=CARTESIAN_POINT('',(-0.00602908536243204,-0.00273784165169991,0.0583409280421213));
#2467=CARTESIAN_POINT('',(-0.0058818814060237,-0.00266046936834675,0.0584215784951422));
#2468=CARTESIAN_POINT('',(-0.00978594083223233,-0.00420269770010896,0.0564940545883091));
#2469=CARTESIAN_POINT('',(-0.00964228987367746,-0.00414102270128294,0.0565671057461247));
#2470=CARTESIAN_POINT('',(-0.00933474183999875,-0.00400897581224181,0.0567235055120384));
#2471=CARTESIAN_POINT('',(-0.00886312388129454,-0.00380636704164662,0.0569633847055611));
#2472=CARTESIAN_POINT('',(-0.00837157731509297,-0.00359519153857093,0.0572134173925464));
#2473=CARTESIAN_POINT('',(-0.00787945896536368,-0.0033840287480777,0.0574636068776857));
#2474=CARTESIAN_POINT('',(-0.0073879365609593,-0.00317269995563772,0.0577136942191818));
#2475=CARTESIAN_POINT('',(-0.00689579114068962,-0.00296199044574176,0.0579636870919924));
#2476=CARTESIAN_POINT('',(-0.00641541327244911,-0.00275336753219208,0.0582090735391781));
#2477=CARTESIAN_POINT('',(-0.0061058446177201,-0.0026030135781843,0.0583746566920529));
#2478=CARTESIAN_POINT('',(-0.00595617129749833,-0.00253007994073682,0.0584548263772694));
#2479=CARTESIAN_POINT('',(-0.00984839236982766,-0.00409411964276029,0.0565260616083443));
#2480=CARTESIAN_POINT('',(-0.00970380472711425,-0.0040340258040348,0.056598652029335));
#2481=CARTESIAN_POINT('',(-0.00939425664233376,-0.00390536760069588,0.0567540628454525));
#2482=CARTESIAN_POINT('',(-0.00891971326175807,-0.00370804869898309,0.0569923580606896));
#2483=CARTESIAN_POINT('',(-0.00842502984059863,-0.00350232919141932,0.0572407838179668));
#2484=CARTESIAN_POINT('',(-0.00792974466643323,-0.00329658891269828,0.0574893800983645));
#2485=CARTESIAN_POINT('',(-0.00743507620727493,-0.0030907548602732,0.0577378510678641));
#2486=CARTESIAN_POINT('',(-0.00693984844836469,-0.00288543564265271,0.0579862418764305));
#2487=CARTESIAN_POINT('',(-0.00645622816643439,-0.00268240013019357,0.0582300166610142));
#2488=CARTESIAN_POINT('',(-0.00614367924267836,-0.00253745326602055,0.058394733623561));
#2489=CARTESIAN_POINT('',(-0.00599255161169138,-0.00246716103718029,0.0584744871043573));
#2490=CARTESIAN_POINT('',(-0.00997184873852872,-0.00388567750382495,0.0566065774858677));
#2491=CARTESIAN_POINT('',(-0.00982549495316526,-0.0038286391930117,0.0566779784262794));
#2492=CARTESIAN_POINT('',(-0.00951215271332244,-0.00370652282058916,0.056830845480717));
#2493=CARTESIAN_POINT('',(-0.00903144721446723,-0.00351923912172299,0.0570653154238544));
#2494=CARTESIAN_POINT('',(-0.00853071334458895,-0.003324174142854,0.0573095715803238));
#2495=CARTESIAN_POINT('',(-0.00802917643024195,-0.00312869054976404,0.0575542422521523));
#2496=CARTESIAN_POINT('',(-0.007528356131415,-0.00293334011027117,0.057798669843456));
#2497=CARTESIAN_POINT('',(-0.00702683313419173,-0.00273880334159532,0.0580428163917699));
#2498=CARTESIAN_POINT('',(-0.00653772777197571,-0.00254493976410157,0.058283284224515));
#2499=CARTESIAN_POINT('',(-0.00621708137584651,-0.00241412403113867,0.0584434247058734));
#2500=CARTESIAN_POINT('',(-0.00606197015911089,-0.00235078754642091,0.0585209287705314));
#2501=CARTESIAN_POINT('',(-0.0100309588136158,-0.0037876915962392,0.056651207428153));
#2502=CARTESIAN_POINT('',(-0.00988371879640037,-0.00373207564778559,0.0567219666415222));
#2503=CARTESIAN_POINT('',(-0.00956848840878194,-0.00361300968486661,0.0568734549408508));
#2504=CARTESIAN_POINT('',(-0.00908513232684117,-0.00343054226089515,0.0571056816465962));
#2505=CARTESIAN_POINT('',(-0.00858098039133486,-0.0032402742558837,0.0573478485767272));
#2506=CARTESIAN_POINT('',(-0.0080769348837612,-0.00304982468941064,0.0575901306707975));
#2507=CARTESIAN_POINT('',(-0.00757314414553306,-0.00285932020183165,0.0578323729704846));
#2508=CARTESIAN_POINT('',(-0.00706839236226511,-0.00266997577023678,0.0580741001623115));
#2509=CARTESIAN_POINT('',(-0.00657720334641436,-0.00247988152951938,0.0583130867757789));
#2510=CARTESIAN_POINT('',(-0.00625167444962803,-0.00235714299567007,0.0584695711074716));
#2511=CARTESIAN_POINT('',(-0.00609414942060164,-0.00229779659920693,0.0585452668781526));
#2512=CARTESIAN_POINT('',(-0.0101247606720595,-0.00364055730886892,0.0567352787509613));
#2513=CARTESIAN_POINT('',(-0.00997605487274631,-0.00358706519677997,0.0568048438514948));
#2514=CARTESIAN_POINT('',(-0.00965771614629787,-0.00347255768509385,0.0569537628885001));
#2515=CARTESIAN_POINT('',(-0.00917038509981372,-0.00329738446166107,0.0571817114352789));
#2516=CARTESIAN_POINT('',(-0.00866092013668544,-0.00311429828361387,0.0574198827576158));
#2517=CARTESIAN_POINT('',(-0.00815272982960926,-0.00293143536580202,0.0576577341275696));
#2518=CARTESIAN_POINT('',(-0.00764415752305237,-0.00274824426356537,0.0578958370354403));
#2519=CARTESIAN_POINT('',(-0.00713449911158426,-0.00256642001056277,0.058133156154853));
#2520=CARTESIAN_POINT('',(-0.00663926537039886,-0.00238304496120345,0.0583687557995352));
#2521=CARTESIAN_POINT('',(-0.00630755511511879,-0.00226983998973054,0.0585195266140723));
#2522=CARTESIAN_POINT('',(-0.00614698776204582,-0.00221518113980245,0.0585924069176966));
#2523=CARTESIAN_POINT('',(-0.0101610238284023,-0.00358614771126835,0.0567711351394375));
#2524=CARTESIAN_POINT('',(-0.0100118107163151,-0.00353346409098149,0.056840166123222));
#2525=CARTESIAN_POINT('',(-0.00969237866873946,-0.00342068466579624,0.0569879439689382));
#2526=CARTESIAN_POINT('',(-0.00920317998781078,-0.0032480858631926,0.0572142041392763));
#2527=CARTESIAN_POINT('',(-0.00869210119664258,-0.0030678029457437,0.0574504987079053));
#2528=CARTESIAN_POINT('',(-0.00818191869474824,-0.0028876109035674,0.0576866160942171));
#2529=CARTESIAN_POINT('',(-0.00767152554941484,-0.00270721253136409,0.0579229005872279));
#2530=CARTESIAN_POINT('',(-0.0071601752182801,-0.00252792958178494,0.0581584307222363));
#2531=CARTESIAN_POINT('',(-0.00666276612699616,-0.0023479747633401,0.0583921911644185));
#2532=CARTESIAN_POINT('',(-0.00632993690478175,-0.00223600677388884,0.0585414579758888));
#2533=CARTESIAN_POINT('',(-0.00616883279192206,-0.00218193146477201,0.0586136063207665));
#2534=CARTESIAN_POINT('',(-0.0102287444558653,-0.00348971460947208,0.0568454418508736));
#2535=CARTESIAN_POINT('',(-0.0100786160776897,-0.00343848168105504,0.0569133490535539));
#2536=CARTESIAN_POINT('',(-0.00975719737957113,-0.00332879692031347,0.0570587318348229));
#2537=CARTESIAN_POINT('',(-0.00926423206914654,-0.00316064687162338,0.0572816082063561));
#2538=CARTESIAN_POINT('',(-0.00875039475340522,-0.0029853978886833,0.0575139492108882));
#2539=CARTESIAN_POINT('',(-0.00823618768045518,-0.00280990154224917,0.0577465192764805));
#2540=CARTESIAN_POINT('',(-0.00772246554863743,-0.00263438409094104,0.0579790829580795));
#2541=CARTESIAN_POINT('',(-0.00720778616098835,-0.00245987228921969,0.0582107512896343));
#2542=CARTESIAN_POINT('',(-0.006706910290021,-0.00228500579044875,0.0584412497311769));
#2543=CARTESIAN_POINT('',(-0.00637055864444784,-0.00217748719016016,0.0585859763670347));
#2544=CARTESIAN_POINT('',(-0.00620773212258855,-0.00212558069612079,0.058655892959379));
#2545=CARTESIAN_POINT('',(-0.0102601923474848,-0.00344746565201836,0.0568838900535816));
#2546=CARTESIAN_POINT('',(-0.0101095922705285,-0.0033968557491704,0.0569512312185181));
#2547=CARTESIAN_POINT('',(-0.00978716233447115,-0.00328850297837971,0.0570954039148436));
#2548=CARTESIAN_POINT('',(-0.00929261021967224,-0.00312234584687212,0.0573164715864182));
#2549=CARTESIAN_POINT('',(-0.00877729449239241,-0.00294923243492475,0.057546850103485));
#2550=CARTESIAN_POINT('',(-0.00826134461512445,-0.00277582782712448,0.0577775402822805));
#2551=CARTESIAN_POINT('',(-0.00774595723432578,-0.0026025289419973,0.0580081037648663));
#2552=CARTESIAN_POINT('',(-0.00722999854246157,-0.00242972752919291,0.0582381484982821));
#2553=CARTESIAN_POINT('',(-0.00672646864215502,-0.00225845692412776,0.0584656065994608));
#2554=CARTESIAN_POINT('',(-0.00639100820848983,-0.00214966201893818,0.0586110946989427));
#2555=CARTESIAN_POINT('',(-0.00622865165789135,-0.00209708446279579,0.058681420321153));
#2556=CARTESIAN_POINT('',(-0.0102883246805413,-0.00341134488612059,0.056922674359411));
#2557=CARTESIAN_POINT('',(-0.0101372804854319,-0.00336126175875108,0.0569894477343173));
#2558=CARTESIAN_POINT('',(-0.0098139087677688,-0.00325403859212703,0.0571324037333607));
#2559=CARTESIAN_POINT('',(-0.00931815271848954,-0.00308966173484373,0.0573515766023259));
#2560=CARTESIAN_POINT('',(-0.00880125113503211,-0.00291826423793576,0.057580083382291));
#2561=CARTESIAN_POINT('',(-0.00828402089144906,-0.00274676982205046,0.0578087522182049));
#2562=CARTESIAN_POINT('',(-0.0077670953958689,-0.00257536771732893,0.0580372736033982));
#2563=CARTESIAN_POINT('',(-0.0072500665559522,-0.00240393512747721,0.0582658472288394));
#2564=CARTESIAN_POINT('',(-0.00674386826150261,-0.0022360931876972,0.0584896317421689));
#2565=CARTESIAN_POINT('',(-0.00640995873574379,-0.00212537621800808,0.0586372470163543));
#2566=CARTESIAN_POINT('',(-0.00624840116150571,-0.00207180730000059,0.0587086686211564));
#2567=CARTESIAN_POINT('',(-0.00958442943240138,-0.00469513556438143,0.0563708168711109));
#2568=CARTESIAN_POINT('',(-0.0094247843626853,-0.00461693034953662,0.0564557667048904));
#2569=CARTESIAN_POINT('',(-0.00910551193321415,-0.00446052859541283,0.0566256569486804));
#2570=CARTESIAN_POINT('',(-0.00862736320000536,-0.00422630076175651,0.0568801108453084));
#2571=CARTESIAN_POINT('',(-0.00814814527500986,-0.00399151965888621,0.0571351089959078));
#2572=CARTESIAN_POINT('',(-0.00766981100308964,-0.00375731126829001,0.0573896259052023));
#2573=CARTESIAN_POINT('',(-0.00719143474159151,-0.00352252647225544,0.0576443278162536));
#2574=CARTESIAN_POINT('',(-0.00671201308303909,-0.00328932277664252,0.0578989132164537));
#2575=CARTESIAN_POINT('',(-0.00623599240517008,-0.00304997210495946,0.0581542009350316));
#2576=CARTESIAN_POINT('',(-0.00592731051826351,-0.00287503880640636,0.0583265287867088));
#2577=CARTESIAN_POINT('',(-0.00577296467705217,-0.00278756938151839,0.058412695446819));
#2578=CARTESIAN_POINT('',(-0.00952519521593578,-0.00506607513104942,0.056802402444321));
#2579=CARTESIAN_POINT('',(-0.00938533336267696,-0.00499169043327719,0.056870953155856));
#2580=CARTESIAN_POINT('',(-0.00908586693758551,-0.00483242030495837,0.0570177309852859));
#2581=CARTESIAN_POINT('',(-0.00862739951176091,-0.0045885679287964,0.0572424368883375));
#2582=CARTESIAN_POINT('',(-0.0081481924901365,-0.00433370528983369,0.0574773387582627));
#2583=CARTESIAN_POINT('',(-0.00766997579588805,-0.0040793784069639,0.0577116156248966));
#2584=CARTESIAN_POINT('',(-0.00719142173597306,-0.0038247183622454,0.0579466113712732));
#2585=CARTESIAN_POINT('',(-0.00671203914574272,-0.00357028357961401,0.0581799217659074));
#2586=CARTESIAN_POINT('',(-0.00625485899304986,-0.00332522189512302,0.0584099208884178));
#2587=CARTESIAN_POINT('',(-0.00596395390547877,-0.00316328464424027,0.0585737283564676));
#2588=CARTESIAN_POINT('',(-0.00582784376198131,-0.0030873565252289,0.0586508369744896));
#2589=CARTESIAN_POINT('',(-0.00952483935638095,-0.00497926562502526,0.0567104120079484));
#2590=CARTESIAN_POINT('',(-0.00938505957431615,-0.00490615658026102,0.0567802365139103));
#2591=CARTESIAN_POINT('',(-0.00908574303654334,-0.00474962104378183,0.0569297713827306));
#2592=CARTESIAN_POINT('',(-0.00862682053253518,-0.00451004038952955,0.0571594834704119));
#2593=CARTESIAN_POINT('',(-0.00814811333591903,-0.00425918241313247,0.0573981396768509));
#2594=CARTESIAN_POINT('',(-0.0076694183924615,-0.00400961096032305,0.0576379594886404));
#2595=CARTESIAN_POINT('',(-0.00719099754416512,-0.00375911402963032,0.0578772462240535));
#2596=CARTESIAN_POINT('',(-0.00671159305466946,-0.00350931962563645,0.0581155297027712));
#2597=CARTESIAN_POINT('',(-0.00625443312421379,-0.00326761164304996,0.058349024461077));
#2598=CARTESIAN_POINT('',(-0.00596355166783909,-0.00310547454069101,0.058512344767006));
#2599=CARTESIAN_POINT('',(-0.00582745286805533,-0.00302939067949035,0.0585891531446129));
#2600=CARTESIAN_POINT('',(-0.00952455255901869,-0.00491412796590445,0.0566427989640805));
#2601=CARTESIAN_POINT('',(-0.00938488054980198,-0.00484202140929936,0.0567135629981637));
#2602=CARTESIAN_POINT('',(-0.00908575753241255,-0.00468761552613681,0.0568651282516057));
#2603=CARTESIAN_POINT('',(-0.00862614479153151,-0.00445084932739291,0.0570984442995225));
#2604=CARTESIAN_POINT('',(-0.008148607400721,-0.00420384058647931,0.0573399748664943));
#2605=CARTESIAN_POINT('',(-0.00766881979447533,-0.00395700633117513,0.0575837071923633));
#2606=CARTESIAN_POINT('',(-0.00719070429433319,-0.00370988122917229,0.057826211758409));
#2607=CARTESIAN_POINT('',(-0.00671123588904649,-0.00346350190402115,0.0580681232505975));
#2608=CARTESIAN_POINT('',(-0.00625410707840728,-0.0032242888972557,0.0583041606224922));
#2609=CARTESIAN_POINT('',(-0.00596319135701153,-0.00306190728689615,0.0584671306419189));
#2610=CARTESIAN_POINT('',(-0.00582707508337252,-0.00298566016935209,0.0585437226419544));
#2611=CARTESIAN_POINT('',(-0.00952457888916098,-0.00482566322788122,0.0565543470547514));
#2612=CARTESIAN_POINT('',(-0.00938490641329174,-0.00475493662236059,0.0566264909794024));
#2613=CARTESIAN_POINT('',(-0.00908578338697172,-0.00460345200227944,0.0567809763806403));
#2614=CARTESIAN_POINT('',(-0.00862619686568574,-0.00437027245670435,0.057017851261203));
#2615=CARTESIAN_POINT('',(-0.00814856172560535,-0.00412882302886459,0.0572650353545712));
#2616=CARTESIAN_POINT('',(-0.00766880352301257,-0.00388523429900643,0.05751198277162));
#2617=CARTESIAN_POINT('',(-0.00719072174031426,-0.00364287496823734,0.05775921759894));
#2618=CARTESIAN_POINT('',(-0.00671124559234074,-0.00340108908047577,0.0580057280131852));
#2619=CARTESIAN_POINT('',(-0.00625410400950896,-0.00316516825455192,0.0582450694457602));
#2620=CARTESIAN_POINT('',(-0.00596319280047405,-0.00300227667724033,0.0584075282556729));
#2621=CARTESIAN_POINT('',(-0.00582707897514728,-0.00292572149332569,0.058483811373251));
#2622=CARTESIAN_POINT('',(-0.00952475638143553,-0.00475742251057041,0.0564886295616194));
#2623=CARTESIAN_POINT('',(-0.00938496812554948,-0.00468764727383859,0.0565617962313));
#2624=CARTESIAN_POINT('',(-0.00908563734401565,-0.0045382179463075,0.0567184514250992));
#2625=CARTESIAN_POINT('',(-0.00862679635192965,-0.00430866870968612,0.0569581165401123));
#2626=CARTESIAN_POINT('',(-0.00814810610878686,-0.00407012564002078,0.0572090749791197));
#2627=CARTESIAN_POINT('',(-0.00766932986439777,-0.00383046649269477,0.0574588863622547));
#2628=CARTESIAN_POINT('',(-0.00719102022267464,-0.00359137091472174,0.0577094667176205));
#2629=CARTESIAN_POINT('',(-0.00671159548068378,-0.00335324722008079,0.0579594413621139));
#2630=CARTESIAN_POINT('',(-0.00625439371263767,-0.00311988009237487,0.0582013193504633));
#2631=CARTESIAN_POINT('',(-0.00596350876947158,-0.00295663186199071,0.0583635335722111));
#2632=CARTESIAN_POINT('',(-0.0058274089551869,-0.00287985696382501,0.058439652688275));
#2633=CARTESIAN_POINT('',(-0.00952507890632144,-0.00466606156589946,0.0564023982941608));
#2634=CARTESIAN_POINT('',(-0.00938521911011315,-0.0045975485543762,0.0564768201015945));
#2635=CARTESIAN_POINT('',(-0.00908575939091777,-0.00445085253675168,0.0566361685552299));
#2636=CARTESIAN_POINT('',(-0.00862736320000536,-0.00422630076175651,0.0568801108453084));
#2637=CARTESIAN_POINT('',(-0.00814814527500986,-0.00399151965888621,0.0571351089959078));
#2638=CARTESIAN_POINT('',(-0.00766981100308964,-0.00375731126829001,0.0573896259052023));
#2639=CARTESIAN_POINT('',(-0.00719143474159151,-0.00352252647225544,0.0576443278162536));
#2640=CARTESIAN_POINT('',(-0.00671201308303909,-0.00328932277664252,0.0578989132164537));
#2641=CARTESIAN_POINT('',(-0.00625477288736006,-0.00305941522631047,0.0581441290480843));
#2642=CARTESIAN_POINT('',(-0.0059638753480982,-0.00289568947076257,0.0583061401598777));
#2643=CARTESIAN_POINT('',(-0.0058277699564328,-0.00281861970998949,0.0583821021913549));
#2644=CARTESIAN_POINT('',(-0.00958454663693241,-0.00509764086139214,0.0567733126824898));
#2645=CARTESIAN_POINT('',(-0.0094248993926712,-0.00501273347235129,0.0568515608483599));
#2646=CARTESIAN_POINT('',(-0.00910562261435102,-0.00484292811332996,0.0570080484997694));
#2647=CARTESIAN_POINT('',(-0.0086273995768733,-0.00458856800502454,0.0572424371028274));
#2648=CARTESIAN_POINT('',(-0.00814819255520321,-0.00433370536611355,0.0574773389727522));
#2649=CARTESIAN_POINT('',(-0.0076699758610016,-0.00407937848329551,0.0577116158394269));
#2650=CARTESIAN_POINT('',(-0.00719142180118721,-0.00382471843852372,0.0579466115857167));
#2651=CARTESIAN_POINT('',(-0.00671203921098004,-0.003570283655982,0.0581799219802796));
#2652=CARTESIAN_POINT('',(-0.0062360810423336,-0.00331515641575273,0.0584193679856074));
#2653=CARTESIAN_POINT('',(-0.00592738800673354,-0.00314290527856649,0.0585943896033325));
#2654=CARTESIAN_POINT('',(-0.00577303659099858,-0.00305677697691897,0.0586819031892077));
#2655=CARTESIAN_POINT('',(-0.010288631115096,-0.00454559106761282,0.0580569183451119));
#2656=CARTESIAN_POINT('',(-0.0101375979519071,-0.00447886421249858,0.0581070363966683));
#2657=CARTESIAN_POINT('',(-0.00981424553676158,-0.00433600606154383,0.0582143358363368));
#2658=CARTESIAN_POINT('',(-0.00931844138844697,-0.00411695313261275,0.058378857304478));
#2659=CARTESIAN_POINT('',(-0.0088015301778451,-0.00388858596617417,0.0585503906663699));
#2660=CARTESIAN_POINT('',(-0.00828427208467295,-0.00366005103582303,0.0587220284180661));
#2661=CARTESIAN_POINT('',(-0.00776731235839235,-0.00343166072336161,0.0588935754038571));
#2662=CARTESIAN_POINT('',(-0.00725029860005477,-0.00320323704998327,0.0590651356209585));
#2663=CARTESIAN_POINT('',(-0.00674369751582644,-0.002979418343431,0.0592332426812325));
#2664=CARTESIAN_POINT('',(-0.00640947884957453,-0.00283175800535802,0.0593441470062132));
#2665=CARTESIAN_POINT('',(-0.0062475923753153,-0.0027602353209386,0.0593978660514497));
#2666=CARTESIAN_POINT('',(-0.0102640067274617,-0.00457954495899244,0.0580253087061694));
#2667=CARTESIAN_POINT('',(-0.0101133507591236,-0.00451233464985433,0.0580758745239391));
#2668=CARTESIAN_POINT('',(-0.0097907997271297,-0.00436843937988144,0.0581841353334395));
#2669=CARTESIAN_POINT('',(-0.00929606061235723,-0.00414774112568309,0.0583502034007223));
#2670=CARTESIAN_POINT('',(-0.00878072766844455,-0.00391743597849773,0.0585235180904168));
#2671=CARTESIAN_POINT('',(-0.00826374352211609,-0.00368829783036559,0.0586957412539179));
#2672=CARTESIAN_POINT('',(-0.00775118808344467,-0.00345393731441132,0.0588728412654303));
#2673=CARTESIAN_POINT('',(-0.00722390213620791,-0.00323965961655477,0.0590312327973046));
#2674=CARTESIAN_POINT('',(-0.00672967931172182,-0.00299875628135652,0.0592152538028523));
#2675=CARTESIAN_POINT('',(-0.00639532513544617,-0.00285129316914345,0.0593260135905892));
#2676=CARTESIAN_POINT('',(-0.00623325484516285,-0.00278002927232573,0.0593795111135985));
#2677=CARTESIAN_POINT('',(-0.0102369075225592,-0.00461321726520914,0.0579890835594556));
#2678=CARTESIAN_POINT('',(-0.0100866492534545,-0.00454551985952748,0.0580401705858554));
#2679=CARTESIAN_POINT('',(-0.00976495121741964,-0.00440058123290654,0.0581495487076421));
#2680=CARTESIAN_POINT('',(-0.00927156110159284,-0.00417826953040242,0.0583173681504272));
#2681=CARTESIAN_POINT('',(-0.00875759911938209,-0.0039461718947679,0.0584926028722937));
#2682=CARTESIAN_POINT('',(-0.00824176615414586,-0.00371572993312346,0.0586662059221674));
#2683=CARTESIAN_POINT('',(-0.00773182350272899,-0.00347840275914611,0.058846644339574));
#2684=CARTESIAN_POINT('',(-0.00720139562463429,-0.00326714464346243,0.0590012883214384));
#2685=CARTESIAN_POINT('',(-0.00671292057061416,-0.00301994523207438,0.0591925750136424));
#2686=CARTESIAN_POINT('',(-0.00637930286502513,-0.00287152389778683,0.0593043941853874));
#2687=CARTESIAN_POINT('',(-0.00621754580529689,-0.00279984135271916,0.0593583516907888));
#2688=CARTESIAN_POINT('',(-0.0101787423356337,-0.0046787689194651,0.057907442461163));
#2689=CARTESIAN_POINT('',(-0.0100292388006202,-0.00461008303661652,0.0579597468274359));
#2690=CARTESIAN_POINT('',(-0.00970918712158857,-0.00446303601784365,0.0580717247303123));
#2691=CARTESIAN_POINT('',(-0.00921913174396793,-0.00423770055372024,0.0582433587891593));
#2692=CARTESIAN_POINT('',(-0.00870758518837177,-0.00400223554395763,0.0584228480688457));
#2693=CARTESIAN_POINT('',(-0.00819520777641923,-0.00376835635401216,0.0586002993203263));
#2694=CARTESIAN_POINT('',(-0.0076879335027015,-0.00352890249749806,0.0587852237114005));
#2695=CARTESIAN_POINT('',(-0.00716131101764443,-0.00330986805240821,0.058942785515036));
#2696=CARTESIAN_POINT('',(-0.00667500265062978,-0.0030636274574377,0.0591394556642585));
#2697=CARTESIAN_POINT('',(-0.00634411987893511,-0.00291193542271972,0.0592549213160025));
#2698=CARTESIAN_POINT('',(-0.00618370613151658,-0.00283861307476772,0.0593106464280402));
#2699=CARTESIAN_POINT('',(-0.010147689301229,-0.0047106475732356,0.0578618664184301));
#2700=CARTESIAN_POINT('',(-0.00999855683917249,-0.00464146157284868,0.0579148682462909));
#2701=CARTESIAN_POINT('',(-0.00967932362232377,-0.00449335330488826,0.0580283303807869));
#2702=CARTESIAN_POINT('',(-0.00919116094698821,-0.004266642065589,0.0582020015647518));
#2703=CARTESIAN_POINT('',(-0.00868087668172932,-0.00402940872982089,0.0583840202351993));
#2704=CARTESIAN_POINT('',(-0.00817010655066965,-0.00379416435419793,0.0585632069731532));
#2705=CARTESIAN_POINT('',(-0.00766524522385494,-0.00355259124229795,0.0587521407441298));
#2706=CARTESIAN_POINT('',(-0.0071367873946862,-0.00333381045098674,0.0589057129084743));
#2707=CARTESIAN_POINT('',(-0.00665538115317876,-0.0030841528506484,0.0591108087400666));
#2708=CARTESIAN_POINT('',(-0.0063255782165253,-0.00293129938011573,0.0592277598784468));
#2709=CARTESIAN_POINT('',(-0.0061656568457811,-0.00285743002126277,0.05928414653714));
#2710=CARTESIAN_POINT('',(-0.0100658212601934,-0.00478788114537008,0.0577362282237752));
#2711=CARTESIAN_POINT('',(-0.00991795052402036,-0.00471758126351046,0.0577910531299917));
#2712=CARTESIAN_POINT('',(-0.00960140065822207,-0.00456708107189231,0.0579084255334814));
#2713=CARTESIAN_POINT('',(-0.0091168765175948,-0.00433651175192258,0.0580882829094888));
#2714=CARTESIAN_POINT('',(-0.0086108981464666,-0.00409562483609672,0.0582764422913809));
#2715=CARTESIAN_POINT('',(-0.00810429886031791,-0.00385592254829103,0.0584623112481894));
#2716=CARTESIAN_POINT('',(-0.0076025161805263,-0.00361226501677335,0.0586565073379589));
#2717=CARTESIAN_POINT('',(-0.00708216287664005,-0.0033830303245218,0.0588202349607375));
#2718=CARTESIAN_POINT('',(-0.00660114716253127,-0.00313579577164657,0.0590281416280945));
#2719=CARTESIAN_POINT('',(-0.00627553659713085,-0.00297901412410738,0.0591514523689072));
#2720=CARTESIAN_POINT('',(-0.00611770190967519,-0.00290316338789495,0.0592109835800722));
#2721=CARTESIAN_POINT('',(-0.0100135194434644,-0.00483054311392439,0.057651109155787));
#2722=CARTESIAN_POINT('',(-0.00986656346545184,-0.00475966443882233,0.0577071418279523));
#2723=CARTESIAN_POINT('',(-0.00955192870994933,-0.00460791000031036,0.0578271138695114));
#2724=CARTESIAN_POINT('',(-0.00906919059752916,-0.00437501691865919,0.0580113260804756));
#2725=CARTESIAN_POINT('',(-0.00856641950335878,-0.00413231210672247,0.058203396195011));
#2726=CARTESIAN_POINT('',(-0.00806222161977463,-0.00388990572849504,0.0583943331864));
#2727=CARTESIAN_POINT('',(-0.00756180728824188,-0.00364537873358112,0.0585906181853995));
#2728=CARTESIAN_POINT('',(-0.00704908603555212,-0.00340947713095501,0.0587664919840186));
#2729=CARTESIAN_POINT('',(-0.00656592240436491,-0.00316445551882574,0.0589712296577525));
#2730=CARTESIAN_POINT('',(-0.00624325219716354,-0.00300545538937462,0.0590994494239224));
#2731=CARTESIAN_POINT('',(-0.00608690376859001,-0.00292847771708802,0.0591614580770323));
#2732=CARTESIAN_POINT('',(-0.00991098180744676,-0.00490336523127346,0.0574801199206769));
#2733=CARTESIAN_POINT('',(-0.00976551475471578,-0.00483139429244863,0.0575386967897418));
#2734=CARTESIAN_POINT('',(-0.00945407205121097,-0.00467730629524839,0.057664108864141));
#2735=CARTESIAN_POINT('',(-0.00897634408882951,-0.00444096544325732,0.0578564783741074));
#2736=CARTESIAN_POINT('',(-0.00847862603106881,-0.00419471987694894,0.0580568842309474));
#2737=CARTESIAN_POINT('',(-0.00798017525218507,-0.00394808792461069,0.0582576421101939));
#2738=CARTESIAN_POINT('',(-0.00748222992538668,-0.00370187858015337,0.0584580145412237));
#2739=CARTESIAN_POINT('',(-0.00698443096305263,-0.00345505948429216,0.0586589632162706));
#2740=CARTESIAN_POINT('',(-0.00649712150924847,-0.00321340091495942,0.0588567157518528));
#2741=CARTESIAN_POINT('',(-0.00618012318001186,-0.00305080596559567,0.0589946896589097));
#2742=CARTESIAN_POINT('',(-0.006026641731813,-0.00297200430264329,0.059061627407617));
#2743=CARTESIAN_POINT('',(-0.00986195539799268,-0.00493306072141026,0.0573963225080885));
#2744=CARTESIAN_POINT('',(-0.00971717776361659,-0.00486063544542641,0.0574561530827578));
#2745=CARTESIAN_POINT('',(-0.00940722099077756,-0.00470558000576665,0.0575842430213505));
#2746=CARTESIAN_POINT('',(-0.00893203509389455,-0.00446789553387794,0.0577805528849387));
#2747=CARTESIAN_POINT('',(-0.00843647403105103,-0.00422008340598677,0.0579851678477903));
#2748=CARTESIAN_POINT('',(-0.00794096265389177,-0.00397188549370606,0.0581905544565174));
#2749=CARTESIAN_POINT('',(-0.00744437579889009,-0.00372475648249065,0.0583932668635468));
#2750=CARTESIAN_POINT('',(-0.00695292937402875,-0.00347430253094807,0.058605295723278));
#2751=CARTESIAN_POINT('',(-0.00646440927937662,-0.00323324202677072,0.0588008095717691));
#2752=CARTESIAN_POINT('',(-0.00614998746260551,-0.00306936114698685,0.0589433286059301));
#2753=CARTESIAN_POINT('',(-0.00599780205443592,-0.0029899126918266,0.059012553616998));
#2754=CARTESIAN_POINT('',(-0.00972003403243962,-0.00500733638036847,0.0571506396961372));
#2755=CARTESIAN_POINT('',(-0.00957737578713755,-0.00493383185603058,0.0572140717672167));
#2756=CARTESIAN_POINT('',(-0.00927194599638082,-0.00477646241447721,0.0573498744293696));
#2757=CARTESIAN_POINT('',(-0.0088034227605598,-0.0045351395596686,0.0575580674429395));
#2758=CARTESIAN_POINT('',(-0.00831507614587297,-0.00428365064033558,0.0577748954996614));
#2759=CARTESIAN_POINT('',(-0.00782682808194415,-0.00403165657864257,0.0579930197398929));
#2760=CARTESIAN_POINT('',(-0.00733662786581829,-0.00378095153764284,0.0582067257160647));
#2761=CARTESIAN_POINT('',(-0.00685497946361133,-0.00352619909884578,0.0584359857021594));
#2762=CARTESIAN_POINT('',(-0.00637125832944344,-0.00328204296221815,0.0586396055256832));
#2763=CARTESIAN_POINT('',(-0.00606346186904241,-0.00311573691408615,0.0587939279106593));
#2764=CARTESIAN_POINT('',(-0.00591453484910901,-0.00303510832240334,0.0588689620431123));
#2765=CARTESIAN_POINT('',(-0.0096308004476331,-0.0050401662282903,0.0569931382363842));
#2766=CARTESIAN_POINT('',(-0.00948945259577449,-0.00496618879955359,0.0570588686568298));
#2767=CARTESIAN_POINT('',(-0.0091868282240351,-0.00480780550462751,0.0571995930930899));
#2768=CARTESIAN_POINT('',(-0.00872260527369875,-0.00456489104205068,0.0574153634239369));
#2769=CARTESIAN_POINT('',(-0.00823892620217098,-0.00431173208433386,0.0576403186381353));
#2770=CARTESIAN_POINT('',(-0.0077545989203876,-0.00405830346202242,0.0578654279700084));
#2771=CARTESIAN_POINT('',(-0.0072709096324384,-0.00380510834955998,0.0580904539868816));
#2772=CARTESIAN_POINT('',(-0.00678659499298009,-0.00355193680262808,0.0583149375610617));
#2773=CARTESIAN_POINT('',(-0.00631443077532346,-0.00330310816433967,0.0585390158915061));
#2774=CARTESIAN_POINT('',(-0.00600985730573668,-0.0031364186951278,0.0586991748086567));
#2775=CARTESIAN_POINT('',(-0.00586242875960085,-0.00305564280802119,0.0587769269494976));
#2776=CARTESIAN_POINT('',(-0.00952535034939293,-0.00506615767950033,0.0568023266549192));
#2777=CARTESIAN_POINT('',(-0.0093854367986182,-0.00499174548697776,0.0568709027050888));
#2778=CARTESIAN_POINT('',(-0.00908591861876628,-0.00483244783517896,0.0570177059015209));
#2779=CARTESIAN_POINT('',(-0.0086273995768733,-0.00458856800502454,0.0572424371028274));
#2780=CARTESIAN_POINT('',(-0.00814819255520321,-0.00433370536611355,0.0574773389727522));
#2781=CARTESIAN_POINT('',(-0.0076699758610016,-0.00407937848329551,0.0577116158394269));
#2782=CARTESIAN_POINT('',(-0.00719142180118721,-0.00382471843852372,0.0579466115857167));
#2783=CARTESIAN_POINT('',(-0.00671203921098004,-0.003570283655982,0.0581799219802796));
#2784=CARTESIAN_POINT('',(-0.00624570662268837,-0.00332031600311416,0.0584145255290288));
#2785=CARTESIAN_POINT('',(-0.00594612411806185,-0.00315335363861636,0.0585837853296826));
#2786=CARTESIAN_POINT('',(-0.00580112934087729,-0.00307245238064848,0.0586659763992436));
#2787=CARTESIAN_POINT('',(-0.006535764994339,-3.57423213587171E-23,0.0614692683883408));
#2788=CARTESIAN_POINT('',(-0.0106426096568252,-5.82015379652282E-23,0.0614681698190581));
#2789=CARTESIAN_POINT('',(-0.0106402259702518,-0.00489156203409395,0.0608773069798977));
#2790=CARTESIAN_POINT('',(-0.0106405422371721,-0.00489156176914007,0.062059033776395));
#2791=CARTESIAN_POINT('',(-0.0106402260820761,-0.00489156356368606,0.0608773215858805));
#2792=CARTESIAN_POINT('',(-0.00927171449697814,-0.00426242687761855,0.0609536844981599));
#2793=CARTESIAN_POINT('',(-0.00790320291188122,-0.00363329019154887,0.0610300474104396));
#2794=CARTESIAN_POINT('',(-0.00653469132679043,-0.00300415350546606,0.0611064103227208));
#2795=CARTESIAN_POINT('',(-0.00653464108863697,-0.00300426327456535,0.0611064143596588));
#2796=CARTESIAN_POINT('',(-0.006535764994339,-3.57423213587171E-23,0.0614692683883408));
#2797=CARTESIAN_POINT('',(-0.00653449628292475,-0.00300397308749332,0.0618321247923586));
#2798=CARTESIAN_POINT('',(-0.0106405422022158,-0.00489156616267027,0.062058997859597));
#2799=CARTESIAN_POINT('',(-0.0106638809272595,5.82015379652764E-23,0.0614681641290537));
#2800=CARTESIAN_POINT('',(-0.0106380003740834,-0.0048905409179015,0.0608774457121219));
#2801=CARTESIAN_POINT('',(-0.0102192693364269,-0.00560383491358714,0.0607914090967596));
#2802=CARTESIAN_POINT('',(-0.0106420921882084,-0.00453259631524604,0.0595336871600238));
#2803=CARTESIAN_POINT('',(-0.0106422066355434,-0.00471519781489549,0.0599615322075776));
#2804=CARTESIAN_POINT('',(-0.010642328032494,-0.00483679991567373,0.0604153574023497));
#2805=CARTESIAN_POINT('',(-0.0106424515694838,-0.00489258491340529,0.0608771828285179));
#2806=CARTESIAN_POINT('',(-0.0102188575666386,-0.00519153200046828,0.0592526291347661));
#2807=CARTESIAN_POINT('',(-0.0102188575430549,-0.00519150035387966,0.0592525549650171));
#2808=CARTESIAN_POINT('',(-0.00950385679515118,-0.00655876132411626,0.0594189095444573));
#2809=CARTESIAN_POINT('',(-0.00961367529219435,-0.00633518711877,0.0593353402688407));
#2810=CARTESIAN_POINT('',(-0.00984058591611903,-0.00587674840364422,0.0592058778379589));
#2811=CARTESIAN_POINT('',(-0.0100855510537257,-0.00541160858245901,0.0591856574671821));
#2812=CARTESIAN_POINT('',(-0.0102188575430549,-0.00519150035387966,0.0592525549650172));
#2813=CARTESIAN_POINT('',(-0.00950385386887194,-0.00655876611621721,0.0594189080477436));
#2814=CARTESIAN_POINT('',(-0.00950399969753556,-0.0067048412175103,0.0599640677188706));
#2815=CARTESIAN_POINT('',(-0.00950395058027961,-0.0066636417431473,0.0597804498591405));
#2816=CARTESIAN_POINT('',(-0.00950390191603422,-0.00661489525944765,0.0595985255148337));
#2817=CARTESIAN_POINT('',(-0.00950385386887194,-0.00655876611621721,0.0594189080477436));
#2818=CARTESIAN_POINT('',(-0.00950399969753556,-0.0067048412175103,0.0599640677188706));
#2819=CARTESIAN_POINT('',(-0.0102192693364269,-0.00560383491358717,0.0607914090967596));
#2820=CARTESIAN_POINT('',(-0.0100864034552284,-0.00582718661810748,0.0607395254166847));
#2821=CARTESIAN_POINT('',(-0.00984025313211538,-0.00622174366602285,0.0604887649319936));
#2822=CARTESIAN_POINT('',(-0.00961382114071731,-0.00655308398341114,0.0601480531267709));
#2823=CARTESIAN_POINT('',(-0.00950400266135735,-0.00670483625565106,0.0599640688314008));
#2824=CARTESIAN_POINT('',(-0.00654882795813947,5.82015379652764E-23,0.0614692648940351));
#2825=CARTESIAN_POINT('',(-0.00627578509003687,-0.00344139018217683,0.0610536638810477));
#2826=CARTESIAN_POINT('',(-0.00611797913080126,-0.00370673133309986,0.0609925720459418));
#2827=CARTESIAN_POINT('',(-0.00598074678667399,-0.00391673844264256,0.0607839309502658));
#2828=CARTESIAN_POINT('',(-0.00584966158398023,-0.00409935813751707,0.0605676316785327));
#2829=CARTESIAN_POINT('',(-0.00627578509003688,-0.00344139018217683,0.0610536638810477));
#2830=CARTESIAN_POINT('',(-0.00584966152703002,-0.00409935818750199,0.0605676314514102));
#2831=CARTESIAN_POINT('',(-0.00584966152703002,-0.00409935818750199,0.0605676314514102));
#2832=CARTESIAN_POINT('',(-0.0058501751952351,-0.00407123403919132,0.0604441550737322));
#2833=CARTESIAN_POINT('',(-0.00585014214357938,-0.00403844462226007,0.0603217791005442));
#2834=CARTESIAN_POINT('',(-0.00584956332471387,-0.00400105868483897,0.060200772257687));
#2835=CARTESIAN_POINT('',(-0.00584956338156085,-0.00400105852798266,0.0602007720859794));
#2836=CARTESIAN_POINT('',(-0.00584956338156085,-0.00400105852798266,0.0602007720859794));
#2837=CARTESIAN_POINT('',(-0.00598043305337104,-0.00373500739761669,0.060104795905246));
#2838=CARTESIAN_POINT('',(-0.00611831315437708,-0.00344754822890481,0.0600292342412978));
#2839=CARTESIAN_POINT('',(-0.00627553180328626,-0.00318816819725995,0.0601086246520529));
#2840=CARTESIAN_POINT('',(-0.00627553180328627,-0.00318816819725994,0.0601086246520529));
#2841=CARTESIAN_POINT('',(-0.0062755318168993,-0.00318818598869182,0.0601086663491023));
#2842=CARTESIAN_POINT('',(-0.00636128280967922,-0.0030528699680795,0.0601663754308713));
#2843=CARTESIAN_POINT('',(-0.00644703380240391,-0.00291755394743665,0.0602240845126534));
#2844=CARTESIAN_POINT('',(-0.00653278479504397,-0.00278223792674936,0.0602817935944545));
#2845=CARTESIAN_POINT('',(-0.00653566790737157,-0.00300502859356315,0.0611063226003422));
#2846=CARTESIAN_POINT('',(-0.00653559225139789,-0.00297121979286537,0.0608234935275077));
#2847=CARTESIAN_POINT('',(-0.00653551828667029,-0.00289677774162344,0.0605469869370073));
#2848=CARTESIAN_POINT('',(-0.00653544720876941,-0.00278353659289029,0.0602812723367384));
#2849=CARTESIAN_POINT('',(-0.00653296609715558,-0.00300329210752901,0.0611065148457445));
#2850=CARTESIAN_POINT('',(-0.00644723909028496,-0.0031493219985589,0.0610888746959222));
#2851=CARTESIAN_POINT('',(-0.00636151208328548,-0.00329535188951517,0.0610712345461089));
#2852=CARTESIAN_POINT('',(-0.0062757850762015,-0.00344138178042161,0.0610535943963015));
#2853=CARTESIAN_POINT('',(-0.00843718721584884,-0.00424601636939004,0.0609558438295537));
#2854=CARTESIAN_POINT('',(-0.0103532662185236,-0.00567731304973718,0.0607824973564809));
#2855=CARTESIAN_POINT('',(-0.010180921057719,-0.00558280637536053,0.0607939595510934));
#2856=CARTESIAN_POINT('',(-0.00983624985493418,-0.00539380351054842,0.060816882668779));
#2857=CARTESIAN_POINT('',(-0.00931910275198644,-0.00511021930667795,0.0608512706195522));
#2858=CARTESIAN_POINT('',(-0.00880215485517484,-0.00482674999741227,0.0608856578160291));
#2859=CARTESIAN_POINT('',(-0.00828486004961702,-0.0045430832518313,0.0609200515472076));
#2860=CARTESIAN_POINT('',(-0.00776786363354318,-0.00425958709206146,0.060954438971055));
#2861=CARTESIAN_POINT('',(-0.00725081318047671,-0.00397605543246183,0.0609888211750321));
#2862=CARTESIAN_POINT('',(-0.00673371863573861,-0.00369250252044523,0.0610232104418549));
#2863=CARTESIAN_POINT('',(-0.00638902117562877,-0.0035034842973095,0.0610461334693761));
#2864=CARTESIAN_POINT('',(-0.00621666697636808,-0.00340897218664919,0.0610575953468492));
#2865=CARTESIAN_POINT('',(-0.00843686632385009,-0.003933604760845,0.0597899254361772));
#2866=CARTESIAN_POINT('',(-0.0103528485163853,-0.00525957191625089,0.0592234676234266));
#2867=CARTESIAN_POINT('',(-0.0101804938235966,-0.00517201039709891,0.0592608830832789));
#2868=CARTESIAN_POINT('',(-0.00983580355790107,-0.00499689707228683,0.0593357098523615));
#2869=CARTESIAN_POINT('',(-0.00931871349877346,-0.0047341992304293,0.0594479737546607));
#2870=CARTESIAN_POINT('',(-0.00880178080691517,-0.00447158039291731,0.0595601862124767));
#2871=CARTESIAN_POINT('',(-0.0082845194361639,-0.00420879663709518,0.0596724905671543));
#2872=CARTESIAN_POINT('',(-0.00776756283104338,-0.00394616650968399,0.0597847133704194));
#2873=CARTESIAN_POINT('',(-0.00725050287563781,-0.00368348387507471,0.0598969661762059));
#2874=CARTESIAN_POINT('',(-0.00673346826306686,-0.00342081423236768,0.0600092123340344));
#2875=CARTESIAN_POINT('',(-0.00638873033665793,-0.00324567659043366,0.0600840506571619));
#2876=CARTESIAN_POINT('',(-0.00621635590360562,-0.00315810499061299,0.0601214710061617));
#2877=CARTESIAN_POINT('',(-0.0095260431325157,-0.00657407224316253,0.0594141192889906));
#2878=CARTESIAN_POINT('',(-0.0093861186562627,-0.00647750956585755,0.0594443303840417));
#2879=CARTESIAN_POINT('',(-0.00908658069380691,-0.0062707964002224,0.0595090043431283));
#2880=CARTESIAN_POINT('',(-0.00862809297202596,-0.00595438261719632,0.0596080165037084));
#2881=CARTESIAN_POINT('',(-0.00814883451134219,-0.00562362124176163,0.0597114780093479));
#2882=CARTESIAN_POINT('',(-0.00767045979776471,-0.00529359635215448,0.0598148090723807));
#2883=CARTESIAN_POINT('',(-0.00719204301077326,-0.00496297978559551,0.0599180121502462));
#2884=CARTESIAN_POINT('',(-0.00671258104239872,-0.00463379088744337,0.0600219049145018));
#2885=CARTESIAN_POINT('',(-0.00624646874414773,-0.00430592548452757,0.0601212124953744));
#2886=CARTESIAN_POINT('',(-0.00594717170219846,-0.00407619162713887,0.0601812375293409));
#2887=CARTESIAN_POINT('',(-0.00580248080371093,-0.00396484050110836,0.0602101993693272));
#2888=CARTESIAN_POINT('',(-0.00959749146216794,-0.0064531584808717,0.0593646561717277));
#2889=CARTESIAN_POINT('',(-0.00945659810643295,-0.00635843051481821,0.0593955795076545));
#2890=CARTESIAN_POINT('',(-0.00915495997164575,-0.00615562617616213,0.0594617828079457));
#2891=CARTESIAN_POINT('',(-0.00869256502728521,-0.00584469722861473,0.0595632590423616));
#2892=CARTESIAN_POINT('',(-0.00821030640044665,-0.0055203494774566,0.0596690833706903));
#2893=CARTESIAN_POINT('',(-0.00772782644540374,-0.00519612974896061,0.0597750091508118));
#2894=CARTESIAN_POINT('',(-0.0072459103209916,-0.00487165951439485,0.0598806957410164));
#2895=CARTESIAN_POINT('',(-0.00676293595809155,-0.00454841732947114,0.0599869693985092));
#2896=CARTESIAN_POINT('',(-0.00629302162898655,-0.00422698190901139,0.0600890958090877));
#2897=CARTESIAN_POINT('',(-0.00599061245455851,-0.00400222788107145,0.0601518681391393));
#2898=CARTESIAN_POINT('',(-0.0058444069271357,-0.00389329701296748,0.0601821722506312));
#2899=CARTESIAN_POINT('',(-0.00966093449328363,-0.00634489944333644,0.0593264527450539));
#2900=CARTESIAN_POINT('',(-0.00951913616621839,-0.00625178514510298,0.0593579337491491));
#2901=CARTESIAN_POINT('',(-0.00921554931108144,-0.00605242652102118,0.0594253325299229));
#2902=CARTESIAN_POINT('',(-0.00874986782237878,-0.00574654117169946,0.0595286830731407));
#2903=CARTESIAN_POINT('',(-0.00826479113073713,-0.00542785062259652,0.0596363719623116));
#2904=CARTESIAN_POINT('',(-0.00777880886733214,-0.00510891357675076,0.0597442615405592));
#2905=CARTESIAN_POINT('',(-0.00729366146004197,-0.00478991033217171,0.0598519001108894));
#2906=CARTESIAN_POINT('',(-0.00680764294921573,-0.00447187107680566,0.0599599661714427));
#2907=CARTESIAN_POINT('',(-0.00633407319392243,-0.00415666378896362,0.0600644412748469));
#2908=CARTESIAN_POINT('',(-0.00602956366261165,-0.00393527830673793,0.0601289850820087));
#2909=CARTESIAN_POINT('',(-0.0058823464688453,-0.00382796640705699,0.0601601495591013));
#2910=CARTESIAN_POINT('',(-0.00978668120672694,-0.00612681507734951,0.0592618390962121));
#2911=CARTESIAN_POINT('',(-0.00964301938261163,-0.00603689659709784,0.0592942709051842));
#2912=CARTESIAN_POINT('',(-0.00933544808577111,-0.00584438189064972,0.0593637046568038));
#2913=CARTESIAN_POINT('',(-0.00886379443620601,-0.00554904103404451,0.0594701586546203));
#2914=CARTESIAN_POINT('',(-0.00837221066966725,-0.00524120708835689,0.059581123183921));
#2915=CARTESIAN_POINT('',(-0.00788005511568723,-0.00493330582948971,0.0596922298811901));
#2916=CARTESIAN_POINT('',(-0.0073884954884845,-0.00462531180083252,0.0598031650971406));
#2917=CARTESIAN_POINT('',(-0.00689631293163615,-0.00431790140425907,0.0599143281643972));
#2918=CARTESIAN_POINT('',(-0.0064158983708677,-0.00401459969196567,0.0600225448264103));
#2919=CARTESIAN_POINT('',(-0.00610630367533982,-0.00380163917912662,0.0600907781647779));
#2920=CARTESIAN_POINT('',(-0.00595661772867595,-0.00369841197372586,0.060123745696104));
#2921=CARTESIAN_POINT('',(-0.00984911707450126,-0.00601677185914283,0.0592352667241097));
#2922=CARTESIAN_POINT('',(-0.0097045187942261,-0.00592845319739,0.0592680901368734));
#2923=CARTESIAN_POINT('',(-0.00939494793497667,-0.00573936792122985,0.0593383618473048));
#2924=CARTESIAN_POINT('',(-0.00892036962784688,-0.00544940060584492,0.0594460891188592));
#2925=CARTESIAN_POINT('',(-0.0084256497937008,-0.00514709557524876,0.0595583901162714));
#2926=CARTESIAN_POINT('',(-0.00793032819766525,-0.00484468737522917,0.0596708284270269));
#2927=CARTESIAN_POINT('',(-0.00743562330857965,-0.00454226053776174,0.0597831113064079));
#2928=CARTESIAN_POINT('',(-0.00694035919147869,-0.00424031971558453,0.0598955822018207));
#2929=CARTESIAN_POINT('',(-0.00645670302211697,-0.0039426630995171,0.060005196939709));
#2930=CARTESIAN_POINT('',(-0.00614412881182356,-0.00373481875759069,0.0600753837868668));
#2931=CARTESIAN_POINT('',(-0.00599298892260892,-0.00363408737586027,0.0601093116309634));
#2932=CARTESIAN_POINT('',(-0.00997254267766609,-0.00579598122217089,0.0592007700300786));
#2933=CARTESIAN_POINT('',(-0.00982617870605871,-0.00571090370169931,0.0592340911496283));
#2934=CARTESIAN_POINT('',(-0.00951281465790675,-0.00552875620555725,0.0593054309491149));
#2935=CARTESIAN_POINT('',(-0.00903207571184002,-0.00524939309092563,0.0594148632598985));
#2936=CARTESIAN_POINT('',(-0.00853130700349056,-0.00495840076241275,0.0595288807580392));
#2937=CARTESIAN_POINT('',(-0.00802973517983568,-0.00466683875308398,0.0596430479586916));
#2938=CARTESIAN_POINT('',(-0.00752887999821457,-0.00437551350256469,0.0597570711965462));
#2939=CARTESIAN_POINT('',(-0.00702732223710315,-0.00408503352711799,0.0598712579046066));
#2940=CARTESIAN_POINT('',(-0.00653818233275546,-0.00379697424921429,0.0599825949020538));
#2941=CARTESIAN_POINT('',(-0.00621751270419629,-0.00360365714943779,0.0600558842557465));
#2942=CARTESIAN_POINT('',(-0.00606239024020624,-0.0035100748596475,0.0600913420630021));
#2943=CARTESIAN_POINT('',(-0.0100316380472711,-0.00568880006075617,0.0591904256238786));
#2944=CARTESIAN_POINT('',(-0.00988438805705727,-0.00560527532426345,0.059223902204416));
#2945=CARTESIAN_POINT('',(-0.00956913631854731,-0.00542645919031037,0.0592955732393037));
#2946=CARTESIAN_POINT('',(-0.00908574751398309,-0.0051523890652567,0.05940547108185));
#2947=CARTESIAN_POINT('',(-0.00858156145650009,-0.00486659610825894,0.0595200778662264));
#2948=CARTESIAN_POINT('',(-0.00807748179853791,-0.00458058831822093,0.0596346936009592));
#2949=CARTESIAN_POINT('',(-0.00757365690399934,-0.00429455282822582,0.0597492474030625));
#2950=CARTESIAN_POINT('',(-0.00706887113804634,-0.004009779658642,0.0598639351710814));
#2951=CARTESIAN_POINT('',(-0.006577648137311,-0.00372572561044006,0.0599758741379857));
#2952=CARTESIAN_POINT('',(-0.00625209721948381,-0.00354123229808236,0.0600500359475433));
#2953=CARTESIAN_POINT('',(-0.00609456154170008,-0.00345200999588396,0.0600859228568218));
#2954=CARTESIAN_POINT('',(-0.0101254172128812,-0.00551932982436065,0.059189663023259));
#2955=CARTESIAN_POINT('',(-0.00997670176743821,-0.00543824163655596,0.0592231674424091));
#2956=CARTESIAN_POINT('',(-0.00965834239189114,-0.00526465828402402,0.0592948927677621));
#2957=CARTESIAN_POINT('',(-0.00917097975173046,-0.00499904473298977,0.0594047328585138));
#2958=CARTESIAN_POINT('',(-0.00866148177042943,-0.0047214699350241,0.0595194704487596));
#2959=CARTESIAN_POINT('',(-0.00815325848649541,-0.0044442482917963,0.0596340425365434));
#2960=CARTESIAN_POINT('',(-0.00764465315017559,-0.00416661671465738,0.0597486683840392));
#2961=CARTESIAN_POINT('',(-0.00713496191985835,-0.00389056090315828,0.0598632989143278));
#2962=CARTESIAN_POINT('',(-0.00663969521389097,-0.00361401987067358,0.0599756644207028));
#2963=CARTESIAN_POINT('',(-0.00630796441748971,-0.00344064045074584,0.0600496451817481));
#2964=CARTESIAN_POINT('',(-0.00614738714354142,-0.00335688582331274,0.0600854377072188));
#2965=CARTESIAN_POINT('',(-0.0101616718066554,-0.00545427668688668,0.0591935094694916));
#2966=CARTESIAN_POINT('',(-0.0100124491757194,-0.00537415579973868,0.0592269555940308));
#2967=CARTESIAN_POINT('',(-0.00969299675108256,-0.0052026397558707,0.0592985567011278));
#2968=CARTESIAN_POINT('',(-0.00920376688132811,-0.00494010015665814,0.0594082218922749));
#2969=CARTESIAN_POINT('',(-0.0086926555141935,-0.00466589164625157,0.0595227358542002));
#2970=CARTESIAN_POINT('',(-0.00818244045482844,-0.0043918503074177,0.0596371417772495));
#2971=CARTESIAN_POINT('',(-0.00767201471844124,-0.00411754675636561,0.0597515892614862));
#2972=CARTESIAN_POINT('',(-0.00716063197248261,-0.00384458649665193,0.0598659411981176));
#2973=CARTESIAN_POINT('',(-0.00666319043980157,-0.00357192736319302,0.0599784241017432));
#2974=CARTESIAN_POINT('',(-0.00633034089582146,-0.00340037135228682,0.0600517208890008));
#2975=CARTESIAN_POINT('',(-0.00616922696637116,-0.00331748813717151,0.0600871713092269));
#2976=CARTESIAN_POINT('',(-0.0102293768726885,-0.00533360075903917,0.0592096419938464));
#2977=CARTESIAN_POINT('',(-0.0100792392099748,-0.005255298220851,0.0592428402741005));
#2978=CARTESIAN_POINT('',(-0.00975780063455493,-0.0050876600328999,0.0593139145978832));
#2979=CARTESIAN_POINT('',(-0.00926480485162315,-0.00483066557071486,0.0594228738451366));
#2980=CARTESIAN_POINT('',(-0.00875093577491055,-0.00456279372640042,0.0595364809861044));
#2981=CARTESIAN_POINT('',(-0.00823669689969924,-0.00429459317794461,0.0596501628312803));
#2982=CARTESIAN_POINT('',(-0.00772294296302158,-0.00402637747926816,0.0597638285779398));
#2983=CARTESIAN_POINT('',(-0.00720823193711338,-0.00375948050171887,0.0598772217877886));
#2984=CARTESIAN_POINT('',(-0.00670732442224067,-0.0034928594462984,0.0599894239999496));
#2985=CARTESIAN_POINT('',(-0.00637095321274504,-0.00332742727828254,0.0600610137004834));
#2986=CARTESIAN_POINT('',(-0.00620811724436873,-0.00324753841871692,0.0600956158355265));
#2987=CARTESIAN_POINT('',(-0.0102608177353689,-0.00527778378182394,0.059221813509495));
#2988=CARTESIAN_POINT('',(-0.0101102084774933,-0.00520030388155662,0.059254833116356));
#2989=CARTESIAN_POINT('',(-0.00978775888566292,-0.00503442440844228,0.0593255255070175));
#2990=CARTESIAN_POINT('',(-0.00929317662974172,-0.00478006042534471,0.0594339148895648));
#2991=CARTESIAN_POINT('',(-0.00877782949746565,-0.00451501948119448,0.0595468903049555));
#2992=CARTESIAN_POINT('',(-0.00826184816509123,-0.0042495706079961,0.0596599900521288));
#2993=CARTESIAN_POINT('',(-0.00774642934786146,-0.0039842765661878,0.0597730329183408));
#2994=CARTESIAN_POINT('',(-0.00723043930469869,-0.00371967279903651,0.0598858752912155));
#2995=CARTESIAN_POINT('',(-0.00672687835041706,-0.00345768640401481,0.0599972425332592));
#2996=CARTESIAN_POINT('',(-0.0063913981548277,-0.00329076807253496,0.0600688534962761));
#2997=CARTESIAN_POINT('',(-0.00622903205329535,-0.00321009347835692,0.0601034743136958));
#2998=CARTESIAN_POINT('',(-0.0102889438471097,-0.00522710636607196,0.059237340313479));
#2999=CARTESIAN_POINT('',(-0.0101378905618892,-0.00515036662115619,0.0592701316033905));
#3000=CARTESIAN_POINT('',(-0.00981449938314871,-0.00498607388852762,0.0593403351390997));
#3001=CARTESIAN_POINT('',(-0.00931871349877346,-0.0047341992304293,0.0594479737546607));
#3002=CARTESIAN_POINT('',(-0.00880178080691517,-0.00447158039291731,0.0595601862124767));
#3003=CARTESIAN_POINT('',(-0.0082845194361639,-0.00420879663709518,0.0596724905671543));
#3004=CARTESIAN_POINT('',(-0.00776756283104338,-0.00394616650968399,0.0597847133704194));
#3005=CARTESIAN_POINT('',(-0.00725050287563781,-0.00368348387507471,0.0598969661762059));
#3006=CARTESIAN_POINT('',(-0.00674427411747119,-0.00342630394204382,0.0600068664260247));
#3007=CARTESIAN_POINT('',(-0.00641034449646664,-0.00325665725913426,0.0600793584885969));
#3008=CARTESIAN_POINT('',(-0.00624877719941617,-0.00317457602225845,0.0601144327452452));
#3009=CARTESIAN_POINT('',(-0.00958524008826175,-0.00661492458585198,0.0594013382462893));
#3010=CARTESIAN_POINT('',(-0.00942558151582308,-0.00650474332001846,0.059435810076512));
#3011=CARTESIAN_POINT('',(-0.00910628208240467,-0.00628439301112743,0.0595047499128822));
#3012=CARTESIAN_POINT('',(-0.00862809290706736,-0.00595438276485721,0.0596080166770641));
#3013=CARTESIAN_POINT('',(-0.00814883444644976,-0.00562362138941952,0.059711478182737));
#3014=CARTESIAN_POINT('',(-0.00767045973274505,-0.00529359649981674,0.0598148092456684));
#3015=CARTESIAN_POINT('',(-0.00719204294573936,-0.0049629799332024,0.0599180123236188));
#3016=CARTESIAN_POINT('',(-0.00671258097733482,-0.00463379103496309,0.0600219050878582));
#3017=CARTESIAN_POINT('',(-0.00623651914226225,-0.00429892708523784,0.0601233324678524));
#3018=CARTESIAN_POINT('',(-0.00592780768538067,-0.00406130776772968,0.0601851171831756));
#3019=CARTESIAN_POINT('',(-0.00577344705871266,-0.00394249433874492,0.0602160105211557));
#3020=CARTESIAN_POINT('',(-0.0095260400179158,-0.00672038281746275,0.0599605742202572));
#3021=CARTESIAN_POINT('',(-0.00938616576044227,-0.00662170713132151,0.0599827535433399));
#3022=CARTESIAN_POINT('',(-0.0090866727758713,-0.00641042629525179,0.0600302425446594));
#3023=CARTESIAN_POINT('',(-0.00862816468656394,-0.00608695231458115,0.0601029338139916));
#3024=CARTESIAN_POINT('',(-0.00814891516364739,-0.00574884795725969,0.0601789506618086));
#3025=CARTESIAN_POINT('',(-0.00767065606215268,-0.00541151994750452,0.0602546940834377));
#3026=CARTESIAN_POINT('',(-0.00719205952467167,-0.00507354401638852,0.060330893504365));
#3027=CARTESIAN_POINT('',(-0.00671263454741105,-0.00473660595461825,0.0604057460285853));
#3028=CARTESIAN_POINT('',(-0.00625541337978238,-0.00440943790040797,0.0604824166602114));
#3029=CARTESIAN_POINT('',(-0.00596448076562071,-0.00418733130437083,0.0605433198933025));
#3030=CARTESIAN_POINT('',(-0.00582835770474546,-0.00408303952135156,0.060572138735843));
#3031=CARTESIAN_POINT('',(-0.00952567584445346,-0.00669119884409227,0.0598375034258655));
#3032=CARTESIAN_POINT('',(-0.00938588378313993,-0.0065929909976948,0.0598614237108331));
#3033=CARTESIAN_POINT('',(-0.00908654095282766,-0.00638269984793411,0.0599126676688297));
#3034=CARTESIAN_POINT('',(-0.00862757817726707,-0.00606042225559587,0.0599918302984627));
#3035=CARTESIAN_POINT('',(-0.00814882888042465,-0.0057239088027492,0.0600731008104096));
#3036=CARTESIAN_POINT('',(-0.00767009196711036,-0.00538792770771877,0.0601560222954928));
#3037=CARTESIAN_POINT('',(-0.00719162904427753,-0.00505141162684956,0.0602380193741387));
#3038=CARTESIAN_POINT('',(-0.00671218261017136,-0.00471600571183876,0.0603194989055787));
#3039=CARTESIAN_POINT('',(-0.00625498198805655,-0.00438999422813468,0.0604008736968069));
#3040=CARTESIAN_POINT('',(-0.00596407299582003,-0.00416795813353319,0.0604612551085397));
#3041=CARTESIAN_POINT('',(-0.00582796126858804,-0.00406368159250654,0.0604897360637522));
#3042=CARTESIAN_POINT('',(-0.00952538275812905,-0.0066685945356338,0.0597463799934834));
#3043=CARTESIAN_POINT('',(-0.0093856985700733,-0.00657078509099082,0.0597716151738801));
#3044=CARTESIAN_POINT('',(-0.00908654947221608,-0.00636132305694594,0.059825682316243));
#3045=CARTESIAN_POINT('',(-0.00862689670706055,-0.00603968096684074,0.059909373319469));
#3046=CARTESIAN_POINT('',(-0.00814931762783151,-0.00570506371303311,0.059995057676434));
#3047=CARTESIAN_POINT('',(-0.00766948827761984,-0.00536949698974969,0.0600827361360026));
#3048=CARTESIAN_POINT('',(-0.00719133103859558,-0.00503429204208453,0.0601692058410939));
#3049=CARTESIAN_POINT('',(-0.00671182101544079,-0.00470002967398558,0.0602555348660506));
#3050=CARTESIAN_POINT('',(-0.00625465175571988,-0.00437490759181315,0.0603403591120138));
#3051=CARTESIAN_POINT('',(-0.00596370847831355,-0.00415283489489955,0.0604003149139655));
#3052=CARTESIAN_POINT('',(-0.00582757926314567,-0.00404852516085106,0.0604285268531599));
#3053=CARTESIAN_POINT('',(-0.00952540042616216,-0.00663620777472719,0.0596255460237705));
#3054=CARTESIAN_POINT('',(-0.00938571590656809,-0.00653890345758254,0.0596526662000008));
#3055=CARTESIAN_POINT('',(-0.00908656708584333,-0.00633051123773279,0.0597107228960545));
#3056=CARTESIAN_POINT('',(-0.00862694089245156,-0.0060101958606202,0.0597992892643745));
#3057=CARTESIAN_POINT('',(-0.0081492646048937,-0.00567756636313886,0.0598926493788145));
#3058=CARTESIAN_POINT('',(-0.00766946497719719,-0.00534320279787524,0.0599847349506623));
#3059=CARTESIAN_POINT('',(-0.00719134192350929,-0.00500975999410495,0.0600776840665523));
#3060=CARTESIAN_POINT('',(-0.0067118246072181,-0.00467717619956558,0.0601702925937742));
#3061=CARTESIAN_POINT('',(-0.00625464289721892,-0.00435325320106305,0.0602596243310735));
#3062=CARTESIAN_POINT('',(-0.00596370408228664,-0.00413099446395815,0.0603188824289661));
#3063=CARTESIAN_POINT('',(-0.00582757728529722,-0.00402657237750247,0.0603466728348349));
#3064=CARTESIAN_POINT('',(-0.00952557114650809,-0.00660996830161458,0.0595345126408197));
#3065=CARTESIAN_POINT('',(-0.0093857709374896,-0.00651297653699836,0.0595629942287637));
#3066=CARTESIAN_POINT('',(-0.00908641455868482,-0.00630527938425428,0.0596239576740009));
#3067=CARTESIAN_POINT('',(-0.00862753428003861,-0.00598671273003046,0.0597167555839579));
#3068=CARTESIAN_POINT('',(-0.0081488031428854,-0.00565471318092707,0.0598148375944882));
#3069=CARTESIAN_POINT('',(-0.00766998589632092,-0.0053223206196352,0.0599113681897542));
#3070=CARTESIAN_POINT('',(-0.00719163530023623,-0.00499003157521075,0.0600088465024586));
#3071=CARTESIAN_POINT('',(-0.00671216975558987,-0.00465888721100975,0.0601062862357658));
#3072=CARTESIAN_POINT('',(-0.00625492811102578,-0.00433590751024543,0.0601990915460484));
#3073=CARTESIAN_POINT('',(-0.00596401552302576,-0.00411346219308442,0.060257959496903));
#3074=CARTESIAN_POINT('',(-0.00582790271356928,-0.00400893182738593,0.0602854980156691));
#3075=CARTESIAN_POINT('',(-0.00952588454233551,-0.00657396299166533,0.0594141536895135));
#3076=CARTESIAN_POINT('',(-0.00938601291683487,-0.0064774367868593,0.0594443533737945));
#3077=CARTESIAN_POINT('',(-0.00908652786942551,-0.00627076013730605,0.05950901591002));
#3078=CARTESIAN_POINT('',(-0.00862809290706736,-0.00595438276485721,0.0596080166770641));
#3079=CARTESIAN_POINT('',(-0.00814883444644976,-0.00562362138941952,0.059711478182737));
#3080=CARTESIAN_POINT('',(-0.00767045973274505,-0.00529359649981674,0.0598148092456684));
#3081=CARTESIAN_POINT('',(-0.00719204294573936,-0.0049629799332024,0.0599180123236188));
#3082=CARTESIAN_POINT('',(-0.00671258097733482,-0.00463379103496309,0.0600219050878582));
#3083=CARTESIAN_POINT('',(-0.0062553012482307,-0.00431213849964958,0.0601193308452504));
#3084=CARTESIAN_POINT('',(-0.00596437600754573,-0.00408938119022415,0.0601777841356009));
#3085=CARTESIAN_POINT('',(-0.00582825758690071,-0.00398467400905352,0.0602050391840243));
#3086=CARTESIAN_POINT('',(-0.00958539670272859,-0.00676225648405577,0.0599511624848235));
#3087=CARTESIAN_POINT('',(-0.00942573529951175,-0.00664962179923356,0.0599764794134245));
#3088=CARTESIAN_POINT('',(-0.00910643020485101,-0.00642436492453108,0.060027110462135));
#3089=CARTESIAN_POINT('',(-0.00862816475167884,-0.00608695227334298,0.060102934037857));
#3090=CARTESIAN_POINT('',(-0.00814891522871662,-0.00574884791606653,0.0601789508856996));
#3091=CARTESIAN_POINT('',(-0.00767065612726877,-0.00541151990633575,0.0602546943073898));
#3092=CARTESIAN_POINT('',(-0.00719205958988833,-0.00507354397521701,0.0603308937282154));
#3093=CARTESIAN_POINT('',(-0.0067126346126509,-0.00473660591356003,0.0604057462524187));
#3094=CARTESIAN_POINT('',(-0.00623663374443922,-0.00439599990267036,0.0604855660199159));
#3095=CARTESIAN_POINT('',(-0.00592791140106082,-0.00415935652355835,0.0605510246861292));
#3096=CARTESIAN_POINT('',(-0.00577354533097167,-0.00404103107925658,0.0605837550578479));
#3097=CARTESIAN_POINT('',(-0.0102893613366387,-0.00564227035984421,0.0607867474895331));
#3098=CARTESIAN_POINT('',(-0.0101383174541541,-0.00555944438378935,0.0607967929821856));
#3099=CARTESIAN_POINT('',(-0.00981494208965611,-0.00538211912593484,0.0608182995391033));
#3100=CARTESIAN_POINT('',(-0.00931910275198644,-0.00511021930667795,0.0608512706195522));
#3101=CARTESIAN_POINT('',(-0.00880215485517484,-0.00482674999741227,0.0608856578160291));
#3102=CARTESIAN_POINT('',(-0.00828486004961702,-0.0045430832518313,0.0609200515472076));
#3103=CARTESIAN_POINT('',(-0.00776786363354318,-0.00425958709206146,0.060954438971055));
#3104=CARTESIAN_POINT('',(-0.00725081318047671,-0.00397605543246183,0.0609888211750321));
#3105=CARTESIAN_POINT('',(-0.00674417614108103,-0.00369823697678875,0.0610225149676033));
#3106=CARTESIAN_POINT('',(-0.0064099337541039,-0.00351495191365011,0.0610447427427631));
#3107=CARTESIAN_POINT('',(-0.00624803579016591,-0.00342617358242395,0.0610555092618483));
#3108=CARTESIAN_POINT('',(-0.0102647426233457,-0.00568748340471881,0.0607763505664683));
#3109=CARTESIAN_POINT('',(-0.010114075855,-0.0056040148116498,0.0607865420955197));
#3110=CARTESIAN_POINT('',(-0.00979150170047935,-0.0054253105902963,0.060808362634933));
#3111=CARTESIAN_POINT('',(-0.00929672712085493,-0.0051512124355706,0.0608418504087702));
#3112=CARTESIAN_POINT('',(-0.00878135716767634,-0.00486517391078582,0.0608768112334933));
#3113=CARTESIAN_POINT('',(-0.00826433620730017,-0.00458069202075046,0.0609114103274748));
#3114=CARTESIAN_POINT('',(-0.00775174308127873,-0.0042892484112615,0.0609476215532383));
#3115=CARTESIAN_POINT('',(-0.00722442280335261,-0.00402455324209365,0.0609776726967888));
#3116=CARTESIAN_POINT('',(-0.00673016116821465,-0.00372398043607218,0.0610166056127667));
#3117=CARTESIAN_POINT('',(-0.00639578330277365,-0.00354093846228203,0.0610388068327832));
#3118=CARTESIAN_POINT('',(-0.00623370156536469,-0.00345249503338798,0.0610495109083736));
#3119=CARTESIAN_POINT('',(-0.0102376492205563,-0.00573476067449547,0.0607618157924934));
#3120=CARTESIAN_POINT('',(-0.0100873800676127,-0.00565060958594821,0.0607722151389484));
#3121=CARTESIAN_POINT('',(-0.00976565872945344,-0.00547044302102204,0.0607944815903216));
#3122=CARTESIAN_POINT('',(-0.00927223287019988,-0.00519407171092937,0.0608286793273829));
#3123=CARTESIAN_POINT('',(-0.00875823357015752,-0.00490552064619581,0.0608644066554366));
#3124=CARTESIAN_POINT('',(-0.00824236356702723,-0.00461921952340655,0.0608995488180957));
#3125=CARTESIAN_POINT('',(-0.00773238271180781,-0.00432353716036133,0.0609371677656087));
#3126=CARTESIAN_POINT('',(-0.00720192104122272,-0.00406333122123067,0.060965483339245));
#3127=CARTESIAN_POINT('',(-0.00671340607401801,-0.00375367224133036,0.0610075602805431));
#3128=CARTESIAN_POINT('',(-0.00637976451312972,-0.00356927063239429,0.0610301998166195));
#3129=CARTESIAN_POINT('',(-0.00621799593379446,-0.00348023461039854,0.0610410929133083));
#3130=CARTESIAN_POINT('',(-0.0101794957274678,-0.00583235839953792,0.0607238904370655));
#3131=CARTESIAN_POINT('',(-0.010029981132774,-0.00574674249379368,0.0607348497651735));
#3132=CARTESIAN_POINT('',(-0.00970990577643726,-0.00556344989700657,0.0607583134379994));
#3133=CARTESIAN_POINT('',(-0.00921981411422654,-0.00528255217855738,0.0607943027292473));
#3134=CARTESIAN_POINT('',(-0.00870822963792004,-0.00498895728039117,0.0608320308389282));
#3135=CARTESIAN_POINT('',(-0.00819581459040477,-0.00469775486766469,0.0608687869040461));
#3136=CARTESIAN_POINT('',(-0.00768850166765062,-0.00439798739987157,0.0609092273818998));
#3137=CARTESIAN_POINT('',(-0.00716184424542532,-0.0041295875421277,0.0609361815624007));
#3138=CARTESIAN_POINT('',(-0.00667549590051429,-0.00381806690339832,0.0609834000448309));
#3139=CARTESIAN_POINT('',(-0.00634458870536072,-0.00362900917907356,0.0610075620770849));
#3140=CARTESIAN_POINT('',(-0.00618416315565382,-0.00353766906317015,0.0610191660164873));
#3141=CARTESIAN_POINT('',(-0.0101484485904314,-0.00588275829739185,0.060700360865006));
#3142=CARTESIAN_POINT('',(-0.00999930497680552,-0.00579636049674259,0.0607116741405153));
#3143=CARTESIAN_POINT('',(-0.00968004788751162,-0.00561140660594792,0.0607358925417364));
#3144=CARTESIAN_POINT('',(-0.00919184867055376,-0.00532829861557783,0.0607729580797129));
#3145=CARTESIAN_POINT('',(-0.00868152615741349,-0.00503190743800382,0.0608119924978646));
#3146=CARTESIAN_POINT('',(-0.00817071814598798,-0.00473865478162263,0.0608495688879571));
#3147=CARTESIAN_POINT('',(-0.0076658177429789,-0.00443504697222053,0.0608924218765684));
#3148=CARTESIAN_POINT('',(-0.00713732515356533,-0.00416886185014158,0.0609160478207124));
#3149=CARTESIAN_POINT('',(-0.00665587817513681,-0.00385016850127225,0.0609688544798957));
#3150=CARTESIAN_POINT('',(-0.00632605060643711,-0.00365936205630919,0.0609937222247423));
#3151=CARTESIAN_POINT('',(-0.00616611733652951,-0.0035672173758988,0.0610056255572742));
#3152=CARTESIAN_POINT('',(-0.01006659538266,-0.00601247457769914,0.0606301747142027));
#3153=CARTESIAN_POINT('',(-0.00991871328059031,-0.0059242004194984,0.0606425098359646));
#3154=CARTESIAN_POINT('',(-0.00960213908226921,-0.00573521956873095,0.0606689185715559));
#3155=CARTESIAN_POINT('',(-0.00911757766227232,-0.00544567679993096,0.0607094123383899));
#3156=CARTESIAN_POINT('',(-0.00861156033449062,-0.00514305059769254,0.0607519378244313));
#3157=CARTESIAN_POINT('',(-0.00810492233222054,-0.00484259560896092,0.060793072080384));
#3158=CARTESIAN_POINT('',(-0.00760310010882684,-0.00453455106815077,0.0608394400506996));
#3159=CARTESIAN_POINT('',(-0.00708271028247422,-0.00425423378928472,0.0608666336392004));
#3160=CARTESIAN_POINT('',(-0.00660165405478553,-0.00393623339100852,0.0609230860632812));
#3161=CARTESIAN_POINT('',(-0.00627601810399631,-0.00373884468314111,0.0609514971467748));
#3162=CARTESIAN_POINT('',(-0.00611817113965693,-0.00364341152433235,0.0609651329782345));
#3163=CARTESIAN_POINT('',(-0.0100143023228919,-0.00609198745400751,0.0605777922960596));
#3164=CARTESIAN_POINT('',(-0.0098673348582774,-0.00600260804085487,0.0605908839444329));
#3165=CARTESIAN_POINT('',(-0.00955267550931464,-0.00581124090528329,0.0606189168405999));
#3166=CARTESIAN_POINT('',(-0.0090698996506401,-0.00551750804355565,0.0606620200603709));
#3167=CARTESIAN_POINT('',(-0.00856708921649231,-0.00521135170188333,0.0607070232773017));
#3168=CARTESIAN_POINT('',(-0.0080628520734682,-0.00490602056376861,0.0607511944487734));
#3169=CARTESIAN_POINT('',(-0.00756239800716881,-0.00459617840797742,0.0607989366868472));
#3170=CARTESIAN_POINT('',(-0.00704963890495726,-0.00430401330688329,0.0608333154437171));
#3171=CARTESIAN_POINT('',(-0.00656643516975822,-0.00398951415554585,0.0608881299860955));
#3172=CARTESIAN_POINT('',(-0.00624373910449231,-0.00378774928012533,0.0609196830640111));
#3173=CARTESIAN_POINT('',(-0.00608737815950859,-0.00369010124633478,0.0609349009018739));
#3174=CARTESIAN_POINT('',(-0.0099117805555933,-0.00624056158634818,0.0604661260051387));
#3175=CARTESIAN_POINT('',(-0.00976630177897895,-0.00614896394751807,0.0604808748074819));
#3176=CARTESIAN_POINT('',(-0.0094548339749142,-0.00595285544758609,0.0605124520166395));
#3177=CARTESIAN_POINT('',(-0.00897706751275617,-0.00565205740970202,0.0605608955999898));
#3178=CARTESIAN_POINT('',(-0.00847930934266393,-0.00533866613795569,0.0606113472233833));
#3179=CARTESIAN_POINT('',(-0.00798081838716138,-0.00502476433289529,0.060661910540378));
#3180=CARTESIAN_POINT('',(-0.00748283295407616,-0.0047114211734936,0.0607123513352401));
#3181=CARTESIAN_POINT('',(-0.00698499378324917,-0.00439726181231182,0.0607629862911289));
#3182=CARTESIAN_POINT('',(-0.00649764492560726,-0.00408916826491896,0.0608134331962674));
#3183=CARTESIAN_POINT('',(-0.00618061990788252,-0.00387941235525742,0.0608516359949171));
#3184=CARTESIAN_POINT('',(-0.00602712552264178,-0.00377771976804901,0.0608702104567856));
#3185=CARTESIAN_POINT('',(-0.00986276112145541,-0.00630818389719202,0.0604084048177994));
#3186=CARTESIAN_POINT('',(-0.00971797165749232,-0.00621556584585187,0.0604240121677782));
#3187=CARTESIAN_POINT('',(-0.00940798955871624,-0.00601728038538327,0.060457424700916));
#3188=CARTESIAN_POINT('',(-0.00893276484111135,-0.00571334822179678,0.0605086088296135));
#3189=CARTESIAN_POINT('',(-0.00843716330554504,-0.00539649542649767,0.0605619222877153));
#3190=CARTESIAN_POINT('',(-0.0079416113764103,-0.00507892270254747,0.0606157111167869));
#3191=CARTESIAN_POINT('',(-0.00744498420824501,-0.00476361291871866,0.060667718508284));
#3192=CARTESIAN_POINT('',(-0.00695349669158337,-0.00444076473839093,0.0607261315302575));
#3193=CARTESIAN_POINT('',(-0.00646493735332513,-0.00413430863604276,0.0607749387514362));
#3194=CARTESIAN_POINT('',(-0.00615048851316237,-0.00392116616989434,0.0608164346881413));
#3195=CARTESIAN_POINT('',(-0.00599828999946045,-0.00381776963971999,0.0608366665348016));
#3196=CARTESIAN_POINT('',(-0.00972085849626316,-0.00649536888809382,0.060232780173324));
#3197=CARTESIAN_POINT('',(-0.00957818814793605,-0.00640001514865615,0.0602509668106083));
#3198=CARTESIAN_POINT('',(-0.00927273244529722,-0.0061958687366437,0.0602899015952128));
#3199=CARTESIAN_POINT('',(-0.00880416947619571,-0.00588284317512019,0.0603495574036154));
#3200=CARTESIAN_POINT('',(-0.00831578145926063,-0.0055566986733892,0.0604116090571794));
#3201=CARTESIAN_POINT('',(-0.00782749187906816,-0.00522946860062924,0.0604745306639004));
#3202=CARTESIAN_POINT('',(-0.00733725047744301,-0.00490556424558408,0.0605342705219471));
#3203=CARTESIAN_POINT('',(-0.00685555979089926,-0.00457037659275111,0.0606054565425623));
#3204=CARTESIAN_POINT('',(-0.00637179870854232,-0.00425718596483473,0.0606597357559654));
#3205=CARTESIAN_POINT('',(-0.00606397447731695,-0.00403604067995996,0.0607102408728703));
#3206=CARTESIAN_POINT('',(-0.00591503398579215,-0.00392871712518379,0.0607349133812657));
#3207=CARTESIAN_POINT('',(-0.00963163494776665,-0.00660256303232034,0.0601127980278458));
#3208=CARTESIAN_POINT('',(-0.00949027484725232,-0.00650565039575452,0.0601327385949373));
#3209=CARTESIAN_POINT('',(-0.00918762425161681,-0.00629816469877926,0.0601754287337893));
#3210=CARTESIAN_POINT('',(-0.00872336108352893,-0.00597997153083556,0.0602408507335504));
#3211=CARTESIAN_POINT('',(-0.00823964009508331,-0.00564831653056875,0.060309105525591));
#3212=CARTESIAN_POINT('',(-0.00775527085479779,-0.00531635102177511,0.0603773589783925));
#3213=CARTESIAN_POINT('',(-0.00727153964255778,-0.00498462931061046,0.0604456570103427));
#3214=CARTESIAN_POINT('',(-0.00678718310140646,-0.00465319931277063,0.0605134970783115));
#3215=CARTESIAN_POINT('',(-0.00631497757732124,-0.00432573138090137,0.060583157213706));
#3216=CARTESIAN_POINT('',(-0.00601037607642859,-0.00410133534657784,0.0606385250897619));
#3217=CARTESIAN_POINT('',(-0.00586293394157894,-0.00399252502565868,0.0606654777610837));
#3218=CARTESIAN_POINT('',(-0.00952619516512833,-0.00672049218046894,0.0599605498533735));
#3219=CARTESIAN_POINT('',(-0.00938626920555391,-0.00662178002077311,0.0599827373748356));
#3220=CARTESIAN_POINT('',(-0.00908672446163265,-0.0064104626720919,0.0600302345847392));
#3221=CARTESIAN_POINT('',(-0.00862816475167884,-0.00608695227334298,0.060102934037857));
#3222=CARTESIAN_POINT('',(-0.00814891522871662,-0.00574884791606653,0.0601789508856996));
#3223=CARTESIAN_POINT('',(-0.00767065612726877,-0.00541151990633575,0.0602546943073898));
#3224=CARTESIAN_POINT('',(-0.00719205958988833,-0.00507354397521701,0.0603308937282154));
#3225=CARTESIAN_POINT('',(-0.0067126346126509,-0.00473660591356003,0.0604057462524187));
#3226=CARTESIAN_POINT('',(-0.00624626018833226,-0.00440288817719343,0.0604839517780843));
#3227=CARTESIAN_POINT('',(-0.00594664928969684,-0.00417370469949649,0.0605470646240347));
#3228=CARTESIAN_POINT('',(-0.00580164074792542,-0.00406256601443277,0.060577798747787));
#3229=CARTESIAN_POINT('',(-0.006535764994339,-3.57423213587171E-23,0.0614692683883408));
#3230=CARTESIAN_POINT('',(-0.0106426096568252,-5.82015379652282E-23,0.0614681698190581));
#3231=CARTESIAN_POINT('',(-0.0106409013849635,-0.00453164871353796,0.0634022485994982));
#3232=CARTESIAN_POINT('',(-0.0106411753013315,-0.00394078506467182,0.064425653893115));
#3233=CARTESIAN_POINT('',(-0.0106409014964689,-0.00453164273519765,0.0634022620134422));
#3234=CARTESIAN_POINT('',(-0.00927230304167456,-0.00394879596431121,0.0631538749488097));
#3235=CARTESIAN_POINT('',(-0.00790370458688119,-0.00336594919342276,0.0629054878841763));
#3236=CARTESIAN_POINT('',(-0.00653510613209394,-0.00278310242252215,0.0626571008195378));
#3237=CARTESIAN_POINT('',(-0.00653505590847776,-0.00278319547360102,0.0626571592019768));
#3238=CARTESIAN_POINT('',(-0.006535764994339,-3.57423213587171E-23,0.0614692683883408));
#3239=CARTESIAN_POINT('',(-0.00653488505607394,-0.00242008898022445,0.063285497791102));
#3240=CARTESIAN_POINT('',(-0.01064117526825,-0.00394080682798365,0.0644256249850215));
#3241=CARTESIAN_POINT('',(-0.0106638809272595,6.93895210544519E-18,0.0614681641290537));
#3242=CARTESIAN_POINT('',(-0.0106386756472718,-0.00453069533253591,0.0634018582668122));
#3243=CARTESIAN_POINT('',(-0.0102200430990498,-0.00519150036398816,0.0636840103629194));
#3244=CARTESIAN_POINT('',(-0.010642767744156,-0.00489258491822535,0.0620591567696947));
#3245=CARTESIAN_POINT('',(-0.0106428912811459,-0.00483679992426042,0.0625209821963179));
#3246=CARTESIAN_POINT('',(-0.0106430126780967,-0.00471519782718355,0.0629748073920818));
#3247=CARTESIAN_POINT('',(-0.0106431271254322,-0.00453259633102358,0.0634026524411249));
#3248=CARTESIAN_POINT('',(-0.0102196313308599,-0.00560382557571651,0.0621452363758201));
#3249=CARTESIAN_POINT('',(-0.0102196313057015,-0.00560383525384315,0.0621451563196398));
#3250=CARTESIAN_POINT('',(-0.00950480747207297,-0.00670483633125801,0.0629728796977945));
#3251=CARTESIAN_POINT('',(-0.00961459906027275,-0.0065529853380431,0.0627887155470041));
#3252=CARTESIAN_POINT('',(-0.00984145300614868,-0.00622066662881826,0.0624473703104393));
#3253=CARTESIAN_POINT('',(-0.0100863566542728,-0.00582792114864861,0.0621972802741902));
#3254=CARTESIAN_POINT('',(-0.0102196313057015,-0.00560383525384314,0.0621451563196398));
#3255=CARTESIAN_POINT('',(-0.00950480454648834,-0.00670484123008736,0.0629728807977576));
#3256=CARTESIAN_POINT('',(-0.00950495037515229,-0.00655876613335189,0.0635180404701058));
#3257=CARTESIAN_POINT('',(-0.00950490232798988,-0.00661489527508069,0.0633384230025466));
#3258=CARTESIAN_POINT('',(-0.00950485366374438,-0.00666364175725944,0.0631564986578322));
#3259=CARTESIAN_POINT('',(-0.00950480454648833,-0.00670484123008736,0.0629728807977577));
#3260=CARTESIAN_POINT('',(-0.00950495037515228,-0.00655876613335189,0.0635180404701058));
#3261=CARTESIAN_POINT('',(-0.0102200430990498,-0.0051915003639882,0.0636840103629195));
#3262=CARTESIAN_POINT('',(-0.0100872089514953,-0.00541088822381298,0.0637507583873236));
#3263=CARTESIAN_POINT('',(-0.00984112038889439,-0.0058779978106646,0.0637308807733032));
#3264=CARTESIAN_POINT('',(-0.00961474492633123,-0.00633533312429352,0.0636014939589408));
#3265=CARTESIAN_POINT('',(-0.00950495333827054,-0.00655876127959425,0.0635180389525495));
#3266=CARTESIAN_POINT('',(-0.00654882795813947,5.82015379652764E-23,0.0614692648940351));
#3267=CARTESIAN_POINT('',(-0.00627626026792244,-0.00318816834025318,0.0628300486697533));
#3268=CARTESIAN_POINT('',(-0.00611849198859879,-0.00344852754040423,0.0629098178141386));
#3269=CARTESIAN_POINT('',(-0.00598129521118105,-0.00373473793097965,0.0628341377921327));
#3270=CARTESIAN_POINT('',(-0.00585024218656258,-0.00400105839042867,0.0627381316678967));
#3271=CARTESIAN_POINT('',(-0.00627626026792245,-0.00318816834025318,0.0628300486697533));
#3272=CARTESIAN_POINT('',(-0.00585024212962719,-0.00400105854728574,0.0627381314961974));
#3273=CARTESIAN_POINT('',(-0.00585024212962719,-0.00400105854728574,0.0627381314961974));
#3274=CARTESIAN_POINT('',(-0.00585075646138695,-0.00403844043831672,0.0626171357231162));
#3275=CARTESIAN_POINT('',(-0.00585072340988202,-0.00407123195910444,0.0624947603136549));
#3276=CARTESIAN_POINT('',(-0.00585014392732784,-0.00409935828423359,0.0623712723652506));
#3277=CARTESIAN_POINT('',(-0.00585014398416,-0.00409935823423826,0.0623712721381172));
#3278=CARTESIAN_POINT('',(-0.00585014398416,-0.00409935823423826,0.0623712721381172));
#3279=CARTESIAN_POINT('',(-0.00598098151033319,-0.00391692178165355,0.0621551240760161));
#3280=CARTESIAN_POINT('',(-0.00611882587072867,-0.00370573722835364,0.0619459512342241));
#3281=CARTESIAN_POINT('',(-0.0062760069812417,-0.00344139129998705,0.06188500970196));
#3282=CARTESIAN_POINT('',(-0.00627600698124171,-0.00344139129998704,0.0618850097019599));
#3283=CARTESIAN_POINT('',(-0.00627600699574,-0.00344138585929328,0.0618850547083794));
#3284=CARTESIAN_POINT('',(-0.00636173782120516,-0.0032953327389787,0.0618673711587594));
#3285=CARTESIAN_POINT('',(-0.00644746864661508,-0.00314927961863116,0.0618496876091355));
#3286=CARTESIAN_POINT('',(-0.00653319947194037,-0.00300322649823566,0.0618320040595059));
#3287=CARTESIAN_POINT('',(-0.00653608283285129,-0.00278390400161627,0.062657462358763));
#3288=CARTESIAN_POINT('',(-0.00653601279097722,-0.00289603926281717,0.0623956207970155));
#3289=CARTESIAN_POINT('',(-0.00653593877912585,-0.00296982385552838,0.062118938041039));
#3290=CARTESIAN_POINT('',(-0.00653586207801577,-0.0030046114488595,0.0618322018747089));
#3291=CARTESIAN_POINT('',(-0.00653338078351903,-0.00278230439926291,0.0626567607020079));
#3292=CARTESIAN_POINT('',(-0.00644767394094461,-0.00291760153506724,0.0627145018991381));
#3293=CARTESIAN_POINT('',(-0.00636196709824133,-0.00305289867080337,0.0627722430962391));
#3294=CARTESIAN_POINT('',(-0.00627626025545353,-0.00318819580649333,0.0628299842933205));
#3295=CARTESIAN_POINT('',(-0.00843777349627764,-0.00393361599847264,0.0631475696384918));
#3296=CARTESIAN_POINT('',(-0.0103540501268354,-0.00525957224460472,0.063713026833965));
#3297=CARTESIAN_POINT('',(-0.0101816919167698,-0.00517201901758582,0.0636757062267698));
#3298=CARTESIAN_POINT('',(-0.00983699461691074,-0.00499692227612002,0.0636010691524792));
#3299=CARTESIAN_POINT('',(-0.00931980835754822,-0.00473420634437285,0.0634890764283258));
#3300=CARTESIAN_POINT('',(-0.00880282131971395,-0.00447159026477683,0.0633771404910938));
#3301=CARTESIAN_POINT('',(-0.00828548734649576,-0.00420879997936401,0.0632651115073578));
#3302=CARTESIAN_POINT('',(-0.00776845178580035,-0.00394616053935342,0.0631531623435217));
#3303=CARTESIAN_POINT('',(-0.00725136218355185,-0.00368349297275085,0.0630411909111675));
#3304=CARTESIAN_POINT('',(-0.00673422848653654,-0.00342080347548973,0.0629292149707893));
#3305=CARTESIAN_POINT('',(-0.00638950492730177,-0.00324569348191956,0.0628545701401935));
#3306=CARTESIAN_POINT('',(-0.00621713767806451,-0.00315813570671951,0.0628172465405297));
#3307=CARTESIAN_POINT('',(-0.00843745260364964,-0.00424601882778585,0.0619816488927273));
#3308=CARTESIAN_POINT('',(-0.0103536324246489,-0.00567731270530513,0.0621539969206382));
#3309=CARTESIAN_POINT('',(-0.0101812646813954,-0.00558279752826328,0.0621426250785304));
#3310=CARTESIAN_POINT('',(-0.0098365483162182,-0.00539377765906399,0.062119882655831));
#3311=CARTESIAN_POINT('',(-0.00931941910329198,-0.00511021186541329,0.0620857756633781));
#3312=CARTESIAN_POINT('',(-0.00880244727004394,-0.00482674019272582,0.062051663615227));
#3313=CARTESIAN_POINT('',(-0.0082851467325551,-0.00454307979212342,0.0620175487047204));
#3314=CARTESIAN_POINT('',(-0.0077681509841643,-0.00425959317257046,0.0619834399718987));
#3315=CARTESIAN_POINT('',(-0.00725105187739145,-0.00397604609301288,0.0619493309721288));
#3316=CARTESIAN_POINT('',(-0.00673397811542888,-0.00369251358536202,0.0619152227101009));
#3317=CARTESIAN_POINT('',(-0.00638921408587227,-0.00350346688626967,0.0618924781366456));
#3318=CARTESIAN_POINT('',(-0.00621682660083196,-0.00340894053717923,0.061881105489037));
#3319=CARTESIAN_POINT('',(-0.00952699602871072,-0.006720488136364,0.062976385878963));
#3320=CARTESIAN_POINT('',(-0.00938705755597879,-0.00662177557247467,0.0629542731327063));
#3321=CARTESIAN_POINT('',(-0.00908748963102937,-0.00641045980412722,0.0629069365805269));
#3322=CARTESIAN_POINT('',(-0.00862895604537099,-0.0060869926734797,0.0628344931731703));
#3323=CARTESIAN_POINT('',(-0.00814964964258402,-0.00574887826892984,0.0627587299601383));
#3324=CARTESIAN_POINT('',(-0.00767122709007358,-0.00541146678291726,0.0626832219917231));
#3325=CARTESIAN_POINT('',(-0.00719276238960033,-0.00507360688784218,0.0626073073479429));
#3326=CARTESIAN_POINT('',(-0.00671325267398577,-0.00473663868648441,0.0625327038617386));
#3327=CARTESIAN_POINT('',(-0.00624709296970535,-0.0044031074717332,0.0624547907593712));
#3328=CARTESIAN_POINT('',(-0.00594776305288278,-0.00417417962976859,0.0623919177657939));
#3329=CARTESIAN_POINT('',(-0.00580305622479865,-0.00406328515861258,0.0623613290796233));
#3330=CARTESIAN_POINT('',(-0.00959842995828497,-0.00664049574818734,0.0628730901228539));
#3331=CARTESIAN_POINT('',(-0.00945752282594519,-0.00654301610001154,0.0628525115856114));
#3332=CARTESIAN_POINT('',(-0.00915585519667628,-0.00633432108544708,0.0628084539704661));
#3333=CARTESIAN_POINT('',(-0.00869341503375764,-0.00601437244737134,0.0627408870713393));
#3334=CARTESIAN_POINT('',(-0.00821110923797934,-0.00568063139434086,0.0626703770423465));
#3335=CARTESIAN_POINT('',(-0.00772858212748584,-0.00534695051589591,0.0626000188924452));
#3336=CARTESIAN_POINT('',(-0.00724661882268492,-0.00501317221237326,0.0625293283247604));
#3337=CARTESIAN_POINT('',(-0.00676359742261692,-0.00468016403894209,0.0624597602349905));
#3338=CARTESIAN_POINT('',(-0.00629363644649923,-0.00435079244605741,0.0623875034381538));
#3339=CARTESIAN_POINT('',(-0.00599119496481572,-0.00412480403115181,0.0623294996989716));
#3340=CARTESIAN_POINT('',(-0.00584497378341278,-0.0040153346316946,0.0623012836372374));
#3341=CARTESIAN_POINT('',(-0.00966185987842805,-0.00656583389873099,0.0627858731939855));
#3342=CARTESIAN_POINT('',(-0.00952004797060685,-0.00646947301484506,0.0627665844778624));
#3343=CARTESIAN_POINT('',(-0.00921643203902286,-0.00626316459705478,0.0627252851062596));
#3344=CARTESIAN_POINT('',(-0.00875070593919654,-0.0059466471283721,0.062661863322993));
#3345=CARTESIAN_POINT('',(-0.00826558276846308,-0.00561687345256026,0.062595796752994));
#3346=CARTESIAN_POINT('',(-0.00777955398581411,-0.00528678608089131,0.0625297807689223));
#3347=CARTESIAN_POINT('',(-0.00729436005941354,-0.00495676677173101,0.0624635142763304));
#3348=CARTESIAN_POINT('',(-0.00680829514309713,-0.00462736867312313,0.0623981000269433));
#3349=CARTESIAN_POINT('',(-0.00633467948965801,-0.00430221694384073,0.0623309914549818));
#3350=CARTESIAN_POINT('',(-0.00603013803816418,-0.00407826031749381,0.0622762062080653));
#3351=CARTESIAN_POINT('',(-0.00588290537612851,-0.00396976293834283,0.0622495447652446));
#3352=CARTESIAN_POINT('',(-0.00978757973780509,-0.00640925730243944,0.0626208694464574));
#3353=CARTESIAN_POINT('',(-0.009643904726313,-0.00631518892493019,0.0626040021272383));
#3354=CARTESIAN_POINT('',(-0.00933630519549895,-0.00611379056119895,0.0625678871935916));
#3355=CARTESIAN_POINT('',(-0.00886460823395728,-0.005804853962603,0.0625124255410755));
#3356=CARTESIAN_POINT('',(-0.00837297932305252,-0.00548284543145333,0.0624546242933868));
#3357=CARTESIAN_POINT('',(-0.00788077861061395,-0.00516070759787421,0.0623969125306747));
#3358=CARTESIAN_POINT('',(-0.00738917381868464,-0.0048385750842521,0.0623390058545328));
#3359=CARTESIAN_POINT('',(-0.00689694616700994,-0.00451683416850795,0.0622815883417683));
#3360=CARTESIAN_POINT('',(-0.00641648716642576,-0.00420012310634283,0.0622236730875119));
#3361=CARTESIAN_POINT('',(-0.00610686154536647,-0.00398161863210744,0.0621762957351669));
#3362=CARTESIAN_POINT('',(-0.00595716061216143,-0.00387575750507745,0.0621532382186759));
#3363=CARTESIAN_POINT('',(-0.00985000183915316,-0.00632723491482573,0.062542833252223));
#3364=CARTESIAN_POINT('',(-0.00970539057144942,-0.00623435634413883,0.0625271050146206));
#3365=CARTESIAN_POINT('',(-0.00939579190689643,-0.00603550924220518,0.0624934305613429));
#3366=CARTESIAN_POINT('',(-0.00892117096089023,-0.00573059002113691,0.0624417584715694));
#3367=CARTESIAN_POINT('',(-0.00842640667399662,-0.0054127018563245,0.0623878792090661));
#3368=CARTESIAN_POINT('',(-0.00793104060649953,-0.00509465576798614,0.0623340673002636));
#3369=CARTESIAN_POINT('',(-0.00743629124902407,-0.00477667117234525,0.0622801114431157));
#3370=CARTESIAN_POINT('',(-0.00694098272180438,-0.00445901354507573,0.0622265614403075));
#3371=CARTESIAN_POINT('',(-0.00645728281757756,-0.00414649267529703,0.0621726796194732));
#3372=CARTESIAN_POINT('',(-0.00614467829605239,-0.0039314425791878,0.0621295522475298));
#3373=CARTESIAN_POINT('',(-0.00599352371970787,-0.00382726293695436,0.0621085743501995));
#3374=CARTESIAN_POINT('',(-0.00997339914698803,-0.00615325645269018,0.0624025585006736));
#3375=CARTESIAN_POINT('',(-0.00982702260363031,-0.00606293617546467,0.0623888819236576));
#3376=CARTESIAN_POINT('',(-0.00951363163985137,-0.00586956383009771,0.06235960148847));
#3377=CARTESIAN_POINT('',(-0.00903285141215913,-0.00557297642066122,0.0623147083269706));
#3378=CARTESIAN_POINT('',(-0.00853203970266226,-0.00526402790193312,0.062267972165338));
#3379=CARTESIAN_POINT('',(-0.00803042479630866,-0.00495451128130879,0.0622210808382691));
#3380=CARTESIAN_POINT('',(-0.00752952656880743,-0.00464527158537453,0.0621741831894763));
#3381=CARTESIAN_POINT('',(-0.00702792586901855,-0.00433668227799534,0.0621278497727362));
#3382=CARTESIAN_POINT('',(-0.00653874345176662,-0.00403161255056826,0.0620802583378835));
#3383=CARTESIAN_POINT('',(-0.00621804534386415,-0.00382759324474641,0.0620470817263818));
#3384=CARTESIAN_POINT('',(-0.00606290909413271,-0.00372884044885873,0.0620310035045976));
#3385=CARTESIAN_POINT('',(-0.0100324805514199,-0.0060655991430914,0.0623400072853789));
#3386=CARTESIAN_POINT('',(-0.00988521819157548,-0.0059765460042508,0.0623272417652437));
#3387=CARTESIAN_POINT('',(-0.00956993997115083,-0.00578589333795002,0.0622999139370168));
#3388=CARTESIAN_POINT('',(-0.00908651057623265,-0.00549365738049176,0.062258070527514));
#3389=CARTESIAN_POINT('',(-0.00858228219192481,-0.00518891746353775,0.0622144445108722));
#3390=CARTESIAN_POINT('',(-0.00807816017808239,-0.00488398700630448,0.062170718825137));
#3391=CARTESIAN_POINT('',(-0.00757429292617583,-0.00457906349244407,0.0621269256450626));
#3392=CARTESIAN_POINT('',(-0.00706946496689657,-0.00427516632568736,0.0620838796774942));
#3393=CARTESIAN_POINT('',(-0.00657819996739744,-0.00397326452282337,0.0620388122529223));
#3394=CARTESIAN_POINT('',(-0.00625262171917583,-0.00377645126601247,0.0620108032788579));
#3395=CARTESIAN_POINT('',(-0.00609507282343788,-0.0036812601018997,0.0619972767505328));
#3396=CARTESIAN_POINT('',(-0.0101262370770583,-0.00591920237065393,0.0622546083778549));
#3397=CARTESIAN_POINT('',(-0.00997750958688598,-0.00583224562157146,0.0622430852934848));
#3398=CARTESIAN_POINT('',(-0.00965912442738543,-0.00564609794732412,0.0622184209841685));
#3399=CARTESIAN_POINT('',(-0.00917172233003333,-0.00536121500518679,0.0621807559894161));
#3400=CARTESIAN_POINT('',(-0.00866218311643763,-0.00506352753025679,0.0621413525237182));
#3401=CARTESIAN_POINT('',(-0.00815391865336193,-0.00476622847704035,0.0621019822603624));
#3402=CARTESIAN_POINT('',(-0.00764527208114936,-0.00446854758188692,0.0620624536010271));
#3403=CARTESIAN_POINT('',(-0.00713553982553839,-0.00417222914364843,0.0620237169188173));
#3404=CARTESIAN_POINT('',(-0.0066402321104149,-0.00387662107436667,0.0619827755409087));
#3405=CARTESIAN_POINT('',(-0.00630847547663411,-0.00368952408153795,0.0619601669417211));
#3406=CARTESIAN_POINT('',(-0.00614788571943698,-0.0035991156613829,0.0619492926209088));
#3407=CARTESIAN_POINT('',(-0.0101624828318723,-0.00586093662895782,0.0622254116311846));
#3408=CARTESIAN_POINT('',(-0.010013248287676,-0.00577484680195686,0.0622143217306875));
#3409=CARTESIAN_POINT('',(-0.00969377036004748,-0.00559055172484956,0.0621905835386721));
#3410=CARTESIAN_POINT('',(-0.00920450145052421,-0.00530841860261827,0.0621543041191906));
#3411=CARTESIAN_POINT('',(-0.00869334930936092,-0.00501375844817519,0.0621163901872236));
#3412=CARTESIAN_POINT('',(-0.00818309350218941,-0.00471929696811705,0.0620784662445059));
#3413=CARTESIAN_POINT('',(-0.00767262698143783,-0.00442458765320156,0.0620404471962785));
#3414=CARTESIAN_POINT('',(-0.00716120363421151,-0.00413108956450943,0.0620030170813391));
#3415=CARTESIAN_POINT('',(-0.00666372160738641,-0.00383878491065574,0.0619641183998174));
#3416=CARTESIAN_POINT('',(-0.00633084649442799,-0.00365360917287362,0.0619418292065193));
#3417=CARTESIAN_POINT('',(-0.00616972021054445,-0.00356412654231606,0.061931094339247));
#3418=CARTESIAN_POINT('',(-0.0102301711788684,-0.00574835289247168,0.0621790424190906));
#3419=CARTESIAN_POINT('',(-0.010080021854987,-0.0056639618463852,0.0621686470863842));
#3420=CARTESIAN_POINT('',(-0.00975855831413093,-0.00548328874830671,0.0621463916856997));
#3421=CARTESIAN_POINT('',(-0.0092655242584201,-0.00520631133122845,0.0621122736042425));
#3422=CARTESIAN_POINT('',(-0.00875161528772381,-0.00491759266989876,0.0620767427740439));
#3423=CARTESIAN_POINT('',(-0.00823733647189139,-0.00462855203978958,0.0620411123007759));
#3424=CARTESIAN_POINT('',(-0.00772354259313861,-0.0043395062736025,0.0620054602932945));
#3425=CARTESIAN_POINT('',(-0.00720879181130864,-0.00405173894982191,0.0619702316568488));
#3426=CARTESIAN_POINT('',(-0.00670784461996881,-0.00376480423423697,0.06193410905251));
#3427=CARTESIAN_POINT('',(-0.00637144872176215,-0.0035857859143158,0.0619134035262707));
#3428=CARTESIAN_POINT('',(-0.0062086008298606,-0.00349932084462878,0.0619034312619076));
#3429=CARTESIAN_POINT('',(-0.0102616041396056,-0.00569392400946372,0.0621616736465803));
#3430=CARTESIAN_POINT('',(-0.0101109833369968,-0.00561033478848331,0.0621515349140216));
#3431=CARTESIAN_POINT('',(-0.00978850902865312,-0.00543137588390721,0.0621298281431675));
#3432=CARTESIAN_POINT('',(-0.00929388887221362,-0.0051569616730742,0.062096531840745));
#3433=CARTESIAN_POINT('',(-0.00877850224723655,-0.00487101070366737,0.062061869423144));
#3434=CARTESIAN_POINT('',(-0.00826248136315151,-0.00458464437627614,0.0620271107382381));
#3435=CARTESIAN_POINT('',(-0.0077470230169527,-0.00429844050204604,0.0619923801885072));
#3436=CARTESIAN_POINT('',(-0.00723099354433484,-0.00401293474627025,0.0619578211642385));
#3437=CARTESIAN_POINT('',(-0.00672739356341425,-0.00373043160426602,0.0619232928797686));
#3438=CARTESIAN_POINT('',(-0.00639188847957108,-0.00355011547861787,0.0619018626537426));
#3439=CARTESIAN_POINT('',(-0.00622951034874857,-0.00346296053876388,0.0618915136846612));
#3440=CARTESIAN_POINT('',(-0.0102897229165978,-0.00564226891648275,0.0621497805384708));
#3441=CARTESIAN_POINT('',(-0.0101386581938254,-0.00555943490669827,0.062139814171207));
#3442=CARTESIAN_POINT('',(-0.00981524252832447,-0.00538209471309532,0.0621184774434997));
#3443=CARTESIAN_POINT('',(-0.00931941910329198,-0.00511021186541329,0.0620857756633781));
#3444=CARTESIAN_POINT('',(-0.00880244727004394,-0.00482674019272582,0.062051663615227));
#3445=CARTESIAN_POINT('',(-0.0082851467325551,-0.00454307979212342,0.0620175487047204));
#3446=CARTESIAN_POINT('',(-0.0077681509841643,-0.00425959317257046,0.0619834399718987));
#3447=CARTESIAN_POINT('',(-0.00725105187739145,-0.00397604609301288,0.0619493309721288));
#3448=CARTESIAN_POINT('',(-0.0067447847880427,-0.00369843932209623,0.0619159355616286));
#3449=CARTESIAN_POINT('',(-0.00641082988227967,-0.00351531961765043,0.0618939041589739));
#3450=CARTESIAN_POINT('',(-0.00624925035154465,-0.00342671966304095,0.0618832445298369));
#3451=CARTESIAN_POINT('',(-0.00958619890587664,-0.00676224990655071,0.0629857412202983));
#3452=CARTESIAN_POINT('',(-0.00942652436298594,-0.00664961557092961,0.0629605097921863));
#3453=CARTESIAN_POINT('',(-0.00910719299043512,-0.00642435939459064,0.0629100497349688));
#3454=CARTESIAN_POINT('',(-0.00862895598042593,-0.00608699271468863,0.0628344933971335));
#3455=CARTESIAN_POINT('',(-0.00814964957770512,-0.00574887831011949,0.062758730184129));
#3456=CARTESIAN_POINT('',(-0.00767122702506745,-0.00541146682416135,0.0626832222156281));
#3457=CARTESIAN_POINT('',(-0.00719276232457995,-0.0050736069289959,0.0626073075718937));
#3458=CARTESIAN_POINT('',(-0.00671325260893539,-0.00473663872757071,0.0625327040856319));
#3459=CARTESIAN_POINT('',(-0.00623714235591414,-0.00439598802470645,0.0624531278664652));
#3460=CARTESIAN_POINT('',(-0.00592839690651731,-0.0041593525924756,0.0623878364091356));
#3461=CARTESIAN_POINT('',(-0.00577401928305232,-0.00404103112174048,0.0623551896445119));
#3462=CARTESIAN_POINT('',(-0.00952699289918746,-0.00657396935510894,0.0635227850213462));
#3463=CARTESIAN_POINT('',(-0.0093871046504638,-0.00647744275101282,0.0634926600502703));
#3464=CARTESIAN_POINT('',(-0.00908758170835081,-0.00627076373659325,0.0634281570511895));
#3465=CARTESIAN_POINT('',(-0.00862902775415823,-0.00595434274330712,0.0633293889851435));
#3466=CARTESIAN_POINT('',(-0.00814973029058178,-0.00562359145712865,0.0632261865098437));
#3467=CARTESIAN_POINT('',(-0.00767142336205205,-0.00529364908828638,0.0631231353787912));
#3468=CARTESIAN_POINT('',(-0.00719277889453867,-0.00496291764857657,0.0630201552061436));
#3469=CARTESIAN_POINT('',(-0.00671330617433702,-0.00463375858921808,0.0629165275510623));
#3470=CARTESIAN_POINT('',(-0.00625603850512204,-0.00431214858120341,0.0628193586310677));
#3471=CARTESIAN_POINT('',(-0.00596507400466948,-0.00408938592305365,0.0627610595110268));
#3472=CARTESIAN_POINT('',(-0.00582893596341726,-0.0039846753750637,0.0627338763497607));
#3473=CARTESIAN_POINT('',(-0.00952662923300291,-0.00661023073648869,0.0634016106126472));
#3474=CARTESIAN_POINT('',(-0.00938682318061908,-0.00651323880159059,0.0633732272757253));
#3475=CARTESIAN_POINT('',(-0.00908745039056301,-0.00630553938230219,0.0633124710023085));
#3476=CARTESIAN_POINT('',(-0.00862844167821734,-0.00598691887248367,0.0632199055091819));
#3477=CARTESIAN_POINT('',(-0.00814964446521155,-0.00565491845111989,0.0631220482748138));
#3478=CARTESIAN_POINT('',(-0.00767085964776859,-0.00532255357695398,0.0630258870035933));
#3479=CARTESIAN_POINT('',(-0.0071923487823796,-0.00499018755801728,0.0629286576701769));
#3480=CARTESIAN_POINT('',(-0.00671285457275753,-0.00465904187605331,0.0628315352458837));
#3481=CARTESIAN_POINT('',(-0.00625560743515905,-0.00433608140501342,0.0627390185321492));
#3482=CARTESIAN_POINT('',(-0.00596466658476181,-0.00411364071040842,0.0626803027514207));
#3483=CARTESIAN_POINT('',(-0.00582853989130049,-0.00400911230451338,0.0626528345917316));
#3484=CARTESIAN_POINT('',(-0.00952633638905256,-0.00663621658488947,0.0633113932611295));
#3485=CARTESIAN_POINT('',(-0.00938663821608815,-0.00653891221391283,0.0632843478540692));
#3486=CARTESIAN_POINT('',(-0.00908745916820155,-0.00633051921185292,0.0632264510809603));
#3487=CARTESIAN_POINT('',(-0.00862776038897803,-0.00601018496868196,0.0631381250502794));
#3488=CARTESIAN_POINT('',(-0.00815013348900573,-0.00567761962491158,0.0630450383754152));
#3489=CARTESIAN_POINT('',(-0.00767025611961789,-0.00534323526615947,0.0629532039900065));
#3490=CARTESIAN_POINT('',(-0.00719205095310753,-0.0050097683678578,0.0628605036203798));
#3491=CARTESIAN_POINT('',(-0.00671249313358996,-0.00467718828840325,0.0627681527564284));
#3492=CARTESIAN_POINT('',(-0.00625527735372031,-0.00435327333018348,0.0626790680577827));
#3493=CARTESIAN_POINT('',(-0.00596430222851102,-0.00413101374651482,0.0626199653882409));
#3494=CARTESIAN_POINT('',(-0.00582815805231541,-0.00402659110496289,0.06259224765796));
#3495=CARTESIAN_POINT('',(-0.0095263540558286,-0.00666858580752987,0.0631905545920525));
#3496=CARTESIAN_POINT('',(-0.00938665555133182,-0.00657077639196016,0.0631653942030402));
#3497=CARTESIAN_POINT('',(-0.00908747678068688,-0.00636131509935949,0.0631114873918841));
#3498=CARTESIAN_POINT('',(-0.00862780457595037,-0.00603969213732998,0.0630280469067943));
#3499=CARTESIAN_POINT('',(-0.00815008045842735,-0.00570501037543597,0.0629426015145817));
#3500=CARTESIAN_POINT('',(-0.00767023281453374,-0.00536946442205766,0.0628551853783295));
#3501=CARTESIAN_POINT('',(-0.00719206183683568,-0.00503428387527839,0.0627689774138089));
#3502=CARTESIAN_POINT('',(-0.00671249672364493,-0.00470001773312371,0.0626829040454137));
#3503=CARTESIAN_POINT('',(-0.00625526849233419,-0.00437488746790114,0.0625983224910752));
#3504=CARTESIAN_POINT('',(-0.00596429782972049,-0.00415281562012095,0.062538522571835));
#3505=CARTESIAN_POINT('',(-0.00582815607178317,-0.00404850644486199,0.0625103836066933));
#3506=CARTESIAN_POINT('',(-0.00952652452911887,-0.0066913784242458,0.0630985976267468));
#3507=CARTESIAN_POINT('',(-0.0093867103282122,-0.00659315899674655,0.0630747725352812));
#3508=CARTESIAN_POINT('',(-0.00908732398828191,-0.00638284630313749,0.0630237305837672));
#3509=CARTESIAN_POINT('',(-0.00862839778052378,-0.006060621909046,0.062944829055954));
#3510=CARTESIAN_POINT('',(-0.00814961872844774,-0.00572412489157433,0.0628637879577361));
#3511=CARTESIAN_POINT('',(-0.00767075356999577,-0.00538806323468486,0.0627812067914713));
#3512=CARTESIAN_POINT('',(-0.00719235504190023,-0.00505161730491622,0.0626994981143011));
#3513=CARTESIAN_POINT('',(-0.00671284171973565,-0.00471618213612097,0.062618328406441));
#3514=CARTESIAN_POINT('',(-0.00625555355554002,-0.00439013201228967,0.0625372267055814));
#3515=CARTESIAN_POINT('',(-0.00596460910888553,-0.00416809365144521,0.0624769956181267));
#3516=CARTESIAN_POINT('',(-0.00582848133302592,-0.00406381664528736,0.0624485843722319));
#3517=CARTESIAN_POINT('',(-0.00952683742268699,-0.00672037634274238,0.062976361050627));
#3518=CARTESIAN_POINT('',(-0.00938695180599399,-0.0066217010632798,0.0629542566567082));
#3519=CARTESIAN_POINT('',(-0.00908743680138385,-0.00641042262313998,0.0629069284681846));
#3520=CARTESIAN_POINT('',(-0.00862895598042593,-0.00608699271468863,0.0628344933971335));
#3521=CARTESIAN_POINT('',(-0.00814964957770512,-0.00574887831011949,0.062758730184129));
#3522=CARTESIAN_POINT('',(-0.00767122702506745,-0.00541146682416135,0.0626832222156281));
#3523=CARTESIAN_POINT('',(-0.00719276232457995,-0.0050736069289959,0.0626073075718937));
#3524=CARTESIAN_POINT('',(-0.00671325260893539,-0.00473663872757071,0.0625327040856319));
#3525=CARTESIAN_POINT('',(-0.00625592637211983,-0.00440942774435642,0.062456267393457));
#3526=CARTESIAN_POINT('',(-0.00596496924591251,-0.00418732652222214,0.0623955212037945));
#3527=CARTESIAN_POINT('',(-0.00582883584537455,-0.00408303812529038,0.0623667760578473));
#3528=CARTESIAN_POINT('',(-0.00958635552127056,-0.00661493094280453,0.0635355689246099));
#3529=CARTESIAN_POINT('',(-0.00942667814755215,-0.00650474933503881,0.0635011824096875));
#3530=CARTESIAN_POINT('',(-0.00910734111365993,-0.00628439834232127,0.0634324131944537));
#3531=CARTESIAN_POINT('',(-0.0086290278192596,-0.00595434259565238,0.0633293891583953));
#3532=CARTESIAN_POINT('',(-0.00814973035563747,-0.00562359130950013,0.0632261866831401));
#3533=CARTESIAN_POINT('',(-0.0076714234271546,-0.00529364894064838,0.0631231355521528));
#3534=CARTESIAN_POINT('',(-0.0071927789597418,-0.00496291750098711,0.0630201553794157));
#3535=CARTESIAN_POINT('',(-0.00671330623956336,-0.00463375844173517,0.0629165277243763));
#3536=CARTESIAN_POINT('',(-0.00623725695977968,-0.00429893876574016,0.0628153677310005));
#3537=CARTESIAN_POINT('',(-0.00592850062275011,-0.00406131154702963,0.06275374597808));
#3538=CARTESIAN_POINT('',(-0.005774117555296,-0.00394249416731832,0.0627229341238869));
#3539=CARTESIAN_POINT('',(-0.0102901404063377,-0.00522710786567728,0.0636991885030905));
#3540=CARTESIAN_POINT('',(-0.0101390850874362,-0.00515037592207803,0.0636664805815554));
#3541=CARTESIAN_POINT('',(-0.0098156852382896,-0.0049860977169635,0.0635964547697136));
#3542=CARTESIAN_POINT('',(-0.00931980835754822,-0.00473420634437285,0.0634890764283258));
#3543=CARTESIAN_POINT('',(-0.00880282131971395,-0.00447159026477683,0.0633771404910938));
#3544=CARTESIAN_POINT('',(-0.00828548734649576,-0.00420879997936401,0.0632651115073578));
#3545=CARTESIAN_POINT('',(-0.00776845178580035,-0.00394616053935342,0.0631531623435217));
#3546=CARTESIAN_POINT('',(-0.00725136218355185,-0.00368349297275085,0.0630411909111675));
#3547=CARTESIAN_POINT('',(-0.00674468678367835,-0.00342611599879704,0.062931479525708));
#3548=CARTESIAN_POINT('',(-0.00641041908919437,-0.00325631729524542,0.0628590987941075));
#3549=CARTESIAN_POINT('',(-0.00624850886698454,-0.00317407139936996,0.0628240395112942));
#3550=CARTESIAN_POINT('',(-0.0102655281130641,-0.00527146526518537,0.0637127919074051));
#3551=CARTESIAN_POINT('',(-0.0101148498171152,-0.00519410373029167,0.0636798891350921));
#3552=CARTESIAN_POINT('',(-0.00979225098225136,-0.00502847420935322,0.0636094457296324));
#3553=CARTESIAN_POINT('',(-0.00929743854700362,-0.00477442053330581,0.0635014156519961));
#3554=CARTESIAN_POINT('',(-0.00878202908860073,-0.00450929242264188,0.0633886918271395));
#3555=CARTESIAN_POINT('',(-0.00826496884417742,-0.00424569348339955,0.0632764331107833));
#3556=CARTESIAN_POINT('',(-0.00775233544517102,-0.00397525886017769,0.0631620895232338));
#3557=CARTESIAN_POINT('',(-0.00722497869273085,-0.00373107107651746,0.0630557858954104));
#3558=CARTESIAN_POINT('',(-0.00673067546587573,-0.00345136704031299,0.0629392341056902));
#3559=CARTESIAN_POINT('',(-0.00639627232639372,-0.00328179215400385,0.0628669519261858));
#3560=CARTESIAN_POINT('',(-0.00623417837774521,-0.00319986753838148,0.0628320060234653));
#3561=CARTESIAN_POINT('',(-0.0102384415546965,-0.00531967959226498,0.0637238440287764));
#3562=CARTESIAN_POINT('',(-0.0100881607754154,-0.00524162303707056,0.0636907799696396));
#3563=CARTESIAN_POINT('',(-0.0097664145453379,-0.00507450401941421,0.0636199915329461));
#3564=CARTESIAN_POINT('',(-0.00927295050097325,-0.00481812657108346,0.0635114396755264));
#3565=CARTESIAN_POINT('',(-0.00875891133217501,-0.00455043910202135,0.0633981233429829));
#3566=CARTESIAN_POINT('',(-0.00824300178220435,-0.00428499297273077,0.0632854252803105));
#3567=CARTESIAN_POINT('',(-0.00773298003659801,-0.00401018327101178,0.0631701813452505));
#3568=CARTESIAN_POINT('',(-0.00720248255415614,-0.00377075147968998,0.0630646193972938));
#3569=CARTESIAN_POINT('',(-0.00671392466724135,-0.00348160580487077,0.0629462471206763));
#3570=CARTESIAN_POINT('',(-0.00638025763474744,-0.00331063418348358,0.0628736646900827));
#3571=CARTESIAN_POINT('',(-0.00621847675813705,-0.0032281018147508,0.0628385861766737));
#3572=CARTESIAN_POINT('',(-0.0101803024748843,-0.00542317215648568,0.0637398006520345));
#3573=CARTESIAN_POINT('',(-0.01003077603786,-0.00534356694064921,0.0637064891156263));
#3574=CARTESIAN_POINT('',(-0.00971067532858109,-0.00517314186913557,0.0636351744282732));
#3575=CARTESIAN_POINT('',(-0.00922054481162128,-0.0049119482131748,0.0635259107787209));
#3576=CARTESIAN_POINT('',(-0.00870891972022655,-0.00463889194247053,0.0634118051707451));
#3577=CARTESIAN_POINT('',(-0.00819646441245849,-0.00436839375828709,0.0632980540199177));
#3578=CARTESIAN_POINT('',(-0.00768910995179742,-0.00408863513012723,0.0631832109539236));
#3579=CARTESIAN_POINT('',(-0.0071624156705433,-0.00384278738486045,0.063072372909418));
#3580=CARTESIAN_POINT('',(-0.00667602397264557,-0.00354945840594537,0.0629575224310564));
#3581=CARTESIAN_POINT('',(-0.00634509062854842,-0.00337369285656951,0.0628839303652396));
#3582=CARTESIAN_POINT('',(-0.00618465244790917,-0.00328880948300758,0.0628483153646418));
#3583=CARTESIAN_POINT('',(-0.0101492629223086,-0.00547858868649445,0.0637446245053524));
#3584=CARTESIAN_POINT('',(-0.0100001073490867,-0.00539812930649465,0.063711228535655));
#3585=CARTESIAN_POINT('',(-0.00968082465759926,-0.00522588803854117,0.0636397367859735));
#3586=CARTESIAN_POINT('',(-0.00919258625168309,-0.00496224185449072,0.0635302999896971));
#3587=CARTESIAN_POINT('',(-0.00868222270262886,-0.00468611061178546,0.0634159274931747));
#3588=CARTESIAN_POINT('',(-0.00817137412731934,-0.00441342648710167,0.0633018615852392));
#3589=CARTESIAN_POINT('',(-0.00766643158628085,-0.0041291354475425,0.063187187557676));
#3590=CARTESIAN_POINT('',(-0.00713790255335053,-0.00388687008319405,0.0630745746094649));
#3591=CARTESIAN_POINT('',(-0.00665641106228049,-0.00358453461125646,0.06296097710359));
#3592=CARTESIAN_POINT('',(-0.00632655708544676,-0.00340690162470152,0.0628871218038337));
#3593=CARTESIAN_POINT('',(-0.00616661106626314,-0.00332117171543647,0.0628513637854132));
#3594=CARTESIAN_POINT('',(-0.0100674295800084,-0.00562603030242105,0.0637487025863639));
#3595=CARTESIAN_POINT('',(-0.00991953523074957,-0.00554343485728161,0.0637152533375379));
#3596=CARTESIAN_POINT('',(-0.00960293481311226,-0.00536661061371296,0.0636436448970213));
#3597=CARTESIAN_POINT('',(-0.00911833322061948,-0.00509567714715692,0.0635339595145878));
#3598=CARTESIAN_POINT('',(-0.00861227389784463,-0.00481240010500424,0.0634194927050686));
#3599=CARTESIAN_POINT('',(-0.0081055942408427,-0.00453169908693921,0.063304906683895));
#3600=CARTESIAN_POINT('',(-0.00760372916001429,-0.00424180782277951,0.0631910582438754));
#3601=CARTESIAN_POINT('',(-0.0070833008720548,-0.00398551874579561,0.063074468597817));
#3602=CARTESIAN_POINT('',(-0.00660220009374574,-0.0036819604520293,0.062964374878275));
#3603=CARTESIAN_POINT('',(-0.00627653672742848,-0.00349685482870177,0.0628902969182822));
#3604=CARTESIAN_POINT('',(-0.00611867651187479,-0.00340741048513064,0.0628543949740529));
#3605=CARTESIAN_POINT('',(-0.0100151490327472,-0.00572108867548878,0.0637430963918393));
#3606=CARTESIAN_POINT('',(-0.00986816914599631,-0.00563715766585979,0.0637097496540498));
#3607=CARTESIAN_POINT('',(-0.0095534832003304,-0.00545745450266284,0.0636383545668839));
#3608=CARTESIAN_POINT('',(-0.00907066651520681,-0.00518158734394913,0.0635288339266294));
#3609=CARTESIAN_POINT('',(-0.00856781352508752,-0.00489401381705,0.0634147477104459));
#3610=CARTESIAN_POINT('',(-0.00806353396629407,-0.00460757115092991,0.0633003535746441));
#3611=CARTESIAN_POINT('',(-0.00756303675286766,-0.00431543578968679,0.0631867964289377));
#3612=CARTESIAN_POINT('',(-0.00705023734684597,-0.00404529259301939,0.0630705051369156));
#3613=CARTESIAN_POINT('',(-0.00656698958803204,-0.00374558569609492,0.0629607436705641));
#3614=CARTESIAN_POINT('',(-0.00624426540930149,-0.0035551188101349,0.0628871985685321));
#3615=CARTESIAN_POINT('',(-0.0060878908601572,-0.00346296512663707,0.062851559191345));
#3616=CARTESIAN_POINT('',(-0.00991265113988652,-0.00590560450404421,0.0637206812837543));
#3617=CARTESIAN_POINT('',(-0.00976715958504819,-0.00581892367856195,0.0636876605172662));
#3618=CARTESIAN_POINT('',(-0.00945566442307852,-0.00563334179008389,0.0636169640987495));
#3619=CARTESIAN_POINT('',(-0.00897785599807916,-0.00534868515764272,0.0635085355815938));
#3620=CARTESIAN_POINT('',(-0.00848005410904638,-0.00505212111863784,0.0633955501778997));
#3621=CARTESIAN_POINT('',(-0.00798151936232436,-0.00475505919602388,0.0632824062633164));
#3622=CARTESIAN_POINT('',(-0.00748349021712381,-0.00445854226819332,0.063169435546155));
#3623=CARTESIAN_POINT('',(-0.00698560721805595,-0.00416122138881431,0.06305622487126));
#3624=CARTESIAN_POINT('',(-0.00649821535010587,-0.0038692462805785,0.0629458838704721));
#3625=CARTESIAN_POINT('',(-0.00618116091176119,-0.00366853333722062,0.062874101875372));
#3626=CARTESIAN_POINT('',(-0.00602765226108505,-0.0035711982723749,0.0628393470405092));
#3627=CARTESIAN_POINT('',(-0.00986364281920788,-0.00599303429201417,0.0637045061795904));
#3628=CARTESIAN_POINT('',(-0.009718840409767,-0.00590504039737885,0.0636717187062331));
#3629=CARTESIAN_POINT('',(-0.00940883059613237,-0.00571665534510481,0.0636015231914513));
#3630=CARTESIAN_POINT('',(-0.00893356339826177,-0.00542791386760738,0.063493900902327));
#3631=CARTESIAN_POINT('',(-0.00843791757819849,-0.00512692085552027,0.0633816630812156));
#3632=CARTESIAN_POINT('',(-0.0079423212512406,-0.00482506667482119,0.0632694769773545));
#3633=CARTESIAN_POINT('',(-0.00744565005177032,-0.00452606312032154,0.0631568796118359));
#3634=CARTESIAN_POINT('',(-0.00695411726594081,-0.00421732762040533,0.0630460603027901));
#3635=CARTESIAN_POINT('',(-0.00646551519515465,-0.00392759058502613,0.0629351180598972));
#3636=CARTESIAN_POINT('',(-0.00615103636338125,-0.0037222978841904,0.0628644946355354));
#3637=CARTESIAN_POINT('',(-0.00599882329693451,-0.00362265829576236,0.0628303231201283));
#3638=CARTESIAN_POINT('',(-0.00972177152510643,-0.00624297254771218,0.0636460083518438));
#3639=CARTESIAN_POINT('',(-0.0095790877729508,-0.00615131955065234,0.0636140866868971));
#3640=CARTESIAN_POINT('',(-0.00927360337361066,-0.00595509703441727,0.0635457429443415));
#3641=CARTESIAN_POINT('',(-0.008804996404344,-0.00565424371259937,0.0634409104075871));
#3642=CARTESIAN_POINT('',(-0.00831656254693241,-0.00534083378432508,0.0633315939742465));
#3643=CARTESIAN_POINT('',(-0.00782822694989168,-0.0050260487342334,0.0632224881534255));
#3644=CARTESIAN_POINT('',(-0.00733794009027392,-0.00471573497550209,0.0631122897861406));
#3645=CARTESIAN_POINT('',(-0.00685620202632506,-0.00438992536952266,0.0630063621313945));
#3646=CARTESIAN_POINT('',(-0.00637239711455674,-0.00409161942614473,0.062896791338207));
#3647=CARTESIAN_POINT('',(-0.00606454149842224,-0.00387489060501935,0.0628299684462204));
#3648=CARTESIAN_POINT('',(-0.00591558576974376,-0.00376962934698092,0.0627976790277369));
#3649=CARTESIAN_POINT('',(-0.00963256661442802,-0.00639580840386456,0.0635957010324822));
#3650=CARTESIAN_POINT('',(-0.0094911928387153,-0.00630192822217381,0.0635645188198292));
#3651=CARTESIAN_POINT('',(-0.00918851296514328,-0.0061009357480949,0.0634977575665374));
#3652=CARTESIAN_POINT('',(-0.0087242048990413,-0.00579272347717194,0.0633953347408248));
#3653=CARTESIAN_POINT('',(-0.00824043711074612,-0.00547143912384238,0.0632886349666222));
#3654=CARTESIAN_POINT('',(-0.00775602102913518,-0.00514988661856277,0.0631817788015785));
#3655=CARTESIAN_POINT('',(-0.00727224300657361,-0.00482852287331436,0.0630750831191551));
#3656=CARTESIAN_POINT('',(-0.0067878397105354,-0.00450764082483523,0.0629681367073531));
#3657=CARTESIAN_POINT('',(-0.00631558789614022,-0.00418927836727657,0.0628647471176441));
#3658=CARTESIAN_POINT('',(-0.00601095440125373,-0.00396730250402313,0.0628005100084995));
#3659=CARTESIAN_POINT('',(-0.00586349674866714,-0.00385961338690988,0.0627694518323142));
#3660=CARTESIAN_POINT('',(-0.0095271480618989,-0.00657407622894123,0.0635228185949467));
#3661=CARTESIAN_POINT('',(-0.00938720810590275,-0.00647751394554577,0.063492682488952));
#3662=CARTESIAN_POINT('',(-0.00908763339926228,-0.00627079921290797,0.0634281683442635));
#3663=CARTESIAN_POINT('',(-0.0086290278192596,-0.00595434259565238,0.0633293891583953));
#3664=CARTESIAN_POINT('',(-0.00814973035563747,-0.00562359130950013,0.0632261866831401));
#3665=CARTESIAN_POINT('',(-0.0076714234271546,-0.00529364894064838,0.0631231355521528));
#3666=CARTESIAN_POINT('',(-0.0071927789597418,-0.00496291750098711,0.0630201553794157));
#3667=CARTESIAN_POINT('',(-0.00671330623956336,-0.00463375844173517,0.0629165277243763));
#3668=CARTESIAN_POINT('',(-0.00624688438272825,-0.00430571001982917,0.0628174135486985));
#3669=CARTESIAN_POINT('',(-0.00594724057217458,-0.00407571495670054,0.0627574898798549));
#3670=CARTESIAN_POINT('',(-0.00580221606570848,-0.00396411836545168,0.0627285422683285));
#3671=CARTESIAN_POINT('',(-0.006535764994339,-3.57423213587171E-23,0.0614692683883408));
#3672=CARTESIAN_POINT('',(-0.0106426096568252,-5.82015379652282E-23,0.0614681698190581));
#3673=CARTESIAN_POINT('',(-0.0106414381733682,-0.00295748377980795,0.0654089555313052));
#3674=CARTESIAN_POINT('',(-0.0106415963859463,-0.00193407818458013,0.0659998187000759));
#3675=CARTESIAN_POINT('',(-0.0106414382835933,-0.0029574718954265,0.0654089641589477));
#3676=CARTESIAN_POINT('',(-0.00927277078864515,-0.00257708836129131,0.0649024803211934));
#3677=CARTESIAN_POINT('',(-0.00790410329369805,-0.00219670482715481,0.0643959964834374));
#3678=CARTESIAN_POINT('',(-0.00653543579875706,-0.00181632129301037,0.0638895126456708));
#3679=CARTESIAN_POINT('',(-0.00653538558549451,-0.00181637269310735,0.0638896097336844));
#3680=CARTESIAN_POINT('',(-0.006535764994339,-3.57423213587171E-23,0.0614692683883408));
#3681=CARTESIAN_POINT('',(-0.0065351436498301,-0.00118774398509299,0.0642522136859986));
#3682=CARTESIAN_POINT('',(-0.0106415963568116,-0.00193411148621185,0.0659998045465889));
#3683=CARTESIAN_POINT('',(-0.0106638809272595,5.82015379652764E-23,0.0614681641290537));
#3684=CARTESIAN_POINT('',(-0.0106392123221732,-0.00295685359166573,0.0654081408825613));
#3685=CARTESIAN_POINT('',(-0.0102206580479793,-0.00338810748435268,0.0659829092750096));
#3686=CARTESIAN_POINT('',(-0.0106434009407309,-0.00394160934346553,0.0644262719032053));
#3687=CARTESIAN_POINT('',(-0.010643500465739,-0.00366238539996888,0.06479833195879));
#3688=CARTESIAN_POINT('',(-0.0106435893344752,-0.00333016228874657,0.0651305550608359));
#3689=CARTESIAN_POINT('',(-0.0106436640260852,-0.00295810222212783,0.0654097789973771));
#3690=CARTESIAN_POINT('',(-0.0102203565740102,-0.00451457861342662,0.0648564545099926));
#3691=CARTESIAN_POINT('',(-0.0102203565530153,-0.00451462702302231,0.0648563900183699));
#3692=CARTESIAN_POINT('',(-0.00950565031976209,-0.00505435585805632,0.0661237456358339));
#3693=CARTESIAN_POINT('',(-0.0096154281970973,-0.00501491642797464,0.0658883253724352));
#3694=CARTESIAN_POINT('',(-0.00984224992671438,-0.0048977622544171,0.0654265442442181));
#3695=CARTESIAN_POINT('',(-0.0100871100060244,-0.00468264694950558,0.0650135784073232));
#3696=CARTESIAN_POINT('',(-0.0102203565530153,-0.0045146270230223,0.0648563900183699));
#3697=CARTESIAN_POINT('',(-0.00950564739479327,-0.00505435955097672,0.0661237490379494));
#3698=CARTESIAN_POINT('',(-0.00950575414878482,-0.00465527496041726,0.0665228336175671));
#3699=CARTESIAN_POINT('',(-0.00950572004591431,-0.00479369296003978,0.0663953448975577));
#3700=CARTESIAN_POINT('',(-0.00950568442121399,-0.00492687082756327,0.0662621670336856));
#3701=CARTESIAN_POINT('',(-0.00950564739479328,-0.00505435955097672,0.0661237490379494));
#3702=CARTESIAN_POINT('',(-0.00950575414878482,-0.00465527496041725,0.0665228336175671));
#3703=CARTESIAN_POINT('',(-0.0102206580479793,-0.0033881074843527,0.0659829092750096));
#3704=CARTESIAN_POINT('',(-0.0100878508524081,-0.00354474669961269,0.0661504134469103));
#3705=CARTESIAN_POINT('',(-0.00984182547977837,-0.0039592471888268,0.066366762532359));
#3706=CARTESIAN_POINT('',(-0.00961551582427341,-0.00442003487073935,0.0664833860244027));
#3707=CARTESIAN_POINT('',(-0.00950575711130824,-0.00465527151532164,0.0665228298763398));
#3708=CARTESIAN_POINT('',(-0.00654882795813946,5.82015379652764E-23,0.0614692648940351));
#3709=CARTESIAN_POINT('',(-0.00627663791598213,-0.00208067936622422,0.0642418321072366));
#3710=CARTESIAN_POINT('',(-0.00611890160209057,-0.00226629357818063,0.0644410994629669));
#3711=CARTESIAN_POINT('',(-0.0059817458184271,-0.00255201740676882,0.0645186687476266));
#3712=CARTESIAN_POINT('',(-0.0058507318556973,-0.00283067827875513,0.0645686899258141));
#3713=CARTESIAN_POINT('',(-0.00627663791598214,-0.00208067936622422,0.0642418321072366));
#3714=CARTESIAN_POINT('',(-0.00585073179878905,-0.00283067850045464,0.0645686898555486));
#3715=CARTESIAN_POINT('',(-0.00585073179878905,-0.00283067850045464,0.0645686898555486));
#3716=CARTESIAN_POINT('',(-0.00585125546654345,-0.00292354998331394,0.0644825953675641));
#3717=CARTESIAN_POINT('',(-0.00585123118652606,-0.00301313598030699,0.0643930109139907));
#3718=CARTESIAN_POINT('',(-0.00585065989137239,-0.003099238141882,0.0643001303952564));
#3719=CARTESIAN_POINT('',(-0.005850659948206,-0.00309923821214384,0.0643001301735534));
#3720=CARTESIAN_POINT('',(-0.005850659948206,-0.00309923821214384,0.0643001301735534));
#3721=CARTESIAN_POINT('',(-0.00598148081878501,-0.00304930013748036,0.0640217175467623));
#3722=CARTESIAN_POINT('',(-0.00611930442852486,-0.00297097693010338,0.0637349713370695));
#3723=CARTESIAN_POINT('',(-0.00627645236565159,-0.00277249638304313,0.0635500158289161));
#3724=CARTESIAN_POINT('',(-0.00627645236565161,-0.00277249638304313,0.0635500158289161));
#3725=CARTESIAN_POINT('',(-0.00627645237780927,-0.00277246916805329,0.0635500520852717));
#3726=CARTESIAN_POINT('',(-0.00636216430179574,-0.00265481376367677,0.0634617080519516));
#3727=CARTESIAN_POINT('',(-0.00644787622572696,-0.00253715835927371,0.0633733640186116));
#3728=CARTESIAN_POINT('',(-0.00653358814957355,-0.00241950295483201,0.0632850199852426));
#3729=CARTESIAN_POINT('',(-0.00653641259375832,-0.00181683458063052,0.0638902265023577));
#3730=CARTESIAN_POINT('',(-0.00653636693364745,-0.00204486735104827,0.0637195326867123));
#3731=CARTESIAN_POINT('',(-0.00653631270608812,-0.0022471080656818,0.0635168106862832));
#3732=CARTESIAN_POINT('',(-0.00653625093376933,-0.00242060309353747,0.0632858836781008));
#3733=CARTESIAN_POINT('',(-0.00653371035565327,-0.00181580047411681,0.0638888191454638));
#3734=CARTESIAN_POINT('',(-0.0064480195403809,-0.00190411209641857,0.0640064761266053));
#3735=CARTESIAN_POINT('',(-0.00636232872497967,-0.00199242371867583,0.0641241331076876));
#3736=CARTESIAN_POINT('',(-0.0062766379094939,-0.00208073534090295,0.0642417900887297));
#3737=CARTESIAN_POINT('',(-0.00843823944691825,-0.00256720639743036,0.064889459687292));
#3738=CARTESIAN_POINT('',(-0.0103546731391101,-0.00343253330399729,0.066042069412912));
#3739=CARTESIAN_POINT('',(-0.0101823045580667,-0.00337539334081057,0.065965978383638));
#3740=CARTESIAN_POINT('',(-0.00983758651740264,-0.00326111975316418,0.0658138047661223));
#3741=CARTESIAN_POINT('',(-0.00932036913869184,-0.00308966661529076,0.0655854767945477));
#3742=CARTESIAN_POINT('',(-0.00880335099282737,-0.00291827153181158,0.0653572479208243));
#3743=CARTESIAN_POINT('',(-0.0082859858916171,-0.00274677215132201,0.0651288513759919));
#3744=CARTESIAN_POINT('',(-0.00776891922024153,-0.00257536345692205,0.0649005993692252));
#3745=CARTESIAN_POINT('',(-0.00725179850434957,-0.00240394154566557,0.0646723140159972));
#3746=CARTESIAN_POINT('',(-0.00673463369091957,-0.00223250290181118,0.0644440137949573));
#3747=CARTESIAN_POINT('',(-0.00638988938938549,-0.00211822171917032,0.0642918268351733));
#3748=CARTESIAN_POINT('',(-0.00621751176866946,-0.00206107931458644,0.0642157309405789));
#3749=CARTESIAN_POINT('',(-0.00843800212178606,-0.00342071557877415,0.0640359441120517));
#3750=CARTESIAN_POINT('',(-0.0103543671813546,-0.0045738221397939,0.0649007801256124));
#3751=CARTESIAN_POINT('',(-0.0101819872060253,-0.00449767857022304,0.0648436804118044));
#3752=CARTESIAN_POINT('',(-0.00983724637805347,-0.00434539987794193,0.0647294873184503));
#3753=CARTESIAN_POINT('',(-0.00932008046588419,-0.00411694735790784,0.064558185437244));
#3754=CARTESIAN_POINT('',(-0.00880307194616129,-0.00388857885581862,0.0643869262325145));
#3755=CARTESIAN_POINT('',(-0.00828573469706125,-0.00366004838570204,0.0642155701967384));
#3756=CARTESIAN_POINT('',(-0.00776870226007789,-0.00343166528478158,0.0640443063905929));
#3757=CARTESIAN_POINT('',(-0.0072515664566366,-0.00320322997125933,0.0638730121269664));
#3758=CARTESIAN_POINT('',(-0.00673445599992788,-0.00297480690511765,0.063701725787288));
#3759=CARTESIAN_POINT('',(-0.00638966750406569,-0.00282250605922054,0.0635875174180868));
#3760=CARTESIAN_POINT('',(-0.00621726778548439,-0.00274635321976256,0.0635304114213781));
#3761=CARTESIAN_POINT('',(-0.00952784084393987,-0.0050661546606838,0.0661346071849133));
#3762=CARTESIAN_POINT('',(-0.00938788996235735,-0.00499174216198705,0.0660661057196067));
#3763=CARTESIAN_POINT('',(-0.00908829547353573,-0.00483244568040398,0.0659194639179062));
#3764=CARTESIAN_POINT('',(-0.00862972122521918,-0.00458859795857004,0.0656950089594116));
#3765=CARTESIAN_POINT('',(-0.00815037231989577,-0.00433372800655349,0.065460356072598));
#3766=CARTESIAN_POINT('',(-0.00767190734970735,-0.00407933905932953,0.0652262756616899));
#3767=CARTESIAN_POINT('',(-0.0071934001861568,-0.00382476512177856,0.0649916188565681));
#3768=CARTESIAN_POINT('',(-0.0067138480797487,-0.00357030797464393,0.0647585434315217));
#3769=CARTESIAN_POINT('',(-0.00624764656284827,-0.00332048036770046,0.0645243198095761));
#3770=CARTESIAN_POINT('',(-0.00594828828335369,-0.00315369957153937,0.0643554170097684));
#3771=CARTESIAN_POINT('',(-0.00580356772091115,-0.00307297583924919,0.0642734843825662));
#3772=CARTESIAN_POINT('',(-0.00959926777585624,-0.00504851754243389,0.0660051516823356));
#3773=CARTESIAN_POINT('',(-0.00945834834459317,-0.00497440580514294,0.0659385953735741));
#3774=CARTESIAN_POINT('',(-0.00915665438448432,-0.00481573977528705,0.0657961036667674));
#3775=CARTESIAN_POINT('',(-0.00869417385477489,-0.0045725014258748,0.0655776312745545));
#3776=CARTESIAN_POINT('',(-0.00821182595315575,-0.00431879271661261,0.0653497145617932));
#3777=CARTESIAN_POINT('',(-0.0077292567394288,-0.00406506021012772,0.0651219594754079));
#3778=CARTESIAN_POINT('',(-0.00724725133027168,-0.00381140946452812,0.0648938677740316));
#3779=CARTESIAN_POINT('',(-0.00676418788863426,-0.00355786457373332,0.0646671332700074));
#3780=CARTESIAN_POINT('',(-0.00629418545356682,-0.00330881166074694,0.0644398880994852));
#3781=CARTESIAN_POINT('',(-0.00599171582788182,-0.0031421422721484,0.0642766720227165));
#3782=CARTESIAN_POINT('',(-0.00584548101770663,-0.00306146657851844,0.0641975067386677));
#3783=CARTESIAN_POINT('',(-0.00966269083513999,-0.00502745846332369,0.0658922864088767));
#3784=CARTESIAN_POINT('',(-0.00952086673181292,-0.00495367081480447,0.0658274065325334));
#3785=CARTESIAN_POINT('',(-0.00921722468976215,-0.00479569277724435,0.0656884969028981));
#3786=CARTESIAN_POINT('',(-0.00875145853353864,-0.00455335378932459,0.0654753299887575));
#3787=CARTESIAN_POINT('',(-0.00826629362837851,-0.00430085957692266,0.0652532452139149));
#3788=CARTESIAN_POINT('',(-0.0077802230675423,-0.00404806852410094,0.0650310474323032));
#3789=CARTESIAN_POINT('',(-0.00729498738102742,-0.00379546155773556,0.0648086667052804));
#3790=CARTESIAN_POINT('',(-0.00680888075714854,-0.00354296657039618,0.0645873346790108));
#3791=CARTESIAN_POINT('',(-0.00633522402469428,-0.00329499454295223,0.0643666580647656));
#3792=CARTESIAN_POINT('',(-0.00603065458562419,-0.00312847576965334,0.0642072452535931));
#3793=CARTESIAN_POINT('',(-0.00588340836911812,-0.00304786469615672,0.0641299123554165));
#3794=CARTESIAN_POINT('',(-0.00978839566479001,-0.00497434420925744,0.0656710961693452));
#3795=CARTESIAN_POINT('',(-0.00964470867765178,-0.00490133148027752,0.0656094596041735));
#3796=CARTESIAN_POINT('',(-0.00933708350732291,-0.00474501398818191,0.0654774949992675));
#3797=CARTESIAN_POINT('',(-0.00886534721809811,-0.00450526095970142,0.065275012409541));
#3798=CARTESIAN_POINT('',(-0.00837367731519494,-0.00425535976896719,0.0650639684192125));
#3799=CARTESIAN_POINT('',(-0.00788143559026248,-0.00400530193303515,0.0648529372944278));
#3800=CARTESIAN_POINT('',(-0.00738978979353038,-0.00375534608132897,0.0646417400082812));
#3801=CARTESIAN_POINT('',(-0.00689752117190398,-0.00350548486495982,0.0644311621713047));
#3802=CARTESIAN_POINT('',(-0.00641702189182897,-0.00326022692626413,0.0642226677824837));
#3803=CARTESIAN_POINT('',(-0.00610736874697693,-0.00309472658804636,0.0640723966544334));
#3804=CARTESIAN_POINT('',(-0.00595765448276327,-0.00301459694288468,0.063999503062517));
#3805=CARTESIAN_POINT('',(-0.00985080959180938,-0.00494232048475907,0.0655625014125637));
#3806=CARTESIAN_POINT('',(-0.00970618646678125,-0.00486976874314782,0.0655024462579633));
#3807=CARTESIAN_POINT('',(-0.00939656241649873,-0.00471444073582106,0.0653738708735754));
#3808=CARTESIAN_POINT('',(-0.00892190254434628,-0.00447627246811142,0.0651766789349707));
#3809=CARTESIAN_POINT('',(-0.00842709767602205,-0.00422797904612765,0.0649710917789438));
#3810=CARTESIAN_POINT('',(-0.00793169100356424,-0.00397951526199667,0.0647654840127397));
#3811=CARTESIAN_POINT('',(-0.00743690105450552,-0.00373117662378983,0.0645597823078564));
#3812=CARTESIAN_POINT('',(-0.00694155196489454,-0.00348291829612443,0.0643545955873647));
#3813=CARTESIAN_POINT('',(-0.00645781219709076,-0.00323927288730956,0.0641516894666554));
#3814=CARTESIAN_POINT('',(-0.00614518046150952,-0.00307463953660221,0.0640068262253979));
#3815=CARTESIAN_POINT('',(-0.00599401270453747,-0.00299492648486995,0.0639365744309884));
#3816=CARTESIAN_POINT('',(-0.00997418865623139,-0.00486177158588955,0.0653540262626215));
#3817=CARTESIAN_POINT('',(-0.00982780052420725,-0.00479040979725285,0.0652970271081771));
#3818=CARTESIAN_POINT('',(-0.00951438474950399,-0.00463762656644057,0.0651749945692151));
#3819=CARTESIAN_POINT('',(-0.00903356646715047,-0.00440328521904295,0.0649878394811733));
#3820=CARTESIAN_POINT('',(-0.0085327151159527,-0.00415916301619562,0.0647929084716393));
#3821=CARTESIAN_POINT('',(-0.00803106049748388,-0.00391462651281602,0.0645975590627411));
#3822=CARTESIAN_POINT('',(-0.00753012259512539,-0.00367033289826003,0.0644023426157252));
#3823=CARTESIAN_POINT('',(-0.00702848228725368,-0.00342632051465348,0.0642079400274469));
#3824=CARTESIAN_POINT('',(-0.00653926077762329,-0.00318598352480229,0.0640142073083815));
#3825=CARTESIAN_POINT('',(-0.00621853657448124,-0.00302592882117041,0.0638834773635517));
#3826=CARTESIAN_POINT('',(-0.00606338769439971,-0.00294846625109377,0.0638201823784527));
#3827=CARTESIAN_POINT('',(-0.0100332605777559,-0.00481712583342438,0.0652560245499589));
#3828=CARTESIAN_POINT('',(-0.00988598676608122,-0.00474640600887171,0.0652004479948418));
#3829=CARTESIAN_POINT('',(-0.00957068402852635,-0.00459500203819335,0.0650814663702498));
#3830=CARTESIAN_POINT('',(-0.00908721705167634,-0.00436290463713078,0.0648991282657932));
#3831=CARTESIAN_POINT('',(-0.00858294947713402,-0.00412087257486988,0.0647089951441184));
#3832=CARTESIAN_POINT('',(-0.00807878825114353,-0.00387872532020465,0.0645186804325275));
#3833=CARTESIAN_POINT('',(-0.00757488179043398,-0.0036366177917711,0.0643283107316798));
#3834=CARTESIAN_POINT('',(-0.00707001473285494,-0.00339502562825605,0.0641391013438146));
#3835=CARTESIAN_POINT('',(-0.00657871097424768,-0.00315617041500093,0.0639491385186561));
#3836=CARTESIAN_POINT('',(-0.00625310740943519,-0.00299977316695904,0.0638264870784444));
#3837=CARTESIAN_POINT('',(-0.00609554626828632,-0.00292411953648251,0.0637671828270157));
#3838=CARTESIAN_POINT('',(-0.0101270005826466,-0.00473302942189411,0.0651088651821394));
#3839=CARTESIAN_POINT('',(-0.00997826187652102,-0.00466350410222695,0.0650554128553181));
#3840=CARTESIAN_POINT('',(-0.00965985270700158,-0.0045146702252517,0.0649409905130837));
#3841=CARTESIAN_POINT('',(-0.00917241386146576,-0.0042868520462944,0.0647659476718904));
#3842=CARTESIAN_POINT('',(-0.00866283624961354,-0.00404881701290441,0.0645829977978567));
#3843=CARTESIAN_POINT('',(-0.00815453343903005,-0.00381110159091922,0.0644002708430606));
#3844=CARTESIAN_POINT('',(-0.0076458484739191,-0.00357313473320982,0.0642172158060533));
#3845=CARTESIAN_POINT('',(-0.0071360779792641,-0.00333595195446039,0.0640355279087049));
#3846=CARTESIAN_POINT('',(-0.00664073219898062,-0.00310048479182175,0.0638522853563741));
#3847=CARTESIAN_POINT('',(-0.00630895135466696,-0.00294980271422677,0.0637391691312846));
#3848=CARTESIAN_POINT('',(-0.00614834989672393,-0.0028769653645193,0.0636845532398348));
#3849=CARTESIAN_POINT('',(-0.010163239590501,-0.00469716333440974,0.0650544458887606));
#3850=CARTESIAN_POINT('',(-0.0100139939307816,-0.00462817226717725,0.0650018021893789));
#3851=CARTESIAN_POINT('',(-0.00969449220773679,-0.00448047987391056,0.0648891082259622));
#3852=CARTESIAN_POINT('',(-0.00920518686817618,-0.00425435057092048,0.064716640304972));
#3853=CARTESIAN_POINT('',(-0.00869399668028999,-0.00401819272286556,0.0645364941229964));
#3854=CARTESIAN_POINT('',(-0.00818370285331818,-0.0037822118173668,0.0643564385765226));
#3855=CARTESIAN_POINT('',(-0.00767319828302911,-0.00354606386152144,0.0641761767563877));
#3856=CARTESIAN_POINT('',(-0.00716173702716819,-0.00331067051969599,0.0639970306148275));
#3857=CARTESIAN_POINT('',(-0.00666421730382526,-0.00307704314139147,0.0638172088750573));
#3858=CARTESIAN_POINT('',(-0.00633131822586301,-0.00292786536612999,0.0637053299311579));
#3859=CARTESIAN_POINT('',(-0.00617018036006404,-0.00285576011872469,0.0636512977240278));
#3860=CARTESIAN_POINT('',(-0.0102309145407054,-0.00462283851055729,0.0649579946806572));
#3861=CARTESIAN_POINT('',(-0.0100807543036273,-0.00455497146921981,0.0649068019178441));
#3862=CARTESIAN_POINT('',(-0.00975926739866862,-0.00440967467173807,0.0647972031500123));
#3863=CARTESIAN_POINT('',(-0.00926619752506711,-0.00418693017499438,0.064629184990097));
#3864=CARTESIAN_POINT('',(-0.00875225121693542,-0.00395472662879252,0.0644540734800646));
#3865=CARTESIAN_POINT('',(-0.00823793502417926,-0.0037222941204475,0.0642787147054725));
#3866=CARTESIAN_POINT('',(-0.00772410376858289,-0.00348986786637527,0.0641033346962862));
#3867=CARTESIAN_POINT('',(-0.00720931576573566,-0.00325833721837846,0.0639289605926499));
#3868=CARTESIAN_POINT('',(-0.00670833149664425,-0.00302797276795047,0.0637542280994918));
#3869=CARTESIAN_POINT('',(-0.00637191240025821,-0.00288333611037726,0.0636467994865093));
#3870=CARTESIAN_POINT('',(-0.00620905330272217,-0.00281346307616498,0.0635949365549588));
#3871=CARTESIAN_POINT('',(-0.0102623408438147,-0.00458438189700352,0.0649157373152451));
#3872=CARTESIAN_POINT('',(-0.0101117092260607,-0.00451708101956767,0.0648651677041164));
#3873=CARTESIAN_POINT('',(-0.00978921176323332,-0.00437299457748933,0.0647569011966044));
#3874=CARTESIAN_POINT('',(-0.00929455610229277,-0.00415205920510521,0.0645908763781365));
#3875=CARTESIAN_POINT('',(-0.00877913247894729,-0.00392181854176923,0.0644179008343509));
#3876=CARTESIAN_POINT('',(-0.00826307454439638,-0.00369126638634909,0.0642446342643785));
#3877=CARTESIAN_POINT('',(-0.00774757916844591,-0.00346084077666781,0.0640714732666));
#3878=CARTESIAN_POINT('',(-0.00723151275330711,-0.00323093406896211,0.0638988098939135));
#3879=CARTESIAN_POINT('',(-0.00672787623024007,-0.00300361066873461,0.0637276740040603));
#3880=CARTESIAN_POINT('',(-0.00639234780060097,-0.0028582123091679,0.0636189688478802));
#3881=CARTESIAN_POINT('',(-0.00622995838537058,-0.00278793011938823,0.0635664347285641));
#3882=CARTESIAN_POINT('',(-0.0102904531379653,-0.00454559006724277,0.0648796090280962));
#3883=CARTESIAN_POINT('',(-0.0101393776948832,-0.00447885709861716,0.0648295663111868));
#3884=CARTESIAN_POINT('',(-0.00981593907814636,-0.00433598760570132,0.0647224296596379));
#3885=CARTESIAN_POINT('',(-0.00932008046588419,-0.00411694735790784,0.064558185437244));
#3886=CARTESIAN_POINT('',(-0.00880307194616129,-0.00388857885581862,0.0643869262325145));
#3887=CARTESIAN_POINT('',(-0.00828573469706125,-0.00366004838570204,0.0642155701967384));
#3888=CARTESIAN_POINT('',(-0.00776870226007789,-0.00343166528478158,0.0640443063905929));
#3889=CARTESIAN_POINT('',(-0.0072515664566366,-0.00320322997125933,0.0638730121269664));
#3890=CARTESIAN_POINT('',(-0.0067452634394499,-0.00297958087253744,0.0637053056158005));
#3891=CARTESIAN_POINT('',(-0.00641128483444626,-0.0028320549234799,0.0635946779804785));
#3892=CARTESIAN_POINT('',(-0.00624969383716043,-0.00276067653742377,0.0635411522856872));
#3893=CARTESIAN_POINT('',(-0.00958704897084044,-0.00509763582577174,0.0661635879109045));
#3894=CARTESIAN_POINT('',(-0.00942736026903799,-0.00501272869963275,0.0660854254095359));
#3895=CARTESIAN_POINT('',(-0.00910800058023434,-0.00484292386638599,0.0659291090776262));
#3896=CARTESIAN_POINT('',(-0.0086297211602716,-0.00458859788228511,0.0656950091739762));
#3897=CARTESIAN_POINT('',(-0.00815037225501435,-0.00433372793023813,0.0654603562871767));
#3898=CARTESIAN_POINT('',(-0.0076719072846987,-0.00407933898310411,0.0652262758762218));
#3899=CARTESIAN_POINT('',(-0.0071934001211339,-0.00382476504545201,0.0649916190710944));
#3900=CARTESIAN_POINT('',(-0.0067138480146958,-0.00357030789828778,0.0647585436459645));
#3901=CARTESIAN_POINT('',(-0.006237695056531,-0.00331514752301809,0.064519320335282));
#3902=CARTESIAN_POINT('',(-0.00592892030034568,-0.00314290224903138,0.0643444696268405));
#3903=CARTESIAN_POINT('',(-0.00577452802302145,-0.00305677687907664,0.0642570414983188));
#3904=CARTESIAN_POINT('',(-0.00952779853598354,-0.00466606611298673,0.0665345433401668));
#3905=CARTESIAN_POINT('',(-0.00938789845791852,-0.00459755281655141,0.0664601960626068));
#3906=CARTESIAN_POINT('',(-0.00908835018730019,-0.0044508550987882,0.0663010060569014));
#3907=CARTESIAN_POINT('',(-0.00862975745627886,-0.00422627184250583,0.066057276344268));
#3908=CARTESIAN_POINT('',(-0.00815041945833585,-0.00399149816749743,0.06580254191774));
#3909=CARTESIAN_POINT('',(-0.00767207209819776,-0.00375734923084816,0.0655483429823312));
#3910=CARTESIAN_POINT('',(-0.00719338709099915,-0.00352248150472637,0.0652938109753815));
#3911=CARTESIAN_POINT('',(-0.00671387406462821,-0.00328929935191614,0.0650395044520197));
#3912=CARTESIAN_POINT('',(-0.00625656686723892,-0.00305942253202239,0.0647945650871375));
#3913=CARTESIAN_POINT('',(-0.00596557466470104,-0.00289569288611505,0.0646327056700487));
#3914=CARTESIAN_POINT('',(-0.0058294235940526,-0.00281862067992734,0.0645568139683455));
#3915=CARTESIAN_POINT('',(-0.0095274440623374,-0.00475805664125958,0.0664477339258575));
#3916=CARTESIAN_POINT('',(-0.00938762605595768,-0.00468826952848912,0.0663746622793972));
#3917=CARTESIAN_POINT('',(-0.00908822766664266,-0.00453881473133976,0.0662182068255363));
#3918=CARTESIAN_POINT('',(-0.0086291796610037,-0.00430922541233883,0.0659787489567502));
#3919=CARTESIAN_POINT('',(-0.00815034155499473,-0.00407069726724915,0.0657280190592114));
#3920=CARTESIAN_POINT('',(-0.00767151573502378,-0.00383100551357298,0.0654785756820198));
#3921=CARTESIAN_POINT('',(-0.00719296390522808,-0.00359184676293443,0.0652282067536203));
#3922=CARTESIAN_POINT('',(-0.00671342889059569,-0.00335369153207659,0.0649785406149438));
#3923=CARTESIAN_POINT('',(-0.00625614187747526,-0.00312031907110321,0.0647369549466868));
#3924=CARTESIAN_POINT('',(-0.00596517338298685,-0.00295707658097793,0.0645748956717729));
#3925=CARTESIAN_POINT('',(-0.00582903369470418,-0.00288030461216019,0.0644988482248301));
#3926=CARTESIAN_POINT('',(-0.00952715792715337,-0.00482566975942599,0.0663825963409466));
#3927=CARTESIAN_POINT('',(-0.00938744771045569,-0.00475494308973887,0.0663105271538479));
#3928=CARTESIAN_POINT('',(-0.00908824286806429,-0.0046034578562742,0.0661562013016066));
#3929=CARTESIAN_POINT('',(-0.00862850441441162,-0.00437026476180319,0.0659195580731224));
#3930=CARTESIAN_POINT('',(-0.00815083637490088,-0.0041288619433639,0.0656726770982154));
#3931=CARTESIAN_POINT('',(-0.00767091757782619,-0.00388525796803234,0.0654259712109952));
#3932=CARTESIAN_POINT('',(-0.00719267113735696,-0.00364288130519658,0.0651789740297154));
#3933=CARTESIAN_POINT('',(-0.00671307214997871,-0.00340109807809498,0.0649327229871164));
#3934=CARTESIAN_POINT('',(-0.00625581624392958,-0.0031651829952992,0.0646936322864486));
#3935=CARTESIAN_POINT('',(-0.00596481351271803,-0.00300229080082958,0.0645313285126836));
#3936=CARTESIAN_POINT('',(-0.00582865636479112,-0.00292573521424958,0.0644551178140619));
#3937=CARTESIAN_POINT('',(-0.00952718425386129,-0.00491412165854727,0.066294131592716));
#3938=CARTESIAN_POINT('',(-0.0093874735705273,-0.00484201509846658,0.0662234423568759));
#3939=CARTESIAN_POINT('',(-0.00908826871950368,-0.00468760971731292,0.0660720377678229));
#3940=CARTESIAN_POINT('',(-0.00862855649288615,-0.0044508577833096,0.0658389811856202));
#3941=CARTESIAN_POINT('',(-0.00815079067891078,-0.00420380146482384,0.0655976595501403));
#3942=CARTESIAN_POINT('',(-0.00767090129362798,-0.0039569823905621,0.0653541991806147));
#3943=CARTESIAN_POINT('',(-0.00719268858009903,-0.00370987545760196,0.0651119677617172));
#3944=CARTESIAN_POINT('',(-0.00671308184856743,-0.00346349331067939,0.0648703101587437));
#3945=CARTESIAN_POINT('',(-0.00625581316714886,-0.00322427417073808,0.0646345116424527));
#3946=CARTESIAN_POINT('',(-0.00596481494863017,-0.00306189318455699,0.0644716979005103));
#3947=CARTESIAN_POINT('',(-0.00582866024923363,-0.00298564647976854,0.0643951791348521));
#3948=CARTESIAN_POINT('',(-0.00952736107116724,-0.00497983910184932,0.0662258908256656));
#3949=CARTESIAN_POINT('',(-0.0093875345887318,-0.00490670982774652,0.0661561529896244));
#3950=CARTESIAN_POINT('',(-0.00908812195188082,-0.00475013470968305,0.0660068037487771));
#3951=CARTESIAN_POINT('',(-0.00862915547912749,-0.0045105923419023,0.0657773772761708));
#3952=CARTESIAN_POINT('',(-0.00815033432998107,-0.00425976196014936,0.0655389622812685));
#3953=CARTESIAN_POINT('',(-0.00767142718788109,-0.0040100786572329,0.0652994312316684));
#3954=CARTESIAN_POINT('',(-0.00719298659346901,-0.00375962625729831,0.0650604636266412));
#3955=CARTESIAN_POINT('',(-0.00671343132087093,-0.00350977986650048,0.0648224682031542));
#3956=CARTESIAN_POINT('',(-0.0062561024588279,-0.00326802418697489,0.0645892234012707));
#3957=CARTESIAN_POINT('',(-0.00596513047619914,-0.00310588778192397,0.0644260529992249));
#3958=CARTESIAN_POINT('',(-0.00582898977294068,-0.00302980507489589,0.0643493145155638));
#3959=CARTESIAN_POINT('',(-0.00952768222385522,-0.00506607027994839,0.0661345297918185));
#3960=CARTESIAN_POINT('',(-0.00938778420299853,-0.00499168588727417,0.0660660542001673));
#3961=CARTESIAN_POINT('',(-0.00908824263920854,-0.00483241754396136,0.065919438303812));
#3962=CARTESIAN_POINT('',(-0.0086297211602716,-0.00458859788228511,0.0656950091739762));
#3963=CARTESIAN_POINT('',(-0.00815037225501435,-0.00433372793023813,0.0654603562871767));
#3964=CARTESIAN_POINT('',(-0.0076719072846987,-0.00407933898310411,0.0652262758762218));
#3965=CARTESIAN_POINT('',(-0.0071934001211339,-0.00382476504545201,0.0649916190710944));
#3966=CARTESIAN_POINT('',(-0.0067138480146958,-0.00357030789828778,0.0647585436459645));
#3967=CARTESIAN_POINT('',(-0.00625648075758616,-0.00332521438587958,0.0645287584318492));
#3968=CARTESIAN_POINT('',(-0.00596549610545723,-0.00316328109414529,0.0643651105080116));
#3969=CARTESIAN_POINT('',(-0.00582934978796323,-0.00308735547319019,0.0642880771632344));
#3970=CARTESIAN_POINT('',(-0.00958716617790431,-0.00469513999744117,0.0665660931909633));
#3971=CARTESIAN_POINT('',(-0.00942747530142139,-0.00461693453955352,0.0664812285157406));
#3972=CARTESIAN_POINT('',(-0.00910811126349807,-0.00446053229937099,0.0663115085796171));
#3973=CARTESIAN_POINT('',(-0.00862975752135427,-0.00422627162799849,0.0660572764204787));
#3974=CARTESIAN_POINT('',(-0.00815041952336559,-0.00399149795299049,0.0658025419940024));
#3975=CARTESIAN_POINT('',(-0.00767207216327434,-0.00375734901630042,0.0655483430586454));
#3976=CARTESIAN_POINT('',(-0.00719338715617634,-0.00352248129026543,0.0652938110516424));
#3977=CARTESIAN_POINT('',(-0.00671387412982861,-0.00328929913752648,0.0650395045283703));
#3978=CARTESIAN_POINT('',(-0.00623778369830778,-0.00304998045821904,0.0647845046318514));
#3979=CARTESIAN_POINT('',(-0.00592899779032558,-0.00287504142126313,0.0646123360878558));
#3980=CARTESIAN_POINT('',(-0.00577459993692596,-0.00278756912708271,0.0645262490841141));
#3981=CARTESIAN_POINT('',(-0.0102907595730963,-0.00341134604015176,0.0660138551681982));
#3982=CARTESIAN_POINT('',(-0.0101396951650355,-0.00336126839132919,0.0659471687199968));
#3983=CARTESIAN_POINT('',(-0.00981627585658584,-0.00325405545134914,0.0658043970776774));
#3984=CARTESIAN_POINT('',(-0.00932036913869184,-0.00308966661529076,0.0655854767945477));
#3985=CARTESIAN_POINT('',(-0.00880335099282737,-0.00291827153181158,0.0653572479208243));
#3986=CARTESIAN_POINT('',(-0.0082859858916171,-0.00274677215132201,0.0651288513759919));
#3987=CARTESIAN_POINT('',(-0.00776891922024153,-0.00257536345692205,0.0649005993692252));
#3988=CARTESIAN_POINT('',(-0.00725179850434957,-0.00240394154566557,0.0646723140159972));
#3989=CARTESIAN_POINT('',(-0.00674509261734682,-0.00223597000575232,0.0644486308438229));
#3990=CARTESIAN_POINT('',(-0.00641080480970039,-0.00212515508728023,0.0643010599215061));
#3991=CARTESIAN_POINT('',(-0.00624888484521964,-0.00207147934813606,0.0642295805476584));
#3992=CARTESIAN_POINT('',(-0.0102661527252813,-0.0034429622649168,0.0660478156430545));
#3993=CARTESIAN_POINT('',(-0.0101154652629455,-0.00339243674899839,0.06598064563998));
#3994=CARTESIAN_POINT('',(-0.00979284680300002,-0.00328426222485324,0.0658368366643807));
#3995=CARTESIAN_POINT('',(-0.00929800426474127,-0.00311832650481515,0.0656162707712598));
#3996=CARTESIAN_POINT('',(-0.00878256339054865,-0.00294514967141527,0.0653861034948046));
#3997=CARTESIAN_POINT('',(-0.00826547191820745,-0.00277306480586166,0.0651571036589747));
#3998=CARTESIAN_POINT('',(-0.00775280645169498,-0.0025961019078046,0.0649228802711918));
#3999=CARTESIAN_POINT('',(-0.00722542085423263,-0.00243785142908531,0.0647087436398183));
#4000=CARTESIAN_POINT('',(-0.00673108439906209,-0.00225396263331855,0.0644679725295988));
#4001=CARTESIAN_POINT('',(-0.00639666117282226,-0.00214329228833353,0.0643205988693731));
#4002=CARTESIAN_POINT('',(-0.00623455752081207,-0.00208983812057908,0.0642493783322722));
#4003=CARTESIAN_POINT('',(-0.010239072219687,-0.00347919465929476,0.0660814951944343));
#4004=CARTESIAN_POINT('',(-0.0100887821868373,-0.00342814782838148,0.0660138379884875));
#4005=CARTESIAN_POINT('',(-0.00976701614481712,-0.00331885576381586,0.0658689854281834));
#4006=CARTESIAN_POINT('',(-0.00927352170532676,-0.0031511683074848,0.0656468057260864));
#4007=CARTESIAN_POINT('',(-0.0087594507996493,-0.00297607107525327,0.0654148455946553));
#4008=CARTESIAN_POINT('',(-0.0082435097904359,-0.00280260601543875,0.0651845416375208));
#4009=CARTESIAN_POINT('',(-0.00773345542440444,-0.00262230401269383,0.0649473508931467));
#4010=CARTESIAN_POINT('',(-0.0072029297064975,-0.00246780192430791,0.0647362346840275));
#4011=CARTESIAN_POINT('',(-0.0067143373936488,-0.00227664590463253,0.0644891659608512));
#4012=CARTESIAN_POINT('',(-0.00638065009833902,-0.00216491597867357,0.0643408338816573));
#4013=CARTESIAN_POINT('',(-0.00621885944183032,-0.00211100174475513,0.0642691946125661));
#4014=CARTESIAN_POINT('',(-0.0101809464105645,-0.00356085131368815,0.0661470623995244));
#4015=CARTESIAN_POINT('',(-0.0100314105217024,-0.00350858694105613,0.0660784165146439));
#4016=CARTESIAN_POINT('',(-0.00971128957714464,-0.00339669465509806,0.0659314551220536));
#4017=CARTESIAN_POINT('',(-0.00922112804637531,-0.00322519169080854,0.0657062507666855));
#4018=CARTESIAN_POINT('',(-0.00870947052829456,-0.00304583925478967,0.0654709226154314));
#4019=CARTESIAN_POINT('',(-0.00819698312328589,-0.0028685250691553,0.0652371805060436));
#4020=CARTESIAN_POINT('',(-0.00768959536589598,-0.0026837363791198,0.0649978623657465));
#4021=CARTESIAN_POINT('',(-0.00716287218009945,-0.00252631545113533,0.0647789688097763));
#4022=CARTESIAN_POINT('',(-0.0066764453705225,-0.00232977539505149,0.064532858323786));
#4023=CARTESIAN_POINT('',(-0.00634549115858536,-0.00221439825763701,0.0643812548129525));
#4024=CARTESIAN_POINT('',(-0.00618504290281792,-0.0021587160578133,0.0643079753818299));
#4025=CARTESIAN_POINT('',(-0.0101499140972919,-0.00360643566138858,0.0661789493554911));
#4026=CARTESIAN_POINT('',(-0.0100007489610112,-0.00355347372793269,0.0661098032538791));
#4027=CARTESIAN_POINT('',(-0.00968144579766899,-0.00344009699147184,0.0659617803933091));
#4028=CARTESIAN_POINT('',(-0.00919317605610825,-0.00326655639584491,0.0657351997566677));
#4029=CARTESIAN_POINT('',(-0.00868277967864749,-0.00308467423149628,0.0654981029419934));
#4030=CARTESIAN_POINT('',(-0.00817189872499573,-0.00290562412950768,0.065262995217158));
#4031=CARTESIAN_POINT('',(-0.00766692227494375,-0.00271682541425675,0.0650215571763813));
#4032=CARTESIAN_POINT('',(-0.00713836488023564,-0.00256339461637,0.0648029177648445));
#4033=CARTESIAN_POINT('',(-0.00665683702792997,-0.00235842756691309,0.0645533889629069));
#4034=CARTESIAN_POINT('',(-0.00632696194291259,-0.00224156465406279,0.0644006237275539));
#4035=CARTESIAN_POINT('',(-0.00616700574049856,-0.00218522077589785,0.0643267971538879));
#4036=CARTESIAN_POINT('',(-0.0100681003297326,-0.00373209575101622,0.0662562048153392));
#4037=CARTESIAN_POINT('',(-0.00992019613361674,-0.00367731040176169,0.0661859444949168));
#4038=CARTESIAN_POINT('',(-0.00960357463531441,-0.00356002267865829,0.0660355289932657));
#4039=CARTESIAN_POINT('',(-0.00911894074138733,-0.00338029491791247,0.0658050893032369));
#4040=CARTESIAN_POINT('',(-0.00861284763780415,-0.0031922708905246,0.0655643377572605));
#4041=CARTESIAN_POINT('',(-0.00810613454881169,-0.00300653745423129,0.065324771005191));
#4042=CARTESIAN_POINT('',(-0.00760423478033097,-0.00281247559684646,0.0650812477217184));
#4043=CARTESIAN_POINT('',(-0.00708377639738064,-0.00264888717295145,0.0648521522424047));
#4044=CARTESIAN_POINT('',(-0.00660263896871345,-0.0024411091833655,0.0646050463835797));
#4045=CARTESIAN_POINT('',(-0.0062769535026975,-0.00231788554686293,0.0644483518503683));
#4046=CARTESIAN_POINT('',(-0.0061190826122511,-0.00225839655815685,0.064372543341457));
#4047=CARTESIAN_POINT('',(-0.0100158326978084,-0.003817228806546,0.0662988807668629));
#4048=CARTESIAN_POINT('',(-0.00986884278188804,-0.00376123544669066,0.06622804140861));
#4049=CARTESIAN_POINT('',(-0.00955413536284124,-0.00364134757332429,0.0660763711480094));
#4050=CARTESIAN_POINT('',(-0.00907128571048792,-0.00345726450002012,0.0658436072189365));
#4051=CARTESIAN_POINT('',(-0.00856839835124123,-0.00326532888219137,0.0656010369192567));
#4052=CARTESIAN_POINT('',(-0.00806408458562024,-0.00307452676913059,0.0653587654348566));
#4053=CARTESIAN_POINT('',(-0.00756355237394426,-0.00287837563656124,0.0651143723221391));
#4054=CARTESIAN_POINT('',(-0.00705072100919747,-0.00270263899570834,0.0648786078920065));
#4055=CARTESIAN_POINT('',(-0.00656743710325761,-0.00249803057419378,0.0646337155481832));
#4056=CARTESIAN_POINT('',(-0.00624469008864249,-0.00236989712597212,0.0644748017469532));
#4057=CARTESIAN_POINT('',(-0.00608830449281105,-0.0023079302978398,0.0643978659046153));
#4058=CARTESIAN_POINT('',(-0.00991336028796812,-0.00398824546406399,0.0663717302978959));
#4059=CARTESIAN_POINT('',(-0.00976785832447997,-0.00392970750911682,0.0662997982778581));
#4060=CARTESIAN_POINT('',(-0.00945634087778894,-0.00380437874924022,0.0661457936051773));
#4061=CARTESIAN_POINT('',(-0.00897849827079295,-0.00361213703702472,0.0659095805662707));
#4062=CARTESIAN_POINT('',(-0.00848066077066544,-0.00341186432551676,0.0656634681612696));
#4063=CARTESIAN_POINT('',(-0.00798209035194517,-0.0032112397876157,0.0654169695662785));
#4064=CARTESIAN_POINT('',(-0.00748402560142679,-0.00301100056271062,0.0651708934439185));
#4065=CARTESIAN_POINT('',(-0.00698610689811188,-0.0028101850546569,0.0649242075310657));
#4066=CARTESIAN_POINT('',(-0.00649867993796057,-0.00261256288003989,0.0646826793384145));
#4067=CARTESIAN_POINT('',(-0.00618160123009548,-0.0024746737740689,0.0645201692008873));
#4068=CARTESIAN_POINT('',(-0.00602808080800227,-0.00240777708360651,0.0644414086013924));
#4069=CARTESIAN_POINT('',(-0.00986436424104935,-0.00407205598807908,0.0664014388953986));
#4070=CARTESIAN_POINT('',(-0.00971955123897021,-0.00401226414315501,0.0663290523538903));
#4071=CARTESIAN_POINT('',(-0.00940951874772952,-0.00388425712169845,0.0661740798414939));
#4072=CARTESIAN_POINT('',(-0.00893421679260226,-0.00368807437600689,0.0659365225030245));
#4073=CARTESIAN_POINT('',(-0.008438534742263,-0.00348359198164793,0.0656888429598078));
#4074=CARTESIAN_POINT('',(-0.00794290206799516,-0.00327833792815024,0.0654407776189799));
#4075=CARTESIAN_POINT('',(-0.00744619491723115,-0.00307575836394198,0.0651937814666749));
#4076=CARTESIAN_POINT('',(-0.00695462481470313,-0.00286386097231466,0.064943458999778));
#4077=CARTESIAN_POINT('',(-0.00646598797261361,-0.00266847780855166,0.0647025291959435));
#4078=CARTESIAN_POINT('',(-0.00615148421723842,-0.00252604288642956,0.0645387324391577));
#4079=CARTESIAN_POINT('',(-0.00599925905023055,-0.00245685858700129,0.0644593247009548));
#4080=CARTESIAN_POINT('',(-0.00972252847362821,-0.0043177767548014,0.0664757524976791));
#4081=CARTESIAN_POINT('',(-0.00957983360838559,-0.00425438284666547,0.0664022861411826));
#4082=CARTESIAN_POINT('',(-0.00927432541678287,-0.00411866189096976,0.0662449984165724));
#4083=CARTESIAN_POINT('',(-0.00880568197027515,-0.0039105942134788,0.0660038009139208));
#4084=CARTESIAN_POINT('',(-0.00831721011707743,-0.00369389679584221,0.0657524426504235));
#4085=CARTESIAN_POINT('',(-0.00782883633278116,-0.00347590316838025,0.065500579218315));
#4086=CARTESIAN_POINT('',(-0.00733851192310988,-0.00326232832701511,0.0652500053287327));
#4087=CARTESIAN_POINT('',(-0.00685673408342503,-0.00303319718869772,0.064995381755025));
#4088=CARTESIAN_POINT('',(-0.00637289320507836,-0.00282970676648375,0.0647513550357228));
#4089=CARTESIAN_POINT('',(-0.00606501099951097,-0.00267546672170485,0.0645851313392563));
#4090=CARTESIAN_POINT('',(-0.0059160423508996,-0.00260047242948984,0.0645045425933792));
#4091=CARTESIAN_POINT('',(-0.00963334580828767,-0.00447530207864909,0.0665086062028851));
#4092=CARTESIAN_POINT('',(-0.00949196059509226,-0.00440960947070274,0.0664346665916447));
#4093=CARTESIAN_POINT('',(-0.00918925623454275,-0.00426896599063436,0.0662763642636088));
#4094=CARTESIAN_POINT('',(-0.00872491062055075,-0.0040533198458233,0.066033574003474));
#4095=CARTESIAN_POINT('',(-0.00824110368945622,-0.00382849402244639,0.0657805444536797));
#4096=CARTESIAN_POINT('',(-0.00775664843479191,-0.00360351425479471,0.0655272454127059));
#4097=CARTESIAN_POINT('',(-0.00727283125866587,-0.00337861763147848,0.0652741797109053));
#4098=CARTESIAN_POINT('',(-0.00678838888248106,-0.00315426361811568,0.0650211377418752));
#4099=CARTESIAN_POINT('',(-0.00631609819734572,-0.00293031159827086,0.0647724354311013));
#4100=CARTESIAN_POINT('',(-0.00601143731854223,-0.00277023415938544,0.0646058274518454));
#4101=CARTESIAN_POINT('',(-0.00586396637716064,-0.00269252145804223,0.0645250910099068));
#4102=CARTESIAN_POINT('',(-0.00952795371178451,-0.00466614186088806,0.0665346258471116));
#4103=CARTESIAN_POINT('',(-0.00938800192207448,-0.0045976032396481,0.066460251088633));
#4104=CARTESIAN_POINT('',(-0.00908840188255135,-0.00445088016872762,0.0663010335732946));
#4105=CARTESIAN_POINT('',(-0.00862975752135427,-0.00422627162799849,0.0660572764204787));
#4106=CARTESIAN_POINT('',(-0.00815041952336559,-0.00399149795299049,0.0658025419940024));
#4107=CARTESIAN_POINT('',(-0.00767207216327434,-0.00375734901630042,0.0655483430586454));
#4108=CARTESIAN_POINT('',(-0.00719338715617634,-0.00352248129026543,0.0652938110516424));
#4109=CARTESIAN_POINT('',(-0.00671387412982861,-0.00328929913752648,0.0650395045283703));
#4110=CARTESIAN_POINT('',(-0.00624741195349199,-0.0030548203398091,0.0647896616438665));
#4111=CARTESIAN_POINT('',(-0.00594773953183262,-0.00288564068267723,0.0646227794349169));
#4112=CARTESIAN_POINT('',(-0.00580270113829106,-0.00280348840174642,0.0645419169714129));
#4113=CARTESIAN_POINT('',(-0.006535764994339,-3.57423213587171E-23,0.0614692683883408));
#4114=CARTESIAN_POINT('',(-0.0106426096568252,-5.82015379652282E-23,0.0614681698190581));
#4115=CARTESIAN_POINT('',(-0.0106416925034462,-0.000590863455650258,0.0663597322734952));
#4116=CARTESIAN_POINT('',(-0.0106416926617341,0.000590863383168466,0.066359732008499));
#4117=CARTESIAN_POINT('',(-0.0106416926117726,-0.000590848849638349,0.0663597338030583));
#4118=CARTESIAN_POINT('',(-0.00927299240546693,-0.000514852013039891,0.0657309632178997));
#4119=CARTESIAN_POINT('',(-0.00790429219916222,-0.000438855176441172,0.0651021926327389));
#4120=CARTESIAN_POINT('',(-0.00653559199286363,-0.000362858339840865,0.064473422047565));
#4121=CARTESIAN_POINT('',(-0.0065355417829968,-0.000362854316341621,0.0644735318300992));
#4122=CARTESIAN_POINT('',(-0.006535764994339,-3.57423213587171E-23,0.0614692683883408));
#4123=CARTESIAN_POINT('',(-0.00653520277420508,0.000362856051659067,0.0644732417337006));
#4124=CARTESIAN_POINT('',(-0.0106416926375607,0.00059082746636224,0.0663597364020358));
#4125=CARTESIAN_POINT('',(-0.0106638809272595,-5.83178647583039E-23,0.0614681641290537));
#4126=CARTESIAN_POINT('',(-0.010639466597181,-0.000590725318771934,0.0663587117526898));
#4127=CARTESIAN_POINT('',(-0.0102209494081463,-0.000676873940415053,0.0670721177260546));
#4128=CARTESIAN_POINT('',(-0.0106438221134224,-0.00193448272824509,0.0660007659721398));
#4129=CARTESIAN_POINT('',(-0.0106438709588032,-0.00150663766538409,0.0661833674652563));
#4130=CARTESIAN_POINT('',(-0.0106439034870186,-0.00105281245437531,0.0663049695616839));
#4131=CARTESIAN_POINT('',(-0.0106439184093465,-0.000590987011684182,0.0663607545574197));
#4132=CARTESIAN_POINT('',(-0.0102208389677731,-0.00221565395750231,0.066659814827727));
#4133=CARTESIAN_POINT('',(-0.0102208389555642,-0.00221572812725491,0.0666597831811406));
#4134=CARTESIAN_POINT('',(-0.00950615949786091,-0.00204956481442893,0.0680272353750193));
#4135=CARTESIAN_POINT('',(-0.00961594053612552,-0.00213310471092074,0.0678036317955582));
#4136=CARTESIAN_POINT('',(-0.00984276314359393,-0.0022625064392253,0.0673451323896274));
#4137=CARTESIAN_POINT('',(-0.010087609248987,-0.00228266128180246,0.066879927056163));
#4138=CARTESIAN_POINT('',(-0.0102208389555642,-0.00221572812725491,0.0666597831811406));
#4139=CARTESIAN_POINT('',(-0.00950615657326411,-0.00204956631192533,0.0680272401679027));
#4140=CARTESIAN_POINT('',(-0.00950619564793742,-0.00150440662129399,0.0681733152639696));
#4141=CARTESIAN_POINT('',(-0.00950618462719544,-0.00168802448759344,0.0681321157910807));
#4142=CARTESIAN_POINT('',(-0.00950617158764997,-0.00186994883840906,0.068083369309125));
#4143=CARTESIAN_POINT('',(-0.00950615657326411,-0.00204956631192533,0.0680272401679027));
#4144=CARTESIAN_POINT('',(-0.00950619564793742,-0.00150440662129399,0.0681733152639696));
#4145=CARTESIAN_POINT('',(-0.0102209494081463,-0.000676873940415057,0.0670721177260546));
#4146=CARTESIAN_POINT('',(-0.0100881571611355,-0.000728793159878346,0.0672955049601147));
#4147=CARTESIAN_POINT('',(-0.00984217947623423,-0.00097961948010767,0.0676901278204785));
#4148=CARTESIAN_POINT('',(-0.00961592727306276,-0.0013203918430531,0.0680215286715429));
#4149=CARTESIAN_POINT('',(-0.00950619861013412,-0.00150440550797099,0.0681733103013178));
#4150=CARTESIAN_POINT('',(-0.00654882795813947,-3.58137591542625E-23,0.0614692648940351));
#4151=CARTESIAN_POINT('',(-0.00627681684372331,-0.000415674036307377,0.0649107279615363));
#4152=CARTESIAN_POINT('',(-0.00611909821567239,-0.000476808081872038,0.0651761113112375));
#4153=CARTESIAN_POINT('',(-0.00598197786856453,-0.000685485879344171,0.0653861551075972));
#4154=CARTESIAN_POINT('',(-0.00585099938493518,-0.000901820208256846,0.0655688098453777));
#4155=CARTESIAN_POINT('',(-0.00627681684372332,-0.000415674036307378,0.0649107279615363));
#4156=CARTESIAN_POINT('',(-0.00585099932805909,-0.000901820435394592,0.0655688098953778));
#4157=CARTESIAN_POINT('',(-0.00585099932805909,-0.000901820435394592,0.0655688098953778));
#4158=CARTESIAN_POINT('',(-0.00585153850267584,-0.00102529667125021,0.0655406856018333));
#4159=CARTESIAN_POINT('',(-0.0058515294151698,-0.00114767264890111,0.0655078961861598));
#4160=CARTESIAN_POINT('',(-0.00585097296469846,-0.00126867964226139,0.06547051039625));
#4161=CARTESIAN_POINT('',(-0.00585097302154942,-0.0012686798139538,0.0654705102393785));
#4162=CARTESIAN_POINT('',(-0.00585097302154942,-0.0012686798139538,0.0654705102393785));
#4163=CARTESIAN_POINT('',(-0.00598179718942998,-0.00136462098398925,0.0652044241044006));
#4164=CARTESIAN_POINT('',(-0.00611962059859066,-0.00144014576270031,0.0649169280580336));
#4165=CARTESIAN_POINT('',(-0.006276748616123,-0.0013607132992446,0.0646575059858105));
#4166=CARTESIAN_POINT('',(-0.00627674861612301,-0.0013607132992446,0.0646575059858105));
#4167=CARTESIAN_POINT('',(-0.00627674862334137,-0.0013606716021931,0.0646575237772411));
#4168=CARTESIAN_POINT('',(-0.00636244797632116,-0.0013029395843425,0.064522184827454));
#4169=CARTESIAN_POINT('',(-0.00644814732924572,-0.00124520756647887,0.0643868458776364));
#4170=CARTESIAN_POINT('',(-0.00653384668208562,-0.00118747554859628,0.0642515069277744));
#4171=CARTESIAN_POINT('',(-0.00653656883092393,-0.000362945800983854,0.064474296874392));
#4172=CARTESIAN_POINT('',(-0.00653655978716609,-0.000645774883937207,0.0644404880749038));
#4173=CARTESIAN_POINT('',(-0.00653653987412953,-0.000922281484330314,0.0643660460263252));
#4174=CARTESIAN_POINT('',(-0.00653650958244496,-0.00118799609410582,0.0642528048816435));
#4175=CARTESIAN_POINT('',(-0.0065338665049711,-0.000362754278314921,0.0644725611111602));
#4176=CARTESIAN_POINT('',(-0.00644818328550398,-0.000380417359236065,0.0646186139274325));
#4177=CARTESIAN_POINT('',(-0.00636250006590799,-0.000398080440148313,0.0647646667436312));
#4178=CARTESIAN_POINT('',(-0.00627681684622747,-0.000415743521054542,0.0649107195597801));
#4179=CARTESIAN_POINT('',(-0.00843846021667283,-0.000512915915392601,0.0657147759440743));
#4180=CARTESIAN_POINT('',(-0.010354968319712,-0.000685749836590841,0.0671455600151553));
#4181=CARTESIAN_POINT('',(-0.0101825948248691,-0.00067433374422774,0.0670510994468177));
#4182=CARTESIAN_POINT('',(-0.00983786695715105,-0.000651502825926811,0.0668621887889691));
#4183=CARTESIAN_POINT('',(-0.00932063483456276,-0.0006172532117601,0.0665787429330764));
#4184=CARTESIAN_POINT('',(-0.00880360194903211,-0.000583004298602666,0.0662954119184973));
#4185=CARTESIAN_POINT('',(-0.00828622210021839,-0.00054874894354098,0.0660118835604076));
#4186=CARTESIAN_POINT('',(-0.0077691406881857,-0.000514499815991798,0.0657285257083041));
#4187=CARTESIAN_POINT('',(-0.00725200523106447,-0.000480255922767578,0.0654451323708264));
#4188=CARTESIAN_POINT('',(-0.0067348256747005,-0.000446004978492185,0.0651617177927274));
#4189=CARTESIAN_POINT('',(-0.00639007154557507,-0.000423174157379315,0.0649727917835795));
#4190=CARTESIAN_POINT('',(-0.00621768901090742,-0.000411758384573449,0.0648783257813762));
#4191=CARTESIAN_POINT('',(-0.00843836763531848,-0.00167883435289335,0.0654023643491172));
#4192=CARTESIAN_POINT('',(-0.0103548559090366,-0.00224477962560132,0.0667278188967929));
#4193=CARTESIAN_POINT('',(-0.0101824677975953,-0.00220741027147678,0.0666403034878383));
#4194=CARTESIAN_POINT('',(-0.00983771069830186,-0.00213267570873502,0.066465282378306));
#4195=CARTESIAN_POINT('',(-0.00932052037497759,-0.00202055013056955,0.0662027228739924));
#4196=CARTESIAN_POINT('',(-0.00880348745380605,-0.00190847595479007,0.0659402423319225));
#4197=CARTESIAN_POINT('',(-0.00828612578506774,-0.00179630997007296,0.0656775969594756));
#4198=CARTESIAN_POINT('',(-0.00776906894484829,-0.00168422545524154,0.0654151051339044));
#4199=CARTESIAN_POINT('',(-0.00725190873228008,-0.00157211096553567,0.065152560828785));
#4200=CARTESIAN_POINT('',(-0.00673477386779828,-0.00146000311700848,0.0648900295087878));
#4201=CARTESIAN_POINT('',(-0.00638996909819943,-0.00138525701297132,0.0647149840948843));
#4202=CARTESIAN_POINT('',(-0.00621756124249158,-0.00134788277497991,0.0646274586105423));
#4203=CARTESIAN_POINT('',(-0.00952835121064474,-0.0020543491349422,0.0680425403583932));
#4204=CARTESIAN_POINT('',(-0.00938839283278147,-0.00202417547037063,0.067946015116102));
#4205=CARTESIAN_POINT('',(-0.00908878229647719,-0.00195958163914923,0.0677393820880387));
#4206=CARTESIAN_POINT('',(-0.00863018348224814,-0.00186069212627044,0.0674230909675724));
#4207=CARTESIAN_POINT('',(-0.00815080890247535,-0.00175735882460498,0.0670924578116425));
#4208=CARTESIAN_POINT('',(-0.00767231830164649,-0.0016541557291417,0.0667625609051046));
#4209=CARTESIAN_POINT('',(-0.00719378550337044,-0.00155108063009564,0.0664320723328814));
#4210=CARTESIAN_POINT('',(-0.00671420772119418,-0.00144731612426722,0.0661030117086464));
#4211=CARTESIAN_POINT('',(-0.00624798118874089,-0.001348133230659,0.0657752710082736));
#4212=CARTESIAN_POINT('',(-0.00594860665853065,-0.0012881882599458,0.0655456172245022));
#4213=CARTESIAN_POINT('',(-0.00580387823707818,-0.00125926512539864,0.0654343048089295));
#4214=CARTESIAN_POINT('',(-0.00959978042234012,-0.00210379313821092,0.0679216074846651));
#4215=CARTESIAN_POINT('',(-0.00945885346532182,-0.00207290749196162,0.0678269172127832));
#4216=CARTESIAN_POINT('',(-0.0091571433933421,-0.00200678488138042,0.0676241935734587));
#4217=CARTESIAN_POINT('',(-0.00869463816485818,-0.00190543233992495,0.067313388333622));
#4218=CARTESIAN_POINT('',(-0.00821226450272317,-0.0017997370181906,0.0669891696044442));
#4219=CARTESIAN_POINT('',(-0.00772966951950729,-0.00169394030387192,0.0666650789571357));
#4220=CARTESIAN_POINT('',(-0.00724763836385479,-0.00158838262863832,0.0663407376529263));
#4221=CARTESIAN_POINT('',(-0.00676454914125106,-0.00148223816921341,0.0660176246814328));
#4222=CARTESIAN_POINT('',(-0.00629452154418891,-0.00138023746303264,0.0656963149805201));
#4223=CARTESIAN_POINT('',(-0.00599203547891893,-0.00131754602881914,0.0654716418587025));
#4224=CARTESIAN_POINT('',(-0.00584579271699786,-0.00128728102797341,0.0653627501062247));
#4225=CARTESIAN_POINT('',(-0.00966320470923955,-0.00214197959268779,0.0678133314774401));
#4226=CARTESIAN_POINT('',(-0.00952137306343265,-0.00211053652036739,0.0677202551154376));
#4227=CARTESIAN_POINT('',(-0.00921771487317383,-0.00204321895062354,0.0675209777119267));
#4228=CARTESIAN_POINT('',(-0.00875192394835887,-0.00193999297957435,0.0672152169494106));
#4229=CARTESIAN_POINT('',(-0.00826673323614316,-0.00183243385088898,0.0668966561760432));
#4230=CARTESIAN_POINT('',(-0.00778063683260797,-0.00172467427537187,0.066577849148194));
#4231=CARTESIAN_POINT('',(-0.00729537533456378,-0.00161716548444151,0.0662589756982743));
#4232=CARTESIAN_POINT('',(-0.00680924287655783,-0.00150922943632112,0.0659410664705815));
#4233=CARTESIAN_POINT('',(-0.00633556089130805,-0.00140488101521471,0.0656259858800478));
#4234=CARTESIAN_POINT('',(-0.00603097489651693,-0.00134041866579391,0.06540468186579));
#4235=CARTESIAN_POINT('',(-0.00588372067124883,-0.00130929356999609,0.0652974093523568));
#4236=CARTESIAN_POINT('',(-0.009788910360705,-0.00220655960233047,0.0675952134777459));
#4237=CARTESIAN_POINT('',(-0.00964521581851598,-0.00217416622364726,0.067505333432159));
#4238=CARTESIAN_POINT('',(-0.00933757447321827,-0.00210481474895714,0.0673129010120094));
#4239=CARTESIAN_POINT('',(-0.00886581337842474,-0.00199848692095638,0.0670176863395906));
#4240=CARTESIAN_POINT('',(-0.00837411761966363,-0.00188765389288239,0.0667099839101084));
#4241=CARTESIAN_POINT('',(-0.00788185001746657,-0.0017766788497965,0.0664022143204107));
#4242=CARTESIAN_POINT('',(-0.00739017836305926,-0.00166587512861436,0.0660943518015054));
#4243=CARTESIAN_POINT('',(-0.00689788387422126,-0.00155484372276618,0.0657870730813111));
#4244=CARTESIAN_POINT('',(-0.00641735926783741,-0.00144675557415075,0.0654838998971338));
#4245=CARTESIAN_POINT('',(-0.00610768937590931,-0.00137860505392314,0.0652710222124922));
#4246=CARTESIAN_POINT('',(-0.00595796700825256,-0.00134567756434063,0.0651678350537063));
#4247=CARTESIAN_POINT('',(-0.00985132389579802,-0.00223311527206543,0.0674851535601588));
#4248=CARTESIAN_POINT('',(-0.00970669322071017,-0.00220033054010403,0.067396873583541));
#4249=CARTESIAN_POINT('',(-0.00939705300635787,-0.0021301416415093,0.0672078711284937));
#4250=CARTESIAN_POINT('',(-0.0089223683510188,-0.00202254132215382,0.0669180307795316));
#4251=CARTESIAN_POINT('',(-0.00842753764634241,-0.00191037266490519,0.0666158581039278));
#4252=CARTESIAN_POINT('',(-0.00793210511549114,-0.00179806685528786,0.0663135824198837));
#4253=CARTESIAN_POINT('',(-0.00743728932813769,-0.00168591631207205,0.0660112879334139));
#4254=CARTESIAN_POINT('',(-0.00694191439252285,-0.00157357790242301,0.0657094796118223));
#4255=CARTESIAN_POINT('',(-0.00645814931384353,-0.00146409254510346,0.0654119523908901));
#4256=CARTESIAN_POINT('',(-0.00614550075336622,-0.00139398931316726,0.0652041916741295));
#4257=CARTESIAN_POINT('',(-0.00599432485400753,-0.00136010189977407,0.0651035007279188));
#4258=CARTESIAN_POINT('',(-0.00997469965703201,-0.00226757894886524,0.0672643299126219));
#4259=CARTESIAN_POINT('',(-0.00982830402459919,-0.00223429698245298,0.0671792915495223));
#4260=CARTESIAN_POINT('',(-0.00951487219174141,-0.00216304100950855,0.0669972278889885));
#4261=CARTESIAN_POINT('',(-0.00903402927840657,-0.00205373729893823,0.0667179933884756));
#4262=CARTESIAN_POINT('',(-0.00853315226691615,-0.00193985375907911,0.0664271350327297));
#4263=CARTESIAN_POINT('',(-0.00803147194774479,-0.00182582073154475,0.0661357072110301));
#4264=CARTESIAN_POINT('',(-0.00753050837239786,-0.00171193147510336,0.0658445159564215));
#4265=CARTESIAN_POINT('',(-0.00702884239999177,-0.00159787893640003,0.065554170164805));
#4266=CARTESIAN_POINT('',(-0.00653959569327997,-0.00148667278646669,0.0652662417486997));
#4267=CARTESIAN_POINT('',(-0.00621885477120042,-0.00141346921360775,0.0650730104392925));
#4268=CARTESIAN_POINT('',(-0.00606369780045223,-0.00137805290243783,0.0649794696502031));
#4269=CARTESIAN_POINT('',(-0.0100337691188523,-0.0022779075468522,0.0671571329464592));
#4270=CARTESIAN_POINT('',(-0.00988648784165636,-0.00224447035646521,0.0670736476043015));
#4271=CARTESIAN_POINT('',(-0.00957116912110103,-0.0021728836530834,0.066894915810813));
#4272=CARTESIAN_POINT('',(-0.00908767764078952,-0.00206311511959662,0.0666209750085516));
#4273=CARTESIAN_POINT('',(-0.00858338451359477,-0.00194864320765405,0.0663353169383081));
#4274=CARTESIAN_POINT('',(-0.00807919772605181,-0.00183416231689384,0.0660494440065711));
#4275=CARTESIAN_POINT('',(-0.00757526571107136,-0.00171974329061242,0.0657635433067251));
#4276=CARTESIAN_POINT('',(-0.00707037312657686,-0.00160519055545057,0.0654789051842852));
#4277=CARTESIAN_POINT('',(-0.00657904423398888,-0.00149338299330399,0.0651949825550038));
#4278=CARTESIAN_POINT('',(-0.00625342414994914,-0.00141930827034239,0.0650105763384931));
#4279=CARTESIAN_POINT('',(-0.00609585501708064,-0.00138346350269277,0.064921396182398));
#4280=CARTESIAN_POINT('',(-0.0101275031489403,-0.00227864506178502,0.0669876376304137));
#4281=CARTESIAN_POINT('',(-0.0099787570609431,-0.0022451804247915,0.0669065892288638));
#4282=CARTESIAN_POINT('',(-0.00966033208880461,-0.00217354026223027,0.0667330910478972));
#4283=CARTESIAN_POINT('',(-0.00917286905073888,-0.00206383054352571,0.0664676078823382));
#4284=CARTESIAN_POINT('',(-0.00866326616345011,-0.0019492292466429,0.0661901693917666));
#4285=CARTESIAN_POINT('',(-0.00815493811217648,-0.00183479311123832,0.0659130837149304));
#4286=CARTESIAN_POINT('',(-0.00764622788450764,-0.00172030331832155,0.0656355882063996));
#4287=CARTESIAN_POINT('',(-0.00713643218317928,-0.00160580913308566,0.0653596687539261));
#4288=CARTESIAN_POINT('',(-0.00664106148126084,-0.00149357611316322,0.0650832602218033));
#4289=CARTESIAN_POINT('',(-0.00630926454045371,-0.0014196840918074,0.0649099695504118));
#4290=CARTESIAN_POINT('',(-0.00614865529947312,-0.00138393452158046,0.0648262578824979));
#4291=CARTESIAN_POINT('',(-0.0101637393096781,-0.00227478891768948,0.0669225747975422));
#4292=CARTESIAN_POINT('',(-0.010014486310568,-0.00224138271097537,0.066842493832281));
#4293=CARTESIAN_POINT('',(-0.0096949688756451,-0.00216986705905333,0.066671063252283));
#4294=CARTESIAN_POINT('',(-0.00920563947717772,-0.00206033273942567,0.0664086545379017));
#4295=CARTESIAN_POINT('',(-0.00869442416446309,-0.00194595550243148,0.0661345827663288));
#4296=CARTESIAN_POINT('',(-0.00818410523307187,-0.00183168606454966,0.0658606779265552));
#4297=CARTESIAN_POINT('',(-0.00767357554341508,-0.00171737512183747,0.0655865109309312));
#4298=CARTESIAN_POINT('',(-0.00716208922914065,-0.00160315998272448,0.065313687482588));
#4299=CARTESIAN_POINT('',(-0.00666454470765766,-0.00149081014731563,0.0650411614311204));
#4300=CARTESIAN_POINT('',(-0.00633162969006949,-0.00141760239898478,0.064869694467898));
#4301=CARTESIAN_POINT('',(-0.00617048411823777,-0.00138219507754404,0.0647868543558001));
#4302=CARTESIAN_POINT('',(-0.0102314077749957,-0.00225863828299959,0.0668018807642549));
#4303=CARTESIAN_POINT('',(-0.0100812402968741,-0.00222548016533015,0.0667236183926392));
#4304=CARTESIAN_POINT('',(-0.00975973788953876,-0.00215449182799324,0.0665560661996712));
#4305=CARTESIAN_POINT('',(-0.00926664425030983,-0.00204566445960507,0.0662992036294396));
#4306=CARTESIAN_POINT('',(-0.00875267316582668,-0.00193219478121546,0.0660314692613467));
#4307=CARTESIAN_POINT('',(-0.00823833217496068,-0.0018186504975404,0.0657634062880496));
#4308=CARTESIAN_POINT('',(-0.00772447612284731,-0.00170512218266146,0.0654953280348115));
#4309=CARTESIAN_POINT('',(-0.00720966340722883,-0.00159186666060222,0.0652285687586525));
#4310=CARTESIAN_POINT('',(-0.006708654594055,-0.00147979844378822,0.0649620817121277));
#4311=CARTESIAN_POINT('',(-0.00637222000595465,-0.00140829872415564,0.0647967395334898));
#4312=CARTESIAN_POINT('',(-0.00620935342321558,-0.00137374014850799,0.0647168942374142));
#4313=CARTESIAN_POINT('',(-0.0102628304486983,-0.00224645835744536,0.0667460553795667));
#4314=CARTESIAN_POINT('',(-0.0101121916432965,-0.00221347903931291,0.06666861577198));
#4315=CARTESIAN_POINT('',(-0.00978967879224028,-0.00214287290552749,0.0665028225642026));
#4316=CARTESIAN_POINT('',(-0.00929499953621829,-0.00203461582620207,0.0662485908973005));
#4317=CARTESIAN_POINT('',(-0.00877955132251993,-0.00192177826874262,0.0659836878246009));
#4318=CARTESIAN_POINT('',(-0.00826346876639034,-0.00180881654915166,0.0657183769925234));
#4319=CARTESIAN_POINT('',(-0.00774794878199762,-0.00169591156004874,0.0654532208413552));
#4320=CARTESIAN_POINT('',(-0.00723185780999066,-0.00158320721707736,0.0651887551176063));
#4321=CARTESIAN_POINT('',(-0.00672819702070834,-0.00147197468013826,0.064926903441042));
#4322=CARTESIAN_POINT('',(-0.00639265304321835,-0.00140045345967969,0.0647600748606512));
#4323=CARTESIAN_POINT('',(-0.00623025611211036,-0.00136587607596809,0.0646794437043047));
#4324=CARTESIAN_POINT('',(-0.0102909388489866,-0.00223092403036216,0.0666953704430844));
#4325=CARTESIAN_POINT('',(-0.0101398562753353,-0.00219817314794719,0.0666186711095824));
#4326=CARTESIAN_POINT('',(-0.00981640239265213,-0.00212805612096829,0.0664544648940708));
#4327=CARTESIAN_POINT('',(-0.00932052037497759,-0.00202055013056955,0.0662027228739924));
#4328=CARTESIAN_POINT('',(-0.00880348745380605,-0.00190847595479007,0.0659402423319225));
#4329=CARTESIAN_POINT('',(-0.00828612578506774,-0.00179630997007296,0.0656775969594756));
#4330=CARTESIAN_POINT('',(-0.00776906894484829,-0.00168422545524154,0.0654151051339044));
#4331=CARTESIAN_POINT('',(-0.00725190873228008,-0.00157211096553567,0.065152560828785));
#4332=CARTESIAN_POINT('',(-0.00674558181743479,-0.00146234613439903,0.0648955163275645));
#4333=CARTESIAN_POINT('',(-0.00641158744890081,-0.00138994339964235,0.0647259589811303));
#4334=CARTESIAN_POINT('',(-0.00624998882465094,-0.00135491236304036,0.0646439209684909));
#4335=CARTESIAN_POINT('',(-0.00958756250893259,-0.00206711434216928,0.0680833768636901));
#4336=CARTESIAN_POINT('',(-0.00942786525362763,-0.00203268522139299,0.0679732383124768));
#4337=CARTESIAN_POINT('',(-0.00910848845876783,-0.00196383079917781,0.0677529734280877));
#4338=CARTESIAN_POINT('',(-0.00863018341728268,-0.00186069195293212,0.0674230911152507));
#4339=CARTESIAN_POINT('',(-0.00815080883757604,-0.00175735865123328,0.0670924579593178));
#4340=CARTESIAN_POINT('',(-0.00767231823661998,-0.00165415555587133,0.0667625610527843));
#4341=CARTESIAN_POINT('',(-0.00719378543832965,-0.00155108045674046,0.0664320724805057));
#4342=CARTESIAN_POINT('',(-0.00671420765612338,-0.00144731595092819,0.0661030118561835));
#4343=CARTESIAN_POINT('',(-0.00623802914842891,-0.00134601591974699,0.065768275270876));
#4344=CARTESIAN_POINT('',(-0.00592923762391216,-0.00128431378606924,0.0655307385457223));
#4345=CARTESIAN_POINT('',(-0.00577483696215616,-0.00125346174022209,0.0654119664142251));
#4346=CARTESIAN_POINT('',(-0.00952824105857515,-0.0015078942240595,0.0681888509673933));
#4347=CARTESIAN_POINT('',(-0.00938833448273995,-0.00148575231773562,0.0680902127023334));
#4348=CARTESIAN_POINT('',(-0.00908877229940552,-0.00143834343163489,0.0678790119907378));
#4349=CARTESIAN_POINT('',(-0.00863015826983191,-0.00136577481451071,0.0675556606764445));
#4350=CARTESIAN_POINT('',(-0.00815079800496647,-0.00128988616729496,0.0672176845345359));
#4351=CARTESIAN_POINT('',(-0.00767242844226347,-0.00121427068132248,0.0668804844752113));
#4352=CARTESIAN_POINT('',(-0.00719372114830269,-0.00113819928633118,0.0665426365848449));
#4353=CARTESIAN_POINT('',(-0.00671418605253969,-0.00106347500960405,0.066205826785296));
#4354=CARTESIAN_POINT('',(-0.0062568568919305,-0.000986926686080383,0.0658787810536321));
#4355=CARTESIAN_POINT('',(-0.00596584859426425,-0.000926101278813374,0.0656567522935416));
#4356=CARTESIAN_POINT('',(-0.00582968993641653,-0.000897318849834795,0.0655524969288453));
#4357=CARTESIAN_POINT('',(-0.00952790199959476,-0.00163096511146343,0.0681596670836761));
#4358=CARTESIAN_POINT('',(-0.00938807727935714,-0.00160708222132956,0.0680614966364805));
#4359=CARTESIAN_POINT('',(-0.00908866451056876,-0.00155591833852035,0.0678512855712614));
#4360=CARTESIAN_POINT('',(-0.00862959438373455,-0.00147687848295412,0.067529130767348));
#4361=CARTESIAN_POINT('',(-0.00815073336512972,-0.00139573603798743,0.0671927453964241));
#4362=CARTESIAN_POINT('',(-0.00767188443082573,-0.00131294261663093,0.066856892380103));
#4363=CARTESIAN_POINT('',(-0.0071933095911525,-0.00123107352838696,0.0665205043046045));
#4364=CARTESIAN_POINT('',(-0.00671375167568488,-0.00114972225041685,0.0661852266579741));
#4365=CARTESIAN_POINT('',(-0.00625644211161816,-0.00106846976196346,0.0658593374916157));
#4366=CARTESIAN_POINT('',(-0.00596545759432003,-0.00100816616971742,0.0656373792266022));
#4367=CARTESIAN_POINT('',(-0.00582931036457585,-0.000979721625023041,0.0655331391008421));
#4368=CARTESIAN_POINT('',(-0.00952762724196083,-0.00172208861898502,0.0681370628479057));
#4369=CARTESIAN_POINT('',(-0.00938791014981384,-0.00169689080461346,0.0680392907736887));
#4370=CARTESIAN_POINT('',(-0.009088690580059,-0.00164290368571611,0.0678299087725349));
#4371=CARTESIAN_POINT('',(-0.00862892942234726,-0.00155933564128907,0.067508389655726));
#4372=CARTESIAN_POINT('',(-0.00815123794780899,-0.00147377903843227,0.0671739001710594));
#4373=CARTESIAN_POINT('',(-0.00767129541505199,-0.00138622893498435,0.0668384618190346));
#4374=CARTESIAN_POINT('',(-0.00719302541347505,-0.0012998871386855,0.0665033847952437));
#4375=CARTESIAN_POINT('',(-0.00671340291763327,-0.0012136863843821,0.0661692507128411));
#4376=CARTESIAN_POINT('',(-0.0062561240311513,-0.00112898443292777,0.06584425093984));
#4377=CARTESIAN_POINT('',(-0.00596510533274419,-0.00106910645961866,0.0656222560816565));
#4378=CARTESIAN_POINT('',(-0.00582894067814736,-0.0010409309356108,0.0655179827675344));
#4379=CARTESIAN_POINT('',(-0.00952766856936782,-0.00184292257964865,0.0681046760747855));
#4380=CARTESIAN_POINT('',(-0.00938795077657171,-0.00181583976959957,0.0680074091282723));
#4381=CARTESIAN_POINT('',(-0.00908873070292733,-0.00175786309708005,0.0677990969414867));
#4382=CARTESIAN_POINT('',(-0.00862899516772319,-0.00166941968062563,0.0674789045308639));
#4383=CARTESIAN_POINT('',(-0.00815120496333903,-0.00157618734657139,0.0671464028290046));
#4384=CARTESIAN_POINT('',(-0.00767129129604646,-0.00148423012305124,0.0668121676273212));
#4385=CARTESIAN_POINT('',(-0.00719305421794805,-0.00139140890704104,0.0664788527386813));
#4386=CARTESIAN_POINT('',(-0.00671342319823514,-0.00129892865264793,0.0661463972321785));
#4387=CARTESIAN_POINT('',(-0.0062561309764862,-0.00120971921334922,0.0658225965464573));
#4388=CARTESIAN_POINT('',(-0.00596511687742145,-0.00115053894288062,0.0656004156468455));
#4389=CARTESIAN_POINT('',(-0.00582895472370791,-0.0011227849515363,0.0654960299796433));
#4390=CARTESIAN_POINT('',(-0.00952785662188689,-0.00193395591367539,0.0680784365504306));
#4391=CARTESIAN_POINT('',(-0.0093880228591078,-0.00190551172290796,0.0679814821874786));
#4392=CARTESIAN_POINT('',(-0.00908859463577964,-0.00184462835682999,0.067773865123503));
#4393=CARTESIAN_POINT('',(-0.00862960435112078,-0.00175195319935987,0.0674554212364792));
#4394=CARTESIAN_POINT('',(-0.00815075820263245,-0.00165399925155356,0.0671235497654824));
#4395=CARTESIAN_POINT('',(-0.00767182625460851,-0.0015575967419901,0.0667912853052342));
#4396=CARTESIAN_POINT('',(-0.00719336073120973,-0.00146024639019447,0.0664591242370898));
#4397=CARTESIAN_POINT('',(-0.00671378057584764,-0.00136293491604018,0.0661281081473708));
#4398=CARTESIAN_POINT('',(-0.0062564277426967,-0.00127025191991481,0.065805250775635));
#4399=CARTESIAN_POINT('',(-0.00596543992501592,-0.00121146178945451,0.0655828832889302));
#4400=CARTESIAN_POINT('',(-0.00582929179724901,-0.00118395968146235,0.0654783893387294));
#4401=CARTESIAN_POINT('',(-0.0095281925820494,-0.00205431477684292,0.0680424311493247));
#4402=CARTESIAN_POINT('',(-0.00938828706774334,-0.0020241525089036,0.067945942365393));
#4403=CARTESIAN_POINT('',(-0.00908872945930525,-0.00195957008638831,0.0677393458392548));
#4404=CARTESIAN_POINT('',(-0.00863018341728268,-0.00186069195293212,0.0674230911152507));
#4405=CARTESIAN_POINT('',(-0.00815080883757604,-0.00175735865123328,0.0670924579593178));
#4406=CARTESIAN_POINT('',(-0.00767231823661998,-0.00165415555587133,0.0667625610527843));
#4407=CARTESIAN_POINT('',(-0.00719378543832965,-0.00155108045674046,0.0664320724805057));
#4408=CARTESIAN_POINT('',(-0.00671420765612338,-0.00144731595092819,0.0661030118561835));
#4409=CARTESIAN_POINT('',(-0.00625681585749172,-0.00135001251804595,0.0657814816603691));
#4410=CARTESIAN_POINT('',(-0.00596581541459036,-0.00129163705145957,0.065558802184766));
#4411=CARTESIAN_POINT('',(-0.00582966170416517,-0.00126441841530088,0.06545413142058));
#4412=CARTESIAN_POINT('',(-0.00958761145783949,-0.00151729008141239,0.0682307087540713));
#4413=CARTESIAN_POINT('',(-0.00942791316438396,-0.00149201586268752,0.0681181167840593));
#4414=CARTESIAN_POINT('',(-0.00910853429333822,-0.00144147022899131,0.0678929453342386));
#4415=CARTESIAN_POINT('',(-0.00863015833487589,-0.00136577459062784,0.0675556606351889));
#4416=CARTESIAN_POINT('',(-0.00815079806996477,-0.00128988594338657,0.0672176844933253));
#4417=CARTESIAN_POINT('',(-0.00767242850730862,-0.00121427045735288,0.0668804844340252));
#4418=CARTESIAN_POINT('',(-0.00719372121344845,-0.00113819906246339,0.066542636543656));
#4419=CARTESIAN_POINT('',(-0.00671418611770868,-0.00106347478575317,0.0662058267442204));
#4420=CARTESIAN_POINT('',(-0.0062380728208603,-0.000983782349987432,0.0658653480800993));
#4421=CARTESIAN_POINT('',(-0.00592926968813689,-0.000918406268463141,0.0656287872964818));
#4422=CARTESIAN_POINT('',(-0.00577486322209337,-0.00088571719039935,0.0655105031512377));
#4423=CARTESIAN_POINT('',(-0.0102910529316817,-0.000681516798064461,0.0671105344211933));
#4424=CARTESIAN_POINT('',(-0.0101399842171518,-0.000671511709579445,0.0670277488526272));
#4425=CARTESIAN_POINT('',(-0.0098165556888493,-0.000650091655419679,0.0668505101046412));
#4426=CARTESIAN_POINT('',(-0.00932063483456276,-0.0006172532117601,0.0665787429330764));
#4427=CARTESIAN_POINT('',(-0.00880360194903211,-0.000583004298602666,0.0662954119184973));
#4428=CARTESIAN_POINT('',(-0.00828622210021839,-0.00054874894354098,0.0660118835604076));
#4429=CARTESIAN_POINT('',(-0.0077691406881857,-0.000514499815991798,0.0657285257083041));
#4430=CARTESIAN_POINT('',(-0.00725200523106447,-0.000480255922767578,0.0654451323708264));
#4431=CARTESIAN_POINT('',(-0.00674528489928276,-0.000446697655366053,0.0651674494514632));
#4432=CARTESIAN_POINT('',(-0.00641098756212392,-0.000424559289887415,0.0649842538053554));
#4433=CARTESIAN_POINT('',(-0.00624906298180684,-0.000413836078431374,0.0648955187853183));
#4434=CARTESIAN_POINT('',(-0.0102664490956581,-0.000691920306192939,0.0671557540491418));
#4435=CARTESIAN_POINT('',(-0.0101157572842777,-0.000681769080437336,0.0670723257627181));
#4436=CARTESIAN_POINT('',(-0.00979312951303689,-0.000660034829471779,0.0668937078369834));
#4437=CARTESIAN_POINT('',(-0.00929827269045693,-0.000626679407622722,0.0666197420452457));
#4438=CARTESIAN_POINT('',(-0.00878281690774464,-0.000591856444144152,0.0663338413931851));
#4439=CARTESIAN_POINT('',(-0.0082657106311102,-0.000557395653033969,0.066049497817432));
#4440=CARTESIAN_POINT('',(-0.00775302989503289,-0.000521321545766371,0.0657581913381567));
#4441=CARTESIAN_POINT('',(-0.00722563081104065,-0.000491411459962688,0.0654936372372758));
#4442=CARTESIAN_POINT('',(-0.00673127839445673,-0.000452610758956478,0.065193196658368));
#4443=CARTESIAN_POINT('',(-0.00639684565097286,-0.000430498984860402,0.0650102441378381));
#4444=CARTESIAN_POINT('',(-0.00623473740348682,-0.000419838266055763,0.0649218440692755));
#4445=CARTESIAN_POINT('',(-0.0102393722293527,-0.000706462327055835,0.0672030385635947));
#4446=CARTESIAN_POINT('',(-0.0100890777951898,-0.00069610317754308,0.067118927675371));
#4447=CARTESIAN_POINT('',(-0.00976730232979651,-0.000673922786507667,0.066938847178022));
#4448=CARTESIAN_POINT('',(-0.00927379342951519,-0.000639857040681039,0.0666626078702707));
#4449=CARTESIAN_POINT('',(-0.00875970742270632,-0.000604267207253455,0.0663741943117602));
#4450=CARTESIAN_POINT('',(-0.00824375147132651,-0.000569263039607308,0.0660880311954794));
#4451=CARTESIAN_POINT('',(-0.00773368149544826,-0.000531780511865669,0.0657924852641252));
#4452=CARTESIAN_POINT('',(-0.00720314268413805,-0.000503606836227552,0.0655324212333102));
#4453=CARTESIAN_POINT('',(-0.00671453366353279,-0.000461660572796389,0.0652228929438564));
#4454=CARTESIAN_POINT('',(-0.00638083674360212,-0.000439110285696755,0.0650385805913012));
#4455=CARTESIAN_POINT('',(-0.00621904144508782,-0.00042826046203165,0.0649495878459028));
#4456=CARTESIAN_POINT('',(-0.0101812549924628,-0.000744403237020573,0.0673006518383248));
#4457=CARTESIAN_POINT('',(-0.0100317145748679,-0.00073348390403268,0.0672150759311544));
#4458=CARTESIAN_POINT('',(-0.00971158393472131,-0.000710105851291917,0.0670318689618466));
#4459=CARTESIAN_POINT('',(-0.0092214075412073,-0.000674247659454566,0.0667511023541406));
#4460=CARTESIAN_POINT('',(-0.00870973447354706,-0.000636656398512904,0.0664576443165627));
#4461=CARTESIAN_POINT('',(-0.00819723173473966,-0.000600037404274927,0.0661665789864447));
#4462=CARTESIAN_POINT('',(-0.00768982784363062,-0.000559732632629179,0.0658669472370264));
#4463=CARTESIAN_POINT('',(-0.00716309145272689,-0.000532919332452242,0.0655986882701684));
#4464=CARTESIAN_POINT('',(-0.00667664718092428,-0.000485830948507668,0.0652872977427547));
#4465=CARTESIAN_POINT('',(-0.00634568297377169,-0.000461757433849802,0.0650983285436514));
#4466=CARTESIAN_POINT('',(-0.0061852298983027,-0.000450196408239876,0.065007031345222));
#4467=CARTESIAN_POINT('',(-0.0101502276335703,-0.000767941113258848,0.0673510600377123));
#4468=CARTESIAN_POINT('',(-0.0100010578931821,-0.000756667733645963,0.0672647021364538));
#4469=CARTESIAN_POINT('',(-0.00968174487374076,-0.000732534733652904,0.0670798336543677));
#4470=CARTESIAN_POINT('',(-0.00919346004620982,-0.000695599788901734,0.0667968562686733));
#4471=CARTESIAN_POINT('',(-0.00868304784419497,-0.000656701881964572,0.0665006016143095));
#4472=CARTESIAN_POINT('',(-0.00817215137349342,-0.000619262132903734,0.0662074856107913));
#4473=CARTESIAN_POINT('',(-0.00766715832933665,-0.000576544205244548,0.0659040128747319));
#4474=CARTESIAN_POINT('',(-0.00713858825410516,-0.000553059632207316,0.0656379691341234));
#4475=CARTESIAN_POINT('',(-0.00665704193493352,-0.000500381760608059,0.0653194045861247));
#4476=CARTESIAN_POINT('',(-0.00632715669760366,-0.000475602244585801,0.0651286863776992));
#4477=CARTESIAN_POINT('',(-0.00616719560659323,-0.000463741694173707,0.0650365844831296));
#4478=CARTESIAN_POINT('',(-0.0100684279049859,-0.000838149157050963,0.0674807982038555));
#4479=CARTESIAN_POINT('',(-0.0099205189008023,-0.000825853593771149,0.067392563607735));
#4480=CARTESIAN_POINT('',(-0.00960388710903332,-0.000799529541820652,0.0672036674483114));
#4481=CARTESIAN_POINT('',(-0.00911923743987673,-0.000759165395234342,0.0669142543115623));
#4482=CARTESIAN_POINT('',(-0.00861312782121039,-0.000716775268907518,0.0666117634813822));
#4483=CARTESIAN_POINT('',(-0.00810639848104356,-0.000675776538648175,0.0663114440305603));
#4484=CARTESIAN_POINT('',(-0.00760448148922135,-0.000629542806006158,0.0660035337400989));
#4485=CARTESIAN_POINT('',(-0.00708400944182467,-0.0006024884212738,0.0657233556759982));
#4486=CARTESIAN_POINT('',(-0.00660285308349554,-0.000546164680382733,0.0654054839743041));
#4487=CARTESIAN_POINT('',(-0.0062771567552067,-0.000517840704594407,0.0652081823822174));
#4488=CARTESIAN_POINT('',(-0.00611928062651809,-0.000504247097235714,0.0651127914514103));
#4489=CARTESIAN_POINT('',(-0.0100161701305745,-0.000890545561564396,0.0675603250618149));
#4490=CARTESIAN_POINT('',(-0.00986917526575939,-0.000877493227037464,0.0674709849661734));
#4491=CARTESIAN_POINT('',(-0.00955445725042902,-0.000849544502352475,0.0672797020099303));
#4492=CARTESIAN_POINT('',(-0.00907159132360792,-0.000806570425289935,0.0669860983029577));
#4493=CARTESIAN_POINT('',(-0.00856868699125785,-0.000761701710327529,0.0666800764758124));
#4494=CARTESIAN_POINT('',(-0.00806435639344292,-0.000717665422434864,0.0663748802337762));
#4495=CARTESIAN_POINT('',(-0.00756380671014753,-0.000670057056105671,0.0660651719625183));
#4496=CARTESIAN_POINT('',(-0.00705096029507524,-0.000635815462064383,0.0657731440359307));
#4497=CARTESIAN_POINT('',(-0.00656765780409168,-0.000581130177269173,0.0654587741553849));
#4498=CARTESIAN_POINT('',(-0.0062448993500289,-0.000549663420760291,0.0652570956097155));
#4499=CARTESIAN_POINT('',(-0.0060885082249347,-0.000534487409549065,0.0651594894066132));
#4500=CARTESIAN_POINT('',(-0.00991371798418231,-0.00100223927277074,0.0677089266051293));
#4501=CARTESIAN_POINT('',(-0.00976821077060785,-0.000987529386113323,0.0676173678857885));
#4502=CARTESIAN_POINT('',(-0.00945668208355209,-0.0009560354948355,0.0674213427118792));
#4503=CARTESIAN_POINT('',(-0.00897882223444256,-0.000907719714385396,0.0671206724893857));
#4504=CARTESIAN_POINT('',(-0.0084809667730302,-0.000857401241688903,0.066807414381349));
#4505=CARTESIAN_POINT('',(-0.00798237835981603,-0.000806971271413194,0.0664936459360424));
#4506=CARTESIAN_POINT('',(-0.00748429565119347,-0.000756663688039947,0.06618043600114));
#4507=CARTESIAN_POINT('',(-0.0069863589345495,-0.000706161904522157,0.0658664098253758));
#4508=CARTESIAN_POINT('',(-0.00649891420323092,-0.000655845365619074,0.0655584466570414));
#4509=CARTESIAN_POINT('',(-0.00618182287994338,-0.000617727371624961,0.0653487755609037));
#4510=CARTESIAN_POINT('',(-0.0060282963345932,-0.000599193969731622,0.0652471240379718));
#4511=CARTESIAN_POINT('',(-0.00986473208257999,-0.0010599735706039,0.067776562021982));
#4512=CARTESIAN_POINT('',(-0.00971991367899099,-0.00104440495195243,0.0676839827058399));
#4513=CARTESIAN_POINT('',(-0.00940986962384293,-0.00101107533933815,0.0674857801741814));
#4514=CARTESIAN_POINT('',(-0.00893454994764694,-0.000960018333729435,0.0671819751463843));
#4515=CARTESIAN_POINT('',(-0.0084388494291259,-0.000906837449533497,0.0668652549382298));
#4516=CARTESIAN_POINT('',(-0.00794319819729365,-0.000853181181115129,0.0665478147882144));
#4517=CARTESIAN_POINT('',(-0.00744647280836727,-0.000801306637830891,0.0662326378657354));
#4518=CARTESIAN_POINT('',(-0.00695488334058936,-0.000743025089457264,0.0659099211726434));
#4519=CARTESIAN_POINT('',(-0.00646622900536373,-0.000694348558255409,0.0656035957729778));
#4520=CARTESIAN_POINT('',(-0.0061517120726546,-0.000652936737203554,0.0653905374315899));
#4521=CARTESIAN_POINT('',(-0.00599948049960494,-0.000632745603935781,0.0652871816192297));
#4522=CARTESIAN_POINT('',(-0.00972292651808338,-0.00123563616734371,0.0679637849521666));
#4523=CARTESIAN_POINT('',(-0.00958022580823799,-0.00121748769462176,0.067868469381352));
#4524=CARTESIAN_POINT('',(-0.00927470510392897,-0.00117863461994006,0.0676644046879564));
#4525=CARTESIAN_POINT('',(-0.00880604247715154,-0.00111910415293077,0.0673515044811551));
#4526=CARTESIAN_POINT('',(-0.00831755065379829,-0.0010571831439895,0.0670254906379309));
#4527=CARTESIAN_POINT('',(-0.00782915674408347,-0.000994392155590834,0.0666983911974472));
#4528=CARTESIAN_POINT('',(-0.00733881275380429,-0.000934783437859257,0.0663746179964382));
#4529=CARTESIAN_POINT('',(-0.00685701339792892,-0.000863726270676876,0.0660395592115724));
#4530=CARTESIAN_POINT('',(-0.00637315405305258,-0.000809576463926581,0.0657264980034513));
#4531=CARTESIAN_POINT('',(-0.00606525717814568,-0.000759153690933215,0.0655054350722041));
#4532=CARTESIAN_POINT('',(-0.00591628138870778,-0.000734521024577595,0.0653981513641887));
#4533=CARTESIAN_POINT('',(-0.00963376374498017,-0.00135564217557427,0.0680710029510168));
#4534=CARTESIAN_POINT('',(-0.00949237239668204,-0.00133573942262023,0.0679741281327678));
#4535=CARTESIAN_POINT('',(-0.00918965490137991,-0.0012931302434674,0.0677667234044394));
#4536=CARTESIAN_POINT('',(-0.00872528915054875,-0.00122783243512126,0.067448654441631));
#4537=CARTESIAN_POINT('',(-0.00824146122198654,-0.00115970703950852,0.0671171288520951));
#4538=CARTESIAN_POINT('',(-0.00775698495892891,-0.00109158315654036,0.066785292927449));
#4539=CARTESIAN_POINT('',(-0.00727314677716152,-0.00102341452375439,0.0664537006297556));
#4540=CARTESIAN_POINT('',(-0.0067886834670641,-0.000955704022207157,0.0661224002126175));
#4541=CARTESIAN_POINT('',(-0.00631637174614186,-0.000886170202936915,0.0657950586110762));
#4542=CARTESIAN_POINT('',(-0.00601169543099668,-0.000830883808895336,0.0655707440687733));
#4543=CARTESIAN_POINT('',(-0.00586421699048397,-0.000803970578888716,0.0654619731940252));
#4544=CARTESIAN_POINT('',(-0.00952839624154894,-0.00150791854944089,0.0681889602888924));
#4545=CARTESIAN_POINT('',(-0.00938843795166693,-0.00148576845856801,0.06809028556411));
#4546=CARTESIAN_POINT('',(-0.00908882399702313,-0.00143835137772901,0.0678790483537503));
#4547=CARTESIAN_POINT('',(-0.00863015833487589,-0.00136577459062784,0.0675556606351889));
#4548=CARTESIAN_POINT('',(-0.00815079806996477,-0.00128988594338657,0.0672176844933253));
#4549=CARTESIAN_POINT('',(-0.00767242850730862,-0.00121427045735288,0.0668804844340252));
#4550=CARTESIAN_POINT('',(-0.00719372121344845,-0.00113819906246339,0.066542636543656));
#4551=CARTESIAN_POINT('',(-0.00671418611770868,-0.00106347478575317,0.0662058267442204));
#4552=CARTESIAN_POINT('',(-0.00624770153846342,-0.000985394016715021,0.0658722337792142));
#4553=CARTESIAN_POINT('',(-0.00594801247283362,-0.000922361318084186,0.0656431304592916));
#4554=CARTESIAN_POINT('',(-0.00580296599086651,-0.000891665984803228,0.0655320305697736));
#4555=CARTESIAN_POINT('',(-0.006535764994339,-3.57423213587171E-23,0.0614692683883408));
#4556=CARTESIAN_POINT('',(-0.0106426096568252,-5.82015379652282E-23,0.0614681698190581));
#4557=CARTESIAN_POINT('',(-0.0106415962276587,0.00193407825428598,0.0659998189658159));
#4558=CARTESIAN_POINT('',(-0.0106414383316752,0.00295748358455995,0.065408955338047));
#4559=CARTESIAN_POINT('',(-0.0106415963339767,0.00193409166825932,0.065999812987447));
#4560=CARTESIAN_POINT('',(-0.00927290851009141,0.00168533851632716,0.0654173323158132));
#4561=CARTESIAN_POINT('',(-0.00790422068620709,0.00143658536439413,0.0648348516441775));
#4562=CARTESIAN_POINT('',(-0.0065355328623289,0.00118783221245592,0.0642523709725296));
#4563=CARTESIAN_POINT('',(-0.00653548264799005,0.00118789058145799,0.0642524640370441));
#4564=CARTESIAN_POINT('',(-0.006535764994339,-3.57423213587171E-23,0.0614692683883408));
#4565=CARTESIAN_POINT('',(-0.00653504658687036,0.00181622910240032,0.0638893576473216));
#4566=CARTESIAN_POINT('',(-0.0106414383121481,0.00295745467645844,0.0654089771013649));
#4567=CARTESIAN_POINT('',(-0.0106638809272595,5.82015379652764E-23,0.0614681641290537));
#4568=CARTESIAN_POINT('',(-0.0106393703395124,0.00193368732623551,0.0659988661801986));
#4569=CARTESIAN_POINT('',(-0.0102208391098294,0.00221572742923446,0.0666597831912079));
#4570=CARTESIAN_POINT('',(-0.0106439184093478,0.000590986971780551,0.0663607545622397));
#4571=CARTESIAN_POINT('',(-0.0106439034870209,0.00105281241492667,0.0663049695702706));
#4572=CARTESIAN_POINT('',(-0.0106438709588064,0.00150663762692721,0.0661833674775444));
#4573=CARTESIAN_POINT('',(-0.0106438221134266,0.00193448269127751,0.0660007659879174));
#4574=CARTESIAN_POINT('',(-0.0102209492551295,0.000676953387041551,0.0670721083882246));
#4575=CARTESIAN_POINT('',(-0.0102209492539749,0.00067687333085736,0.0670721180663519));
#4576=CARTESIAN_POINT('',(-0.00950619857250902,0.00150440546605994,0.0681733103769348));
#4577=CARTESIAN_POINT('',(-0.00961599879652848,0.0013202706907954,0.068021430007039));
#4578=CARTESIAN_POINT('',(-0.00984285514073907,0.000978986149227101,0.0676890506024969));
#4579=CARTESIAN_POINT('',(-0.010087720611412,0.000728961632953378,0.0672962396074581));
#4580=CARTESIAN_POINT('',(-0.0102209492539749,0.00067687333085736,0.0670721180663519));
#4581=CARTESIAN_POINT('',(-0.00950619564794078,0.00150440656524048,0.0681733152765467));
#4582=CARTESIAN_POINT('',(-0.0095061565732687,0.00204956625709304,0.0680272401850374));
#4583=CARTESIAN_POINT('',(-0.00950617158765415,0.00186994878310752,0.0680833693247581));
#4584=CARTESIAN_POINT('',(-0.00950618462719922,0.00168802443188438,0.0681321158051928));
#4585=CARTESIAN_POINT('',(-0.00950619564794078,0.00150440656524049,0.0681733152765467));
#4586=CARTESIAN_POINT('',(-0.0095061565732687,0.00204956625709304,0.0680272401850374));
#4587=CARTESIAN_POINT('',(-0.0102208391098294,0.00221572742923447,0.0666597831912079));
#4588=CARTESIAN_POINT('',(-0.0100880458025014,0.00228243991849481,0.0668792065807143));
#4589=CARTESIAN_POINT('',(-0.00984208752519755,0.00226249647719604,0.0673463819774185));
#4590=CARTESIAN_POINT('',(-0.00961586902532851,0.0021330491126718,0.0678037778202159));
#4591=CARTESIAN_POINT('',(-0.00950615953549431,0.00204956474032941,0.0680272353304872));
#4592=CARTESIAN_POINT('',(-0.00654882795813947,5.82015379652764E-23,0.0614692648940351));
#4593=CARTESIAN_POINT('',(-0.00627674910760223,0.00136071081595261,0.0646575061286723));
#4594=CARTESIAN_POINT('',(-0.00611902914689364,0.00144043775491927,0.0649179075277798));
#4595=CARTESIAN_POINT('',(-0.00598192918394633,0.00136472103587369,0.0652041546024458));
#4596=CARTESIAN_POINT('',(-0.00585097309003297,0.00126867985876193,0.0654705101018062));
#4597=CARTESIAN_POINT('',(-0.00627674910760224,0.00136071081595261,0.0646575061286723));
#4598=CARTESIAN_POINT('',(-0.00585097303318547,0.00126867968704733,0.0654705102586785));
#4599=CARTESIAN_POINT('',(-0.00585097303318547,0.00126867968704733,0.0654705102586785));
#4600=CARTESIAN_POINT('',(-0.00585152973048107,0.00114768405587736,0.065507892002132));
#4601=CARTESIAN_POINT('',(-0.00585153818568894,0.00102530864195311,0.0655406835218312));
#4602=CARTESIAN_POINT('',(-0.00585099925956116,0.000901820542956965,0.0655688099921278));
#4603=CARTESIAN_POINT('',(-0.0058509993164407,0.000901820315838828,0.0655688099421172));
#4604=CARTESIAN_POINT('',(-0.0058509993164407,0.000901820315838828,0.0655688099421172));
#4605=CARTESIAN_POINT('',(-0.00598184585100924,0.000685707260136244,0.0653863384819291));
#4606=CARTESIAN_POINT('',(-0.00611968966341222,0.00047657129880141,0.0651751170482452));
#4607=CARTESIAN_POINT('',(-0.00627681635258133,0.000415671814216812,0.0649107290794779));
#4608=CARTESIAN_POINT('',(-0.00627681635258134,0.000415671814216808,0.0649107290794779));
#4609=CARTESIAN_POINT('',(-0.00627681635358519,0.000415716820638611,0.0649107236387837));
#4610=CARTESIAN_POINT('',(-0.00636251283442141,0.000398056204402815,0.0647646475896785));
#4611=CARTESIAN_POINT('',(-0.00644820931520239,0.000380395588163037,0.0646185715405403));
#4612=CARTESIAN_POINT('',(-0.00653390579589871,0.000362734971917464,0.0644724954913543));
#4613=CARTESIAN_POINT('',(-0.00653650968072575,0.00118819401293267,0.0642531722903563));
#4614=CARTESIAN_POINT('',(-0.00653653967658855,0.000926352441817133,0.0643653075475454));
#4615=CARTESIAN_POINT('',(-0.00653655941375683,0.000649669675941684,0.0644390921376167));
#4616=CARTESIAN_POINT('',(-0.00653656871933891,0.000362933499352877,0.0644738797297033));
#4617=CARTESIAN_POINT('',(-0.00653380739138892,0.00118749163341243,0.0642515734108004));
#4618=CARTESIAN_POINT('',(-0.00644812130094036,0.00124520990214055,0.0643868934722311));
#4619=CARTESIAN_POINT('',(-0.00636243521036293,0.00130292817083957,0.0645222135335937));
#4620=CARTESIAN_POINT('',(-0.00627674911970097,0.00136064643951889,0.0646575335949102));
#4621=CARTESIAN_POINT('',(-0.0084383766504639,0.00167880997195968,0.0654023755843338));
#4622=CARTESIAN_POINT('',(-0.0103548565752371,0.00224477974573989,0.0667278192249685));
#4623=CARTESIAN_POINT('',(-0.0101824849404216,0.00220741303454996,0.0666403121037399));
#4624=CARTESIAN_POINT('',(-0.00983776079255189,0.00213268375738424,0.0664653075687401));
#4625=CARTESIAN_POINT('',(-0.00932053425216691,0.0020205526913872,0.0662027299842241));
#4626=CARTESIAN_POINT('',(-0.00880350694481577,0.0019084784656007,0.0659402521985686));
#4627=CARTESIAN_POINT('',(-0.00828613268039565,0.00179631110050929,0.0656776002999001));
#4628=CARTESIAN_POINT('',(-0.00776905684747608,0.00168422363513941,0.0654150991668096));
#4629=CARTESIAN_POINT('',(-0.00725192697144025,0.00157211388679625,0.0651525699215825));
#4630=CARTESIAN_POINT('',(-0.00673475299598027,0.00145999961863405,0.0648900187574926));
#4631=CARTESIAN_POINT('',(-0.00639000258726661,0.00138526257813919,0.0647150009774126));
#4632=CARTESIAN_POINT('',(-0.00621762191286389,0.00134789287206274,0.0646274893104208));
#4633=CARTESIAN_POINT('',(-0.00843845120519105,0.000512889182070848,0.0657147784048808));
#4634=CARTESIAN_POINT('',(-0.0103549676535072,0.000685749776456978,0.0671455596709014));
#4635=CARTESIAN_POINT('',(-0.0101825776819822,0.000674331826875856,0.0670510906043058));
#4636=CARTESIAN_POINT('',(-0.00983781686272778,0.000651497194344902,0.0668621629508839));
#4637=CARTESIAN_POINT('',(-0.00932062095728588,0.000617251872521457,0.0665787354955236));
#4638=CARTESIAN_POINT('',(-0.00880358245804036,0.000583001537098688,0.0662954021190243));
#4639=CARTESIAN_POINT('',(-0.00828621520485905,0.000548748251393148,0.0660118801025441));
#4640=CARTESIAN_POINT('',(-0.0077691527855874,0.000514501224902406,0.0657285317855773));
#4641=CARTESIAN_POINT('',(-0.00725198699183962,0.000480253903815384,0.0654451230362561));
#4642=CARTESIAN_POINT('',(-0.00673484654660091,0.000446007327250034,0.0651617288520614));
#4643=CARTESIAN_POINT('',(-0.0063900380563689,0.000423170531213112,0.0649727743814973));
#4644=CARTESIAN_POINT('',(-0.00621762834028545,0.000411751770850427,0.0648782941481343));
#4645=CARTESIAN_POINT('',(-0.00952839037647891,0.00150791758247873,0.0681889562463563));
#4646=CARTESIAN_POINT('',(-0.0093884314235271,0.00148576740387049,0.0680902811175576));
#4647=CARTESIAN_POINT('',(-0.00908881965603972,0.00143835071981842,0.0678790454869467));
#4648=CARTESIAN_POINT('',(-0.00863021895506028,0.00136578465862627,0.0675557010191114));
#4649=CARTESIAN_POINT('',(-0.00815084240837316,0.00128989323520813,0.0672177148343293));
#4650=CARTESIAN_POINT('',(-0.00767234983165081,0.00121425729282496,0.0668804313316503));
#4651=CARTESIAN_POINT('',(-0.00719381509580502,0.00113821466381695,0.0665426994311702));
#4652=CARTESIAN_POINT('',(-0.00671423523268733,0.00106348291279943,0.0662058595040078));
#4653=CARTESIAN_POINT('',(-0.00624800718464551,0.00098544511682711,0.0658724529920024));
#4654=CARTESIAN_POINT('',(-0.0059486328700421,0.000922492055599505,0.0656436052236261));
#4655=CARTESIAN_POINT('',(-0.0058039045707435,0.000891864661859163,0.0655327494629116));
#4656=CARTESIAN_POINT('',(-0.00959983053452524,0.00140464093843781,0.0681089447452783));
#4657=CARTESIAN_POINT('',(-0.00945890284143982,0.00138402470967525,0.0680115027913726));
#4658=CARTESIAN_POINT('',(-0.00915719119372108,0.00133988640087507,0.0678028884763504));
#4659=CARTESIAN_POINT('',(-0.00869468355249565,0.00127219580273993,0.0674830635463081));
#4660=CARTESIAN_POINT('',(-0.00821230737767916,0.00120155676084398,0.067149451515594));
#4661=CARTESIAN_POINT('',(-0.00772970986363263,0.00113106953883288,0.0668158997186751));
#4662=CARTESIAN_POINT('',(-0.00724767621809821,0.00106025004986673,0.0664822503458418));
#4663=CARTESIAN_POINT('',(-0.00676458438312039,0.000990552755737818,0.0661493713861902));
#4664=CARTESIAN_POINT('',(-0.00629455466315472,0.000918170248264436,0.0658201255131366));
#4665=CARTESIAN_POINT('',(-0.00599206826768975,0.000860085608923047,0.0655942180043974));
#4666=CARTESIAN_POINT('',(-0.00584582536171308,0.00083183043444902,0.0654847877205856));
#4667=CARTESIAN_POINT('',(-0.00966326380857674,0.00131744098001275,0.0680342659249302));
#4668=CARTESIAN_POINT('',(-0.00952143129431743,0.00129811433029852,0.0679379429773914));
#4669=CARTESIAN_POINT('',(-0.0092177712450086,0.00125673374377683,0.0677317157804206));
#4670=CARTESIAN_POINT('',(-0.00875197747613201,0.00119318738237487,0.067415322898924));
#4671=CARTESIAN_POINT('',(-0.00826678379921148,0.00112699104567385,0.0670856789992442));
#4672=CARTESIAN_POINT('',(-0.00778068441299592,0.00106084505264982,0.0667557216459708));
#4673=CARTESIAN_POINT('',(-0.00729541996818585,0.000994448774436139,0.066425832131864));
#4674=CARTESIAN_POINT('',(-0.0068092844717217,0.000928904506409471,0.0660965640613357));
#4675=CARTESIAN_POINT('',(-0.00633559982636217,0.000861669246011395,0.0657715390297174));
#4676=CARTESIAN_POINT('',(-0.00603101314379731,0.000806802537084598,0.0655476638714304));
#4677=CARTESIAN_POINT('',(-0.00588375860141683,0.000780101710900262,0.0654392058785695));
#4678=CARTESIAN_POINT('',(-0.0097889859131953,0.00115247086809208,0.0678776556927308));
#4679=CARTESIAN_POINT('',(-0.00964529026092059,0.00113556511682032,0.0677836257500349));
#4680=CARTESIAN_POINT('',(-0.00933764653926988,0.00109936790246781,0.0675823096729199));
#4681=CARTESIAN_POINT('',(-0.0088658818076541,0.00104378007434308,0.0672734992589968));
#4682=CARTESIAN_POINT('',(-0.00837418225723178,0.0009858473193897,0.0669516222445597));
#4683=CARTESIAN_POINT('',(-0.00788191084679156,0.000928003896454564,0.0666296160806594));
#4684=CARTESIAN_POINT('',(-0.00739023541037981,0.000869965719503547,0.066307615077295));
#4685=CARTESIAN_POINT('',(-0.00689793708816877,0.000812416539299251,0.0659860058384427));
#4686=CARTESIAN_POINT('',(-0.00641740889482205,0.000754372765701547,0.0656694233048734));
#4687=CARTESIAN_POINT('',(-0.00610773751990006,0.000706912591080256,0.0654510016590338));
#4688=CARTESIAN_POINT('',(-0.00595801444767677,0.000683815030841176,0.0653451805787129));
#4689=CARTESIAN_POINT('',(-0.00985140694378064,0.00107445137438375,0.0677956166047342));
#4690=CARTESIAN_POINT('',(-0.00970677504893014,0.00105868445424217,0.0677027767193454));
#4691=CARTESIAN_POINT('',(-0.00939713222331728,0.00102492718540878,0.0675040124388739));
#4692=CARTESIAN_POINT('',(-0.00892244356838605,0.000973128137733488,0.0671992201847634));
#4693=CARTESIAN_POINT('',(-0.00842760869526566,0.000919116529121113,0.0668814643755008));
#4694=CARTESIAN_POINT('',(-0.00793217198132383,0.000865172113232497,0.0665635508036974));
#4695=CARTESIAN_POINT('',(-0.00743735203231441,0.000811083913971899,0.0662456985596108));
#4696=CARTESIAN_POINT('',(-0.006941972892499,0.000757401419460103,0.0659281734334893));
#4697=CARTESIAN_POINT('',(-0.00645820383767416,0.000703390212207536,0.0656157819593775));
#4698=CARTESIAN_POINT('',(-0.00614555334967814,0.00066017922098848,0.0654008154886919));
#4699=CARTESIAN_POINT('',(-0.00599437652791959,0.000639160890990315,0.0652966762821016));
#4700=CARTESIAN_POINT('',(-0.009974795227138,0.000934209636281336,0.0676216051303588));
#4701=CARTESIAN_POINT('',(-0.00982839819228268,0.000920493904446461,0.0675313240106928));
#4702=CARTESIAN_POINT('',(-0.00951496335680973,0.000891129639116681,0.0673380355013358));
#4703=CARTESIAN_POINT('',(-0.00903411583602512,0.000846107871882669,0.0670415767066342));
#4704=CARTESIAN_POINT('',(-0.00853323402130499,0.000799237746217124,0.0667327621613156));
#4705=CARTESIAN_POINT('',(-0.00803154889932627,0.000752212240267947,0.0664233797289628));
#4706=CARTESIAN_POINT('',(-0.00753058053191625,0.000705180604304665,0.0661142740295801));
#4707=CARTESIAN_POINT('',(-0.00702890971531547,0.000658713012464517,0.065805818906679));
#4708=CARTESIAN_POINT('',(-0.0065396584583569,0.000610990724411995,0.065500880041659));
#4709=CARTESIAN_POINT('',(-0.00621891467346773,0.000577728328267376,0.0652969465265893));
#4710=CARTESIAN_POINT('',(-0.00606375631962388,0.000561608608553712,0.0651982352315875));
#4711=CARTESIAN_POINT('',(-0.010033869911533,0.000871674227331786,0.0675339320153135));
#4712=CARTESIAN_POINT('',(-0.0098865871555052,0.00085886931539173,0.0674449182710057));
#4713=CARTESIAN_POINT('',(-0.0095712652687112,0.000831457152117024,0.0672543499455931));
#4714=CARTESIAN_POINT('',(-0.00908776892909129,0.00078948442812591,0.066962243311577));
#4715=CARTESIAN_POINT('',(-0.00858347073363875,0.000745723533389062,0.0666576382820551));
#4716=CARTESIAN_POINT('',(-0.00807927888433623,0.000701862998016271,0.0663528426837999));
#4717=CARTESIAN_POINT('',(-0.00757534181686323,0.000657935036454713,0.0660480539607643));
#4718=CARTESIAN_POINT('',(-0.00707044411675398,0.000614754030385949,0.0657442918418357));
#4719=CARTESIAN_POINT('',(-0.00657911044994249,0.000569555195439128,0.0654425214585308));
#4720=CARTESIAN_POINT('',(-0.00625348707035271,0.000541459131123315,0.0652457952980077));
#4721=CARTESIAN_POINT('',(-0.00609591634083065,0.000527890459401444,0.0651506462802118));
#4722=CARTESIAN_POINT('',(-0.0101276101137069,0.000786300402466539,0.0673875101624006));
#4723=CARTESIAN_POINT('',(-0.00997886245588625,0.000774737534329007,0.067300593199783));
#4724=CARTESIAN_POINT('',(-0.00966043412282751,0.000749988058772305,0.0671145306975504));
#4725=CARTESIAN_POINT('',(-0.00917296593025457,0.000712192686695371,0.0668297781415777));
#4726=CARTESIAN_POINT('',(-0.00866335766288203,0.000672652922119689,0.0665322269747614));
#4727=CARTESIAN_POINT('',(-0.00815502424095844,0.000633146700877069,0.0662350638886549));
#4728=CARTESIAN_POINT('',(-0.00764630865015418,0.000593481981447559,0.0659375190628269));
#4729=CARTESIAN_POINT('',(-0.00713650752863091,0.000554608948697889,0.0656413369843389));
#4730=CARTESIAN_POINT('',(-0.00664113172633446,0.000513535078851818,0.0653458614161012));
#4731=CARTESIAN_POINT('',(-0.00630933111611565,0.000490837736519071,0.0651588531722995));
#4732=CARTESIAN_POINT('',(-0.00614872009526447,0.000479920458793434,0.0650684877119018));
#4733=CARTESIAN_POINT('',(-0.0101638480900537,0.000757113352476936,0.0673292347250641));
#4734=CARTESIAN_POINT('',(-0.0100145934942692,0.000745983532561437,0.0672431848201635));
#4735=CARTESIAN_POINT('',(-0.00969507264099132,0.000722159881960136,0.0670589752073834));
#4736=CARTESIAN_POINT('',(-0.00920573800131236,0.000685749585737656,0.0667769729706844));
#4737=CARTESIAN_POINT('',(-0.00869451721784124,0.000647698923386005,0.0664824495558067));
#4738=CARTESIAN_POINT('',(-0.00818419282412044,0.000609638490050902,0.0661881245755394));
#4739=CARTESIAN_POINT('',(-0.00767365767597997,0.000571482894844162,0.065893551816782));
#4740=CARTESIAN_POINT('',(-0.00716216586789482,0.000533915976955943,0.0656001905401952));
#4741=CARTESIAN_POINT('',(-0.0066646160912911,0.000494884221801549,0.0653080189690357));
#4742=CARTESIAN_POINT('',(-0.0063316974304648,0.000472505986156828,0.0651229322794246));
#4743=CARTESIAN_POINT('',(-0.00617055009330826,0.00046172801844681,0.0650334927521206));
#4744=CARTESIAN_POINT('',(-0.0102315187200094,0.000710762248481871,0.0672166328828487));
#4745=CARTESIAN_POINT('',(-0.0100813496132293,0.000700326751631188,0.0671322820035525));
#4746=CARTESIAN_POINT('',(-0.00975984371909266,0.000677985361161833,0.0669516949009235));
#4747=CARTESIAN_POINT('',(-0.00926674473448024,0.000643735395720466,0.0666748493765136));
#4748=CARTESIAN_POINT('',(-0.00875276807353295,0.000608067097607908,0.0663862681921513));
#4749=CARTESIAN_POINT('',(-0.00823842150800449,0.000572299057497106,0.0660973651379464));
#4750=CARTESIAN_POINT('',(-0.00772455988390742,0.00053650961289288,0.0658084568179429));
#4751=CARTESIAN_POINT('',(-0.00720974158553081,0.000501143283340406,0.0655208271962994));
#4752=CARTESIAN_POINT('',(-0.00670872733851078,0.000464886678347923,0.0652340264903368));
#4753=CARTESIAN_POINT('',(-0.0063722891161535,0.000444091167905269,0.0650550981602797));
#4754=CARTESIAN_POINT('',(-0.00620942077429695,0.000434075342551931,0.064968676654318));
#4755=CARTESIAN_POINT('',(-0.0102629417650233,0.000693401884820422,0.0671621955923181));
#4756=CARTESIAN_POINT('',(-0.0101123013253956,0.000683222861988949,0.0670786466642369));
#4757=CARTESIAN_POINT('',(-0.00978978497562871,0.000661429830952959,0.0668997740254656));
#4758=CARTESIAN_POINT('',(-0.00929510035622795,0.000628001220239503,0.0666254921315454));
#4759=CARTESIAN_POINT('',(-0.00877964654915742,0.000593200939425255,0.0663396790343374));
#4760=CARTESIAN_POINT('',(-0.00826355839766845,0.000558304221647009,0.0660534507488154));
#4761=CARTESIAN_POINT('',(-0.00774803281995514,0.000523435789519997,0.0657673847659735));
#4762=CARTESIAN_POINT('',(-0.00723193625672579,0.000488738730074399,0.0654820170543479));
#4763=CARTESIAN_POINT('',(-0.00672826997927212,0.0004540757352802,0.0651996486315351));
#4764=CARTESIAN_POINT('',(-0.00639272241791037,0.000432555763367057,0.0650194222574553));
#4765=CARTESIAN_POINT('',(-0.00623032375332838,0.000422163358968685,0.0649323107556647));
#4766=CARTESIAN_POINT('',(-0.0102910499037857,0.000681516298829176,0.0671105329786418));
#4767=CARTESIAN_POINT('',(-0.0101399656999359,0.000671509522539019,0.0670277393804891));
#4768=CARTESIAN_POINT('',(-0.00981650832709411,0.000650086282826301,0.06685048570447));
#4769=CARTESIAN_POINT('',(-0.00932062095728588,0.000617251872521457,0.0665787354955236));
#4770=CARTESIAN_POINT('',(-0.00880358245804036,0.000583001537098688,0.0662954021190243));
#4771=CARTESIAN_POINT('',(-0.00828621520485905,0.000548748251393148,0.0660118801025441));
#4772=CARTESIAN_POINT('',(-0.0077691527855874,0.000514501224902406,0.0657285317855773));
#4773=CARTESIAN_POINT('',(-0.00725198699183962,0.000480253903815384,0.0654451230362561));
#4774=CARTESIAN_POINT('',(-0.0067456546128734,0.000446723069506383,0.0651676516978806));
#4775=CARTESIAN_POINT('',(-0.00641165664034455,0.000424602335654348,0.0649846213303923));
#4776=CARTESIAN_POINT('',(-0.00625005627235627,0.000413899484834672,0.0648960646002524));
#4777=CARTESIAN_POINT('',(-0.00958760191803603,0.00151728876008024,0.0682307021791179));
#4778=CARTESIAN_POINT('',(-0.00942790400654189,0.00149201462038571,0.0681181105582048));
#4779=CARTESIAN_POINT('',(-0.00910852589937652,0.00144146914474143,0.0678929398065433));
#4780=CARTESIAN_POINT('',(-0.00863021889006634,0.00136578488257211,0.0675557010603377));
#4781=CARTESIAN_POINT('',(-0.00815084234344536,0.00128989345918139,0.0672177148755364));
#4782=CARTESIAN_POINT('',(-0.00767234976659583,0.00121425751671263,0.0668804313729118));
#4783=CARTESIAN_POINT('',(-0.00719381503073575,0.00113821488775039,0.0665426994723413));
#4784=CARTESIAN_POINT('',(-0.00671423516758805,0.0010634831366753,0.0662058595451115));
#4785=CARTESIAN_POINT('',(-0.00623805511195361,0.000983779562219751,0.0658653362068721));
#4786=CARTESIAN_POINT('',(-0.00592926385062337,0.000918405518698311,0.0656287833669604));
#4787=CARTESIAN_POINT('',(-0.00577486332046479,0.000885717459668284,0.0655105031936953));
#4788=CARTESIAN_POINT('',(-0.00952820189339123,0.00205431670447602,0.0680424375102779));
#4789=CARTESIAN_POINT('',(-0.00938829589242935,0.0020241543147701,0.0679459483271861));
#4790=CARTESIAN_POINT('',(-0.0090887349400691,0.00195957119646359,0.067739349437076));
#4791=CARTESIAN_POINT('',(-0.00863012279714951,0.00186068047207532,0.0674230511099149));
#4792=CARTESIAN_POINT('',(-0.00815076449920964,0.00175734978976227,0.0670924280388862));
#4793=CARTESIAN_POINT('',(-0.00767239691214454,0.00165417071665635,0.0667626136202103));
#4794=CARTESIAN_POINT('',(-0.00719369155606456,0.00155106251166214,0.0664320102209909));
#4795=CARTESIAN_POINT('',(-0.00671415854116254,0.00144730660270212,0.0661029794235754));
#4796=CARTESIAN_POINT('',(-0.00625683086731487,0.00135001536838558,0.0657814917379082));
#4797=CARTESIAN_POINT('',(-0.00596582239415389,0.00129163841825577,0.0655588069157286));
#4798=CARTESIAN_POINT('',(-0.00582966362428772,0.00126441884142421,0.0654541327860767));
#4799=CARTESIAN_POINT('',(-0.00952788034085672,0.00193314220283268,0.0680786989789694));
#4800=CARTESIAN_POINT('',(-0.00938805594587197,0.00190472146920568,0.0679817444432297));
#4801=CARTESIAN_POINT('',(-0.0090886438703641,0.00184388511659435,0.0677741251083901));
#4802=CARTESIAN_POINT('',(-0.00862957472178904,0.00175119684325705,0.0674556273868655));
#4803=CARTESIAN_POINT('',(-0.00815071491040726,0.00165321153550005,0.0671237550472631));
#4804=CARTESIAN_POINT('',(-0.00767186694343205,0.00155692219414579,0.0667915182516772));
#4805=CARTESIAN_POINT('',(-0.00719329321388857,0.00145956486391513,0.0664592802379627));
#4806=CARTESIAN_POINT('',(-0.00671373643802115,0.00136231417976217,0.0661282628242266));
#4807=CARTESIAN_POINT('',(-0.00625642769009162,0.00126967515703146,0.0658054246704233));
#4808=CARTESIAN_POINT('',(-0.00596544306456414,0.00121088155255525,0.0655830618054208));
#4809=CARTESIAN_POINT('',(-0.00582929576744682,0.00118337698034634,0.0654785698148013));
#4810=CARTESIAN_POINT('',(-0.00952761858095128,0.00184292477620781,0.0681046848983199));
#4811=CARTESIAN_POINT('',(-0.00938790162391005,0.00181584200125194,0.0680074178977511));
#4812=CARTESIAN_POINT('',(-0.00908868234011822,0.00175786520067173,0.067799104928544));
#4813=CARTESIAN_POINT('',(-0.00862892153225181,0.00166941620503754,0.0674788936586226));
#4814=CARTESIAN_POINT('',(-0.00815123060659363,0.0015762017696692,0.0671464560839197));
#4815=CARTESIAN_POINT('',(-0.00767128839011577,0.00148423902171735,0.066812200096384));
#4816=CARTESIAN_POINT('',(-0.00719301885346209,0.00139141073688795,0.0664788611218944));
#4817=CARTESIAN_POINT('',(-0.00671339680762772,0.00129893159589061,0.066146409328076));
#4818=CARTESIAN_POINT('',(-0.00625611824404796,0.00120972459651395,0.0658226166789843));
#4819=CARTESIAN_POINT('',(-0.00596509949564919,0.00115054409406997,0.0656004349340525));
#4820=CARTESIAN_POINT('',(-0.00582893481084991,0.00112278994660147,0.065496048712431));
#4821=CARTESIAN_POINT('',(-0.00952767723039932,0.00172208611617991,0.0681370541064298));
#4822=CARTESIAN_POINT('',(-0.00938795930249083,0.00169688835911596,0.0680392820615096));
#4823=CARTESIAN_POINT('',(-0.00908873894287254,0.00164290152041988,0.0678299008020113));
#4824=CARTESIAN_POINT('',(-0.00862900305789315,0.00155933807731061,0.0675084008065184));
#4825=CARTESIAN_POINT('',(-0.00815121230453412,0.00147376489831502,0.0671738468403198));
#4826=CARTESIAN_POINT('',(-0.00767129832095609,0.00138622040731314,0.0668384292505641));
#4827=CARTESIAN_POINT('',(-0.00719306077801638,0.00129988453650299,0.0665033766189773));
#4828=CARTESIAN_POINT('',(-0.00671342930828027,0.00121368288888619,0.0661692387649194));
#4829=CARTESIAN_POINT('',(-0.00625613676359092,0.00112897903032497,0.0658442308125214));
#4830=CARTESIAN_POINT('',(-0.00596512271451854,0.00106910127940116,0.0656222368022276));
#4831=CARTESIAN_POINT('',(-0.00582896059100841,0.00104092589773392,0.0655179640462181));
#4832=CARTESIAN_POINT('',(-0.00952787839886269,0.00163012919976526,0.0681598466701492));
#4833=CARTESIAN_POINT('',(-0.00938804430768727,0.00160626670925183,0.0680616646443581));
#4834=CARTESIAN_POINT('',(-0.00908861538470939,0.00155514467457122,0.0678514320396111));
#4835=CARTESIAN_POINT('',(-0.00862962412161554,0.00147612038812816,0.0675293304128505));
#4836=CARTESIAN_POINT('',(-0.00815077677006723,0.00139495122077771,0.0671929614736463));
#4837=CARTESIAN_POINT('',(-0.00767184384057068,0.0013122419624023,0.0668570279179318));
#4838=CARTESIAN_POINT('',(-0.00719337720521692,0.00123040531791244,0.066520709964592));
#4839=CARTESIAN_POINT('',(-0.00671379590207683,0.00114910734450927,0.0661854030704322));
#4840=CARTESIAN_POINT('',(-0.00625644224759647,0.00106788332327053,0.0658594752757392));
#4841=CARTESIAN_POINT('',(-0.00596545453877534,0.00100757441116045,0.0656375147453365));
#4842=CARTESIAN_POINT('',(-0.00582930647878138,0.000979126752490032,0.0655332741546672));
#4843=CARTESIAN_POINT('',(-0.00952823174720356,0.00150789271171694,0.0681888444951635));
#4844=CARTESIAN_POINT('',(-0.00938832565802616,0.00148575089958512,0.0680902066366521));
#4845=CARTESIAN_POINT('',(-0.00908876681862219,0.00143834259334468,0.067879008320092));
#4846=CARTESIAN_POINT('',(-0.00863021889006634,0.00136578488257211,0.0675557010603377));
#4847=CARTESIAN_POINT('',(-0.00815084234344536,0.00128989345918139,0.0672177148755364));
#4848=CARTESIAN_POINT('',(-0.00767234976659583,0.00121425751671263,0.0668804313729118));
#4849=CARTESIAN_POINT('',(-0.00719381503073575,0.00113821488775039,0.0665426994723413));
#4850=CARTESIAN_POINT('',(-0.00671423516758805,0.0010634831366753,0.0662058595451115));
#4851=CARTESIAN_POINT('',(-0.00625684188208742,0.000986924113769994,0.0658787709015952));
#4852=CARTESIAN_POINT('',(-0.00596584161468754,0.000926100096078857,0.0656567475132598));
#4853=CARTESIAN_POINT('',(-0.00582968801628594,0.000897318535863333,0.0655524955332977));
#4854=CARTESIAN_POINT('',(-0.00958757204867705,0.0020671164866146,0.068083383218091));
#4855=CARTESIAN_POINT('',(-0.00942787441141266,0.00203268725968003,0.0679732443250477));
#4856=CARTESIAN_POINT('',(-0.00910849685267636,0.0019638326251601,0.0677529787570364));
#4857=CARTESIAN_POINT('',(-0.00863012286216503,0.00186068064534449,0.0674230509622427));
#4858=CARTESIAN_POINT('',(-0.00815076456417948,0.00175734996307604,0.0670924278912403));
#4859=CARTESIAN_POINT('',(-0.00767239697716122,0.00165417089003533,0.0667626134725549));
#4860=CARTESIAN_POINT('',(-0.00719369162118187,0.00155106268495158,0.066432010073384));
#4861=CARTESIAN_POINT('',(-0.00671415860630307,0.00144730677603356,0.0661029792760751));
#4862=CARTESIAN_POINT('',(-0.00623804685728278,0.0013460194444513,0.0657682869466417));
#4863=CARTESIAN_POINT('',(-0.00592924346138508,0.00128431510229523,0.0655307423234608));
#4864=CARTESIAN_POINT('',(-0.00577483686375024,0.00125346195217387,0.0654119662428249));
#4865=CARTESIAN_POINT('',(-0.0102909418768976,0.00223092431969245,0.0666953719418798));
#4866=CARTESIAN_POINT('',(-0.0101398747925041,0.00219817599246016,0.0666186804055513));
#4867=CARTESIAN_POINT('',(-0.009816449754251,0.0021280636745857,0.0664544887098385));
#4868=CARTESIAN_POINT('',(-0.00932053425216691,0.0020205526913872,0.0662027299842241));
#4869=CARTESIAN_POINT('',(-0.00880350694481577,0.0019084784656007,0.0659402521985686));
#4870=CARTESIAN_POINT('',(-0.00828613268039565,0.00179631110050929,0.0656776002999001));
#4871=CARTESIAN_POINT('',(-0.00776905684747608,0.00168422363513941,0.0654150991668096));
#4872=CARTESIAN_POINT('',(-0.00725192697144025,0.00157211388679625,0.0651525699215825));
#4873=CARTESIAN_POINT('',(-0.00674521210769666,0.00146226697103643,0.0648953284832073));
#4874=CARTESIAN_POINT('',(-0.0064109183781006,0.00138979682636989,0.064725619196204));
#4875=CARTESIAN_POINT('',(-0.00624899554519139,0.0013546942342879,0.0646434166112839));
#4876=CARTESIAN_POINT('',(-0.0102663378119913,0.00224452113980202,0.0667397359244924));
#4877=CARTESIAN_POINT('',(-0.0101156476342316,0.00221157806265141,0.0666624146960254));
#4878=CARTESIAN_POINT('',(-0.00979302336043591,0.00214104836544305,0.0664968714702382));
#4879=CARTESIAN_POINT('',(-0.00929817189969687,0.00203288593075544,0.0662429501564616));
#4880=CARTESIAN_POINT('',(-0.00878272171046076,0.00192002423937054,0.0659779599177737));
#4881=CARTESIAN_POINT('',(-0.00826562101995615,0.00180762721488879,0.0657144992920665));
#4882=CARTESIAN_POINT('',(-0.00775294590372279,0.0016931465034569,0.0654442017983066));
#4883=CARTESIAN_POINT('',(-0.00722555230539774,0.00158670181300833,0.0652001550821996));
#4884=CARTESIAN_POINT('',(-0.00673120547115028,0.00147001780275363,0.0649205832723622));
#4885=CARTESIAN_POINT('',(-0.00639677633007394,0.00139764617394852,0.0647510978388315));
#4886=CARTESIAN_POINT('',(-0.00623466982635191,0.00136265691280892,0.0646692165833074));
#4887=CARTESIAN_POINT('',(-0.0102392611963461,0.00225556601520071,0.0667879574962147));
#4888=CARTESIAN_POINT('',(-0.0100889683924535,0.00222246175756673,0.0667099411411258));
#4889=CARTESIAN_POINT('',(-0.00976719641724193,0.00215158725720618,0.0665429081905799));
#4890=CARTESIAN_POINT('',(-0.00927369286526166,0.00204290340344457,0.0662866627438751));
#4891=CARTESIAN_POINT('',(-0.00875961243940518,0.00192944957094253,0.0660191127802896));
#4892=CARTESIAN_POINT('',(-0.00824366206667669,0.0018166135079678,0.0657538046567614));
#4893=CARTESIAN_POINT('',(-0.00773359767417587,0.0017012331476675,0.0654791313859867));
#4894=CARTESIAN_POINT('',(-0.007203064419891,0.00159552929692276,0.0652398415022373));
#4895=CARTESIAN_POINT('',(-0.0067144608865364,0.00147702633669784,0.0649508265171307));
#4896=CARTESIAN_POINT('',(-0.00638076755908914,0.00140435465372073,0.0647799441516439));
#4897=CARTESIAN_POINT('',(-0.00621897400028358,0.00136923286564343,0.0646974550592758));
#4898=CARTESIAN_POINT('',(-0.0101811455363089,0.00227150708584978,0.0668914656099122));
#4899=CARTESIAN_POINT('',(-0.0100316067265564,0.00223815555273755,0.0668119003924345));
#4900=CARTESIAN_POINT('',(-0.00971147952843616,0.00216675524190851,0.0666415609479398));
#4901=CARTESIAN_POINT('',(-0.00922130840570272,0.00205736048774884,0.0663804984020173));
#4902=CARTESIAN_POINT('',(-0.0087096408320668,0.0019431180256015,0.0661075789911665));
#4903=CARTESIAN_POINT('',(-0.00819714363158153,0.00182922979850938,0.0658372178888508));
#4904=CARTESIAN_POINT('',(-0.00768974509278006,0.00171425102075177,0.0655575949783499));
#4905=CARTESIAN_POINT('',(-0.00716301473450215,0.00160327209099237,0.0653118881231621));
#4906=CARTESIAN_POINT('',(-0.00667657532891673,0.00148829150834684,0.0650186892549119));
#4907=CARTESIAN_POINT('',(-0.00634561467738307,0.00141461092143655,0.0648430122302819));
#4908=CARTESIAN_POINT('',(-0.00618516332907427,0.00137895300535686,0.0647581717739631));
#4909=CARTESIAN_POINT('',(-0.0101501195193512,0.00227632263600325,0.066946890441275));
#4910=CARTESIAN_POINT('',(-0.0100009513674736,0.00224288676880989,0.0668664709604535));
#4911=CARTESIAN_POINT('',(-0.00968164174862264,0.00217130961447608,0.0666943151007538));
#4912=CARTESIAN_POINT('',(-0.00919336212706943,0.00206174221973292,0.0664307995206827));
#4913=CARTESIAN_POINT('',(-0.00868295534452942,0.00194723320650754,0.0661548048004629));
#4914=CARTESIAN_POINT('',(-0.00817206437585149,0.00183303065211495,0.0658822573279062));
#4915=CARTESIAN_POINT('',(-0.0076670764988756,0.00171822155796378,0.0655981013609986));
#4916=CARTESIAN_POINT('',(-0.00713851282211113,0.00160546723377157,0.0653559773772649));
#4917=CARTESIAN_POINT('',(-0.00665697087862497,0.00149174093435917,0.0650537707056127));
#4918=CARTESIAN_POINT('',(-0.00632708916515771,0.00141779740224641,0.064876225955124));
#4919=CARTESIAN_POINT('',(-0.0061671297900803,0.00138199660000096,0.0647905388314702));
#4920=CARTESIAN_POINT('',(-0.0100683245322436,0.00228037882668292,0.0670943539424034));
#4921=CARTESIAN_POINT('',(-0.00992041704709953,0.00224689001773671,0.0670117980591411));
#4922=CARTESIAN_POINT('',(-0.00960378850718832,0.00217519689007266,0.0668350585064813));
#4923=CARTESIAN_POINT('',(-0.00911914381596705,0.00206538188201848,0.0665642546713103));
#4924=CARTESIAN_POINT('',(-0.00861303937314589,0.00195077970716793,0.0662811130005237));
#4925=CARTESIAN_POINT('',(-0.00810631531710993,0.00183605815472962,0.0660005475196617));
#4926=CARTESIAN_POINT('',(-0.00760440318123748,0.00172207547130432,0.0657107905052012));
#4927=CARTESIAN_POINT('',(-0.00708393756131633,0.00160534661633327,0.065454640642123));
#4928=CARTESIAN_POINT('',(-0.00660278506620902,0.00149512420764301,0.0651512110444221));
#4929=CARTESIAN_POINT('',(-0.0062770920236103,0.00142095913627818,0.0649661925364358));
#4930=CARTESIAN_POINT('',(-0.00611921749691272,0.00138501496617551,0.0648767904206521));
#4931=CARTESIAN_POINT('',(-0.0100160709162082,0.0022747586474615,0.067189426296566));
#4932=CARTESIAN_POINT('',(-0.00986907750882556,0.00224137259416421,0.0671055346042531));
#4933=CARTESIAN_POINT('',(-0.00955436261357456,0.00216989333195899,0.0669259156199674));
#4934=CARTESIAN_POINT('',(-0.00907150146577809,0.00206024354353552,0.0666501776153695));
#4935=CARTESIAN_POINT('',(-0.00856860210427802,0.00194602281969197,0.0663627386023326));
#4936=CARTESIAN_POINT('',(-0.00806427655907551,0.00183149379463802,0.0660764308316153));
#4937=CARTESIAN_POINT('',(-0.00756373161229721,0.00171780277141618,0.0657844293542719));
#4938=CARTESIAN_POINT('',(-0.0070508910880216,0.00160137431117495,0.0655144233313231));
#4939=CARTESIAN_POINT('',(-0.00656759255392395,0.00149148358135208,0.0652148457046611));
#4940=CARTESIAN_POINT('',(-0.00624483712204118,0.00141785215415322,0.065024465148048));
#4941=CARTESIAN_POINT('',(-0.00608844746667004,0.00138217094849499,0.0649323532950418));
#4942=CARTESIAN_POINT('',(-0.00991362838411737,0.00225231612228418,0.0673739695348092));
#4943=CARTESIAN_POINT('',(-0.00976812248577645,0.00221925643840125,0.0672873276286403));
#4944=CARTESIAN_POINT('',(-0.00945659661455926,0.00214847669834588,0.0671018290658083));
#4945=CARTESIAN_POINT('',(-0.0089787410832297,0.0020399203726773,0.0668173002481803));
#4946=CARTESIAN_POINT('',(-0.00848089012305414,0.00192680181243894,0.066520869372283));
#4947=CARTESIAN_POINT('',(-0.00798230621446053,0.00181352454527959,0.0662239408088203));
#4948=CARTESIAN_POINT('',(-0.00748422800680696,0.00170042061078298,0.0659275571048871));
#4949=CARTESIAN_POINT('',(-0.00698629579440889,0.00158707675765492,0.0656303694103232));
#4950=CARTESIAN_POINT('',(-0.00649885537472687,0.00147660538487908,0.0653385246805692));
#4951=CARTESIAN_POINT('',(-0.00618176647040706,0.00140473858118852,0.0651378965504116));
#4952=CARTESIAN_POINT('',(-0.00602824109068171,0.0013699426844425,0.0650406025496865));
#4953=CARTESIAN_POINT('',(-0.00986464778095873,0.00223612790911294,0.0674614124280794));
#4954=CARTESIAN_POINT('',(-0.00971983061431847,0.00220330170269686,0.0673734572684766));
#4955=CARTESIAN_POINT('',(-0.00940978920750138,0.00213302326368483,0.0671851551446584));
#4956=CARTESIAN_POINT('',(-0.00893447359477063,0.00202527384578989,0.066896540802407));
#4957=CARTESIAN_POINT('',(-0.00843877731869641,0.00191290344484974,0.0665956803768971));
#4958=CARTESIAN_POINT('',(-0.00794313029152968,0.00180058477439722,0.0662939587695705));
#4959=CARTESIAN_POINT('',(-0.00744640926447317,0.00168785455477668,0.0659950880758372));
#4960=CARTESIAN_POINT('',(-0.00695482357179706,0.00157690376607627,0.0656864840626518));
#4961=CARTESIAN_POINT('',(-0.00646617370887421,0.00146583082749111,0.0653968777293569));
#4962=CARTESIAN_POINT('',(-0.00615165887595495,0.00139512328346479,0.065191669153001));
#4963=CARTESIAN_POINT('',(-0.00599942830787651,0.00136091105271871,0.0650920702822527));
#4964=CARTESIAN_POINT('',(-0.00972285900278162,0.00217759213329241,0.067711388620815));
#4965=CARTESIAN_POINT('',(-0.00958015928287426,0.00214563230199067,0.0676197737922458));
#4966=CARTESIAN_POINT('',(-0.00927464069818479,0.00207720684567394,0.0674236329943441));
#4967=CARTESIAN_POINT('',(-0.00880598132744679,0.00197224896164138,0.067122905026813));
#4968=CARTESIAN_POINT('',(-0.00831749291055564,0.00186280187754699,0.0668096257565898));
#4969=CARTESIAN_POINT('',(-0.00782910232984891,0.00175356543224899,0.0664949713383291));
#4970=CARTESIAN_POINT('',(-0.00733876197501553,0.00164323591856897,0.0661847887331478));
#4971=CARTESIAN_POINT('',(-0.00685696512774096,0.00153717940405338,0.0658591079948));
#4972=CARTESIAN_POINT('',(-0.00637310976447534,0.00142747919835098,0.0655609314706849));
#4973=CARTESIAN_POINT('',(-0.00606521407095992,0.00136057395825512,0.0653442850030291));
#4974=CARTESIAN_POINT('',(-0.00591623883318054,0.00132824469569395,0.0652390635916776));
#4975=CARTESIAN_POINT('',(-0.00963370843870628,0.00212726095367124,0.0678642483299581));
#4976=CARTESIAN_POINT('',(-0.00949231790158119,0.00209604092505178,0.0677704059664757));
#4977=CARTESIAN_POINT('',(-0.00918960214319767,0.0020291987081449,0.0675694944608114));
#4978=CARTESIAN_POINT('',(-0.00872523906222802,0.00192665168501225,0.0672614063946666));
#4979=CARTESIAN_POINT('',(-0.00824141390778432,0.00181982250812235,0.066940251451697));
#4980=CARTESIAN_POINT('',(-0.00775694043017545,0.00171283676698039,0.0666188285301923));
#4981=CARTESIAN_POINT('',(-0.00727310501913442,0.00160601167913197,0.0662975941980446));
#4982=CARTESIAN_POINT('',(-0.0067886445305834,0.00149893569465495,0.0659768417298898));
#4983=CARTESIAN_POINT('',(-0.0063163352453496,0.00139541978263051,0.0656586056023334));
#4984=CARTESIAN_POINT('',(-0.0060116595775933,0.0013311011871924,0.065436711231014));
#4985=CARTESIAN_POINT('',(-0.00586418143699943,0.00130000356761646,0.0653290615600316));
#4986=CARTESIAN_POINT('',(-0.00952835707569916,0.00205435031958088,0.0680425443426031));
#4987=CARTESIAN_POINT('',(-0.00938839936090295,0.00202417678112501,0.0679460194940441));
#4988=CARTESIAN_POINT('',(-0.00908878663744582,0.00195958250336428,0.0677393848995631));
#4989=CARTESIAN_POINT('',(-0.00863012286216503,0.00186068064534449,0.0674230509622427));
#4990=CARTESIAN_POINT('',(-0.00815076456417948,0.00175734996307604,0.0670924278912403));
#4991=CARTESIAN_POINT('',(-0.00767239697716122,0.00165417089003533,0.0667626134725549));
#4992=CARTESIAN_POINT('',(-0.00719369162118187,0.00155106268495158,0.066432010073384));
#4993=CARTESIAN_POINT('',(-0.00671415860630307,0.00144730677603356,0.0661029792760751));
#4994=CARTESIAN_POINT('',(-0.00624767554358328,0.00134806783738432,0.0657750556253268));
#4995=CARTESIAN_POINT('',(-0.00594798626085671,0.00128806401681926,0.0655451407200015));
#4996=CARTESIAN_POINT('',(-0.00580293965640102,0.00125907761268635,0.0654335829243148));
#4997=CARTESIAN_POINT('',(-0.006535764994339,-3.57423213587171E-23,0.0614692683883408));
#4998=CARTESIAN_POINT('',(-0.0106426096568252,-5.82015379652282E-23,0.0614681698190581));
#4999=CARTESIAN_POINT('',(-0.010641175143025,0.00394078525788771,0.0644256540884054));
#5000=CARTESIAN_POINT('',(-0.0106409015433035,0.00453164844784029,0.06340224852975));
#5001=CARTESIAN_POINT('',(-0.0106411752477632,0.00394079388555933,0.0644256422039956));
#5002=CARTESIAN_POINT('',(-0.00927254158221675,0.00343394395127134,0.0640456247618695));
#5003=CARTESIAN_POINT('',(-0.00790390791667128,0.0029270940169816,0.063665607319742));
#5004=CARTESIAN_POINT('',(-0.00653527425113192,0.00242024408268129,0.0632855898776066));
#5005=CARTESIAN_POINT('',(-0.00653522402565156,0.0024203411572594,0.0632856412911408));
#5006=CARTESIAN_POINT('',(-0.006535764994339,-3.57423213587171E-23,0.0614692683883408));
#5007=CARTESIAN_POINT('',(-0.00653471693809614,0.00278294503188352,0.0626570126962802));
#5008=CARTESIAN_POINT('',(-0.010640901526863,0.00453163429434591,0.0634022818313874));
#5009=CARTESIAN_POINT('',(-0.0106638809272595,-6.93883570236926E-18,0.0614681641290537));
#5010=CARTESIAN_POINT('',(-0.010638949341332,0.00393997001376406,0.0644250244956364));
#5011=CARTESIAN_POINT('',(-0.0102203567073734,0.00451462642357311,0.064856390376093));
#5012=CARTESIAN_POINT('',(-0.0106436640260916,0.00295810218998028,0.0654097790215032));
#5013=CARTESIAN_POINT('',(-0.0106435893344825,0.00333016225887636,0.0651305550879965));
#5014=CARTESIAN_POINT('',(-0.010643500465747,0.00366238537280825,0.0647983319886602));
#5015=CARTESIAN_POINT('',(-0.0106434009407395,0.00394160931933941,0.0644262719353528));
#5016=CARTESIAN_POINT('',(-0.0102206578846713,0.00338817161821407,0.0659828614649052));
#5017=CARTESIAN_POINT('',(-0.0102206578938772,0.00338810712658824,0.0659829098745));
#5018=CARTESIAN_POINT('',(-0.00950575707368605,0.00465527151682908,0.066522829962783));
#5019=CARTESIAN_POINT('',(-0.00961558736747827,0.00441988062712238,0.0664833611519987));
#5020=CARTESIAN_POINT('',(-0.00984250126758899,0.00395816018959289,0.0663661462754258));
#5021=CARTESIAN_POINT('',(-0.0100874142538276,0.00354525986684621,0.0661509654492898));
#5022=CARTESIAN_POINT('',(-0.0102206578938772,0.00338810712658824,0.0659829098745));
#5023=CARTESIAN_POINT('',(-0.00950575414879523,0.00465527491816204,0.0665228336564859));
#5024=CARTESIAN_POINT('',(-0.00950564739480458,0.00505435951205791,0.0661237490802047));
#5025=CARTESIAN_POINT('',(-0.00950568442122501,0.00492687078748726,0.066262167074875));
#5026=CARTESIAN_POINT('',(-0.00950572004592504,0.00479369291885038,0.0663953449376337));
#5027=CARTESIAN_POINT('',(-0.00950575414879523,0.00465527491816203,0.0665228336564859));
#5028=CARTESIAN_POINT('',(-0.00950564739480458,0.00505435951205791,0.0661237490802046));
#5029=CARTESIAN_POINT('',(-0.0102203567073735,0.00451462642357314,0.064856390376093));
#5030=CARTESIAN_POINT('',(-0.0100875466149619,0.00468209506393451,0.0650130651232797));
#5031=CARTESIAN_POINT('',(-0.00984157426487432,0.00489837833055694,0.0654276314242286));
#5032=CARTESIAN_POINT('',(-0.00961535668850398,0.0050149412812404,0.065888479635186));
#5033=CARTESIAN_POINT('',(-0.00950565035740701,0.00505435577162326,0.0661237456343164));
#5034=CARTESIAN_POINT('',(-0.00654882795813947,5.82015379652764E-23,0.0614692648940351));
#5035=CARTESIAN_POINT('',(-0.00627645285745785,0.0027724943039458,0.0635500171942663));
#5036=CARTESIAN_POINT('',(-0.00611871290267794,0.0029717194585323,0.0637356736078535));
#5037=CARTESIAN_POINT('',(-0.00598161280957667,0.00304925205163547,0.0640214341205496));
#5038=CARTESIAN_POINT('',(-0.00585066001668849,0.00309923818217183,0.0643001300320058));
#5039=CARTESIAN_POINT('',(-0.00627645285745785,0.0027724943039458,0.0635500171942663));
#5040=CARTESIAN_POINT('',(-0.00585065995985834,0.00309923811189116,0.0643001302537205));
#5041=CARTESIAN_POINT('',(-0.00585065995985834,0.00309923811189116,0.0643001302537205));
#5042=CARTESIAN_POINT('',(-0.00585123150046161,0.00301314376706653,0.064393001587017));
#5043=CARTESIAN_POINT('',(-0.00585125514803005,0.00292355931020332,0.0644825875808895));
#5044=CARTESIAN_POINT('',(-0.00585073173027327,0.0028306786419722,0.0645686898855578));
#5045=CARTESIAN_POINT('',(-0.00585073178718497,0.00283067842028446,0.0645686899558044));
#5046=CARTESIAN_POINT('',(-0.00585073178718497,0.00283067842028446,0.0645686899558044));
#5047=CARTESIAN_POINT('',(-0.00598161376469203,0.00255230079766425,0.0645187168687971));
#5048=CARTESIAN_POINT('',(-0.00611949311712637,0.0022655914656534,0.0644403567762826));
#5049=CARTESIAN_POINT('',(-0.00627663742509729,0.00208067800074245,0.0642418341864653));
#5050=CARTESIAN_POINT('',(-0.0062766374250973,0.00208067800074245,0.0642418341864653));
#5051=CARTESIAN_POINT('',(-0.00627663742027658,0.00208071425710019,0.0642418069714757));
#5052=CARTESIAN_POINT('',(-0.00636234149742088,0.00199239315463623,0.0641241286372925));
#5053=CARTESIAN_POINT('',(-0.00644804557450994,0.00190407205215234,0.0640064503030829));
#5054=CARTESIAN_POINT('',(-0.00653374965151436,0.00181575094963945,0.0638887719688346));
#5055=CARTESIAN_POINT('',(-0.00653625099241163,0.00242095820063239,0.0632861029039698));
#5056=CARTESIAN_POINT('',(-0.00653631199052786,0.00225026437887996,0.0635141356662291));
#5057=CARTESIAN_POINT('',(-0.00653636608934267,0.00204754237119809,0.063716376373627));
#5058=CARTESIAN_POINT('',(-0.00653641249876819,0.00181661535475373,0.0638898713952755));
#5059=CARTESIAN_POINT('',(-0.00653354885434332,0.00241955012094802,0.0632850695202332));
#5060=CARTESIAN_POINT('',(-0.00644785019540381,0.00253718417583117,0.0633734040698424));
#5061=CARTESIAN_POINT('',(-0.00636215153633543,0.00265481823065504,0.0634617386194071));
#5062=CARTESIAN_POINT('',(-0.00627645287718253,0.00277245228543874,0.0635500731689417));
#5063=CARTESIAN_POINT('',(-0.00843801113978967,0.00342070008308005,0.064035966032178));
#5064=CARTESIAN_POINT('',(-0.0103543678475273,0.00457382240801388,0.0649007803497277));
#5065=CARTESIAN_POINT('',(-0.0101820043481731,0.00449768527335808,0.0648436864912432));
#5066=CARTESIAN_POINT('',(-0.00983729647032376,0.00434541945019321,0.0647295051078866));
#5067=CARTESIAN_POINT('',(-0.00932009434247606,0.00411695313261275,0.0645581903139793));
#5068=CARTESIAN_POINT('',(-0.00880309143648142,0.00388858596617417,0.064386933521177));
#5069=CARTESIAN_POINT('',(-0.00828574159211819,0.00366005103582303,0.0642155725241656));
#5070=CARTESIAN_POINT('',(-0.00776869016316307,0.00343166072336161,0.0640443021334217));
#5071=CARTESIAN_POINT('',(-0.00725158469508002,0.00320323704998327,0.0638730185402762));
#5072=CARTESIAN_POINT('',(-0.00673443512896328,0.00297479849699755,0.0637017182263283));
#5073=CARTESIAN_POINT('',(-0.00638970099178319,0.00282251932454025,0.0635875292550013));
#5074=CARTESIAN_POINT('',(-0.00621732845340542,0.00274637732214606,0.0635304329575375));
#5075=CARTESIAN_POINT('',(-0.00843823043892393,0.0025671844748925,0.0648894751853962));
#5076=CARTESIAN_POINT('',(-0.0103546724729257,0.00343253307970381,0.0660420691448702));
#5077=CARTESIAN_POINT('',(-0.0101822874157533,0.0033753872567865,0.0659659716850883));
#5078=CARTESIAN_POINT('',(-0.00983753642465904,0.00326110195032897,0.06581378520727));
#5079=CARTESIAN_POINT('',(-0.00932035526186076,0.00308966173484373,0.0655854710235546));
#5080=CARTESIAN_POINT('',(-0.00880333150255634,0.00291826423793576,0.0653572408156821));
#5081=CARTESIAN_POINT('',(-0.00828597899647433,0.00274676982205046,0.0651288487277152));
#5082=CARTESIAN_POINT('',(-0.00776893131723688,0.00257536771732893,0.0649006039274095));
#5083=CARTESIAN_POINT('',(-0.00725178026572945,0.00240393512747721,0.0646723069421518));
#5084=CARTESIAN_POINT('',(-0.00673465456210929,0.00223251046835353,0.0644440221974947));
#5085=CARTESIAN_POINT('',(-0.00638985590128829,0.00211820987329835,0.0642918135788111));
#5086=CARTESIAN_POINT('',(-0.00621745110006631,0.00206105776219931,0.0642157068544233));
#5087=CARTESIAN_POINT('',(-0.00952794784698874,0.0046661390014218,0.0665346228298637));
#5088=CARTESIAN_POINT('',(-0.00938799539423513,0.00459760010210403,0.0664602477653883));
#5089=CARTESIAN_POINT('',(-0.00908839754175871,0.004450878164978,0.0663010314196807));
#5090=CARTESIAN_POINT('',(-0.00862981813874423,0.00422630054720927,0.0660573063578103));
#5091=CARTESIAN_POINT('',(-0.00815046385971092,0.00399151944432486,0.0658025646225833));
#5092=CARTESIAN_POINT('',(-0.0076719934912811,0.00375731105377557,0.0655483036557226));
#5093=CARTESIAN_POINT('',(-0.0071934810341916,0.00352252625774653,0.0652938577097868));
#5094=CARTESIAN_POINT('',(-0.00671392324254577,0.00328932256221718,0.0650395288338956));
#5095=CARTESIAN_POINT('',(-0.0062477175849805,0.0030549742410742,0.0647898259267031));
#5096=CARTESIAN_POINT('',(-0.00594835989453473,0.0028859913698228,0.0646231252019071));
#5097=CARTESIAN_POINT('',(-0.0058036396658228,0.00280402003321395,0.0645424401789789));
#5098=CARTESIAN_POINT('',(-0.00959940468489209,0.00453670260997643,0.0665169665964817));
#5099=CARTESIAN_POINT('',(-0.00945848324265623,0.00447010860804993,0.0664428925526247));
#5100=CARTESIAN_POINT('',(-0.00915678497754832,0.00432753620406665,0.0662843072205212));
#5101=CARTESIAN_POINT('',(-0.0086942978561065,0.00410894010744638,0.0660411925763979));
#5102=CARTESIAN_POINT('',(-0.00821194308971389,0.00388089437615027,0.0657876128865887));
#5103=CARTESIAN_POINT('',(-0.00772936696162902,0.00365301021202398,0.0655340094587696));
#5104=CARTESIAN_POINT('',(-0.00724735474998799,0.00342478958373494,0.0652804876409926));
#5105=CARTESIAN_POINT('',(-0.00676428417121182,0.00319792586972867,0.0650270719611344));
#5106=CARTESIAN_POINT('',(-0.00629427593626414,0.00297055498302478,0.0647781447651054));
#5107=CARTESIAN_POINT('',(-0.00599180540846966,0.00280725800233267,0.064611556280551));
#5108=CARTESIAN_POINT('',(-0.00584557020472723,0.0027280536037212,0.0645309197015364));
#5109=CARTESIAN_POINT('',(-0.00966285229753189,0.0044238543060432,0.0664958905445619));
#5110=CARTESIAN_POINT('',(-0.00952102582154871,0.00435893649447767,0.0664221408315822));
#5111=CARTESIAN_POINT('',(-0.00921737870047886,0.00421994564643125,0.0662642440131125));
#5112=CARTESIAN_POINT('',(-0.00875160477413448,0.00400665414879775,0.0660220296097249));
#5113=CARTESIAN_POINT('',(-0.00826643176925018,0.00378443960167127,0.0657696651706901));
#5114=CARTESIAN_POINT('',(-0.00778035305957962,0.00356211180551944,0.0655170041334985));
#5115=CARTESIAN_POINT('',(-0.00729510932235064,0.00333960128728949,0.065264526959417));
#5116=CARTESIAN_POINT('',(-0.00680899439724959,0.00311813923680202,0.0650121619974057));
#5117=CARTESIAN_POINT('',(-0.00633533039724037,0.00289733592862602,0.0647643166648647));
#5118=CARTESIAN_POINT('',(-0.00603075907913752,0.00273784165169991,0.0645978793575707));
#5119=CARTESIAN_POINT('',(-0.00588351199626432,0.00266046936834676,0.0645173076693665));
#5120=CARTESIAN_POINT('',(-0.00978860207803213,0.00420269770010897,0.0664427426508862));
#5121=CARTESIAN_POINT('',(-0.00964491205808341,0.00414102270128294,0.0663697683559663));
#5122=CARTESIAN_POINT('',(-0.00933728039543739,0.00400897581224181,0.066213533148874));
#5123=CARTESIAN_POINT('',(-0.00886553417022946,0.00380636704164662,0.0659739063025912));
#5124=CARTESIAN_POINT('',(-0.0083738539083152,0.00359519153857094,0.0657241366259897));
#5125=CARTESIAN_POINT('',(-0.00788160177906893,0.0033840287480777,0.0654742104571577));
#5126=CARTESIAN_POINT('',(-0.00738994564970856,0.00317269995563773,0.0652243861131269));
#5127=CARTESIAN_POINT('',(-0.00689766655511225,0.00296199044574176,0.064974656571078));
#5128=CARTESIAN_POINT('',(-0.00641715747527243,0.00275336753219208,0.0647295271584217));
#5129=CARTESIAN_POINT('',(-0.00610750027880578,0.00260301357818432,0.0645641096467033));
#5130=CARTESIAN_POINT('',(-0.00595778408968057,0.00253007994073683,0.0644840200473302));
#5131=CARTESIAN_POINT('',(-0.00985103648311738,0.0040941196427603,0.0664107022242161));
#5132=CARTESIAN_POINT('',(-0.00970641002563573,0.0040340258040348,0.0663381891671757));
#5133=CARTESIAN_POINT('',(-0.00939677884125665,0.00390536760069588,0.0661829439797541));
#5134=CARTESIAN_POINT('',(-0.00892210804201521,0.00370804869898309,0.065944902676614));
#5135=CARTESIAN_POINT('',(-0.0084272917852902,0.00350232919141932,0.0656967416076903));
#5136=CARTESIAN_POINT('',(-0.00793187368441645,0.00329658891269828,0.0654484103376048));
#5137=CARTESIAN_POINT('',(-0.00743707236550216,0.0030907548602732,0.0652002040484605));
#5138=CARTESIAN_POINT('',(-0.00694171178980161,0.00288543564265271,0.0649520782194601));
#5139=CARTESIAN_POINT('',(-0.00645796115896631,0.00268240013019357,0.0647085622038479));
#5140=CARTESIAN_POINT('',(-0.00614532415730601,0.00253745326602055,0.0645440124767605));
#5141=CARTESIAN_POINT('',(-0.0059941538802907,0.0024671610371803,0.064464339859796));
#5142=CARTESIAN_POINT('',(-0.00997444975861664,0.00388567750382495,0.0663301203097641));
#5143=CARTESIAN_POINT('',(-0.009828057795103,0.0038286391930117,0.0662587976780086));
#5144=CARTESIAN_POINT('',(-0.00951463381710252,0.00370652282058916,0.0661060982817541));
#5145=CARTESIAN_POINT('',(-0.00903380294696211,0.00351923912172299,0.0658718855468645));
#5146=CARTESIAN_POINT('',(-0.00853293847309674,0.003324174142854,0.0656278973151072));
#5147=CARTESIAN_POINT('',(-0.00803127073311421,0.00312869054976404,0.0653834949976744));
#5148=CARTESIAN_POINT('',(-0.00753031973859587,0.00293334011027117,0.0651393353773464));
#5149=CARTESIAN_POINT('',(-0.00702866619613815,0.00273880334159532,0.0648954571759075));
#5150=CARTESIAN_POINT('',(-0.00653943225500241,0.00254493976410159,0.0646552510461474));
#5151=CARTESIAN_POINT('',(-0.00621870023051904,0.00241412403113868,0.0644952821316948));
#5152=CARTESIAN_POINT('',(-0.00606354757174995,0.00235078754642092,0.0644178610617422));
#5153=CARTESIAN_POINT('',(-0.0100335359484807,0.0037876915962392,0.0662854587503136));
#5154=CARTESIAN_POINT('',(-0.00988625809656214,0.00373207564778559,0.0662147783196379));
#5155=CARTESIAN_POINT('',(-0.00957094670868235,0.00361300968486661,0.0660634586884433));
#5156=CARTESIAN_POINT('',(-0.0090874664559549,0.00343054226089515,0.0658314906086713));
#5157=CARTESIAN_POINT('',(-0.00858318503467478,0.0032402742558837,0.0655895934315991));
#5158=CARTESIAN_POINT('',(-0.00807900997970003,0.00304982468941064,0.0653475810336657));
#5159=CARTESIAN_POINT('',(-0.00757508971532412,0.00285932020183165,0.0651056082938096));
#5160=CARTESIAN_POINT('',(-0.00707020868162568,0.00266997577023678,0.0648641511758935));
#5161=CARTESIAN_POINT('',(-0.00657889187959724,0.00247988152951938,0.0646254273799418));
#5162=CARTESIAN_POINT('',(-0.00625327931117464,0.00235714299567008,0.0644691172267418));
#5163=CARTESIAN_POINT('',(-0.00609571380788715,0.00229779659920695,0.0643935057418831));
#5164=CARTESIAN_POINT('',(-0.0101272928158235,0.00364055730886892,0.0662013372560789));
#5165=CARTESIAN_POINT('',(-0.00997854982086055,0.00358706519677998,0.0661318517222529));
#5166=CARTESIAN_POINT('',(-0.00966013146913623,0.00347255768509386,0.0659831030159576));
#5167=CARTESIAN_POINT('',(-0.00917267854122482,0.00329738446166108,0.0657554152211232));
#5168=CARTESIAN_POINT('',(-0.0086630862307104,0.00311429828361387,0.0655175164937126));
#5169=CARTESIAN_POINT('',(-0.00815476874723836,0.00293143536580202,0.0652799370367057));
#5170=CARTESIAN_POINT('',(-0.00764606912976893,0.00274824426356537,0.0650421062461853));
#5171=CARTESIAN_POINT('',(-0.00713628382686605,0.00256642001056277,0.0648050598250707));
#5172=CARTESIAN_POINT('',(-0.00664092411209074,0.00238304496120346,0.0645697251613244));
#5173=CARTESIAN_POINT('',(-0.00630913324275799,0.00226983998973055,0.0644191318314536));
#5174=CARTESIAN_POINT('',(-0.00614852692211809,0.00221518113980246,0.0643463374408748));
#5175=CARTESIAN_POINT('',(-0.010163536784014,0.00358614771126835,0.0661654614721528));
#5176=CARTESIAN_POINT('',(-0.0100142867620989,0.0035334640909815,0.0660965103264089));
#5177=CARTESIAN_POINT('',(-0.00969477569993472,0.00342068466579624,0.0659489033961598));
#5178=CARTESIAN_POINT('',(-0.00920545604111781,0.0032480858631926,0.0657229049766984));
#5179=CARTESIAN_POINT('',(-0.00869425090684692,0.0030678029457437,0.0654868838661158));
#5180=CARTESIAN_POINT('',(-0.00818394215651315,0.0028876109035674,0.0652510394583155));
#5181=CARTESIAN_POINT('',(-0.00767342267336934,0.0027072125313641,0.0650150280565332));
#5182=CARTESIAN_POINT('',(-0.00716194640813839,0.00252792958178495,0.0647797715247342));
#5183=CARTESIAN_POINT('',(-0.00666441232753866,0.0023479747633401,0.0645462772270245));
#5184=CARTESIAN_POINT('',(-0.00633150329606476,0.00223600677388885,0.0643971884986462));
#5185=CARTESIAN_POINT('',(-0.00617036060730869,0.00218193146477202,0.0643251263538727));
#5186=CARTESIAN_POINT('',(-0.0102312176481197,0.00348971460947209,0.0660911185412023));
#5187=CARTESIAN_POINT('',(-0.0100810529614638,0.00343848168105504,0.0660232916660638));
#5188=CARTESIAN_POINT('',(-0.00975955653038681,0.00332879692031347,0.0658780808627659));
#5189=CARTESIAN_POINT('',(-0.00926647205292602,0.00316064687162338,0.0656554682567503));
#5190=CARTESIAN_POINT('',(-0.00875251050961097,0.0029853978886833,0.0654234021854938));
#5191=CARTESIAN_POINT('',(-0.00823817908659376,0.00280990154224917,0.0651911072510278));
#5192=CARTESIAN_POINT('',(-0.00772433260805482,0.00263438409094104,0.0649588184411135));
#5193=CARTESIAN_POINT('',(-0.00720952935282871,0.00245987228921969,0.0647274254932417));
#5194=CARTESIAN_POINT('',(-0.0067085302381934,0.00228500579044876,0.0644971950504122));
#5195=CARTESIAN_POINT('',(-0.00637210121283283,0.00217748719016017,0.0643526483814729));
#5196=CARTESIAN_POINT('',(-0.0062092373092985,0.0021255806961208,0.0642828189103924));
#5197=CARTESIAN_POINT('',(-0.0102626449656702,0.00344746565201836,0.0660526535195544));
#5198=CARTESIAN_POINT('',(-0.010112008883128,0.0033968557491704,0.0659853929344349));
#5199=CARTESIAN_POINT('',(-0.00978950186164546,0.00328850297837971,0.0658413927569138));
#5200=CARTESIAN_POINT('',(-0.00929483154768158,0.00312234584687212,0.0656205896995292));
#5201=CARTESIAN_POINT('',(-0.00877939264295916,0.00294923243492475,0.0653904869063988));
#5202=CARTESIAN_POINT('',(-0.00826331942160213,0.00277582782712448,0.0651600727908511));
#5203=CARTESIAN_POINT('',(-0.00774780876441563,0.0026025289419973,0.0649297850705624));
#5204=CARTESIAN_POINT('',(-0.00723172707377319,0.00242972752919291,0.0647000164050177));
#5205=CARTESIAN_POINT('',(-0.00672807555674319,0.00225845692412776,0.0644728277220075));
#5206=CARTESIAN_POINT('',(-0.00639253733578437,0.00214966201893818,0.0643275191127599));
#5207=CARTESIAN_POINT('',(-0.00623014318461495,0.0020970844627958,0.0642572803604399));
#5208=CARTESIAN_POINT('',(-0.0102907565453189,0.00341134488612059,0.0660138541686381));
#5209=CARTESIAN_POINT('',(-0.0101396766484517,0.00336126175875109,0.0659471616110683));
#5210=CARTESIAN_POINT('',(-0.00981622849642412,0.00325403859212703,0.0658043786345029));
#5211=CARTESIAN_POINT('',(-0.00932035526186076,0.00308966173484373,0.0655854710235546));
#5212=CARTESIAN_POINT('',(-0.00880333150255634,0.00291826423793576,0.0653572408156821));
#5213=CARTESIAN_POINT('',(-0.00828597899647433,0.00274676982205046,0.0651288487277152));
#5214=CARTESIAN_POINT('',(-0.00776893131723688,0.00257536771732893,0.0649006039274095));
#5215=CARTESIAN_POINT('',(-0.00725178026572945,0.00240393512747721,0.0646723069421518));
#5216=CARTESIAN_POINT('',(-0.00674546232028678,0.0022360931876972,0.0644487932740407));
#5217=CARTESIAN_POINT('',(-0.00641147386898607,0.0021253762180081,0.0643013566606671));
#5218=CARTESIAN_POINT('',(-0.0062498781077183,0.0020718073000006,0.0642300214984645));
#5219=CARTESIAN_POINT('',(-0.0095871566385133,0.00469513556438143,0.0665660881578945));
#5220=CARTESIAN_POINT('',(-0.00942746614396868,0.00461693034953663,0.0664812237454714));
#5221=CARTESIAN_POINT('',(-0.00910810286987957,0.00446052859541284,0.0663115043349183));
#5222=CARTESIAN_POINT('',(-0.00862981807371886,0.00422630076175651,0.0660573062815428));
#5223=CARTESIAN_POINT('',(-0.0081504637947517,0.00399151965888621,0.0658025645462854));
#5224=CARTESIAN_POINT('',(-0.00767199342619469,0.00375731126829002,0.0655483035795146));
#5225=CARTESIAN_POINT('',(-0.00719348096909091,0.00352252647225544,0.0652938576334776));
#5226=CARTESIAN_POINT('',(-0.00671392317741508,0.00328932277664252,0.0650395287575568));
#5227=CARTESIAN_POINT('',(-0.00623776599019963,0.00304997210495947,0.0647844957438533));
#5228=CARTESIAN_POINT('',(-0.00592899195305321,0.00287503880640636,0.0646123330598821));
#5229=CARTESIAN_POINT('',(-0.00577460003525985,0.00278756938151839,0.0645262489862455));
#5230=CARTESIAN_POINT('',(-0.00952769153471118,0.00506607513104942,0.0661345343364154));
#5231=CARTESIAN_POINT('',(-0.00938779302722926,0.00499169043327719,0.0660660584599822));
#5232=CARTESIAN_POINT('',(-0.00908824811969493,0.00483242030495837,0.0659194408643825));
#5233=CARTESIAN_POINT('',(-0.00862966054310827,0.0045885679287964,0.0656949802709394));
#5234=CARTESIAN_POINT('',(-0.00815032791890586,0.00433370528983369,0.065460334807647));
#5235=CARTESIAN_POINT('',(-0.00767198595631088,0.0040793784069639,0.0652263138177368));
#5236=CARTESIAN_POINT('',(-0.00719330624350109,0.0038247183622454,0.0649915741286757));
#5237=CARTESIAN_POINT('',(-0.00671379890214805,0.00357028357961402,0.0647585202343747));
#5238=CARTESIAN_POINT('',(-0.00625649576666678,0.00332522189512302,0.0645287657335465));
#5239=CARTESIAN_POINT('',(-0.00596550308466834,0.00316328464424027,0.0643651139214972));
#5240=CARTESIAN_POINT('',(-0.00582935170797984,0.0030873565252289,0.0642880781326587));
#5241=CARTESIAN_POINT('',(-0.00952738488956465,0.00497926562502526,0.0662265249500061));
#5242=CARTESIAN_POINT('',(-0.00938756777179228,0.00490615658026102,0.0661567752354208));
#5243=CARTESIAN_POINT('',(-0.00908817127655485,0.00474962104378183,0.0660074005206364));
#5244=CARTESIAN_POINT('',(-0.0086291259435696,0.00451004038952955,0.0657779339867441));
#5245=CARTESIAN_POINT('',(-0.00815029113575536,0.00425918241313247,0.0655395339200716));
#5246=CARTESIAN_POINT('',(-0.00767146795857577,0.00400961096032305,0.0652999702416598));
#5247=CARTESIAN_POINT('',(-0.00719291916171093,0.00375911402963033,0.0650609394929088));
#5248=CARTESIAN_POINT('',(-0.00671338726052417,0.00350931962563645,0.0648229125269519));
#5249=CARTESIAN_POINT('',(-0.00625610247713202,0.00326761164304996,0.0645896623800098));
#5250=CARTESIAN_POINT('',(-0.00596513368695553,0.00310547454069101,0.0644264977173691));
#5251=CARTESIAN_POINT('',(-0.00582899381460603,0.00302939067949035,0.0643497621628339));
#5252=CARTESIAN_POINT('',(-0.00952713426483523,0.00491412796590445,0.0662941381376329));
#5253=CARTESIAN_POINT('',(-0.00938742441725336,0.00484202140929936,0.0662234488374029));
#5254=CARTESIAN_POINT('',(-0.00908822035612745,0.00468761552613681,0.066072043634755));
#5255=CARTESIAN_POINT('',(-0.00862848285826998,0.00445084932739291,0.0658389735104158));
#5256=CARTESIAN_POINT('',(-0.00815081631832752,0.00420384058647931,0.0655976984577825));
#5257=CARTESIAN_POINT('',(-0.00767089838534352,0.00395700633117513,0.0653542228504194));
#5258=CARTESIAN_POINT('',(-0.00719265321506823,0.00370988122917229,0.0651119741081368));
#5259=CARTESIAN_POINT('',(-0.00671305545713311,0.00346350190402116,0.0648703191634228));
#5260=CARTESIAN_POINT('',(-0.00625580043326925,0.0032242888972557,0.0646345263866068));
#5261=CARTESIAN_POINT('',(-0.0059647975654779,0.00306190728689615,0.0644717120287499));
#5262=CARTESIAN_POINT('',(-0.00582864033503641,0.00298566016935209,0.0643951928611034));
#5263=CARTESIAN_POINT('',(-0.0095272079162394,0.00482566322788122,0.0663825900202173));
#5264=CARTESIAN_POINT('',(-0.0093874968637715,0.00475493662236059,0.0663105208298665));
#5265=CARTESIAN_POINT('',(-0.00908829123145262,0.00460345200227945,0.0661561954798454));
#5266=CARTESIAN_POINT('',(-0.00862857804923136,0.00437027245670435,0.0659195665093423));
#5267=CARTESIAN_POINT('',(-0.00815081073542873,0.00412882302886459,0.065672637983417));
#5268=CARTESIAN_POINT('',(-0.00767092048603801,0.00388523429900643,0.0654259472696034));
#5269=CARTESIAN_POINT('',(-0.007192706502539,0.00364287496823734,0.0651789682486848));
#5270=CARTESIAN_POINT('',(-0.00671309854152116,0.00340108908047578,0.0649327143867146));
#5271=CARTESIAN_POINT('',(-0.006255828977813,0.00316516825455192,0.0646936175565243));
#5272=CARTESIAN_POINT('',(-0.00596483089587598,0.00300227667724033,0.064531314405694));
#5273=CARTESIAN_POINT('',(-0.00582867627899673,0.00292572149332569,0.064455104119151));
#5274=CARTESIAN_POINT('',(-0.00952742056697155,0.00475742251057042,0.0664483074089871));
#5275=CARTESIAN_POINT('',(-0.00938759318734067,0.00468764727383859,0.0663752155356948));
#5276=CARTESIAN_POINT('',(-0.0090881786390111,0.00453821794630751,0.0662187205045708));
#5277=CARTESIAN_POINT('',(-0.00862920949312366,0.00430866870968613,0.0659793009011627));
#5278=CARTESIAN_POINT('',(-0.00815038505715628,0.00407012564002078,0.0657285985946124));
#5279=CARTESIAN_POINT('',(-0.00767147523362324,0.00383046649269477,0.0654790433897804));
#5280=CARTESIAN_POINT('',(-0.00719303160129365,0.00359137091472175,0.0652287189631981));
#5281=CARTESIAN_POINT('',(-0.00671347319290775,0.00335324722008079,0.0649790008439736));
#5282=CARTESIAN_POINT('',(-0.00625614208695102,0.00311988009237487,0.0647373674905705));
#5283=CARTESIAN_POINT('',(-0.00596517040173235,0.00295663186199071,0.0645753089138181));
#5284=CARTESIAN_POINT('',(-0.00582902988363306,0.00287985696382501,0.0644992626212699));
#5285=CARTESIAN_POINT('',(-0.00952778922504626,0.00466606156589946,0.0665345384915563));
#5286=CARTESIAN_POINT('',(-0.00938788963361185,0.00459754855437621,0.0664601915189641));
#5287=CARTESIAN_POINT('',(-0.00908834470676058,0.00445085253675168,0.0663010032973703));
#5288=CARTESIAN_POINT('',(-0.00862981807371886,0.00422630076175651,0.0660573062815428));
#5289=CARTESIAN_POINT('',(-0.0081504637947517,0.00399151965888621,0.0658025645462854));
#5290=CARTESIAN_POINT('',(-0.00767199342619469,0.00375731126829002,0.0655483035795146));
#5291=CARTESIAN_POINT('',(-0.00719348096909091,0.00352252647225544,0.0652938576334776));
#5292=CARTESIAN_POINT('',(-0.00671392317741508,0.00328932277664252,0.0650395287575568));
#5293=CARTESIAN_POINT('',(-0.00625655185810387,0.00305941522631047,0.0647945575819086));
#5294=CARTESIAN_POINT('',(-0.00596556768545389,0.00289568947076257,0.0646327021218206));
#5295=CARTESIAN_POINT('',(-0.00582942167401404,0.00281861970998949,0.0645568129168204));
#5296=CARTESIAN_POINT('',(-0.00958705851007026,0.00509764086139214,0.0661635923414127));
#5297=CARTESIAN_POINT('',(-0.00942736942633483,0.0050127334723513,0.0660854295971034));
#5298=CARTESIAN_POINT('',(-0.00910800897370759,0.00484292811332996,0.0659291127793392));
#5299=CARTESIAN_POINT('',(-0.0086296606081059,0.00458856800502454,0.0656949800564147));
#5300=CARTESIAN_POINT('',(-0.00815032798385781,0.00433370536611357,0.0654603345931226));
#5301=CARTESIAN_POINT('',(-0.00767198602130966,0.00407937848329551,0.0652263136031717));
#5302=CARTESIAN_POINT('',(-0.0071933063086005,0.00382471843852372,0.0649915739141973));
#5303=CARTESIAN_POINT('',(-0.00671379896727068,0.003570283655982,0.0647585200199676));
#5304=CARTESIAN_POINT('',(-0.00623771276449485,0.00331515641575273,0.064519328683805));
#5305=CARTESIAN_POINT('',(-0.00592892613750712,0.00314290527856649,0.0643444722401359));
#5306=CARTESIAN_POINT('',(-0.00577452792459333,0.00305677697691897,0.0642570412439094));
#5307=CARTESIAN_POINT('',(-0.0102904561657839,0.00454559106761282,0.0648796101813175));
#5308=CARTESIAN_POINT('',(-0.0101393962113383,0.00447886421249858,0.064829572938812));
#5309=CARTESIAN_POINT('',(-0.00981598643788099,0.00433600606154383,0.064722446506192));
#5310=CARTESIAN_POINT('',(-0.00932009434247606,0.00411695313261275,0.0645581903139793));
#5311=CARTESIAN_POINT('',(-0.00880309143648142,0.00388858596617417,0.064386933521177));
#5312=CARTESIAN_POINT('',(-0.00828574159211819,0.00366005103582303,0.0642155725241656));
#5313=CARTESIAN_POINT('',(-0.00776869016316307,0.00343166072336161,0.0640443021334217));
#5314=CARTESIAN_POINT('',(-0.00725158469508002,0.00320323704998327,0.0638730185402762));
#5315=CARTESIAN_POINT('',(-0.00674489374703522,0.002979418343431,0.0637051825327428));
#5316=CARTESIAN_POINT('',(-0.00641061579543355,0.00283175800535803,0.0635944570287087));
#5317=CARTESIAN_POINT('',(-0.0062487006049598,0.0027602353209386,0.0635408245994978));
#5318=CARTESIAN_POINT('',(-0.0102658486926497,0.00457954495899244,0.0649112329896429));
#5319=CARTESIAN_POINT('',(-0.0101151656934485,0.00451233464985433,0.0648607477791911));
#5320=CARTESIAN_POINT('',(-0.00979255678870077,0.00436843937988145,0.0647526595481415));
#5321=CARTESIAN_POINT('',(-0.00929772889926386,0.00414774112568309,0.0645868561872216));
#5322=CARTESIAN_POINT('',(-0.00878230330673236,0.00391743597849773,0.0644138172225079));
#5323=CARTESIAN_POINT('',(-0.00826522709598166,0.00368829783036559,0.0642418706672154));
#5324=CARTESIAN_POINT('',(-0.00775257698316841,0.00345393731441132,0.0640650448952761));
#5325=CARTESIAN_POINT('',(-0.00722520637282751,0.00323965961655477,0.0639069354810355));
#5326=CARTESIAN_POINT('',(-0.00673088516888379,0.00299875628135652,0.0637231789082077));
#5327=CARTESIAN_POINT('',(-0.00639647178460437,0.00285129316914346,0.0636125980138937));
#5328=CARTESIAN_POINT('',(-0.00623437289664597,0.00278002927232573,0.0635591872052189));
#5329=CARTESIAN_POINT('',(-0.0102387688718717,0.00461321726520915,0.0649474726290922));
#5330=CARTESIAN_POINT('',(-0.0100884832930033,0.00454551985952748,0.0648964659973181));
#5331=CARTESIAN_POINT('',(-0.00976672678633688,0.00440058123290654,0.064787259997794));
#5332=CARTESIAN_POINT('',(-0.00927324695867671,0.00417826953040242,0.0646197045399158));
#5333=CARTESIAN_POINT('',(-0.00875919130044471,0.0039461718947679,0.0644447448098483));
#5334=CARTESIAN_POINT('',(-0.00824326553239018,0.00371572993312346,0.0642714177525052));
#5335=CARTESIAN_POINT('',(-0.0077332264204295,0.00347840275914611,0.0640912521773234));
#5336=CARTESIAN_POINT('',(-0.00720271588459813,0.00326714464346243,0.0639368919934713));
#5337=CARTESIAN_POINT('',(-0.006714138563197,0.00301994523207438,0.0637458666600027));
#5338=CARTESIAN_POINT('',(-0.00638046108273441,0.00287152389778684,0.0636342259878246));
#5339=CARTESIAN_POINT('',(-0.00621867517919833,0.00279984135271917,0.063580355029247));
#5340=CARTESIAN_POINT('',(-0.0101806473707908,0.0046787689194651,0.0650291448337435));
#5341=CARTESIAN_POINT('',(-0.0100311158746359,0.00461008303661652,0.0649769204584922));
#5342=CARTESIAN_POINT('',(-0.009711004333869,0.00446303601784365,0.0648651137974589));
#5343=CARTESIAN_POINT('',(-0.00922085720313997,0.00423770055372024,0.0646937419399987));
#5344=CARTESIAN_POINT('',(-0.00870921469501278,0.00400223554395763,0.0645145263604808));
#5345=CARTESIAN_POINT('',(-0.00819674242098157,0.00376835635401216,0.0643373492533804));
#5346=CARTESIAN_POINT('',(-0.0076893692863679,0.00352890249749806,0.064152696277606));
#5347=CARTESIAN_POINT('',(-0.00716266258201161,0.00330986805240821,0.0639954162365369));
#5348=CARTESIAN_POINT('',(-0.00667624906718718,0.0030636274574377,0.063799006287655));
#5349=CARTESIAN_POINT('',(-0.00634530456938161,0.00291193542271972,0.0636837176728259));
#5350=CARTESIAN_POINT('',(-0.00618486103230353,0.00283861307476772,0.0636280783892004));
#5351=CARTESIAN_POINT('',(-0.0101496187237523,0.0047106475732356,0.0650747374831499));
#5352=CARTESIAN_POINT('',(-0.0100004579273633,0.00464146157284868,0.0650218154478885));
#5353=CARTESIAN_POINT('',(-0.00968116405460677,0.00449335330488826,0.0649085241175754));
#5354=CARTESIAN_POINT('',(-0.00919290853604167,0.004266642065589,0.0647351141227041));
#5355=CARTESIAN_POINT('',(-0.00868252696486152,0.00402940872982089,0.0645533684774688));
#5356=CARTESIAN_POINT('',(-0.00817166104301782,0.00379416435419793,0.0643744550242574));
#5357=CARTESIAN_POINT('',(-0.00766669870996655,0.00355259124229796,0.0641857913782416));
#5358=CARTESIAN_POINT('',(-0.00713815879619544,0.00333381045098674,0.0640325019577913));
#5359=CARTESIAN_POINT('',(-0.00665664289848479,0.00308415285064841,0.0638276637051362));
#5360=CARTESIAN_POINT('',(-0.00632677744083904,0.00293129938011573,0.0637108890261779));
#5361=CARTESIAN_POINT('',(-0.00616682592644117,0.00285743002126279,0.0636545879325729));
#5362=CARTESIAN_POINT('',(-0.0100678179101485,0.00478788114537008,0.0652004194587586));
#5363=CARTESIAN_POINT('',(-0.00991991786412583,0.00471758126351046,0.0651456736703862));
#5364=CARTESIAN_POINT('',(-0.00960330525006418,0.00456708107189231,0.0650284706360615));
#5365=CARTESIAN_POINT('',(-0.00911868495610929,0.00433651175192258,0.0648488725034377));
#5366=CARTESIAN_POINT('',(-0.00861260599319813,0.00409562483609672,0.064660983844008));
#5367=CARTESIAN_POINT('',(-0.00810590734071964,0.00385592254829103,0.06447538594152));
#5368=CARTESIAN_POINT('',(-0.00760402083894041,0.00361226501677335,0.0642814583304059));
#5369=CARTESIAN_POINT('',(-0.00708358001617978,0.0033830303245218,0.0641180091171));
#5370=CARTESIAN_POINT('',(-0.00660245314203084,0.00313579577164657,0.0639103598201527));
#5371=CARTESIAN_POINT('',(-0.00627677665268722,0.00297901412410739,0.0637872232967773));
#5372=CARTESIAN_POINT('',(-0.00611891013896168,0.00290316338789496,0.0637277765347869));
#5373=CARTESIAN_POINT('',(-0.010015561639119,0.00483054311392439,0.0652855664957383));
#5374=CARTESIAN_POINT('',(-0.009868575704978,0.00475966443882233,0.0652296124521995));
#5375=CARTESIAN_POINT('',(-0.00955387681014657,0.00460791000031036,0.0651098087556044));
#5376=CARTESIAN_POINT('',(-0.00907104021433138,0.00437501691865919,0.0649258548331322));
#5377=CARTESIAN_POINT('',(-0.00856816643569943,0.00413231210672247,0.064734053725744));
#5378=CARTESIAN_POINT('',(-0.00806386647407231,0.00388990572849504,0.0645433865046642));
#5379=CARTESIAN_POINT('',(-0.00756334720280164,0.00364537873358112,0.0643473692525606));
#5380=CARTESIAN_POINT('',(-0.00705053193201066,0.00340947713095501,0.0641717697820487));
#5381=CARTESIAN_POINT('',(-0.00656725883648414,0.00316445551882575,0.0639672906273942));
#5382=CARTESIAN_POINT('',(-0.0062445200786183,0.00300545538937463,0.0638392435062894));
#5383=CARTESIAN_POINT('',(-0.00608813849814492,0.00292847771708802,0.0637773185075686));
#5384=CARTESIAN_POINT('',(-0.00991311549603833,0.00490336523127347,0.065456610563427));
#5385=CARTESIAN_POINT('',(-0.00976761712583509,0.00483139429244863,0.0653981115267863));
#5386=CARTESIAN_POINT('',(-0.00945610737215809,0.00467730629524839,0.0652728660904001));
#5387=CARTESIAN_POINT('',(-0.00897827656155631,0.00444096544325732,0.0650807521896914));
#5388=CARTESIAN_POINT('',(-0.00848045135903644,0.00419471987694894,0.0648806126378459));
#5389=CARTESIAN_POINT('',(-0.00798189324716842,0.00394808792461069,0.0646801214556459));
#5390=CARTESIAN_POINT('',(-0.00748384079352601,0.00370187858015337,0.0644800154511936));
#5391=CARTESIAN_POINT('',(-0.00698593439603974,0.00345505948429216,0.0642793331245024));
#5392=CARTESIAN_POINT('',(-0.00649851921549854,0.00321340091495942,0.0640818413249914));
#5393=CARTESIAN_POINT('',(-0.00618144711637617,0.00305080596559568,0.063944037029973));
#5394=CARTESIAN_POINT('',(-0.0060279298788292,0.0029720043026433,0.0638771814025422));
#5395=CARTESIAN_POINT('',(-0.00986413392473691,0.00493306072141026,0.0655404341928719));
#5396=CARTESIAN_POINT('',(-0.00971932430206457,0.00486063544542641,0.0654806810819714));
#5397=CARTESIAN_POINT('',(-0.00940929904619866,0.00470558000576666,0.0653527569868104));
#5398=CARTESIAN_POINT('',(-0.00893400819266489,0.00446789553387794,0.0651567013730534));
#5399=CARTESIAN_POINT('',(-0.00843833773290587,0.00422008340598677,0.0649523515618187));
#5400=CARTESIAN_POINT('',(-0.00794271654599787,0.00397188549370606,0.0647472300782374));
#5401=CARTESIAN_POINT('',(-0.00744602131208397,0.00372475648249065,0.0645447833713457));
#5402=CARTESIAN_POINT('',(-0.00695446152332586,0.00347430253094807,0.0643330174629846));
#5403=CARTESIAN_POINT('',(-0.00646583689979475,0.00323324202677072,0.0641377649979303));
#5404=CARTESIAN_POINT('',(-0.00615133888115213,0.00306936114698686,0.063995414198039));
#5405=CARTESIAN_POINT('',(-0.00599911645977669,0.0029899126918266,0.0639262706152008));
#5406=CARTESIAN_POINT('',(-0.00972234401839351,0.00500733638036847,0.0657861928967827));
#5407=CARTESIAN_POINT('',(-0.00957965185771191,0.00493383185603058,0.0657228371561263));
#5408=CARTESIAN_POINT('',(-0.00927414945701746,0.00477646241447721,0.0655871979165993));
#5409=CARTESIAN_POINT('',(-0.0088055149061749,0.0045351395596686,0.0653792555900756));
#5410=CARTESIAN_POINT('',(-0.00831705235960473,0.00428365064033558,0.06516268882703));
#5411=CARTESIAN_POINT('',(-0.00782868767032771,0.00403165657864257,0.0649448258279361));
#5412=CARTESIAN_POINT('',(-0.00733837319287903,0.00378095153764284,0.0647313821366599));
#5413=CARTESIAN_POINT('',(-0.00685660220681905,0.00352619909884579,0.0645023798625152));
#5414=CARTESIAN_POINT('',(-0.00637277220643511,0.00328204296221816,0.0642990188561718));
#5415=CARTESIAN_POINT('',(-0.00606489322848925,0.00311573691408615,0.0641448611626268));
#5416=CARTESIAN_POINT('',(-0.00591592608703694,0.00303510832240335,0.0640699067160159));
#5417=CARTESIAN_POINT('',(-0.00963319470873741,0.0050401662282903,0.0659437420734533));
#5418=CARTESIAN_POINT('',(-0.00949181171170797,0.00496618879955359,0.0658780872827068));
#5419=CARTESIAN_POINT('',(-0.00918911209650837,0.00480780550462751,0.0657375247688939));
#5420=CARTESIAN_POINT('',(-0.00872477377671366,0.00456489104205068,0.0655220028255493));
#5421=CARTESIAN_POINT('',(-0.00824097442465182,0.00431173208433386,0.0652973064090812));
#5422=CARTESIAN_POINT('',(-0.00775652677997505,0.00405830346202242,0.0650724562217494));
#5423=CARTESIAN_POINT('',(-0.00727271717361422,0.00380510834955998,0.0648476890080825));
#5424=CARTESIAN_POINT('',(-0.00678828250603751,0.00355193680262808,0.0646234645715905));
#5425=CARTESIAN_POINT('',(-0.00631599847532671,0.00330310816433968,0.0643996388783701));
#5426=CARTESIAN_POINT('',(-0.00601133936522251,0.00313641869512781,0.0642396429292042));
#5427=CARTESIAN_POINT('',(-0.00586386924323441,0.00305564280802119,0.0641619696729194));
#5428=CARTESIAN_POINT('',(-0.00952784670869301,0.00506615767950034,0.0661346100428108));
#5429=CARTESIAN_POINT('',(-0.00938789649014656,0.00499174548697777,0.0660661088554047));
#5430=CARTESIAN_POINT('',(-0.00908829981428797,0.00483244783517896,0.0659194659204947));
#5431=CARTESIAN_POINT('',(-0.0086296606081059,0.00458856800502454,0.0656949800564147));
#5432=CARTESIAN_POINT('',(-0.00815032798385781,0.00433370536611357,0.0654603345931226));
#5433=CARTESIAN_POINT('',(-0.00767198602130966,0.00407937848329551,0.0652263136031717));
#5434=CARTESIAN_POINT('',(-0.0071933063086005,0.00382471843852372,0.0649915739141973));
#5435=CARTESIAN_POINT('',(-0.00671379896727068,0.003570283655982,0.0647585200199676));
#5436=CARTESIAN_POINT('',(-0.00624734093415869,0.00332031600311416,0.0645241659900602));
#5437=CARTESIAN_POINT('',(-0.00594766791937988,0.00315335363861637,0.0643550664885558));
#5438=CARTESIAN_POINT('',(-0.00580262919119326,0.00307245238064848,0.0642729530021337));
#5439=CARTESIAN_POINT('',(-0.006535764994339,-3.57423213587171E-23,0.0614692683883408));
#5440=CARTESIAN_POINT('',(-0.0106426096568252,-5.82015379652282E-23,0.0614681698190581));
#5441=CARTESIAN_POINT('',(-0.0106405420788328,0.00489156203409395,0.0620590338489191));
#5442=CARTESIAN_POINT('',(-0.0106402261286298,0.00489156176914007,0.0608773070523371));
#5443=CARTESIAN_POINT('',(-0.010640542182843,0.00489156356368605,0.0620590192428787));
#5444=CARTESIAN_POINT('',(-0.00927198993987063,0.00426242687761854,0.0619833884873993));
#5445=CARTESIAN_POINT('',(-0.00790343769689929,0.00363329019154887,0.0619077577319196));
#5446=CARTESIAN_POINT('',(-0.00653488545393407,0.00300415350546608,0.0618321269764383));
#5447=CARTESIAN_POINT('',(-0.00653483521362806,0.00300426327456535,0.0618321229663781));
#5448=CARTESIAN_POINT('',(-0.006535764994339,-3.57423213587171E-23,0.0614692683883408));
#5449=CARTESIAN_POINT('',(-0.00653430215700528,0.00300397308749332,0.0611064127150045));
#5450=CARTESIAN_POINT('',(-0.0106402261128888,0.00489156616267033,0.0608773429691491));
#5451=CARTESIAN_POINT('',(-0.0106638809272595,5.82015379652764E-23,0.0614681641290537));
#5452=CARTESIAN_POINT('',(-0.010638316408762,0.00489054091790149,0.0620588963073961));
#5453=CARTESIAN_POINT('',(-0.010219631460127,0.00560383491358714,0.0621451569291562));
#5454=CARTESIAN_POINT('',(-0.0106431271254421,0.00453259631524605,0.0634026524780925));
#5455=CARTESIAN_POINT('',(-0.010643012678107,0.00471519781489551,0.0629748074305386));
#5456=CARTESIAN_POINT('',(-0.0106428912811564,0.00483679991567375,0.0625209822357665));
#5457=CARTESIAN_POINT('',(-0.0106427677441666,0.0048925849134053,0.0620591568095983));
#5458=CARTESIAN_POINT('',(-0.0102200429288774,0.00519153200046817,0.0636839368912304));
#5459=CARTESIAN_POINT('',(-0.0102200429449741,0.00519150035387966,0.0636840110609812));
#5460=CARTESIAN_POINT('',(-0.00950495330064504,0.00655876132411626,0.0635180390266591));
#5461=CARTESIAN_POINT('',(-0.00961481649105668,0.00633518711877,0.0636015495380483));
#5462=CARTESIAN_POINT('',(-0.00984179634416844,0.00587674840364423,0.0637308905545166));
#5463=CARTESIAN_POINT('',(-0.0100867722645011,0.00541160858245903,0.0637509798674518));
#5464=CARTESIAN_POINT('',(-0.0102200429449741,0.00519150035387966,0.0636840110609811));
#5465=CARTESIAN_POINT('',(-0.00950495037516695,0.00655876611621721,0.0635180405249381));
#5466=CARTESIAN_POINT('',(-0.00950480454650333,0.0067048412175103,0.0629728808538112));
#5467=CARTESIAN_POINT('',(-0.00950485366375928,0.0066636417431473,0.0631564987135412));
#5468=CARTESIAN_POINT('',(-0.00950490232800467,0.00661489525944765,0.0633384230578481));
#5469=CARTESIAN_POINT('',(-0.00950495037516695,0.00655876611621721,0.0635180405249381));
#5470=CARTESIAN_POINT('',(-0.00950480454650333,0.0067048412175103,0.0629728808538111));
#5471=CARTESIAN_POINT('',(-0.0102196314601271,0.00560383491358717,0.0621451569291562));
#5472=CARTESIAN_POINT('',(-0.010086793355415,0.00582718661810742,0.0621971116842927));
#5473=CARTESIAN_POINT('',(-0.0098407772229537,0.00622174366602288,0.0624480038221126));
#5474=CARTESIAN_POINT('',(-0.00961452754282754,0.00655308398341114,0.0627888367183968));
#5475=CARTESIAN_POINT('',(-0.0095048075097295,0.00670483625565106,0.0629728797396954));
#5476=CARTESIAN_POINT('',(-0.00654882795813947,5.82015379652764E-23,0.0614692648940351));
#5477=CARTESIAN_POINT('',(-0.00627600747327709,0.00344139018217683,0.061885011923919));
#5478=CARTESIAN_POINT('',(-0.00611823422040751,0.00370673133309965,0.0619461881755682));
#5479=CARTESIAN_POINT('',(-0.00598111351771239,0.00391673844264256,0.0621549026599044));
#5480=CARTESIAN_POINT('',(-0.00585014405265157,0.00409935813751707,0.0623712720305169));
#5481=CARTESIAN_POINT('',(-0.0062760074732771,0.00344139018217683,0.061885011923919));
#5482=CARTESIAN_POINT('',(-0.00585014399582287,0.00409935818750199,0.0623712722576699));
#5483=CARTESIAN_POINT('',(-0.00585014399582287,0.00409935818750199,0.0623712722576699));
#5484=CARTESIAN_POINT('',(-0.00585072372311036,0.00407123403919132,0.0624947483428678));
#5485=CARTESIAN_POINT('',(-0.00585075614190517,0.00403844462226007,0.062617124316225));
#5486=CARTESIAN_POINT('',(-0.00585024206109141,0.00400105868483897,0.0627381314514298));
#5487=CARTESIAN_POINT('',(-0.00585024211803025,0.00400105852798266,0.0627381316231069));
#5488=CARTESIAN_POINT('',(-0.00585024211803025,0.00400105852798267,0.0627381316231069));
#5489=CARTESIAN_POINT('',(-0.00598116311781956,0.00373500739761671,0.0628340377755793));
#5490=CARTESIAN_POINT('',(-0.0061190836241517,0.00344754822890471,0.0629095256636489));
#5491=CARTESIAN_POINT('',(-0.00627625977714573,0.00318816819725995,0.0628300511531767));
#5492=CARTESIAN_POINT('',(-0.00627625977714574,0.00318816819725994,0.0628300511531767));
#5493=CARTESIAN_POINT('',(-0.00627625976845109,0.00318818598869189,0.0628300094561259));
#5494=CARTESIAN_POINT('',(-0.00636197987493052,0.00305286996807958,0.0627722545063247));
#5495=CARTESIAN_POINT('',(-0.00644769998135471,0.00291755394743674,0.0627144995565106));
#5496=CARTESIAN_POINT('',(-0.00653342008769426,0.00278223792674946,0.0626567446066775));
#5497=CARTESIAN_POINT('',(-0.00653586208130642,0.00300502859356316,0.0618322141763394));
#5498=CARTESIAN_POINT('',(-0.00653593773728009,0.00297121979286538,0.0621150432491739));
#5499=CARTESIAN_POINT('',(-0.0065360117020077,0.00289677774162346,0.0623915498396743));
#5500=CARTESIAN_POINT('',(-0.00653608277990857,0.00278353659289033,0.0626572644399432));
#5501=CARTESIAN_POINT('',(-0.00653316016862689,0.00300329210752903,0.0618320233764175));
#5502=CARTESIAN_POINT('',(-0.00644744261140389,0.00314932199855891,0.0618497093871738));
#5503=CARTESIAN_POINT('',(-0.00636172505405203,0.00329535188951519,0.0618673953979211));
#5504=CARTESIAN_POINT('',(-0.00627600749661566,0.00344138178042163,0.0618850814086625));
#5505=CARTESIAN_POINT('',(-0.00843746162294012,0.00424601636939004,0.0619816756236373));
#5506=CARTESIAN_POINT('',(-0.0103536330907776,0.00567731304973718,0.0621539969805939));
#5507=CARTESIAN_POINT('',(-0.0101812818224286,0.00558280637536053,0.0621426269912971));
#5508=CARTESIAN_POINT('',(-0.0098365984052327,0.00539380351054842,0.0621198882740145));
#5509=CARTESIAN_POINT('',(-0.00931943297893659,0.00511021930667795,0.0620857769989051));
#5510=CARTESIAN_POINT('',(-0.00880246675915166,0.00482674999741227,0.0620516663715178));
#5511=CARTESIAN_POINT('',(-0.00828515362717412,0.0045430832518313,0.062017549395024));
#5512=CARTESIAN_POINT('',(-0.00776813888801225,0.00425958709206146,0.0619834385662237));
#5513=CARTESIAN_POINT('',(-0.00725107011465809,0.00397605543246183,0.0619493329862026));
#5514=CARTESIAN_POINT('',(-0.00673395724586002,0.00369250252044523,0.0619152203669255));
#5515=CARTESIAN_POINT('',(-0.00638924757139102,0.0035034842973095,0.0618924817538546));
#5516=CARTESIAN_POINT('',(-0.00621688726475694,0.00340897218664919,0.0618811120865328));
#5517=CARTESIAN_POINT('',(-0.00843776449066008,0.003933604760845,0.0631475940218353));
#5518=CARTESIAN_POINT('',(-0.0103540494606905,0.00525957191625089,0.0637130267140046));
#5519=CARTESIAN_POINT('',(-0.0101816747755103,0.00517201039709891,0.0636757034682818));
#5520=CARTESIAN_POINT('',(-0.00983694452724968,0.00499689707228683,0.0636010611172285));
#5521=CARTESIAN_POINT('',(-0.00931979448157684,0.0047341992304293,0.0634890738712198));
#5522=CARTESIAN_POINT('',(-0.00880280183067328,0.00447158039291731,0.0633771379854964));
#5523=CARTESIAN_POINT('',(-0.0082854804517595,0.00420879663709518,0.0632651103787658));
#5524=CARTESIAN_POINT('',(-0.00776846388206239,0.00394616650968399,0.0631531641603882));
#5525=CARTESIAN_POINT('',(-0.00725134394604384,0.00368348387507471,0.0630411879947853));
#5526=CARTESIAN_POINT('',(-0.00673424935641291,0.00342081423236768,0.0629292184635812));
#5527=CARTESIAN_POINT('',(-0.00638947144126435,0.00324567659043365,0.0628545645839829));
#5528=CARTESIAN_POINT('',(-0.00621707701320774,0.00315810499061299,0.0628172364596742));
#5529=CARTESIAN_POINT('',(-0.00952714219759377,0.00657407224316253,0.0635228174118767));
#5530=CARTESIAN_POINT('',(-0.00938720157860221,0.00647750956585755,0.0634926811799437));
#5531=CARTESIAN_POINT('',(-0.00908762905881487,0.0062707964002224,0.0634281674812094));
#5532=CARTESIAN_POINT('',(-0.00862908843170818,0.00595438261719632,0.063329400623108));
#5533=CARTESIAN_POINT('',(-0.00814977468829698,0.00562362124176163,0.0632261955328105));
#5534=CARTESIAN_POINT('',(-0.00767134476165166,0.00529359635215448,0.0631231204123014));
#5535=CARTESIAN_POINT('',(-0.0071928728300697,0.00496297978559551,0.0630201732994503));
#5536=CARTESIAN_POINT('',(-0.00671335534827597,0.00463379088744337,0.0629165370594739));
#5537=CARTESIAN_POINT('',(-0.0062471899877422,0.00430592548452757,0.0628174788602271));
#5538=CARTESIAN_POINT('',(-0.00594786087557528,0.00407619162713887,0.0627576139570565));
#5539=CARTESIAN_POINT('',(-0.00580315450337561,0.00396484050110835,0.0627287295300181));
#5540=CARTESIAN_POINT('',(-0.00959861697950594,0.0064531584808717,0.0635722422976132));
#5541=CARTESIAN_POINT('',(-0.00945770710012625,0.00635843051481821,0.0635413943432514));
#5542=CARTESIAN_POINT('',(-0.00915603359011926,0.00615562617616213,0.0634753524271116));
#5543=CARTESIAN_POINT('',(-0.00869358442272672,0.00584469722861473,0.0633741235858688));
#5544=CARTESIAN_POINT('',(-0.00821126924949346,0.0055203494774566,0.0632685572782919));
#5545=CARTESIAN_POINT('',(-0.0077287326938114,0.00519612974896061,0.0631628896373462));
#5546=CARTESIAN_POINT('',(-0.00724676009664465,0.00487165951439485,0.0630574608846368));
#5547=CARTESIAN_POINT('',(-0.0067637289470638,0.00454841732947114,0.0629514456308749));
#5548=CARTESIAN_POINT('',(-0.00629376004816236,0.00422698190901139,0.0628495706363905));
#5549=CARTESIAN_POINT('',(-0.00599131733417435,0.00400222788107145,0.0627869601025009));
#5550=CARTESIAN_POINT('',(-0.00584509561514859,0.00389329701296747,0.062756734214467));
#5551=CARTESIAN_POINT('',(-0.00966208044015714,0.00634489944333643,0.0636104117771608));
#5552=CARTESIAN_POINT('',(-0.00952026529122742,0.00625178514510298,0.063579006638865));
#5553=CARTESIAN_POINT('',(-0.00921664242157434,0.00605242652102118,0.0635117702849679));
#5554=CARTESIAN_POINT('',(-0.00875090570756552,0.00574654117169946,0.0634086688934738));
#5555=CARTESIAN_POINT('',(-0.00826577147240308,0.00542785062259652,0.0633012395329702));
#5556=CARTESIAN_POINT('',(-0.00777973155823938,0.00510891357675076,0.0631936099678943));
#5557=CARTESIAN_POINT('',(-0.00729452663435882,0.00478991033217171,0.0630862309640566));
#5558=CARTESIAN_POINT('',(-0.00680845037836205,0.00447187107680566,0.0629784249360924));
#5559=CARTESIAN_POINT('',(-0.00633482479725821,0.00415666378896362,0.0628742032047504));
#5560=CARTESIAN_POINT('',(-0.0060302807789579,0.00393527830673793,0.0628098223176833));
#5561=CARTESIAN_POINT('',(-0.0058830469334427,0.00382796640705699,0.0627787366054073));
#5562=CARTESIAN_POINT('',(-0.00978786170353752,0.00612681507734952,0.0636749581429833));
#5563=CARTESIAN_POINT('',(-0.00964418254914924,0.00603689659709784,0.0636426031969068));
#5564=CARTESIAN_POINT('',(-0.00933657414966504,0.00584438189064972,0.0635733340041087));
#5565=CARTESIAN_POINT('',(-0.00886486361531799,0.00554904103404451,0.0634671323535319));
#5566=CARTESIAN_POINT('',(-0.00837322055374093,0.00524120708835689,0.0633564308346152));
#5567=CARTESIAN_POINT('',(-0.00788100562874538,0.00493330582948971,0.0632455874536533));
#5568=CARTESIAN_POINT('',(-0.00738938672218336,0.00462531180083252,0.0631349152351681));
#5569=CARTESIAN_POINT('',(-0.00689714476416572,0.00431790140425907,0.0630240154986732));
#5570=CARTESIAN_POINT('',(-0.00641667237685383,0.00401459969196567,0.0629160558711895));
#5571=CARTESIAN_POINT('',(-0.00610704122118606,0.00380163917912662,0.0628479881739784));
#5572=CARTESIAN_POINT('',(-0.00595733765850294,0.00369841197372586,0.0628151007284957));
#5573=CARTESIAN_POINT('',(-0.00985031177844378,0.00601677185914283,0.0637014971084507));
#5574=CARTESIAN_POINT('',(-0.00970569595852388,0.00592845319739,0.0636687510596373));
#5575=CARTESIAN_POINT('',(-0.00939608754861376,0.00573936792122985,0.0635986449779017));
#5576=CARTESIAN_POINT('',(-0.00892145167592641,0.00544940060584492,0.0634911716184445));
#5577=CARTESIAN_POINT('',(-0.00842667183218803,0.00514709557524876,0.0633791353093856));
#5578=CARTESIAN_POINT('',(-0.00793129015318443,0.00484468737522917,0.0632669620089424));
#5579=CARTESIAN_POINT('',(-0.00743652526419744,0.00454226053776174,0.0631549438099167));
#5580=CARTESIAN_POINT('',(-0.0069412010466876,0.00424031971558453,0.0630427378940698));
#5581=CARTESIAN_POINT('',(-0.00645748630328374,0.0039426630995171,0.0629333819251531));
#5582=CARTESIAN_POINT('',(-0.00614487458816082,0.00373481875759069,0.0628633623134547));
#5583=CARTESIAN_POINT('',(-0.00599371656937316,0.00363408737586027,0.0628295153331899));
#5584=CARTESIAN_POINT('',(-0.00997375581947927,0.00579598122217089,0.0637359277655531));
#5585=CARTESIAN_POINT('',(-0.00982737404220954,0.00571090370169931,0.0637026849546597));
#5586=CARTESIAN_POINT('',(-0.00951397187251821,0.00552875620555725,0.0636315128133562));
#5587=CARTESIAN_POINT('',(-0.00903317444958932,0.00524939309092562,0.0635223377108204));
#5588=CARTESIAN_POINT('',(-0.00853234481419513,0.00495840076241275,0.0634085881373918));
#5589=CARTESIAN_POINT('',(-0.00803071198352047,0.00466683875308398,0.063294689291135));
#5590=CARTESIAN_POINT('',(-0.00752979587179629,0.00437551350256469,0.0631809340242561));
#5591=CARTESIAN_POINT('',(-0.00702817709322674,0.00408503352711799,0.0630670156630708));
#5592=CARTESIAN_POINT('',(-0.00653897769422267,0.00379697424921429,0.0629559403686086));
#5593=CARTESIAN_POINT('',(-0.00621826890216926,0.00360365714943779,0.0628828225818216));
#5594=CARTESIAN_POINT('',(-0.00606312749065458,0.0035100748596475,0.0628474477692715));
#5595=CARTESIAN_POINT('',(-0.0100328567148254,0.00568880006075617,0.063746240554588));
#5596=CARTESIAN_POINT('',(-0.00988558883590523,0.00560527532426345,0.063712842756744));
#5597=CARTESIAN_POINT('',(-0.00957029879891698,0.00542645919031037,0.0636413403899904));
#5598=CARTESIAN_POINT('',(-0.00908685126881298,0.00515238906525669,0.0635317011734176));
#5599=CARTESIAN_POINT('',(-0.00858260396950955,0.00486659610825894,0.0634173641420999));
#5600=CARTESIAN_POINT('',(-0.00807846306492332,0.00458058831822093,0.0633030181035039));
#5601=CARTESIAN_POINT('',(-0.00757457695685784,0.00429455282822582,0.0631887338612316));
#5602=CARTESIAN_POINT('',(-0.00706972990584445,0.004009779658642,0.0630743161671236));
#5603=CARTESIAN_POINT('',(-0.00657844708870061,0.00372572561044006,0.0629626400177351));
#5604=CARTESIAN_POINT('',(-0.00625285654131885,0.00354123229808236,0.0628886523866699));
#5605=CARTESIAN_POINT('',(-0.00609530168678872,0.00345200999588396,0.062852849763214));
#5606=CARTESIAN_POINT('',(-0.0101266362750018,0.00551932982436065,0.0637469529837812));
#5607=CARTESIAN_POINT('',(-0.00997790292616867,0.00543824163655596,0.0637135281313387));
#5608=CARTESIAN_POINT('',(-0.00965950522354296,0.00526465828402401,0.0636419731366955));
#5609=CARTESIAN_POINT('',(-0.00917208388930809,0.00499904473298977,0.0635323937978884));
#5610=CARTESIAN_POINT('',(-0.00866252459696641,0.0047214699350241,0.0634179288025688));
#5611=CARTESIAN_POINT('',(-0.0081542400903522,0.0044442482917963,0.0633036286277319));
#5612=CARTESIAN_POINT('',(-0.00764557350264572,0.00416661671465738,0.0631892748975864));
#5613=CARTESIAN_POINT('',(-0.00713582101859196,0.00389056090315828,0.0630749170655959));
#5614=CARTESIAN_POINT('',(-0.00664049426859862,0.00361401987067357,0.0629628165401568));
#5615=CARTESIAN_POINT('',(-0.00630872394038709,0.00344064045074584,0.0628890132637779));
#5616=CARTESIAN_POINT('',(-0.00614812754062249,0.00335688582331274,0.0628533066513527));
#5617=CARTESIAN_POINT('',(-0.0101628888057608,0.00545427668688668,0.0637430871420987));
#5618=CARTESIAN_POINT('',(-0.0100136483026946,0.00537415579973868,0.0637097208556001));
#5619=CARTESIAN_POINT('',(-0.00969415761759161,0.0052026397558707,0.0636382906639702));
#5620=CARTESIAN_POINT('',(-0.00920486914760048,0.00494010015665814,0.0635288872236997));
#5621=CARTESIAN_POINT('',(-0.00869369658929599,0.00466589164625157,0.0634146467198209));
#5622=CARTESIAN_POINT('',(-0.00818342039643296,0.0043918503074177,0.0633005137752831));
#5623=CARTESIAN_POINT('',(-0.00767293350434294,0.00411754675636561,0.0631863393822748));
#5624=CARTESIAN_POINT('',(-0.00716148965393588,0.00384458649665193,0.0630722610488529));
#5625=CARTESIAN_POINT('',(-0.00666398801473325,0.00357192736319302,0.0629600442896999));
#5626=CARTESIAN_POINT('',(-0.00633109930502505,0.00340037135228682,0.0628869255855343));
#5627=CARTESIAN_POINT('',(-0.00616996643285958,0.00331748813717151,0.0628515613654124));
#5628=CARTESIAN_POINT('',(-0.0102305852312964,0.00533360075903917,0.0637269183982294));
#5629=CARTESIAN_POINT('',(-0.0100804298291787,0.005255298220851,0.0636938004455172));
#5630=CARTESIAN_POINT('',(-0.009758953275403,0.0050876600328999,0.0636228980997056));
#5631=CARTESIAN_POINT('',(-0.00926589927044941,0.00483066557071486,0.0635142026179698));
#5632=CARTESIAN_POINT('',(-0.00875196948810562,0.00456279372640042,0.0634008704102776));
#5633=CARTESIAN_POINT('',(-0.00823766986734971,0.00429459317794461,0.0632874636962281));
#5634=CARTESIAN_POINT('',(-0.00772385519367066,0.00402637747926816,0.0631740728212532));
#5635=CARTESIAN_POINT('',(-0.00720908357670368,0.00375948050171887,0.0630609549950874));
#5636=CARTESIAN_POINT('',(-0.00670811610597373,0.0034928594462984,0.0629490207816394));
#5637=CARTESIAN_POINT('',(-0.00637170664453562,0.00332742727828254,0.0628776110480242));
#5638=CARTESIAN_POINT('',(-0.0062088521875183,0.00324753841871692,0.0628430960342448));
#5639=CARTESIAN_POINT('',(-0.0102620195777861,0.00527778378182394,0.063714730063641));
#5640=CARTESIAN_POINT('',(-0.0101113926761632,0.00520030388155662,0.063681791036597));
#5641=CARTESIAN_POINT('',(-0.00978890531045369,0.00503442440844228,0.0636112711647399));
#5642=CARTESIAN_POINT('',(-0.00929426513761209,0.00478006042534471,0.0635031463963826));
#5643=CARTESIAN_POINT('',(-0.00877885763788591,0.00451501948119448,0.0633904467049284));
#5644=CARTESIAN_POINT('',(-0.00826281587163535,0.0042495706079961,0.0632776230210028));
#5645=CARTESIAN_POINT('',(-0.00774733665087994,0.0039842765661878,0.0631648559170878));
#5646=CARTESIAN_POINT('',(-0.00723128631153606,0.00371967279903651,0.0630522896120842));
#5647=CARTESIAN_POINT('',(-0.00672766584848116,0.00345768640401481,0.062941191788209));
#5648=CARTESIAN_POINT('',(-0.0063921473894465,0.00329076807253496,0.0628697603154264));
#5649=CARTESIAN_POINT('',(-0.00622976278921094,0.00321009347835692,0.0628352263678971));
#5650=CARTESIAN_POINT('',(-0.0102901373787504,0.00522710636607196,0.0636991882145701));
#5651=CARTESIAN_POINT('',(-0.0101390665719944,0.00515036662115619,0.0636664777419952));
#5652=CARTESIAN_POINT('',(-0.0098156378810442,0.00498607388852762,0.0635964472287638));
#5653=CARTESIAN_POINT('',(-0.00931979448157684,0.0047341992304293,0.0634890738712198));
#5654=CARTESIAN_POINT('',(-0.00880280183067328,0.00447158039291731,0.0633771379854964));
#5655=CARTESIAN_POINT('',(-0.0082854804517595,0.00420879663709518,0.0632651103787658));
#5656=CARTESIAN_POINT('',(-0.00776846388206239,0.00394616650968399,0.0631531641603882));
#5657=CARTESIAN_POINT('',(-0.00725134394604384,0.00368348387507471,0.0630411879947853));
#5658=CARTESIAN_POINT('',(-0.00674505646431819,0.00342630394204382,0.0629315585901849));
#5659=CARTESIAN_POINT('',(-0.00641108810826322,0.00325665725913425,0.0628592451884246));
#5660=CARTESIAN_POINT('',(-0.00624950206980784,0.00317457602225845,0.0628242573743756));
#5661=CARTESIAN_POINT('',(-0.00958634598265293,0.00661492458585198,0.0635355667827161));
#5662=CARTESIAN_POINT('',(-0.00942666899083089,0.00650474332001846,0.0635011803738498));
#5663=CARTESIAN_POINT('',(-0.00910733272068904,0.00628439301112743,0.0634324113707164));
#5664=CARTESIAN_POINT('',(-0.00862908836665684,0.00595438276485721,0.0633294004497871));
#5665=CARTESIAN_POINT('',(-0.0081497746233118,0.00562362138941952,0.0632261953594562));
#5666=CARTESIAN_POINT('',(-0.00767134469653929,0.00529359649981674,0.0631231202390485));
#5667=CARTESIAN_POINT('',(-0.00719287276494306,0.0049629799332024,0.0630201731261125));
#5668=CARTESIAN_POINT('',(-0.00671335528311934,0.00463379103496309,0.0629165368861523));
#5669=CARTESIAN_POINT('',(-0.00623723925310746,0.00429892708523784,0.0628153642110326));
#5670=CARTESIAN_POINT('',(-0.00592849478593605,0.00406130776772968,0.0627537446634153));
#5671=CARTESIAN_POINT('',(-0.00577411765359935,0.00394249433874492,0.0627229339119088));
#5672=CARTESIAN_POINT('',(-0.00952684673273117,0.00672038281746275,0.0629763625604793));
#5673=CARTESIAN_POINT('',(-0.00938696062946396,0.00662170713132151,0.0629542580724985));
#5674=CARTESIAN_POINT('',(-0.00908744228140914,0.00641042629525179,0.062906929305009));
#5675=CARTESIAN_POINT('',(-0.00862889536830524,0.00608695231458115,0.0628344833452853));
#5676=CARTESIAN_POINT('',(-0.00814960524539497,0.00574884795725969,0.0627587229041011));
#5677=CARTESIAN_POINT('',(-0.00767130569004624,0.00541151994750452,0.0626832353591958));
#5678=CARTESIAN_POINT('',(-0.00719266845480249,0.00507354401638852,0.0626072919955838));
#5679=CARTESIAN_POINT('',(-0.00671320350047973,0.00473660595461825,0.0625326959716968));
#5680=CARTESIAN_POINT('',(-0.00625594137993427,0.00440943790040797,0.0624562699617529));
#5681=CARTESIAN_POINT('',(-0.0059649762245264,0.00418733130437083,0.0623955223846624));
#5682=CARTESIAN_POINT('',(-0.00582883776521569,0.00408303952135156,0.0623667763713052));
#5683=CARTESIAN_POINT('',(-0.00952654840149213,0.00669119884409227,0.0630994335320891));
#5684=CARTESIAN_POINT('',(-0.00938674356296849,0.0065929909976948,0.063075588038498));
#5685=CARTESIAN_POINT('',(-0.00908737336027053,0.00638269984793411,0.0630245042345372));
#5686=CARTESIAN_POINT('',(-0.00862836829883772,0.00606042225559587,0.0629455871586933));
#5687=CARTESIAN_POINT('',(-0.00814957559124973,0.0057239088027492,0.062864572786513));
#5688=CARTESIAN_POINT('',(-0.00767079438392691,0.00538792770771877,0.0627819074348074));
#5689=CARTESIAN_POINT('',(-0.0071922876615985,0.00505141162684956,0.0627001663428235));
#5690=CARTESIAN_POINT('',(-0.00671279770502228,0.00471600571183876,0.0626189433241444));
#5691=CARTESIAN_POINT('',(-0.00625555361328927,0.00438999422813468,0.0625378131442799));
#5692=CARTESIAN_POINT('',(-0.00596461235897461,0.00416795813353319,0.0624775873758355));
#5693=CARTESIAN_POINT('',(-0.00582848541407333,0.00406368159250654,0.0624491792436945));
#5694=CARTESIAN_POINT('',(-0.00952630406572486,0.0066685945356338,0.0631905571082299));
#5695=CARTESIAN_POINT('',(-0.00938660639698204,0.00657078509099082,0.0631653966616864));
#5696=CARTESIAN_POINT('',(-0.00908742841632392,0.00636132305694594,0.0631114895701177));
#5697=CARTESIAN_POINT('',(-0.00862773094274093,0.00603968096684073,0.0630280444904693));
#5698=CARTESIAN_POINT('',(-0.00815010609121701,0.00570506371303311,0.0629426156478427));
#5699=CARTESIAN_POINT('',(-0.00767022990219901,0.00536949698974969,0.0628551939067801));
#5700=CARTESIAN_POINT('',(-0.00719202647080584,0.00503429204208453,0.0627689800254518));
#5701=CARTESIAN_POINT('',(-0.00671247033073882,0.00470002967398558,0.0626829075479698));
#5702=CARTESIAN_POINT('',(-0.00625525575595665,0.00437490759181315,0.0625983278970852));
#5703=CARTESIAN_POINT('',(-0.00596428044417588,0.00415283489489955,0.0625385277567033));
#5704=CARTESIAN_POINT('',(-0.00582813615526325,0.00404852516085106,0.062510388649898));
#5705=CARTESIAN_POINT('',(-0.00952638637923822,0.00663620777472719,0.0633113910511981));
#5706=CARTESIAN_POINT('',(-0.00938668737049514,0.00653890345758254,0.063284345609268));
#5707=CARTESIAN_POINT('',(-0.00908750753258101,0.00633051123773279,0.0632264489644312));
#5708=CARTESIAN_POINT('',(-0.00862783402246554,0.0060101958606202,0.0631381285061709));
#5709=CARTESIAN_POINT('',(-0.00815010785614037,0.00567756636313886,0.0630450239591736));
#5710=CARTESIAN_POINT('',(-0.00767025903185339,0.00534320279787524,0.0629531950905611));
#5711=CARTESIAN_POINT('',(-0.00719208631934398,0.00500975999410495,0.0628605017810725));
#5712=CARTESIAN_POINT('',(-0.0067125195266438,0.00467717619956558,0.0627681498061256));
#5713=CARTESIAN_POINT('',(-0.00625529009010305,0.00435325320106305,0.0626790626712108));
#5714=CARTESIAN_POINT('',(-0.00596431961406338,0.00413099446395815,0.0626199602324008));
#5715=CARTESIAN_POINT('',(-0.00582817796884678,0.00402657237750247,0.0625922426575669));
#5716=CARTESIAN_POINT('',(-0.00952660580189899,0.00660996830161458,0.0634024243297867));
#5717=CARTESIAN_POINT('',(-0.00938679037540056,0.00651297653699836,0.0633740175382311));
#5718=CARTESIAN_POINT('',(-0.00908740142434194,0.00630527938425427,0.063313214255669));
#5719=CARTESIAN_POINT('',(-0.0086284715650147,0.00598671273003046,0.0632206618573171));
#5720=CARTESIAN_POINT('',(-0.00814968802305773,0.00565471318092707,0.0631228359792439));
#5721=CARTESIAN_POINT('',(-0.00767081920170009,0.0053223206196352,0.063026561562281));
#5722=CARTESIAN_POINT('',(-0.00719241652373205,0.00499003157521075,0.06292933917836));
#5723=CARTESIAN_POINT('',(-0.00671289891800166,0.00465888721100975,0.0628321559703217));
#5724=CARTESIAN_POINT('',(-0.00625560768856291,0.00433590751024543,0.0627395952949854));
#5725=CARTESIAN_POINT('',(-0.00596466364817818,0.00411346219308442,0.0626808829891262));
#5726=CARTESIAN_POINT('',(-0.00582853612525068,0.00400893182738593,0.0626534172938758));
#5727=CARTESIAN_POINT('',(-0.0095269835890322,0.00657396299166533,0.0635227830962035));
#5728=CARTESIAN_POINT('',(-0.00938709582689013,0.0064774367868593,0.0634926582467641));
#5729=CARTESIAN_POINT('',(-0.00908757622825283,0.00627076013730605,0.0634281559425801));
#5730=CARTESIAN_POINT('',(-0.00862908836665684,0.00595438276485721,0.0633294004497871));
#5731=CARTESIAN_POINT('',(-0.0081497746233118,0.00562362138941952,0.0632261953594562));
#5732=CARTESIAN_POINT('',(-0.00767134469653929,0.00529359649981674,0.0631231202390485));
#5733=CARTESIAN_POINT('',(-0.00719287276494306,0.0049629799332024,0.0630201731261125));
#5734=CARTESIAN_POINT('',(-0.00671335528311934,0.00463379103496309,0.0629165368861523));
#5735=CARTESIAN_POINT('',(-0.00625602349723322,0.00431213849964958,0.0628193557847426));
#5736=CARTESIAN_POINT('',(-0.00596506702600636,0.00408938119022415,0.0627610581460973));
#5737=CARTESIAN_POINT('',(-0.00582893404354612,0.00398467400905352,0.062733875924151));
#5738=CARTESIAN_POINT('',(-0.00958620844427408,0.00676225648405577,0.062985742539079));
#5739=CARTESIAN_POINT('',(-0.00942653351949427,0.00664962179923356,0.0629605110320388));
#5740=CARTESIAN_POINT('',(-0.00910720138320761,0.00642436492453108,0.0629100508169736));
#5741=CARTESIAN_POINT('',(-0.00862889543330036,0.00608695227334298,0.0628344831213851));
#5742=CARTESIAN_POINT('',(-0.0081496053103444,0.00574884791606653,0.0627587226801753));
#5743=CARTESIAN_POINT('',(-0.0076713057550425,0.00541151990633575,0.0626832351352088));
#5744=CARTESIAN_POINT('',(-0.00719266851989938,0.00507354397521701,0.0626072917716986));
#5745=CARTESIAN_POINT('',(-0.00671320356559982,0.00473660591356003,0.0625326957478284));
#5746=CARTESIAN_POINT('',(-0.00623716006238922,0.00439599990267036,0.0624531306494965));
#5747=CARTESIAN_POINT('',(-0.00592840274317984,0.00415935652355835,0.0623878371573392));
#5748=CARTESIAN_POINT('',(-0.00577401918462023,0.00404103107925658,0.0623551893752693));
#5749=CARTESIAN_POINT('',(-0.0102897259442412,0.00564227035984421,0.0621497810368963));
#5750=CARTESIAN_POINT('',(-0.0101386767090913,0.00555944438378935,0.0621398163532947));
#5751=CARTESIAN_POINT('',(-0.00981528988498645,0.00538211912593484,0.0621184828034255));
#5752=CARTESIAN_POINT('',(-0.00931943297893659,0.00511021930667795,0.0620857769989051));
#5753=CARTESIAN_POINT('',(-0.00880246675915166,0.00482674999741227,0.0620516663715178));
#5754=CARTESIAN_POINT('',(-0.00828515362717412,0.0045430832518313,0.062017549395024));
#5755=CARTESIAN_POINT('',(-0.00776813888801225,0.00425958709206146,0.0619834385662237));
#5756=CARTESIAN_POINT('',(-0.00725107011465809,0.00397605543246183,0.0619493329862026));
#5757=CARTESIAN_POINT('',(-0.00674441512178062,0.00369823697678875,0.061915910246372));
#5758=CARTESIAN_POINT('',(-0.00641016089090416,0.00351495191365011,0.0618938612921587));
#5759=CARTESIAN_POINT('',(-0.00624825719010916,0.00342617358242396,0.0618831813890991));
#5760=CARTESIAN_POINT('',(-0.0102651127967657,0.00568748340471881,0.062160191129344));
#5761=CARTESIAN_POINT('',(-0.0101144405975722,0.0056040148116498,0.0621500802076105));
#5762=CARTESIAN_POINT('',(-0.00979185481535113,0.0054253105902963,0.0621284322466479));
#5763=CARTESIAN_POINT('',(-0.00929706239076614,0.0051512124355706,0.0620952091791737));
#5764=CARTESIAN_POINT('',(-0.00878167380750057,0.00486517391078582,0.0620605240794315));
#5765=CARTESIAN_POINT('',(-0.00826463441079758,0.00458069202075046,0.0620262015936584));
#5766=CARTESIAN_POINT('',(-0.00775202198533435,0.0042892484112615,0.0619902646074681));
#5767=CARTESIAN_POINT('',(-0.00722468570568281,0.00402455324209365,0.0619604955815513));
#5768=CARTESIAN_POINT('',(-0.00673040331239096,0.00372398043607218,0.0619218270982933));
#5769=CARTESIAN_POINT('',(-0.00639601361727687,0.00354093846228204,0.0618998047716997));
#5770=CARTESIAN_POINT('',(-0.0062339261764441,0.00345249503338799,0.0618891874104438));
#5771=CARTESIAN_POINT('',(-0.0102380271738746,0.00573476067449546,0.0621747403960544));
#5772=CARTESIAN_POINT('',(-0.0100877524788451,0.00565060958594821,0.0621644214442251));
#5773=CARTESIAN_POINT('',(-0.00976601927430308,0.00547044302102204,0.0621423271151145));
#5774=CARTESIAN_POINT('',(-0.00927257519006966,0.00519407171092937,0.0621083933629601));
#5775=CARTESIAN_POINT('',(-0.00875855684966927,0.00490552064619581,0.0620729410267054));
#5776=CARTESIAN_POINT('',(-0.00824266811950881,0.00461921952340655,0.0620380748565769));
#5777=CARTESIAN_POINT('',(-0.00773266721135068,0.00432353716036133,0.0620007287512886));
#5778=CARTESIAN_POINT('',(-0.0072021904680097,0.00406333122123067,0.0619726969756647));
#5779=CARTESIAN_POINT('',(-0.00671365305979315,0.00375367224133037,0.0619308813931019));
#5780=CARTESIAN_POINT('',(-0.0063799994346298,0.0035692706323943,0.0619084203565925));
#5781=CARTESIAN_POINT('',(-0.00621822505070072,0.00348023461039855,0.0618976138067275));
#5782=CARTESIAN_POINT('',(-0.0101798939789567,0.00583235839953792,0.0622126968578411));
#5783=CARTESIAN_POINT('',(-0.0100303735424821,0.00574674249379368,0.0622018175207546));
#5784=CARTESIAN_POINT('',(-0.00971028567902032,0.00556344989700657,0.0621785250897717));
#5785=CARTESIAN_POINT('',(-0.00922017483288136,0.00528255217855738,0.0621427979999108));
#5786=CARTESIAN_POINT('',(-0.00870857024546451,0.00498895728039117,0.0621053435903982));
#5787=CARTESIAN_POINT('',(-0.00819613560699604,0.00469775486766469,0.0620688616696605));
#5788=CARTESIAN_POINT('',(-0.00768880112141878,0.00439798739987157,0.0620286926071067));
#5789=CARTESIAN_POINT('',(-0.00716212935423072,0.0041295875421277,0.0620020201891723));
#5790=CARTESIAN_POINT('',(-0.00667575581730267,0.00381806690339833,0.0619550619070827));
#5791=CARTESIAN_POINT('',(-0.00634483574295598,0.00362900917907356,0.0619310769117435));
#5792=CARTESIAN_POINT('',(-0.00618440400816627,0.00353766906317017,0.0619195588007533));
#5793=CARTESIAN_POINT('',(-0.0101488594345499,0.00588275829739185,0.062236243036574));
#5794=CARTESIAN_POINT('',(-0.00999970978973026,0.00579636049674259,0.0622250095536641));
#5795=CARTESIAN_POINT('',(-0.00968043978941891,0.00561140660594792,0.0622009619566258));
#5796=CARTESIAN_POINT('',(-0.00919222081247613,0.00532829861557783,0.0621641576077429));
#5797=CARTESIAN_POINT('',(-0.00868187748917735,0.00503190743800382,0.0621253962148036));
#5798=CARTESIAN_POINT('',(-0.00817104944769949,0.00473865478162263,0.0620880931094535));
#5799=CARTESIAN_POINT('',(-0.00766612619084259,0.00443504697222053,0.062045510245803));
#5800=CARTESIAN_POINT('',(-0.00713762103731631,0.00416886185014158,0.0620221670455531));
#5801=CARTESIAN_POINT('',(-0.00665614587652673,0.00385016850127225,0.0619696179653071));
#5802=CARTESIAN_POINT('',(-0.0063263050509272,0.0036593620563092,0.0619449266798823));
#5803=CARTESIAN_POINT('',(-0.00616636543569273,0.00356721737589881,0.0619331089124387));
#5804=CARTESIAN_POINT('',(-0.0100670437876819,0.00601247457769914,0.062306472968331));
#5805=CARTESIAN_POINT('',(-0.00991915510755588,0.0059242004194984,0.0622942169644132));
#5806=CARTESIAN_POINT('',(-0.00960256682601703,0.00573521956873095,0.0622679775979871));
#5807=CARTESIAN_POINT('',(-0.00911798381143177,0.00544567679993096,0.0622277430745367));
#5808=CARTESIAN_POINT('',(-0.0086119438051741,0.00514305059769254,0.0621854883109576));
#5809=CARTESIAN_POINT('',(-0.00810528386881702,0.00484259560896092,0.0621446251093254));
#5810=CARTESIAN_POINT('',(-0.00760343691063986,0.00453455106815077,0.0620985256176652));
#5811=CARTESIAN_POINT('',(-0.00708303261034561,0.00425423378928472,0.0620716104386371));
#5812=CARTESIAN_POINT('',(-0.00660194624977658,0.00393623339100852,0.062015415384966));
#5813=CARTESIAN_POINT('',(-0.00627629514582175,0.00373884468314112,0.0619871785189097));
#5814=CARTESIAN_POINT('',(-0.00611844090897991,0.00364341152433236,0.0619736271366247));
#5815=CARTESIAN_POINT('',(-0.0100147787596915,0.00609198745400751,0.0623588833554656));
#5816=CARTESIAN_POINT('',(-0.00986780431215244,0.00600260804085487,0.062345870335719));
#5817=CARTESIAN_POINT('',(-0.00955313001078126,0.00581124090528329,0.062318005784516));
#5818=CARTESIAN_POINT('',(-0.00907033116122044,0.00551750804355565,0.0622751608532369));
#5819=CARTESIAN_POINT('',(-0.00856749672256589,0.00521135170188333,0.0622304266434534));
#5820=CARTESIAN_POINT('',(-0.00806323602037874,0.00490602056376861,0.0621865252422908));
#5821=CARTESIAN_POINT('',(-0.00756275648387472,0.00459617840797742,0.0621390507511128));
#5822=CARTESIAN_POINT('',(-0.00704997906260552,0.00430401330688329,0.0621049463223502));
#5823=CARTESIAN_POINT('',(-0.00656674607109082,0.00398951415554586,0.0620503902990512));
#5824=CARTESIAN_POINT('',(-0.00624403317128952,0.00378774928012534,0.0620190098662007));
#5825=CARTESIAN_POINT('',(-0.00608766410722631,0.0036901012463348,0.062003875682727));
#5826=CARTESIAN_POINT('',(-0.0099123167478918,0.00624056158634818,0.0624706044789652));
#5827=CARTESIAN_POINT('',(-0.00976683010157192,0.00614896394751807,0.0624559335090462));
#5828=CARTESIAN_POINT('',(-0.00945534544845485,0.00595285544758609,0.0624245229379016));
#5829=CARTESIAN_POINT('',(-0.00897755313762965,0.00565205740970202,0.062376334963809));
#5830=CARTESIAN_POINT('',(-0.00847976804744132,0.00533866613795569,0.06232614964541));
#5831=CARTESIAN_POINT('',(-0.00798125011219211,0.00502476433289529,0.0622758530254618));
#5832=CARTESIAN_POINT('',(-0.00748323776483653,0.0047114211734936,0.0622256786571771));
#5833=CARTESIAN_POINT('',(-0.0069853715758432,0.00439726181231182,0.062175310049644));
#5834=CARTESIAN_POINT('',(-0.00649799579913976,0.00408916826491896,0.0621251238805767));
#5835=CARTESIAN_POINT('',(-0.0061809503885055,0.00387941235525743,0.0620870906939657));
#5836=CARTESIAN_POINT('',(-0.0060274460880004,0.00377771976804902,0.0620685983533737));
#5837=CARTESIAN_POINT('',(-0.00986332820127418,0.00630818389719202,0.062528351883161));
#5838=CARTESIAN_POINT('',(-0.00971853040818885,0.00621556584585187,0.062512821996951));
#5839=CARTESIAN_POINT('',(-0.00940853047825998,0.00601728038538327,0.062479575307245));
#5840=CARTESIAN_POINT('',(-0.0089332784454481,0.00571334822179678,0.0624286454283786));
#5841=CARTESIAN_POINT('',(-0.00843764845841186,0.00539649542649767,0.0623755971218938));
#5842=CARTESIAN_POINT('',(-0.00794206782347934,0.00507892270254747,0.062322073417968));
#5843=CARTESIAN_POINT('',(-0.00744541290272906,0.00476361291871866,0.0622703317266085));
#5844=CARTESIAN_POINT('',(-0.00695389420577123,0.00444076473839093,0.0622121816560051));
#5845=CARTESIAN_POINT('',(-0.00646530882584623,0.00413430863604276,0.0621636358182631));
#5846=CARTESIAN_POINT('',(-0.00615083783059525,0.00392116616989435,0.0621223081158277));
#5847=CARTESIAN_POINT('',(-0.00599862851475213,0.00381776963972,0.0621021576973972));
#5848=CARTESIAN_POINT('',(-0.00972151955456997,0.00649536888809382,0.0627040524195958));
#5849=CARTESIAN_POINT('',(-0.0095788394969134,0.00640001514865615,0.0626859421127347));
#5850=CARTESIAN_POINT('',(-0.00927336300810105,0.0061958687366437,0.0626471707507561));
#5851=CARTESIAN_POINT('',(-0.008804768190539,0.00588284317512019,0.0625877656293997));
#5852=CARTESIAN_POINT('',(-0.00831634704621706,0.0055566986733892,0.062525975269512));
#5853=CARTESIAN_POINT('',(-0.00782802387320369,0.00522946860062924,0.0624633149039286));
#5854=CARTESIAN_POINT('',(-0.0073377505812543,0.00490556424558408,0.0624038373307775));
#5855=CARTESIAN_POINT('',(-0.00685602187953112,0.00457037659275111,0.0623329090221123));
#5856=CARTESIAN_POINT('',(-0.00637223182733621,0.00425718596483473,0.0622788886258896));
#5857=CARTESIAN_POINT('',(-0.00606438062021469,0.00403604067995997,0.0622285482004158));
#5858=CARTESIAN_POINT('',(-0.00591542695035378,0.0039287171251838,0.0622039553778624));
#5859=CARTESIAN_POINT('',(-0.00963236020860386,0.00660256303232034,0.0628240822819917));
#5860=CARTESIAN_POINT('',(-0.00949098946023013,0.00650565039575452,0.0628042173445992));
#5861=CARTESIAN_POINT('',(-0.00918831606892665,0.00629816469877926,0.0627616891281945));
#5862=CARTESIAN_POINT('',(-0.00872401796688347,0.00597997153083556,0.0626965155159357));
#5863=CARTESIAN_POINT('',(-0.00824026053173949,0.00564831653056875,0.0626285195216255));
#5864=CARTESIAN_POINT('',(-0.00775585484556486,0.00531635102177511,0.0625605252133653));
#5865=CARTESIAN_POINT('',(-0.00727208716349485,0.00498462931061046,0.0624924859846214));
#5866=CARTESIAN_POINT('',(-0.00678769439761114,0.00465319931277063,0.0624249050543407));
#5867=CARTESIAN_POINT('',(-0.00631545167332893,0.00432573138090137,0.0623554975561702));
#5868=CARTESIAN_POINT('',(-0.00601082059453059,0.00410133534657785,0.0623002926480989));
#5869=CARTESIAN_POINT('',(-0.00586336406125629,0.00399252502565868,0.0622734188613332));
#5870=CARTESIAN_POINT('',(-0.00952700189295762,0.00672049218046894,0.0629763868443566));
#5871=CARTESIAN_POINT('',(-0.00938706408321084,0.00662178002077311,0.0629542741856579));
#5872=CARTESIAN_POINT('',(-0.00908749397142161,0.0064104626720919,0.0629069372372764));
#5873=CARTESIAN_POINT('',(-0.00862889543330036,0.00608695227334298,0.0628344831213851));
#5874=CARTESIAN_POINT('',(-0.0081496053103444,0.00574884791606653,0.0627587226801753));
#5875=CARTESIAN_POINT('',(-0.0076713057550425,0.00541151990633575,0.0626832351352088));
#5876=CARTESIAN_POINT('',(-0.00719266851989938,0.00507354397521701,0.0626072917716986));
#5877=CARTESIAN_POINT('',(-0.00671320356559982,0.00473660591356003,0.0625326957478284));
#5878=CARTESIAN_POINT('',(-0.00624678736851478,0.00440288817719343,0.0624547397410047));
#5879=CARTESIAN_POINT('',(-0.00594714274774487,0.0041737046994965,0.0623917871942037));
#5880=CARTESIAN_POINT('',(-0.0058021177841451,0.00406256601443278,0.0623611306535904));
#5881=CARTESIAN_POINT('',(-0.006535764994339,-3.57423213587171E-23,0.0614692683883408));
#5882=CARTESIAN_POINT('',(-0.0106426096568252,-5.82015379652282E-23,0.0614681698190581));
#5883=CARTESIAN_POINT('',(-0.0106398666641211,0.00453164871353796,0.0595340922293186));
#5884=CARTESIAN_POINT('',(-0.0106395930644704,0.00394078506467183,0.0585106869356171));
#5885=CARTESIAN_POINT('',(-0.0106398667684501,0.00453164273519768,0.059534078815317));
#5886=CARTESIAN_POINT('',(-0.00927140139517422,0.0039487959643112,0.0597831980367494));
#5887=CARTESIAN_POINT('',(-0.00790293602189932,0.00336594919342272,0.0600323172581827));
#5888=CARTESIAN_POINT('',(-0.00653447064863055,0.00278310242252207,0.0602814364796212));
#5889=CARTESIAN_POINT('',(-0.00653442039378727,0.00278319547360102,0.06028137812406));
#5890=CARTESIAN_POINT('',(-0.006535764994339,-3.57423213587171E-23,0.0614692683883408));
#5891=CARTESIAN_POINT('',(-0.00653391338385608,0.00242008898022445,0.0596530397162611));
#5892=CARTESIAN_POINT('',(-0.0106395930468546,0.00394080682798377,0.0585107158437244));
#5893=CARTESIAN_POINT('',(-0.0106638809272595,-6.93883570236926E-18,0.0614681641290537));
#5894=CARTESIAN_POINT('',(-0.0106376411355737,0.00453069533253597,0.0595344837527058));
#5895=CARTESIAN_POINT('',(-0.0102188576975041,0.00519150036398816,0.0592525556629963));
#5896=CARTESIAN_POINT('',(-0.0106424515694945,0.00489258491822534,0.0608771828684215));
#5897=CARTESIAN_POINT('',(-0.0106423280325046,0.0048367999242604,0.0604153574417983));
#5898=CARTESIAN_POINT('',(-0.0106422066355537,0.00471519782718352,0.0599615322460344));
#5899=CARTESIAN_POINT('',(-0.0106420921882183,0.00453259633102353,0.0595336871969913));
#5900=CARTESIAN_POINT('',(-0.0102192691646562,0.00560382557571655,0.0607913296501765));
#5901=CARTESIAN_POINT('',(-0.0102192691823275,0.00560383525384315,0.0607914097063585));
#5902=CARTESIAN_POINT('',(-0.00950400262372325,0.00670483633125801,0.0599640688733219));
#5903=CARTESIAN_POINT('',(-0.00961389272297827,0.00655298533804314,0.0601481742598849));
#5904=CARTESIAN_POINT('',(-0.00984092925413874,0.0062206666288182,0.0604893980820362));
#5905=CARTESIAN_POINT('',(-0.010085966663954,0.00582792114864862,0.0607393570604438));
#5906=CARTESIAN_POINT('',(-0.0102192691823275,0.00560383525384314,0.0607914097063585));
#5907=CARTESIAN_POINT('',(-0.00950399969755056,0.00670484123008737,0.0599640677749241));
#5908=CARTESIAN_POINT('',(-0.0095038538688866,0.00655876613335189,0.0594189081025759));
#5909=CARTESIAN_POINT('',(-0.00950390191604901,0.0066148952750807,0.0595985255701352));
#5910=CARTESIAN_POINT('',(-0.00950395058029451,0.00666364175725944,0.0597804499148496));
#5911=CARTESIAN_POINT('',(-0.00950399969755056,0.00670484123008736,0.0599640677749241));
#5912=CARTESIAN_POINT('',(-0.0095038538688866,0.0065587661333519,0.0594189081025759));
#5913=CARTESIAN_POINT('',(-0.0102188576975041,0.0051915003639882,0.0592525556629963));
#5914=CARTESIAN_POINT('',(-0.0100859878591481,0.00541088822381296,0.0591858787136537));
#5915=CARTESIAN_POINT('',(-0.00983990996617461,0.00587799781066457,0.0592058879808033));
#5916=CARTESIAN_POINT('',(-0.00961360375721362,0.00633533312429353,0.0593353958862269));
#5917=CARTESIAN_POINT('',(-0.00950385683281631,0.00655876127959425,0.0594189096185467));
#5918=CARTESIAN_POINT('',(-0.00654882795813947,5.82015379652764E-23,0.0614692648940351));
#5919=CARTESIAN_POINT('',(-0.00627553229539152,0.00318816834025318,0.0601086271352134));
#5920=CARTESIAN_POINT('',(-0.00611772136260992,0.00344852754040417,0.0600289424073707));
#5921=CARTESIAN_POINT('',(-0.00598056509320533,0.00373473793097964,0.0601046958180375));
#5922=CARTESIAN_POINT('',(-0.00584956345006921,0.00400105839042867,0.0602007720411529));
#5923=CARTESIAN_POINT('',(-0.00627553229539152,0.00318816834025318,0.0601086271352134));
#5924=CARTESIAN_POINT('',(-0.00584956339322569,0.00400105854728574,0.0602007722128827));
#5925=CARTESIAN_POINT('',(-0.00584956339322569,0.00400105854728574,0.0602007722128827));
#5926=CARTESIAN_POINT('',(-0.00585014245695849,0.00403844043831672,0.0603217676934837));
#5927=CARTESIAN_POINT('',(-0.0058501748756025,0.00407123195910444,0.0604441431031144));
#5928=CARTESIAN_POINT('',(-0.00584966145847744,0.00409935828423359,0.0605676313438662));
#5929=CARTESIAN_POINT('',(-0.0058496615154311,0.00409935823423826,0.0605676315709691));
#5930=CARTESIAN_POINT('',(-0.0058496615154311,0.00409935823423826,0.0605676315709691));
#5931=CARTESIAN_POINT('',(-0.00598061466085734,0.00391692178165349,0.060783709604809));
#5932=CARTESIAN_POINT('',(-0.00611857090780003,0.00370573722835384,0.0609928086707225));
#5933=CARTESIAN_POINT('',(-0.00627578459919029,0.00344139129998705,0.0610536661032696));
#5934=CARTESIAN_POINT('',(-0.0062757845991903,0.00344139129998704,0.0610536661032696));
#5935=CARTESIAN_POINT('',(-0.0062757845896104,0.00344138585929324,0.0610536210968485));
#5936=CARTESIAN_POINT('',(-0.00636152486340459,0.00329533273897866,0.0610712587784365));
#5937=CARTESIAN_POINT('',(-0.00644726513714355,0.00314927961863112,0.0610888964600284));
#5938=CARTESIAN_POINT('',(-0.00653300541079786,0.00300322649823562,0.0611065341416261));
#5939=CARTESIAN_POINT('',(-0.00653544715582669,0.00278390400161621,0.0602810744179186));
#5940=CARTESIAN_POINT('',(-0.00653551719770076,0.00289603926281713,0.0605429159796661));
#5941=CARTESIAN_POINT('',(-0.00653559120955213,0.00296982385552836,0.0608195987356426));
#5942=CARTESIAN_POINT('',(-0.00653566791066222,0.00300461144885948,0.0611063349019727));
#5943=CARTESIAN_POINT('',(-0.00653274548226345,0.00278230439926284,0.060281777520154));
#5944=CARTESIAN_POINT('',(-0.00644700776074424,0.00291760153506717,0.0602240821839578));
#5945=CARTESIAN_POINT('',(-0.00636127003909619,0.0030528986708033,0.0601663868477908));
#5946=CARTESIAN_POINT('',(-0.00627553231736363,0.00318819580649327,0.0601086915116435));
#5947=CARTESIAN_POINT('',(-0.00843687534251131,0.00393361599847264,0.0597899498146992));
#5948=CARTESIAN_POINT('',(-0.0103528491824659,0.00525957224460472,0.0592234675031098));
#5949=CARTESIAN_POINT('',(-0.0101805109633778,0.00517201901758582,0.0592608803156207));
#5950=CARTESIAN_POINT('',(-0.00983585364325615,0.00499692227612002,0.0593357017903143));
#5951=CARTESIAN_POINT('',(-0.00931872737337482,0.00473420634437285,0.0594479711901315));
#5952=CARTESIAN_POINT('',(-0.00880180029461256,0.00447159026477683,0.0595601836964531));
#5953=CARTESIAN_POINT('',(-0.00828452633029538,0.00420879997936401,0.0596724894348738));
#5954=CARTESIAN_POINT('',(-0.00776755073575508,0.00394616053935342,0.0597847151937571));
#5955=CARTESIAN_POINT('',(-0.00725052111158295,0.00368349297275085,0.0598969632500672));
#5956=CARTESIAN_POINT('',(-0.00673344739506209,0.00342080347548973,0.0600092158379911));
#5957=CARTESIAN_POINT('',(-0.00638876381971802,0.00324569348191956,0.0600840450830372));
#5958=CARTESIAN_POINT('',(-0.00621641656306051,0.00315813570671951,0.0601214608928523));
#5959=CARTESIAN_POINT('',(-0.00843717821086053,0.00424601882778585,0.0609558705652852));
#5960=CARTESIAN_POINT('',(-0.010353265552427,0.00567731270530512,0.0607824974167929));
#5961=CARTESIAN_POINT('',(-0.0101809039177115,0.00558279752826328,0.0607939614730303));
#5962=CARTESIAN_POINT('',(-0.00983619976893255,0.00539377765906399,0.0608168883137589));
#5963=CARTESIAN_POINT('',(-0.00931908887705832,0.00511021186541329,0.0608512719625024));
#5964=CARTESIAN_POINT('',(-0.00880213536754451,0.00482674019272582,0.0608856605827461));
#5965=CARTESIAN_POINT('',(-0.00828485315536829,0.00454307979212342,0.0609200522411997));
#5966=CARTESIAN_POINT('',(-0.00776787572894147,0.00425959317257046,0.0609544375589089));
#5967=CARTESIAN_POINT('',(-0.0072507949442902,0.00397604609301288,0.0609888231988624));
#5968=CARTESIAN_POINT('',(-0.00673373950405089,0.00369251358536202,0.0610232080875147));
#5969=CARTESIAN_POINT('',(-0.00638898769205,0.00350346688626967,0.0610461371044992));
#5970=CARTESIAN_POINT('',(-0.0062166063159814,0.00340894053717923,0.0610576019767989));
#5971=CARTESIAN_POINT('',(-0.00952618930139874,0.006720488136364,0.0599605508219042));
#5972=CARTESIAN_POINT('',(-0.00938626267888612,0.00662177557247467,0.059982738431279));
#5973=CARTESIAN_POINT('',(-0.0090867201215924,0.00641045980412722,0.0600302352438109));
#5974=CARTESIAN_POINT('',(-0.00862822535836315,0.0060869926734797,0.0601029239536461));
#5975=CARTESIAN_POINT('',(-0.00814895955705516,0.00574887826892984,0.06017894358202));
#5976=CARTESIAN_POINT('',(-0.00767057746934279,0.00541146678291726,0.060254707492959));
#5977=CARTESIAN_POINT('',(-0.00719215345124264,0.00507360688784218,0.0603308781017536));
#5978=CARTESIAN_POINT('',(-0.00671268371668892,0.00473663868648441,0.060405738112237));
#5979=CARTESIAN_POINT('',(-0.00624656576218457,0.0044031074717332,0.0604839005962302));
#5980=CARTESIAN_POINT('',(-0.00594726952489094,0.00417417962976859,0.0605469337206035));
#5981=CARTESIAN_POINT('',(-0.0058025790822879,0.00406328515861258,0.0605775998197221));
#5982=CARTESIAN_POINT('',(-0.0095976784833889,0.00664049574818734,0.0600638083464869));
#5983=CARTESIAN_POINT('',(-0.00945678238061401,0.00654301610001154,0.0600844622652944));
#5984=CARTESIAN_POINT('',(-0.00915513836508873,0.00633432108544708,0.0601286812645911));
#5985=CARTESIAN_POINT('',(-0.00869273441625429,0.00601437244737134,0.060196495556891));
#5986=CARTESIAN_POINT('',(-0.00821046641196077,0.00568063139434086,0.0602672636066357));
#5987=CARTESIAN_POINT('',(-0.0077279770117293,0.00534695051589591,0.0603378798957128));
#5988=CARTESIAN_POINT('',(-0.00724605159495132,0.00501317221237326,0.0604088283008928));
#5989=CARTESIAN_POINT('',(-0.00676306748253843,0.00468016403894209,0.0604786547943936));
#5990=CARTESIAN_POINT('',(-0.00629314523064968,0.00435079244605741,0.0605511630073243));
#5991=CARTESIAN_POINT('',(-0.00599073482391715,0.00412480403115181,0.0606093285426687));
#5992=CARTESIAN_POINT('',(-0.00584452875887151,0.0040153346316946,0.0606376228278608));
#5993=CARTESIAN_POINT('',(-0.00966115505501273,0.00656583389873099,0.0601509913282292));
#5994=CARTESIAN_POINT('',(-0.00951935348683897,0.00646947301484506,0.0601703559101516));
#5995=CARTESIAN_POINT('',(-0.00921575969363291,0.00626316459705478,0.0602118177086311));
#5996=CARTESIAN_POINT('',(-0.00875006759074775,0.0059466471283721,0.0602754886436215));
#5997=CARTESIAN_POINT('',(-0.00826497983467713,0.00561687345256026,0.0603418147422878));
#5998=CARTESIAN_POINT('',(-0.00777898643975741,0.00528678608089131,0.0604080907395312));
#5999=CARTESIAN_POINT('',(-0.00729382803498725,0.00495676677173101,0.0604746167986156));
#6000=CARTESIAN_POINT('',(-0.00680779818448065,0.00462736867312313,0.0605402910805918));
#6001=CARTESIAN_POINT('',(-0.00633421850152263,0.00430221694384073,0.0606076530246155));
#6002=CARTESIAN_POINT('',(-0.00602970640340536,0.00407826031749381,0.0606626011916266));
#6003=CARTESIAN_POINT('',(-0.0058824880261595,0.00396976293834283,0.0606893413992641));
#6004=CARTESIAN_POINT('',(-0.00978696317245938,0.00640925730243943,0.060315927792738));
#6005=CARTESIAN_POINT('',(-0.00964329720544786,0.00631518892493019,0.0603328719748527));
#6006=CARTESIAN_POINT('',(-0.00933571703993718,0.00611379056119895,0.0603691514673209));
#6007=CARTESIAN_POINT('',(-0.00886404981756672,0.005804853962603,0.0604248654670767));
#6008=CARTESIAN_POINT('',(-0.00837245190035565,0.00548284543145333,0.0604829297251494));
#6009=CARTESIAN_POINT('',(-0.00788028213381866,0.00516070759787421,0.0605409048041687));
#6010=CARTESIAN_POINT('',(-0.00738870839198322,0.00483857508425209,0.0605990744777759));
#6011=CARTESIAN_POINT('',(-0.00689651152879193,0.00451683416850795,0.0606567553213021));
#6012=CARTESIAN_POINT('',(-0.00641608358129578,0.00420012310634283,0.0607149276100878));
#6013=CARTESIAN_POINT('',(-0.00610648335115941,0.00398161863210744,0.0607624706035893));
#6014=CARTESIAN_POINT('',(-0.00595679477501745,0.00387575750507745,0.0607856082059238));
#6015=CARTESIAN_POINT('',(-0.00984942701379188,0.00632723491482573,0.0603939305803375));
#6016=CARTESIAN_POINT('',(-0.00970482418130056,0.00623435634413883,0.0604097361818901));
#6017=CARTESIAN_POINT('',(-0.00939524357669398,0.00603550924220518,0.0604435762638637));
#6018=CARTESIAN_POINT('',(-0.00892065034288305,0.00573059002113691,0.0604955022657343));
#6019=CARTESIAN_POINT('',(-0.0084259149518922,0.0054127018563245,0.060549646216591));
#6020=CARTESIAN_POINT('',(-0.00793057774435015,0.00509465576798614,0.0606037231357057));
#6021=CARTESIAN_POINT('',(-0.00743585732375302,0.00477667117234525,0.0606579436732088));
#6022=CARTESIAN_POINT('',(-0.00694057751636191,0.00445901354507573,0.060711758655583));
#6023=CARTESIAN_POINT('',(-0.00645690650782313,0.00414649267529703,0.060765899245389));
#6024=CARTESIAN_POINT('',(-0.00614432510393197,0.0039314425791878,0.0608091938527917));
#6025=CARTESIAN_POINT('',(-0.0059931817722742,0.00382726293695435,0.0608302526139538));
#6026=CARTESIAN_POINT('',(-0.00997289935015733,0.00615325645269018,0.0605341392949581));
#6027=CARTESIAN_POINT('',(-0.00982653014463794,0.00606293617546467,0.0605478941806304));
#6028=CARTESIAN_POINT('',(-0.00951315489057358,0.00586956383009771,0.0605773422740011));
#6029=CARTESIAN_POINT('',(-0.00903239874927021,0.00557297642066122,0.0606224926437483));
#6030=CARTESIAN_POINT('',(-0.00853161211502343,0.00526402790193312,0.060669496730093));
#6031=CARTESIAN_POINT('',(-0.00803002236704749,0.00495451128130878,0.0607166564115576));
#6032=CARTESIAN_POINT('',(-0.00752914930120343,0.00464527158537453,0.060763822031326));
#6033=CARTESIAN_POINT('',(-0.00702757346131133,0.00433668227799534,0.0608104237949412));
#6034=CARTESIAN_POINT('',(-0.0065384165752115,0.00403161255056826,0.0608582769327788));
#6035=CARTESIAN_POINT('',(-0.00621773626250139,0.00382759324474641,0.0608916251111862));
#6036=CARTESIAN_POINT('',(-0.00606260863672811,0.00372884044885873,0.0609077863276759));
#6037=CARTESIAN_POINT('',(-0.0100320142106766,0.0060655991430914,0.0605966588930877));
#6038=CARTESIAN_POINT('',(-0.00988475870138702,0.00597654600425081,0.0606095031959164));
#6039=CARTESIAN_POINT('',(-0.00956949514631347,0.00578589333795002,0.0606369996922774));
#6040=CARTESIAN_POINT('',(-0.00908608820656341,0.00549365738049176,0.0606791017277535));
#6041=CARTESIAN_POINT('',(-0.00858188323408483,0.00518891746353776,0.0607229974974541));
#6042=CARTESIAN_POINT('',(-0.00807778468537884,0.00488398700630448,0.0607669928793261));
#6043=CARTESIAN_POINT('',(-0.00757394093468134,0.00457906349244407,0.0608110556192315));
#6044=CARTESIAN_POINT('',(-0.00706913607699422,0.00427516632568736,0.0608543716607109));
#6045=CARTESIAN_POINT('',(-0.00657789525861415,0.00397326452282337,0.0608997019027984));
#6046=CARTESIAN_POINT('',(-0.00625233204162681,0.00377645126601246,0.0609278850553553));
#6047=CARTESIAN_POINT('',(-0.0060947904050509,0.0036812601018997,0.060941495869503));
#6048=CARTESIAN_POINT('',(-0.0101258164108247,0.00591920237065394,0.0606820076291853));
#6049=CARTESIAN_POINT('',(-0.00997709510672088,0.00583224562157147,0.060693610280263));
#6050=CARTESIAN_POINT('',(-0.00965872318804867,0.00564609794732412,0.0607184449202891));
#6051=CARTESIAN_POINT('',(-0.00917134131100521,0.00536121500518679,0.0607563706669861));
#6052=CARTESIAN_POINT('',(-0.00866182325095821,0.00506352753025679,0.0607960467276103));
#6053=CARTESIAN_POINT('',(-0.00815357992348569,0.00476622847704034,0.0608356889039129));
#6054=CARTESIAN_POINT('',(-0.00764495457167194,0.00446854758188692,0.0608754896805985));
#6055=CARTESIAN_POINT('',(-0.00713524311291192,0.00417222914364843,0.0609144990611064));
#6056=CARTESIAN_POINT('',(-0.0066399573720747,0.00387662107436667,0.0609557054199509));
#6057=CARTESIAN_POINT('',(-0.00630821288124268,0.00368952408153794,0.0609784915038048));
#6058=CARTESIAN_POINT('',(-0.00614762896472692,0.00359911566138291,0.0609894517376626));
#6059=CARTESIAN_POINT('',(-0.010162077780544,0.00586093662895783,0.0607111849804057));
#6060=CARTESIAN_POINT('',(-0.010012849190738,0.00577484680195687,0.0607223547189433));
#6061=CARTESIAN_POINT('',(-0.0096933840086267,0.00559055172484956,0.0607462638264259));
#6062=CARTESIAN_POINT('',(-0.00920413457840439,0.00530841860261827,0.060782804996784));
#6063=CARTESIAN_POINT('',(-0.00869300279412858,0.0050137584481752,0.0608209923867975));
#6064=CARTESIAN_POINT('',(-0.00818276734907198,0.00471929696811705,0.0608591893080267));
#6065=CARTESIAN_POINT('',(-0.00767232124134635,0.00442458765320156,0.0608974814474825));
#6066=CARTESIAN_POINT('',(-0.00716091799220699,0.00413108956450943,0.0609351851656314));
#6067=CARTESIAN_POINT('',(-0.00666345684714841,0.00383878491065574,0.0609743499916256));
#6068=CARTESIAN_POINT('',(-0.00633059370641851,0.00365360917287362,0.0609968172680157));
#6069=CARTESIAN_POINT('',(-0.00616947318868628,0.00356412654231605,0.0610076383353922));
#6070=CARTESIAN_POINT('',(-0.0102297909251166,0.00574835289247168,0.0607575179729852));
#6071=CARTESIAN_POINT('',(-0.0100796471841665,0.0056639618463852,0.0607679936332335));
#6072=CARTESIAN_POINT('',(-0.00975819559582701,0.00548328874830671,0.0607904210118891));
#6073=CARTESIAN_POINT('',(-0.00926517986365247,0.00520631133122845,0.0608248028588639));
#6074=CARTESIAN_POINT('',(-0.00875128997529237,0.00491759266989876,0.0608606086223381));
#6075=CARTESIAN_POINT('',(-0.00823703029515755,0.00462855203978958,0.0608965142267324));
#6076=CARTESIAN_POINT('',(-0.00772325556355364,0.0043395062736025,0.0609324411058985));
#6077=CARTESIAN_POINT('',(-0.00720852370250841,0.00405173894982191,0.0609679451260272));
#6078=CARTESIAN_POINT('',(-0.00670759590824559,0.00376480423423697,0.0610043357290791));
#6079=CARTESIAN_POINT('',(-0.0063712111355185,0.00358578591431581,0.061025221222237));
#6080=CARTESIAN_POINT('',(-0.00620836860202642,0.00349932084462878,0.0610352806078638));
#6081=CARTESIAN_POINT('',(-0.0102612331735494,0.00569392400946372,0.0607748699265556));
#6082=CARTESIAN_POINT('',(-0.0101106178166597,0.00561033478848331,0.0607850892389314));
#6083=CARTESIAN_POINT('',(-0.00978815516746349,0.00543137588390721,0.0608069685285899));
#6084=CARTESIAN_POINT('',(-0.00929355289514019,0.0051569616730742,0.0608405294452024));
#6085=CARTESIAN_POINT('',(-0.00877818488811501,0.00487101070366737,0.0608754675867398));
#6086=CARTESIAN_POINT('',(-0.00826218267357507,0.00458464437627614,0.0609105023348934));
#6087=CARTESIAN_POINT('',(-0.00774674298178872,0.00429844050204604,0.0609455086469215));
#6088=CARTESIAN_POINT('',(-0.00723073207189991,0.00401293474627025,0.0609803437390612));
#6089=CARTESIAN_POINT('',(-0.00672715063548396,0.00373043160426601,0.0610151414416995));
#6090=CARTESIAN_POINT('',(-0.0063916570647031,0.00355011547861787,0.0610367511579599));
#6091=CARTESIAN_POINT('',(-0.0062292844937577,0.00346296053876388,0.0610471869969317));
#6092=CARTESIAN_POINT('',(-0.0102893583092624,0.00564226891648275,0.0607867479895782));
#6093=CARTESIAN_POINT('',(-0.0101382989400582,0.00555943490669827,0.0607967951741786));
#6094=CARTESIAN_POINT('',(-0.00981489473586844,0.00538209471309532,0.0608183049243638));
#6095=CARTESIAN_POINT('',(-0.00931908887705832,0.00511021186541329,0.0608512719625024));
#6096=CARTESIAN_POINT('',(-0.00880213536754451,0.00482674019272582,0.0608856605827461));
#6097=CARTESIAN_POINT('',(-0.00828485315536829,0.00454307979212342,0.0609200522411997));
#6098=CARTESIAN_POINT('',(-0.00776787572894147,0.00425959317257046,0.0609544375589089));
#6099=CARTESIAN_POINT('',(-0.0072507949442902,0.00397604609301288,0.0609888231988624));
#6100=CARTESIAN_POINT('',(-0.00674454579374668,0.00369843932209623,0.0610224894545809));
#6101=CARTESIAN_POINT('',(-0.00641060272245018,0.00351531961765043,0.0610446995180475));
#6102=CARTESIAN_POINT('',(-0.00624902891767935,0.00342671966304095,0.061055445589784));
#6103=CARTESIAN_POINT('',(-0.00958538716503805,0.0067622499065507,0.059951163808707));
#6104=CARTESIAN_POINT('',(-0.00942572614366803,0.00664961557092961,0.0599764806581755));
#6105=CARTESIAN_POINT('',(-0.00910642181265859,0.00642435939459064,0.0600271115486298));
#6106=CARTESIAN_POINT('',(-0.00862822529329828,0.00608699271468863,0.0601029237297177));
#6107=CARTESIAN_POINT('',(-0.00814895949205644,0.00574887831011949,0.0601789433580642));
#6108=CARTESIAN_POINT('',(-0.00767057740421688,0.00541146682416135,0.0602547072690887));
#6109=CARTESIAN_POINT('',(-0.00719215338610246,0.0050736069289959,0.0603308778778376));
#6110=CARTESIAN_POINT('',(-0.00671268365151878,0.00473663872757071,0.0604057378883786));
#6111=CARTESIAN_POINT('',(-0.00623661603945557,0.00439598802470645,0.0604855688124198));
#6112=CARTESIAN_POINT('',(-0.00592790556479942,0.0041593525924756,0.0605510254374553));
#6113=CARTESIAN_POINT('',(-0.0057735454292597,0.00404103112174049,0.0605837547885526));
#6114=CARTESIAN_POINT('',(-0.0095258938514595,0.00657396935510893,0.0594141517593902));
#6115=CARTESIAN_POINT('',(-0.00938602173944242,0.00647744275101282,0.059444351565568));
#6116=CARTESIAN_POINT('',(-0.00908653334892963,0.00627076373659326,0.0595090147984789));
#6117=CARTESIAN_POINT('',(-0.00862803230071095,0.00595434274330712,0.0596080281741334));
#6118=CARTESIAN_POINT('',(-0.00814879011846058,0.00562359145712865,0.0597114870560659));
#6119=CARTESIAN_POINT('',(-0.00767053839014688,0.00529364908828638,0.0598147940638422));
#6120=CARTESIAN_POINT('',(-0.00719194908493549,0.00496291764857658,0.0599180302938052));
#6121=CARTESIAN_POINT('',(-0.00671253187355375,0.00463375858921808,0.0600219144492197));
#6122=CARTESIAN_POINT('',(-0.00625531625459461,0.00431214858120341,0.0601193279908966));
#6123=CARTESIAN_POINT('',(-0.00596438298547763,0.00408938592305365,0.060177782766938));
#6124=CARTESIAN_POINT('',(-0.00582825950654388,0.0039846753750637,0.0602050387573875));
#6125=CARTESIAN_POINT('',(-0.00952559501294268,0.00661023073648869,0.0595353263453074));
#6126=CARTESIAN_POINT('',(-0.00938580416548935,0.00651323880159059,0.0595637844736058));
#6127=CARTESIAN_POINT('',(-0.00908646392253518,0.00630553938230219,0.0596247009010584));
#6128=CARTESIAN_POINT('',(-0.00862750479788745,0.00598691887248367,0.0597175119479742));
#6129=CARTESIAN_POINT('',(-0.00814876000646283,0.00565491845111989,0.0598156253221088));
#6130=CARTESIAN_POINT('',(-0.00767002670326868,0.00532255357695398,0.0599120427267069));
#6131=CARTESIAN_POINT('',(-0.00719156792349645,0.00499018755801729,0.0600095280467854));
#6132=CARTESIAN_POINT('',(-0.0067121257424361,0.00465904187605331,0.0601069069838394));
#6133=CARTESIAN_POINT('',(-0.00625492816618677,0.00433608140501343,0.0601996683089375));
#6134=CARTESIAN_POINT('',(-0.00596401877003282,0.00411364071040843,0.0602585397329544));
#6135=CARTESIAN_POINT('',(-0.00582790679136087,0.00400911230451339,0.0602860807157151));
#6136=CARTESIAN_POINT('',(-0.00952535043480136,0.00663621658488947,0.0596255438405839));
#6137=CARTESIAN_POINT('',(-0.00938566675096719,0.00653891221391283,0.0596526639814974));
#6138=CARTESIAN_POINT('',(-0.00908651872033845,0.00633051921185293,0.0597107208054004));
#6139=CARTESIAN_POINT('',(-0.00862686726082346,0.00601018496868197,0.0597992927596589));
#6140=CARTESIAN_POINT('',(-0.00814929023004279,0.00567761962491158,0.0598926349488615));
#6141=CARTESIAN_POINT('',(-0.00766946206020095,0.00534323526615948,0.0599847260527762));
#6142=CARTESIAN_POINT('',(-0.00719130655629389,0.0050097683678578,0.0600776822461659));
#6143=CARTESIAN_POINT('',(-0.00671179821258965,0.00467718828840325,0.0601702896575919));
#6144=CARTESIAN_POINT('',(-0.00625463015795621,0.00435327333018348,0.0602596189513163));
#6145=CARTESIAN_POINT('',(-0.00596368669397841,0.00413101374651482,0.0603188772824279));
#6146=CARTESIAN_POINT('',(-0.00582755736609352,0.00402659110496289,0.0603466678450979));
#6147=CARTESIAN_POINT('',(-0.00952543274957178,0.00666858580752988,0.0597463824829161));
#6148=CARTESIAN_POINT('',(-0.00938574772573141,0.00657077639196016,0.0597716176062287));
#6149=CARTESIAN_POINT('',(-0.00908659783773746,0.00636131509935951,0.0598256844686016));
#6150=CARTESIAN_POINT('',(-0.00862697033896673,0.00603969213732999,0.0599093708637511));
#6151=CARTESIAN_POINT('',(-0.00814929200260673,0.00570501037543598,0.0599950718234065));
#6152=CARTESIAN_POINT('',(-0.00766949119451683,0.00536946442205766,0.0600827446628939));
#6153=CARTESIAN_POINT('',(-0.00719136640601758,0.00503428387527839,0.0601692084338158));
#6154=CARTESIAN_POINT('',(-0.00671184741021697,0.00470001773312371,0.0602555383544861));
#6155=CARTESIAN_POINT('',(-0.00625466449498777,0.00437488746790115,0.0603403645112091));
#6156=CARTESIAN_POINT('',(-0.00596372586662954,0.00415281562012096,0.0604003200895319));
#6157=CARTESIAN_POINT('',(-0.00582759918236083,0.00404850644486199,0.0604285318857086));
#6158=CARTESIAN_POINT('',(-0.00952565241928821,0.0066913784242458,0.0598383393438598));
#6159=CARTESIAN_POINT('',(-0.00938585098467795,0.00659315899674655,0.0598622392317136));
#6160=CARTESIAN_POINT('',(-0.00908649199474483,0.00638284630313749,0.0599134413459028));
#6161=CARTESIAN_POINT('',(-0.00862760806452954,0.006060621909046,0.059992588385321));
#6162=CARTESIAN_POINT('',(-0.0081488724374954,0.00572412489157433,0.060073885615996));
#6163=CARTESIAN_POINT('',(-0.00767005152802524,0.00538806323468486,0.0601567229605638));
#6164=CARTESIAN_POINT('',(-0.00719169678206806,0.00505161730491622,0.0602386875665175));
#6165=CARTESIAN_POINT('',(-0.00671222695385588,0.00471618213612097,0.0603201137996465));
#6166=CARTESIAN_POINT('',(-0.00625498224404866,0.00439013201228967,0.0604014601354524));
#6167=CARTESIAN_POINT('',(-0.00596407006231841,0.00416809365144521,0.0604618468679025));
#6168=CARTESIAN_POINT('',(-0.00582795750579404,0.00406381664528736,0.060490330937313));
#6169=CARTESIAN_POINT('',(-0.00952603070868072,0.00672037634274237,0.0599605757350899));
#6170=CARTESIAN_POINT('',(-0.00938615693773101,0.0066217010632798,0.0599827549638504));
#6171=CARTESIAN_POINT('',(-0.00908666729629449,0.00641042262313998,0.0600302433844154));
#6172=CARTESIAN_POINT('',(-0.00862822529329828,0.00608699271468863,0.0601029237297177));
#6173=CARTESIAN_POINT('',(-0.00814895949205644,0.00574887831011949,0.0601789433580642));
#6174=CARTESIAN_POINT('',(-0.00767057740421688,0.00541146682416135,0.0602547072690887));
#6175=CARTESIAN_POINT('',(-0.00719215338610246,0.0050736069289959,0.0603308778778376));
#6176=CARTESIAN_POINT('',(-0.00671268365151878,0.00473663872757071,0.0604057378883786));
#6177=CARTESIAN_POINT('',(-0.0062553983733441,0.00440942774435642,0.0604824192365361));
#6178=CARTESIAN_POINT('',(-0.00596447378763958,0.00418732652222214,0.0605433210779037));
#6179=CARTESIAN_POINT('',(-0.00582835578507229,0.00408303812529038,0.060572139050328));
#6180=CARTESIAN_POINT('',(-0.00958524962573211,0.00661493094280453,0.0594013360992927));
#6181=CARTESIAN_POINT('',(-0.00942559067145388,0.00650474933503881,0.0594358080357758));
#6182=CARTESIAN_POINT('',(-0.00910629047439868,0.00628439834232127,0.059504748084655));
#6183=CARTESIAN_POINT('',(-0.00862803236571961,0.00595434259565238,0.0596080280008468));
#6184=CARTESIAN_POINT('',(-0.00814879018342355,0.00562359130950013,0.0597114868827347));
#6185=CARTESIAN_POINT('',(-0.00767053845515666,0.00529364894064839,0.0598147938904459));
#6186=CARTESIAN_POINT('',(-0.00719194915004591,0.00496291750098711,0.0599180301204983));
#6187=CARTESIAN_POINT('',(-0.00671253193868737,0.00463375844173517,0.0600219142758709));
#6188=CARTESIAN_POINT('',(-0.00623653684704877,0.00429893876574016,0.060123328938412));
#6189=CARTESIAN_POINT('',(-0.00592781352149056,0.00406131154702963,0.0601851158653884));
#6190=CARTESIAN_POINT('',(-0.00577344696029591,0.00394249416731832,0.0602160103092303));
#6191=CARTESIAN_POINT('',(-0.0102889468745422,0.00522710786567728,0.0592373400233388));
#6192=CARTESIAN_POINT('',(-0.0101379090758091,0.00515037592207803,0.0592701287539249));
#6193=CARTESIAN_POINT('',(-0.00981454673635297,0.0049860977169635,0.0593403275728152));
#6194=CARTESIAN_POINT('',(-0.00931872737337482,0.00473420634437285,0.0594479711901315));
#6195=CARTESIAN_POINT('',(-0.00880180029461256,0.00447159026477683,0.0595601836964531));
#6196=CARTESIAN_POINT('',(-0.00828452633029538,0.00420879997936401,0.0596724894348738));
#6197=CARTESIAN_POINT('',(-0.00776755073575508,0.00394616053935342,0.0597847151937571));
#6198=CARTESIAN_POINT('',(-0.00725052111158295,0.00368349297275085,0.0598969632500672));
#6199=CARTESIAN_POINT('',(-0.0067439044791833,0.00342611599879704,0.0600069456882673));
#6200=CARTESIAN_POINT('',(-0.00640967555581367,0.00325631729524543,0.0600795052408143));
#6201=CARTESIAN_POINT('',(-0.00624778411329053,0.00317407139936996,0.0601146511396532));
#6202=CARTESIAN_POINT('',(-0.0102643273070473,0.00527146526518538,0.0592237497884072));
#6203=CARTESIAN_POINT('',(-0.010113666635457,0.00519410373029166,0.0592567331680382));
#6204=CARTESIAN_POINT('',(-0.00979110553357912,0.00502847420935322,0.0593273491519484));
#6205=CARTESIAN_POINT('',(-0.00929635096461746,0.00477442053330581,0.0594356439359478));
#6206=CARTESIAN_POINT('',(-0.00878100188657618,0.00450929242264188,0.0595486434857852));
#6207=CARTESIAN_POINT('',(-0.00826400177392034,0.00424569348339956,0.05966117881035));
#6208=CARTESIAN_POINT('',(-0.00775142962144206,0.00397525886017769,0.0597757966374726));
#6209=CARTESIAN_POINT('',(-0.00722412981630458,0.00373107107651746,0.0598823823829297));
#6210=CARTESIAN_POINT('',(-0.00672988901472988,0.003451367040313,0.0599991986053697));
#6211=CARTESIAN_POINT('',(-0.00639552459365679,0.00328179215400386,0.0600716596782971));
#6212=CARTESIAN_POINT('',(-0.00623344936406356,0.00319986753838149,0.060106692295352));
#6213=CARTESIAN_POINT('',(-0.0102372348397344,0.00531967959226497,0.0592127121597714));
#6214=CARTESIAN_POINT('',(-0.0100869717710424,0.00524162303707056,0.0592458566135339));
#6215=CARTESIAN_POINT('',(-0.00976526345841863,0.00507450401941421,0.05931681717249));
#6216=CARTESIAN_POINT('',(-0.00927185755929629,0.00481812657108346,0.0594256330148166));
#6217=CARTESIAN_POINT('',(-0.00875787908765179,0.00455043910202136,0.0595392243391591));
#6218=CARTESIAN_POINT('',(-0.00824202990433169,0.00428499297273077,0.0596521983943622));
#6219=CARTESIAN_POINT('',(-0.00773206988656048,0.00401018327101179,0.0597677151716468));
#6220=CARTESIAN_POINT('',(-0.00720162895507628,0.00377075147968998,0.0598735609176159));
#6221=CARTESIAN_POINT('',(-0.0067131344665698,0.00348160580487077,0.0599921945529688));
#6222=CARTESIAN_POINT('',(-0.00637950631301207,0.00331063418348358,0.0600649554831294));
#6223=CARTESIAN_POINT('',(-0.00621774422635813,0.00322810181475081,0.060100120543362));
#6224=CARTESIAN_POINT('',(-0.0101790872315402,0.00542317215648568,0.059196786642872));
#6225=CARTESIAN_POINT('',(-0.0100295786373961,0.0053435669406492,0.0592301781703018));
#6226=CARTESIAN_POINT('',(-0.00970951612687648,0.00517314186913557,0.0593016640994979));
#6227=CARTESIAN_POINT('',(-0.00921944413548662,0.0049119482131748,0.0594111899504371));
#6228=CARTESIAN_POINT('',(-0.008707880163158,0.00463889194247053,0.0595255692585814));
#6229=CARTESIAN_POINT('',(-0.00819548578494231,0.00436839375828709,0.0596395945537889));
#6230=CARTESIAN_POINT('',(-0.00768819283727199,0.00408863513012723,0.0597547090350828));
#6231=CARTESIAN_POINT('',(-0.00716155792911274,0.00384278738486045,0.0598658288421549));
#6232=CARTESIAN_POINT('',(-0.00667522774517139,0.00354945840594537,0.059980939520857));
#6233=CARTESIAN_POINT('',(-0.00634433381976828,0.00337369285656951,0.0600547086235887));
#6234=CARTESIAN_POINT('',(-0.0061839147159109,0.00328880948300759,0.0600904094525988));
#6235=CARTESIAN_POINT('',(-0.0101480451026727,0.00547858868649445,0.0591919793962276));
#6236=CARTESIAN_POINT('',(-0.0099989074174491,0.00539812930649465,0.0592254551585243));
#6237=CARTESIAN_POINT('',(-0.00967966301933128,0.00522588803854116,0.0592971177123888));
#6238=CARTESIAN_POINT('',(-0.00919148323134679,0.00496224185449073,0.0594068156977587));
#6239=CARTESIAN_POINT('',(-0.00868118094396198,0.00468611061178546,0.0595214612194934));
#6240=CARTESIAN_POINT('',(-0.00817039346636814,0.00441342648710167,0.0596358004121713));
#6241=CARTESIAN_POINT('',(-0.00766551234754064,0.0041291354475425,0.0597507445646954));
#6242=CARTESIAN_POINT('',(-0.00713704363753111,0.00388687008319405,0.0598636402568006));
#6243=CARTESIAN_POINT('',(-0.00665561298938305,0.00358453461125646,0.0599774953416128));
#6244=CARTESIAN_POINT('',(-0.00632579857191755,0.00340690162470153,0.060051527100791));
#6245=CARTESIAN_POINT('',(-0.00616587170595908,0.00332117171543647,0.0600873706842997));
#6246=CARTESIAN_POINT('',(-0.0100662095903335,0.00562603030242105,0.0591879450961699));
#6247=CARTESIAN_POINT('',(-0.00991833315739662,0.00554343485728161,0.0592214734628401));
#6248=CARTESIAN_POINT('',(-0.00960177109517399,0.00536661061371295,0.0592932512725216));
#6249=CARTESIAN_POINT('',(-0.00911722825308461,0.00509567714715692,0.0594031958983387));
#6250=CARTESIAN_POINT('',(-0.0086112302418201,0.00481240010500424,0.0595179334303203));
#6251=CARTESIAN_POINT('',(-0.00810461196019486,0.00453169908693921,0.0596327905058144));
#6252=CARTESIAN_POINT('',(-0.00760280785945241,0.00424180782277951,0.0597469074244894));
#6253=CARTESIAN_POINT('',(-0.00708244202076502,0.00398551874579561,0.0598637754800206));
#6254=CARTESIAN_POINT('',(-0.00660140021081637,0.0036819604520293,0.0599741265699722));
#6255=CARTESIAN_POINT('',(-0.00627577652238957,0.00349685482870178,0.0600483787474022));
#6256=CARTESIAN_POINT('',(-0.00611793553676203,0.00340741048513066,0.0600843651408063));
#6257=CARTESIAN_POINT('',(-0.0100139320498362,0.00572108867548878,0.0591935792596859));
#6258=CARTESIAN_POINT('',(-0.00986697002443353,0.00563715766585979,0.0592270046261021));
#6259=CARTESIAN_POINT('',(-0.0095523223197655,0.00545745450266284,0.059298568058232));
#6260=CARTESIAN_POINT('',(-0.00906956429665373,0.00518158734394913,0.0594083469869785));
#6261=CARTESIAN_POINT('',(-0.00856677241397068,0.00489401381704999,0.0595227022103091));
#6262=CARTESIAN_POINT('',(-0.00806255412755286,0.00460757115092991,0.0596373661164201));
#6263=CARTESIAN_POINT('',(-0.00756211773817586,0.00431543578968679,0.0597511910090223));
#6264=CARTESIAN_POINT('',(-0.00704938062071681,0.00404529259301939,0.0598677566291516));
#6265=CARTESIAN_POINT('',(-0.00656619165281699,0.00374558569609492,0.0599777766145827));
#6266=CARTESIAN_POINT('',(-0.00624350686648033,0.0035551188101349,0.0600514943616796));
#6267=CARTESIAN_POINT('',(-0.00608715140657769,0.00346296512663708,0.0600872173932559));
#6268=CARTESIAN_POINT('',(-0.00991144616359857,0.00590560450404421,0.0592160492003498));
#6269=CARTESIAN_POINT('',(-0.00976597229550268,0.00581892367856195,0.059249147799262));
#6270=CARTESIAN_POINT('',(-0.00945451500029054,0.00563334179008389,0.0593200108557915));
#6271=CARTESIAN_POINT('',(-0.00897676465230666,0.00534868515764272,0.0594286949822051));
#6272=CARTESIAN_POINT('',(-0.00847902328105887,0.00505212111863784,0.0595419466908936));
#6273=CARTESIAN_POINT('',(-0.00798054913702914,0.00475505919602388,0.0596553573025235));
#6274=CARTESIAN_POINT('',(-0.00748258050178888,0.00445854226819332,0.0597685944462622));
#6275=CARTESIAN_POINT('',(-0.00698475814103642,0.00416122138881431,0.059882071469513));
#6276=CARTESIAN_POINT('',(-0.00649742537464114,0.0038692462805785,0.059992673206372));
#6277=CARTESIAN_POINT('',(-0.00618040938462682,0.00366853333722062,0.0600646248135107));
#6278=CARTESIAN_POINT('',(-0.00602691934955711,0.00357119827237491,0.06009946176965));
#6279=CARTESIAN_POINT('',(-0.0098624465035217,0.00599303429201417,0.0592322505213701));
#6280=CARTESIAN_POINT('',(-0.00971766165591416,0.00590504039737884,0.0592651154584961));
#6281=CARTESIAN_POINT('',(-0.00940768944084384,0.0057166553451048,0.0593354768167096));
#6282=CARTESIAN_POINT('',(-0.00893247988829768,0.00542791386760738,0.0594433533556651));
#6283=CARTESIAN_POINT('',(-0.00843689418575842,0.00512692085552027,0.0595558563283934));
#6284=CARTESIAN_POINT('',(-0.00794135794864904,0.00482506667482119,0.0596683075574004));
#6285=CARTESIAN_POINT('',(-0.00744474705920374,0.00452606312032154,0.0597811706230565));
#6286=CARTESIAN_POINT('',(-0.0069532736314138,0.00421732762040533,0.0598922528834725));
#6287=CARTESIAN_POINT('',(-0.00646473098401671,0.00392759058502613,0.0600034565098021));
#6288=CARTESIAN_POINT('',(-0.00615028998037636,0.0037222978841904,0.0600742481684336));
#6289=CARTESIAN_POINT('',(-0.00599809521727806,0.00362265829576237,0.0601085011120705));
#6290=CARTESIAN_POINT('',(-0.00972060652572669,0.00624297254771218,0.059290824241076));
#6291=CARTESIAN_POINT('',(-0.00957793987189865,0.00615131955065234,0.0593228222364458));
#6292=CARTESIAN_POINT('',(-0.00927249207978762,0.00595509703441727,0.0593913294016275));
#6293=CARTESIAN_POINT('',(-0.0088039412623907,0.00565424371259937,0.0594964126254281));
#6294=CARTESIAN_POINT('',(-0.00831556595854529,0.00534083378432509,0.0596059903524448));
#6295=CARTESIAN_POINT('',(-0.00782728880238018,0.0050260487342334,0.0597153574144035));
#6296=CARTESIAN_POINT('',(-0.0073370609684234,0.0047157349755021,0.059825818066584));
#6297=CARTESIAN_POINT('',(-0.00685537964410532,0.00438992536952266,0.0599320034332802));
#6298=CARTESIAN_POINT('',(-0.00637163342132179,0.00409161942614473,0.060041833043648));
#6299=CARTESIAN_POINT('',(-0.0060638135991094,0.00387489060501935,0.0601088206270657));
#6300=CARTESIAN_POINT('',(-0.00591487516640215,0.00376962934698092,0.0601411897313912));
#6301=CARTESIAN_POINT('',(-0.0096314285419425,0.00639580840386456,0.0593411792773553));
#6302=CARTESIAN_POINT('',(-0.00949007146876715,0.00630192822217382,0.0593724371197073));
#6303=CARTESIAN_POINT('',(-0.0091874273554002,0.00610093574809491,0.0594393602954463));
#6304=CARTESIAN_POINT('',(-0.0087231741513711,0.00579272347717194,0.0595420315086613));
#6305=CARTESIAN_POINT('',(-0.00823946351607668,0.00547143912384238,0.0596489900805944));
#6306=CARTESIAN_POINT('',(-0.00775510467122747,0.00514988661856278,0.0597561053901793));
#6307=CARTESIAN_POINT('',(-0.00727138379947901,0.00482852287331437,0.0598630598758089));
#6308=CARTESIAN_POINT('',(-0.00678703778848221,0.00450764082483524,0.0599702654252991));
#6309=CARTESIAN_POINT('',(-0.00631484135450995,0.00418927836727657,0.060073907652232));
#6310=CARTESIAN_POINT('',(-0.00601024226970543,0.00396730250402314,0.0601383077293613));
#6311=CARTESIAN_POINT('',(-0.00586280125416808,0.00385961338690989,0.0601694447901028));
#6312=CARTESIAN_POINT('',(-0.00952604899618705,0.00657407622894123,0.0594141181027834));
#6313=CARTESIAN_POINT('',(-0.009386125182862,0.00647751394554577,0.0594443290715414));
#6314=CARTESIAN_POINT('',(-0.00908658503379197,0.00627079921290797,0.0595090034777523));
#6315=CARTESIAN_POINT('',(-0.00862803236571961,0.00595434259565238,0.0596080280008468));
#6316=CARTESIAN_POINT('',(-0.00814879018342355,0.00562359130950013,0.0597114868827347));
#6317=CARTESIAN_POINT('',(-0.00767053845515666,0.00529364894064839,0.0598147938904459));
#6318=CARTESIAN_POINT('',(-0.00719194915004591,0.00496291750098711,0.0599180301204983));
#6319=CARTESIAN_POINT('',(-0.00671253193868737,0.00463375844173517,0.0600219142758709));
#6320=CARTESIAN_POINT('',(-0.0062461631741188,0.00430571001982918,0.0601212779703906));
#6321=CARTESIAN_POINT('',(-0.00594655146526714,0.00407571495670055,0.0601813619383835));
#6322=CARTESIAN_POINT('',(-0.00580154246636204,0.00396411836545169,0.0602103871330489));
#6323=CARTESIAN_POINT('',(-0.006535764994339,-3.57423213587171E-23,0.0614692683883408));
#6324=CARTESIAN_POINT('',(-0.0106426096568252,-5.82015379652282E-23,0.0614681698190581));
#6325=CARTESIAN_POINT('',(-0.0106393298757164,0.00295748377980795,0.0575273852975116));
#6326=CARTESIAN_POINT('',(-0.0106391719798556,0.00193407818458013,0.0569365221286562));
#6327=CARTESIAN_POINT('',(-0.0106393299813258,0.00295747189542671,0.0575273766698116));
#6328=CARTESIAN_POINT('',(-0.00927093364820361,0.00257708836129138,0.0580345926643658));
#6329=CARTESIAN_POINT('',(-0.00790253731508245,0.00219670482715474,0.0585418086589217));
#6330=CARTESIAN_POINT('',(-0.00653414098196742,0.00181632129301017,0.0590490246534882));
#6331=CARTESIAN_POINT('',(-0.00653409071677053,0.00181637269310736,0.0590489275923525));
#6332=CARTESIAN_POINT('',(-0.006535764994339,-3.57423213587171E-23,0.0614692683883408));
#6333=CARTESIAN_POINT('',(-0.00653365479009992,0.00118774398509299,0.0586863238213645));
#6334=CARTESIAN_POINT('',(-0.010639171958293,0.00193411148621194,0.0569365362821568));
#6335=CARTESIAN_POINT('',(-0.0106638809272595,5.82015379652764E-23,0.0614681641290537));
#6336=CARTESIAN_POINT('',(-0.0106371044606723,0.00295685359166597,0.0575282011369568));
#6337=CARTESIAN_POINT('',(-0.0102182427485746,0.00338810748435268,0.0569536567509062));
#6338=CARTESIAN_POINT('',(-0.0106418183729195,0.00394160934346547,0.058510067734911));
#6339=CARTESIAN_POINT('',(-0.0106417188479114,0.00366238539996882,0.0581380076793262));
#6340=CARTESIAN_POINT('',(-0.0106416299791752,0.00333016228874651,0.0578057845772804));
#6341=CARTESIAN_POINT('',(-0.0106415552875652,0.00295810222212777,0.0575265606407391));
#6342=CARTESIAN_POINT('',(-0.0102185439215059,0.00451457861342679,0.0580801115160039));
#6343=CARTESIAN_POINT('',(-0.0102185439350137,0.00451462702302231,0.0580801760076284));
#6344=CARTESIAN_POINT('',(-0.00950315977603412,0.00505435585805632,0.0568132029352825));
#6345=CARTESIAN_POINT('',(-0.00961306358615368,0.00501491642797461,0.0570485644344538));
#6346=CARTESIAN_POINT('',(-0.00984013233357315,0.00489776225441712,0.0575102241482574));
#6347=CARTESIAN_POINT('',(-0.0100852133122025,0.00468264694950555,0.0579230589273109));
#6348=CARTESIAN_POINT('',(-0.0102185439350137,0.0045146270230223,0.0580801760076285));
#6349=CARTESIAN_POINT('',(-0.00950315684924561,0.00505435955097672,0.0568131995347323));
#6350=CARTESIAN_POINT('',(-0.00950305009525407,0.00465527496041726,0.0564141149551146));
#6351=CARTESIAN_POINT('',(-0.00950308419812458,0.00479369296003978,0.0565416036751241));
#6352=CARTESIAN_POINT('',(-0.0095031198228249,0.00492687082756327,0.0566747815389962));
#6353=CARTESIAN_POINT('',(-0.00950315684924562,0.00505435955097672,0.0568131995347323));
#6354=CARTESIAN_POINT('',(-0.00950305009525407,0.00465527496041725,0.0564141149551146));
#6355=CARTESIAN_POINT('',(-0.0102182427485746,0.0033881074843527,0.0569536567509062));
#6356=CARTESIAN_POINT('',(-0.0100853459582353,0.00354474669961277,0.0567862236540672));
#6357=CARTESIAN_POINT('',(-0.00983920487529066,0.00395924718882679,0.0565700062217473));
#6358=CARTESIAN_POINT('',(-0.00961283285927147,0.00442003487073933,0.0564535038207649));
#6359=CARTESIAN_POINT('',(-0.00950305305977861,0.00465527151532164,0.0564141186947564));
#6360=CARTESIAN_POINT('',(-0.00654882795813946,5.82015379652764E-23,0.0614692648940351));
#6361=CARTESIAN_POINT('',(-0.00627515464733183,0.00208067936622422,0.0586968436977301));
#6362=CARTESIAN_POINT('',(-0.00611731174911807,0.00226629357818059,0.0584976607585427));
#6363=CARTESIAN_POINT('',(-0.00598011448595925,0.00255201740676885,0.0584201648625439));
#6364=CARTESIAN_POINT('',(-0.00584907378093449,0.00283067827875513,0.0583702137832356));
#6365=CARTESIAN_POINT('',(-0.00627515464733184,0.00208067936622422,0.0586968436977301));
#6366=CARTESIAN_POINT('',(-0.00584907372406383,0.00283067850045465,0.0583702138535315));
#6367=CARTESIAN_POINT('',(-0.00584907372406383,0.00283067850045465,0.0583702138535315));
#6368=CARTESIAN_POINT('',(-0.00584964345180201,0.00292354998331394,0.0584563080490358));
#6369=CARTESIAN_POINT('',(-0.00584966709895844,0.00301313598030699,0.0585458925027785));
#6370=CARTESIAN_POINT('',(-0.00584914549443288,0.003099238141882,0.0586387733138604));
#6371=CARTESIAN_POINT('',(-0.0058491455513851,0.00309923821214384,0.0586387735355329));
#6372=CARTESIAN_POINT('',(-0.0058491455513851,0.00309923821214384,0.0586387735355329));
#6373=CARTESIAN_POINT('',(-0.00598011535240556,0.00304930013748034,0.0589171161340629));
#6374=CARTESIAN_POINT('',(-0.00611809235000385,0.00297097693010349,0.0592037885678767));
#6375=CARTESIAN_POINT('',(-0.00627533921478039,0.00277249638304314,0.0593886599763135));
#6376=CARTESIAN_POINT('',(-0.0062753392147804,0.00277249638304314,0.0593886599763135));
#6377=CARTESIAN_POINT('',(-0.0062753392075411,0.00277246916805315,0.0593886237199564));
#6378=CARTESIAN_POINT('',(-0.00636109838281398,0.00265481376367663,0.0594769218852444));
#6379=CARTESIAN_POINT('',(-0.00644685755803164,0.00253715835927357,0.0595652200505524));
#6380=CARTESIAN_POINT('',(-0.00653261673316467,0.00241950295483185,0.0596535182158895));
#6381=CARTESIAN_POINT('',(-0.00653511739491966,0.00181683458063048,0.059048310274324));
#6382=CARTESIAN_POINT('',(-0.00653516305503053,0.00204486735104823,0.0592190040899694));
#6383=CARTESIAN_POINT('',(-0.00653521728258986,0.00224710806568176,0.0594217260903984));
#6384=CARTESIAN_POINT('',(-0.00653527905490865,0.00242060309353743,0.0596526530985808));
#6385=CARTESIAN_POINT('',(-0.00653241591012921,0.0018158004741166,0.0590497190766982));
#6386=CARTESIAN_POINT('',(-0.00644666216130795,0.00190411209641837,0.0589321079564906));
#6387=CARTESIAN_POINT('',(-0.00636090841235786,0.00199242371867563,0.0588144968363423));
#6388=CARTESIAN_POINT('',(-0.00627515466332326,0.00208073534090276,0.0586968857162343));
#6389=CARTESIAN_POINT('',(-0.00843640939187069,0.00256720639743036,0.0580480597658991));
#6390=CARTESIAN_POINT('',(-0.0103522261701911,0.00343253330399729,0.0568944249241628));
#6391=CARTESIAN_POINT('',(-0.0101798983220808,0.00337539334081057,0.0569706081587525));
#6392=CARTESIAN_POINT('',(-0.00983526174276426,0.00326111975316418,0.0571229661766712));
#6393=CARTESIAN_POINT('',(-0.00931816659223119,0.00308966661529076,0.0573515708239096));
#6394=CARTESIAN_POINT('',(-0.00880127062149914,0.00291827153181158,0.0575800762667226));
#6395=CARTESIAN_POINT('',(-0.00828402778517404,0.00274677215132201,0.0578087495662398));
#6396=CARTESIAN_POINT('',(-0.00776708330131389,0.00257536345692205,0.0580372781680536));
#6397=CARTESIAN_POINT('',(-0.00725008479078523,0.00240394154566557,0.0582658401452375));
#6398=CARTESIAN_POINT('',(-0.00673304219067906,0.00223250290181118,0.0584944170138231));
#6399=CARTESIAN_POINT('',(-0.0063883793576343,0.00211822171917032,0.0586467883880574));
#6400=CARTESIAN_POINT('',(-0.00621604247245557,0.00206107931458644,0.0587229764928031));
#6401=CARTESIAN_POINT('',(-0.00843662869272411,0.00342071557877415,0.0589015753459608));
#6402=CARTESIAN_POINT('',(-0.0103525307957213,0.0045738221397939,0.0580357142118188));
#6403=CARTESIAN_POINT('',(-0.0101801813930816,0.00449767857022305,0.0580929061397563));
#6404=CARTESIAN_POINT('',(-0.00983550170709727,0.00434539987794193,0.0582072836511397));
#6405=CARTESIAN_POINT('',(-0.00931842751446611,0.00411694735790784,0.0583788621886365));
#6406=CARTESIAN_POINT('',(-0.00880151069142716,0.00388857885581862,0.0585503979654586));
#6407=CARTESIAN_POINT('',(-0.00828426519086215,0.00366004838570204,0.0587220307491818));
#6408=CARTESIAN_POINT('',(-0.00776732445302788,0.00343166528478158,0.0588935711402148));
#6409=CARTESIAN_POINT('',(-0.00725028036504505,0.00320322997125933,0.0590651420440249));
#6410=CARTESIAN_POINT('',(-0.00673326161955189,0.00297480690511765,0.0592367050103276));
#6411=CARTESIAN_POINT('',(-0.00638853427385659,0.00282250605922055,0.059351097823058));
#6412=CARTESIAN_POINT('',(-0.00621616513132897,0.00274635321976256,0.0594082960444579));
#6413=CARTESIAN_POINT('',(-0.00952534448616959,0.0050661546606838,0.056802329515954));
#6414=CARTESIAN_POINT('',(-0.00938543027250756,0.00499174216198705,0.0568709058443786));
#6415=CARTESIAN_POINT('',(-0.00908591427908603,0.00483244568040398,0.0570177079064315));
#6416=CARTESIAN_POINT('',(-0.00862746017851496,0.00458859795857004,0.0572424081674048));
#6417=CARTESIAN_POINT('',(-0.00814823687974341,0.00433372800655349,0.0574773174695604));
#6418=CARTESIAN_POINT('',(-0.00766989720970902,0.00407933905932953,0.0577116538229922));
#6419=CARTESIAN_POINT('',(-0.00719151565468616,0.00382476512177856,0.0579465665931284));
#6420=CARTESIAN_POINT('',(-0.00671208831092598,0.00357030797464393,0.0581798985424539));
#6421=CARTESIAN_POINT('',(-0.00624601216904166,0.00332048036770046,0.0584143715460254));
#6422=CARTESIAN_POINT('',(-0.00594674429442005,0.00315369957153937,0.0585834344766291));
#6423=CARTESIAN_POINT('',(-0.00580206758617539,0.0030729758392492,0.0586654445167792));
#6424=CARTESIAN_POINT('',(-0.00959684066581764,0.00504851754243389,0.0569317467870053));
#6425=CARTESIAN_POINT('',(-0.00945595686196603,0.00497440580514294,0.0569983784773317));
#6426=CARTESIAN_POINT('',(-0.00915433917728069,0.00481573977528705,0.0571410315682898));
#6427=CARTESIAN_POINT('',(-0.00869197559523703,0.0045725014258748,0.0573597513536758));
#6428=CARTESIAN_POINT('',(-0.00820974969678435,0.00431879271661261,0.057587926087189));
#6429=CARTESIAN_POINT('',(-0.00772730239978634,0.00406506021012772,0.0578159393127501));
#6430=CARTESIAN_POINT('',(-0.00724541908736457,0.00381140946452812,0.0580442888516216));
#6431=CARTESIAN_POINT('',(-0.00676247701652109,0.00355786457373332,0.0582712817593767));
#6432=CARTESIAN_POINT('',(-0.00629259622358209,0.00330881166074695,0.0584987783459929));
#6433=CARTESIAN_POINT('',(-0.00599021396085104,0.0031421422721484,0.0586621562189238));
#6434=CARTESIAN_POINT('',(-0.00584402152457766,0.00306146657851845,0.0587413997264304));
#6435=CARTESIAN_POINT('',(-0.00966032409830079,0.00502745846332369,0.0570445781133381));
#6436=CARTESIAN_POINT('',(-0.00951853472563289,0.00495367081480447,0.0571095338554806));
#6437=CARTESIAN_POINT('',(-0.00921496704289363,0.00479569277724435,0.0572486059119927));
#6438=CARTESIAN_POINT('',(-0.00874931499640566,0.00455335378932459,0.057462021977857));
#6439=CARTESIAN_POINT('',(-0.00826426897476169,0.00430085957692266,0.0576843662813669));
#6440=CARTESIAN_POINT('',(-0.00777831735802922,0.00404806852410094,0.0579068240761503));
#6441=CARTESIAN_POINT('',(-0.00729320071337337,0.00379546155773556,0.0581294643696656));
#6442=CARTESIAN_POINT('',(-0.00680721257042923,0.00354296657039618,0.0583510564285244));
#6443=CARTESIAN_POINT('',(-0.00633367396648635,0.00329499454295223,0.0585719864148317));
#6444=CARTESIAN_POINT('',(-0.00602918985594535,0.00312847576965333,0.0587315621460988));
#6445=CARTESIAN_POINT('',(-0.00588198503316988,0.00304786469615672,0.0588089738090922));
#6446=CARTESIAN_POINT('',(-0.00978614724547446,0.00497434420925744,0.0572657010698502));
#6447=CARTESIAN_POINT('',(-0.00964249325410908,0.00490133148027752,0.0573274144979175));
#6448=CARTESIAN_POINT('',(-0.00933493872811323,0.00474501398818191,0.057459543661645));
#6449=CARTESIAN_POINT('',(-0.00886331083342588,0.00450526095970142,0.0576622785986113));
#6450=CARTESIAN_POINT('',(-0.00837175390821323,0.00425535976896719,0.0578735855993236));
#6451=CARTESIAN_POINT('',(-0.00787962515417013,0.00400530193303515,0.0580848800404156));
#6452=CARTESIAN_POINT('',(-0.00738809241713748,0.00375534608132897,0.0582963403240275));
#6453=CARTESIAN_POINT('',(-0.0068959365238979,0.00350548486495982,0.0585071814917656));
#6454=CARTESIAN_POINT('',(-0.00641554885589255,0.00326022692626413,0.0587159329151161));
#6455=CARTESIAN_POINT('',(-0.00610597614954894,0.00309472658804637,0.0588663696843228));
#6456=CARTESIAN_POINT('',(-0.00595630090441561,0.00301459694288468,0.0589393433620826));
#6457=CARTESIAN_POINT('',(-0.00984861926113566,0.00494232048475908,0.0573742624199967));
#6458=CARTESIAN_POINT('',(-0.00970402828596873,0.00486976874314783,0.0574343949385474));
#6459=CARTESIAN_POINT('',(-0.00939447306709169,0.00471444073582106,0.0575631359516311));
#6460=CARTESIAN_POINT('',(-0.008919918759427,0.00447627246811143,0.057760581802333));
#6461=CARTESIAN_POINT('',(-0.00842522394986678,0.00422797904612765,0.0579664336467133));
#6462=CARTESIAN_POINT('',(-0.00792992734728543,0.00397951526199667,0.0581723064232296));
#6463=CARTESIAN_POINT('',(-0.00743524751827157,0.00373117662378983,0.0583782728084681));
#6464=CARTESIAN_POINT('',(-0.00694000827327176,0.00348291829612443,0.0585837245085258));
#6465=CARTESIAN_POINT('',(-0.00645637712830992,0.00323927288730956,0.0587868893982067));
#6466=CARTESIAN_POINT('',(-0.00614382293847485,0.00307463953660221,0.0589319198749236));
#6467=CARTESIAN_POINT('',(-0.00599269278744459,0.00299492648486996,0.0590022525331648));
#6468=CARTESIAN_POINT('',(-0.00997210984091395,0.00486177158588956,0.0575826715330102));
#6469=CARTESIAN_POINT('',(-0.00982575222406099,0.00479040979725285,0.057639748996111));
#6470=CARTESIAN_POINT('',(-0.00951240178092096,0.00463762656644057,0.057761949193256));
#6471=CARTESIAN_POINT('',(-0.00903168369427887,0.00440328521904295,0.0579493614895455));
#6472=CARTESIAN_POINT('',(-0.00853093670173299,0.00415916301619562,0.0581445604237917));
#6473=CARTESIAN_POINT('',(-0.00802938666587227,0.00391462651281602,0.0583401781870856));
#6474=CARTESIAN_POINT('',(-0.00752855327488548,0.00367033289826003,0.0585356626050772));
#6475=CARTESIAN_POINT('',(-0.00702701704307621,0.00342632051465348,0.0587303335402306));
#6476=CARTESIAN_POINT('',(-0.00653789924935484,0.0031859835248023,0.0589243279622809));
#6477=CARTESIAN_POINT('',(-0.00621724503188431,0.00302592882117041,0.0590552294740164));
#6478=CARTESIAN_POINT('',(-0.0060621300364611,0.00294846625109378,0.0591186074538209));
#6479=CARTESIAN_POINT('',(-0.0100312341843406,0.00481712583342438,0.0576806416285077));
#6480=CARTESIAN_POINT('',(-0.00988399012688128,0.00474640600887171,0.0577362969663183));
#6481=CARTESIAN_POINT('',(-0.00956875108893794,0.00459500203819335,0.0578554472590444));
#6482=CARTESIAN_POINT('',(-0.00908538173111974,0.00436290463713078,0.0580380439894744));
#6483=CARTESIAN_POINT('',(-0.00858121594887563,0.00412087257486988,0.0582284468642079));
#6484=CARTESIAN_POINT('',(-0.00807715661231771,0.00387872532020465,0.0584190312719356));
#6485=CARTESIAN_POINT('',(-0.00757335207042319,0.0036366177917711,0.0586096705326144));
#6486=CARTESIAN_POINT('',(-0.00706858631103585,0.00339502562825605,0.0587991499943905));
#6487=CARTESIAN_POINT('',(-0.00657738425176392,0.00315617041500093,0.0589893756370646));
#6488=CARTESIAN_POINT('',(-0.00625184635136746,0.00299977316695904,0.0591122012557689));
#6489=CARTESIAN_POINT('',(-0.00609431696020245,0.00292411953648252,0.0591715897930201));
#6490=CARTESIAN_POINT('',(-0.0101250529052364,0.00473302942189411,0.0578277508249007));
#6491=CARTESIAN_POINT('',(-0.00997634281708584,0.00466350410222695,0.0578812827184297));
#6492=CARTESIAN_POINT('',(-0.00965799490843251,0.00451467022525171,0.0579958753913739));
#6493=CARTESIAN_POINT('',(-0.00917064977957279,0.0042868520462944,0.0581711789845117));
#6494=CARTESIAN_POINT('',(-0.0086611701177823,0.00404881701290441,0.0583544014534717));
#6495=CARTESIAN_POINT('',(-0.00815296513781757,0.00381110159091923,0.0585374003212146));
#6496=CARTESIAN_POINT('',(-0.0076443781789022,0.00357313473320982,0.0587207274755724));
#6497=CARTESIAN_POINT('',(-0.00713470495918622,0.00333595195446039,0.0589026880712188));
#6498=CARTESIAN_POINT('',(-0.00663945728350898,0.00310048479182175,0.0590861956044854));
#6499=CARTESIAN_POINT('',(-0.00630773700320981,0.00294980271422677,0.0591994893142413));
#6500=CARTESIAN_POINT('',(-0.00614716478743996,0.00287696536451931,0.0592541911187366));
#6501=CARTESIAN_POINT('',(-0.0101613210219153,0.00469716333440974,0.0578821507228297));
#6502=CARTESIAN_POINT('',(-0.0100121035476325,0.00462817226717725,0.0579348742602519));
#6503=CARTESIAN_POINT('',(-0.00969266216093738,0.00448047987391056,0.0580477391391358));
#6504=CARTESIAN_POINT('',(-0.00920344916075241,0.00425435057092048,0.0582204688110027));
#6505=CARTESIAN_POINT('',(-0.0086923554231995,0.00401819272286556,0.0584008884510247));
#6506=CARTESIAN_POINT('',(-0.00818215799794322,0.0037822118173668,0.05858121697601));
#6507=CARTESIAN_POINT('',(-0.00767174993975507,0.00354606386152144,0.0587617518873734));
#6508=CARTESIAN_POINT('',(-0.00716038459925031,0.00331067051969599,0.058941171632143));
#6509=CARTESIAN_POINT('',(-0.00666296115070957,0.00307704314139147,0.0591212595163858));
#6510=CARTESIAN_POINT('',(-0.0063301219749835,0.00292786536612999,0.0592333165433771));
#6511=CARTESIAN_POINT('',(-0.00616901303916669,0.0028557601187247,0.0592874349506113));
#6512=CARTESIAN_POINT('',(-0.0102290475632796,0.00462283851055729,0.0579785657114186));
#6513=CARTESIAN_POINT('',(-0.0100789147355262,0.00455497146921981,0.0580298388017736));
#6514=CARTESIAN_POINT('',(-0.00975748651128931,0.00440967467173808,0.0581396095475765));
#6515=CARTESIAN_POINT('',(-0.00926450659700545,0.00418693017499438,0.0583078914730094));
#6516=CARTESIAN_POINT('',(-0.00875065404608077,0.00395472662879252,0.0584832779163174));
#6517=CARTESIAN_POINT('',(-0.00823643174286968,0.00372229412044751,0.0586589118220359));
#6518=CARTESIAN_POINT('',(-0.00772269438810936,0.00348986786637527,0.0588345667029068));
#6519=CARTESIAN_POINT('',(-0.0072079997480814,0.00325833721837846,0.0590092161902261));
#6520=CARTESIAN_POINT('',(-0.00670710903157016,0.00302797276795047,0.0591842166820973));
#6521=CARTESIAN_POINT('',(-0.00637074745702245,0.00288333611037726,0.0592918252619984));
#6522=CARTESIAN_POINT('',(-0.00620791612916487,0.00281346307616498,0.0593437753148126));
#6523=CARTESIAN_POINT('',(-0.0102604964693403,0.00458438189700352,0.0580208062578909));
#6524=CARTESIAN_POINT('',(-0.0101098919275958,0.00451708101956767,0.0580714564488367));
#6525=CARTESIAN_POINT('',(-0.00978745243288328,0.00437299457748933,0.058179895475153));
#6526=CARTESIAN_POINT('',(-0.00929288566506105,0.00415205920510521,0.0583461849078109));
#6527=CARTESIAN_POINT('',(-0.00877755465640427,0.00392181854176923,0.058519436175533));
#6528=CARTESIAN_POINT('',(-0.0082615894923302,0.00369126638634909,0.0586929788087531));
#6529=CARTESIAN_POINT('',(-0.00774618683029551,0.00346084077666781,0.0588664155688287));
#6530=CARTESIAN_POINT('',(-0.00723021286292765,0.00323093406896211,0.0590393550093862));
#6531=CARTESIAN_POINT('',(-0.00672666796865814,0.00300361066873461,0.059210760317408));
#6532=CARTESIAN_POINT('',(-0.00639119774367322,0.0028582123091679,0.0593196449638223));
#6533=CARTESIAN_POINT('',(-0.00622883645713569,0.00278793011938823,0.0593722659530288));
#6534=CARTESIAN_POINT('',(-0.0102886280878948,0.00454559006724277,0.0580569194999529));
#6535=CARTESIAN_POINT('',(-0.0101375794390004,0.00447885709861717,0.0581070430341988));
#6536=CARTESIAN_POINT('',(-0.00981419818604655,0.00433598760570132,0.0582143527082257));
#6537=CARTESIAN_POINT('',(-0.00931842751446611,0.00411694735790784,0.0583788621886365));
#6538=CARTESIAN_POINT('',(-0.00880151069142716,0.00388857885581862,0.0585503979654586));
#6539=CARTESIAN_POINT('',(-0.00828426519086215,0.00366004838570204,0.0587220307491818));
#6540=CARTESIAN_POINT('',(-0.00776732445302788,0.00343166528478158,0.0588935711402148));
#6541=CARTESIAN_POINT('',(-0.00725028036504505,0.00320322997125933,0.0590651420440249));
#6542=CARTESIAN_POINT('',(-0.00674406714233948,0.00297958087253744,0.0592331194004091));
#6543=CARTESIAN_POINT('',(-0.00641014777028359,0.00283205492347991,0.059343925696543));
#6544=CARTESIAN_POINT('',(-0.00624858543206357,0.00276067653742378,0.0593975378339337));
#6545=CARTESIAN_POINT('',(-0.00958453710007424,0.00509763582577174,0.0567733171181008));
#6546=CARTESIAN_POINT('',(-0.00942489023761599,0.00501272869963275,0.0568515650408259));
#6547=CARTESIAN_POINT('',(-0.00910561422285936,0.00484292386638599,0.0570080522059724));
#6548=CARTESIAN_POINT('',(-0.00862746011345261,0.00458859788228511,0.057242407952875));
#6549=CARTESIAN_POINT('',(-0.00814823681474721,0.00433372793023813,0.0574773172550164));
#6550=CARTESIAN_POINT('',(-0.00766989714458562,0.00407933898310411,0.0577116536084951));
#6551=CARTESIAN_POINT('',(-0.00719151558954851,0.00382476504545201,0.0579465663786369));
#6552=CARTESIAN_POINT('',(-0.00671208824575836,0.00357030789828778,0.058179898328046));
#6553=CARTESIAN_POINT('',(-0.00623606333883871,0.00331514752301809,0.058419376343603));
#6554=CARTESIAN_POINT('',(-0.00592738217097104,0.00314290224903138,0.0585943922197504));
#6555=CARTESIAN_POINT('',(-0.00577303668929057,0.00305677687907664,0.0586819029347458));
#6556=CARTESIAN_POINT('',(-0.00952508821466341,0.00466606611298673,0.0564023934405696));
#6557=CARTESIAN_POINT('',(-0.00938522793198772,0.00459755281655141,0.0564768155532315));
#6558=CARTESIAN_POINT('',(-0.00908576486998025,0.0044508550987882,0.0566361657927671));
#6559=CARTESIAN_POINT('',(-0.00862730259859031,0.00422627184250583,0.0568801408150089));
#6560=CARTESIAN_POINT('',(-0.00814810095070651,0.00399149816749743,0.0571351316481697));
#6561=CARTESIAN_POINT('',(-0.00766988965400117,0.00375734923084816,0.0573895864603022));
#6562=CARTESIAN_POINT('',(-0.00719134088847501,0.00352248150472637,0.0576443745245674));
#6563=CARTESIAN_POINT('',(-0.00671196398326257,0.00328929935191614,0.0578989375482623));
#6564=CARTESIAN_POINT('',(-0.00625478789247772,0.00305942253202239,0.0581441215348268));
#6565=CARTESIAN_POINT('',(-0.00596388232544606,0.00289569288611505,0.0583061366079161));
#6566=CARTESIAN_POINT('',(-0.00582777187590854,0.00281862067992734,0.0583821011388027));
#6567=CARTESIAN_POINT('',(-0.0095247801836082,0.00475805664125959,0.056489203032097));
#6568=CARTESIAN_POINT('',(-0.00938500129015075,0.00468826952848912,0.0565623494699338));
#6569=CARTESIAN_POINT('',(-0.00908568664645553,0.00453881473133976,0.0567189650778305));
#6570=CARTESIAN_POINT('',(-0.00862676681510108,0.00430922541233883,0.0569586685004058));
#6571=CARTESIAN_POINT('',(-0.00814806291667966,0.00407069726724915,0.0572096545377111));
#6572=CARTESIAN_POINT('',(-0.00766937061601349,0.00383100551357298,0.0574593540482804));
#6573=CARTESIAN_POINT('',(-0.00719095280064796,0.00359184676293443,0.057709978963342));
#6574=CARTESIAN_POINT('',(-0.00671155142459795,0.00335369153207659,0.0579599016147793));
#6575=CARTESIAN_POINT('',(-0.00625439372387055,0.00312031907110321,0.0582017318944));
#6576=CARTESIAN_POINT('',(-0.00596351197180777,0.00295707658097794,0.0583639468126023));
#6577=CARTESIAN_POINT('',(-0.00582741298795719,0.0028803046121602,0.0584400670826166));
#6578=CARTESIAN_POINT('',(-0.00952452889670055,0.00482566975942599,0.0565543407607668));
#6579=CARTESIAN_POINT('',(-0.00938485725659965,0.00475494308973888,0.0566264846817187));
#6580=CARTESIAN_POINT('',(-0.0090857350204757,0.00460345785627421,0.0567809705847541));
#6581=CARTESIAN_POINT('',(-0.00862612323538987,0.00437026476180319,0.0570178597368159));
#6582=CARTESIAN_POINT('',(-0.00814858734414764,0.0041288619433639,0.0572649962260614));
#6583=CARTESIAN_POINT('',(-0.00766880060199266,0.00388525796803234,0.0575119588317875));
#6584=CARTESIAN_POINT('',(-0.00719068637204447,0.00364288130519658,0.0577592118368303));
#6585=CARTESIAN_POINT('',(-0.00671121919620089,0.00340109807809498,0.058005719426904));
#6586=CARTESIAN_POINT('',(-0.00625409126774695,0.0031651829952992,0.0582450547226503));
#6587=CARTESIAN_POINT('',(-0.00596317540977141,0.00300229080082958,0.0584075141579852));
#6588=CARTESIAN_POINT('',(-0.00582705905361781,0.00292573521424958,0.0584837976889958));
#6589=CARTESIAN_POINT('',(-0.00952460255153909,0.00491412165854727,0.0566428054822526));
#6590=CARTESIAN_POINT('',(-0.00938492970653593,0.00484201509846658,0.0567135694523929));
#6591=CARTESIAN_POINT('',(-0.00908580589892065,0.00468760971731292,0.0568651340926628));
#6592=CARTESIAN_POINT('',(-0.00862621842203095,0.0044508577833096,0.0570984365849251));
#6593=CARTESIAN_POINT('',(-0.00814858178212329,0.00420380146482385,0.0573400137878479));
#6594=CARTESIAN_POINT('',(-0.00766882271542259,0.0039569823905621,0.0575837308606087));
#6595=CARTESIAN_POINT('',(-0.00719073966275423,0.00370987545760196,0.0578262180859075));
#6596=CARTESIAN_POINT('',(-0.00671126228529448,0.00346349331067939,0.0580681322411561));
#6597=CARTESIAN_POINT('',(-0.00625411982017311,0.00322427417073808,0.0583041753598317));
#6598=CARTESIAN_POINT('',(-0.00596320874771985,0.00306189318455699,0.0584671447608567));
#6599=CARTESIAN_POINT('',(-0.00582709500491037,0.00298564647976854,0.0585437363575499));
#6600=CARTESIAN_POINT('',(-0.00952481587723984,0.00497983910184932,0.0567110461449408));
#6601=CARTESIAN_POINT('',(-0.00938502672415836,0.00490670982774652,0.0567808587773705));
#6602=CARTESIAN_POINT('',(-0.00908569403114592,0.00475013470968306,0.0569303681808929));
#6603=CARTESIAN_POINT('',(-0.00862685036592582,0.0045105923419023,0.0571600401651042));
#6604=CARTESIAN_POINT('',(-0.00814815683596206,0.00425976196014936,0.0573987112924636));
#6605=CARTESIAN_POINT('',(-0.00766937791013992,0.0040100786572329,0.0576384985203668));
#6606=CARTESIAN_POINT('',(-0.00719106523049928,0.00375962625729831,0.0578777220541773));
#6607=CARTESIAN_POINT('',(-0.00671163735272061,0.00350977986650048,0.0581159740029333));
#6608=CARTESIAN_POINT('',(-0.00625443334076078,0.00326802418697489,0.0583494634397631));
#6609=CARTESIAN_POINT('',(-0.00596354869500481,0.00310588778192397,0.0585127894868044));
#6610=CARTESIAN_POINT('',(-0.00582744906587929,0.00302980507489589,0.0585896007939812));
#6611=CARTESIAN_POINT('',(-0.00952518590751249,0.00506607027994839,0.0568024069938984));
#6612=CARTESIAN_POINT('',(-0.00938532454072647,0.00499168588727417,0.0568709574203913));
#6613=CARTESIAN_POINT('',(-0.00908586145846979,0.00483241754396136,0.0570177335487881));
#6614=CARTESIAN_POINT('',(-0.00862746011345261,0.00458859788228511,0.057242407952875));
#6615=CARTESIAN_POINT('',(-0.00814823681474721,0.00433372793023813,0.0574773172550164));
#6616=CARTESIAN_POINT('',(-0.00766989714458562,0.00407933898310411,0.0577116536084951));
#6617=CARTESIAN_POINT('',(-0.00719151558954851,0.00382476504545201,0.0579465663786369));
#6618=CARTESIAN_POINT('',(-0.00671208824575836,0.00357030789828778,0.058179898328046));
#6619=CARTESIAN_POINT('',(-0.00625484398787777,0.00332521438587958,0.0584099281981439));
#6620=CARTESIAN_POINT('',(-0.00596394692809486,0.00316328109414529,0.0585737317736867));
#6621=CARTESIAN_POINT('',(-0.0058278418424836,0.00308735547319019,0.058650837944941));
#6622=CARTESIAN_POINT('',(-0.00958443896909836,0.00469513999744117,0.0563708118329393));
#6623=CARTESIAN_POINT('',(-0.00942479351758464,0.00461693453955353,0.0564557619297227));
#6624=CARTESIAN_POINT('',(-0.00910552032456056,0.00446053229937099,0.0566256526994916));
#6625=CARTESIAN_POINT('',(-0.00862730266362493,0.00422627162799849,0.0568801407387634));
#6626=CARTESIAN_POINT('',(-0.00814810101569543,0.00399149795299049,0.0571351315718724));
#6627=CARTESIAN_POINT('',(-0.00766988971903692,0.00375734901630043,0.0573895863839532));
#6628=CARTESIAN_POINT('',(-0.00719134095361138,0.00352248129026543,0.0576443744482716));
#6629=CARTESIAN_POINT('',(-0.00671196404842211,0.00328929913752648,0.0578989374718769));
#6630=CARTESIAN_POINT('',(-0.00623601010852067,0.00304998045821904,0.0581541920375611));
#6631=CARTESIAN_POINT('',(-0.00592731635391508,0.00287504142126313,0.0583265257556126));
#6632=CARTESIAN_POINT('',(-0.00577296457866595,0.00278756912708271,0.058412695349003));
#6633=CARTESIAN_POINT('',(-0.0102883277077836,0.00341134604015176,0.0569226733582311));
#6634=CARTESIAN_POINT('',(-0.0101372989982099,0.0033612683913292,0.0569894406154835));
#6635=CARTESIAN_POINT('',(-0.00981395611805673,0.00325405545134914,0.0571323852648515));
#6636=CARTESIAN_POINT('',(-0.00931816659223119,0.00308966661529076,0.0573515708239096));
#6637=CARTESIAN_POINT('',(-0.00880127062149914,0.00291827153181158,0.0575800762667226));
#6638=CARTESIAN_POINT('',(-0.00828402778517404,0.00274677215132201,0.0578087495662398));
#6639=CARTESIAN_POINT('',(-0.00776708330131389,0.00257536345692205,0.0580372781680536));
#6640=CARTESIAN_POINT('',(-0.00725008479078523,0.00240394154566557,0.0582658401452375));
#6641=CARTESIAN_POINT('',(-0.0067434986455148,0.00223597000575232,0.0584897943701524));
#6642=CARTESIAN_POINT('',(-0.00640928983530761,0.00212515508728023,0.0586375441134157));
#6643=CARTESIAN_POINT('',(-0.00624740813505536,0.00207147934813606,0.0587091101032891));
#6644=CARTESIAN_POINT('',(-0.0102637026948301,0.0034429622649168,0.0568887260527578));
#6645=CARTESIAN_POINT('',(-0.0101130511896267,0.00339243674899839,0.0569559766631502));
#6646=CARTESIAN_POINT('',(-0.00979050971283047,0.00328426222485324,0.0570999582172003));
#6647=CARTESIAN_POINT('',(-0.00929578524687981,0.00311832650481516,0.0573207888166841));
#6648=CARTESIAN_POINT('',(-0.00878046758462826,0.00294514967141527,0.0575512318181202));
#6649=CARTESIAN_POINT('',(-0.00826349869989031,0.00277306480586166,0.0577805082621586));
#6650=CARTESIAN_POINT('',(-0.00775095861491809,0.0025961019078046,0.0580150058895147));
#6651=CARTESIAN_POINT('',(-0.00722368765480279,0.00243785142908531,0.0582294246385217));
#6652=CARTESIAN_POINT('',(-0.00672948008154349,0.00225396263331855,0.058470460181461));
#6653=CARTESIAN_POINT('',(-0.0063951357472282,0.00214329228833353,0.0586180127351097));
#6654=CARTESIAN_POINT('',(-0.00623307022099663,0.00208983812057908,0.0586893199865451));
#6655=CARTESIAN_POINT('',(-0.0102366041747439,0.00347919465929476,0.0568550609941135));
#6656=CARTESIAN_POINT('',(-0.0100863503596204,0.00342814782838148,0.056922798594686));
#6657=CARTESIAN_POINT('',(-0.0097646618589394,0.00331885576381586,0.0570678232772527));
#6658=CARTESIAN_POINT('',(-0.00927128635494278,0.0031511683074848,0.0572902669642565));
#6659=CARTESIAN_POINT('',(-0.0087573396201775,0.00297607107525327,0.0575225020874867));
#6660=CARTESIAN_POINT('',(-0.00824152189610014,0.00280260601543875,0.0577530820371519));
#6661=CARTESIAN_POINT('',(-0.00773159449875405,0.00262230401269383,0.0579905456237506));
#6662=CARTESIAN_POINT('',(-0.00720118180273491,0.00246780192430791,0.0582019456308823));
#6663=CARTESIAN_POINT('',(-0.00671272174016234,0.00227664590463252,0.0584492757127939));
#6664=CARTESIAN_POINT('',(-0.00637911384942044,0.00216491597867357,0.0585977862915548));
#6665=CARTESIAN_POINT('',(-0.00621736154266479,0.00211100174475512,0.0586695121074697));
#6666=CARTESIAN_POINT('',(-0.01017844329586,0.00356085131368815,0.0567895248953822));
#6667=CARTESIAN_POINT('',(-0.0100289441535538,0.00350858694105613,0.0568582507712841));
#6668=CARTESIAN_POINT('',(-0.00970890187831294,0.00339669465509806,0.0570053834057175));
#6669=CARTESIAN_POINT('',(-0.00921886090073259,0.00322519169080854,0.0572308499624725));
#6670=CARTESIAN_POINT('',(-0.00870732935508999,0.00304583925478967,0.057466451813895));
#6671=CARTESIAN_POINT('',(-0.00819496707411491,0.0028685250691553,0.057700468067663));
#6672=CARTESIAN_POINT('',(-0.00768770742317342,0.0026837363791198,0.05794005762326));
#6673=CARTESIAN_POINT('',(-0.00716110141955659,0.00252631545113534,0.0581592329417966));
#6674=CARTESIAN_POINT('',(-0.00667480634729444,0.00232977539505149,0.0584056036281276));
#6675=CARTESIAN_POINT('',(-0.00634393328973129,0.00221439825763701,0.0585573841758759));
#6676=CARTESIAN_POINT('',(-0.00618352426100208,0.0021587160578133,0.0586307494354107));
#6677=CARTESIAN_POINT('',(-0.0101473939276894,0.00360643566138859,0.056757654546089));
#6678=CARTESIAN_POINT('',(-0.00999826580552456,0.0035534737279327,0.0568268804403003));
#6679=CARTESIAN_POINT('',(-0.00967904187926153,0.00344009699147184,0.0569750741050533));
#6680=CARTESIAN_POINT('',(-0.00919089342692164,0.00326655639584491,0.0572019159307882));
#6681=CARTESIAN_POINT('',(-0.00868062396794335,0.00308467423149628,0.0574392857706748));
#6682=CARTESIAN_POINT('',(-0.00816986886869174,0.00290562412950768,0.0576746667802526));
#6683=CARTESIAN_POINT('',(-0.00766502165887775,0.00271682541425675,0.0579163749459901));
#6684=CARTESIAN_POINT('',(-0.007136581310646,0.00256339461637,0.058135297101421));
#6685=CARTESIAN_POINT('',(-0.00665518702373354,0.00235842756691308,0.0583850834822958));
#6686=CARTESIAN_POINT('',(-0.00632539371445166,0.00224156465406279,0.0585380251770708));
#6687=CARTESIAN_POINT('',(-0.00616547703172359,0.00218522077589784,0.058611937315825));
#6688=CARTESIAN_POINT('',(-0.0100655388406092,0.00373209575101622,0.0566804428671945));
#6689=CARTESIAN_POINT('',(-0.00991767225452945,0.00367731040176169,0.0567507823054611));
#6690=CARTESIAN_POINT('',(-0.00960113127297183,0.00356002267865829,0.0569013671762773));
#6691=CARTESIAN_POINT('',(-0.00911662073231676,0.00338029491791247,0.0571320661096897));
#6692=CARTESIAN_POINT('',(-0.00861065650186058,0.00319227089052461,0.0573730883781284));
#6693=CARTESIAN_POINT('',(-0.00810407165222586,0.0030065374542313,0.0576129261845184));
#6694=CARTESIAN_POINT('',(-0.00760230223913573,0.00281247559684646,0.0578567179466464));
#6695=CARTESIAN_POINT('',(-0.00708196649543919,0.00264888717295145,0.0580860918354329));
#6696=CARTESIAN_POINT('',(-0.00660096133584863,0.00244110918336551,0.0583334550646675));
#6697=CARTESIAN_POINT('',(-0.0062753597471205,0.00231788554686293,0.0584903238153162));
#6698=CARTESIAN_POINT('',(-0.00611752943638565,0.00225839655815684,0.0585662167734022));
#6699=CARTESIAN_POINT('',(-0.010013248384775,0.003817228806546,0.0566377948846623));
#6700=CARTESIAN_POINT('',(-0.0098662963885418,0.00376123544669066,0.0567087128715418));
#6701=CARTESIAN_POINT('',(-0.00955167015725466,0.0036413475733243,0.0568605514771064));
#6702=CARTESIAN_POINT('',(-0.00906894510137262,0.00345726450002013,0.0570935736946713));
#6703=CARTESIAN_POINT('',(-0.00856618758781697,0.00326532888219137,0.0573364130014983));
#6704=CARTESIAN_POINT('',(-0.0080620035082267,0.00307452676913059,0.0575789542562076));
#6705=CARTESIAN_POINT('',(-0.00756160211709926,0.00287837563656124,0.0578236151158209));
#6706=CARTESIAN_POINT('',(-0.00704889695836532,0.00270263899570835,0.0580596538740607));
#6707=CARTESIAN_POINT('',(-0.0065657441375914,0.00249803057419378,0.0583048047369635));
#6708=CARTESIAN_POINT('',(-0.00624308218713928,0.00236989712597211,0.0584638911832586));
#6709=CARTESIAN_POINT('',(-0.00608673777392377,0.0023079302978398,0.0585409106799856));
#6710=CARTESIAN_POINT('',(-0.00991073701551698,0.00398824546406399,0.056565000186208));
#6711=CARTESIAN_POINT('',(-0.00976527355607089,0.00392970750911682,0.05663701003867));
#6712=CARTESIAN_POINT('',(-0.00945383854558012,0.00380437874924022,0.0567911813493639));
#6713=CARTESIAN_POINT('',(-0.00897612237959287,0.00361213703702472,0.0570276499975281));
#6714=CARTESIAN_POINT('',(-0.00847841661943981,0.00341186432551676,0.0572740287075238));
#6715=CARTESIAN_POINT('',(-0.00797997814740832,0.0032112397876157,0.0575207939995614));
#6716=CARTESIAN_POINT('',(-0.00748204511748591,0.00301100056271062,0.0577671365484987));
#6717=CARTESIAN_POINT('',(-0.0069842584609805,0.0028101850546569,0.0580140888097072));
#6718=CARTESIAN_POINT('',(-0.00649696078678641,0.00261256288003989,0.0582558777384296));
#6719=CARTESIAN_POINT('',(-0.00617996906629248,0.0024746737740689,0.0584185574879956));
#6720=CARTESIAN_POINT('',(-0.0060264908026398,0.00240777708360651,0.0584974002087668));
#6721=CARTESIAN_POINT('',(-0.00986172508168023,0.00407205598807909,0.0565353178055619));
#6722=CARTESIAN_POINT('',(-0.00971695082671094,0.00401226414315501,0.0566077818108389));
#6723=CARTESIAN_POINT('',(-0.00940700128924671,0.00388425712169845,0.056762920166667));
#6724=CARTESIAN_POINT('',(-0.00893182649395719,0.00368807437600689,0.0570007317549676));
#6725=CARTESIAN_POINT('',(-0.0084362770216939,0.00348359198164793,0.0572486764498012));
#6726=CARTESIAN_POINT('',(-0.00794077713189448,0.00327833792815025,0.0574970069157749));
#6727=CARTESIAN_POINT('',(-0.00744420219374292,0.00307575836394198,0.0577442687682175));
#6728=CARTESIAN_POINT('',(-0.00695276608265147,0.00286386097231466,0.0579948541864846));
#6729=CARTESIAN_POINT('',(-0.00646425820655772,0.00266847780855166,0.0582360453737559));
#6730=CARTESIAN_POINT('',(-0.00614984212651914,0.00252604288642956,0.0584000103648113));
#6731=CARTESIAN_POINT('',(-0.00599765946398194,0.00245685858700128,0.0584794995312441));
#6732=CARTESIAN_POINT('',(-0.00971984957720491,0.0043177767548014,0.0564610800952408));
#6733=CARTESIAN_POINT('',(-0.00957719403646386,0.00425438284666547,0.0565346227821604));
#6734=CARTESIAN_POINT('',(-0.00927177003661541,0.00411866189096976,0.0566920739293965));
#6735=CARTESIAN_POINT('',(-0.00880325569645955,0.0039105942134788,0.0569335221190943));
#6736=CARTESIAN_POINT('',(-0.00831491838840027,0.00369389679584222,0.0571851416762678));
#6737=CARTESIAN_POINT('',(-0.00782667941949071,0.00347590316838025,0.057437266349514));
#6738=CARTESIAN_POINT('',(-0.00733648913558743,0.00326232832701511,0.057688102523992));
#6739=CARTESIAN_POINT('',(-0.00685484758700534,0.00303319718869772,0.0579429838096496));
#6740=CARTESIAN_POINT('',(-0.00637113733080014,0.00282970676648376,0.0581872693461322));
#6741=CARTESIAN_POINT('',(-0.00606334409802061,0.00267546672170485,0.0583536577340298));
#6742=CARTESIAN_POINT('',(-0.00591441858524624,0.00260047242948984,0.0584343261657489));
#6743=CARTESIAN_POINT('',(-0.00963064934808285,0.00447530207864909,0.0564282741069523));
#6744=CARTESIAN_POINT('',(-0.00948930371239018,0.00440960947070274,0.0565022893478918));
#6745=CARTESIAN_POINT('',(-0.00918668408600071,0.00426896599063436,0.056660753598375));
#6746=CARTESIAN_POINT('',(-0.00872246842986165,0.0040533198458233,0.0569037922460122));
#6747=CARTESIAN_POINT('',(-0.00823879693736658,0.00382849402244639,0.0571570805935368));
#6748=CARTESIAN_POINT('',(-0.00775447726557074,0.00360351425479471,0.0574106387790519));
#6749=CARTESIAN_POINT('',(-0.00727079554738674,0.00337861763147848,0.0576639632840588));
#6750=CARTESIAN_POINT('',(-0.00678648861653654,0.00315426361811568,0.057917264390777));
#6751=CARTESIAN_POINT('',(-0.00631433105330443,0.00293031159827086,0.0581662193387749));
#6752=CARTESIAN_POINT('',(-0.00600975935241689,0.00277023415938544,0.0583329902860155));
#6753=CARTESIAN_POINT('',(-0.0058623316256745,0.00269252145804222,0.0584138056125101));
#6754=CARTESIAN_POINT('',(-0.00952524334630143,0.00466614186088806,0.0564023108506184));
#6755=CARTESIAN_POINT('',(-0.00938533136669028,0.0045976032396481,0.0564767604718604));
#6756=CARTESIAN_POINT('',(-0.00908581655050292,0.00445088016872763,0.0566361382487212));
#6757=CARTESIAN_POINT('',(-0.00862730266362493,0.00422627162799849,0.0568801407387634));
#6758=CARTESIAN_POINT('',(-0.00814810101569543,0.00399149795299049,0.0571351315718724));
#6759=CARTESIAN_POINT('',(-0.00766988971903692,0.00375734901630043,0.0573895863839532));
#6760=CARTESIAN_POINT('',(-0.00719134095361138,0.00352248129026543,0.0576443744482716));
#6761=CARTESIAN_POINT('',(-0.00671196404842211,0.00328929913752648,0.0578989374718769));
#6762=CARTESIAN_POINT('',(-0.00624563560335504,0.0030548203398091,0.0581490298752226));
#6763=CARTESIAN_POINT('',(-0.00594605250560904,0.00288564068267723,0.0583160723833216));
#6764=CARTESIAN_POINT('',(-0.00580105739377939,0.00280348840174642,0.0583970124299645));
#6765=CARTESIAN_POINT('',(-0.006535764994339,-3.57423213587171E-23,0.0614692683883408));
#6766=CARTESIAN_POINT('',(-0.0106426096568252,-5.82015379652282E-23,0.0614681698190581));
#6767=CARTESIAN_POINT('',(-0.0106390755456383,0.000590863455650259,0.0565766085553217));
#6768=CARTESIAN_POINT('',(-0.0106390756531464,0.000590848849638359,0.0565766070257008));
#6769=CARTESIAN_POINT('',(-0.00927071203138184,0.000514852013039894,0.0572061097676594));
#6770=CARTESIAN_POINT('',(-0.0079023484096183,0.000438855176441167,0.0578356125096203));
#6771=CARTESIAN_POINT('',(-0.00653398478786089,0.000362858339840852,0.0584651152515942));
#6772=CARTESIAN_POINT('',(-0.00653393451926823,0.000362854316341622,0.0584650054959377));
#6773=CARTESIAN_POINT('',(-0.006535764994339,-3.57423213587171E-23,0.0614692683883408));
#6774=CARTESIAN_POINT('',(-0.00653537400486275,0.0003916502076548,0.0600076099668725));
#6775=CARTESIAN_POINT('',(-0.00653576530611559,0.,0.0614704339207071));
#6776=CARTESIAN_POINT('',(-0.00653523031180676,-6.13321803507604E-20,0.0594704339604597));
#6777=CARTESIAN_POINT('',(-0.00653496115775406,0.000362945800983849,0.0584642399022897));
#6778=CARTESIAN_POINT('',(-0.0065349702015119,0.00064577488393719,0.0584980487017779));
#6779=CARTESIAN_POINT('',(-0.00653499011454845,0.000922281484330289,0.0585724907503564));
#6780=CARTESIAN_POINT('',(-0.00653502040623302,0.00118799609410578,0.0586857318950381));
#6781=CARTESIAN_POINT('',(-0.0116419729475476,0.000637749411996128,0.0590877891989954));
#6782=CARTESIAN_POINT('',(-0.011642610176437,0.,0.0614699785652174));
#6783=CARTESIAN_POINT('',(-0.0116420751821282,-6.13321803507604E-20,0.05946997860497));
#6784=CARTESIAN_POINT('',(-0.0116426096210478,-6.36702658204919E-23,0.0614679023219079));
#6785=CARTESIAN_POINT('',(-0.0116439278868668,-6.36702658204919E-23,0.0663960511675735));
#6786=CARTESIAN_POINT('',(-1.7347234759768E-18,4.81482486096809E-35,0.0614710166869135));
#6787=CARTESIAN_POINT('',(-0.0106413972002281,0.00193448272824506,0.0569355736659765));
#6788=CARTESIAN_POINT('',(-0.0106413483548473,0.00150663766538406,0.05675297217286));
#6789=CARTESIAN_POINT('',(-0.0106413158266319,0.0010528124543753,0.0566313700764324));
#6790=CARTESIAN_POINT('',(-0.010641300904304,0.000590987011684181,0.0565755850806966));
#6791=CARTESIAN_POINT('',(-0.0102880343491983,0.000681516798064461,0.055825994105236));
#6792=CARTESIAN_POINT('',(-0.0101370099460935,0.000671511709579446,0.055908860482853));
#6793=CARTESIAN_POINT('',(-0.00981367628579326,0.000650091655419679,0.0560862722378876));
#6794=CARTESIAN_POINT('',(-0.00931790089636027,0.000617253211760101,0.0563583046853809));
#6795=CARTESIAN_POINT('',(-0.0088010196652944,0.000583004298602667,0.0566419122690496));
#6796=CARTESIAN_POINT('',(-0.00828379157657275,0.000548748943540981,0.0569257173818241));
#6797=CARTESIAN_POINT('',(-0.00776686183336972,0.000514499815991799,0.0572093518289747));
#6798=CARTESIAN_POINT('',(-0.00724987806407033,0.000480255922767578,0.0574930217904083));
#6799=CARTESIAN_POINT('',(-0.00674330636357889,0.000446697655366051,0.0577709757625121));
#6800=CARTESIAN_POINT('',(-0.00640910708288413,0.00042455928988741,0.0579543502295665));
#6801=CARTESIAN_POINT('',(-0.00624722999846821,0.000413836078431367,0.0580431718656293));
#6802=CARTESIAN_POINT('',(-0.0102634063244533,0.000691920306192939,0.0557807876466705));
#6803=CARTESIAN_POINT('',(-0.0101127591682945,0.000681769080437336,0.0558642965404122));
#6804=CARTESIAN_POINT('',(-0.00979022700279358,0.00066003482947178,0.0560430870445974));
#6805=CARTESIAN_POINT('',(-0.00929551682116414,0.000626679407622723,0.0563173175426981));
#6806=CARTESIAN_POINT('',(-0.00878021406743228,0.000591856444144153,0.0566034939197397));
#6807=CARTESIAN_POINT('',(-0.00826325998698756,0.000557395653033969,0.0568881141037013));
#6808=CARTESIAN_POINT('',(-0.00775073517158019,0.000521321545766372,0.0571796948225497));
#6809=CARTESIAN_POINT('',(-0.00722347769799478,0.000491411459962688,0.0574445310410643));
#6810=CARTESIAN_POINT('',(-0.00672928608614887,0.000452610758956475,0.057745236052692));
#6811=CARTESIAN_POINT('',(-0.00639495126907765,0.000430498984860397,0.0579283674666449));
#6812=CARTESIAN_POINT('',(-0.00623289033832194,0.000419838266055756,0.0580168542495419));
#6813=CARTESIAN_POINT('',(-0.0102363041650782,0.000706462327055835,0.055733517624953));
#6814=CARTESIAN_POINT('',(-0.010086054751268,0.000696103177543081,0.0558177089078025));
#6815=CARTESIAN_POINT('',(-0.00976437567396001,0.000673922786507668,0.055997961527414));
#6816=CARTESIAN_POINT('',(-0.00927101463075436,0.00063985704068104,0.0562744648200723));
#6817=CARTESIAN_POINT('',(-0.00875708299712048,0.000604267207253455,0.0565631533703818));
#6818=CARTESIAN_POINT('',(-0.00824128021520953,0.000569263039607309,0.0568495924791933));
#6819=CARTESIAN_POINT('',(-0.00773136842771023,0.000531780511865669,0.0571454112527721));
#6820=CARTESIAN_POINT('',(-0.00720096882509436,0.000503606836227552,0.0574057590815995));
#6821=CARTESIAN_POINT('',(-0.00671252547027836,0.000461660572796386,0.0577155487297886));
#6822=CARTESIAN_POINT('',(-0.00637892720415739,0.00043911028569675,0.0579000395819108));
#6823=CARTESIAN_POINT('',(-0.00621717953940735,0.000428260462031642,0.0579891188741329));
#6824=CARTESIAN_POINT('',(-0.0101781347139616,0.000744403237020574,0.0556359354565817));
#6825=CARTESIAN_POINT('',(-0.0100286401003883,0.000733483904032681,0.0557215913547736));
#6826=CARTESIAN_POINT('',(-0.00970860752073626,0.000710105851291918,0.0559049695659245));
#6827=CARTESIAN_POINT('',(-0.0092185814059006,0.000674247659454567,0.0561859983750174));
#6828=CARTESIAN_POINT('',(-0.00870706540983749,0.000636656398512905,0.0564797301127638));
#6829=CARTESIAN_POINT('',(-0.00819471846266114,0.000600037404274927,0.0567710695872619));
#6830=CARTESIAN_POINT('',(-0.00768747494543879,0.000559732632629179,0.0570709727519801));
#6831=CARTESIAN_POINT('',(-0.00716088214692916,0.000532919332452243,0.0573395134814045));
#6832=CARTESIAN_POINT('',(-0.00667460453689267,0.000485830948507666,0.0576511642091588));
#6833=CARTESIAN_POINT('',(-0.006343741474545,0.000461757433849798,0.057840310445177));
#6834=CARTESIAN_POINT('',(-0.00618333726551736,0.000450196408239868,0.0579316934720187));
#6835=CARTESIAN_POINT('',(-0.010147080391411,0.000767941113258849,0.0555855438638677));
#6836=CARTESIAN_POINT('',(-0.00999795687335371,0.000756667733645963,0.0556719815577256));
#6837=CARTESIAN_POINT('',(-0.00967874280318977,0.000732534733652904,0.0558570208439946));
#6838=CARTESIAN_POINT('',(-0.00919060943682006,0.000695599788901735,0.0561402594187826));
#6839=CARTESIAN_POINT('',(-0.00868035580239587,0.000656701881964573,0.0564367870983586));
#6840=CARTESIAN_POINT('',(-0.00816961622019405,0.000619262132903735,0.0567301763866192));
#6841=CARTESIAN_POINT('',(-0.00766478560448484,0.000576544205244548,0.0570339192476395));
#6842=CARTESIAN_POINT('',(-0.00713635793677649,0.000553059632207317,0.0573002457321421));
#6843=CARTESIAN_POINT('',(-0.00665498211673001,0.000500381760608055,0.057619067859078));
#6844=CARTESIAN_POINT('',(-0.00632519895976064,0.000475602244585795,0.0578099625269255));
#6845=CARTESIAN_POINT('',(-0.00616528716562899,0.000463741694173698,0.0579021499865834));
#6846=CARTESIAN_POINT('',(-0.010065211265356,0.000838149157050964,0.0554558494786782));
#6847=CARTESIAN_POINT('',(-0.00991734948734389,0.000825853593771149,0.0555441631926428));
#6848=CARTESIAN_POINT('',(-0.00960081879925293,0.000799529541820653,0.0557332287212315));
#6849=CARTESIAN_POINT('',(-0.00911632403382736,0.000759165395234342,0.0560229011013643));
#6850=CARTESIAN_POINT('',(-0.00861037631845434,0.000716775268907519,0.0563256626540067));
#6851=CARTESIAN_POINT('',(-0.00810380771999399,0.000675776538648176,0.0566262531591491));
#6852=CARTESIAN_POINT('',(-0.00760205553024535,0.000629542806006158,0.0569344319282659));
#6853=CARTESIAN_POINT('',(-0.00708173345099515,0.0006024884212738,0.0572148884018393));
#6854=CARTESIAN_POINT('',(-0.00660074722106657,0.000546164680382729,0.0575330174739431));
#6855=CARTESIAN_POINT('',(-0.00627515649461134,0.000517840704594401,0.0577304932834671));
#6856=CARTESIAN_POINT('',(-0.00611733142211872,0.000504247097235704,0.0578259686634489));
#6857=CARTESIAN_POINT('',(-0.0100129109520089,0.000890545561564397,0.0553763505897103));
#6858=CARTESIAN_POINT('',(-0.00986596390467045,0.000877493227037464,0.0554657693139785));
#6859=CARTESIAN_POINT('',(-0.00955134826966688,0.000849544502352476,0.0556572206151855));
#6860=CARTESIAN_POINT('',(-0.00906863948825262,0.000806570425289936,0.0559510826106502));
#6861=CARTESIAN_POINT('',(-0.00856589894780035,0.00076170171032753,0.0562573734449426));
#6862=CARTESIAN_POINT('',(-0.00806173170040402,0.000717665422434865,0.056562839457288));
#6863=CARTESIAN_POINT('',(-0.00756134778089599,0.000670057056105672,0.0568728154754417));
#6864=CARTESIAN_POINT('',(-0.00704865767248754,0.000635815462064383,0.0571651177301366));
#6865=CARTESIAN_POINT('',(-0.00656552343675736,0.00058113017726917,0.0574797461297618));
#6866=CARTESIAN_POINT('',(-0.00624287292575291,0.000549663420760283,0.0576815973204962));
#6867=CARTESIAN_POINT('',(-0.00608653404180018,0.000534487409549055,0.0577792871779878));
#6868=CARTESIAN_POINT('',(-0.00991037931930279,0.00100223927277074,0.0552278038789746));
#6869=CARTESIAN_POINT('',(-0.00976492110994302,0.000987529386113324,0.0553194404307397));
#6870=CARTESIAN_POINT('',(-0.00945349733981697,0.000956035494835501,0.0555156322426619));
#6871=CARTESIAN_POINT('',(-0.00897579841594326,0.000907719714385397,0.0558165580744131));
#6872=CARTESIAN_POINT('',(-0.00847811061707506,0.000857401241688903,0.0561300824874444));
#6873=CARTESIAN_POINT('',(-0.00797969013953746,0.000806971271413194,0.0564441176297975));
#6874=CARTESIAN_POINT('',(-0.00748177506771922,0.000756663688039947,0.0567575939912772));
#6875=CARTESIAN_POINT('',(-0.00698400642454287,0.000706161904522157,0.0570718865153971));
#6876=CARTESIAN_POINT('',(-0.00649672652151608,0.000655845365619071,0.0573801104198027));
#6877=CARTESIAN_POINT('',(-0.00617974741644463,0.000617727371624953,0.0575899511279791));
#6878=CARTESIAN_POINT('',(-0.00602627527604896,0.00059919396973161,0.0576916847721875));
#6879=CARTESIAN_POINT('',(-0.00986135724014959,0.0010599735706039,0.0551601946789784));
#6880=CARTESIAN_POINT('',(-0.00971658838669017,0.00104440495195244,0.0552528514588893));
#6881=CARTESIAN_POINT('',(-0.00940665041313329,0.00101107533933815,0.0554512198339796));
#6882=CARTESIAN_POINT('',(-0.00893149333891251,0.000960018333729436,0.0557552791116078));
#6883=CARTESIAN_POINT('',(-0.008435962334831,0.000906837449533498,0.0560722644713792));
#6884=CARTESIAN_POINT('',(-0.007940481002596,0.00085318118111513,0.0563899697465404));
#6885=CARTESIAN_POINT('',(-0.0074439243026068,0.000801306637830892,0.0567054123691571));
#6886=CARTESIAN_POINT('',(-0.00695250755676524,0.000743025089457264,0.0570283920136192));
#6887=CARTESIAN_POINT('',(-0.00646401717380763,0.000694348558255406,0.0573349787967216));
#6888=CARTESIAN_POINT('',(-0.00614961427110301,0.000652936737203545,0.0575482053723792));
#6889=CARTESIAN_POINT('',(-0.00599743801460762,0.000632745603935767,0.0576516426129692));
#6890=CARTESIAN_POINT('',(-0.00971945153274975,0.00123563616734371,0.0549730476407533));
#6891=CARTESIAN_POINT('',(-0.00957680183661147,0.00121748769462176,0.055068439541991));
#6892=CARTESIAN_POINT('',(-0.0092713903494693,0.00117863461994006,0.0552726676580126));
#6893=CARTESIAN_POINT('',(-0.00880289518958315,0.00111910415293077,0.05558581855186));
#6894=CARTESIAN_POINT('',(-0.0083145778516794,0.0010571831439895,0.0559120936887605));
#6895=CARTESIAN_POINT('',(-0.0078263590081884,0.000994392155590835,0.0562394543703819));
#6896=CARTESIAN_POINT('',(-0.00733618830489302,0.000934783437859258,0.0565634898562864));
#6897=CARTESIAN_POINT('',(-0.00685456827250146,0.000863726270676877,0.0568988063531022));
#6898=CARTESIAN_POINT('',(-0.00637087648282594,0.000809576463926578,0.0572121263784037));
#6899=CARTESIAN_POINT('',(-0.00606309791938595,0.000759153690933204,0.057433354001082));
#6900=CARTESIAN_POINT('',(-0.00591417954743812,0.000734521024577577,0.0575407173949394));
#6901=CARTESIAN_POINT('',(-0.00963023141139034,0.00135564217557427,0.0548658773588207));
#6902=CARTESIAN_POINT('',(-0.0094888919108004,0.00133573942262023,0.0549628278067688));
#6903=CARTESIAN_POINT('',(-0.00918628541916356,0.00129313024346741,0.0551703944575444));
#6904=CARTESIAN_POINT('',(-0.00872208989986365,0.00122783243512126,0.0554887118078551));
#6905=CARTESIAN_POINT('',(-0.00823843940483626,0.00115970703950852,0.0558204961951214));
#6906=CARTESIAN_POINT('',(-0.00775414074143374,0.00109158315654036,0.0561525912643088));
#6907=CARTESIAN_POINT('',(-0.00727048002889111,0.00102341452375439,0.0564844423652085));
#6908=CARTESIAN_POINT('',(-0.0067861940319535,0.000955704022207157,0.0568160019200347));
#6909=CARTESIAN_POINT('',(-0.00631405750450831,0.00088617020293691,0.0571435961588));
#6910=CARTESIAN_POINT('',(-0.00600950123996247,0.000830883808895324,0.0573680736690876));
#6911=CARTESIAN_POINT('',(-0.00586208101235124,0.000803970578888697,0.0574769234283919));
#6912=CARTESIAN_POINT('',(-0.009524800816537,0.00150791854944089,0.0547479764088376));
#6913=CARTESIAN_POINT('',(-0.00938489533709782,0.00148576845856801,0.0548467259963834));
#6914=CARTESIAN_POINT('',(-0.00908539443603112,0.00143835137772901,0.0550581234682654));
#6915=CARTESIAN_POINT('',(-0.00862690185010331,0.00136577459062784,0.0553817565240532));
#6916=CARTESIAN_POINT('',(-0.00814772246909624,0.00128988594338657,0.0557199890725495));
#6917=CARTESIAN_POINT('',(-0.00766953337500264,0.00121427045735288,0.0560574450085735));
#6918=CARTESIAN_POINT('',(-0.00719100689633926,0.00113819906246339,0.056395548956258));
#6919=CARTESIAN_POINT('',(-0.00671165206054204,0.00106347478575317,0.0567326152560268));
#6920=CARTESIAN_POINT('',(-0.00624534601838362,0.000985394016715016,0.0570664577398749));
#6921=CARTESIAN_POINT('',(-0.00594577956460808,0.000922361318084171,0.0572957213589469));
#6922=CARTESIAN_POINT('',(-0.005800792541204,0.000891665984803206,0.0574068988316038));
#6923=CARTESIAN_POINT('',(-0.00627497571959065,0.000415674036307378,0.0580279478434304));
#6924=CARTESIAN_POINT('',(-0.00611711513553632,0.000476808081871867,0.057762648910272));
#6925=CARTESIAN_POINT('',(-0.00597988243582186,0.000685485879344168,0.0575526785025732));
#6926=CARTESIAN_POINT('',(-0.00584880625169662,0.000901820208256846,0.057370093863672));
#6927=CARTESIAN_POINT('',(-0.00627497571959066,0.000415674036307378,0.0580279478434304));
#6928=CARTESIAN_POINT('',(-0.00584880619479379,0.000901820435394592,0.0573700938137023));
#6929=CARTESIAN_POINT('',(-0.0103519309895892,0.000685749836590841,0.0557909343219195));
#6930=CARTESIAN_POINT('',(-0.0101796080552785,0.000674333744227741,0.0558854870955728));
#6931=CARTESIAN_POINT('',(-0.00983498130301584,0.000651502825926811,0.0560745821538244));
#6932=CARTESIAN_POINT('',(-0.00931790089636027,0.000617253211760101,0.0563583046853809));
#6933=CARTESIAN_POINT('',(-0.0088010196652944,0.000583004298602667,0.0566419122690496));
#6934=CARTESIAN_POINT('',(-0.00828379157657275,0.000548748943540981,0.0569257173818241));
#6935=CARTESIAN_POINT('',(-0.00776686183336972,0.000514499815991799,0.0572093518289747));
#6936=CARTESIAN_POINT('',(-0.00724987806407033,0.000480255922767578,0.0574930217904083));
#6937=CARTESIAN_POINT('',(-0.00673285020689813,0.000446004978492185,0.057776713016053));
#6938=CARTESIAN_POINT('',(-0.00638819720144473,0.000423174157379315,0.0579658234396513));
#6939=CARTESIAN_POINT('',(-0.0062158652302176,0.000411758384573449,0.0580603816520059));
#6940=CARTESIAN_POINT('',(-0.0102179513884076,0.000676873940415054,0.0558644482998612));
#6941=CARTESIAN_POINT('',(-0.0102179513884076,0.000676873940415057,0.0558644482998611));
#6942=CARTESIAN_POINT('',(-0.0100850396495079,0.000728793159878329,0.0556411321408626));
#6943=CARTESIAN_POINT('',(-0.00983885087883477,0.000979619480107719,0.0552466409336279));
#6944=CARTESIAN_POINT('',(-0.0096124214104821,0.00132039184305315,0.0549153611736248));
#6945=CARTESIAN_POINT('',(-0.00950261156095273,0.001504405507971,0.0547636382697784));
#6946=CARTESIAN_POINT('',(-0.00950260859610147,0.00150440662129399,0.0547636333087121));
#6947=CARTESIAN_POINT('',(-0.00958399368916318,0.00151729008141239,0.0547061962698312));
#6948=CARTESIAN_POINT('',(-0.00942435565462206,0.00149201586268752,0.054818873661404));
#6949=CARTESIAN_POINT('',(-0.00910509729472039,0.00144147022899131,0.0550442159448701));
#6950=CARTESIAN_POINT('',(-0.00862690185010331,0.00136577459062784,0.0553817565240532));
#6951=CARTESIAN_POINT('',(-0.00814772246909624,0.00128988594338657,0.0557199890725495));
#6952=CARTESIAN_POINT('',(-0.00766953337500264,0.00121427045735288,0.0560574450085735));
#6953=CARTESIAN_POINT('',(-0.00719100689633926,0.00113819906246339,0.056395548956258));
#6954=CARTESIAN_POINT('',(-0.00671165206054204,0.00106347478575317,0.0567326152560268));
#6955=CARTESIAN_POINT('',(-0.00623572098596814,0.000983782349987433,0.0570733485893132));
#6956=CARTESIAN_POINT('',(-0.00592704445610377,0.000918406268463141,0.0573100745469867));
#6957=CARTESIAN_POINT('',(-0.00577270129349854,0.00088571719039935,0.0574284412818794));
#6958=CARTESIAN_POINT('',(-0.00952483411946473,0.0020543491349422,0.0548943963424741));
#6959=CARTESIAN_POINT('',(-0.00938492740208344,0.00202417547037063,0.0549909964478833));
#6960=CARTESIAN_POINT('',(-0.00908542745614458,0.00195958163914923,0.055197789736299));
#6961=CARTESIAN_POINT('',(-0.00862699792148599,0.00186069212627044,0.055514326159244));
#6962=CARTESIAN_POINT('',(-0.00814780029716383,0.00175735882460498,0.0558452157305159));
#6963=CARTESIAN_POINT('',(-0.00766948625776987,0.0016541557291417,0.0561753685795775));
#6964=CARTESIAN_POINT('',(-0.00719113033747252,0.00155108063009564,0.0565061131168151));
#6965=CARTESIAN_POINT('',(-0.00671172866948051,0.00144731612426722,0.0568354302653293));
#6966=CARTESIAN_POINT('',(-0.00624567754314903,0.001348133230659,0.0571634203473279));
#6967=CARTESIAN_POINT('',(-0.00594642591924308,0.00128818825994579,0.0573932342618952));
#6968=CARTESIAN_POINT('',(-0.00580175707000837,0.00125926512539863,0.0575046240904158));
#6969=CARTESIAN_POINT('',(-0.00959632801933376,0.00210379313821092,0.0550152909846757));
#6970=CARTESIAN_POINT('',(-0.00945545174123738,0.00207290749196162,0.0551100566381226));
#6971=CARTESIAN_POINT('',(-0.00915385016842291,0.00200678488138042,0.0553129416615986));
#6972=CARTESIAN_POINT('',(-0.00869151128515375,0.00190543233992495,0.0556239942946083));
#6973=CARTESIAN_POINT('',(-0.00820931114721693,0.0017997370181906,0.0559484710445381));
#6974=CARTESIAN_POINT('',(-0.00772688961970785,0.00169394030387192,0.0562728198310222));
#6975=CARTESIAN_POINT('',(-0.00724503205378146,0.00158838262863832,0.0565974189727269));
#6976=CARTESIAN_POINT('',(-0.0067621157639043,0.00148223816921341,0.0569207903479513));
#6977=CARTESIAN_POINT('',(-0.00629226013296,0.00138023746303264,0.0572423514649579));
#6978=CARTESIAN_POINT('',(-0.00598989430981394,0.00131754602881914,0.0574671863829379));
#6979=CARTESIAN_POINT('',(-0.00584370982528643,0.0012872810279734,0.0575761563588735));
#6980=CARTESIAN_POINT('',(-0.00965981022420123,0.00214197959268779,0.0551235330447747));
#6981=CARTESIAN_POINT('',(-0.00951802839401316,0.00211053652036739,0.0552166852725764));
#6982=CARTESIAN_POINT('',(-0.00921447685948194,0.00204321895062354,0.0554161251029641));
#6983=CARTESIAN_POINT('',(-0.00874884958158543,0.00193999297957435,0.0557221350172039));
#6984=CARTESIAN_POINT('',(-0.00826382936699705,0.00183243385088898,0.0560409553192386));
#6985=CARTESIAN_POINT('',(-0.00777790359296356,0.00172467427537187,0.0563600223602594));
#6986=CARTESIAN_POINT('',(-0.00729281275983701,0.00161716548444151,0.0566791553766717));
#6987=CARTESIAN_POINT('',(-0.00680685045101995,0.00150922943632112,0.0569973246369537));
#6988=CARTESIAN_POINT('',(-0.00633333709987258,0.00140488101521471,0.0573126585995496));
#6989=CARTESIAN_POINT('',(-0.00602886954505262,0.00134041866579391,0.057534125533902));
#6990=CARTESIAN_POINT('',(-0.00588167273103919,0.00130929356999608,0.0576414768121519));
#6991=CARTESIAN_POINT('',(-0.00978563254955947,0.00220655960233047,0.0553415837614495));
#6992=CARTESIAN_POINT('',(-0.00964198611324488,0.00217416622364726,0.0554315406699319));
#6993=CARTESIAN_POINT('',(-0.00933444776221786,0.00210481474895714,0.0556241376489031));
#6994=CARTESIAN_POINT('',(-0.00886284467309926,0.00199848692095638,0.0559196046685617));
#6995=CARTESIAN_POINT('',(-0.00837131360374454,0.00188765389288239,0.0562275701084277));
#6996=CARTESIAN_POINT('',(-0.00787921072696604,0.0017766788497965,0.0565356030144327));
#6997=CARTESIAN_POINT('',(-0.00738770384760859,0.00166587512861436,0.0568437285308033));
#6998=CARTESIAN_POINT('',(-0.00689557382158062,0.00155484372276618,0.0571512705817592));
#6999=CARTESIAN_POINT('',(-0.00641521147988412,0.00144675557415075,0.057454700800466));
#7000=CARTESIAN_POINT('',(-0.00610565552061657,0.00137860505392314,0.0576677441262641));
#7001=CARTESIAN_POINT('',(-0.00595598837892633,0.00134567756434063,0.0577710113708934));
#7002=CARTESIAN_POINT('',(-0.00984810495714702,0.00223311527206543,0.0554516102724016));
#7003=CARTESIAN_POINT('',(-0.00970352153203982,0.00220033054010403,0.0555399676129698));
#7004=CARTESIAN_POINT('',(-0.00939398247723255,0.0021301416415093,0.0557291356967129));
#7005=CARTESIAN_POINT('',(-0.00891945295275448,0.00202254132215382,0.0560192299577721));
#7006=CARTESIAN_POINT('',(-0.00842478397954642,0.00191037266490519,0.0563216673217293));
#7007=CARTESIAN_POINT('',(-0.00792951323535854,0.00179806685528786,0.0566242080160856));
#7008=CARTESIAN_POINT('',(-0.0074348592446394,0.00168591631207205,0.0569267671829107));
#7009=CARTESIAN_POINT('',(-0.00693964584564345,0.00157357790242301,0.0572288404840682));
#7010=CARTESIAN_POINT('',(-0.00645604001155717,0.00146409254510346,0.057526626473972));
#7011=CARTESIAN_POINT('',(-0.00614350264661814,0.00139398931316725,0.057734554426192));
#7012=CARTESIAN_POINT('',(-0.00599238063797454,0.00136010189977407,0.0578353262362344));
#7013=CARTESIAN_POINT('',(-0.00997159884011335,0.00226757894886524,0.0556723678830099));
#7014=CARTESIAN_POINT('',(-0.00982524872366907,0.00223429698245298,0.0557574845547658));
#7015=CARTESIAN_POINT('',(-0.00951191433868355,0.00216304100950855,0.0559397158734826));
#7016=CARTESIAN_POINT('',(-0.00903122088302277,0.00205373729893823,0.0562192075822433));
#7017=CARTESIAN_POINT('',(-0.00853049955076954,0.00193985375907911,0.0565103338627013));
#7018=CARTESIAN_POINT('',(-0.00802897521561136,0.00182582073154475,0.0568020300387965));
#7019=CARTESIAN_POINT('',(-0.007528167497613,0.00171193147510336,0.0570934892643808));
#7020=CARTESIAN_POINT('',(-0.00702665693033812,0.00159787893640003,0.0573841034028724));
#7021=CARTESIAN_POINT('',(-0.00653756433369815,0.00148667278646669,0.0576722935219626));
#7022=CARTESIAN_POINT('',(-0.00621692683516513,0.00141346921360774,0.0578656963982756));
#7023=CARTESIAN_POINT('',(-0.00606181993040858,0.00137805290243782,0.0579593201820705));
#7024=CARTESIAN_POINT('',(-0.0100307256432441,0.0022779075468522,0.0557795332320074));
#7025=CARTESIAN_POINT('',(-0.00988348905130614,0.00224447035646521,0.0558630973568586));
#7026=CARTESIAN_POINT('',(-0.00956826599636327,0.0021728836530834,0.056041997818481));
#7027=CARTESIAN_POINT('',(-0.00908492114200655,0.00206311511959662,0.056316197246716));
#7028=CARTESIAN_POINT('',(-0.00858078091241487,0.00194864320765406,0.0566021250700182));
#7029=CARTESIAN_POINT('',(-0.00807674713740942,0.00183416231689384,0.056888267697892));
#7030=CARTESIAN_POINT('',(-0.00757296814978582,0.00171974329061242,0.057174437957569));
#7031=CARTESIAN_POINT('',(-0.00706822791731393,0.00160519055545057,0.0574593461539199));
#7032=CARTESIAN_POINT('',(-0.00657705099202272,0.00149338299330399,0.057743531600717));
#7033=CARTESIAN_POINT('',(-0.00625152961085352,0.00141930827034239,0.0579281119957202));
#7034=CARTESIAN_POINT('',(-0.00609400821140815,0.00138346350269276,0.0580173764376378));
#7035=CARTESIAN_POINT('',(-0.0101245503389427,0.00227864506178502,0.0559489783766264));
#7036=CARTESIAN_POINT('',(-0.00997584763266377,0.0022451804247915,0.0560301063448839));
#7037=CARTESIAN_POINT('',(-0.0096575155266295,0.00217354026223027,0.0562037748565604));
#7038=CARTESIAN_POINT('',(-0.00917019459029966,0.00206383054352571,0.0564695187740639));
#7039=CARTESIAN_POINT('',(-0.00866074020394572,0.0019492292466429,0.0567472298595619));
#7040=CARTESIAN_POINT('',(-0.00815256046467114,0.00183479311123832,0.0570245874493448));
#7041=CARTESIAN_POINT('',(-0.00764399876831366,0.00172030331832155,0.057302355075226));
#7042=CARTESIAN_POINT('',(-0.00713435075527103,0.00160580913308566,0.0575785472259976));
#7043=CARTESIAN_POINT('',(-0.00663912800122876,0.00149357611316322,0.0578552207390564));
#7044=CARTESIAN_POINT('',(-0.00630742381742308,0.0014196840918074,0.0580286888951142));
#7045=CARTESIAN_POINT('',(-0.00614685938469078,0.00138393452158045,0.0581124864760735));
#7046=CARTESIAN_POINT('',(-0.0101608213027382,0.00227478891768948,0.0560140218140481));
#7047=CARTESIAN_POINT('',(-0.0100116111678461,0.00224138271097537,0.0560941826173499));
#7048=CARTESIAN_POINT('',(-0.00969218549302907,0.00216986705905333,0.0562657841128151));
#7049=CARTESIAN_POINT('',(-0.00920299655175087,0.00206033273942567,0.0565284545780729));
#7050=CARTESIAN_POINT('',(-0.00869192793902641,0.00194595550243148,0.0568027998076923));
#7051=CARTESIAN_POINT('',(-0.00818175561818952,0.00183168606454966,0.0570769776259774));
#7052=CARTESIAN_POINT('',(-0.0076713726793691,0.00171737512183747,0.0573514177128299));
#7053=CARTESIAN_POINT('',(-0.00716003239727784,0.00160315998272448,0.0576245147643825));
#7054=CARTESIAN_POINT('',(-0.00666263374687716,0.00149081014731563,0.0578973069603227));
#7055=CARTESIAN_POINT('',(-0.00632981051077701,0.00141760239898478,0.0580689520066371));
#7056=CARTESIAN_POINT('',(-0.00616870928099296,0.00138219507754404,0.0581518783188391));
#7057=CARTESIAN_POINT('',(-0.0102285543289893,0.00225863828299959,0.0561346796278209));
#7058=CARTESIAN_POINT('',(-0.0100784287422794,0.00222548016533016,0.0562130223269786));
#7059=CARTESIAN_POINT('',(-0.00975701602041917,0.00215449182799324,0.0563807464979176));
#7060=CARTESIAN_POINT('',(-0.00926405987176273,0.00204566445960507,0.0566378728336668));
#7061=CARTESIAN_POINT('',(-0.0087502320971895,0.00193219478121546,0.0569058821350353));
#7062=CARTESIAN_POINT('',(-0.00823603459208826,0.00181865049754041,0.0571742202394588));
#7063=CARTESIAN_POINT('',(-0.00772232203384494,0.00170512218266147,0.0574425733643815));
#7064=CARTESIAN_POINT('',(-0.00720765210658823,0.00159186666060222,0.0577096080242234));
#7065=CARTESIAN_POINT('',(-0.00670678593415939,0.00147979844378822,0.0579763630694614));
#7066=CARTESIAN_POINT('',(-0.00637043985132601,0.00140829872415564,0.0581418852150179));
#7067=CARTESIAN_POINT('',(-0.00620761600867145,0.00137374014850798,0.0582218176323572));
#7068=CARTESIAN_POINT('',(-0.0102600068644567,0.00224645835744536,0.0561904881935693));
#7069=CARTESIAN_POINT('',(-0.01010940951036,0.00221347903931291,0.0562680083809731));
#7070=CARTESIAN_POINT('',(-0.00978698540387634,0.00214287290552749,0.0564339741075548));
#7071=CARTESIAN_POINT('',(-0.00929244223113553,0.00203461582620207,0.056688470388647));
#7072=CARTESIAN_POINT('',(-0.00877713581283163,0.00192177826874262,0.0569536491852829));
#7073=CARTESIAN_POINT('',(-0.00826119527033624,0.00180881654915166,0.0572192360806081));
#7074=CARTESIAN_POINT('',(-0.00774581721674379,0.00169591156004874,0.0574846679940734));
#7075=CARTESIAN_POINT('',(-0.0072298678062441,0.00158320721707736,0.0577494097856934));
#7076=CARTESIAN_POINT('',(-0.00672634717818987,0.00147197468013826,0.0580115308804262));
#7077=CARTESIAN_POINT('',(-0.00639089250105584,0.00140045345967969,0.0581785389510513));
#7078=CARTESIAN_POINT('',(-0.00622853873039591,0.00136587607596809,0.0582592569772882));
#7079=CARTESIAN_POINT('',(-0.0102881423768736,0.00223092403036216,0.0562411580849647));
#7080=CARTESIAN_POINT('',(-0.0101371008585484,0.00219817314794719,0.0563179382358031));
#7081=CARTESIAN_POINT('',(-0.00981373487154077,0.00212805612096829,0.0564823174737928));
#7082=CARTESIAN_POINT('',(-0.00931798760537271,0.00202055013056955,0.0567343247518881));
#7083=CARTESIAN_POINT('',(-0.0088010951837824,0.00190847595479007,0.0569970818660506));
#7084=CARTESIAN_POINT('',(-0.00828387410285566,0.00179630997007296,0.0572600039864445));
#7085=CARTESIAN_POINT('',(-0.00776695776825748,0.00168422545524154,0.0575227723969033));
#7086=CARTESIAN_POINT('',(-0.00724993808940157,0.00157211096553567,0.0577855933422062));
#7087=CARTESIAN_POINT('',(-0.0067437487643546,0.00146234613439902,0.0580429086886451));
#7088=CARTESIAN_POINT('',(-0.00640984515582904,0.00138994339964234,0.0582126446958911));
#7089=CARTESIAN_POINT('',(-0.00624829044457306,0.00135491236304035,0.0582947691511299));
#7090=CARTESIAN_POINT('',(-0.00584883247804168,0.0012686798139538,0.0574683934697078));
#7091=CARTESIAN_POINT('',(-0.00597979898176059,0.00136462098398923,0.0577344095764246));
#7092=CARTESIAN_POINT('',(-0.00611777617993807,0.00144014576270045,0.0580218318469126));
#7093=CARTESIAN_POINT('',(-0.00627504296430899,0.0013607132992446,0.0582811698194191));
#7094=CARTESIAN_POINT('',(-0.00584883247804168,0.0012686798139538,0.0574683934697078));
#7095=CARTESIAN_POINT('',(-0.006275042964309,0.0013607132992446,0.0582811698194191));
#7096=CARTESIAN_POINT('',(-0.00958402356198209,0.00206711434216928,0.0548535281653153));
#7097=CARTESIAN_POINT('',(-0.00942438525302634,0.00203268522139299,0.054963752137885));
#7098=CARTESIAN_POINT('',(-0.00910512634432588,0.00196383079917781,0.0551841878555109));
#7099=CARTESIAN_POINT('',(-0.00862699785644153,0.00186069195293212,0.0555143260116005));
#7100=CARTESIAN_POINT('',(-0.00814780023218552,0.00175735865123328,0.0558452155828754));
#7101=CARTESIAN_POINT('',(-0.00766948619266435,0.00165415555587133,0.0561753684319326));
#7102=CARTESIAN_POINT('',(-0.00719113027235276,0.00155108045674046,0.0565061129692256));
#7103=CARTESIAN_POINT('',(-0.00671172860433078,0.00144731595092819,0.056835430117827));
#7104=CARTESIAN_POINT('',(-0.0062357292469408,0.00134601591974699,0.0571704214080089));
#7105=CARTESIAN_POINT('',(-0.00592706484740456,0.00128431378606924,0.0574081233008686));
#7106=CARTESIAN_POINT('',(-0.00577272775015586,0.00125346174022209,0.0575269780188394));
#7107=CARTESIAN_POINT('',(-0.00950264767077478,0.00204956631192533,0.054909708404779));
#7108=CARTESIAN_POINT('',(-0.00950265059793531,0.00204956481442893,0.0549097131960971));
#7109=CARTESIAN_POINT('',(-0.00961255124712548,0.00213310471092075,0.0551332580113307));
#7110=CARTESIAN_POINT('',(-0.00983961911669353,0.00226250643922527,0.0555916360028481));
#7111=CARTESIAN_POINT('',(-0.0100847140692398,0.0022826612818025,0.0560567102784711));
#7112=CARTESIAN_POINT('',(-0.0102180615324648,0.00221572812725491,0.0562767828448577));
#7113=CARTESIAN_POINT('',(-0.0102180615324648,0.00221572812725491,0.0562767828448577));
#7114=CARTESIAN_POINT('',(-0.0103520420680393,0.00224477962560132,0.0562086754406383));
#7115=CARTESIAN_POINT('',(-0.0101797008015116,0.00220741027147678,0.0562962830637223));
#7116=CARTESIAN_POINT('',(-0.00983503738684888,0.00213267570873502,0.056471488591284));
#7117=CARTESIAN_POINT('',(-0.00931798760537271,0.00202055013056955,0.0567343247518881));
#7118=CARTESIAN_POINT('',(-0.0088010951837824,0.00190847595479007,0.0569970818660506));
#7119=CARTESIAN_POINT('',(-0.00828387410285566,0.00179630997007296,0.0572600039864445));
#7120=CARTESIAN_POINT('',(-0.00776695776825748,0.00168422545524154,0.0575227723969033));
#7121=CARTESIAN_POINT('',(-0.00724993808940157,0.00157211096553567,0.0577855933422062));
#7122=CARTESIAN_POINT('',(-0.00673294375168149,0.00146000311700848,0.0580484012888278));
#7123=CARTESIAN_POINT('',(-0.00638823267972285,0.00138525701297132,0.0582236311462605));
#7124=CARTESIAN_POINT('',(-0.00621587167432178,0.00134788277497991,0.0583112488552936));
#7125=CARTESIAN_POINT('',(-0.0084362631791917,0.00167883435289335,0.0575351551088953));
#7126=CARTESIAN_POINT('',(-0.00627504296200902,0.001360671602193,0.0582811520279872));
#7127=CARTESIAN_POINT('',(-0.00636081470828859,0.00130293958434239,0.0584164451097422));
#7128=CARTESIAN_POINT('',(-0.00644658645451293,0.00124520756647876,0.0585517381915278));
#7129=CARTESIAN_POINT('',(-0.00653235820065264,0.00118747554859616,0.0586870312733579));
#7130=CARTESIAN_POINT('',(-0.0102180615277429,0.00221565395750243,0.0562767511982693));
#7131=CARTESIAN_POINT('',(-0.00843618862211612,0.000512915915392602,0.0572227435091168));
#7132=CARTESIAN_POINT('',(-0.00653225976081136,0.000362754278314907,0.0584659771110019));
#7133=CARTESIAN_POINT('',(-0.00644649841618486,0.00038041735923605,0.0583199701556636));
#7134=CARTESIAN_POINT('',(-0.00636073707142953,0.000398080440148299,0.0581739632003989));
#7135=CARTESIAN_POINT('',(-0.00627497572658969,0.000415743521054527,0.058027956245184));
#7136=CARTESIAN_POINT('',(-0.0106368501856644,0.000590725318771943,0.0565776302668281));
#7137=CARTESIAN_POINT('',(-0.00952464569207181,0.00150789422405951,0.0547480858133431));
#7138=CARTESIAN_POINT('',(-0.00938479190716628,0.00148575231773562,0.0548467989135048));
#7139=CARTESIAN_POINT('',(-0.00908534275787492,0.00143834343163489,0.0550581598589306));
#7140=CARTESIAN_POINT('',(-0.00862690178503726,0.00136577481451071,0.0553817564828324));
#7141=CARTESIAN_POINT('',(-0.0081477224040759,0.00128988616729496,0.0557199890313737));
#7142=CARTESIAN_POINT('',(-0.00766953330993546,0.00121427068132248,0.0560574449674221));
#7143=CARTESIAN_POINT('',(-0.00719100683117147,0.00113819928633118,0.0563955489151039));
#7144=CARTESIAN_POINT('',(-0.00671165199535109,0.00106347500960405,0.056732615214986));
#7145=CARTESIAN_POINT('',(-0.00625449786778614,0.000986926686080385,0.0570599055683322));
#7146=CARTESIAN_POINT('',(-0.00596360839588285,0.000926101278813374,0.0572820899844233));
#7147=CARTESIAN_POINT('',(-0.00582750553354461,0.000897318849834795,0.057386418178303));
#7148=CARTESIAN_POINT('',(-0.00952432224635083,0.00163096511146343,0.0547772698742784));
#7149=CARTESIAN_POINT('',(-0.00938455006675128,0.00160708222132956,0.0548755151128506));
#7150=CARTESIAN_POINT('',(-0.00908524980252943,0.00155591833852035,0.0550858863321055));
#7151=CARTESIAN_POINT('',(-0.00862635209237024,0.00147687848295412,0.0554082866898081));
#7152=CARTESIAN_POINT('',(-0.00814767110654467,0.00139573603798743,0.0557449282004984));
#7153=CARTESIAN_POINT('',(-0.00766900192021154,0.00131294261663093,0.0560810373501972));
#7154=CARTESIAN_POINT('',(-0.00719060711472354,0.00123107352838696,0.0564176814123577));
#7155=CARTESIAN_POINT('',(-0.00671122863950875,0.00114972225041685,0.056753215571749));
#7156=CARTESIAN_POINT('',(-0.00625409348972765,0.00106846976196347,0.0570793493494711));
#7157=CARTESIAN_POINT('',(-0.00596322776047459,0.00100816616971742,0.0573014632577729));
#7158=CARTESIAN_POINT('',(-0.00582713631808552,0.000979721625023041,0.0574057762066046));
#7159=CARTESIAN_POINT('',(-0.00952405958189309,0.00172208861898502,0.0547998742538076));
#7160=CARTESIAN_POINT('',(-0.0093843948172415,0.00169689080461346,0.0548977210618778));
#7161=CARTESIAN_POINT('',(-0.00908528730848101,0.00164290368571611,0.0551072631138258));
#7162=CARTESIAN_POINT('',(-0.00862569822745422,0.00155933564128907,0.0554290281542123));
#7163=CARTESIAN_POINT('',(-0.00814818577123953,0.00147377903843227,0.0557637731532174));
#7164=CARTESIAN_POINT('',(-0.00766842276476686,0.00138622893498435,0.0560994682237481));
#7165=CARTESIAN_POINT('',(-0.00719033209592637,0.00129988713868551,0.056434801071302));
#7166=CARTESIAN_POINT('',(-0.00671088842854633,0.0012136863843821,0.0567691917011793));
#7167=CARTESIAN_POINT('',(-0.00625378348052523,0.00112898443292778,0.057094436069259));
#7168=CARTESIAN_POINT('',(-0.00596288358974523,0.00106910645961866,0.0573165865890124));
#7169=CARTESIAN_POINT('',(-0.00582677474026158,0.0010409309356108,0.0574209327355234));
#7170=CARTESIAN_POINT('',(-0.00952411823603257,0.00184292257964865,0.0548322610001831));
#7171=CARTESIAN_POINT('',(-0.00938445250049153,0.00181583976959957,0.0549296026809966));
#7172=CARTESIAN_POINT('',(-0.009085343915497,0.00175786309708005,0.055138074918999));
#7173=CARTESIAN_POINT('',(-0.00862577974719392,0.00166941968062563,0.0554585132396814));
#7174=CARTESIAN_POINT('',(-0.00814816749769504,0.00157618734657139,0.0557912705089836));
#7175=CARTESIAN_POINT('',(-0.00766843271300411,0.00148423012305124,0.0561257624139022));
#7176=CARTESIAN_POINT('',(-0.00719037402490521,0.00139140890704104,0.0564593331089434));
#7177=CARTESIAN_POINT('',(-0.00671092093562676,0.00129892865264793,0.0567920451677214));
#7178=CARTESIAN_POINT('',(-0.00625380201083576,0.00120971921334922,0.057116090455827));
#7179=CARTESIAN_POINT('',(-0.00596290681892857,0.00115053894288062,0.0573384270145214));
#7180=CARTESIAN_POINT('',(-0.0058268005304361,0.0011227849515363,0.0574428855127586));
#7181=CARTESIAN_POINT('',(-0.00952432032652019,0.00193395591367539,0.0548585004201759));
#7182=CARTESIAN_POINT('',(-0.00938453845378236,0.00190551172290796,0.0549555295795162));
#7183=CARTESIAN_POINT('',(-0.00908522134724711,0.00184462835682999,0.055163306806167));
#7184=CARTESIAN_POINT('',(-0.00862640149393253,0.00175195319935987,0.0554819962047959));
#7185=CARTESIAN_POINT('',(-0.00814773296331068,0.00165399925155356,0.0558141238082497));
#7186=CARTESIAN_POINT('',(-0.0076689788434125,0.0015575967419901,0.056146644446801));
#7187=CARTESIAN_POINT('',(-0.00719069109275855,0.00146024639019447,0.0564790614437287));
#7188=CARTESIAN_POINT('',(-0.00671128809774389,0.00136293491604018,0.0568103340587167));
#7189=CARTESIAN_POINT('',(-0.00625410805689199,0.00127025191991481,0.0571334360653988));
#7190=CARTESIAN_POINT('',(-0.00596323924618801,0.00121146178945451,0.057355959197099));
#7191=CARTESIAN_POINT('',(-0.00582714704157096,0.00118395968146236,0.0574605259708155));
#7192=CARTESIAN_POINT('',(-0.00952467554931831,0.00205431477684292,0.0548945056363923));
#7193=CARTESIAN_POINT('',(-0.00938482167598165,0.0020241525089036,0.0549910692551656));
#7194=CARTESIAN_POINT('',(-0.00908537463837309,0.00195957008638831,0.0551978260133453));
#7195=CARTESIAN_POINT('',(-0.00862699785644153,0.00186069195293212,0.0555143260116005));
#7196=CARTESIAN_POINT('',(-0.00814780023218552,0.00175735865123328,0.0558452155828754));
#7197=CARTESIAN_POINT('',(-0.00766948619266435,0.00165415555587133,0.0561753684319326));
#7198=CARTESIAN_POINT('',(-0.00719113027235276,0.00155108045674046,0.0565061129692256));
#7199=CARTESIAN_POINT('',(-0.00671172860433078,0.00144731595092819,0.056835430117827));
#7200=CARTESIAN_POINT('',(-0.00625450888797221,0.00135001251804596,0.0571572049696239));
#7201=CARTESIAN_POINT('',(-0.00596362761896173,0.00129163705145957,0.0573800400969322));
#7202=CARTESIAN_POINT('',(-0.00582752992628167,0.00126441841530089,0.0574847836875952));
#7203=CARTESIAN_POINT('',(-0.00950260859610147,0.00150440662129399,0.0547636333087121));
#7204=CARTESIAN_POINT('',(-0.00950261961684345,0.00168802448759344,0.0548048327816011));
#7205=CARTESIAN_POINT('',(-0.00950263265638892,0.00186994883840906,0.0548535792635567));
#7206=CARTESIAN_POINT('',(-0.00950264767077478,0.00204956631192533,0.054909708404779));
#7207=CARTESIAN_POINT('',(-0.00584880619479379,0.000901820435394592,0.0573700938137023));
#7208=CARTESIAN_POINT('',(-0.00584936041566957,0.00102529667125021,0.0573982178147666));
#7209=CARTESIAN_POINT('',(-0.00584936887031471,0.00114767264890111,0.0574310072306095));
#7210=CARTESIAN_POINT('',(-0.00584883242110681,0.00126867964226139,0.0574683933128668));
#7211=CARTESIAN_POINT('',(-0.0106638809272595,-5.8317864758531E-23,0.0614681641290537));
#7212=CARTESIAN_POINT('',(-0.00654882795813947,-3.58137591552809E-23,0.0614692648940351));
#7213=CARTESIAN_POINT('',(-0.013757389907721,0.,0.0614697899993643));
#7214=MECHANICAL_DESIGN_GEOMETRIC_PRESENTATION_REPRESENTATION('',(#1576),
#7215);
#7215=(
GEOMETRIC_REPRESENTATION_CONTEXT(3)
GLOBAL_UNCERTAINTY_ASSIGNED_CONTEXT((#7216))
GLOBAL_UNIT_ASSIGNED_CONTEXT((#7219,#7218,#7217))
REPRESENTATION_CONTEXT('Bevel 1M 12T 31deg','TOP_LEVEL_ASSEMBLY_PART')
);
#7216=UNCERTAINTY_MEASURE_WITH_UNIT(LENGTH_MEASURE(2.49050943342694E-5),
#7219,'DISTANCE_ACCURACY_VALUE','Maximum Tolerance applied to model');
#7217=(
NAMED_UNIT(*)
SI_UNIT($,.STERADIAN.)
SOLID_ANGLE_UNIT()
);
#7218=(
NAMED_UNIT(*)
PLANE_ANGLE_UNIT()
SI_UNIT($,.RADIAN.)
);
#7219=(
LENGTH_UNIT()
NAMED_UNIT(*)
SI_UNIT($,.METRE.)
);
#7220=PRODUCT_DEFINITION_SHAPE('','',#7221);
#7221=PRODUCT_DEFINITION('','',#7223,#7222);
#7222=PRODUCT_DEFINITION_CONTEXT('',#7229,'design');
#7223=PRODUCT_DEFINITION_FORMATION_WITH_SPECIFIED_SOURCE('','',#7225,
 .NOT_KNOWN.);
#7224=PRODUCT_RELATED_PRODUCT_CATEGORY('','',(#7225));
#7225=PRODUCT('Bevel 1M 12T 31deg','Bevel 1M 12T 31deg',
'Bevel 1M 12T 31deg',(#7227));
#7226=PRODUCT_CATEGORY('','');
#7227=PRODUCT_CONTEXT('',#7229,'mechanical');
#7228=APPLICATION_PROTOCOL_DEFINITION('international standard',
'ap242_managed_model_based_3d_engineering',2020,#7229);
#7229=APPLICATION_CONTEXT('managed model based 3d engineering');
ENDSEC;
END-ISO-10303-21;
