ISO-10303-21;
HEADER;
/* Generated by software containing ST-Developer
 * from STEP Tools, Inc. (www.steptools.com) 
 */
/* OPTION: using custom renumber hook */

FILE_DESCRIPTION(
/* description */ ('STEP AP242 Edition 2',
'CAx-IF Rec.Pracs.---Representation and Presentation of Product Manufa
cturing Information (PMI)---4.0---2014-10-13',
'CAx-IF Rec.Pracs.---3D Tessellated Geometry---0.4---2014-09-14','2;1',
'CAx-IF Rec.Pracs.---User Defined Attributes---1.5---2016-08-15'),
/* implementation_level */ '2;1');

FILE_NAME(
/* name */ 'Part Studio 1 - Bevel 1M 20T 59deg',
/* time_stamp */ '2026-08-31T01:44:07Z',
/* author */ (''),
/* organization */ (''),
/* preprocessor_version */ 'ST-DEVELOPER v20',
/* originating_system */ 'ONSHAPE BY PTC INC, 1.220',
/* authorisation */ '  ');

FILE_SCHEMA (('AP242_MANAGED_MODEL_BASED_3D_ENGINEERING_MIM_LF { 1 0 10303 442 3 1 4 }'));
ENDSEC;

DATA;
#10=SHAPE_REPRESENTATION_RELATIONSHIP('','',#2814,#11);
#11=ADVANCED_BREP_SHAPE_REPRESENTATION('',(#2812),#11307);
#12=ELLIPSE('',#2974,0.0020000000318021,0.002);
#13=ELLIPSE('',#2988,0.0020000000318021,0.002);
#14=CYLINDRICAL_SURFACE('',#2825,0.0218126772148115);
#15=CYLINDRICAL_SURFACE('',#2833,0.0218126772121842);
#16=CYLINDRICAL_SURFACE('',#2841,0.0218126772141298);
#17=CYLINDRICAL_SURFACE('',#2849,0.0218126772124896);
#18=CYLINDRICAL_SURFACE('',#2857,0.0218126772144602);
#19=CYLINDRICAL_SURFACE('',#2865,0.0218126772142025);
#20=CYLINDRICAL_SURFACE('',#2873,0.0218126772146704);
#21=CYLINDRICAL_SURFACE('',#2881,0.0218126772147077);
#22=CYLINDRICAL_SURFACE('',#2889,0.0218126772163775);
#23=CYLINDRICAL_SURFACE('',#2897,0.0218126772147771);
#24=CYLINDRICAL_SURFACE('',#2905,0.0218126772149418);
#25=CYLINDRICAL_SURFACE('',#2913,0.0218126772181861);
#26=CYLINDRICAL_SURFACE('',#2921,0.0218126772139956);
#27=CYLINDRICAL_SURFACE('',#2929,0.0218126772122941);
#28=CYLINDRICAL_SURFACE('',#2937,0.0218126772184872);
#29=CYLINDRICAL_SURFACE('',#2945,0.0218126772159927);
#30=CYLINDRICAL_SURFACE('',#2953,0.021812677214682);
#31=CYLINDRICAL_SURFACE('',#2961,0.0218126772160298);
#32=CYLINDRICAL_SURFACE('',#2969,0.0218126772164526);
#33=CYLINDRICAL_SURFACE('',#2975,0.00935695058277312);
#34=CYLINDRICAL_SURFACE('',#2976,0.0218126772111093);
#35=CYLINDRICAL_SURFACE('',#2989,0.002);
#36=B_SPLINE_SURFACE_WITH_KNOTS('',3,3,((#3584,#3585,#3586,#3587,#3588,
#3589,#3590,#3591,#3592,#3593,#3594),(#3595,#3596,#3597,#3598,#3599,#3600,
#3601,#3602,#3603,#3604,#3605),(#3606,#3607,#3608,#3609,#3610,#3611,#3612,
#3613,#3614,#3615,#3616),(#3617,#3618,#3619,#3620,#3621,#3622,#3623,#3624,
#3625,#3626,#3627),(#3628,#3629,#3630,#3631,#3632,#3633,#3634,#3635,#3636,
#3637,#3638),(#3639,#3640,#3641,#3642,#3643,#3644,#3645,#3646,#3647,#3648,
#3649),(#3650,#3651,#3652,#3653,#3654,#3655,#3656,#3657,#3658,#3659,#3660),
(#3661,#3662,#3663,#3664,#3665,#3666,#3667,#3668,#3669,#3670,#3671),(#3672,
#3673,#3674,#3675,#3676,#3677,#3678,#3679,#3680,#3681,#3682),(#3683,#3684,
#3685,#3686,#3687,#3688,#3689,#3690,#3691,#3692,#3693),(#3694,#3695,#3696,
#3697,#3698,#3699,#3700,#3701,#3702,#3703,#3704),(#3705,#3706,#3707,#3708,
#3709,#3710,#3711,#3712,#3713,#3714,#3715),(#3716,#3717,#3718,#3719,#3720,
#3721,#3722,#3723,#3724,#3725,#3726),(#3727,#3728,#3729,#3730,#3731,#3732,
#3733,#3734,#3735,#3736,#3737)),.UNSPECIFIED.,.F.,.F.,.F.,(4,2,2,2,2,2,
4),(4,1,1,1,1,1,1,1,4),(0.,0.254931915428703,0.50683755033415,0.70584310212502,
0.853620870766343,0.927007990488383,1.),(0.0154328074115759,0.124997911198735,
0.250001503798529,0.375001058762861,0.50001143478471,0.625017485726757,
0.750028485569898,0.875000546310044,0.992554699112319),.UNSPECIFIED.);
#37=B_SPLINE_SURFACE_WITH_KNOTS('',3,3,((#3751,#3752,#3753,#3754,#3755,
#3756,#3757,#3758,#3759,#3760,#3761),(#3762,#3763,#3764,#3765,#3766,#3767,
#3768,#3769,#3770,#3771,#3772),(#3773,#3774,#3775,#3776,#3777,#3778,#3779,
#3780,#3781,#3782,#3783),(#3784,#3785,#3786,#3787,#3788,#3789,#3790,#3791,
#3792,#3793,#3794),(#3795,#3796,#3797,#3798,#3799,#3800,#3801,#3802,#3803,
#3804,#3805),(#3806,#3807,#3808,#3809,#3810,#3811,#3812,#3813,#3814,#3815,
#3816),(#3817,#3818,#3819,#3820,#3821,#3822,#3823,#3824,#3825,#3826,#3827),
(#3828,#3829,#3830,#3831,#3832,#3833,#3834,#3835,#3836,#3837,#3838),(#3839,
#3840,#3841,#3842,#3843,#3844,#3845,#3846,#3847,#3848,#3849),(#3850,#3851,
#3852,#3853,#3854,#3855,#3856,#3857,#3858,#3859,#3860),(#3861,#3862,#3863,
#3864,#3865,#3866,#3867,#3868,#3869,#3870,#3871),(#3872,#3873,#3874,#3875,
#3876,#3877,#3878,#3879,#3880,#3881,#3882),(#3883,#3884,#3885,#3886,#3887,
#3888,#3889,#3890,#3891,#3892,#3893),(#3894,#3895,#3896,#3897,#3898,#3899,
#3900,#3901,#3902,#3903,#3904)),.UNSPECIFIED.,.F.,.F.,.F.,(4,2,2,2,2,2,
4),(4,1,1,1,1,1,1,1,4),(0.,0.0695211537645358,0.139362980868037,0.244710018361069,
0.493257812193287,0.746628906096644,1.),(0.0154198616628507,0.124997911198735,
0.250001503798529,0.375001058762861,0.50001143478471,0.625017485726757,
0.750028485569898,0.875000546310044,0.992813310741252),.UNSPECIFIED.);
#38=B_SPLINE_SURFACE_WITH_KNOTS('',3,3,((#3972,#3973,#3974,#3975,#3976,
#3977,#3978,#3979,#3980,#3981,#3982),(#3983,#3984,#3985,#3986,#3987,#3988,
#3989,#3990,#3991,#3992,#3993),(#3994,#3995,#3996,#3997,#3998,#3999,#4000,
#4001,#4002,#4003,#4004),(#4005,#4006,#4007,#4008,#4009,#4010,#4011,#4012,
#4013,#4014,#4015),(#4016,#4017,#4018,#4019,#4020,#4021,#4022,#4023,#4024,
#4025,#4026),(#4027,#4028,#4029,#4030,#4031,#4032,#4033,#4034,#4035,#4036,
#4037),(#4038,#4039,#4040,#4041,#4042,#4043,#4044,#4045,#4046,#4047,#4048),
(#4049,#4050,#4051,#4052,#4053,#4054,#4055,#4056,#4057,#4058,#4059),(#4060,
#4061,#4062,#4063,#4064,#4065,#4066,#4067,#4068,#4069,#4070),(#4071,#4072,
#4073,#4074,#4075,#4076,#4077,#4078,#4079,#4080,#4081),(#4082,#4083,#4084,
#4085,#4086,#4087,#4088,#4089,#4090,#4091,#4092),(#4093,#4094,#4095,#4096,
#4097,#4098,#4099,#4100,#4101,#4102,#4103),(#4104,#4105,#4106,#4107,#4108,
#4109,#4110,#4111,#4112,#4113,#4114),(#4115,#4116,#4117,#4118,#4119,#4120,
#4121,#4122,#4123,#4124,#4125)),.UNSPECIFIED.,.F.,.F.,.F.,(4,2,2,2,2,2,
4),(4,1,1,1,1,1,1,1,4),(0.,0.254931915428703,0.50683755033415,0.70584310212502,
0.853620870766343,0.927007990488383,1.),(0.0154328074115776,0.124997911198735,
0.250001503798529,0.375001058762861,0.50001143478471,0.625017485726757,
0.750028485569898,0.875000546310044,0.992554699112313),.UNSPECIFIED.);
#39=B_SPLINE_SURFACE_WITH_KNOTS('',3,3,((#4139,#4140,#4141,#4142,#4143,
#4144,#4145,#4146,#4147,#4148,#4149),(#4150,#4151,#4152,#4153,#4154,#4155,
#4156,#4157,#4158,#4159,#4160),(#4161,#4162,#4163,#4164,#4165,#4166,#4167,
#4168,#4169,#4170,#4171),(#4172,#4173,#4174,#4175,#4176,#4177,#4178,#4179,
#4180,#4181,#4182),(#4183,#4184,#4185,#4186,#4187,#4188,#4189,#4190,#4191,
#4192,#4193),(#4194,#4195,#4196,#4197,#4198,#4199,#4200,#4201,#4202,#4203,
#4204),(#4205,#4206,#4207,#4208,#4209,#4210,#4211,#4212,#4213,#4214,#4215),
(#4216,#4217,#4218,#4219,#4220,#4221,#4222,#4223,#4224,#4225,#4226),(#4227,
#4228,#4229,#4230,#4231,#4232,#4233,#4234,#4235,#4236,#4237),(#4238,#4239,
#4240,#4241,#4242,#4243,#4244,#4245,#4246,#4247,#4248),(#4249,#4250,#4251,
#4252,#4253,#4254,#4255,#4256,#4257,#4258,#4259),(#4260,#4261,#4262,#4263,
#4264,#4265,#4266,#4267,#4268,#4269,#4270),(#4271,#4272,#4273,#4274,#4275,
#4276,#4277,#4278,#4279,#4280,#4281),(#4282,#4283,#4284,#4285,#4286,#4287,
#4288,#4289,#4290,#4291,#4292)),.UNSPECIFIED.,.F.,.F.,.F.,(4,2,2,2,2,2,
4),(4,1,1,1,1,1,1,1,4),(0.,0.0695211537645358,0.139362980868037,0.244710018361069,
0.493257812193287,0.746628906096644,1.),(0.0154198616628463,0.124997911198735,
0.250001503798529,0.375001058762861,0.50001143478471,0.625017485726757,
0.750028485569898,0.875000546310044,0.992813310741253),.UNSPECIFIED.);
#40=B_SPLINE_SURFACE_WITH_KNOTS('',3,3,((#4360,#4361,#4362,#4363,#4364,
#4365,#4366,#4367,#4368,#4369,#4370),(#4371,#4372,#4373,#4374,#4375,#4376,
#4377,#4378,#4379,#4380,#4381),(#4382,#4383,#4384,#4385,#4386,#4387,#4388,
#4389,#4390,#4391,#4392),(#4393,#4394,#4395,#4396,#4397,#4398,#4399,#4400,
#4401,#4402,#4403),(#4404,#4405,#4406,#4407,#4408,#4409,#4410,#4411,#4412,
#4413,#4414),(#4415,#4416,#4417,#4418,#4419,#4420,#4421,#4422,#4423,#4424,
#4425),(#4426,#4427,#4428,#4429,#4430,#4431,#4432,#4433,#4434,#4435,#4436),
(#4437,#4438,#4439,#4440,#4441,#4442,#4443,#4444,#4445,#4446,#4447),(#4448,
#4449,#4450,#4451,#4452,#4453,#4454,#4455,#4456,#4457,#4458),(#4459,#4460,
#4461,#4462,#4463,#4464,#4465,#4466,#4467,#4468,#4469),(#4470,#4471,#4472,
#4473,#4474,#4475,#4476,#4477,#4478,#4479,#4480),(#4481,#4482,#4483,#4484,
#4485,#4486,#4487,#4488,#4489,#4490,#4491),(#4492,#4493,#4494,#4495,#4496,
#4497,#4498,#4499,#4500,#4501,#4502),(#4503,#4504,#4505,#4506,#4507,#4508,
#4509,#4510,#4511,#4512,#4513)),.UNSPECIFIED.,.F.,.F.,.F.,(4,2,2,2,2,2,
4),(4,1,1,1,1,1,1,1,4),(0.,0.254931915428703,0.50683755033415,0.70584310212502,
0.853620870766343,0.927007990488383,1.),(0.0154328074115839,0.124997911198735,
0.250001503798529,0.375001058762861,0.50001143478471,0.625017485726757,
0.750028485569898,0.875000546310044,0.992554699112316),.UNSPECIFIED.);
#41=B_SPLINE_SURFACE_WITH_KNOTS('',3,3,((#4527,#4528,#4529,#4530,#4531,
#4532,#4533,#4534,#4535,#4536,#4537),(#4538,#4539,#4540,#4541,#4542,#4543,
#4544,#4545,#4546,#4547,#4548),(#4549,#4550,#4551,#4552,#4553,#4554,#4555,
#4556,#4557,#4558,#4559),(#4560,#4561,#4562,#4563,#4564,#4565,#4566,#4567,
#4568,#4569,#4570),(#4571,#4572,#4573,#4574,#4575,#4576,#4577,#4578,#4579,
#4580,#4581),(#4582,#4583,#4584,#4585,#4586,#4587,#4588,#4589,#4590,#4591,
#4592),(#4593,#4594,#4595,#4596,#4597,#4598,#4599,#4600,#4601,#4602,#4603),
(#4604,#4605,#4606,#4607,#4608,#4609,#4610,#4611,#4612,#4613,#4614),(#4615,
#4616,#4617,#4618,#4619,#4620,#4621,#4622,#4623,#4624,#4625),(#4626,#4627,
#4628,#4629,#4630,#4631,#4632,#4633,#4634,#4635,#4636),(#4637,#4638,#4639,
#4640,#4641,#4642,#4643,#4644,#4645,#4646,#4647),(#4648,#4649,#4650,#4651,
#4652,#4653,#4654,#4655,#4656,#4657,#4658),(#4659,#4660,#4661,#4662,#4663,
#4664,#4665,#4666,#4667,#4668,#4669),(#4670,#4671,#4672,#4673,#4674,#4675,
#4676,#4677,#4678,#4679,#4680)),.UNSPECIFIED.,.F.,.F.,.F.,(4,2,2,2,2,2,
4),(4,1,1,1,1,1,1,1,4),(0.,0.0695211537645358,0.139362980868037,0.244710018361069,
0.493257812193287,0.746628906096644,1.),(0.015419861662852,0.124997911198735,
0.250001503798529,0.375001058762861,0.50001143478471,0.625017485726757,
0.750028485569898,0.875000546310044,0.992813310741256),.UNSPECIFIED.);
#42=B_SPLINE_SURFACE_WITH_KNOTS('',3,3,((#4748,#4749,#4750,#4751,#4752,
#4753,#4754,#4755,#4756,#4757,#4758),(#4759,#4760,#4761,#4762,#4763,#4764,
#4765,#4766,#4767,#4768,#4769),(#4770,#4771,#4772,#4773,#4774,#4775,#4776,
#4777,#4778,#4779,#4780),(#4781,#4782,#4783,#4784,#4785,#4786,#4787,#4788,
#4789,#4790,#4791),(#4792,#4793,#4794,#4795,#4796,#4797,#4798,#4799,#4800,
#4801,#4802),(#4803,#4804,#4805,#4806,#4807,#4808,#4809,#4810,#4811,#4812,
#4813),(#4814,#4815,#4816,#4817,#4818,#4819,#4820,#4821,#4822,#4823,#4824),
(#4825,#4826,#4827,#4828,#4829,#4830,#4831,#4832,#4833,#4834,#4835),(#4836,
#4837,#4838,#4839,#4840,#4841,#4842,#4843,#4844,#4845,#4846),(#4847,#4848,
#4849,#4850,#4851,#4852,#4853,#4854,#4855,#4856,#4857),(#4858,#4859,#4860,
#4861,#4862,#4863,#4864,#4865,#4866,#4867,#4868),(#4869,#4870,#4871,#4872,
#4873,#4874,#4875,#4876,#4877,#4878,#4879),(#4880,#4881,#4882,#4883,#4884,
#4885,#4886,#4887,#4888,#4889,#4890),(#4891,#4892,#4893,#4894,#4895,#4896,
#4897,#4898,#4899,#4900,#4901)),.UNSPECIFIED.,.F.,.F.,.F.,(4,2,2,2,2,2,
4),(4,1,1,1,1,1,1,1,4),(0.,0.254931915428703,0.50683755033415,0.70584310212502,
0.853620870766343,0.927007990488383,1.),(0.0154328074115856,0.124997911198735,
0.250001503798529,0.375001058762861,0.50001143478471,0.625017485726757,
0.750028485569898,0.875000546310044,0.992554699112316),.UNSPECIFIED.);
#43=B_SPLINE_SURFACE_WITH_KNOTS('',3,3,((#4915,#4916,#4917,#4918,#4919,
#4920,#4921,#4922,#4923,#4924,#4925),(#4926,#4927,#4928,#4929,#4930,#4931,
#4932,#4933,#4934,#4935,#4936),(#4937,#4938,#4939,#4940,#4941,#4942,#4943,
#4944,#4945,#4946,#4947),(#4948,#4949,#4950,#4951,#4952,#4953,#4954,#4955,
#4956,#4957,#4958),(#4959,#4960,#4961,#4962,#4963,#4964,#4965,#4966,#4967,
#4968,#4969),(#4970,#4971,#4972,#4973,#4974,#4975,#4976,#4977,#4978,#4979,
#4980),(#4981,#4982,#4983,#4984,#4985,#4986,#4987,#4988,#4989,#4990,#4991),
(#4992,#4993,#4994,#4995,#4996,#4997,#4998,#4999,#5000,#5001,#5002),(#5003,
#5004,#5005,#5006,#5007,#5008,#5009,#5010,#5011,#5012,#5013),(#5014,#5015,
#5016,#5017,#5018,#5019,#5020,#5021,#5022,#5023,#5024),(#5025,#5026,#5027,
#5028,#5029,#5030,#5031,#5032,#5033,#5034,#5035),(#5036,#5037,#5038,#5039,
#5040,#5041,#5042,#5043,#5044,#5045,#5046),(#5047,#5048,#5049,#5050,#5051,
#5052,#5053,#5054,#5055,#5056,#5057),(#5058,#5059,#5060,#5061,#5062,#5063,
#5064,#5065,#5066,#5067,#5068)),.UNSPECIFIED.,.F.,.F.,.F.,(4,2,2,2,2,2,
4),(4,1,1,1,1,1,1,1,4),(0.,0.0695211537645358,0.139362980868037,0.244710018361069,
0.493257812193287,0.746628906096644,1.),(0.0154198616628491,0.124997911198735,
0.250001503798529,0.375001058762861,0.50001143478471,0.625017485726757,
0.750028485569898,0.875000546310044,0.992813310741248),.UNSPECIFIED.);
#44=B_SPLINE_SURFACE_WITH_KNOTS('',3,3,((#5136,#5137,#5138,#5139,#5140,
#5141,#5142,#5143,#5144,#5145,#5146),(#5147,#5148,#5149,#5150,#5151,#5152,
#5153,#5154,#5155,#5156,#5157),(#5158,#5159,#5160,#5161,#5162,#5163,#5164,
#5165,#5166,#5167,#5168),(#5169,#5170,#5171,#5172,#5173,#5174,#5175,#5176,
#5177,#5178,#5179),(#5180,#5181,#5182,#5183,#5184,#5185,#5186,#5187,#5188,
#5189,#5190),(#5191,#5192,#5193,#5194,#5195,#5196,#5197,#5198,#5199,#5200,
#5201),(#5202,#5203,#5204,#5205,#5206,#5207,#5208,#5209,#5210,#5211,#5212),
(#5213,#5214,#5215,#5216,#5217,#5218,#5219,#5220,#5221,#5222,#5223),(#5224,
#5225,#5226,#5227,#5228,#5229,#5230,#5231,#5232,#5233,#5234),(#5235,#5236,
#5237,#5238,#5239,#5240,#5241,#5242,#5243,#5244,#5245),(#5246,#5247,#5248,
#5249,#5250,#5251,#5252,#5253,#5254,#5255,#5256),(#5257,#5258,#5259,#5260,
#5261,#5262,#5263,#5264,#5265,#5266,#5267),(#5268,#5269,#5270,#5271,#5272,
#5273,#5274,#5275,#5276,#5277,#5278),(#5279,#5280,#5281,#5282,#5283,#5284,
#5285,#5286,#5287,#5288,#5289)),.UNSPECIFIED.,.F.,.F.,.F.,(4,2,2,2,2,2,
4),(4,1,1,1,1,1,1,1,4),(0.,0.254931915428703,0.50683755033415,0.70584310212502,
0.853620870766343,0.927007990488383,1.),(0.0154328074115853,0.124997911198735,
0.250001503798529,0.375001058762861,0.50001143478471,0.625017485726757,
0.750028485569898,0.875000546310044,0.992554699112314),.UNSPECIFIED.);
#45=B_SPLINE_SURFACE_WITH_KNOTS('',3,3,((#5303,#5304,#5305,#5306,#5307,
#5308,#5309,#5310,#5311,#5312,#5313),(#5314,#5315,#5316,#5317,#5318,#5319,
#5320,#5321,#5322,#5323,#5324),(#5325,#5326,#5327,#5328,#5329,#5330,#5331,
#5332,#5333,#5334,#5335),(#5336,#5337,#5338,#5339,#5340,#5341,#5342,#5343,
#5344,#5345,#5346),(#5347,#5348,#5349,#5350,#5351,#5352,#5353,#5354,#5355,
#5356,#5357),(#5358,#5359,#5360,#5361,#5362,#5363,#5364,#5365,#5366,#5367,
#5368),(#5369,#5370,#5371,#5372,#5373,#5374,#5375,#5376,#5377,#5378,#5379),
(#5380,#5381,#5382,#5383,#5384,#5385,#5386,#5387,#5388,#5389,#5390),(#5391,
#5392,#5393,#5394,#5395,#5396,#5397,#5398,#5399,#5400,#5401),(#5402,#5403,
#5404,#5405,#5406,#5407,#5408,#5409,#5410,#5411,#5412),(#5413,#5414,#5415,
#5416,#5417,#5418,#5419,#5420,#5421,#5422,#5423),(#5424,#5425,#5426,#5427,
#5428,#5429,#5430,#5431,#5432,#5433,#5434),(#5435,#5436,#5437,#5438,#5439,
#5440,#5441,#5442,#5443,#5444,#5445),(#5446,#5447,#5448,#5449,#5450,#5451,
#5452,#5453,#5454,#5455,#5456)),.UNSPECIFIED.,.F.,.F.,.F.,(4,2,2,2,2,2,
4),(4,1,1,1,1,1,1,1,4),(0.,0.0695211537645358,0.139362980868037,0.244710018361069,
0.493257812193287,0.746628906096644,1.),(0.0154198616628459,0.124997911198735,
0.250001503798529,0.375001058762861,0.50001143478471,0.625017485726757,
0.750028485569898,0.875000546310044,0.992813310741242),.UNSPECIFIED.);
#46=B_SPLINE_SURFACE_WITH_KNOTS('',3,3,((#5524,#5525,#5526,#5527,#5528,
#5529,#5530,#5531,#5532,#5533,#5534),(#5535,#5536,#5537,#5538,#5539,#5540,
#5541,#5542,#5543,#5544,#5545),(#5546,#5547,#5548,#5549,#5550,#5551,#5552,
#5553,#5554,#5555,#5556),(#5557,#5558,#5559,#5560,#5561,#5562,#5563,#5564,
#5565,#5566,#5567),(#5568,#5569,#5570,#5571,#5572,#5573,#5574,#5575,#5576,
#5577,#5578),(#5579,#5580,#5581,#5582,#5583,#5584,#5585,#5586,#5587,#5588,
#5589),(#5590,#5591,#5592,#5593,#5594,#5595,#5596,#5597,#5598,#5599,#5600),
(#5601,#5602,#5603,#5604,#5605,#5606,#5607,#5608,#5609,#5610,#5611),(#5612,
#5613,#5614,#5615,#5616,#5617,#5618,#5619,#5620,#5621,#5622),(#5623,#5624,
#5625,#5626,#5627,#5628,#5629,#5630,#5631,#5632,#5633),(#5634,#5635,#5636,
#5637,#5638,#5639,#5640,#5641,#5642,#5643,#5644),(#5645,#5646,#5647,#5648,
#5649,#5650,#5651,#5652,#5653,#5654,#5655),(#5656,#5657,#5658,#5659,#5660,
#5661,#5662,#5663,#5664,#5665,#5666),(#5667,#5668,#5669,#5670,#5671,#5672,
#5673,#5674,#5675,#5676,#5677)),.UNSPECIFIED.,.F.,.F.,.F.,(4,2,2,2,2,2,
4),(4,1,1,1,1,1,1,1,4),(0.,0.254931915428703,0.50683755033415,0.70584310212502,
0.853620870766343,0.927007990488383,1.),(0.0154328074115845,0.124997911198735,
0.250001503798529,0.375001058762861,0.50001143478471,0.625017485726757,
0.750028485569898,0.875000546310044,0.992554699112323),.UNSPECIFIED.);
#47=B_SPLINE_SURFACE_WITH_KNOTS('',3,3,((#5691,#5692,#5693,#5694,#5695,
#5696,#5697,#5698,#5699,#5700,#5701),(#5702,#5703,#5704,#5705,#5706,#5707,
#5708,#5709,#5710,#5711,#5712),(#5713,#5714,#5715,#5716,#5717,#5718,#5719,
#5720,#5721,#5722,#5723),(#5724,#5725,#5726,#5727,#5728,#5729,#5730,#5731,
#5732,#5733,#5734),(#5735,#5736,#5737,#5738,#5739,#5740,#5741,#5742,#5743,
#5744,#5745),(#5746,#5747,#5748,#5749,#5750,#5751,#5752,#5753,#5754,#5755,
#5756),(#5757,#5758,#5759,#5760,#5761,#5762,#5763,#5764,#5765,#5766,#5767),
(#5768,#5769,#5770,#5771,#5772,#5773,#5774,#5775,#5776,#5777,#5778),(#5779,
#5780,#5781,#5782,#5783,#5784,#5785,#5786,#5787,#5788,#5789),(#5790,#5791,
#5792,#5793,#5794,#5795,#5796,#5797,#5798,#5799,#5800),(#5801,#5802,#5803,
#5804,#5805,#5806,#5807,#5808,#5809,#5810,#5811),(#5812,#5813,#5814,#5815,
#5816,#5817,#5818,#5819,#5820,#5821,#5822),(#5823,#5824,#5825,#5826,#5827,
#5828,#5829,#5830,#5831,#5832,#5833),(#5834,#5835,#5836,#5837,#5838,#5839,
#5840,#5841,#5842,#5843,#5844)),.UNSPECIFIED.,.F.,.F.,.F.,(4,2,2,2,2,2,
4),(4,1,1,1,1,1,1,1,4),(0.,0.0695211537645358,0.139362980868037,0.244710018361069,
0.493257812193287,0.746628906096644,1.),(0.0154198616628495,0.124997911198735,
0.250001503798529,0.375001058762861,0.50001143478471,0.625017485726757,
0.750028485569898,0.875000546310044,0.992813310741247),.UNSPECIFIED.);
#48=B_SPLINE_SURFACE_WITH_KNOTS('',3,3,((#5912,#5913,#5914,#5915,#5916,
#5917,#5918,#5919,#5920,#5921,#5922),(#5923,#5924,#5925,#5926,#5927,#5928,
#5929,#5930,#5931,#5932,#5933),(#5934,#5935,#5936,#5937,#5938,#5939,#5940,
#5941,#5942,#5943,#5944),(#5945,#5946,#5947,#5948,#5949,#5950,#5951,#5952,
#5953,#5954,#5955),(#5956,#5957,#5958,#5959,#5960,#5961,#5962,#5963,#5964,
#5965,#5966),(#5967,#5968,#5969,#5970,#5971,#5972,#5973,#5974,#5975,#5976,
#5977),(#5978,#5979,#5980,#5981,#5982,#5983,#5984,#5985,#5986,#5987,#5988),
(#5989,#5990,#5991,#5992,#5993,#5994,#5995,#5996,#5997,#5998,#5999),(#6000,
#6001,#6002,#6003,#6004,#6005,#6006,#6007,#6008,#6009,#6010),(#6011,#6012,
#6013,#6014,#6015,#6016,#6017,#6018,#6019,#6020,#6021),(#6022,#6023,#6024,
#6025,#6026,#6027,#6028,#6029,#6030,#6031,#6032),(#6033,#6034,#6035,#6036,
#6037,#6038,#6039,#6040,#6041,#6042,#6043),(#6044,#6045,#6046,#6047,#6048,
#6049,#6050,#6051,#6052,#6053,#6054),(#6055,#6056,#6057,#6058,#6059,#6060,
#6061,#6062,#6063,#6064,#6065)),.UNSPECIFIED.,.F.,.F.,.F.,(4,2,2,2,2,2,
4),(4,1,1,1,1,1,1,1,4),(0.,0.254931915428703,0.50683755033415,0.70584310212502,
0.853620870766343,0.927007990488383,1.),(0.0154328074115814,0.124997911198735,
0.250001503798529,0.375001058762861,0.50001143478471,0.625017485726757,
0.750028485569898,0.875000546310044,0.992554699112322),.UNSPECIFIED.);
#49=B_SPLINE_SURFACE_WITH_KNOTS('',3,3,((#6079,#6080,#6081,#6082,#6083,
#6084,#6085,#6086,#6087,#6088,#6089),(#6090,#6091,#6092,#6093,#6094,#6095,
#6096,#6097,#6098,#6099,#6100),(#6101,#6102,#6103,#6104,#6105,#6106,#6107,
#6108,#6109,#6110,#6111),(#6112,#6113,#6114,#6115,#6116,#6117,#6118,#6119,
#6120,#6121,#6122),(#6123,#6124,#6125,#6126,#6127,#6128,#6129,#6130,#6131,
#6132,#6133),(#6134,#6135,#6136,#6137,#6138,#6139,#6140,#6141,#6142,#6143,
#6144),(#6145,#6146,#6147,#6148,#6149,#6150,#6151,#6152,#6153,#6154,#6155),
(#6156,#6157,#6158,#6159,#6160,#6161,#6162,#6163,#6164,#6165,#6166),(#6167,
#6168,#6169,#6170,#6171,#6172,#6173,#6174,#6175,#6176,#6177),(#6178,#6179,
#6180,#6181,#6182,#6183,#6184,#6185,#6186,#6187,#6188),(#6189,#6190,#6191,
#6192,#6193,#6194,#6195,#6196,#6197,#6198,#6199),(#6200,#6201,#6202,#6203,
#6204,#6205,#6206,#6207,#6208,#6209,#6210),(#6211,#6212,#6213,#6214,#6215,
#6216,#6217,#6218,#6219,#6220,#6221),(#6222,#6223,#6224,#6225,#6226,#6227,
#6228,#6229,#6230,#6231,#6232)),.UNSPECIFIED.,.F.,.F.,.F.,(4,2,2,2,2,2,
4),(4,1,1,1,1,1,1,1,4),(0.,0.0695211537645358,0.139362980868037,0.244710018361069,
0.493257812193287,0.746628906096644,1.),(0.0154198616628454,0.124997911198735,
0.250001503798529,0.375001058762861,0.50001143478471,0.625017485726757,
0.750028485569898,0.875000546310044,0.992813310741256),.UNSPECIFIED.);
#50=B_SPLINE_SURFACE_WITH_KNOTS('',3,3,((#6300,#6301,#6302,#6303,#6304,
#6305,#6306,#6307,#6308,#6309,#6310),(#6311,#6312,#6313,#6314,#6315,#6316,
#6317,#6318,#6319,#6320,#6321),(#6322,#6323,#6324,#6325,#6326,#6327,#6328,
#6329,#6330,#6331,#6332),(#6333,#6334,#6335,#6336,#6337,#6338,#6339,#6340,
#6341,#6342,#6343),(#6344,#6345,#6346,#6347,#6348,#6349,#6350,#6351,#6352,
#6353,#6354),(#6355,#6356,#6357,#6358,#6359,#6360,#6361,#6362,#6363,#6364,
#6365),(#6366,#6367,#6368,#6369,#6370,#6371,#6372,#6373,#6374,#6375,#6376),
(#6377,#6378,#6379,#6380,#6381,#6382,#6383,#6384,#6385,#6386,#6387),(#6388,
#6389,#6390,#6391,#6392,#6393,#6394,#6395,#6396,#6397,#6398),(#6399,#6400,
#6401,#6402,#6403,#6404,#6405,#6406,#6407,#6408,#6409),(#6410,#6411,#6412,
#6413,#6414,#6415,#6416,#6417,#6418,#6419,#6420),(#6421,#6422,#6423,#6424,
#6425,#6426,#6427,#6428,#6429,#6430,#6431),(#6432,#6433,#6434,#6435,#6436,
#6437,#6438,#6439,#6440,#6441,#6442),(#6443,#6444,#6445,#6446,#6447,#6448,
#6449,#6450,#6451,#6452,#6453)),.UNSPECIFIED.,.F.,.F.,.F.,(4,2,2,2,2,2,
4),(4,1,1,1,1,1,1,1,4),(0.,0.254931915428703,0.50683755033415,0.70584310212502,
0.853620870766343,0.927007990488383,1.),(0.0154328074115783,0.124997911198735,
0.250001503798529,0.375001058762861,0.50001143478471,0.625017485726757,
0.750028485569898,0.875000546310044,0.992554699112321),.UNSPECIFIED.);
#51=B_SPLINE_SURFACE_WITH_KNOTS('',3,3,((#6467,#6468,#6469,#6470,#6471,
#6472,#6473,#6474,#6475,#6476,#6477),(#6478,#6479,#6480,#6481,#6482,#6483,
#6484,#6485,#6486,#6487,#6488),(#6489,#6490,#6491,#6492,#6493,#6494,#6495,
#6496,#6497,#6498,#6499),(#6500,#6501,#6502,#6503,#6504,#6505,#6506,#6507,
#6508,#6509,#6510),(#6511,#6512,#6513,#6514,#6515,#6516,#6517,#6518,#6519,
#6520,#6521),(#6522,#6523,#6524,#6525,#6526,#6527,#6528,#6529,#6530,#6531,
#6532),(#6533,#6534,#6535,#6536,#6537,#6538,#6539,#6540,#6541,#6542,#6543),
(#6544,#6545,#6546,#6547,#6548,#6549,#6550,#6551,#6552,#6553,#6554),(#6555,
#6556,#6557,#6558,#6559,#6560,#6561,#6562,#6563,#6564,#6565),(#6566,#6567,
#6568,#6569,#6570,#6571,#6572,#6573,#6574,#6575,#6576),(#6577,#6578,#6579,
#6580,#6581,#6582,#6583,#6584,#6585,#6586,#6587),(#6588,#6589,#6590,#6591,
#6592,#6593,#6594,#6595,#6596,#6597,#6598),(#6599,#6600,#6601,#6602,#6603,
#6604,#6605,#6606,#6607,#6608,#6609),(#6610,#6611,#6612,#6613,#6614,#6615,
#6616,#6617,#6618,#6619,#6620)),.UNSPECIFIED.,.F.,.F.,.F.,(4,2,2,2,2,2,
4),(4,1,1,1,1,1,1,1,4),(0.,0.0695211537645358,0.139362980868037,0.244710018361069,
0.493257812193287,0.746628906096644,1.),(0.015419861662846,0.124997911198735,
0.250001503798529,0.375001058762861,0.50001143478471,0.625017485726757,
0.750028485569898,0.875000546310044,0.99281331074125),.UNSPECIFIED.);
#52=B_SPLINE_SURFACE_WITH_KNOTS('',3,3,((#6688,#6689,#6690,#6691,#6692,
#6693,#6694,#6695,#6696,#6697,#6698),(#6699,#6700,#6701,#6702,#6703,#6704,
#6705,#6706,#6707,#6708,#6709),(#6710,#6711,#6712,#6713,#6714,#6715,#6716,
#6717,#6718,#6719,#6720),(#6721,#6722,#6723,#6724,#6725,#6726,#6727,#6728,
#6729,#6730,#6731),(#6732,#6733,#6734,#6735,#6736,#6737,#6738,#6739,#6740,
#6741,#6742),(#6743,#6744,#6745,#6746,#6747,#6748,#6749,#6750,#6751,#6752,
#6753),(#6754,#6755,#6756,#6757,#6758,#6759,#6760,#6761,#6762,#6763,#6764),
(#6765,#6766,#6767,#6768,#6769,#6770,#6771,#6772,#6773,#6774,#6775),(#6776,
#6777,#6778,#6779,#6780,#6781,#6782,#6783,#6784,#6785,#6786),(#6787,#6788,
#6789,#6790,#6791,#6792,#6793,#6794,#6795,#6796,#6797),(#6798,#6799,#6800,
#6801,#6802,#6803,#6804,#6805,#6806,#6807,#6808),(#6809,#6810,#6811,#6812,
#6813,#6814,#6815,#6816,#6817,#6818,#6819),(#6820,#6821,#6822,#6823,#6824,
#6825,#6826,#6827,#6828,#6829,#6830),(#6831,#6832,#6833,#6834,#6835,#6836,
#6837,#6838,#6839,#6840,#6841)),.UNSPECIFIED.,.F.,.F.,.F.,(4,2,2,2,2,2,
4),(4,1,1,1,1,1,1,1,4),(0.,0.254931915428703,0.50683755033415,0.70584310212502,
0.853620870766343,0.927007990488383,1.),(0.0154328074115826,0.124997911198735,
0.250001503798529,0.375001058762861,0.50001143478471,0.625017485726757,
0.750028485569898,0.875000546310044,0.992554699112317),.UNSPECIFIED.);
#53=B_SPLINE_SURFACE_WITH_KNOTS('',3,3,((#6855,#6856,#6857,#6858,#6859,
#6860,#6861,#6862,#6863,#6864,#6865),(#6866,#6867,#6868,#6869,#6870,#6871,
#6872,#6873,#6874,#6875,#6876),(#6877,#6878,#6879,#6880,#6881,#6882,#6883,
#6884,#6885,#6886,#6887),(#6888,#6889,#6890,#6891,#6892,#6893,#6894,#6895,
#6896,#6897,#6898),(#6899,#6900,#6901,#6902,#6903,#6904,#6905,#6906,#6907,
#6908,#6909),(#6910,#6911,#6912,#6913,#6914,#6915,#6916,#6917,#6918,#6919,
#6920),(#6921,#6922,#6923,#6924,#6925,#6926,#6927,#6928,#6929,#6930,#6931),
(#6932,#6933,#6934,#6935,#6936,#6937,#6938,#6939,#6940,#6941,#6942),(#6943,
#6944,#6945,#6946,#6947,#6948,#6949,#6950,#6951,#6952,#6953),(#6954,#6955,
#6956,#6957,#6958,#6959,#6960,#6961,#6962,#6963,#6964),(#6965,#6966,#6967,
#6968,#6969,#6970,#6971,#6972,#6973,#6974,#6975),(#6976,#6977,#6978,#6979,
#6980,#6981,#6982,#6983,#6984,#6985,#6986),(#6987,#6988,#6989,#6990,#6991,
#6992,#6993,#6994,#6995,#6996,#6997),(#6998,#6999,#7000,#7001,#7002,#7003,
#7004,#7005,#7006,#7007,#7008)),.UNSPECIFIED.,.F.,.F.,.F.,(4,2,2,2,2,2,
4),(4,1,1,1,1,1,1,1,4),(0.,0.0695211537645358,0.139362980868037,0.244710018361069,
0.493257812193287,0.746628906096644,1.),(0.0154198616628567,0.124997911198735,
0.250001503798529,0.375001058762861,0.50001143478471,0.625017485726757,
0.750028485569898,0.875000546310044,0.992813310741256),.UNSPECIFIED.);
#54=B_SPLINE_SURFACE_WITH_KNOTS('',3,3,((#7076,#7077,#7078,#7079,#7080,
#7081,#7082,#7083,#7084,#7085,#7086),(#7087,#7088,#7089,#7090,#7091,#7092,
#7093,#7094,#7095,#7096,#7097),(#7098,#7099,#7100,#7101,#7102,#7103,#7104,
#7105,#7106,#7107,#7108),(#7109,#7110,#7111,#7112,#7113,#7114,#7115,#7116,
#7117,#7118,#7119),(#7120,#7121,#7122,#7123,#7124,#7125,#7126,#7127,#7128,
#7129,#7130),(#7131,#7132,#7133,#7134,#7135,#7136,#7137,#7138,#7139,#7140,
#7141),(#7142,#7143,#7144,#7145,#7146,#7147,#7148,#7149,#7150,#7151,#7152),
(#7153,#7154,#7155,#7156,#7157,#7158,#7159,#7160,#7161,#7162,#7163),(#7164,
#7165,#7166,#7167,#7168,#7169,#7170,#7171,#7172,#7173,#7174),(#7175,#7176,
#7177,#7178,#7179,#7180,#7181,#7182,#7183,#7184,#7185),(#7186,#7187,#7188,
#7189,#7190,#7191,#7192,#7193,#7194,#7195,#7196),(#7197,#7198,#7199,#7200,
#7201,#7202,#7203,#7204,#7205,#7206,#7207),(#7208,#7209,#7210,#7211,#7212,
#7213,#7214,#7215,#7216,#7217,#7218),(#7219,#7220,#7221,#7222,#7223,#7224,
#7225,#7226,#7227,#7228,#7229)),.UNSPECIFIED.,.F.,.F.,.F.,(4,2,2,2,2,2,
4),(4,1,1,1,1,1,1,1,4),(0.,0.254931915428703,0.50683755033415,0.70584310212502,
0.853620870766343,0.927007990488383,1.),(0.0154328074115811,0.124997911198735,
0.250001503798529,0.375001058762861,0.50001143478471,0.625017485726757,
0.750028485569898,0.875000546310044,0.99255469911232),.UNSPECIFIED.);
#55=B_SPLINE_SURFACE_WITH_KNOTS('',3,3,((#7243,#7244,#7245,#7246,#7247,
#7248,#7249,#7250,#7251,#7252,#7253),(#7254,#7255,#7256,#7257,#7258,#7259,
#7260,#7261,#7262,#7263,#7264),(#7265,#7266,#7267,#7268,#7269,#7270,#7271,
#7272,#7273,#7274,#7275),(#7276,#7277,#7278,#7279,#7280,#7281,#7282,#7283,
#7284,#7285,#7286),(#7287,#7288,#7289,#7290,#7291,#7292,#7293,#7294,#7295,
#7296,#7297),(#7298,#7299,#7300,#7301,#7302,#7303,#7304,#7305,#7306,#7307,
#7308),(#7309,#7310,#7311,#7312,#7313,#7314,#7315,#7316,#7317,#7318,#7319),
(#7320,#7321,#7322,#7323,#7324,#7325,#7326,#7327,#7328,#7329,#7330),(#7331,
#7332,#7333,#7334,#7335,#7336,#7337,#7338,#7339,#7340,#7341),(#7342,#7343,
#7344,#7345,#7346,#7347,#7348,#7349,#7350,#7351,#7352),(#7353,#7354,#7355,
#7356,#7357,#7358,#7359,#7360,#7361,#7362,#7363),(#7364,#7365,#7366,#7367,
#7368,#7369,#7370,#7371,#7372,#7373,#7374),(#7375,#7376,#7377,#7378,#7379,
#7380,#7381,#7382,#7383,#7384,#7385),(#7386,#7387,#7388,#7389,#7390,#7391,
#7392,#7393,#7394,#7395,#7396)),.UNSPECIFIED.,.F.,.F.,.F.,(4,2,2,2,2,2,
4),(4,1,1,1,1,1,1,1,4),(0.,0.0695211537645358,0.139362980868037,0.244710018361069,
0.493257812193287,0.746628906096644,1.),(0.0154198616628489,0.124997911198735,
0.250001503798529,0.375001058762861,0.50001143478471,0.625017485726757,
0.750028485569898,0.875000546310044,0.992813310741262),.UNSPECIFIED.);
#56=B_SPLINE_SURFACE_WITH_KNOTS('',3,3,((#7464,#7465,#7466,#7467,#7468,
#7469,#7470,#7471,#7472,#7473,#7474),(#7475,#7476,#7477,#7478,#7479,#7480,
#7481,#7482,#7483,#7484,#7485),(#7486,#7487,#7488,#7489,#7490,#7491,#7492,
#7493,#7494,#7495,#7496),(#7497,#7498,#7499,#7500,#7501,#7502,#7503,#7504,
#7505,#7506,#7507),(#7508,#7509,#7510,#7511,#7512,#7513,#7514,#7515,#7516,
#7517,#7518),(#7519,#7520,#7521,#7522,#7523,#7524,#7525,#7526,#7527,#7528,
#7529),(#7530,#7531,#7532,#7533,#7534,#7535,#7536,#7537,#7538,#7539,#7540),
(#7541,#7542,#7543,#7544,#7545,#7546,#7547,#7548,#7549,#7550,#7551),(#7552,
#7553,#7554,#7555,#7556,#7557,#7558,#7559,#7560,#7561,#7562),(#7563,#7564,
#7565,#7566,#7567,#7568,#7569,#7570,#7571,#7572,#7573),(#7574,#7575,#7576,
#7577,#7578,#7579,#7580,#7581,#7582,#7583,#7584),(#7585,#7586,#7587,#7588,
#7589,#7590,#7591,#7592,#7593,#7594,#7595),(#7596,#7597,#7598,#7599,#7600,
#7601,#7602,#7603,#7604,#7605,#7606),(#7607,#7608,#7609,#7610,#7611,#7612,
#7613,#7614,#7615,#7616,#7617)),.UNSPECIFIED.,.F.,.F.,.F.,(4,2,2,2,2,2,
4),(4,1,1,1,1,1,1,1,4),(0.,0.254931915428703,0.50683755033415,0.70584310212502,
0.853620870766343,0.927007990488383,1.),(0.0154328074115813,0.124997911198735,
0.250001503798529,0.375001058762861,0.50001143478471,0.625017485726757,
0.750028485569898,0.875000546310044,0.992554699112319),.UNSPECIFIED.);
#57=B_SPLINE_SURFACE_WITH_KNOTS('',3,3,((#7631,#7632,#7633,#7634,#7635,
#7636,#7637,#7638,#7639,#7640,#7641),(#7642,#7643,#7644,#7645,#7646,#7647,
#7648,#7649,#7650,#7651,#7652),(#7653,#7654,#7655,#7656,#7657,#7658,#7659,
#7660,#7661,#7662,#7663),(#7664,#7665,#7666,#7667,#7668,#7669,#7670,#7671,
#7672,#7673,#7674),(#7675,#7676,#7677,#7678,#7679,#7680,#7681,#7682,#7683,
#7684,#7685),(#7686,#7687,#7688,#7689,#7690,#7691,#7692,#7693,#7694,#7695,
#7696),(#7697,#7698,#7699,#7700,#7701,#7702,#7703,#7704,#7705,#7706,#7707),
(#7708,#7709,#7710,#7711,#7712,#7713,#7714,#7715,#7716,#7717,#7718),(#7719,
#7720,#7721,#7722,#7723,#7724,#7725,#7726,#7727,#7728,#7729),(#7730,#7731,
#7732,#7733,#7734,#7735,#7736,#7737,#7738,#7739,#7740),(#7741,#7742,#7743,
#7744,#7745,#7746,#7747,#7748,#7749,#7750,#7751),(#7752,#7753,#7754,#7755,
#7756,#7757,#7758,#7759,#7760,#7761,#7762),(#7763,#7764,#7765,#7766,#7767,
#7768,#7769,#7770,#7771,#7772,#7773),(#7774,#7775,#7776,#7777,#7778,#7779,
#7780,#7781,#7782,#7783,#7784)),.UNSPECIFIED.,.F.,.F.,.F.,(4,2,2,2,2,2,
4),(4,1,1,1,1,1,1,1,4),(0.,0.0695211537645358,0.139362980868037,0.244710018361069,
0.493257812193287,0.746628906096644,1.),(0.0154198616628458,0.124997911198735,
0.250001503798529,0.375001058762861,0.50001143478471,0.625017485726757,
0.750028485569898,0.875000546310044,0.992813310741252),.UNSPECIFIED.);
#58=B_SPLINE_SURFACE_WITH_KNOTS('',3,3,((#7852,#7853,#7854,#7855,#7856,
#7857,#7858,#7859,#7860,#7861,#7862),(#7863,#7864,#7865,#7866,#7867,#7868,
#7869,#7870,#7871,#7872,#7873),(#7874,#7875,#7876,#7877,#7878,#7879,#7880,
#7881,#7882,#7883,#7884),(#7885,#7886,#7887,#7888,#7889,#7890,#7891,#7892,
#7893,#7894,#7895),(#7896,#7897,#7898,#7899,#7900,#7901,#7902,#7903,#7904,
#7905,#7906),(#7907,#7908,#7909,#7910,#7911,#7912,#7913,#7914,#7915,#7916,
#7917),(#7918,#7919,#7920,#7921,#7922,#7923,#7924,#7925,#7926,#7927,#7928),
(#7929,#7930,#7931,#7932,#7933,#7934,#7935,#7936,#7937,#7938,#7939),(#7940,
#7941,#7942,#7943,#7944,#7945,#7946,#7947,#7948,#7949,#7950),(#7951,#7952,
#7953,#7954,#7955,#7956,#7957,#7958,#7959,#7960,#7961),(#7962,#7963,#7964,
#7965,#7966,#7967,#7968,#7969,#7970,#7971,#7972),(#7973,#7974,#7975,#7976,
#7977,#7978,#7979,#7980,#7981,#7982,#7983),(#7984,#7985,#7986,#7987,#7988,
#7989,#7990,#7991,#7992,#7993,#7994),(#7995,#7996,#7997,#7998,#7999,#8000,
#8001,#8002,#8003,#8004,#8005)),.UNSPECIFIED.,.F.,.F.,.F.,(4,2,2,2,2,2,
4),(4,1,1,1,1,1,1,1,4),(0.,0.254931915428703,0.50683755033415,0.70584310212502,
0.853620870766343,0.927007990488383,1.),(0.0154328074115902,0.124997911198735,
0.250001503798529,0.375001058762861,0.50001143478471,0.625017485726757,
0.750028485569898,0.875000546310044,0.992554699112316),.UNSPECIFIED.);
#59=B_SPLINE_SURFACE_WITH_KNOTS('',3,3,((#8019,#8020,#8021,#8022,#8023,
#8024,#8025,#8026,#8027,#8028,#8029),(#8030,#8031,#8032,#8033,#8034,#8035,
#8036,#8037,#8038,#8039,#8040),(#8041,#8042,#8043,#8044,#8045,#8046,#8047,
#8048,#8049,#8050,#8051),(#8052,#8053,#8054,#8055,#8056,#8057,#8058,#8059,
#8060,#8061,#8062),(#8063,#8064,#8065,#8066,#8067,#8068,#8069,#8070,#8071,
#8072,#8073),(#8074,#8075,#8076,#8077,#8078,#8079,#8080,#8081,#8082,#8083,
#8084),(#8085,#8086,#8087,#8088,#8089,#8090,#8091,#8092,#8093,#8094,#8095),
(#8096,#8097,#8098,#8099,#8100,#8101,#8102,#8103,#8104,#8105,#8106),(#8107,
#8108,#8109,#8110,#8111,#8112,#8113,#8114,#8115,#8116,#8117),(#8118,#8119,
#8120,#8121,#8122,#8123,#8124,#8125,#8126,#8127,#8128),(#8129,#8130,#8131,
#8132,#8133,#8134,#8135,#8136,#8137,#8138,#8139),(#8140,#8141,#8142,#8143,
#8144,#8145,#8146,#8147,#8148,#8149,#8150),(#8151,#8152,#8153,#8154,#8155,
#8156,#8157,#8158,#8159,#8160,#8161),(#8162,#8163,#8164,#8165,#8166,#8167,
#8168,#8169,#8170,#8171,#8172)),.UNSPECIFIED.,.F.,.F.,.F.,(4,2,2,2,2,2,
4),(4,1,1,1,1,1,1,1,4),(0.,0.0695211537645358,0.139362980868037,0.244710018361069,
0.493257812193287,0.746628906096644,1.),(0.0154198616628589,0.124997911198735,
0.250001503798529,0.375001058762861,0.50001143478471,0.625017485726757,
0.750028485569898,0.875000546310044,0.992813310741255),.UNSPECIFIED.);
#60=B_SPLINE_SURFACE_WITH_KNOTS('',3,3,((#8240,#8241,#8242,#8243,#8244,
#8245,#8246,#8247,#8248,#8249,#8250),(#8251,#8252,#8253,#8254,#8255,#8256,
#8257,#8258,#8259,#8260,#8261),(#8262,#8263,#8264,#8265,#8266,#8267,#8268,
#8269,#8270,#8271,#8272),(#8273,#8274,#8275,#8276,#8277,#8278,#8279,#8280,
#8281,#8282,#8283),(#8284,#8285,#8286,#8287,#8288,#8289,#8290,#8291,#8292,
#8293,#8294),(#8295,#8296,#8297,#8298,#8299,#8300,#8301,#8302,#8303,#8304,
#8305),(#8306,#8307,#8308,#8309,#8310,#8311,#8312,#8313,#8314,#8315,#8316),
(#8317,#8318,#8319,#8320,#8321,#8322,#8323,#8324,#8325,#8326,#8327),(#8328,
#8329,#8330,#8331,#8332,#8333,#8334,#8335,#8336,#8337,#8338),(#8339,#8340,
#8341,#8342,#8343,#8344,#8345,#8346,#8347,#8348,#8349),(#8350,#8351,#8352,
#8353,#8354,#8355,#8356,#8357,#8358,#8359,#8360),(#8361,#8362,#8363,#8364,
#8365,#8366,#8367,#8368,#8369,#8370,#8371),(#8372,#8373,#8374,#8375,#8376,
#8377,#8378,#8379,#8380,#8381,#8382),(#8383,#8384,#8385,#8386,#8387,#8388,
#8389,#8390,#8391,#8392,#8393)),.UNSPECIFIED.,.F.,.F.,.F.,(4,2,2,2,2,2,
4),(4,1,1,1,1,1,1,1,4),(0.,0.254931915428703,0.50683755033415,0.70584310212502,
0.853620870766343,0.927007990488383,1.),(0.0154328074115797,0.124997911198735,
0.250001503798529,0.375001058762861,0.50001143478471,0.625017485726757,
0.750028485569898,0.875000546310044,0.992554699112317),.UNSPECIFIED.);
#61=B_SPLINE_SURFACE_WITH_KNOTS('',3,3,((#8407,#8408,#8409,#8410,#8411,
#8412,#8413,#8414,#8415,#8416,#8417),(#8418,#8419,#8420,#8421,#8422,#8423,
#8424,#8425,#8426,#8427,#8428),(#8429,#8430,#8431,#8432,#8433,#8434,#8435,
#8436,#8437,#8438,#8439),(#8440,#8441,#8442,#8443,#8444,#8445,#8446,#8447,
#8448,#8449,#8450),(#8451,#8452,#8453,#8454,#8455,#8456,#8457,#8458,#8459,
#8460,#8461),(#8462,#8463,#8464,#8465,#8466,#8467,#8468,#8469,#8470,#8471,
#8472),(#8473,#8474,#8475,#8476,#8477,#8478,#8479,#8480,#8481,#8482,#8483),
(#8484,#8485,#8486,#8487,#8488,#8489,#8490,#8491,#8492,#8493,#8494),(#8495,
#8496,#8497,#8498,#8499,#8500,#8501,#8502,#8503,#8504,#8505),(#8506,#8507,
#8508,#8509,#8510,#8511,#8512,#8513,#8514,#8515,#8516),(#8517,#8518,#8519,
#8520,#8521,#8522,#8523,#8524,#8525,#8526,#8527),(#8528,#8529,#8530,#8531,
#8532,#8533,#8534,#8535,#8536,#8537,#8538),(#8539,#8540,#8541,#8542,#8543,
#8544,#8545,#8546,#8547,#8548,#8549),(#8550,#8551,#8552,#8553,#8554,#8555,
#8556,#8557,#8558,#8559,#8560)),.UNSPECIFIED.,.F.,.F.,.F.,(4,2,2,2,2,2,
4),(4,1,1,1,1,1,1,1,4),(0.,0.0695211537645358,0.139362980868037,0.244710018361069,
0.493257812193287,0.746628906096644,1.),(0.0154198616628519,0.124997911198735,
0.250001503798529,0.375001058762861,0.50001143478471,0.625017485726757,
0.750028485569898,0.875000546310044,0.992813310741248),.UNSPECIFIED.);
#62=B_SPLINE_SURFACE_WITH_KNOTS('',3,3,((#8628,#8629,#8630,#8631,#8632,
#8633,#8634,#8635,#8636,#8637,#8638),(#8639,#8640,#8641,#8642,#8643,#8644,
#8645,#8646,#8647,#8648,#8649),(#8650,#8651,#8652,#8653,#8654,#8655,#8656,
#8657,#8658,#8659,#8660),(#8661,#8662,#8663,#8664,#8665,#8666,#8667,#8668,
#8669,#8670,#8671),(#8672,#8673,#8674,#8675,#8676,#8677,#8678,#8679,#8680,
#8681,#8682),(#8683,#8684,#8685,#8686,#8687,#8688,#8689,#8690,#8691,#8692,
#8693),(#8694,#8695,#8696,#8697,#8698,#8699,#8700,#8701,#8702,#8703,#8704),
(#8705,#8706,#8707,#8708,#8709,#8710,#8711,#8712,#8713,#8714,#8715),(#8716,
#8717,#8718,#8719,#8720,#8721,#8722,#8723,#8724,#8725,#8726),(#8727,#8728,
#8729,#8730,#8731,#8732,#8733,#8734,#8735,#8736,#8737),(#8738,#8739,#8740,
#8741,#8742,#8743,#8744,#8745,#8746,#8747,#8748),(#8749,#8750,#8751,#8752,
#8753,#8754,#8755,#8756,#8757,#8758,#8759),(#8760,#8761,#8762,#8763,#8764,
#8765,#8766,#8767,#8768,#8769,#8770),(#8771,#8772,#8773,#8774,#8775,#8776,
#8777,#8778,#8779,#8780,#8781)),.UNSPECIFIED.,.F.,.F.,.F.,(4,2,2,2,2,2,
4),(4,1,1,1,1,1,1,1,4),(0.,0.254931915428703,0.50683755033415,0.70584310212502,
0.853620870766343,0.927007990488383,1.),(0.0154328074115811,0.124997911198735,
0.250001503798529,0.375001058762861,0.50001143478471,0.625017485726757,
0.750028485569898,0.875000546310044,0.992554699112323),.UNSPECIFIED.);
#63=B_SPLINE_SURFACE_WITH_KNOTS('',3,3,((#8795,#8796,#8797,#8798,#8799,
#8800,#8801,#8802,#8803,#8804,#8805),(#8806,#8807,#8808,#8809,#8810,#8811,
#8812,#8813,#8814,#8815,#8816),(#8817,#8818,#8819,#8820,#8821,#8822,#8823,
#8824,#8825,#8826,#8827),(#8828,#8829,#8830,#8831,#8832,#8833,#8834,#8835,
#8836,#8837,#8838),(#8839,#8840,#8841,#8842,#8843,#8844,#8845,#8846,#8847,
#8848,#8849),(#8850,#8851,#8852,#8853,#8854,#8855,#8856,#8857,#8858,#8859,
#8860),(#8861,#8862,#8863,#8864,#8865,#8866,#8867,#8868,#8869,#8870,#8871),
(#8872,#8873,#8874,#8875,#8876,#8877,#8878,#8879,#8880,#8881,#8882),(#8883,
#8884,#8885,#8886,#8887,#8888,#8889,#8890,#8891,#8892,#8893),(#8894,#8895,
#8896,#8897,#8898,#8899,#8900,#8901,#8902,#8903,#8904),(#8905,#8906,#8907,
#8908,#8909,#8910,#8911,#8912,#8913,#8914,#8915),(#8916,#8917,#8918,#8919,
#8920,#8921,#8922,#8923,#8924,#8925,#8926),(#8927,#8928,#8929,#8930,#8931,
#8932,#8933,#8934,#8935,#8936,#8937),(#8938,#8939,#8940,#8941,#8942,#8943,
#8944,#8945,#8946,#8947,#8948)),.UNSPECIFIED.,.F.,.F.,.F.,(4,2,2,2,2,2,
4),(4,1,1,1,1,1,1,1,4),(0.,0.0695211537645358,0.139362980868037,0.244710018361069,
0.493257812193287,0.746628906096644,1.),(0.0154198616628543,0.124997911198735,
0.250001503798529,0.375001058762861,0.50001143478471,0.625017485726757,
0.750028485569898,0.875000546310044,0.992813310741256),.UNSPECIFIED.);
#64=B_SPLINE_SURFACE_WITH_KNOTS('',3,3,((#9016,#9017,#9018,#9019,#9020,
#9021,#9022,#9023,#9024,#9025,#9026),(#9027,#9028,#9029,#9030,#9031,#9032,
#9033,#9034,#9035,#9036,#9037),(#9038,#9039,#9040,#9041,#9042,#9043,#9044,
#9045,#9046,#9047,#9048),(#9049,#9050,#9051,#9052,#9053,#9054,#9055,#9056,
#9057,#9058,#9059),(#9060,#9061,#9062,#9063,#9064,#9065,#9066,#9067,#9068,
#9069,#9070),(#9071,#9072,#9073,#9074,#9075,#9076,#9077,#9078,#9079,#9080,
#9081),(#9082,#9083,#9084,#9085,#9086,#9087,#9088,#9089,#9090,#9091,#9092),
(#9093,#9094,#9095,#9096,#9097,#9098,#9099,#9100,#9101,#9102,#9103),(#9104,
#9105,#9106,#9107,#9108,#9109,#9110,#9111,#9112,#9113,#9114),(#9115,#9116,
#9117,#9118,#9119,#9120,#9121,#9122,#9123,#9124,#9125),(#9126,#9127,#9128,
#9129,#9130,#9131,#9132,#9133,#9134,#9135,#9136),(#9137,#9138,#9139,#9140,
#9141,#9142,#9143,#9144,#9145,#9146,#9147),(#9148,#9149,#9150,#9151,#9152,
#9153,#9154,#9155,#9156,#9157,#9158),(#9159,#9160,#9161,#9162,#9163,#9164,
#9165,#9166,#9167,#9168,#9169)),.UNSPECIFIED.,.F.,.F.,.F.,(4,2,2,2,2,2,
4),(4,1,1,1,1,1,1,1,4),(0.,0.254931915428703,0.50683755033415,0.70584310212502,
0.853620870766343,0.927007990488383,1.),(0.0154328074115825,0.124997911198735,
0.250001503798529,0.375001058762861,0.50001143478471,0.625017485726757,
0.750028485569898,0.875000546310044,0.992554699112321),.UNSPECIFIED.);
#65=B_SPLINE_SURFACE_WITH_KNOTS('',3,3,((#9183,#9184,#9185,#9186,#9187,
#9188,#9189,#9190,#9191,#9192,#9193),(#9194,#9195,#9196,#9197,#9198,#9199,
#9200,#9201,#9202,#9203,#9204),(#9205,#9206,#9207,#9208,#9209,#9210,#9211,
#9212,#9213,#9214,#9215),(#9216,#9217,#9218,#9219,#9220,#9221,#9222,#9223,
#9224,#9225,#9226),(#9227,#9228,#9229,#9230,#9231,#9232,#9233,#9234,#9235,
#9236,#9237),(#9238,#9239,#9240,#9241,#9242,#9243,#9244,#9245,#9246,#9247,
#9248),(#9249,#9250,#9251,#9252,#9253,#9254,#9255,#9256,#9257,#9258,#9259),
(#9260,#9261,#9262,#9263,#9264,#9265,#9266,#9267,#9268,#9269,#9270),(#9271,
#9272,#9273,#9274,#9275,#9276,#9277,#9278,#9279,#9280,#9281),(#9282,#9283,
#9284,#9285,#9286,#9287,#9288,#9289,#9290,#9291,#9292),(#9293,#9294,#9295,
#9296,#9297,#9298,#9299,#9300,#9301,#9302,#9303),(#9304,#9305,#9306,#9307,
#9308,#9309,#9310,#9311,#9312,#9313,#9314),(#9315,#9316,#9317,#9318,#9319,
#9320,#9321,#9322,#9323,#9324,#9325),(#9326,#9327,#9328,#9329,#9330,#9331,
#9332,#9333,#9334,#9335,#9336)),.UNSPECIFIED.,.F.,.F.,.F.,(4,2,2,2,2,2,
4),(4,1,1,1,1,1,1,1,4),(0.,0.0695211537645358,0.139362980868037,0.244710018361069,
0.493257812193287,0.746628906096644,1.),(0.0154198616628428,0.124997911198735,
0.250001503798529,0.375001058762861,0.50001143478471,0.625017485726757,
0.750028485569898,0.875000546310044,0.99281331074125),.UNSPECIFIED.);
#66=B_SPLINE_SURFACE_WITH_KNOTS('',3,3,((#9404,#9405,#9406,#9407,#9408,
#9409,#9410,#9411,#9412,#9413,#9414),(#9415,#9416,#9417,#9418,#9419,#9420,
#9421,#9422,#9423,#9424,#9425),(#9426,#9427,#9428,#9429,#9430,#9431,#9432,
#9433,#9434,#9435,#9436),(#9437,#9438,#9439,#9440,#9441,#9442,#9443,#9444,
#9445,#9446,#9447),(#9448,#9449,#9450,#9451,#9452,#9453,#9454,#9455,#9456,
#9457,#9458),(#9459,#9460,#9461,#9462,#9463,#9464,#9465,#9466,#9467,#9468,
#9469),(#9470,#9471,#9472,#9473,#9474,#9475,#9476,#9477,#9478,#9479,#9480),
(#9481,#9482,#9483,#9484,#9485,#9486,#9487,#9488,#9489,#9490,#9491),(#9492,
#9493,#9494,#9495,#9496,#9497,#9498,#9499,#9500,#9501,#9502),(#9503,#9504,
#9505,#9506,#9507,#9508,#9509,#9510,#9511,#9512,#9513),(#9514,#9515,#9516,
#9517,#9518,#9519,#9520,#9521,#9522,#9523,#9524),(#9525,#9526,#9527,#9528,
#9529,#9530,#9531,#9532,#9533,#9534,#9535),(#9536,#9537,#9538,#9539,#9540,
#9541,#9542,#9543,#9544,#9545,#9546),(#9547,#9548,#9549,#9550,#9551,#9552,
#9553,#9554,#9555,#9556,#9557)),.UNSPECIFIED.,.F.,.F.,.F.,(4,2,2,2,2,2,
4),(4,1,1,1,1,1,1,1,4),(0.,0.254931915428703,0.50683755033415,0.70584310212502,
0.853620870766343,0.927007990488383,1.),(0.0154328074115806,0.124997911198735,
0.250001503798529,0.375001058762861,0.50001143478471,0.625017485726757,
0.750028485569898,0.875000546310044,0.992554699112313),.UNSPECIFIED.);
#67=B_SPLINE_SURFACE_WITH_KNOTS('',3,3,((#9571,#9572,#9573,#9574,#9575,
#9576,#9577,#9578,#9579,#9580,#9581),(#9582,#9583,#9584,#9585,#9586,#9587,
#9588,#9589,#9590,#9591,#9592),(#9593,#9594,#9595,#9596,#9597,#9598,#9599,
#9600,#9601,#9602,#9603),(#9604,#9605,#9606,#9607,#9608,#9609,#9610,#9611,
#9612,#9613,#9614),(#9615,#9616,#9617,#9618,#9619,#9620,#9621,#9622,#9623,
#9624,#9625),(#9626,#9627,#9628,#9629,#9630,#9631,#9632,#9633,#9634,#9635,
#9636),(#9637,#9638,#9639,#9640,#9641,#9642,#9643,#9644,#9645,#9646,#9647),
(#9648,#9649,#9650,#9651,#9652,#9653,#9654,#9655,#9656,#9657,#9658),(#9659,
#9660,#9661,#9662,#9663,#9664,#9665,#9666,#9667,#9668,#9669),(#9670,#9671,
#9672,#9673,#9674,#9675,#9676,#9677,#9678,#9679,#9680),(#9681,#9682,#9683,
#9684,#9685,#9686,#9687,#9688,#9689,#9690,#9691),(#9692,#9693,#9694,#9695,
#9696,#9697,#9698,#9699,#9700,#9701,#9702),(#9703,#9704,#9705,#9706,#9707,
#9708,#9709,#9710,#9711,#9712,#9713),(#9714,#9715,#9716,#9717,#9718,#9719,
#9720,#9721,#9722,#9723,#9724)),.UNSPECIFIED.,.F.,.F.,.F.,(4,2,2,2,2,2,
4),(4,1,1,1,1,1,1,1,4),(0.,0.0695211537645358,0.139362980868037,0.244710018361069,
0.493257812193287,0.746628906096644,1.),(0.0154198616628447,0.124997911198735,
0.250001503798529,0.375001058762861,0.50001143478471,0.625017485726757,
0.750028485569898,0.875000546310044,0.992813310741261),.UNSPECIFIED.);
#68=B_SPLINE_SURFACE_WITH_KNOTS('',3,3,((#9792,#9793,#9794,#9795,#9796,
#9797,#9798,#9799,#9800,#9801,#9802),(#9803,#9804,#9805,#9806,#9807,#9808,
#9809,#9810,#9811,#9812,#9813),(#9814,#9815,#9816,#9817,#9818,#9819,#9820,
#9821,#9822,#9823,#9824),(#9825,#9826,#9827,#9828,#9829,#9830,#9831,#9832,
#9833,#9834,#9835),(#9836,#9837,#9838,#9839,#9840,#9841,#9842,#9843,#9844,
#9845,#9846),(#9847,#9848,#9849,#9850,#9851,#9852,#9853,#9854,#9855,#9856,
#9857),(#9858,#9859,#9860,#9861,#9862,#9863,#9864,#9865,#9866,#9867,#9868),
(#9869,#9870,#9871,#9872,#9873,#9874,#9875,#9876,#9877,#9878,#9879),(#9880,
#9881,#9882,#9883,#9884,#9885,#9886,#9887,#9888,#9889,#9890),(#9891,#9892,
#9893,#9894,#9895,#9896,#9897,#9898,#9899,#9900,#9901),(#9902,#9903,#9904,
#9905,#9906,#9907,#9908,#9909,#9910,#9911,#9912),(#9913,#9914,#9915,#9916,
#9917,#9918,#9919,#9920,#9921,#9922,#9923),(#9924,#9925,#9926,#9927,#9928,
#9929,#9930,#9931,#9932,#9933,#9934),(#9935,#9936,#9937,#9938,#9939,#9940,
#9941,#9942,#9943,#9944,#9945)),.UNSPECIFIED.,.F.,.F.,.F.,(4,2,2,2,2,2,
4),(4,1,1,1,1,1,1,1,4),(0.,0.254931915428703,0.50683755033415,0.70584310212502,
0.853620870766343,0.927007990488383,1.),(0.0154328074115748,0.124997911198735,
0.250001503798529,0.375001058762861,0.50001143478471,0.625017485726757,
0.750028485569898,0.875000546310044,0.992554699112316),.UNSPECIFIED.);
#69=B_SPLINE_SURFACE_WITH_KNOTS('',3,3,((#9959,#9960,#9961,#9962,#9963,
#9964,#9965,#9966,#9967,#9968,#9969),(#9970,#9971,#9972,#9973,#9974,#9975,
#9976,#9977,#9978,#9979,#9980),(#9981,#9982,#9983,#9984,#9985,#9986,#9987,
#9988,#9989,#9990,#9991),(#9992,#9993,#9994,#9995,#9996,#9997,#9998,#9999,
#10000,#10001,#10002),(#10003,#10004,#10005,#10006,#10007,#10008,#10009,
#10010,#10011,#10012,#10013),(#10014,#10015,#10016,#10017,#10018,#10019,
#10020,#10021,#10022,#10023,#10024),(#10025,#10026,#10027,#10028,#10029,
#10030,#10031,#10032,#10033,#10034,#10035),(#10036,#10037,#10038,#10039,
#10040,#10041,#10042,#10043,#10044,#10045,#10046),(#10047,#10048,#10049,
#10050,#10051,#10052,#10053,#10054,#10055,#10056,#10057),(#10058,#10059,
#10060,#10061,#10062,#10063,#10064,#10065,#10066,#10067,#10068),(#10069,
#10070,#10071,#10072,#10073,#10074,#10075,#10076,#10077,#10078,#10079),
(#10080,#10081,#10082,#10083,#10084,#10085,#10086,#10087,#10088,#10089,
#10090),(#10091,#10092,#10093,#10094,#10095,#10096,#10097,#10098,#10099,
#10100,#10101),(#10102,#10103,#10104,#10105,#10106,#10107,#10108,#10109,
#10110,#10111,#10112)),.UNSPECIFIED.,.F.,.F.,.F.,(4,2,2,2,2,2,4),(4,1,1,
1,1,1,1,1,4),(0.,0.0695211537645358,0.139362980868037,0.244710018361069,
0.493257812193287,0.746628906096644,1.),(0.0154198616628505,0.124997911198735,
0.250001503798529,0.375001058762861,0.50001143478471,0.625017485726757,
0.750028485569898,0.875000546310044,0.992813310741256),.UNSPECIFIED.);
#70=B_SPLINE_SURFACE_WITH_KNOTS('',3,3,((#10180,#10181,#10182,#10183,#10184,
#10185,#10186,#10187,#10188,#10189,#10190),(#10191,#10192,#10193,#10194,
#10195,#10196,#10197,#10198,#10199,#10200,#10201),(#10202,#10203,#10204,
#10205,#10206,#10207,#10208,#10209,#10210,#10211,#10212),(#10213,#10214,
#10215,#10216,#10217,#10218,#10219,#10220,#10221,#10222,#10223),(#10224,
#10225,#10226,#10227,#10228,#10229,#10230,#10231,#10232,#10233,#10234),
(#10235,#10236,#10237,#10238,#10239,#10240,#10241,#10242,#10243,#10244,
#10245),(#10246,#10247,#10248,#10249,#10250,#10251,#10252,#10253,#10254,
#10255,#10256),(#10257,#10258,#10259,#10260,#10261,#10262,#10263,#10264,
#10265,#10266,#10267),(#10268,#10269,#10270,#10271,#10272,#10273,#10274,
#10275,#10276,#10277,#10278),(#10279,#10280,#10281,#10282,#10283,#10284,
#10285,#10286,#10287,#10288,#10289),(#10290,#10291,#10292,#10293,#10294,
#10295,#10296,#10297,#10298,#10299,#10300),(#10301,#10302,#10303,#10304,
#10305,#10306,#10307,#10308,#10309,#10310,#10311),(#10312,#10313,#10314,
#10315,#10316,#10317,#10318,#10319,#10320,#10321,#10322),(#10323,#10324,
#10325,#10326,#10327,#10328,#10329,#10330,#10331,#10332,#10333)),
 .UNSPECIFIED.,.F.,.F.,.F.,(4,2,2,2,2,2,4),(4,1,1,1,1,1,1,1,4),(0.,0.254931915428703,
0.50683755033415,0.70584310212502,0.853620870766343,0.927007990488383,1.),
(0.0154328074115783,0.124997911198735,0.250001503798529,0.375001058762861,
0.50001143478471,0.625017485726757,0.750028485569898,0.875000546310044,
0.992554699112319),.UNSPECIFIED.);
#71=B_SPLINE_SURFACE_WITH_KNOTS('',3,3,((#10347,#10348,#10349,#10350,#10351,
#10352,#10353,#10354,#10355,#10356,#10357),(#10358,#10359,#10360,#10361,
#10362,#10363,#10364,#10365,#10366,#10367,#10368),(#10369,#10370,#10371,
#10372,#10373,#10374,#10375,#10376,#10377,#10378,#10379),(#10380,#10381,
#10382,#10383,#10384,#10385,#10386,#10387,#10388,#10389,#10390),(#10391,
#10392,#10393,#10394,#10395,#10396,#10397,#10398,#10399,#10400,#10401),
(#10402,#10403,#10404,#10405,#10406,#10407,#10408,#10409,#10410,#10411,
#10412),(#10413,#10414,#10415,#10416,#10417,#10418,#10419,#10420,#10421,
#10422,#10423),(#10424,#10425,#10426,#10427,#10428,#10429,#10430,#10431,
#10432,#10433,#10434),(#10435,#10436,#10437,#10438,#10439,#10440,#10441,
#10442,#10443,#10444,#10445),(#10446,#10447,#10448,#10449,#10450,#10451,
#10452,#10453,#10454,#10455,#10456),(#10457,#10458,#10459,#10460,#10461,
#10462,#10463,#10464,#10465,#10466,#10467),(#10468,#10469,#10470,#10471,
#10472,#10473,#10474,#10475,#10476,#10477,#10478),(#10479,#10480,#10481,
#10482,#10483,#10484,#10485,#10486,#10487,#10488,#10489),(#10490,#10491,
#10492,#10493,#10494,#10495,#10496,#10497,#10498,#10499,#10500)),
 .UNSPECIFIED.,.F.,.F.,.F.,(4,2,2,2,2,2,4),(4,1,1,1,1,1,1,1,4),(0.,0.0695211537645358,
0.139362980868037,0.244710018361069,0.493257812193287,0.746628906096644,
1.),(0.0154198616628428,0.124997911198735,0.250001503798529,0.375001058762861,
0.50001143478471,0.625017485726757,0.750028485569898,0.875000546310044,
0.992813310741259),.UNSPECIFIED.);
#72=B_SPLINE_SURFACE_WITH_KNOTS('',3,3,((#10568,#10569,#10570,#10571,#10572,
#10573,#10574,#10575,#10576,#10577,#10578),(#10579,#10580,#10581,#10582,
#10583,#10584,#10585,#10586,#10587,#10588,#10589),(#10590,#10591,#10592,
#10593,#10594,#10595,#10596,#10597,#10598,#10599,#10600),(#10601,#10602,
#10603,#10604,#10605,#10606,#10607,#10608,#10609,#10610,#10611),(#10612,
#10613,#10614,#10615,#10616,#10617,#10618,#10619,#10620,#10621,#10622),
(#10623,#10624,#10625,#10626,#10627,#10628,#10629,#10630,#10631,#10632,
#10633),(#10634,#10635,#10636,#10637,#10638,#10639,#10640,#10641,#10642,
#10643,#10644),(#10645,#10646,#10647,#10648,#10649,#10650,#10651,#10652,
#10653,#10654,#10655),(#10656,#10657,#10658,#10659,#10660,#10661,#10662,
#10663,#10664,#10665,#10666),(#10667,#10668,#10669,#10670,#10671,#10672,
#10673,#10674,#10675,#10676,#10677),(#10678,#10679,#10680,#10681,#10682,
#10683,#10684,#10685,#10686,#10687,#10688),(#10689,#10690,#10691,#10692,
#10693,#10694,#10695,#10696,#10697,#10698,#10699),(#10700,#10701,#10702,
#10703,#10704,#10705,#10706,#10707,#10708,#10709,#10710),(#10711,#10712,
#10713,#10714,#10715,#10716,#10717,#10718,#10719,#10720,#10721)),
 .UNSPECIFIED.,.F.,.F.,.F.,(4,2,2,2,2,2,4),(4,1,1,1,1,1,1,1,4),(0.,0.254931915428703,
0.50683755033415,0.70584310212502,0.853620870766343,0.927007990488383,1.),
(0.015432807411577,0.124997911198735,0.250001503798529,0.375001058762861,
0.50001143478471,0.625017485726757,0.750028485569898,0.875000546310044,
0.992554699112321),.UNSPECIFIED.);
#73=B_SPLINE_SURFACE_WITH_KNOTS('',3,3,((#10735,#10736,#10737,#10738,#10739,
#10740,#10741,#10742,#10743,#10744,#10745),(#10746,#10747,#10748,#10749,
#10750,#10751,#10752,#10753,#10754,#10755,#10756),(#10757,#10758,#10759,
#10760,#10761,#10762,#10763,#10764,#10765,#10766,#10767),(#10768,#10769,
#10770,#10771,#10772,#10773,#10774,#10775,#10776,#10777,#10778),(#10779,
#10780,#10781,#10782,#10783,#10784,#10785,#10786,#10787,#10788,#10789),
(#10790,#10791,#10792,#10793,#10794,#10795,#10796,#10797,#10798,#10799,
#10800),(#10801,#10802,#10803,#10804,#10805,#10806,#10807,#10808,#10809,
#10810,#10811),(#10812,#10813,#10814,#10815,#10816,#10817,#10818,#10819,
#10820,#10821,#10822),(#10823,#10824,#10825,#10826,#10827,#10828,#10829,
#10830,#10831,#10832,#10833),(#10834,#10835,#10836,#10837,#10838,#10839,
#10840,#10841,#10842,#10843,#10844),(#10845,#10846,#10847,#10848,#10849,
#10850,#10851,#10852,#10853,#10854,#10855),(#10856,#10857,#10858,#10859,
#10860,#10861,#10862,#10863,#10864,#10865,#10866),(#10867,#10868,#10869,
#10870,#10871,#10872,#10873,#10874,#10875,#10876,#10877),(#10878,#10879,
#10880,#10881,#10882,#10883,#10884,#10885,#10886,#10887,#10888)),
 .UNSPECIFIED.,.F.,.F.,.F.,(4,2,2,2,2,2,4),(4,1,1,1,1,1,1,1,4),(0.,0.0695211537645358,
0.139362980868037,0.244710018361069,0.493257812193287,0.746628906096644,
1.),(0.0154198616628544,0.124997911198735,0.250001503798529,0.375001058762861,
0.50001143478471,0.625017485726757,0.750028485569898,0.875000546310044,
0.992813310741253),.UNSPECIFIED.);
#74=B_SPLINE_SURFACE_WITH_KNOTS('',3,3,((#10932,#10933,#10934,#10935,#10936,
#10937,#10938,#10939,#10940,#10941,#10942),(#10943,#10944,#10945,#10946,
#10947,#10948,#10949,#10950,#10951,#10952,#10953),(#10954,#10955,#10956,
#10957,#10958,#10959,#10960,#10961,#10962,#10963,#10964),(#10965,#10966,
#10967,#10968,#10969,#10970,#10971,#10972,#10973,#10974,#10975),(#10976,
#10977,#10978,#10979,#10980,#10981,#10982,#10983,#10984,#10985,#10986),
(#10987,#10988,#10989,#10990,#10991,#10992,#10993,#10994,#10995,#10996,
#10997),(#10998,#10999,#11000,#11001,#11002,#11003,#11004,#11005,#11006,
#11007,#11008),(#11009,#11010,#11011,#11012,#11013,#11014,#11015,#11016,
#11017,#11018,#11019),(#11020,#11021,#11022,#11023,#11024,#11025,#11026,
#11027,#11028,#11029,#11030),(#11031,#11032,#11033,#11034,#11035,#11036,
#11037,#11038,#11039,#11040,#11041),(#11042,#11043,#11044,#11045,#11046,
#11047,#11048,#11049,#11050,#11051,#11052),(#11053,#11054,#11055,#11056,
#11057,#11058,#11059,#11060,#11061,#11062,#11063),(#11064,#11065,#11066,
#11067,#11068,#11069,#11070,#11071,#11072,#11073,#11074),(#11075,#11076,
#11077,#11078,#11079,#11080,#11081,#11082,#11083,#11084,#11085)),
 .UNSPECIFIED.,.F.,.F.,.F.,(4,2,2,2,2,2,4),(4,1,1,1,1,1,1,1,4),(0.,0.0695211537645358,
0.139362980868037,0.244710018361069,0.493257812193287,0.746628906096644,
1.),(0.0154198616628508,0.124997911198735,0.250001503798529,0.375001058762861,
0.50001143478471,0.625017485726757,0.750028485569898,0.875000546310044,
0.992813310741253),.UNSPECIFIED.);
#75=B_SPLINE_SURFACE_WITH_KNOTS('',3,3,((#11098,#11099,#11100,#11101,#11102,
#11103,#11104,#11105,#11106,#11107,#11108),(#11109,#11110,#11111,#11112,
#11113,#11114,#11115,#11116,#11117,#11118,#11119),(#11120,#11121,#11122,
#11123,#11124,#11125,#11126,#11127,#11128,#11129,#11130),(#11131,#11132,
#11133,#11134,#11135,#11136,#11137,#11138,#11139,#11140,#11141),(#11142,
#11143,#11144,#11145,#11146,#11147,#11148,#11149,#11150,#11151,#11152),
(#11153,#11154,#11155,#11156,#11157,#11158,#11159,#11160,#11161,#11162,
#11163),(#11164,#11165,#11166,#11167,#11168,#11169,#11170,#11171,#11172,
#11173,#11174),(#11175,#11176,#11177,#11178,#11179,#11180,#11181,#11182,
#11183,#11184,#11185),(#11186,#11187,#11188,#11189,#11190,#11191,#11192,
#11193,#11194,#11195,#11196),(#11197,#11198,#11199,#11200,#11201,#11202,
#11203,#11204,#11205,#11206,#11207),(#11208,#11209,#11210,#11211,#11212,
#11213,#11214,#11215,#11216,#11217,#11218),(#11219,#11220,#11221,#11222,
#11223,#11224,#11225,#11226,#11227,#11228,#11229),(#11230,#11231,#11232,
#11233,#11234,#11235,#11236,#11237,#11238,#11239,#11240),(#11241,#11242,
#11243,#11244,#11245,#11246,#11247,#11248,#11249,#11250,#11251)),
 .UNSPECIFIED.,.F.,.F.,.F.,(4,2,2,2,2,2,4),(4,1,1,1,1,1,1,1,4),(0.,0.254931915428703,
0.50683755033415,0.70584310212502,0.853620870766343,0.927007990488383,1.),
(0.0154328074115792,0.124997911198735,0.250001503798529,0.375001058762861,
0.50001143478471,0.625017485726757,0.750028485569898,0.875000546310044,
0.992554699112316),.UNSPECIFIED.);
#76=B_SPLINE_CURVE_WITH_KNOTS('',3,(#3526,#3527,#3528,#3529),
 .UNSPECIFIED.,.F.,.F.,(4,4),(2.9219205991592E-9,0.00190471805613901),
 .UNSPECIFIED.);
#77=B_SPLINE_CURVE_WITH_KNOTS('',3,(#3533,#3534,#3535,#3536,#3537),
 .UNSPECIFIED.,.F.,.F.,(4,1,4),(1.51618930338795E-10,0.00111022077239909,
0.00222044139317925),.UNSPECIFIED.);
#78=B_SPLINE_CURVE_WITH_KNOTS('',3,(#3539,#3540,#3541,#3542),
 .UNSPECIFIED.,.F.,.F.,(4,4),(2.68756357013229E-14,0.000684894675774848),
 .UNSPECIFIED.);
#79=B_SPLINE_CURVE_WITH_KNOTS('',3,(#3544,#3545,#3546,#3547,#3548),
 .UNSPECIFIED.,.F.,.F.,(4,1,4),(0.,0.00110663739969319,0.00221327479938637),
 .UNSPECIFIED.);
#80=B_SPLINE_CURVE_WITH_KNOTS('',3,(#3550,#3551,#3552,#3553),
 .UNSPECIFIED.,.F.,.F.,(4,4),(6.4941123362075E-10,0.00135648189595251),
 .UNSPECIFIED.);
#81=B_SPLINE_CURVE_WITH_KNOTS('',3,(#3556,#3557,#3558,#3559),
 .UNSPECIFIED.,.F.,.F.,(4,4),(4.30328776866781E-14,0.000420606898941644),
 .UNSPECIFIED.);
#82=B_SPLINE_CURVE_WITH_KNOTS('',3,(#3561,#3562,#3563,#3564),
 .UNSPECIFIED.,.F.,.F.,(4,4),(0.,0.00136173195381931),.UNSPECIFIED.);
#83=B_SPLINE_CURVE_WITH_KNOTS('',3,(#3566,#3567,#3568,#3569),
 .UNSPECIFIED.,.F.,.F.,(4,4),(0.,9.68308239094712E-5),.UNSPECIFIED.);
#84=B_SPLINE_CURVE_WITH_KNOTS('',3,(#3571,#3572,#3573,#3574),
 .UNSPECIFIED.,.F.,.F.,(4,4),(0.483865190754009,0.51614560245951),
 .UNSPECIFIED.);
#85=B_SPLINE_CURVE_WITH_KNOTS('',3,(#3575,#3576,#3577,#3578),
 .UNSPECIFIED.,.F.,.F.,(4,4),(0.,9.68357458148877E-5),.UNSPECIFIED.);
#86=B_SPLINE_CURVE_WITH_KNOTS('',3,(#3740,#3741,#3742,#3743,#3744,#3745,
#3746,#3747,#3748,#3749,#3750),.UNSPECIFIED.,.F.,.F.,(4,1,1,1,1,1,1,1,4),
(0.,0.124997911198735,0.250001503798529,0.375001058762861,0.50001143478471,
0.625017485726757,0.750028485569898,0.875000546310044,1.),.UNSPECIFIED.);
#87=B_SPLINE_CURVE_WITH_KNOTS('',3,(#3917,#3918,#3919,#3920),
 .UNSPECIFIED.,.F.,.F.,(4,4),(2.92192060353315E-9,0.00190471805613901),
 .UNSPECIFIED.);
#88=B_SPLINE_CURVE_WITH_KNOTS('',3,(#3923,#3924,#3925,#3926,#3927),
 .UNSPECIFIED.,.F.,.F.,(4,1,4),(1.51618870844577E-10,0.00111022077239905,
0.00222044139317923),.UNSPECIFIED.);
#89=B_SPLINE_CURVE_WITH_KNOTS('',3,(#3929,#3930,#3931,#3932),
 .UNSPECIFIED.,.F.,.F.,(4,4),(2.68749784852392E-14,0.000684894675774832),
 .UNSPECIFIED.);
#90=B_SPLINE_CURVE_WITH_KNOTS('',3,(#3934,#3935,#3936,#3937,#3938),
 .UNSPECIFIED.,.F.,.F.,(4,1,4),(0.,0.00110663739969322,0.00221327479938643),
 .UNSPECIFIED.);
#91=B_SPLINE_CURVE_WITH_KNOTS('',3,(#3940,#3941,#3942,#3943),
 .UNSPECIFIED.,.F.,.F.,(4,4),(6.49411222412106E-10,0.0013564818959525),
 .UNSPECIFIED.);
#92=B_SPLINE_CURVE_WITH_KNOTS('',3,(#3946,#3947,#3948,#3949),
 .UNSPECIFIED.,.F.,.F.,(4,4),(4.3032715950479E-14,0.000420606898941645),
 .UNSPECIFIED.);
#93=B_SPLINE_CURVE_WITH_KNOTS('',3,(#3951,#3952,#3953,#3954),
 .UNSPECIFIED.,.F.,.F.,(4,4),(0.,0.00136173195381934),.UNSPECIFIED.);
#94=B_SPLINE_CURVE_WITH_KNOTS('',3,(#3956,#3957,#3958,#3959),
 .UNSPECIFIED.,.F.,.F.,(4,4),(0.,9.68308239094275E-5),.UNSPECIFIED.);
#95=B_SPLINE_CURVE_WITH_KNOTS('',3,(#3960,#3961,#3962,#3963),
 .UNSPECIFIED.,.F.,.F.,(4,4),(0.483865190754009,0.51614560245951),
 .UNSPECIFIED.);
#96=B_SPLINE_CURVE_WITH_KNOTS('',3,(#3964,#3965,#3966,#3967),
 .UNSPECIFIED.,.F.,.F.,(4,4),(1.616297820721E-17,9.68357458147689E-5),
 .UNSPECIFIED.);
#97=B_SPLINE_CURVE_WITH_KNOTS('',3,(#4128,#4129,#4130,#4131,#4132,#4133,
#4134,#4135,#4136,#4137,#4138),.UNSPECIFIED.,.F.,.F.,(4,1,1,1,1,1,1,1,4),
(0.,0.124997911198735,0.250001503798529,0.375001058762861,0.50001143478471,
0.625017485726757,0.750028485569898,0.875000546310044,1.),.UNSPECIFIED.);
#98=B_SPLINE_CURVE_WITH_KNOTS('',3,(#4305,#4306,#4307,#4308),
 .UNSPECIFIED.,.F.,.F.,(4,4),(2.92192060162014E-9,0.001904718056139),
 .UNSPECIFIED.);
#99=B_SPLINE_CURVE_WITH_KNOTS('',3,(#4311,#4312,#4313,#4314,#4315),
 .UNSPECIFIED.,.F.,.F.,(4,1,4),(1.51618915794526E-10,0.00111022077239909,
0.00222044139317927),.UNSPECIFIED.);
#100=B_SPLINE_CURVE_WITH_KNOTS('',3,(#4317,#4318,#4319,#4320),
 .UNSPECIFIED.,.F.,.F.,(4,4),(2.68767692619265E-14,0.000684894675774838),
 .UNSPECIFIED.);
#101=B_SPLINE_CURVE_WITH_KNOTS('',3,(#4322,#4323,#4324,#4325,#4326),
 .UNSPECIFIED.,.F.,.F.,(4,1,4),(0.,0.0011066373996932,0.00221327479938641),
 .UNSPECIFIED.);
#102=B_SPLINE_CURVE_WITH_KNOTS('',3,(#4328,#4329,#4330,#4331),
 .UNSPECIFIED.,.F.,.F.,(4,4),(6.49411297230095E-10,0.00135648189595255),
 .UNSPECIFIED.);
#103=B_SPLINE_CURVE_WITH_KNOTS('',3,(#4334,#4335,#4336,#4337),
 .UNSPECIFIED.,.F.,.F.,(4,4),(4.30312531249227E-14,0.000420606898941645),
 .UNSPECIFIED.);
#104=B_SPLINE_CURVE_WITH_KNOTS('',3,(#4339,#4340,#4341,#4342),
 .UNSPECIFIED.,.F.,.F.,(4,4),(0.,0.00136173195381935),.UNSPECIFIED.);
#105=B_SPLINE_CURVE_WITH_KNOTS('',3,(#4344,#4345,#4346,#4347),
 .UNSPECIFIED.,.F.,.F.,(4,4),(0.,9.68308239095265E-5),.UNSPECIFIED.);
#106=B_SPLINE_CURVE_WITH_KNOTS('',3,(#4348,#4349,#4350,#4351),
 .UNSPECIFIED.,.F.,.F.,(4,4),(0.483865190754009,0.51614560245951),
 .UNSPECIFIED.);
#107=B_SPLINE_CURVE_WITH_KNOTS('',3,(#4352,#4353,#4354,#4355),
 .UNSPECIFIED.,.F.,.F.,(4,4),(1.599923903925E-17,9.68357458148921E-5),
 .UNSPECIFIED.);
#108=B_SPLINE_CURVE_WITH_KNOTS('',3,(#4516,#4517,#4518,#4519,#4520,#4521,
#4522,#4523,#4524,#4525,#4526),.UNSPECIFIED.,.F.,.F.,(4,1,1,1,1,1,1,1,4),
(0.,0.124997911198735,0.250001503798529,0.375001058762861,0.50001143478471,
0.625017485726757,0.750028485569898,0.875000546310044,1.),.UNSPECIFIED.);
#109=B_SPLINE_CURVE_WITH_KNOTS('',3,(#4693,#4694,#4695,#4696),
 .UNSPECIFIED.,.F.,.F.,(4,4),(2.92192060198275E-9,0.00190471805613901),
 .UNSPECIFIED.);
#110=B_SPLINE_CURVE_WITH_KNOTS('',3,(#4699,#4700,#4701,#4702,#4703),
 .UNSPECIFIED.,.F.,.F.,(4,1,4),(1.51618936424859E-10,0.00111022077239913,
0.00222044139317933),.UNSPECIFIED.);
#111=B_SPLINE_CURVE_WITH_KNOTS('',3,(#4705,#4706,#4707,#4708),
 .UNSPECIFIED.,.F.,.F.,(4,4),(2.68756809371739E-14,0.000684894675774832),
 .UNSPECIFIED.);
#112=B_SPLINE_CURVE_WITH_KNOTS('',3,(#4710,#4711,#4712,#4713,#4714),
 .UNSPECIFIED.,.F.,.F.,(4,1,4),(0.,0.00110663739969321,0.00221327479938642),
 .UNSPECIFIED.);
#113=B_SPLINE_CURVE_WITH_KNOTS('',3,(#4716,#4717,#4718,#4719),
 .UNSPECIFIED.,.F.,.F.,(4,4),(6.49411264477703E-10,0.00135648189595254),
 .UNSPECIFIED.);
#114=B_SPLINE_CURVE_WITH_KNOTS('',3,(#4722,#4723,#4724,#4725),
 .UNSPECIFIED.,.F.,.F.,(4,4),(4.3032759979953E-14,0.000420606898941635),
 .UNSPECIFIED.);
#115=B_SPLINE_CURVE_WITH_KNOTS('',3,(#4727,#4728,#4729,#4730),
 .UNSPECIFIED.,.F.,.F.,(4,4),(0.,0.00136173195381931),.UNSPECIFIED.);
#116=B_SPLINE_CURVE_WITH_KNOTS('',3,(#4732,#4733,#4734,#4735),
 .UNSPECIFIED.,.F.,.F.,(4,4),(0.,9.68308239095417E-5),.UNSPECIFIED.);
#117=B_SPLINE_CURVE_WITH_KNOTS('',3,(#4736,#4737,#4738,#4739),
 .UNSPECIFIED.,.F.,.F.,(4,4),(0.483865190754009,0.51614560245951),
 .UNSPECIFIED.);
#118=B_SPLINE_CURVE_WITH_KNOTS('',3,(#4740,#4741,#4742,#4743),
 .UNSPECIFIED.,.F.,.F.,(4,4),(0.,9.68357458148288E-5),.UNSPECIFIED.);
#119=B_SPLINE_CURVE_WITH_KNOTS('',3,(#4904,#4905,#4906,#4907,#4908,#4909,
#4910,#4911,#4912,#4913,#4914),.UNSPECIFIED.,.F.,.F.,(4,1,1,1,1,1,1,1,4),
(0.,0.124997911198735,0.250001503798529,0.375001058762861,0.50001143478471,
0.625017485726757,0.750028485569898,0.875000546310044,1.),.UNSPECIFIED.);
#120=B_SPLINE_CURVE_WITH_KNOTS('',3,(#5081,#5082,#5083,#5084),
 .UNSPECIFIED.,.F.,.F.,(4,4),(2.9219206038304E-9,0.00190471805613903),
 .UNSPECIFIED.);
#121=B_SPLINE_CURVE_WITH_KNOTS('',3,(#5087,#5088,#5089,#5090,#5091),
 .UNSPECIFIED.,.F.,.F.,(4,1,4),(1.51618898025933E-10,0.00111022077239909,
0.00222044139317927),.UNSPECIFIED.);
#122=B_SPLINE_CURVE_WITH_KNOTS('',3,(#5093,#5094,#5095,#5096),
 .UNSPECIFIED.,.F.,.F.,(4,4),(2.68754239310598E-14,0.000684894675774838),
 .UNSPECIFIED.);
#123=B_SPLINE_CURVE_WITH_KNOTS('',3,(#5098,#5099,#5100,#5101,#5102),
 .UNSPECIFIED.,.F.,.F.,(4,1,4),(0.,0.00110663739969323,0.00221327479938647),
 .UNSPECIFIED.);
#124=B_SPLINE_CURVE_WITH_KNOTS('',3,(#5104,#5105,#5106,#5107),
 .UNSPECIFIED.,.F.,.F.,(4,4),(6.49411249652162E-10,0.00135648189595248),
 .UNSPECIFIED.);
#125=B_SPLINE_CURVE_WITH_KNOTS('',3,(#5110,#5111,#5112,#5113),
 .UNSPECIFIED.,.F.,.F.,(4,4),(4.30327610636234E-14,0.000420606898941643),
 .UNSPECIFIED.);
#126=B_SPLINE_CURVE_WITH_KNOTS('',3,(#5115,#5116,#5117,#5118),
 .UNSPECIFIED.,.F.,.F.,(4,4),(0.,0.0013617319538194),.UNSPECIFIED.);
#127=B_SPLINE_CURVE_WITH_KNOTS('',3,(#5120,#5121,#5122,#5123),
 .UNSPECIFIED.,.F.,.F.,(4,4),(0.,9.68308239094358E-5),.UNSPECIFIED.);
#128=B_SPLINE_CURVE_WITH_KNOTS('',3,(#5124,#5125,#5126,#5127),
 .UNSPECIFIED.,.F.,.F.,(4,4),(0.483865190754009,0.51614560245951),
 .UNSPECIFIED.);
#129=B_SPLINE_CURVE_WITH_KNOTS('',3,(#5128,#5129,#5130,#5131),
 .UNSPECIFIED.,.F.,.F.,(4,4),(1.59462515335071E-17,9.68357458148455E-5),
 .UNSPECIFIED.);
#130=B_SPLINE_CURVE_WITH_KNOTS('',3,(#5292,#5293,#5294,#5295,#5296,#5297,
#5298,#5299,#5300,#5301,#5302),.UNSPECIFIED.,.F.,.F.,(4,1,1,1,1,1,1,1,4),
(0.,0.124997911198735,0.250001503798529,0.375001058762861,0.50001143478471,
0.625017485726757,0.750028485569898,0.875000546310044,1.),.UNSPECIFIED.);
#131=B_SPLINE_CURVE_WITH_KNOTS('',3,(#5469,#5470,#5471,#5472),
 .UNSPECIFIED.,.F.,.F.,(4,4),(2.92192060202138E-9,0.001904718056139),
 .UNSPECIFIED.);
#132=B_SPLINE_CURVE_WITH_KNOTS('',3,(#5475,#5476,#5477,#5478,#5479),
 .UNSPECIFIED.,.F.,.F.,(4,1,4),(1.51618882315253E-10,0.0011102207723991,
0.00222044139317931),.UNSPECIFIED.);
#133=B_SPLINE_CURVE_WITH_KNOTS('',3,(#5481,#5482,#5483,#5484),
 .UNSPECIFIED.,.F.,.F.,(4,4),(2.68752268431743E-14,0.000684894675774837),
 .UNSPECIFIED.);
#134=B_SPLINE_CURVE_WITH_KNOTS('',3,(#5486,#5487,#5488,#5489,#5490),
 .UNSPECIFIED.,.F.,.F.,(4,1,4),(0.,0.00110663739969321,0.00221327479938642),
 .UNSPECIFIED.);
#135=B_SPLINE_CURVE_WITH_KNOTS('',3,(#5492,#5493,#5494,#5495),
 .UNSPECIFIED.,.F.,.F.,(4,4),(6.49411243643004E-10,0.00135648189595251),
 .UNSPECIFIED.);
#136=B_SPLINE_CURVE_WITH_KNOTS('',3,(#5498,#5499,#5500,#5501),
 .UNSPECIFIED.,.F.,.F.,(4,4),(4.30324653478764E-14,0.000420606898941636),
 .UNSPECIFIED.);
#137=B_SPLINE_CURVE_WITH_KNOTS('',3,(#5503,#5504,#5505,#5506),
 .UNSPECIFIED.,.F.,.F.,(4,4),(0.,0.00136173195381932),.UNSPECIFIED.);
#138=B_SPLINE_CURVE_WITH_KNOTS('',3,(#5508,#5509,#5510,#5511),
 .UNSPECIFIED.,.F.,.F.,(4,4),(0.,9.68308239094782E-5),.UNSPECIFIED.);
#139=B_SPLINE_CURVE_WITH_KNOTS('',3,(#5512,#5513,#5514,#5515),
 .UNSPECIFIED.,.F.,.F.,(4,4),(0.483865190754009,0.51614560245951),
 .UNSPECIFIED.);
#140=B_SPLINE_CURVE_WITH_KNOTS('',3,(#5516,#5517,#5518,#5519),
 .UNSPECIFIED.,.F.,.F.,(4,4),(0.,9.68357458148261E-5),.UNSPECIFIED.);
#141=B_SPLINE_CURVE_WITH_KNOTS('',3,(#5680,#5681,#5682,#5683,#5684,#5685,
#5686,#5687,#5688,#5689,#5690),.UNSPECIFIED.,.F.,.F.,(4,1,1,1,1,1,1,1,4),
(0.,0.124997911198735,0.250001503798529,0.375001058762861,0.50001143478471,
0.625017485726757,0.750028485569898,0.875000546310044,1.),.UNSPECIFIED.);
#142=B_SPLINE_CURVE_WITH_KNOTS('',3,(#5857,#5858,#5859,#5860),
 .UNSPECIFIED.,.F.,.F.,(4,4),(2.92192060760699E-9,0.00190471805613902),
 .UNSPECIFIED.);
#143=B_SPLINE_CURVE_WITH_KNOTS('',3,(#5863,#5864,#5865,#5866,#5867),
 .UNSPECIFIED.,.F.,.F.,(4,1,4),(1.51618926101281E-10,0.00111022077239911,
0.0022204413931793),.UNSPECIFIED.);
#144=B_SPLINE_CURVE_WITH_KNOTS('',3,(#5869,#5870,#5871,#5872),
 .UNSPECIFIED.,.F.,.F.,(4,4),(2.68742803959918E-14,0.000684894675774847),
 .UNSPECIFIED.);
#145=B_SPLINE_CURVE_WITH_KNOTS('',3,(#5874,#5875,#5876,#5877,#5878),
 .UNSPECIFIED.,.F.,.F.,(4,1,4),(0.,0.0011066373996932,0.0022132747993864),
 .UNSPECIFIED.);
#146=B_SPLINE_CURVE_WITH_KNOTS('',3,(#5880,#5881,#5882,#5883),
 .UNSPECIFIED.,.F.,.F.,(4,4),(6.49411216542044E-10,0.00135648189595249),
 .UNSPECIFIED.);
#147=B_SPLINE_CURVE_WITH_KNOTS('',3,(#5886,#5887,#5888,#5889),
 .UNSPECIFIED.,.F.,.F.,(4,4),(4.30330665831947E-14,0.000420606898941635),
 .UNSPECIFIED.);
#148=B_SPLINE_CURVE_WITH_KNOTS('',3,(#5891,#5892,#5893,#5894),
 .UNSPECIFIED.,.F.,.F.,(4,4),(0.,0.00136173195381935),.UNSPECIFIED.);
#149=B_SPLINE_CURVE_WITH_KNOTS('',3,(#5896,#5897,#5898,#5899),
 .UNSPECIFIED.,.F.,.F.,(4,4),(0.,9.68308239094939E-5),.UNSPECIFIED.);
#150=B_SPLINE_CURVE_WITH_KNOTS('',3,(#5900,#5901,#5902,#5903),
 .UNSPECIFIED.,.F.,.F.,(4,4),(0.483865190754009,0.51614560245951),
 .UNSPECIFIED.);
#151=B_SPLINE_CURVE_WITH_KNOTS('',3,(#5904,#5905,#5906,#5907),
 .UNSPECIFIED.,.F.,.F.,(4,4),(0.,9.68357458147965E-5),.UNSPECIFIED.);
#152=B_SPLINE_CURVE_WITH_KNOTS('',3,(#6068,#6069,#6070,#6071,#6072,#6073,
#6074,#6075,#6076,#6077,#6078),.UNSPECIFIED.,.F.,.F.,(4,1,1,1,1,1,1,1,4),
(0.,0.124997911198735,0.250001503798529,0.375001058762861,0.50001143478471,
0.625017485726757,0.750028485569898,0.875000546310044,1.),.UNSPECIFIED.);
#153=B_SPLINE_CURVE_WITH_KNOTS('',3,(#6245,#6246,#6247,#6248),
 .UNSPECIFIED.,.F.,.F.,(4,4),(2.9219206037736E-9,0.00190471805613902),
 .UNSPECIFIED.);
#154=B_SPLINE_CURVE_WITH_KNOTS('',3,(#6251,#6252,#6253,#6254,#6255),
 .UNSPECIFIED.,.F.,.F.,(4,1,4),(1.51618931456717E-10,0.00111022077239912,
0.00222044139317931),.UNSPECIFIED.);
#155=B_SPLINE_CURVE_WITH_KNOTS('',3,(#6257,#6258,#6259,#6260),
 .UNSPECIFIED.,.F.,.F.,(4,4),(2.68750443951247E-14,0.000684894675774839),
 .UNSPECIFIED.);
#156=B_SPLINE_CURVE_WITH_KNOTS('',3,(#6262,#6263,#6264,#6265,#6266),
 .UNSPECIFIED.,.F.,.F.,(4,1,4),(0.,0.0011066373996932,0.0022132747993864),
 .UNSPECIFIED.);
#157=B_SPLINE_CURVE_WITH_KNOTS('',3,(#6268,#6269,#6270,#6271),
 .UNSPECIFIED.,.F.,.F.,(4,4),(6.49411261778995E-10,0.00135648189595251),
 .UNSPECIFIED.);
#158=B_SPLINE_CURVE_WITH_KNOTS('',3,(#6274,#6275,#6276,#6277),
 .UNSPECIFIED.,.F.,.F.,(4,4),(4.30324644890471E-14,0.00042060689894164),
 .UNSPECIFIED.);
#159=B_SPLINE_CURVE_WITH_KNOTS('',3,(#6279,#6280,#6281,#6282),
 .UNSPECIFIED.,.F.,.F.,(4,4),(0.,0.00136173195381928),.UNSPECIFIED.);
#160=B_SPLINE_CURVE_WITH_KNOTS('',3,(#6284,#6285,#6286,#6287),
 .UNSPECIFIED.,.F.,.F.,(4,4),(0.,9.68308239095186E-5),.UNSPECIFIED.);
#161=B_SPLINE_CURVE_WITH_KNOTS('',3,(#6288,#6289,#6290,#6291),
 .UNSPECIFIED.,.F.,.F.,(4,4),(0.483865190754009,0.51614560245951),
 .UNSPECIFIED.);
#162=B_SPLINE_CURVE_WITH_KNOTS('',3,(#6292,#6293,#6294,#6295),
 .UNSPECIFIED.,.F.,.F.,(4,4),(1.599923903925E-17,9.68357458148638E-5),
 .UNSPECIFIED.);
#163=B_SPLINE_CURVE_WITH_KNOTS('',3,(#6456,#6457,#6458,#6459,#6460,#6461,
#6462,#6463,#6464,#6465,#6466),.UNSPECIFIED.,.F.,.F.,(4,1,1,1,1,1,1,1,4),
(0.,0.124997911198735,0.250001503798529,0.375001058762861,0.50001143478471,
0.625017485726757,0.750028485569898,0.875000546310044,1.),.UNSPECIFIED.);
#164=B_SPLINE_CURVE_WITH_KNOTS('',3,(#6633,#6634,#6635,#6636),
 .UNSPECIFIED.,.F.,.F.,(4,4),(2.92192060493789E-9,0.001904718056139),
 .UNSPECIFIED.);
#165=B_SPLINE_CURVE_WITH_KNOTS('',3,(#6639,#6640,#6641,#6642,#6643),
 .UNSPECIFIED.,.F.,.F.,(4,1,4),(1.51618925075837E-10,0.00111022077239913,
0.00222044139317933),.UNSPECIFIED.);
#166=B_SPLINE_CURVE_WITH_KNOTS('',3,(#6645,#6646,#6647,#6648),
 .UNSPECIFIED.,.F.,.F.,(4,4),(2.68752648855413E-14,0.000684894675774855),
 .UNSPECIFIED.);
#167=B_SPLINE_CURVE_WITH_KNOTS('',3,(#6650,#6651,#6652,#6653,#6654),
 .UNSPECIFIED.,.F.,.F.,(4,1,4),(0.,0.00110663739969322,0.00221327479938643),
 .UNSPECIFIED.);
#168=B_SPLINE_CURVE_WITH_KNOTS('',3,(#6656,#6657,#6658,#6659),
 .UNSPECIFIED.,.F.,.F.,(4,4),(6.49411244499442E-10,0.0013564818959525),
 .UNSPECIFIED.);
#169=B_SPLINE_CURVE_WITH_KNOTS('',3,(#6662,#6663,#6664,#6665),
 .UNSPECIFIED.,.F.,.F.,(4,4),(4.3031109696149E-14,0.000420606898941638),
 .UNSPECIFIED.);
#170=B_SPLINE_CURVE_WITH_KNOTS('',3,(#6667,#6668,#6669,#6670),
 .UNSPECIFIED.,.F.,.F.,(4,4),(0.,0.00136173195381934),.UNSPECIFIED.);
#171=B_SPLINE_CURVE_WITH_KNOTS('',3,(#6672,#6673,#6674,#6675),
 .UNSPECIFIED.,.F.,.F.,(4,4),(0.,9.68308239095001E-5),.UNSPECIFIED.);
#172=B_SPLINE_CURVE_WITH_KNOTS('',3,(#6676,#6677,#6678,#6679),
 .UNSPECIFIED.,.F.,.F.,(4,4),(0.483865190754009,0.51614560245951),
 .UNSPECIFIED.);
#173=B_SPLINE_CURVE_WITH_KNOTS('',3,(#6680,#6681,#6682,#6683),
 .UNSPECIFIED.,.F.,.F.,(4,4),(0.,9.68357458148188E-5),.UNSPECIFIED.);
#174=B_SPLINE_CURVE_WITH_KNOTS('',3,(#6844,#6845,#6846,#6847,#6848,#6849,
#6850,#6851,#6852,#6853,#6854),.UNSPECIFIED.,.F.,.F.,(4,1,1,1,1,1,1,1,4),
(0.,0.124997911198735,0.250001503798529,0.375001058762861,0.50001143478471,
0.625017485726757,0.750028485569898,0.875000546310044,1.),.UNSPECIFIED.);
#175=B_SPLINE_CURVE_WITH_KNOTS('',3,(#7021,#7022,#7023,#7024),
 .UNSPECIFIED.,.F.,.F.,(4,4),(2.92192060368496E-9,0.001904718056139),
 .UNSPECIFIED.);
#176=B_SPLINE_CURVE_WITH_KNOTS('',3,(#7027,#7028,#7029,#7030,#7031),
 .UNSPECIFIED.,.F.,.F.,(4,1,4),(1.51618961516595E-10,0.00111022077239913,
0.00222044139317929),.UNSPECIFIED.);
#177=B_SPLINE_CURVE_WITH_KNOTS('',3,(#7033,#7034,#7035,#7036),
 .UNSPECIFIED.,.F.,.F.,(4,4),(2.68754745580992E-14,0.000684894675774845),
 .UNSPECIFIED.);
#178=B_SPLINE_CURVE_WITH_KNOTS('',3,(#7038,#7039,#7040,#7041,#7042),
 .UNSPECIFIED.,.F.,.F.,(4,1,4),(0.,0.0011066373996932,0.0022132747993864),
 .UNSPECIFIED.);
#179=B_SPLINE_CURVE_WITH_KNOTS('',3,(#7044,#7045,#7046,#7047),
 .UNSPECIFIED.,.F.,.F.,(4,4),(6.49411261189446E-10,0.00135648189595251),
 .UNSPECIFIED.);
#180=B_SPLINE_CURVE_WITH_KNOTS('',3,(#7050,#7051,#7052,#7053),
 .UNSPECIFIED.,.F.,.F.,(4,4),(4.303287644899E-14,0.000420606898941638),
 .UNSPECIFIED.);
#181=B_SPLINE_CURVE_WITH_KNOTS('',3,(#7055,#7056,#7057,#7058),
 .UNSPECIFIED.,.F.,.F.,(4,4),(0.,0.00136173195381931),.UNSPECIFIED.);
#182=B_SPLINE_CURVE_WITH_KNOTS('',3,(#7060,#7061,#7062,#7063),
 .UNSPECIFIED.,.F.,.F.,(4,4),(0.,9.68308239095247E-5),.UNSPECIFIED.);
#183=B_SPLINE_CURVE_WITH_KNOTS('',3,(#7064,#7065,#7066,#7067),
 .UNSPECIFIED.,.F.,.F.,(4,4),(0.483865190754009,0.51614560245951),
 .UNSPECIFIED.);
#184=B_SPLINE_CURVE_WITH_KNOTS('',3,(#7068,#7069,#7070,#7071),
 .UNSPECIFIED.,.F.,.F.,(4,4),(1.59407218725268E-17,9.68357458148162E-5),
 .UNSPECIFIED.);
#185=B_SPLINE_CURVE_WITH_KNOTS('',3,(#7232,#7233,#7234,#7235,#7236,#7237,
#7238,#7239,#7240,#7241,#7242),.UNSPECIFIED.,.F.,.F.,(4,1,1,1,1,1,1,1,4),
(0.,0.124997911198735,0.250001503798529,0.375001058762861,0.50001143478471,
0.625017485726757,0.750028485569898,0.875000546310044,1.),.UNSPECIFIED.);
#186=B_SPLINE_CURVE_WITH_KNOTS('',3,(#7409,#7410,#7411,#7412),
 .UNSPECIFIED.,.F.,.F.,(4,4),(2.92192059950303E-9,0.001904718056139),
 .UNSPECIFIED.);
#187=B_SPLINE_CURVE_WITH_KNOTS('',3,(#7415,#7416,#7417,#7418,#7419),
 .UNSPECIFIED.,.F.,.F.,(4,1,4),(1.51618925426521E-10,0.00111022077239912,
0.00222044139317931),.UNSPECIFIED.);
#188=B_SPLINE_CURVE_WITH_KNOTS('',3,(#7421,#7422,#7423,#7424),
 .UNSPECIFIED.,.F.,.F.,(4,4),(2.68748108195034E-14,0.000684894675774848),
 .UNSPECIFIED.);
#189=B_SPLINE_CURVE_WITH_KNOTS('',3,(#7426,#7427,#7428,#7429,#7430),
 .UNSPECIFIED.,.F.,.F.,(4,1,4),(0.,0.00110663739969324,0.00221327479938647),
 .UNSPECIFIED.);
#190=B_SPLINE_CURVE_WITH_KNOTS('',3,(#7432,#7433,#7434,#7435),
 .UNSPECIFIED.,.F.,.F.,(4,4),(6.49411273894982E-10,0.00135648189595249),
 .UNSPECIFIED.);
#191=B_SPLINE_CURVE_WITH_KNOTS('',3,(#7438,#7439,#7440,#7441),
 .UNSPECIFIED.,.F.,.F.,(4,4),(4.30312081935303E-14,0.000420606898941639),
 .UNSPECIFIED.);
#192=B_SPLINE_CURVE_WITH_KNOTS('',3,(#7443,#7444,#7445,#7446),
 .UNSPECIFIED.,.F.,.F.,(4,4),(0.,0.00136173195381927),.UNSPECIFIED.);
#193=B_SPLINE_CURVE_WITH_KNOTS('',3,(#7448,#7449,#7450,#7451),
 .UNSPECIFIED.,.F.,.F.,(4,4),(0.,9.68308239094811E-5),.UNSPECIFIED.);
#194=B_SPLINE_CURVE_WITH_KNOTS('',3,(#7452,#7453,#7454,#7455),
 .UNSPECIFIED.,.F.,.F.,(4,4),(0.483865190754009,0.51614560245951),
 .UNSPECIFIED.);
#195=B_SPLINE_CURVE_WITH_KNOTS('',3,(#7456,#7457,#7458,#7459),
 .UNSPECIFIED.,.F.,.F.,(4,4),(1.58100322187797E-17,9.6835745814889E-5),
 .UNSPECIFIED.);
#196=B_SPLINE_CURVE_WITH_KNOTS('',3,(#7620,#7621,#7622,#7623,#7624,#7625,
#7626,#7627,#7628,#7629,#7630),.UNSPECIFIED.,.F.,.F.,(4,1,1,1,1,1,1,1,4),
(0.,0.124997911198735,0.250001503798529,0.375001058762861,0.50001143478471,
0.625017485726757,0.750028485569898,0.875000546310044,1.),.UNSPECIFIED.);
#197=B_SPLINE_CURVE_WITH_KNOTS('',3,(#7797,#7798,#7799,#7800),
 .UNSPECIFIED.,.F.,.F.,(4,4),(2.92192060580478E-9,0.00190471805613903),
 .UNSPECIFIED.);
#198=B_SPLINE_CURVE_WITH_KNOTS('',3,(#7803,#7804,#7805,#7806,#7807),
 .UNSPECIFIED.,.F.,.F.,(4,1,4),(1.5161885927865E-10,0.00111022077239905,
0.00222044139317924),.UNSPECIFIED.);
#199=B_SPLINE_CURVE_WITH_KNOTS('',3,(#7809,#7810,#7811,#7812),
 .UNSPECIFIED.,.F.,.F.,(4,4),(2.68759982578107E-14,0.000684894675774872),
 .UNSPECIFIED.);
#200=B_SPLINE_CURVE_WITH_KNOTS('',3,(#7814,#7815,#7816,#7817,#7818),
 .UNSPECIFIED.,.F.,.F.,(4,1,4),(0.,0.00110663739969325,0.0022132747993865),
 .UNSPECIFIED.);
#201=B_SPLINE_CURVE_WITH_KNOTS('',3,(#7820,#7821,#7822,#7823),
 .UNSPECIFIED.,.F.,.F.,(4,4),(6.49411237074949E-10,0.00135648189595256),
 .UNSPECIFIED.);
#202=B_SPLINE_CURVE_WITH_KNOTS('',3,(#7826,#7827,#7828,#7829),
 .UNSPECIFIED.,.F.,.F.,(4,4),(4.3031133479689E-14,0.00042060689894164),
 .UNSPECIFIED.);
#203=B_SPLINE_CURVE_WITH_KNOTS('',3,(#7831,#7832,#7833,#7834),
 .UNSPECIFIED.,.F.,.F.,(4,4),(0.,0.0013617319538193),.UNSPECIFIED.);
#204=B_SPLINE_CURVE_WITH_KNOTS('',3,(#7836,#7837,#7838,#7839),
 .UNSPECIFIED.,.F.,.F.,(4,4),(0.,9.68308239095093E-5),.UNSPECIFIED.);
#205=B_SPLINE_CURVE_WITH_KNOTS('',3,(#7840,#7841,#7842,#7843),
 .UNSPECIFIED.,.F.,.F.,(4,4),(0.483865190754009,0.51614560245951),
 .UNSPECIFIED.);
#206=B_SPLINE_CURVE_WITH_KNOTS('',3,(#7844,#7845,#7846,#7847),
 .UNSPECIFIED.,.F.,.F.,(4,4),(1.616297820721E-17,9.6835745814796E-5),
 .UNSPECIFIED.);
#207=B_SPLINE_CURVE_WITH_KNOTS('',3,(#8008,#8009,#8010,#8011,#8012,#8013,
#8014,#8015,#8016,#8017,#8018),.UNSPECIFIED.,.F.,.F.,(4,1,1,1,1,1,1,1,4),
(0.,0.124997911198735,0.250001503798529,0.375001058762861,0.50001143478471,
0.625017485726757,0.750028485569898,0.875000546310044,1.),.UNSPECIFIED.);
#208=B_SPLINE_CURVE_WITH_KNOTS('',3,(#8185,#8186,#8187,#8188),
 .UNSPECIFIED.,.F.,.F.,(4,4),(2.92192060489854E-9,0.00190471805613901),
 .UNSPECIFIED.);
#209=B_SPLINE_CURVE_WITH_KNOTS('',3,(#8191,#8192,#8193,#8194,#8195),
 .UNSPECIFIED.,.F.,.F.,(4,1,4),(1.51618918258918E-10,0.0011102207723991,
0.00222044139317928),.UNSPECIFIED.);
#210=B_SPLINE_CURVE_WITH_KNOTS('',3,(#8197,#8198,#8199,#8200),
 .UNSPECIFIED.,.F.,.F.,(4,4),(2.68750443951247E-14,0.00068489467577484),
 .UNSPECIFIED.);
#211=B_SPLINE_CURVE_WITH_KNOTS('',3,(#8202,#8203,#8204,#8205,#8206),
 .UNSPECIFIED.,.F.,.F.,(4,1,4),(0.,0.00110663739969322,0.00221327479938644),
 .UNSPECIFIED.);
#212=B_SPLINE_CURVE_WITH_KNOTS('',3,(#8208,#8209,#8210,#8211),
 .UNSPECIFIED.,.F.,.F.,(4,4),(6.4941123053687E-10,0.0013564818959525),
 .UNSPECIFIED.);
#213=B_SPLINE_CURVE_WITH_KNOTS('',3,(#8214,#8215,#8216,#8217),
 .UNSPECIFIED.,.F.,.F.,(4,4),(4.3032444349167E-14,0.000420606898941642),
 .UNSPECIFIED.);
#214=B_SPLINE_CURVE_WITH_KNOTS('',3,(#8219,#8220,#8221,#8222),
 .UNSPECIFIED.,.F.,.F.,(4,4),(0.,0.00136173195381927),.UNSPECIFIED.);
#215=B_SPLINE_CURVE_WITH_KNOTS('',3,(#8224,#8225,#8226,#8227),
 .UNSPECIFIED.,.F.,.F.,(4,4),(0.,9.68308239094917E-5),.UNSPECIFIED.);
#216=B_SPLINE_CURVE_WITH_KNOTS('',3,(#8228,#8229,#8230,#8231),
 .UNSPECIFIED.,.F.,.F.,(4,4),(0.483865190754009,0.51614560245951),
 .UNSPECIFIED.);
#217=B_SPLINE_CURVE_WITH_KNOTS('',3,(#8232,#8233,#8234,#8235),
 .UNSPECIFIED.,.F.,.F.,(4,4),(9.69739903612216E-19,9.68357458148514E-5),
 .UNSPECIFIED.);
#218=B_SPLINE_CURVE_WITH_KNOTS('',3,(#8396,#8397,#8398,#8399,#8400,#8401,
#8402,#8403,#8404,#8405,#8406),.UNSPECIFIED.,.F.,.F.,(4,1,1,1,1,1,1,1,4),
(0.,0.124997911198735,0.250001503798529,0.375001058762861,0.50001143478471,
0.625017485726757,0.750028485569898,0.875000546310044,1.),.UNSPECIFIED.);
#219=B_SPLINE_CURVE_WITH_KNOTS('',3,(#8573,#8574,#8575,#8576),
 .UNSPECIFIED.,.F.,.F.,(4,4),(2.92192060385008E-9,0.00190471805613901),
 .UNSPECIFIED.);
#220=B_SPLINE_CURVE_WITH_KNOTS('',3,(#8579,#8580,#8581,#8582,#8583),
 .UNSPECIFIED.,.F.,.F.,(4,1,4),(1.51618947428296E-10,0.00111022077239914,
0.00222044139317932),.UNSPECIFIED.);
#221=B_SPLINE_CURVE_WITH_KNOTS('',3,(#8585,#8586,#8587,#8588),
 .UNSPECIFIED.,.F.,.F.,(4,4),(2.68748524176114E-14,0.000684894675774833),
 .UNSPECIFIED.);
#222=B_SPLINE_CURVE_WITH_KNOTS('',3,(#8590,#8591,#8592,#8593,#8594),
 .UNSPECIFIED.,.F.,.F.,(4,1,4),(0.,0.00110663739969321,0.00221327479938643),
 .UNSPECIFIED.);
#223=B_SPLINE_CURVE_WITH_KNOTS('',3,(#8596,#8597,#8598,#8599),
 .UNSPECIFIED.,.F.,.F.,(4,4),(6.49411210953189E-10,0.00135648189595253),
 .UNSPECIFIED.);
#224=B_SPLINE_CURVE_WITH_KNOTS('',3,(#8602,#8603,#8604,#8605),
 .UNSPECIFIED.,.F.,.F.,(4,4),(4.30323272684443E-14,0.000420606898941636),
 .UNSPECIFIED.);
#225=B_SPLINE_CURVE_WITH_KNOTS('',3,(#8607,#8608,#8609,#8610),
 .UNSPECIFIED.,.F.,.F.,(4,4),(0.,0.00136173195381932),.UNSPECIFIED.);
#226=B_SPLINE_CURVE_WITH_KNOTS('',3,(#8612,#8613,#8614,#8615),
 .UNSPECIFIED.,.F.,.F.,(4,4),(0.,9.68308239094916E-5),.UNSPECIFIED.);
#227=B_SPLINE_CURVE_WITH_KNOTS('',3,(#8616,#8617,#8618,#8619),
 .UNSPECIFIED.,.F.,.F.,(4,4),(0.483865190754009,0.51614560245951),
 .UNSPECIFIED.);
#228=B_SPLINE_CURVE_WITH_KNOTS('',3,(#8620,#8621,#8622,#8623),
 .UNSPECIFIED.,.F.,.F.,(4,4),(0.,9.68357458148331E-5),.UNSPECIFIED.);
#229=B_SPLINE_CURVE_WITH_KNOTS('',3,(#8784,#8785,#8786,#8787,#8788,#8789,
#8790,#8791,#8792,#8793,#8794),.UNSPECIFIED.,.F.,.F.,(4,1,1,1,1,1,1,1,4),
(0.,0.124997911198735,0.250001503798529,0.375001058762861,0.50001143478471,
0.625017485726757,0.750028485569898,0.875000546310044,1.),.UNSPECIFIED.);
#230=B_SPLINE_CURVE_WITH_KNOTS('',3,(#8961,#8962,#8963,#8964),
 .UNSPECIFIED.,.F.,.F.,(4,4),(2.92192060288252E-9,0.00190471805613901),
 .UNSPECIFIED.);
#231=B_SPLINE_CURVE_WITH_KNOTS('',3,(#8967,#8968,#8969,#8970,#8971),
 .UNSPECIFIED.,.F.,.F.,(4,1,4),(1.51618869538582E-10,0.00111022077239907,
0.00222044139317927),.UNSPECIFIED.);
#232=B_SPLINE_CURVE_WITH_KNOTS('',3,(#8973,#8974,#8975,#8976),
 .UNSPECIFIED.,.F.,.F.,(4,4),(2.68754745580992E-14,0.000684894675774871),
 .UNSPECIFIED.);
#233=B_SPLINE_CURVE_WITH_KNOTS('',3,(#8978,#8979,#8980,#8981,#8982),
 .UNSPECIFIED.,.F.,.F.,(4,1,4),(0.,0.0011066373996932,0.0022132747993864),
 .UNSPECIFIED.);
#234=B_SPLINE_CURVE_WITH_KNOTS('',3,(#8984,#8985,#8986,#8987),
 .UNSPECIFIED.,.F.,.F.,(4,4),(6.49411274033386E-10,0.00135648189595256),
 .UNSPECIFIED.);
#235=B_SPLINE_CURVE_WITH_KNOTS('',3,(#8990,#8991,#8992,#8993),
 .UNSPECIFIED.,.F.,.F.,(4,4),(4.30327951339252E-14,0.00042060689894164),
 .UNSPECIFIED.);
#236=B_SPLINE_CURVE_WITH_KNOTS('',3,(#8995,#8996,#8997,#8998),
 .UNSPECIFIED.,.F.,.F.,(4,4),(0.,0.00136173195381933),.UNSPECIFIED.);
#237=B_SPLINE_CURVE_WITH_KNOTS('',3,(#9000,#9001,#9002,#9003),
 .UNSPECIFIED.,.F.,.F.,(4,4),(0.,9.68308239094185E-5),.UNSPECIFIED.);
#238=B_SPLINE_CURVE_WITH_KNOTS('',3,(#9004,#9005,#9006,#9007),
 .UNSPECIFIED.,.F.,.F.,(4,4),(0.483865190754009,0.51614560245951),
 .UNSPECIFIED.);
#239=B_SPLINE_CURVE_WITH_KNOTS('',3,(#9008,#9009,#9010,#9011),
 .UNSPECIFIED.,.F.,.F.,(4,4),(1.59462515335071E-17,9.68357458148329E-5),
 .UNSPECIFIED.);
#240=B_SPLINE_CURVE_WITH_KNOTS('',3,(#9172,#9173,#9174,#9175,#9176,#9177,
#9178,#9179,#9180,#9181,#9182),.UNSPECIFIED.,.F.,.F.,(4,1,1,1,1,1,1,1,4),
(0.,0.124997911198735,0.250001503798529,0.375001058762861,0.50001143478471,
0.625017485726757,0.750028485569898,0.875000546310044,1.),.UNSPECIFIED.);
#241=B_SPLINE_CURVE_WITH_KNOTS('',3,(#9349,#9350,#9351,#9352),
 .UNSPECIFIED.,.F.,.F.,(4,4),(2.92192060413704E-9,0.001904718056139),
 .UNSPECIFIED.);
#242=B_SPLINE_CURVE_WITH_KNOTS('',3,(#9355,#9356,#9357,#9358,#9359),
 .UNSPECIFIED.,.F.,.F.,(4,1,4),(1.51618868766403E-10,0.00111022077239905,
0.00222044139317923),.UNSPECIFIED.);
#243=B_SPLINE_CURVE_WITH_KNOTS('',3,(#9361,#9362,#9363,#9364),
 .UNSPECIFIED.,.F.,.F.,(4,4),(2.68752232600788E-14,0.000684894675774852),
 .UNSPECIFIED.);
#244=B_SPLINE_CURVE_WITH_KNOTS('',3,(#9366,#9367,#9368,#9369,#9370),
 .UNSPECIFIED.,.F.,.F.,(4,1,4),(0.,0.00110663739969321,0.00221327479938642),
 .UNSPECIFIED.);
#245=B_SPLINE_CURVE_WITH_KNOTS('',3,(#9372,#9373,#9374,#9375),
 .UNSPECIFIED.,.F.,.F.,(4,4),(6.49411211683916E-10,0.00135648189595256),
 .UNSPECIFIED.);
#246=B_SPLINE_CURVE_WITH_KNOTS('',3,(#9378,#9379,#9380,#9381),
 .UNSPECIFIED.,.F.,.F.,(4,4),(4.30312081935303E-14,0.000420606898941633),
 .UNSPECIFIED.);
#247=B_SPLINE_CURVE_WITH_KNOTS('',3,(#9383,#9384,#9385,#9386),
 .UNSPECIFIED.,.F.,.F.,(4,4),(0.,0.0013617319538193),.UNSPECIFIED.);
#248=B_SPLINE_CURVE_WITH_KNOTS('',3,(#9388,#9389,#9390,#9391),
 .UNSPECIFIED.,.F.,.F.,(4,4),(0.,9.68308239094581E-5),.UNSPECIFIED.);
#249=B_SPLINE_CURVE_WITH_KNOTS('',3,(#9392,#9393,#9394,#9395),
 .UNSPECIFIED.,.F.,.F.,(4,4),(0.483865190754009,0.51614560245951),
 .UNSPECIFIED.);
#250=B_SPLINE_CURVE_WITH_KNOTS('',3,(#9396,#9397,#9398,#9399),
 .UNSPECIFIED.,.F.,.F.,(4,4),(1.58990032769613E-17,9.68357458148496E-5),
 .UNSPECIFIED.);
#251=B_SPLINE_CURVE_WITH_KNOTS('',3,(#9560,#9561,#9562,#9563,#9564,#9565,
#9566,#9567,#9568,#9569,#9570),.UNSPECIFIED.,.F.,.F.,(4,1,1,1,1,1,1,1,4),
(0.,0.124997911198735,0.250001503798529,0.375001058762861,0.50001143478471,
0.625017485726757,0.750028485569898,0.875000546310044,1.),.UNSPECIFIED.);
#252=B_SPLINE_CURVE_WITH_KNOTS('',3,(#9737,#9738,#9739,#9740),
 .UNSPECIFIED.,.F.,.F.,(4,4),(2.92192060408608E-9,0.001904718056139),
 .UNSPECIFIED.);
#253=B_SPLINE_CURVE_WITH_KNOTS('',3,(#9743,#9744,#9745,#9746,#9747),
 .UNSPECIFIED.,.F.,.F.,(4,1,4),(1.51618929135783E-10,0.00111022077239909,
0.00222044139317924),.UNSPECIFIED.);
#254=B_SPLINE_CURVE_WITH_KNOTS('',3,(#9749,#9750,#9751,#9752),
 .UNSPECIFIED.,.F.,.F.,(4,4),(2.68742768127702E-14,0.000684894675774845),
 .UNSPECIFIED.);
#255=B_SPLINE_CURVE_WITH_KNOTS('',3,(#9754,#9755,#9756,#9757,#9758),
 .UNSPECIFIED.,.F.,.F.,(4,1,4),(0.,0.00110663739969322,0.00221327479938644),
 .UNSPECIFIED.);
#256=B_SPLINE_CURVE_WITH_KNOTS('',3,(#9760,#9761,#9762,#9763),
 .UNSPECIFIED.,.F.,.F.,(4,4),(6.49411325913024E-10,0.00135648189595259),
 .UNSPECIFIED.);
#257=B_SPLINE_CURVE_WITH_KNOTS('',3,(#9766,#9767,#9768,#9769),
 .UNSPECIFIED.,.F.,.F.,(4,4),(4.30330464435963E-14,0.000420606898941643),
 .UNSPECIFIED.);
#258=B_SPLINE_CURVE_WITH_KNOTS('',3,(#9771,#9772,#9773,#9774),
 .UNSPECIFIED.,.F.,.F.,(4,4),(0.,0.00136173195381928),.UNSPECIFIED.);
#259=B_SPLINE_CURVE_WITH_KNOTS('',3,(#9776,#9777,#9778,#9779),
 .UNSPECIFIED.,.F.,.F.,(4,4),(0.,9.68308239095225E-5),.UNSPECIFIED.);
#260=B_SPLINE_CURVE_WITH_KNOTS('',3,(#9780,#9781,#9782,#9783),
 .UNSPECIFIED.,.F.,.F.,(4,4),(0.483865190754009,0.51614560245951),
 .UNSPECIFIED.);
#261=B_SPLINE_CURVE_WITH_KNOTS('',3,(#9784,#9785,#9786,#9787),
 .UNSPECIFIED.,.F.,.F.,(4,4),(1.60168625867695E-17,9.68357458148662E-5),
 .UNSPECIFIED.);
#262=B_SPLINE_CURVE_WITH_KNOTS('',3,(#9948,#9949,#9950,#9951,#9952,#9953,
#9954,#9955,#9956,#9957,#9958),.UNSPECIFIED.,.F.,.F.,(4,1,1,1,1,1,1,1,4),
(0.,0.124997911198735,0.250001503798529,0.375001058762861,0.50001143478471,
0.625017485726757,0.750028485569898,0.875000546310044,1.),.UNSPECIFIED.);
#263=B_SPLINE_CURVE_WITH_KNOTS('',3,(#10125,#10126,#10127,#10128),
 .UNSPECIFIED.,.F.,.F.,(4,4),(2.92192060404261E-9,0.00190471805613901),
 .UNSPECIFIED.);
#264=B_SPLINE_CURVE_WITH_KNOTS('',3,(#10131,#10132,#10133,#10134,#10135),
 .UNSPECIFIED.,.F.,.F.,(4,1,4),(1.5161892297435E-10,0.00111022077239909,
0.00222044139317926),.UNSPECIFIED.);
#265=B_SPLINE_CURVE_WITH_KNOTS('',3,(#10137,#10138,#10139,#10140),
 .UNSPECIFIED.,.F.,.F.,(4,4),(2.6874342640395E-14,0.000684894675774856),
 .UNSPECIFIED.);
#266=B_SPLINE_CURVE_WITH_KNOTS('',3,(#10142,#10143,#10144,#10145,#10146),
 .UNSPECIFIED.,.F.,.F.,(4,1,4),(0.,0.00110663739969322,0.00221327479938645),
 .UNSPECIFIED.);
#267=B_SPLINE_CURVE_WITH_KNOTS('',3,(#10148,#10149,#10150,#10151),
 .UNSPECIFIED.,.F.,.F.,(4,4),(6.4941128075414E-10,0.00135648189595248),
 .UNSPECIFIED.);
#268=B_SPLINE_CURVE_WITH_KNOTS('',3,(#10154,#10155,#10156,#10157),
 .UNSPECIFIED.,.F.,.F.,(4,4),(4.3032444349167E-14,0.000420606898941649),
 .UNSPECIFIED.);
#269=B_SPLINE_CURVE_WITH_KNOTS('',3,(#10159,#10160,#10161,#10162),
 .UNSPECIFIED.,.F.,.F.,(4,4),(0.,0.00136173195381929),.UNSPECIFIED.);
#270=B_SPLINE_CURVE_WITH_KNOTS('',3,(#10164,#10165,#10166,#10167),
 .UNSPECIFIED.,.F.,.F.,(4,4),(0.,9.6830823909483E-5),.UNSPECIFIED.);
#271=B_SPLINE_CURVE_WITH_KNOTS('',3,(#10168,#10169,#10170,#10171),
 .UNSPECIFIED.,.F.,.F.,(4,4),(0.483865190754009,0.51614560245951),
 .UNSPECIFIED.);
#272=B_SPLINE_CURVE_WITH_KNOTS('',3,(#10172,#10173,#10174,#10175),
 .UNSPECIFIED.,.F.,.F.,(4,4),(1.61105292483382E-17,9.68357458148971E-5),
 .UNSPECIFIED.);
#273=B_SPLINE_CURVE_WITH_KNOTS('',3,(#10336,#10337,#10338,#10339,#10340,
#10341,#10342,#10343,#10344,#10345,#10346),.UNSPECIFIED.,.F.,.F.,(4,1,1,
1,1,1,1,1,4),(0.,0.124997911198735,0.250001503798529,0.375001058762861,
0.50001143478471,0.625017485726757,0.750028485569898,0.875000546310044,
1.),.UNSPECIFIED.);
#274=B_SPLINE_CURVE_WITH_KNOTS('',3,(#10513,#10514,#10515,#10516),
 .UNSPECIFIED.,.F.,.F.,(4,4),(2.92192060535381E-9,0.00190471805613902),
 .UNSPECIFIED.);
#275=B_SPLINE_CURVE_WITH_KNOTS('',3,(#10519,#10520,#10521,#10522,#10523),
 .UNSPECIFIED.,.F.,.F.,(4,1,4),(1.51618914437512E-10,0.00111022077239911,
0.0022204413931793),.UNSPECIFIED.);
#276=B_SPLINE_CURVE_WITH_KNOTS('',3,(#10525,#10526,#10527,#10528),
 .UNSPECIFIED.,.F.,.F.,(4,4),(2.68752648855413E-14,0.000684894675774853),
 .UNSPECIFIED.);
#277=B_SPLINE_CURVE_WITH_KNOTS('',3,(#10530,#10531,#10532,#10533,#10534),
 .UNSPECIFIED.,.F.,.F.,(4,1,4),(0.,0.00110663739969324,0.00221327479938648),
 .UNSPECIFIED.);
#278=B_SPLINE_CURVE_WITH_KNOTS('',3,(#10536,#10537,#10538,#10539),
 .UNSPECIFIED.,.F.,.F.,(4,4),(6.49411327889751E-10,0.00135648189595257),
 .UNSPECIFIED.);
#279=B_SPLINE_CURVE_WITH_KNOTS('',3,(#10542,#10543,#10544,#10545),
 .UNSPECIFIED.,.F.,.F.,(4,4),(4.30338322939605E-14,0.000420606898941642),
 .UNSPECIFIED.);
#280=B_SPLINE_CURVE_WITH_KNOTS('',3,(#10547,#10548,#10549,#10550),
 .UNSPECIFIED.,.F.,.F.,(4,4),(0.,0.0013617319538193),.UNSPECIFIED.);
#281=B_SPLINE_CURVE_WITH_KNOTS('',3,(#10552,#10553,#10554,#10555),
 .UNSPECIFIED.,.F.,.F.,(4,4),(0.,9.68308239095339E-5),.UNSPECIFIED.);
#282=B_SPLINE_CURVE_WITH_KNOTS('',3,(#10556,#10557,#10558,#10559),
 .UNSPECIFIED.,.F.,.F.,(4,4),(0.483865190754009,0.51614560245951),
 .UNSPECIFIED.);
#283=B_SPLINE_CURVE_WITH_KNOTS('',3,(#10560,#10561,#10562,#10563),
 .UNSPECIFIED.,.F.,.F.,(4,4),(1.60168625867695E-17,9.683574581486E-5),
 .UNSPECIFIED.);
#284=B_SPLINE_CURVE_WITH_KNOTS('',3,(#10724,#10725,#10726,#10727,#10728,
#10729,#10730,#10731,#10732,#10733,#10734),.UNSPECIFIED.,.F.,.F.,(4,1,1,
1,1,1,1,1,4),(0.,0.124997911198735,0.250001503798529,0.375001058762861,
0.50001143478471,0.625017485726757,0.750028485569898,0.875000546310044,
1.),.UNSPECIFIED.);
#285=B_SPLINE_CURVE_WITH_KNOTS('',3,(#10898,#10899,#10900,#10901),
 .UNSPECIFIED.,.F.,.F.,(4,4),(0.483865190754009,0.51614560245951),
 .UNSPECIFIED.);
#286=B_SPLINE_CURVE_WITH_KNOTS('',3,(#10903,#10904,#10905,#10906),
 .UNSPECIFIED.,.F.,.F.,(4,4),(2.92192060367587E-9,0.00190471805613902),
 .UNSPECIFIED.);
#287=B_SPLINE_CURVE_WITH_KNOTS('',3,(#10911,#10912,#10913,#10914),
 .UNSPECIFIED.,.F.,.F.,(4,4),(4.30327680289036E-14,0.000420606898941632),
 .UNSPECIFIED.);
#288=B_SPLINE_CURVE_WITH_KNOTS('',3,(#10916,#10917,#10918,#10919,#10920,
#10921,#10922,#10923,#10924,#10925,#10926),.UNSPECIFIED.,.F.,.F.,(4,1,1,
1,1,1,1,1,4),(0.,0.124997911198735,0.250001503798529,0.375001058762861,
0.50001143478471,0.625017485726757,0.750028485569898,0.875000546310044,
1.),.UNSPECIFIED.);
#289=B_SPLINE_CURVE_WITH_KNOTS('',3,(#10928,#10929,#10930,#10931),
 .UNSPECIFIED.,.F.,.F.,(4,4),(2.68754745580992E-14,0.000684894675774822),
 .UNSPECIFIED.);
#290=B_SPLINE_CURVE_WITH_KNOTS('',3,(#11086,#11087,#11088,#11089),
 .UNSPECIFIED.,.F.,.F.,(4,4),(6.49411279978311E-10,0.00135648189595257),
 .UNSPECIFIED.);
#291=B_SPLINE_CURVE_WITH_KNOTS('',3,(#11093,#11094,#11095,#11096,#11097),
 .UNSPECIFIED.,.F.,.F.,(4,1,4),(0.,0.00110663739969323,0.00221327479938645),
 .UNSPECIFIED.);
#292=B_SPLINE_CURVE_WITH_KNOTS('',3,(#11252,#11253,#11254,#11255),
 .UNSPECIFIED.,.F.,.F.,(4,4),(0.,0.00136173195381931),.UNSPECIFIED.);
#293=B_SPLINE_CURVE_WITH_KNOTS('',3,(#11257,#11258,#11259,#11260,#11261),
 .UNSPECIFIED.,.F.,.F.,(4,1,4),(1.51619002554517E-10,0.00111022077239914,
0.00222044139317927),.UNSPECIFIED.);
#294=B_SPLINE_CURVE_WITH_KNOTS('',3,(#11265,#11266,#11267,#11268),
 .UNSPECIFIED.,.F.,.F.,(4,4),(0.,9.68308239094922E-5),.UNSPECIFIED.);
#295=B_SPLINE_CURVE_WITH_KNOTS('',3,(#11271,#11272,#11273,#11274),
 .UNSPECIFIED.,.F.,.F.,(4,4),(8.67361737988404E-19,9.683574581483E-5),
 .UNSPECIFIED.);
#296=CONICAL_SURFACE('',#2818,0.00574622503733651,0.923659287569665);
#297=CONICAL_SURFACE('',#2821,0.00929124026945999,0.555592087488908);
#298=CONICAL_SURFACE('',#2822,0.00570587147938716,0.555592087488907);
#299=CONICAL_SURFACE('',#2826,0.00574622503733651,0.923659287569665);
#300=CONICAL_SURFACE('',#2829,0.00929124026945999,0.555592087488908);
#301=CONICAL_SURFACE('',#2830,0.00570587147938716,0.555592087488907);
#302=CONICAL_SURFACE('',#2834,0.00574622503733651,0.923659287569665);
#303=CONICAL_SURFACE('',#2837,0.00929124026945999,0.555592087488908);
#304=CONICAL_SURFACE('',#2838,0.00570587147938716,0.555592087488907);
#305=CONICAL_SURFACE('',#2842,0.00574622503733651,0.923659287569665);
#306=CONICAL_SURFACE('',#2845,0.00929124026945999,0.555592087488908);
#307=CONICAL_SURFACE('',#2846,0.00570587147938716,0.555592087488907);
#308=CONICAL_SURFACE('',#2850,0.00574622503733651,0.923659287569665);
#309=CONICAL_SURFACE('',#2853,0.00929124026945999,0.555592087488908);
#310=CONICAL_SURFACE('',#2854,0.00570587147938716,0.555592087488907);
#311=CONICAL_SURFACE('',#2858,0.00574622503733651,0.923659287569665);
#312=CONICAL_SURFACE('',#2861,0.00929124026945999,0.555592087488908);
#313=CONICAL_SURFACE('',#2862,0.00570587147938716,0.555592087488907);
#314=CONICAL_SURFACE('',#2866,0.00574622503733651,0.923659287569665);
#315=CONICAL_SURFACE('',#2869,0.00929124026945999,0.555592087488908);
#316=CONICAL_SURFACE('',#2870,0.00570587147938716,0.555592087488907);
#317=CONICAL_SURFACE('',#2874,0.00574622503733651,0.923659287569665);
#318=CONICAL_SURFACE('',#2877,0.00929124026945999,0.555592087488908);
#319=CONICAL_SURFACE('',#2878,0.00570587147938716,0.555592087488907);
#320=CONICAL_SURFACE('',#2882,0.00574622503733651,0.923659287569665);
#321=CONICAL_SURFACE('',#2885,0.00929124026945999,0.555592087488908);
#322=CONICAL_SURFACE('',#2886,0.00570587147938716,0.555592087488907);
#323=CONICAL_SURFACE('',#2890,0.00574622503733651,0.923659287569665);
#324=CONICAL_SURFACE('',#2893,0.00929124026945999,0.555592087488908);
#325=CONICAL_SURFACE('',#2894,0.00570587147938716,0.555592087488907);
#326=CONICAL_SURFACE('',#2898,0.00574622503733651,0.923659287569665);
#327=CONICAL_SURFACE('',#2901,0.00929124026945999,0.555592087488908);
#328=CONICAL_SURFACE('',#2902,0.00570587147938716,0.555592087488907);
#329=CONICAL_SURFACE('',#2906,0.00574622503733651,0.923659287569665);
#330=CONICAL_SURFACE('',#2909,0.00929124026945999,0.555592087488908);
#331=CONICAL_SURFACE('',#2910,0.00570587147938716,0.555592087488907);
#332=CONICAL_SURFACE('',#2914,0.00574622503733651,0.923659287569665);
#333=CONICAL_SURFACE('',#2917,0.00929124026945999,0.555592087488908);
#334=CONICAL_SURFACE('',#2918,0.00570587147938716,0.555592087488907);
#335=CONICAL_SURFACE('',#2922,0.00574622503733651,0.923659287569665);
#336=CONICAL_SURFACE('',#2925,0.00929124026945999,0.555592087488908);
#337=CONICAL_SURFACE('',#2926,0.00570587147938716,0.555592087488907);
#338=CONICAL_SURFACE('',#2930,0.00574622503733651,0.923659287569665);
#339=CONICAL_SURFACE('',#2933,0.00929124026945999,0.555592087488908);
#340=CONICAL_SURFACE('',#2934,0.00570587147938716,0.555592087488907);
#341=CONICAL_SURFACE('',#2938,0.00574622503733651,0.923659287569665);
#342=CONICAL_SURFACE('',#2941,0.00929124026945999,0.555592087488908);
#343=CONICAL_SURFACE('',#2942,0.00570587147938716,0.555592087488907);
#344=CONICAL_SURFACE('',#2946,0.00574622503733651,0.923659287569665);
#345=CONICAL_SURFACE('',#2949,0.00929124026945999,0.555592087488908);
#346=CONICAL_SURFACE('',#2950,0.00570587147938716,0.555592087488907);
#347=CONICAL_SURFACE('',#2954,0.00574622503733651,0.923659287569665);
#348=CONICAL_SURFACE('',#2957,0.00929124026945999,0.555592087488908);
#349=CONICAL_SURFACE('',#2958,0.00570587147938716,0.555592087488907);
#350=CONICAL_SURFACE('',#2962,0.00574622503733651,0.923659287569665);
#351=CONICAL_SURFACE('',#2965,0.00929124026945999,0.555592087488908);
#352=CONICAL_SURFACE('',#2966,0.00570587147938716,0.555592087488907);
#353=CONICAL_SURFACE('',#2970,0.00574622503733651,0.923659287569665);
#354=CONICAL_SURFACE('',#2979,0.00929124026945999,0.555592087488908);
#355=CONICAL_SURFACE('',#2980,0.00570587147938716,0.555592087488907);
#356=LINE('',#3502,#514);
#357=LINE('',#3505,#515);
#358=LINE('',#3507,#516);
#359=LINE('',#3509,#517);
#360=LINE('',#3511,#518);
#361=LINE('',#3513,#519);
#362=LINE('',#3518,#520);
#363=LINE('',#3522,#521);
#364=LINE('',#3524,#522);
#365=LINE('',#3531,#523);
#366=LINE('',#3580,#524);
#367=LINE('',#3582,#525);
#368=LINE('',#3583,#526);
#369=LINE('',#3738,#527);
#370=LINE('',#3909,#528);
#371=LINE('',#3913,#529);
#372=LINE('',#3915,#530);
#373=LINE('',#3921,#531);
#374=LINE('',#3969,#532);
#375=LINE('',#3971,#533);
#376=LINE('',#4126,#534);
#377=LINE('',#4297,#535);
#378=LINE('',#4301,#536);
#379=LINE('',#4303,#537);
#380=LINE('',#4309,#538);
#381=LINE('',#4357,#539);
#382=LINE('',#4359,#540);
#383=LINE('',#4514,#541);
#384=LINE('',#4685,#542);
#385=LINE('',#4689,#543);
#386=LINE('',#4691,#544);
#387=LINE('',#4697,#545);
#388=LINE('',#4745,#546);
#389=LINE('',#4747,#547);
#390=LINE('',#4902,#548);
#391=LINE('',#5073,#549);
#392=LINE('',#5077,#550);
#393=LINE('',#5079,#551);
#394=LINE('',#5085,#552);
#395=LINE('',#5133,#553);
#396=LINE('',#5135,#554);
#397=LINE('',#5290,#555);
#398=LINE('',#5461,#556);
#399=LINE('',#5465,#557);
#400=LINE('',#5467,#558);
#401=LINE('',#5473,#559);
#402=LINE('',#5521,#560);
#403=LINE('',#5523,#561);
#404=LINE('',#5678,#562);
#405=LINE('',#5849,#563);
#406=LINE('',#5853,#564);
#407=LINE('',#5855,#565);
#408=LINE('',#5861,#566);
#409=LINE('',#5909,#567);
#410=LINE('',#5911,#568);
#411=LINE('',#6066,#569);
#412=LINE('',#6237,#570);
#413=LINE('',#6241,#571);
#414=LINE('',#6243,#572);
#415=LINE('',#6249,#573);
#416=LINE('',#6297,#574);
#417=LINE('',#6299,#575);
#418=LINE('',#6454,#576);
#419=LINE('',#6625,#577);
#420=LINE('',#6629,#578);
#421=LINE('',#6631,#579);
#422=LINE('',#6637,#580);
#423=LINE('',#6685,#581);
#424=LINE('',#6687,#582);
#425=LINE('',#6842,#583);
#426=LINE('',#7013,#584);
#427=LINE('',#7017,#585);
#428=LINE('',#7019,#586);
#429=LINE('',#7025,#587);
#430=LINE('',#7073,#588);
#431=LINE('',#7075,#589);
#432=LINE('',#7230,#590);
#433=LINE('',#7401,#591);
#434=LINE('',#7405,#592);
#435=LINE('',#7407,#593);
#436=LINE('',#7413,#594);
#437=LINE('',#7461,#595);
#438=LINE('',#7463,#596);
#439=LINE('',#7618,#597);
#440=LINE('',#7789,#598);
#441=LINE('',#7793,#599);
#442=LINE('',#7795,#600);
#443=LINE('',#7801,#601);
#444=LINE('',#7849,#602);
#445=LINE('',#7851,#603);
#446=LINE('',#8006,#604);
#447=LINE('',#8177,#605);
#448=LINE('',#8181,#606);
#449=LINE('',#8183,#607);
#450=LINE('',#8189,#608);
#451=LINE('',#8237,#609);
#452=LINE('',#8239,#610);
#453=LINE('',#8394,#611);
#454=LINE('',#8565,#612);
#455=LINE('',#8569,#613);
#456=LINE('',#8571,#614);
#457=LINE('',#8577,#615);
#458=LINE('',#8625,#616);
#459=LINE('',#8627,#617);
#460=LINE('',#8782,#618);
#461=LINE('',#8953,#619);
#462=LINE('',#8957,#620);
#463=LINE('',#8959,#621);
#464=LINE('',#8965,#622);
#465=LINE('',#9013,#623);
#466=LINE('',#9015,#624);
#467=LINE('',#9170,#625);
#468=LINE('',#9341,#626);
#469=LINE('',#9345,#627);
#470=LINE('',#9347,#628);
#471=LINE('',#9353,#629);
#472=LINE('',#9401,#630);
#473=LINE('',#9403,#631);
#474=LINE('',#9558,#632);
#475=LINE('',#9729,#633);
#476=LINE('',#9733,#634);
#477=LINE('',#9735,#635);
#478=LINE('',#9741,#636);
#479=LINE('',#9789,#637);
#480=LINE('',#9791,#638);
#481=LINE('',#9946,#639);
#482=LINE('',#10117,#640);
#483=LINE('',#10121,#641);
#484=LINE('',#10123,#642);
#485=LINE('',#10129,#643);
#486=LINE('',#10177,#644);
#487=LINE('',#10179,#645);
#488=LINE('',#10334,#646);
#489=LINE('',#10505,#647);
#490=LINE('',#10509,#648);
#491=LINE('',#10511,#649);
#492=LINE('',#10517,#650);
#493=LINE('',#10565,#651);
#494=LINE('',#10567,#652);
#495=LINE('',#10722,#653);
#496=LINE('',#10892,#654);
#497=LINE('',#10908,#655);
#498=LINE('',#11091,#656);
#499=LINE('',#11263,#657);
#500=LINE('',#11269,#658);
#501=LINE('',#11275,#659);
#502=LINE('',#11279,#660);
#503=LINE('',#11281,#661);
#504=LINE('',#11283,#662);
#505=LINE('',#11285,#663);
#506=LINE('',#11287,#664);
#507=LINE('',#11289,#665);
#508=LINE('',#11291,#666);
#509=LINE('',#11293,#667);
#510=LINE('',#11295,#668);
#511=LINE('',#11297,#669);
#512=LINE('',#11299,#670);
#513=LINE('',#11301,#671);
#514=VECTOR('',#2996,1.);
#515=VECTOR('',#2997,1.);
#516=VECTOR('',#2998,1.);
#517=VECTOR('',#2999,1.);
#518=VECTOR('',#3000,1.);
#519=VECTOR('',#3001,1.);
#520=VECTOR('',#3006,1.);
#521=VECTOR('',#3009,1.);
#522=VECTOR('',#3012,1.);
#523=VECTOR('',#3013,1.);
#524=VECTOR('',#3018,1.);
#525=VECTOR('',#3021,1.);
#526=VECTOR('',#3022,1.);
#527=VECTOR('',#3023,1.);
#528=VECTOR('',#3030,1.);
#529=VECTOR('',#3033,1.);
#530=VECTOR('',#3036,1.);
#531=VECTOR('',#3037,1.);
#532=VECTOR('',#3042,1.);
#533=VECTOR('',#3045,1.);
#534=VECTOR('',#3046,1.);
#535=VECTOR('',#3053,1.);
#536=VECTOR('',#3056,1.);
#537=VECTOR('',#3059,1.);
#538=VECTOR('',#3060,1.);
#539=VECTOR('',#3065,1.);
#540=VECTOR('',#3068,1.);
#541=VECTOR('',#3069,1.);
#542=VECTOR('',#3076,1.);
#543=VECTOR('',#3079,1.);
#544=VECTOR('',#3082,1.);
#545=VECTOR('',#3083,1.);
#546=VECTOR('',#3088,1.);
#547=VECTOR('',#3091,1.);
#548=VECTOR('',#3092,1.);
#549=VECTOR('',#3099,1.);
#550=VECTOR('',#3102,1.);
#551=VECTOR('',#3105,1.);
#552=VECTOR('',#3106,1.);
#553=VECTOR('',#3111,1.);
#554=VECTOR('',#3114,1.);
#555=VECTOR('',#3115,1.);
#556=VECTOR('',#3122,1.);
#557=VECTOR('',#3125,1.);
#558=VECTOR('',#3128,1.);
#559=VECTOR('',#3129,1.);
#560=VECTOR('',#3134,1.);
#561=VECTOR('',#3137,1.);
#562=VECTOR('',#3138,1.);
#563=VECTOR('',#3145,1.);
#564=VECTOR('',#3148,1.);
#565=VECTOR('',#3151,1.);
#566=VECTOR('',#3152,1.);
#567=VECTOR('',#3157,1.);
#568=VECTOR('',#3160,1.);
#569=VECTOR('',#3161,1.);
#570=VECTOR('',#3168,1.);
#571=VECTOR('',#3171,1.);
#572=VECTOR('',#3174,1.);
#573=VECTOR('',#3175,1.);
#574=VECTOR('',#3180,1.);
#575=VECTOR('',#3183,1.);
#576=VECTOR('',#3184,1.);
#577=VECTOR('',#3191,1.);
#578=VECTOR('',#3194,1.);
#579=VECTOR('',#3197,1.);
#580=VECTOR('',#3198,1.);
#581=VECTOR('',#3203,1.);
#582=VECTOR('',#3206,1.);
#583=VECTOR('',#3207,1.);
#584=VECTOR('',#3214,1.);
#585=VECTOR('',#3217,1.);
#586=VECTOR('',#3220,1.);
#587=VECTOR('',#3221,1.);
#588=VECTOR('',#3226,1.);
#589=VECTOR('',#3229,1.);
#590=VECTOR('',#3230,1.);
#591=VECTOR('',#3237,1.);
#592=VECTOR('',#3240,1.);
#593=VECTOR('',#3243,1.);
#594=VECTOR('',#3244,1.);
#595=VECTOR('',#3249,1.);
#596=VECTOR('',#3252,1.);
#597=VECTOR('',#3253,1.);
#598=VECTOR('',#3260,1.);
#599=VECTOR('',#3263,1.);
#600=VECTOR('',#3266,1.);
#601=VECTOR('',#3267,1.);
#602=VECTOR('',#3272,1.);
#603=VECTOR('',#3275,1.);
#604=VECTOR('',#3276,1.);
#605=VECTOR('',#3283,1.);
#606=VECTOR('',#3286,1.);
#607=VECTOR('',#3289,1.);
#608=VECTOR('',#3290,1.);
#609=VECTOR('',#3295,1.);
#610=VECTOR('',#3298,1.);
#611=VECTOR('',#3299,1.);
#612=VECTOR('',#3306,1.);
#613=VECTOR('',#3309,1.);
#614=VECTOR('',#3312,1.);
#615=VECTOR('',#3313,1.);
#616=VECTOR('',#3318,1.);
#617=VECTOR('',#3321,1.);
#618=VECTOR('',#3322,1.);
#619=VECTOR('',#3329,1.);
#620=VECTOR('',#3332,1.);
#621=VECTOR('',#3335,1.);
#622=VECTOR('',#3336,1.);
#623=VECTOR('',#3341,1.);
#624=VECTOR('',#3344,1.);
#625=VECTOR('',#3345,1.);
#626=VECTOR('',#3352,1.);
#627=VECTOR('',#3355,1.);
#628=VECTOR('',#3358,1.);
#629=VECTOR('',#3359,1.);
#630=VECTOR('',#3364,1.);
#631=VECTOR('',#3367,1.);
#632=VECTOR('',#3368,1.);
#633=VECTOR('',#3375,1.);
#634=VECTOR('',#3378,1.);
#635=VECTOR('',#3381,1.);
#636=VECTOR('',#3382,1.);
#637=VECTOR('',#3387,1.);
#638=VECTOR('',#3390,1.);
#639=VECTOR('',#3391,1.);
#640=VECTOR('',#3398,1.);
#641=VECTOR('',#3401,1.);
#642=VECTOR('',#3404,1.);
#643=VECTOR('',#3405,1.);
#644=VECTOR('',#3410,1.);
#645=VECTOR('',#3413,1.);
#646=VECTOR('',#3414,1.);
#647=VECTOR('',#3421,1.);
#648=VECTOR('',#3424,1.);
#649=VECTOR('',#3427,1.);
#650=VECTOR('',#3428,1.);
#651=VECTOR('',#3433,1.);
#652=VECTOR('',#3436,1.);
#653=VECTOR('',#3437,1.);
#654=VECTOR('',#3444,1.);
#655=VECTOR('',#3455,1.);
#656=VECTOR('',#3456,1.);
#657=VECTOR('',#3457,1.);
#658=VECTOR('',#3460,1.);
#659=VECTOR('',#3463,1.);
#660=VECTOR('',#3470,1.);
#661=VECTOR('',#3471,1.);
#662=VECTOR('',#3472,1.);
#663=VECTOR('',#3475,1.);
#664=VECTOR('',#3476,1.);
#665=VECTOR('',#3479,1.);
#666=VECTOR('',#3480,1.);
#667=VECTOR('',#3483,1.);
#668=VECTOR('',#3484,1.);
#669=VECTOR('',#3487,1.);
#670=VECTOR('',#3488,1.);
#671=VECTOR('',#3491,1.);
#672=ORIENTED_EDGE('',*,*,#1514,.T.);
#673=ORIENTED_EDGE('',*,*,#1515,.T.);
#674=ORIENTED_EDGE('',*,*,#1516,.T.);
#675=ORIENTED_EDGE('',*,*,#1517,.T.);
#676=ORIENTED_EDGE('',*,*,#1518,.T.);
#677=ORIENTED_EDGE('',*,*,#1519,.T.);
#678=ORIENTED_EDGE('',*,*,#1520,.T.);
#679=ORIENTED_EDGE('',*,*,#1521,.F.);
#680=ORIENTED_EDGE('',*,*,#1522,.T.);
#681=ORIENTED_EDGE('',*,*,#1523,.T.);
#682=ORIENTED_EDGE('',*,*,#1524,.F.);
#683=ORIENTED_EDGE('',*,*,#1525,.F.);
#684=ORIENTED_EDGE('',*,*,#1526,.F.);
#685=ORIENTED_EDGE('',*,*,#1527,.F.);
#686=ORIENTED_EDGE('',*,*,#1528,.F.);
#687=ORIENTED_EDGE('',*,*,#1529,.T.);
#688=ORIENTED_EDGE('',*,*,#1530,.F.);
#689=ORIENTED_EDGE('',*,*,#1531,.T.);
#690=ORIENTED_EDGE('',*,*,#1532,.F.);
#691=ORIENTED_EDGE('',*,*,#1533,.T.);
#692=ORIENTED_EDGE('',*,*,#1534,.T.);
#693=ORIENTED_EDGE('',*,*,#1535,.T.);
#694=ORIENTED_EDGE('',*,*,#1536,.T.);
#695=ORIENTED_EDGE('',*,*,#1536,.F.);
#696=ORIENTED_EDGE('',*,*,#1522,.F.);
#697=ORIENTED_EDGE('',*,*,#1525,.T.);
#698=ORIENTED_EDGE('',*,*,#1537,.T.);
#699=ORIENTED_EDGE('',*,*,#1534,.F.);
#700=ORIENTED_EDGE('',*,*,#1538,.F.);
#701=ORIENTED_EDGE('',*,*,#1527,.T.);
#702=ORIENTED_EDGE('',*,*,#1539,.T.);
#703=ORIENTED_EDGE('',*,*,#1533,.F.);
#704=ORIENTED_EDGE('',*,*,#1540,.F.);
#705=ORIENTED_EDGE('',*,*,#1528,.T.);
#706=ORIENTED_EDGE('',*,*,#1538,.T.);
#707=ORIENTED_EDGE('',*,*,#1540,.T.);
#708=ORIENTED_EDGE('',*,*,#1532,.T.);
#709=ORIENTED_EDGE('',*,*,#1541,.F.);
#710=ORIENTED_EDGE('',*,*,#1529,.F.);
#711=ORIENTED_EDGE('',*,*,#1531,.F.);
#712=ORIENTED_EDGE('',*,*,#1537,.F.);
#713=ORIENTED_EDGE('',*,*,#1530,.T.);
#714=ORIENTED_EDGE('',*,*,#1541,.T.);
#715=ORIENTED_EDGE('',*,*,#1542,.F.);
#716=ORIENTED_EDGE('',*,*,#1543,.T.);
#717=ORIENTED_EDGE('',*,*,#1544,.T.);
#718=ORIENTED_EDGE('',*,*,#1545,.F.);
#719=ORIENTED_EDGE('',*,*,#1546,.F.);
#720=ORIENTED_EDGE('',*,*,#1547,.F.);
#721=ORIENTED_EDGE('',*,*,#1548,.F.);
#722=ORIENTED_EDGE('',*,*,#1549,.F.);
#723=ORIENTED_EDGE('',*,*,#1550,.T.);
#724=ORIENTED_EDGE('',*,*,#1551,.F.);
#725=ORIENTED_EDGE('',*,*,#1552,.T.);
#726=ORIENTED_EDGE('',*,*,#1553,.F.);
#727=ORIENTED_EDGE('',*,*,#1554,.T.);
#728=ORIENTED_EDGE('',*,*,#1555,.T.);
#729=ORIENTED_EDGE('',*,*,#1556,.T.);
#730=ORIENTED_EDGE('',*,*,#1557,.T.);
#731=ORIENTED_EDGE('',*,*,#1557,.F.);
#732=ORIENTED_EDGE('',*,*,#1543,.F.);
#733=ORIENTED_EDGE('',*,*,#1546,.T.);
#734=ORIENTED_EDGE('',*,*,#1558,.T.);
#735=ORIENTED_EDGE('',*,*,#1555,.F.);
#736=ORIENTED_EDGE('',*,*,#1559,.F.);
#737=ORIENTED_EDGE('',*,*,#1548,.T.);
#738=ORIENTED_EDGE('',*,*,#1524,.T.);
#739=ORIENTED_EDGE('',*,*,#1554,.F.);
#740=ORIENTED_EDGE('',*,*,#1560,.F.);
#741=ORIENTED_EDGE('',*,*,#1549,.T.);
#742=ORIENTED_EDGE('',*,*,#1559,.T.);
#743=ORIENTED_EDGE('',*,*,#1560,.T.);
#744=ORIENTED_EDGE('',*,*,#1553,.T.);
#745=ORIENTED_EDGE('',*,*,#1561,.F.);
#746=ORIENTED_EDGE('',*,*,#1550,.F.);
#747=ORIENTED_EDGE('',*,*,#1552,.F.);
#748=ORIENTED_EDGE('',*,*,#1558,.F.);
#749=ORIENTED_EDGE('',*,*,#1551,.T.);
#750=ORIENTED_EDGE('',*,*,#1561,.T.);
#751=ORIENTED_EDGE('',*,*,#1562,.F.);
#752=ORIENTED_EDGE('',*,*,#1563,.T.);
#753=ORIENTED_EDGE('',*,*,#1564,.T.);
#754=ORIENTED_EDGE('',*,*,#1565,.F.);
#755=ORIENTED_EDGE('',*,*,#1566,.F.);
#756=ORIENTED_EDGE('',*,*,#1567,.F.);
#757=ORIENTED_EDGE('',*,*,#1568,.F.);
#758=ORIENTED_EDGE('',*,*,#1569,.F.);
#759=ORIENTED_EDGE('',*,*,#1570,.T.);
#760=ORIENTED_EDGE('',*,*,#1571,.F.);
#761=ORIENTED_EDGE('',*,*,#1572,.T.);
#762=ORIENTED_EDGE('',*,*,#1573,.F.);
#763=ORIENTED_EDGE('',*,*,#1574,.T.);
#764=ORIENTED_EDGE('',*,*,#1575,.T.);
#765=ORIENTED_EDGE('',*,*,#1576,.T.);
#766=ORIENTED_EDGE('',*,*,#1577,.T.);
#767=ORIENTED_EDGE('',*,*,#1577,.F.);
#768=ORIENTED_EDGE('',*,*,#1563,.F.);
#769=ORIENTED_EDGE('',*,*,#1566,.T.);
#770=ORIENTED_EDGE('',*,*,#1578,.T.);
#771=ORIENTED_EDGE('',*,*,#1575,.F.);
#772=ORIENTED_EDGE('',*,*,#1579,.F.);
#773=ORIENTED_EDGE('',*,*,#1568,.T.);
#774=ORIENTED_EDGE('',*,*,#1545,.T.);
#775=ORIENTED_EDGE('',*,*,#1574,.F.);
#776=ORIENTED_EDGE('',*,*,#1580,.F.);
#777=ORIENTED_EDGE('',*,*,#1569,.T.);
#778=ORIENTED_EDGE('',*,*,#1579,.T.);
#779=ORIENTED_EDGE('',*,*,#1580,.T.);
#780=ORIENTED_EDGE('',*,*,#1573,.T.);
#781=ORIENTED_EDGE('',*,*,#1581,.F.);
#782=ORIENTED_EDGE('',*,*,#1570,.F.);
#783=ORIENTED_EDGE('',*,*,#1572,.F.);
#784=ORIENTED_EDGE('',*,*,#1578,.F.);
#785=ORIENTED_EDGE('',*,*,#1571,.T.);
#786=ORIENTED_EDGE('',*,*,#1581,.T.);
#787=ORIENTED_EDGE('',*,*,#1582,.F.);
#788=ORIENTED_EDGE('',*,*,#1583,.T.);
#789=ORIENTED_EDGE('',*,*,#1584,.T.);
#790=ORIENTED_EDGE('',*,*,#1585,.F.);
#791=ORIENTED_EDGE('',*,*,#1586,.F.);
#792=ORIENTED_EDGE('',*,*,#1587,.F.);
#793=ORIENTED_EDGE('',*,*,#1588,.F.);
#794=ORIENTED_EDGE('',*,*,#1589,.F.);
#795=ORIENTED_EDGE('',*,*,#1590,.T.);
#796=ORIENTED_EDGE('',*,*,#1591,.F.);
#797=ORIENTED_EDGE('',*,*,#1592,.T.);
#798=ORIENTED_EDGE('',*,*,#1593,.F.);
#799=ORIENTED_EDGE('',*,*,#1594,.T.);
#800=ORIENTED_EDGE('',*,*,#1595,.T.);
#801=ORIENTED_EDGE('',*,*,#1596,.T.);
#802=ORIENTED_EDGE('',*,*,#1597,.T.);
#803=ORIENTED_EDGE('',*,*,#1597,.F.);
#804=ORIENTED_EDGE('',*,*,#1583,.F.);
#805=ORIENTED_EDGE('',*,*,#1586,.T.);
#806=ORIENTED_EDGE('',*,*,#1598,.T.);
#807=ORIENTED_EDGE('',*,*,#1595,.F.);
#808=ORIENTED_EDGE('',*,*,#1599,.F.);
#809=ORIENTED_EDGE('',*,*,#1588,.T.);
#810=ORIENTED_EDGE('',*,*,#1565,.T.);
#811=ORIENTED_EDGE('',*,*,#1594,.F.);
#812=ORIENTED_EDGE('',*,*,#1600,.F.);
#813=ORIENTED_EDGE('',*,*,#1589,.T.);
#814=ORIENTED_EDGE('',*,*,#1599,.T.);
#815=ORIENTED_EDGE('',*,*,#1600,.T.);
#816=ORIENTED_EDGE('',*,*,#1593,.T.);
#817=ORIENTED_EDGE('',*,*,#1601,.F.);
#818=ORIENTED_EDGE('',*,*,#1590,.F.);
#819=ORIENTED_EDGE('',*,*,#1592,.F.);
#820=ORIENTED_EDGE('',*,*,#1598,.F.);
#821=ORIENTED_EDGE('',*,*,#1591,.T.);
#822=ORIENTED_EDGE('',*,*,#1601,.T.);
#823=ORIENTED_EDGE('',*,*,#1602,.F.);
#824=ORIENTED_EDGE('',*,*,#1603,.T.);
#825=ORIENTED_EDGE('',*,*,#1604,.T.);
#826=ORIENTED_EDGE('',*,*,#1605,.F.);
#827=ORIENTED_EDGE('',*,*,#1606,.F.);
#828=ORIENTED_EDGE('',*,*,#1607,.F.);
#829=ORIENTED_EDGE('',*,*,#1608,.F.);
#830=ORIENTED_EDGE('',*,*,#1609,.F.);
#831=ORIENTED_EDGE('',*,*,#1610,.T.);
#832=ORIENTED_EDGE('',*,*,#1611,.F.);
#833=ORIENTED_EDGE('',*,*,#1612,.T.);
#834=ORIENTED_EDGE('',*,*,#1613,.F.);
#835=ORIENTED_EDGE('',*,*,#1614,.T.);
#836=ORIENTED_EDGE('',*,*,#1615,.T.);
#837=ORIENTED_EDGE('',*,*,#1616,.T.);
#838=ORIENTED_EDGE('',*,*,#1617,.T.);
#839=ORIENTED_EDGE('',*,*,#1617,.F.);
#840=ORIENTED_EDGE('',*,*,#1603,.F.);
#841=ORIENTED_EDGE('',*,*,#1606,.T.);
#842=ORIENTED_EDGE('',*,*,#1618,.T.);
#843=ORIENTED_EDGE('',*,*,#1615,.F.);
#844=ORIENTED_EDGE('',*,*,#1619,.F.);
#845=ORIENTED_EDGE('',*,*,#1608,.T.);
#846=ORIENTED_EDGE('',*,*,#1585,.T.);
#847=ORIENTED_EDGE('',*,*,#1614,.F.);
#848=ORIENTED_EDGE('',*,*,#1620,.F.);
#849=ORIENTED_EDGE('',*,*,#1609,.T.);
#850=ORIENTED_EDGE('',*,*,#1619,.T.);
#851=ORIENTED_EDGE('',*,*,#1620,.T.);
#852=ORIENTED_EDGE('',*,*,#1613,.T.);
#853=ORIENTED_EDGE('',*,*,#1621,.F.);
#854=ORIENTED_EDGE('',*,*,#1610,.F.);
#855=ORIENTED_EDGE('',*,*,#1612,.F.);
#856=ORIENTED_EDGE('',*,*,#1618,.F.);
#857=ORIENTED_EDGE('',*,*,#1611,.T.);
#858=ORIENTED_EDGE('',*,*,#1621,.T.);
#859=ORIENTED_EDGE('',*,*,#1622,.F.);
#860=ORIENTED_EDGE('',*,*,#1623,.T.);
#861=ORIENTED_EDGE('',*,*,#1624,.T.);
#862=ORIENTED_EDGE('',*,*,#1625,.F.);
#863=ORIENTED_EDGE('',*,*,#1626,.F.);
#864=ORIENTED_EDGE('',*,*,#1627,.F.);
#865=ORIENTED_EDGE('',*,*,#1628,.F.);
#866=ORIENTED_EDGE('',*,*,#1629,.F.);
#867=ORIENTED_EDGE('',*,*,#1630,.T.);
#868=ORIENTED_EDGE('',*,*,#1631,.F.);
#869=ORIENTED_EDGE('',*,*,#1632,.T.);
#870=ORIENTED_EDGE('',*,*,#1633,.F.);
#871=ORIENTED_EDGE('',*,*,#1634,.T.);
#872=ORIENTED_EDGE('',*,*,#1635,.T.);
#873=ORIENTED_EDGE('',*,*,#1636,.T.);
#874=ORIENTED_EDGE('',*,*,#1637,.T.);
#875=ORIENTED_EDGE('',*,*,#1637,.F.);
#876=ORIENTED_EDGE('',*,*,#1623,.F.);
#877=ORIENTED_EDGE('',*,*,#1626,.T.);
#878=ORIENTED_EDGE('',*,*,#1638,.T.);
#879=ORIENTED_EDGE('',*,*,#1635,.F.);
#880=ORIENTED_EDGE('',*,*,#1639,.F.);
#881=ORIENTED_EDGE('',*,*,#1628,.T.);
#882=ORIENTED_EDGE('',*,*,#1605,.T.);
#883=ORIENTED_EDGE('',*,*,#1634,.F.);
#884=ORIENTED_EDGE('',*,*,#1640,.F.);
#885=ORIENTED_EDGE('',*,*,#1629,.T.);
#886=ORIENTED_EDGE('',*,*,#1639,.T.);
#887=ORIENTED_EDGE('',*,*,#1640,.T.);
#888=ORIENTED_EDGE('',*,*,#1633,.T.);
#889=ORIENTED_EDGE('',*,*,#1641,.F.);
#890=ORIENTED_EDGE('',*,*,#1630,.F.);
#891=ORIENTED_EDGE('',*,*,#1632,.F.);
#892=ORIENTED_EDGE('',*,*,#1638,.F.);
#893=ORIENTED_EDGE('',*,*,#1631,.T.);
#894=ORIENTED_EDGE('',*,*,#1641,.T.);
#895=ORIENTED_EDGE('',*,*,#1642,.F.);
#896=ORIENTED_EDGE('',*,*,#1643,.T.);
#897=ORIENTED_EDGE('',*,*,#1644,.T.);
#898=ORIENTED_EDGE('',*,*,#1645,.F.);
#899=ORIENTED_EDGE('',*,*,#1646,.F.);
#900=ORIENTED_EDGE('',*,*,#1647,.F.);
#901=ORIENTED_EDGE('',*,*,#1648,.F.);
#902=ORIENTED_EDGE('',*,*,#1649,.F.);
#903=ORIENTED_EDGE('',*,*,#1650,.T.);
#904=ORIENTED_EDGE('',*,*,#1651,.F.);
#905=ORIENTED_EDGE('',*,*,#1652,.T.);
#906=ORIENTED_EDGE('',*,*,#1653,.F.);
#907=ORIENTED_EDGE('',*,*,#1654,.T.);
#908=ORIENTED_EDGE('',*,*,#1655,.T.);
#909=ORIENTED_EDGE('',*,*,#1656,.T.);
#910=ORIENTED_EDGE('',*,*,#1657,.T.);
#911=ORIENTED_EDGE('',*,*,#1657,.F.);
#912=ORIENTED_EDGE('',*,*,#1643,.F.);
#913=ORIENTED_EDGE('',*,*,#1646,.T.);
#914=ORIENTED_EDGE('',*,*,#1658,.T.);
#915=ORIENTED_EDGE('',*,*,#1655,.F.);
#916=ORIENTED_EDGE('',*,*,#1659,.F.);
#917=ORIENTED_EDGE('',*,*,#1648,.T.);
#918=ORIENTED_EDGE('',*,*,#1625,.T.);
#919=ORIENTED_EDGE('',*,*,#1654,.F.);
#920=ORIENTED_EDGE('',*,*,#1660,.F.);
#921=ORIENTED_EDGE('',*,*,#1649,.T.);
#922=ORIENTED_EDGE('',*,*,#1659,.T.);
#923=ORIENTED_EDGE('',*,*,#1660,.T.);
#924=ORIENTED_EDGE('',*,*,#1653,.T.);
#925=ORIENTED_EDGE('',*,*,#1661,.F.);
#926=ORIENTED_EDGE('',*,*,#1650,.F.);
#927=ORIENTED_EDGE('',*,*,#1652,.F.);
#928=ORIENTED_EDGE('',*,*,#1658,.F.);
#929=ORIENTED_EDGE('',*,*,#1651,.T.);
#930=ORIENTED_EDGE('',*,*,#1661,.T.);
#931=ORIENTED_EDGE('',*,*,#1662,.F.);
#932=ORIENTED_EDGE('',*,*,#1663,.T.);
#933=ORIENTED_EDGE('',*,*,#1664,.T.);
#934=ORIENTED_EDGE('',*,*,#1665,.F.);
#935=ORIENTED_EDGE('',*,*,#1666,.F.);
#936=ORIENTED_EDGE('',*,*,#1667,.F.);
#937=ORIENTED_EDGE('',*,*,#1668,.F.);
#938=ORIENTED_EDGE('',*,*,#1669,.F.);
#939=ORIENTED_EDGE('',*,*,#1670,.T.);
#940=ORIENTED_EDGE('',*,*,#1671,.F.);
#941=ORIENTED_EDGE('',*,*,#1672,.T.);
#942=ORIENTED_EDGE('',*,*,#1673,.F.);
#943=ORIENTED_EDGE('',*,*,#1674,.T.);
#944=ORIENTED_EDGE('',*,*,#1675,.T.);
#945=ORIENTED_EDGE('',*,*,#1676,.T.);
#946=ORIENTED_EDGE('',*,*,#1677,.T.);
#947=ORIENTED_EDGE('',*,*,#1677,.F.);
#948=ORIENTED_EDGE('',*,*,#1663,.F.);
#949=ORIENTED_EDGE('',*,*,#1666,.T.);
#950=ORIENTED_EDGE('',*,*,#1678,.T.);
#951=ORIENTED_EDGE('',*,*,#1675,.F.);
#952=ORIENTED_EDGE('',*,*,#1679,.F.);
#953=ORIENTED_EDGE('',*,*,#1668,.T.);
#954=ORIENTED_EDGE('',*,*,#1645,.T.);
#955=ORIENTED_EDGE('',*,*,#1674,.F.);
#956=ORIENTED_EDGE('',*,*,#1680,.F.);
#957=ORIENTED_EDGE('',*,*,#1669,.T.);
#958=ORIENTED_EDGE('',*,*,#1679,.T.);
#959=ORIENTED_EDGE('',*,*,#1680,.T.);
#960=ORIENTED_EDGE('',*,*,#1673,.T.);
#961=ORIENTED_EDGE('',*,*,#1681,.F.);
#962=ORIENTED_EDGE('',*,*,#1670,.F.);
#963=ORIENTED_EDGE('',*,*,#1672,.F.);
#964=ORIENTED_EDGE('',*,*,#1678,.F.);
#965=ORIENTED_EDGE('',*,*,#1671,.T.);
#966=ORIENTED_EDGE('',*,*,#1681,.T.);
#967=ORIENTED_EDGE('',*,*,#1682,.F.);
#968=ORIENTED_EDGE('',*,*,#1683,.T.);
#969=ORIENTED_EDGE('',*,*,#1684,.T.);
#970=ORIENTED_EDGE('',*,*,#1685,.F.);
#971=ORIENTED_EDGE('',*,*,#1686,.F.);
#972=ORIENTED_EDGE('',*,*,#1687,.F.);
#973=ORIENTED_EDGE('',*,*,#1688,.F.);
#974=ORIENTED_EDGE('',*,*,#1689,.F.);
#975=ORIENTED_EDGE('',*,*,#1690,.T.);
#976=ORIENTED_EDGE('',*,*,#1691,.F.);
#977=ORIENTED_EDGE('',*,*,#1692,.T.);
#978=ORIENTED_EDGE('',*,*,#1693,.F.);
#979=ORIENTED_EDGE('',*,*,#1694,.T.);
#980=ORIENTED_EDGE('',*,*,#1695,.T.);
#981=ORIENTED_EDGE('',*,*,#1696,.T.);
#982=ORIENTED_EDGE('',*,*,#1697,.T.);
#983=ORIENTED_EDGE('',*,*,#1697,.F.);
#984=ORIENTED_EDGE('',*,*,#1683,.F.);
#985=ORIENTED_EDGE('',*,*,#1686,.T.);
#986=ORIENTED_EDGE('',*,*,#1698,.T.);
#987=ORIENTED_EDGE('',*,*,#1695,.F.);
#988=ORIENTED_EDGE('',*,*,#1699,.F.);
#989=ORIENTED_EDGE('',*,*,#1688,.T.);
#990=ORIENTED_EDGE('',*,*,#1665,.T.);
#991=ORIENTED_EDGE('',*,*,#1694,.F.);
#992=ORIENTED_EDGE('',*,*,#1700,.F.);
#993=ORIENTED_EDGE('',*,*,#1689,.T.);
#994=ORIENTED_EDGE('',*,*,#1699,.T.);
#995=ORIENTED_EDGE('',*,*,#1700,.T.);
#996=ORIENTED_EDGE('',*,*,#1693,.T.);
#997=ORIENTED_EDGE('',*,*,#1701,.F.);
#998=ORIENTED_EDGE('',*,*,#1690,.F.);
#999=ORIENTED_EDGE('',*,*,#1692,.F.);
#1000=ORIENTED_EDGE('',*,*,#1698,.F.);
#1001=ORIENTED_EDGE('',*,*,#1691,.T.);
#1002=ORIENTED_EDGE('',*,*,#1701,.T.);
#1003=ORIENTED_EDGE('',*,*,#1702,.F.);
#1004=ORIENTED_EDGE('',*,*,#1703,.T.);
#1005=ORIENTED_EDGE('',*,*,#1704,.T.);
#1006=ORIENTED_EDGE('',*,*,#1705,.F.);
#1007=ORIENTED_EDGE('',*,*,#1706,.F.);
#1008=ORIENTED_EDGE('',*,*,#1707,.F.);
#1009=ORIENTED_EDGE('',*,*,#1708,.F.);
#1010=ORIENTED_EDGE('',*,*,#1709,.F.);
#1011=ORIENTED_EDGE('',*,*,#1710,.T.);
#1012=ORIENTED_EDGE('',*,*,#1711,.F.);
#1013=ORIENTED_EDGE('',*,*,#1712,.T.);
#1014=ORIENTED_EDGE('',*,*,#1713,.F.);
#1015=ORIENTED_EDGE('',*,*,#1714,.T.);
#1016=ORIENTED_EDGE('',*,*,#1715,.T.);
#1017=ORIENTED_EDGE('',*,*,#1716,.T.);
#1018=ORIENTED_EDGE('',*,*,#1717,.T.);
#1019=ORIENTED_EDGE('',*,*,#1717,.F.);
#1020=ORIENTED_EDGE('',*,*,#1703,.F.);
#1021=ORIENTED_EDGE('',*,*,#1706,.T.);
#1022=ORIENTED_EDGE('',*,*,#1718,.T.);
#1023=ORIENTED_EDGE('',*,*,#1715,.F.);
#1024=ORIENTED_EDGE('',*,*,#1719,.F.);
#1025=ORIENTED_EDGE('',*,*,#1708,.T.);
#1026=ORIENTED_EDGE('',*,*,#1685,.T.);
#1027=ORIENTED_EDGE('',*,*,#1714,.F.);
#1028=ORIENTED_EDGE('',*,*,#1720,.F.);
#1029=ORIENTED_EDGE('',*,*,#1709,.T.);
#1030=ORIENTED_EDGE('',*,*,#1719,.T.);
#1031=ORIENTED_EDGE('',*,*,#1720,.T.);
#1032=ORIENTED_EDGE('',*,*,#1713,.T.);
#1033=ORIENTED_EDGE('',*,*,#1721,.F.);
#1034=ORIENTED_EDGE('',*,*,#1710,.F.);
#1035=ORIENTED_EDGE('',*,*,#1712,.F.);
#1036=ORIENTED_EDGE('',*,*,#1718,.F.);
#1037=ORIENTED_EDGE('',*,*,#1711,.T.);
#1038=ORIENTED_EDGE('',*,*,#1721,.T.);
#1039=ORIENTED_EDGE('',*,*,#1722,.F.);
#1040=ORIENTED_EDGE('',*,*,#1723,.T.);
#1041=ORIENTED_EDGE('',*,*,#1724,.T.);
#1042=ORIENTED_EDGE('',*,*,#1725,.F.);
#1043=ORIENTED_EDGE('',*,*,#1726,.F.);
#1044=ORIENTED_EDGE('',*,*,#1727,.F.);
#1045=ORIENTED_EDGE('',*,*,#1728,.F.);
#1046=ORIENTED_EDGE('',*,*,#1729,.F.);
#1047=ORIENTED_EDGE('',*,*,#1730,.T.);
#1048=ORIENTED_EDGE('',*,*,#1731,.F.);
#1049=ORIENTED_EDGE('',*,*,#1732,.T.);
#1050=ORIENTED_EDGE('',*,*,#1733,.F.);
#1051=ORIENTED_EDGE('',*,*,#1734,.T.);
#1052=ORIENTED_EDGE('',*,*,#1735,.T.);
#1053=ORIENTED_EDGE('',*,*,#1736,.T.);
#1054=ORIENTED_EDGE('',*,*,#1737,.T.);
#1055=ORIENTED_EDGE('',*,*,#1737,.F.);
#1056=ORIENTED_EDGE('',*,*,#1723,.F.);
#1057=ORIENTED_EDGE('',*,*,#1726,.T.);
#1058=ORIENTED_EDGE('',*,*,#1738,.T.);
#1059=ORIENTED_EDGE('',*,*,#1735,.F.);
#1060=ORIENTED_EDGE('',*,*,#1739,.F.);
#1061=ORIENTED_EDGE('',*,*,#1728,.T.);
#1062=ORIENTED_EDGE('',*,*,#1705,.T.);
#1063=ORIENTED_EDGE('',*,*,#1734,.F.);
#1064=ORIENTED_EDGE('',*,*,#1740,.F.);
#1065=ORIENTED_EDGE('',*,*,#1729,.T.);
#1066=ORIENTED_EDGE('',*,*,#1739,.T.);
#1067=ORIENTED_EDGE('',*,*,#1740,.T.);
#1068=ORIENTED_EDGE('',*,*,#1733,.T.);
#1069=ORIENTED_EDGE('',*,*,#1741,.F.);
#1070=ORIENTED_EDGE('',*,*,#1730,.F.);
#1071=ORIENTED_EDGE('',*,*,#1732,.F.);
#1072=ORIENTED_EDGE('',*,*,#1738,.F.);
#1073=ORIENTED_EDGE('',*,*,#1731,.T.);
#1074=ORIENTED_EDGE('',*,*,#1741,.T.);
#1075=ORIENTED_EDGE('',*,*,#1742,.F.);
#1076=ORIENTED_EDGE('',*,*,#1743,.T.);
#1077=ORIENTED_EDGE('',*,*,#1744,.T.);
#1078=ORIENTED_EDGE('',*,*,#1745,.F.);
#1079=ORIENTED_EDGE('',*,*,#1746,.F.);
#1080=ORIENTED_EDGE('',*,*,#1747,.F.);
#1081=ORIENTED_EDGE('',*,*,#1748,.F.);
#1082=ORIENTED_EDGE('',*,*,#1749,.F.);
#1083=ORIENTED_EDGE('',*,*,#1750,.T.);
#1084=ORIENTED_EDGE('',*,*,#1751,.F.);
#1085=ORIENTED_EDGE('',*,*,#1752,.T.);
#1086=ORIENTED_EDGE('',*,*,#1753,.F.);
#1087=ORIENTED_EDGE('',*,*,#1754,.T.);
#1088=ORIENTED_EDGE('',*,*,#1755,.T.);
#1089=ORIENTED_EDGE('',*,*,#1756,.T.);
#1090=ORIENTED_EDGE('',*,*,#1757,.T.);
#1091=ORIENTED_EDGE('',*,*,#1757,.F.);
#1092=ORIENTED_EDGE('',*,*,#1743,.F.);
#1093=ORIENTED_EDGE('',*,*,#1746,.T.);
#1094=ORIENTED_EDGE('',*,*,#1758,.T.);
#1095=ORIENTED_EDGE('',*,*,#1755,.F.);
#1096=ORIENTED_EDGE('',*,*,#1759,.F.);
#1097=ORIENTED_EDGE('',*,*,#1748,.T.);
#1098=ORIENTED_EDGE('',*,*,#1725,.T.);
#1099=ORIENTED_EDGE('',*,*,#1754,.F.);
#1100=ORIENTED_EDGE('',*,*,#1760,.F.);
#1101=ORIENTED_EDGE('',*,*,#1749,.T.);
#1102=ORIENTED_EDGE('',*,*,#1759,.T.);
#1103=ORIENTED_EDGE('',*,*,#1760,.T.);
#1104=ORIENTED_EDGE('',*,*,#1753,.T.);
#1105=ORIENTED_EDGE('',*,*,#1761,.F.);
#1106=ORIENTED_EDGE('',*,*,#1750,.F.);
#1107=ORIENTED_EDGE('',*,*,#1752,.F.);
#1108=ORIENTED_EDGE('',*,*,#1758,.F.);
#1109=ORIENTED_EDGE('',*,*,#1751,.T.);
#1110=ORIENTED_EDGE('',*,*,#1761,.T.);
#1111=ORIENTED_EDGE('',*,*,#1762,.F.);
#1112=ORIENTED_EDGE('',*,*,#1763,.T.);
#1113=ORIENTED_EDGE('',*,*,#1764,.T.);
#1114=ORIENTED_EDGE('',*,*,#1765,.F.);
#1115=ORIENTED_EDGE('',*,*,#1766,.F.);
#1116=ORIENTED_EDGE('',*,*,#1767,.F.);
#1117=ORIENTED_EDGE('',*,*,#1768,.F.);
#1118=ORIENTED_EDGE('',*,*,#1769,.F.);
#1119=ORIENTED_EDGE('',*,*,#1770,.T.);
#1120=ORIENTED_EDGE('',*,*,#1771,.F.);
#1121=ORIENTED_EDGE('',*,*,#1772,.T.);
#1122=ORIENTED_EDGE('',*,*,#1773,.F.);
#1123=ORIENTED_EDGE('',*,*,#1774,.T.);
#1124=ORIENTED_EDGE('',*,*,#1775,.T.);
#1125=ORIENTED_EDGE('',*,*,#1776,.T.);
#1126=ORIENTED_EDGE('',*,*,#1777,.T.);
#1127=ORIENTED_EDGE('',*,*,#1777,.F.);
#1128=ORIENTED_EDGE('',*,*,#1763,.F.);
#1129=ORIENTED_EDGE('',*,*,#1766,.T.);
#1130=ORIENTED_EDGE('',*,*,#1778,.T.);
#1131=ORIENTED_EDGE('',*,*,#1775,.F.);
#1132=ORIENTED_EDGE('',*,*,#1779,.F.);
#1133=ORIENTED_EDGE('',*,*,#1768,.T.);
#1134=ORIENTED_EDGE('',*,*,#1745,.T.);
#1135=ORIENTED_EDGE('',*,*,#1774,.F.);
#1136=ORIENTED_EDGE('',*,*,#1780,.F.);
#1137=ORIENTED_EDGE('',*,*,#1769,.T.);
#1138=ORIENTED_EDGE('',*,*,#1779,.T.);
#1139=ORIENTED_EDGE('',*,*,#1780,.T.);
#1140=ORIENTED_EDGE('',*,*,#1773,.T.);
#1141=ORIENTED_EDGE('',*,*,#1781,.F.);
#1142=ORIENTED_EDGE('',*,*,#1770,.F.);
#1143=ORIENTED_EDGE('',*,*,#1772,.F.);
#1144=ORIENTED_EDGE('',*,*,#1778,.F.);
#1145=ORIENTED_EDGE('',*,*,#1771,.T.);
#1146=ORIENTED_EDGE('',*,*,#1781,.T.);
#1147=ORIENTED_EDGE('',*,*,#1782,.F.);
#1148=ORIENTED_EDGE('',*,*,#1783,.T.);
#1149=ORIENTED_EDGE('',*,*,#1784,.T.);
#1150=ORIENTED_EDGE('',*,*,#1785,.F.);
#1151=ORIENTED_EDGE('',*,*,#1786,.F.);
#1152=ORIENTED_EDGE('',*,*,#1787,.F.);
#1153=ORIENTED_EDGE('',*,*,#1788,.F.);
#1154=ORIENTED_EDGE('',*,*,#1789,.F.);
#1155=ORIENTED_EDGE('',*,*,#1790,.T.);
#1156=ORIENTED_EDGE('',*,*,#1791,.F.);
#1157=ORIENTED_EDGE('',*,*,#1792,.T.);
#1158=ORIENTED_EDGE('',*,*,#1793,.F.);
#1159=ORIENTED_EDGE('',*,*,#1794,.T.);
#1160=ORIENTED_EDGE('',*,*,#1795,.T.);
#1161=ORIENTED_EDGE('',*,*,#1796,.T.);
#1162=ORIENTED_EDGE('',*,*,#1797,.T.);
#1163=ORIENTED_EDGE('',*,*,#1797,.F.);
#1164=ORIENTED_EDGE('',*,*,#1783,.F.);
#1165=ORIENTED_EDGE('',*,*,#1786,.T.);
#1166=ORIENTED_EDGE('',*,*,#1798,.T.);
#1167=ORIENTED_EDGE('',*,*,#1795,.F.);
#1168=ORIENTED_EDGE('',*,*,#1799,.F.);
#1169=ORIENTED_EDGE('',*,*,#1788,.T.);
#1170=ORIENTED_EDGE('',*,*,#1765,.T.);
#1171=ORIENTED_EDGE('',*,*,#1794,.F.);
#1172=ORIENTED_EDGE('',*,*,#1800,.F.);
#1173=ORIENTED_EDGE('',*,*,#1789,.T.);
#1174=ORIENTED_EDGE('',*,*,#1799,.T.);
#1175=ORIENTED_EDGE('',*,*,#1800,.T.);
#1176=ORIENTED_EDGE('',*,*,#1793,.T.);
#1177=ORIENTED_EDGE('',*,*,#1801,.F.);
#1178=ORIENTED_EDGE('',*,*,#1790,.F.);
#1179=ORIENTED_EDGE('',*,*,#1792,.F.);
#1180=ORIENTED_EDGE('',*,*,#1798,.F.);
#1181=ORIENTED_EDGE('',*,*,#1791,.T.);
#1182=ORIENTED_EDGE('',*,*,#1801,.T.);
#1183=ORIENTED_EDGE('',*,*,#1802,.F.);
#1184=ORIENTED_EDGE('',*,*,#1803,.T.);
#1185=ORIENTED_EDGE('',*,*,#1804,.T.);
#1186=ORIENTED_EDGE('',*,*,#1805,.F.);
#1187=ORIENTED_EDGE('',*,*,#1806,.F.);
#1188=ORIENTED_EDGE('',*,*,#1807,.F.);
#1189=ORIENTED_EDGE('',*,*,#1808,.F.);
#1190=ORIENTED_EDGE('',*,*,#1809,.F.);
#1191=ORIENTED_EDGE('',*,*,#1810,.T.);
#1192=ORIENTED_EDGE('',*,*,#1811,.F.);
#1193=ORIENTED_EDGE('',*,*,#1812,.T.);
#1194=ORIENTED_EDGE('',*,*,#1813,.F.);
#1195=ORIENTED_EDGE('',*,*,#1814,.T.);
#1196=ORIENTED_EDGE('',*,*,#1815,.T.);
#1197=ORIENTED_EDGE('',*,*,#1816,.T.);
#1198=ORIENTED_EDGE('',*,*,#1817,.T.);
#1199=ORIENTED_EDGE('',*,*,#1817,.F.);
#1200=ORIENTED_EDGE('',*,*,#1803,.F.);
#1201=ORIENTED_EDGE('',*,*,#1806,.T.);
#1202=ORIENTED_EDGE('',*,*,#1818,.T.);
#1203=ORIENTED_EDGE('',*,*,#1815,.F.);
#1204=ORIENTED_EDGE('',*,*,#1819,.F.);
#1205=ORIENTED_EDGE('',*,*,#1808,.T.);
#1206=ORIENTED_EDGE('',*,*,#1785,.T.);
#1207=ORIENTED_EDGE('',*,*,#1814,.F.);
#1208=ORIENTED_EDGE('',*,*,#1820,.F.);
#1209=ORIENTED_EDGE('',*,*,#1809,.T.);
#1210=ORIENTED_EDGE('',*,*,#1819,.T.);
#1211=ORIENTED_EDGE('',*,*,#1820,.T.);
#1212=ORIENTED_EDGE('',*,*,#1813,.T.);
#1213=ORIENTED_EDGE('',*,*,#1821,.F.);
#1214=ORIENTED_EDGE('',*,*,#1810,.F.);
#1215=ORIENTED_EDGE('',*,*,#1812,.F.);
#1216=ORIENTED_EDGE('',*,*,#1818,.F.);
#1217=ORIENTED_EDGE('',*,*,#1811,.T.);
#1218=ORIENTED_EDGE('',*,*,#1821,.T.);
#1219=ORIENTED_EDGE('',*,*,#1822,.F.);
#1220=ORIENTED_EDGE('',*,*,#1823,.T.);
#1221=ORIENTED_EDGE('',*,*,#1824,.T.);
#1222=ORIENTED_EDGE('',*,*,#1825,.F.);
#1223=ORIENTED_EDGE('',*,*,#1826,.F.);
#1224=ORIENTED_EDGE('',*,*,#1827,.F.);
#1225=ORIENTED_EDGE('',*,*,#1828,.F.);
#1226=ORIENTED_EDGE('',*,*,#1829,.F.);
#1227=ORIENTED_EDGE('',*,*,#1830,.T.);
#1228=ORIENTED_EDGE('',*,*,#1831,.F.);
#1229=ORIENTED_EDGE('',*,*,#1832,.T.);
#1230=ORIENTED_EDGE('',*,*,#1833,.F.);
#1231=ORIENTED_EDGE('',*,*,#1834,.T.);
#1232=ORIENTED_EDGE('',*,*,#1835,.T.);
#1233=ORIENTED_EDGE('',*,*,#1836,.T.);
#1234=ORIENTED_EDGE('',*,*,#1837,.T.);
#1235=ORIENTED_EDGE('',*,*,#1837,.F.);
#1236=ORIENTED_EDGE('',*,*,#1823,.F.);
#1237=ORIENTED_EDGE('',*,*,#1826,.T.);
#1238=ORIENTED_EDGE('',*,*,#1838,.T.);
#1239=ORIENTED_EDGE('',*,*,#1835,.F.);
#1240=ORIENTED_EDGE('',*,*,#1839,.F.);
#1241=ORIENTED_EDGE('',*,*,#1828,.T.);
#1242=ORIENTED_EDGE('',*,*,#1805,.T.);
#1243=ORIENTED_EDGE('',*,*,#1834,.F.);
#1244=ORIENTED_EDGE('',*,*,#1840,.F.);
#1245=ORIENTED_EDGE('',*,*,#1829,.T.);
#1246=ORIENTED_EDGE('',*,*,#1839,.T.);
#1247=ORIENTED_EDGE('',*,*,#1840,.T.);
#1248=ORIENTED_EDGE('',*,*,#1833,.T.);
#1249=ORIENTED_EDGE('',*,*,#1841,.F.);
#1250=ORIENTED_EDGE('',*,*,#1830,.F.);
#1251=ORIENTED_EDGE('',*,*,#1832,.F.);
#1252=ORIENTED_EDGE('',*,*,#1838,.F.);
#1253=ORIENTED_EDGE('',*,*,#1831,.T.);
#1254=ORIENTED_EDGE('',*,*,#1841,.T.);
#1255=ORIENTED_EDGE('',*,*,#1842,.F.);
#1256=ORIENTED_EDGE('',*,*,#1843,.T.);
#1257=ORIENTED_EDGE('',*,*,#1844,.T.);
#1258=ORIENTED_EDGE('',*,*,#1845,.F.);
#1259=ORIENTED_EDGE('',*,*,#1846,.F.);
#1260=ORIENTED_EDGE('',*,*,#1847,.F.);
#1261=ORIENTED_EDGE('',*,*,#1848,.F.);
#1262=ORIENTED_EDGE('',*,*,#1849,.F.);
#1263=ORIENTED_EDGE('',*,*,#1850,.T.);
#1264=ORIENTED_EDGE('',*,*,#1851,.F.);
#1265=ORIENTED_EDGE('',*,*,#1852,.T.);
#1266=ORIENTED_EDGE('',*,*,#1853,.F.);
#1267=ORIENTED_EDGE('',*,*,#1854,.T.);
#1268=ORIENTED_EDGE('',*,*,#1855,.T.);
#1269=ORIENTED_EDGE('',*,*,#1856,.T.);
#1270=ORIENTED_EDGE('',*,*,#1857,.T.);
#1271=ORIENTED_EDGE('',*,*,#1857,.F.);
#1272=ORIENTED_EDGE('',*,*,#1843,.F.);
#1273=ORIENTED_EDGE('',*,*,#1846,.T.);
#1274=ORIENTED_EDGE('',*,*,#1858,.T.);
#1275=ORIENTED_EDGE('',*,*,#1855,.F.);
#1276=ORIENTED_EDGE('',*,*,#1859,.F.);
#1277=ORIENTED_EDGE('',*,*,#1848,.T.);
#1278=ORIENTED_EDGE('',*,*,#1825,.T.);
#1279=ORIENTED_EDGE('',*,*,#1854,.F.);
#1280=ORIENTED_EDGE('',*,*,#1860,.F.);
#1281=ORIENTED_EDGE('',*,*,#1849,.T.);
#1282=ORIENTED_EDGE('',*,*,#1859,.T.);
#1283=ORIENTED_EDGE('',*,*,#1860,.T.);
#1284=ORIENTED_EDGE('',*,*,#1853,.T.);
#1285=ORIENTED_EDGE('',*,*,#1861,.F.);
#1286=ORIENTED_EDGE('',*,*,#1850,.F.);
#1287=ORIENTED_EDGE('',*,*,#1852,.F.);
#1288=ORIENTED_EDGE('',*,*,#1858,.F.);
#1289=ORIENTED_EDGE('',*,*,#1851,.T.);
#1290=ORIENTED_EDGE('',*,*,#1861,.T.);
#1291=ORIENTED_EDGE('',*,*,#1862,.F.);
#1292=ORIENTED_EDGE('',*,*,#1863,.T.);
#1293=ORIENTED_EDGE('',*,*,#1864,.T.);
#1294=ORIENTED_EDGE('',*,*,#1865,.F.);
#1295=ORIENTED_EDGE('',*,*,#1866,.F.);
#1296=ORIENTED_EDGE('',*,*,#1867,.F.);
#1297=ORIENTED_EDGE('',*,*,#1868,.F.);
#1298=ORIENTED_EDGE('',*,*,#1869,.F.);
#1299=ORIENTED_EDGE('',*,*,#1870,.T.);
#1300=ORIENTED_EDGE('',*,*,#1871,.F.);
#1301=ORIENTED_EDGE('',*,*,#1872,.T.);
#1302=ORIENTED_EDGE('',*,*,#1873,.F.);
#1303=ORIENTED_EDGE('',*,*,#1874,.T.);
#1304=ORIENTED_EDGE('',*,*,#1875,.T.);
#1305=ORIENTED_EDGE('',*,*,#1876,.T.);
#1306=ORIENTED_EDGE('',*,*,#1877,.T.);
#1307=ORIENTED_EDGE('',*,*,#1877,.F.);
#1308=ORIENTED_EDGE('',*,*,#1863,.F.);
#1309=ORIENTED_EDGE('',*,*,#1866,.T.);
#1310=ORIENTED_EDGE('',*,*,#1878,.T.);
#1311=ORIENTED_EDGE('',*,*,#1875,.F.);
#1312=ORIENTED_EDGE('',*,*,#1879,.F.);
#1313=ORIENTED_EDGE('',*,*,#1868,.T.);
#1314=ORIENTED_EDGE('',*,*,#1845,.T.);
#1315=ORIENTED_EDGE('',*,*,#1874,.F.);
#1316=ORIENTED_EDGE('',*,*,#1880,.F.);
#1317=ORIENTED_EDGE('',*,*,#1869,.T.);
#1318=ORIENTED_EDGE('',*,*,#1879,.T.);
#1319=ORIENTED_EDGE('',*,*,#1880,.T.);
#1320=ORIENTED_EDGE('',*,*,#1873,.T.);
#1321=ORIENTED_EDGE('',*,*,#1881,.F.);
#1322=ORIENTED_EDGE('',*,*,#1870,.F.);
#1323=ORIENTED_EDGE('',*,*,#1872,.F.);
#1324=ORIENTED_EDGE('',*,*,#1878,.F.);
#1325=ORIENTED_EDGE('',*,*,#1871,.T.);
#1326=ORIENTED_EDGE('',*,*,#1881,.T.);
#1327=ORIENTED_EDGE('',*,*,#1882,.F.);
#1328=ORIENTED_EDGE('',*,*,#1883,.T.);
#1329=ORIENTED_EDGE('',*,*,#1884,.T.);
#1330=ORIENTED_EDGE('',*,*,#1885,.F.);
#1331=ORIENTED_EDGE('',*,*,#1886,.F.);
#1332=ORIENTED_EDGE('',*,*,#1887,.F.);
#1333=ORIENTED_EDGE('',*,*,#1888,.F.);
#1334=ORIENTED_EDGE('',*,*,#1889,.F.);
#1335=ORIENTED_EDGE('',*,*,#1890,.T.);
#1336=ORIENTED_EDGE('',*,*,#1891,.F.);
#1337=ORIENTED_EDGE('',*,*,#1892,.T.);
#1338=ORIENTED_EDGE('',*,*,#1893,.F.);
#1339=ORIENTED_EDGE('',*,*,#1894,.T.);
#1340=ORIENTED_EDGE('',*,*,#1895,.T.);
#1341=ORIENTED_EDGE('',*,*,#1896,.T.);
#1342=ORIENTED_EDGE('',*,*,#1897,.T.);
#1343=ORIENTED_EDGE('',*,*,#1897,.F.);
#1344=ORIENTED_EDGE('',*,*,#1883,.F.);
#1345=ORIENTED_EDGE('',*,*,#1886,.T.);
#1346=ORIENTED_EDGE('',*,*,#1898,.T.);
#1347=ORIENTED_EDGE('',*,*,#1895,.F.);
#1348=ORIENTED_EDGE('',*,*,#1899,.F.);
#1349=ORIENTED_EDGE('',*,*,#1888,.T.);
#1350=ORIENTED_EDGE('',*,*,#1865,.T.);
#1351=ORIENTED_EDGE('',*,*,#1894,.F.);
#1352=ORIENTED_EDGE('',*,*,#1900,.F.);
#1353=ORIENTED_EDGE('',*,*,#1889,.T.);
#1354=ORIENTED_EDGE('',*,*,#1899,.T.);
#1355=ORIENTED_EDGE('',*,*,#1900,.T.);
#1356=ORIENTED_EDGE('',*,*,#1893,.T.);
#1357=ORIENTED_EDGE('',*,*,#1901,.F.);
#1358=ORIENTED_EDGE('',*,*,#1890,.F.);
#1359=ORIENTED_EDGE('',*,*,#1892,.F.);
#1360=ORIENTED_EDGE('',*,*,#1898,.F.);
#1361=ORIENTED_EDGE('',*,*,#1891,.T.);
#1362=ORIENTED_EDGE('',*,*,#1901,.T.);
#1363=ORIENTED_EDGE('',*,*,#1902,.F.);
#1364=ORIENTED_EDGE('',*,*,#1903,.T.);
#1365=ORIENTED_EDGE('',*,*,#1904,.T.);
#1366=ORIENTED_EDGE('',*,*,#1539,.F.);
#1367=ORIENTED_EDGE('',*,*,#1905,.T.);
#1368=ORIENTED_EDGE('',*,*,#1904,.F.);
#1369=ORIENTED_EDGE('',*,*,#1906,.F.);
#1370=ORIENTED_EDGE('',*,*,#1884,.F.);
#1371=ORIENTED_EDGE('',*,*,#1896,.F.);
#1372=ORIENTED_EDGE('',*,*,#1864,.F.);
#1373=ORIENTED_EDGE('',*,*,#1876,.F.);
#1374=ORIENTED_EDGE('',*,*,#1844,.F.);
#1375=ORIENTED_EDGE('',*,*,#1856,.F.);
#1376=ORIENTED_EDGE('',*,*,#1824,.F.);
#1377=ORIENTED_EDGE('',*,*,#1836,.F.);
#1378=ORIENTED_EDGE('',*,*,#1804,.F.);
#1379=ORIENTED_EDGE('',*,*,#1816,.F.);
#1380=ORIENTED_EDGE('',*,*,#1784,.F.);
#1381=ORIENTED_EDGE('',*,*,#1796,.F.);
#1382=ORIENTED_EDGE('',*,*,#1764,.F.);
#1383=ORIENTED_EDGE('',*,*,#1776,.F.);
#1384=ORIENTED_EDGE('',*,*,#1744,.F.);
#1385=ORIENTED_EDGE('',*,*,#1756,.F.);
#1386=ORIENTED_EDGE('',*,*,#1724,.F.);
#1387=ORIENTED_EDGE('',*,*,#1736,.F.);
#1388=ORIENTED_EDGE('',*,*,#1704,.F.);
#1389=ORIENTED_EDGE('',*,*,#1716,.F.);
#1390=ORIENTED_EDGE('',*,*,#1684,.F.);
#1391=ORIENTED_EDGE('',*,*,#1696,.F.);
#1392=ORIENTED_EDGE('',*,*,#1664,.F.);
#1393=ORIENTED_EDGE('',*,*,#1676,.F.);
#1394=ORIENTED_EDGE('',*,*,#1644,.F.);
#1395=ORIENTED_EDGE('',*,*,#1656,.F.);
#1396=ORIENTED_EDGE('',*,*,#1624,.F.);
#1397=ORIENTED_EDGE('',*,*,#1636,.F.);
#1398=ORIENTED_EDGE('',*,*,#1604,.F.);
#1399=ORIENTED_EDGE('',*,*,#1616,.F.);
#1400=ORIENTED_EDGE('',*,*,#1584,.F.);
#1401=ORIENTED_EDGE('',*,*,#1596,.F.);
#1402=ORIENTED_EDGE('',*,*,#1564,.F.);
#1403=ORIENTED_EDGE('',*,*,#1576,.F.);
#1404=ORIENTED_EDGE('',*,*,#1544,.F.);
#1405=ORIENTED_EDGE('',*,*,#1556,.F.);
#1406=ORIENTED_EDGE('',*,*,#1523,.F.);
#1407=ORIENTED_EDGE('',*,*,#1535,.F.);
#1408=ORIENTED_EDGE('',*,*,#1514,.F.);
#1409=ORIENTED_EDGE('',*,*,#1902,.T.);
#1410=ORIENTED_EDGE('',*,*,#1526,.T.);
#1411=ORIENTED_EDGE('',*,*,#1521,.T.);
#1412=ORIENTED_EDGE('',*,*,#1547,.T.);
#1413=ORIENTED_EDGE('',*,*,#1542,.T.);
#1414=ORIENTED_EDGE('',*,*,#1567,.T.);
#1415=ORIENTED_EDGE('',*,*,#1562,.T.);
#1416=ORIENTED_EDGE('',*,*,#1587,.T.);
#1417=ORIENTED_EDGE('',*,*,#1582,.T.);
#1418=ORIENTED_EDGE('',*,*,#1607,.T.);
#1419=ORIENTED_EDGE('',*,*,#1602,.T.);
#1420=ORIENTED_EDGE('',*,*,#1627,.T.);
#1421=ORIENTED_EDGE('',*,*,#1622,.T.);
#1422=ORIENTED_EDGE('',*,*,#1647,.T.);
#1423=ORIENTED_EDGE('',*,*,#1642,.T.);
#1424=ORIENTED_EDGE('',*,*,#1667,.T.);
#1425=ORIENTED_EDGE('',*,*,#1662,.T.);
#1426=ORIENTED_EDGE('',*,*,#1687,.T.);
#1427=ORIENTED_EDGE('',*,*,#1682,.T.);
#1428=ORIENTED_EDGE('',*,*,#1707,.T.);
#1429=ORIENTED_EDGE('',*,*,#1702,.T.);
#1430=ORIENTED_EDGE('',*,*,#1727,.T.);
#1431=ORIENTED_EDGE('',*,*,#1722,.T.);
#1432=ORIENTED_EDGE('',*,*,#1747,.T.);
#1433=ORIENTED_EDGE('',*,*,#1742,.T.);
#1434=ORIENTED_EDGE('',*,*,#1767,.T.);
#1435=ORIENTED_EDGE('',*,*,#1762,.T.);
#1436=ORIENTED_EDGE('',*,*,#1787,.T.);
#1437=ORIENTED_EDGE('',*,*,#1782,.T.);
#1438=ORIENTED_EDGE('',*,*,#1807,.T.);
#1439=ORIENTED_EDGE('',*,*,#1802,.T.);
#1440=ORIENTED_EDGE('',*,*,#1827,.T.);
#1441=ORIENTED_EDGE('',*,*,#1822,.T.);
#1442=ORIENTED_EDGE('',*,*,#1847,.T.);
#1443=ORIENTED_EDGE('',*,*,#1842,.T.);
#1444=ORIENTED_EDGE('',*,*,#1867,.T.);
#1445=ORIENTED_EDGE('',*,*,#1862,.T.);
#1446=ORIENTED_EDGE('',*,*,#1887,.T.);
#1447=ORIENTED_EDGE('',*,*,#1882,.T.);
#1448=ORIENTED_EDGE('',*,*,#1907,.T.);
#1449=ORIENTED_EDGE('',*,*,#1908,.T.);
#1450=ORIENTED_EDGE('',*,*,#1909,.T.);
#1451=ORIENTED_EDGE('',*,*,#1910,.F.);
#1452=ORIENTED_EDGE('',*,*,#1911,.F.);
#1453=ORIENTED_EDGE('',*,*,#1912,.F.);
#1454=ORIENTED_EDGE('',*,*,#1913,.F.);
#1455=ORIENTED_EDGE('',*,*,#1914,.T.);
#1456=ORIENTED_EDGE('',*,*,#1910,.T.);
#1457=ORIENTED_EDGE('',*,*,#1915,.F.);
#1458=ORIENTED_EDGE('',*,*,#1908,.F.);
#1459=ORIENTED_EDGE('',*,*,#1916,.T.);
#1460=ORIENTED_EDGE('',*,*,#1917,.T.);
#1461=ORIENTED_EDGE('',*,*,#1918,.F.);
#1462=ORIENTED_EDGE('',*,*,#1917,.F.);
#1463=ORIENTED_EDGE('',*,*,#1919,.T.);
#1464=ORIENTED_EDGE('',*,*,#1885,.T.);
#1465=ORIENTED_EDGE('',*,*,#1920,.F.);
#1466=ORIENTED_EDGE('',*,*,#1903,.F.);
#1467=ORIENTED_EDGE('',*,*,#1921,.T.);
#1468=ORIENTED_EDGE('',*,*,#1913,.T.);
#1469=ORIENTED_EDGE('',*,*,#1921,.F.);
#1470=ORIENTED_EDGE('',*,*,#1907,.F.);
#1471=ORIENTED_EDGE('',*,*,#1919,.F.);
#1472=ORIENTED_EDGE('',*,*,#1916,.F.);
#1473=ORIENTED_EDGE('',*,*,#1911,.T.);
#1474=ORIENTED_EDGE('',*,*,#1914,.F.);
#1475=ORIENTED_EDGE('',*,*,#1912,.T.);
#1476=ORIENTED_EDGE('',*,*,#1909,.F.);
#1477=ORIENTED_EDGE('',*,*,#1915,.T.);
#1478=ORIENTED_EDGE('',*,*,#1918,.T.);
#1479=ORIENTED_EDGE('',*,*,#1906,.T.);
#1480=ORIENTED_EDGE('',*,*,#1920,.T.);
#1481=ORIENTED_EDGE('',*,*,#1515,.F.);
#1482=ORIENTED_EDGE('',*,*,#1922,.F.);
#1483=ORIENTED_EDGE('',*,*,#1923,.T.);
#1484=ORIENTED_EDGE('',*,*,#1924,.T.);
#1485=ORIENTED_EDGE('',*,*,#1520,.F.);
#1486=ORIENTED_EDGE('',*,*,#1925,.F.);
#1487=ORIENTED_EDGE('',*,*,#1926,.T.);
#1488=ORIENTED_EDGE('',*,*,#1922,.T.);
#1489=ORIENTED_EDGE('',*,*,#1519,.F.);
#1490=ORIENTED_EDGE('',*,*,#1927,.F.);
#1491=ORIENTED_EDGE('',*,*,#1928,.T.);
#1492=ORIENTED_EDGE('',*,*,#1925,.T.);
#1493=ORIENTED_EDGE('',*,*,#1518,.F.);
#1494=ORIENTED_EDGE('',*,*,#1929,.F.);
#1495=ORIENTED_EDGE('',*,*,#1930,.T.);
#1496=ORIENTED_EDGE('',*,*,#1927,.T.);
#1497=ORIENTED_EDGE('',*,*,#1517,.F.);
#1498=ORIENTED_EDGE('',*,*,#1931,.F.);
#1499=ORIENTED_EDGE('',*,*,#1932,.T.);
#1500=ORIENTED_EDGE('',*,*,#1929,.T.);
#1501=ORIENTED_EDGE('',*,*,#1516,.F.);
#1502=ORIENTED_EDGE('',*,*,#1924,.F.);
#1503=ORIENTED_EDGE('',*,*,#1933,.T.);
#1504=ORIENTED_EDGE('',*,*,#1931,.T.);
#1505=ORIENTED_EDGE('',*,*,#1934,.T.);
#1506=ORIENTED_EDGE('',*,*,#1923,.F.);
#1507=ORIENTED_EDGE('',*,*,#1926,.F.);
#1508=ORIENTED_EDGE('',*,*,#1928,.F.);
#1509=ORIENTED_EDGE('',*,*,#1930,.F.);
#1510=ORIENTED_EDGE('',*,*,#1932,.F.);
#1511=ORIENTED_EDGE('',*,*,#1933,.F.);
#1512=ORIENTED_EDGE('',*,*,#1934,.F.);
#1513=ORIENTED_EDGE('',*,*,#1905,.F.);
#1514=EDGE_CURVE('',#1935,#1935,#2190,.T.);
#1515=EDGE_CURVE('',#1936,#1937,#356,.T.);
#1516=EDGE_CURVE('',#1937,#1938,#357,.T.);
#1517=EDGE_CURVE('',#1938,#1939,#358,.T.);
#1518=EDGE_CURVE('',#1939,#1940,#359,.T.);
#1519=EDGE_CURVE('',#1940,#1941,#360,.T.);
#1520=EDGE_CURVE('',#1941,#1936,#361,.T.);
#1521=EDGE_CURVE('',#1942,#1943,#2191,.T.);
#1522=EDGE_CURVE('',#1942,#1944,#362,.T.);
#1523=EDGE_CURVE('',#1944,#1945,#2192,.T.);
#1524=EDGE_CURVE('',#1943,#1945,#363,.T.);
#1525=EDGE_CURVE('',#1942,#1946,#364,.T.);
#1526=EDGE_CURVE('',#1947,#1942,#76,.T.);
#1527=EDGE_CURVE('',#1948,#1947,#365,.T.);
#1528=EDGE_CURVE('',#1949,#1948,#77,.T.);
#1529=EDGE_CURVE('',#1949,#1950,#78,.T.);
#1530=EDGE_CURVE('',#1946,#1950,#79,.T.);
#1531=EDGE_CURVE('',#1951,#1952,#80,.T.);
#1532=EDGE_CURVE('',#1953,#1952,#81,.T.);
#1533=EDGE_CURVE('',#1953,#1954,#82,.T.);
#1534=EDGE_CURVE('',#1954,#1955,#83,.T.);
#1535=EDGE_CURVE('',#1955,#1944,#84,.F.);
#1536=EDGE_CURVE('',#1944,#1951,#85,.T.);
#1537=EDGE_CURVE('',#1946,#1951,#366,.T.);
#1538=EDGE_CURVE('',#1948,#1954,#367,.T.);
#1539=EDGE_CURVE('',#1947,#1955,#368,.T.);
#1540=EDGE_CURVE('',#1949,#1953,#369,.T.);
#1541=EDGE_CURVE('',#1950,#1952,#86,.T.);
#1542=EDGE_CURVE('',#1956,#1957,#2193,.T.);
#1543=EDGE_CURVE('',#1956,#1958,#370,.T.);
#1544=EDGE_CURVE('',#1958,#1959,#2194,.T.);
#1545=EDGE_CURVE('',#1957,#1959,#371,.T.);
#1546=EDGE_CURVE('',#1956,#1960,#372,.T.);
#1547=EDGE_CURVE('',#1943,#1956,#87,.T.);
#1548=EDGE_CURVE('',#1961,#1943,#373,.T.);
#1549=EDGE_CURVE('',#1962,#1961,#88,.T.);
#1550=EDGE_CURVE('',#1962,#1963,#89,.T.);
#1551=EDGE_CURVE('',#1960,#1963,#90,.T.);
#1552=EDGE_CURVE('',#1964,#1965,#91,.T.);
#1553=EDGE_CURVE('',#1966,#1965,#92,.T.);
#1554=EDGE_CURVE('',#1966,#1967,#93,.T.);
#1555=EDGE_CURVE('',#1967,#1945,#94,.T.);
#1556=EDGE_CURVE('',#1945,#1958,#95,.F.);
#1557=EDGE_CURVE('',#1958,#1964,#96,.T.);
#1558=EDGE_CURVE('',#1960,#1964,#374,.T.);
#1559=EDGE_CURVE('',#1961,#1967,#375,.T.);
#1560=EDGE_CURVE('',#1962,#1966,#376,.T.);
#1561=EDGE_CURVE('',#1963,#1965,#97,.T.);
#1562=EDGE_CURVE('',#1968,#1969,#2195,.T.);
#1563=EDGE_CURVE('',#1968,#1970,#377,.T.);
#1564=EDGE_CURVE('',#1970,#1971,#2196,.T.);
#1565=EDGE_CURVE('',#1969,#1971,#378,.T.);
#1566=EDGE_CURVE('',#1968,#1972,#379,.T.);
#1567=EDGE_CURVE('',#1957,#1968,#98,.T.);
#1568=EDGE_CURVE('',#1973,#1957,#380,.T.);
#1569=EDGE_CURVE('',#1974,#1973,#99,.T.);
#1570=EDGE_CURVE('',#1974,#1975,#100,.T.);
#1571=EDGE_CURVE('',#1972,#1975,#101,.T.);
#1572=EDGE_CURVE('',#1976,#1977,#102,.T.);
#1573=EDGE_CURVE('',#1978,#1977,#103,.T.);
#1574=EDGE_CURVE('',#1978,#1979,#104,.T.);
#1575=EDGE_CURVE('',#1979,#1959,#105,.T.);
#1576=EDGE_CURVE('',#1959,#1970,#106,.F.);
#1577=EDGE_CURVE('',#1970,#1976,#107,.T.);
#1578=EDGE_CURVE('',#1972,#1976,#381,.T.);
#1579=EDGE_CURVE('',#1973,#1979,#382,.T.);
#1580=EDGE_CURVE('',#1974,#1978,#383,.T.);
#1581=EDGE_CURVE('',#1975,#1977,#108,.T.);
#1582=EDGE_CURVE('',#1980,#1981,#2197,.T.);
#1583=EDGE_CURVE('',#1980,#1982,#384,.T.);
#1584=EDGE_CURVE('',#1982,#1983,#2198,.T.);
#1585=EDGE_CURVE('',#1981,#1983,#385,.T.);
#1586=EDGE_CURVE('',#1980,#1984,#386,.T.);
#1587=EDGE_CURVE('',#1969,#1980,#109,.T.);
#1588=EDGE_CURVE('',#1985,#1969,#387,.T.);
#1589=EDGE_CURVE('',#1986,#1985,#110,.T.);
#1590=EDGE_CURVE('',#1986,#1987,#111,.T.);
#1591=EDGE_CURVE('',#1984,#1987,#112,.T.);
#1592=EDGE_CURVE('',#1988,#1989,#113,.T.);
#1593=EDGE_CURVE('',#1990,#1989,#114,.T.);
#1594=EDGE_CURVE('',#1990,#1991,#115,.T.);
#1595=EDGE_CURVE('',#1991,#1971,#116,.T.);
#1596=EDGE_CURVE('',#1971,#1982,#117,.F.);
#1597=EDGE_CURVE('',#1982,#1988,#118,.T.);
#1598=EDGE_CURVE('',#1984,#1988,#388,.T.);
#1599=EDGE_CURVE('',#1985,#1991,#389,.T.);
#1600=EDGE_CURVE('',#1986,#1990,#390,.T.);
#1601=EDGE_CURVE('',#1987,#1989,#119,.T.);
#1602=EDGE_CURVE('',#1992,#1993,#2199,.T.);
#1603=EDGE_CURVE('',#1992,#1994,#391,.T.);
#1604=EDGE_CURVE('',#1994,#1995,#2200,.T.);
#1605=EDGE_CURVE('',#1993,#1995,#392,.T.);
#1606=EDGE_CURVE('',#1992,#1996,#393,.T.);
#1607=EDGE_CURVE('',#1981,#1992,#120,.T.);
#1608=EDGE_CURVE('',#1997,#1981,#394,.T.);
#1609=EDGE_CURVE('',#1998,#1997,#121,.T.);
#1610=EDGE_CURVE('',#1998,#1999,#122,.T.);
#1611=EDGE_CURVE('',#1996,#1999,#123,.T.);
#1612=EDGE_CURVE('',#2000,#2001,#124,.T.);
#1613=EDGE_CURVE('',#2002,#2001,#125,.T.);
#1614=EDGE_CURVE('',#2002,#2003,#126,.T.);
#1615=EDGE_CURVE('',#2003,#1983,#127,.T.);
#1616=EDGE_CURVE('',#1983,#1994,#128,.F.);
#1617=EDGE_CURVE('',#1994,#2000,#129,.T.);
#1618=EDGE_CURVE('',#1996,#2000,#395,.T.);
#1619=EDGE_CURVE('',#1997,#2003,#396,.T.);
#1620=EDGE_CURVE('',#1998,#2002,#397,.T.);
#1621=EDGE_CURVE('',#1999,#2001,#130,.T.);
#1622=EDGE_CURVE('',#2004,#2005,#2201,.T.);
#1623=EDGE_CURVE('',#2004,#2006,#398,.T.);
#1624=EDGE_CURVE('',#2006,#2007,#2202,.T.);
#1625=EDGE_CURVE('',#2005,#2007,#399,.T.);
#1626=EDGE_CURVE('',#2004,#2008,#400,.T.);
#1627=EDGE_CURVE('',#1993,#2004,#131,.T.);
#1628=EDGE_CURVE('',#2009,#1993,#401,.T.);
#1629=EDGE_CURVE('',#2010,#2009,#132,.T.);
#1630=EDGE_CURVE('',#2010,#2011,#133,.T.);
#1631=EDGE_CURVE('',#2008,#2011,#134,.T.);
#1632=EDGE_CURVE('',#2012,#2013,#135,.T.);
#1633=EDGE_CURVE('',#2014,#2013,#136,.T.);
#1634=EDGE_CURVE('',#2014,#2015,#137,.T.);
#1635=EDGE_CURVE('',#2015,#1995,#138,.T.);
#1636=EDGE_CURVE('',#1995,#2006,#139,.F.);
#1637=EDGE_CURVE('',#2006,#2012,#140,.T.);
#1638=EDGE_CURVE('',#2008,#2012,#402,.T.);
#1639=EDGE_CURVE('',#2009,#2015,#403,.T.);
#1640=EDGE_CURVE('',#2010,#2014,#404,.T.);
#1641=EDGE_CURVE('',#2011,#2013,#141,.T.);
#1642=EDGE_CURVE('',#2016,#2017,#2203,.T.);
#1643=EDGE_CURVE('',#2016,#2018,#405,.T.);
#1644=EDGE_CURVE('',#2018,#2019,#2204,.T.);
#1645=EDGE_CURVE('',#2017,#2019,#406,.T.);
#1646=EDGE_CURVE('',#2016,#2020,#407,.T.);
#1647=EDGE_CURVE('',#2005,#2016,#142,.T.);
#1648=EDGE_CURVE('',#2021,#2005,#408,.T.);
#1649=EDGE_CURVE('',#2022,#2021,#143,.T.);
#1650=EDGE_CURVE('',#2022,#2023,#144,.T.);
#1651=EDGE_CURVE('',#2020,#2023,#145,.T.);
#1652=EDGE_CURVE('',#2024,#2025,#146,.T.);
#1653=EDGE_CURVE('',#2026,#2025,#147,.T.);
#1654=EDGE_CURVE('',#2026,#2027,#148,.T.);
#1655=EDGE_CURVE('',#2027,#2007,#149,.T.);
#1656=EDGE_CURVE('',#2007,#2018,#150,.F.);
#1657=EDGE_CURVE('',#2018,#2024,#151,.T.);
#1658=EDGE_CURVE('',#2020,#2024,#409,.T.);
#1659=EDGE_CURVE('',#2021,#2027,#410,.T.);
#1660=EDGE_CURVE('',#2022,#2026,#411,.T.);
#1661=EDGE_CURVE('',#2023,#2025,#152,.T.);
#1662=EDGE_CURVE('',#2028,#2029,#2205,.T.);
#1663=EDGE_CURVE('',#2028,#2030,#412,.T.);
#1664=EDGE_CURVE('',#2030,#2031,#2206,.T.);
#1665=EDGE_CURVE('',#2029,#2031,#413,.T.);
#1666=EDGE_CURVE('',#2028,#2032,#414,.T.);
#1667=EDGE_CURVE('',#2017,#2028,#153,.T.);
#1668=EDGE_CURVE('',#2033,#2017,#415,.T.);
#1669=EDGE_CURVE('',#2034,#2033,#154,.T.);
#1670=EDGE_CURVE('',#2034,#2035,#155,.T.);
#1671=EDGE_CURVE('',#2032,#2035,#156,.T.);
#1672=EDGE_CURVE('',#2036,#2037,#157,.T.);
#1673=EDGE_CURVE('',#2038,#2037,#158,.T.);
#1674=EDGE_CURVE('',#2038,#2039,#159,.T.);
#1675=EDGE_CURVE('',#2039,#2019,#160,.T.);
#1676=EDGE_CURVE('',#2019,#2030,#161,.F.);
#1677=EDGE_CURVE('',#2030,#2036,#162,.T.);
#1678=EDGE_CURVE('',#2032,#2036,#416,.T.);
#1679=EDGE_CURVE('',#2033,#2039,#417,.T.);
#1680=EDGE_CURVE('',#2034,#2038,#418,.T.);
#1681=EDGE_CURVE('',#2035,#2037,#163,.T.);
#1682=EDGE_CURVE('',#2040,#2041,#2207,.T.);
#1683=EDGE_CURVE('',#2040,#2042,#419,.T.);
#1684=EDGE_CURVE('',#2042,#2043,#2208,.T.);
#1685=EDGE_CURVE('',#2041,#2043,#420,.T.);
#1686=EDGE_CURVE('',#2040,#2044,#421,.T.);
#1687=EDGE_CURVE('',#2029,#2040,#164,.T.);
#1688=EDGE_CURVE('',#2045,#2029,#422,.T.);
#1689=EDGE_CURVE('',#2046,#2045,#165,.T.);
#1690=EDGE_CURVE('',#2046,#2047,#166,.T.);
#1691=EDGE_CURVE('',#2044,#2047,#167,.T.);
#1692=EDGE_CURVE('',#2048,#2049,#168,.T.);
#1693=EDGE_CURVE('',#2050,#2049,#169,.T.);
#1694=EDGE_CURVE('',#2050,#2051,#170,.T.);
#1695=EDGE_CURVE('',#2051,#2031,#171,.T.);
#1696=EDGE_CURVE('',#2031,#2042,#172,.F.);
#1697=EDGE_CURVE('',#2042,#2048,#173,.T.);
#1698=EDGE_CURVE('',#2044,#2048,#423,.T.);
#1699=EDGE_CURVE('',#2045,#2051,#424,.T.);
#1700=EDGE_CURVE('',#2046,#2050,#425,.T.);
#1701=EDGE_CURVE('',#2047,#2049,#174,.T.);
#1702=EDGE_CURVE('',#2052,#2053,#2209,.T.);
#1703=EDGE_CURVE('',#2052,#2054,#426,.T.);
#1704=EDGE_CURVE('',#2054,#2055,#2210,.T.);
#1705=EDGE_CURVE('',#2053,#2055,#427,.T.);
#1706=EDGE_CURVE('',#2052,#2056,#428,.T.);
#1707=EDGE_CURVE('',#2041,#2052,#175,.T.);
#1708=EDGE_CURVE('',#2057,#2041,#429,.T.);
#1709=EDGE_CURVE('',#2058,#2057,#176,.T.);
#1710=EDGE_CURVE('',#2058,#2059,#177,.T.);
#1711=EDGE_CURVE('',#2056,#2059,#178,.T.);
#1712=EDGE_CURVE('',#2060,#2061,#179,.T.);
#1713=EDGE_CURVE('',#2062,#2061,#180,.T.);
#1714=EDGE_CURVE('',#2062,#2063,#181,.T.);
#1715=EDGE_CURVE('',#2063,#2043,#182,.T.);
#1716=EDGE_CURVE('',#2043,#2054,#183,.F.);
#1717=EDGE_CURVE('',#2054,#2060,#184,.T.);
#1718=EDGE_CURVE('',#2056,#2060,#430,.T.);
#1719=EDGE_CURVE('',#2057,#2063,#431,.T.);
#1720=EDGE_CURVE('',#2058,#2062,#432,.T.);
#1721=EDGE_CURVE('',#2059,#2061,#185,.T.);
#1722=EDGE_CURVE('',#2064,#2065,#2211,.T.);
#1723=EDGE_CURVE('',#2064,#2066,#433,.T.);
#1724=EDGE_CURVE('',#2066,#2067,#2212,.T.);
#1725=EDGE_CURVE('',#2065,#2067,#434,.T.);
#1726=EDGE_CURVE('',#2064,#2068,#435,.T.);
#1727=EDGE_CURVE('',#2053,#2064,#186,.T.);
#1728=EDGE_CURVE('',#2069,#2053,#436,.T.);
#1729=EDGE_CURVE('',#2070,#2069,#187,.T.);
#1730=EDGE_CURVE('',#2070,#2071,#188,.T.);
#1731=EDGE_CURVE('',#2068,#2071,#189,.T.);
#1732=EDGE_CURVE('',#2072,#2073,#190,.T.);
#1733=EDGE_CURVE('',#2074,#2073,#191,.T.);
#1734=EDGE_CURVE('',#2074,#2075,#192,.T.);
#1735=EDGE_CURVE('',#2075,#2055,#193,.T.);
#1736=EDGE_CURVE('',#2055,#2066,#194,.F.);
#1737=EDGE_CURVE('',#2066,#2072,#195,.T.);
#1738=EDGE_CURVE('',#2068,#2072,#437,.T.);
#1739=EDGE_CURVE('',#2069,#2075,#438,.T.);
#1740=EDGE_CURVE('',#2070,#2074,#439,.T.);
#1741=EDGE_CURVE('',#2071,#2073,#196,.T.);
#1742=EDGE_CURVE('',#2076,#2077,#2213,.T.);
#1743=EDGE_CURVE('',#2076,#2078,#440,.T.);
#1744=EDGE_CURVE('',#2078,#2079,#2214,.T.);
#1745=EDGE_CURVE('',#2077,#2079,#441,.T.);
#1746=EDGE_CURVE('',#2076,#2080,#442,.T.);
#1747=EDGE_CURVE('',#2065,#2076,#197,.T.);
#1748=EDGE_CURVE('',#2081,#2065,#443,.T.);
#1749=EDGE_CURVE('',#2082,#2081,#198,.T.);
#1750=EDGE_CURVE('',#2082,#2083,#199,.T.);
#1751=EDGE_CURVE('',#2080,#2083,#200,.T.);
#1752=EDGE_CURVE('',#2084,#2085,#201,.T.);
#1753=EDGE_CURVE('',#2086,#2085,#202,.T.);
#1754=EDGE_CURVE('',#2086,#2087,#203,.T.);
#1755=EDGE_CURVE('',#2087,#2067,#204,.T.);
#1756=EDGE_CURVE('',#2067,#2078,#205,.F.);
#1757=EDGE_CURVE('',#2078,#2084,#206,.T.);
#1758=EDGE_CURVE('',#2080,#2084,#444,.T.);
#1759=EDGE_CURVE('',#2081,#2087,#445,.T.);
#1760=EDGE_CURVE('',#2082,#2086,#446,.T.);
#1761=EDGE_CURVE('',#2083,#2085,#207,.T.);
#1762=EDGE_CURVE('',#2088,#2089,#2215,.T.);
#1763=EDGE_CURVE('',#2088,#2090,#447,.T.);
#1764=EDGE_CURVE('',#2090,#2091,#2216,.T.);
#1765=EDGE_CURVE('',#2089,#2091,#448,.T.);
#1766=EDGE_CURVE('',#2088,#2092,#449,.T.);
#1767=EDGE_CURVE('',#2077,#2088,#208,.T.);
#1768=EDGE_CURVE('',#2093,#2077,#450,.T.);
#1769=EDGE_CURVE('',#2094,#2093,#209,.T.);
#1770=EDGE_CURVE('',#2094,#2095,#210,.T.);
#1771=EDGE_CURVE('',#2092,#2095,#211,.T.);
#1772=EDGE_CURVE('',#2096,#2097,#212,.T.);
#1773=EDGE_CURVE('',#2098,#2097,#213,.T.);
#1774=EDGE_CURVE('',#2098,#2099,#214,.T.);
#1775=EDGE_CURVE('',#2099,#2079,#215,.T.);
#1776=EDGE_CURVE('',#2079,#2090,#216,.F.);
#1777=EDGE_CURVE('',#2090,#2096,#217,.T.);
#1778=EDGE_CURVE('',#2092,#2096,#451,.T.);
#1779=EDGE_CURVE('',#2093,#2099,#452,.T.);
#1780=EDGE_CURVE('',#2094,#2098,#453,.T.);
#1781=EDGE_CURVE('',#2095,#2097,#218,.T.);
#1782=EDGE_CURVE('',#2100,#2101,#2217,.T.);
#1783=EDGE_CURVE('',#2100,#2102,#454,.T.);
#1784=EDGE_CURVE('',#2102,#2103,#2218,.T.);
#1785=EDGE_CURVE('',#2101,#2103,#455,.T.);
#1786=EDGE_CURVE('',#2100,#2104,#456,.T.);
#1787=EDGE_CURVE('',#2089,#2100,#219,.T.);
#1788=EDGE_CURVE('',#2105,#2089,#457,.T.);
#1789=EDGE_CURVE('',#2106,#2105,#220,.T.);
#1790=EDGE_CURVE('',#2106,#2107,#221,.T.);
#1791=EDGE_CURVE('',#2104,#2107,#222,.T.);
#1792=EDGE_CURVE('',#2108,#2109,#223,.T.);
#1793=EDGE_CURVE('',#2110,#2109,#224,.T.);
#1794=EDGE_CURVE('',#2110,#2111,#225,.T.);
#1795=EDGE_CURVE('',#2111,#2091,#226,.T.);
#1796=EDGE_CURVE('',#2091,#2102,#227,.F.);
#1797=EDGE_CURVE('',#2102,#2108,#228,.T.);
#1798=EDGE_CURVE('',#2104,#2108,#458,.T.);
#1799=EDGE_CURVE('',#2105,#2111,#459,.T.);
#1800=EDGE_CURVE('',#2106,#2110,#460,.T.);
#1801=EDGE_CURVE('',#2107,#2109,#229,.T.);
#1802=EDGE_CURVE('',#2112,#2113,#2219,.T.);
#1803=EDGE_CURVE('',#2112,#2114,#461,.T.);
#1804=EDGE_CURVE('',#2114,#2115,#2220,.T.);
#1805=EDGE_CURVE('',#2113,#2115,#462,.T.);
#1806=EDGE_CURVE('',#2112,#2116,#463,.T.);
#1807=EDGE_CURVE('',#2101,#2112,#230,.T.);
#1808=EDGE_CURVE('',#2117,#2101,#464,.T.);
#1809=EDGE_CURVE('',#2118,#2117,#231,.T.);
#1810=EDGE_CURVE('',#2118,#2119,#232,.T.);
#1811=EDGE_CURVE('',#2116,#2119,#233,.T.);
#1812=EDGE_CURVE('',#2120,#2121,#234,.T.);
#1813=EDGE_CURVE('',#2122,#2121,#235,.T.);
#1814=EDGE_CURVE('',#2122,#2123,#236,.T.);
#1815=EDGE_CURVE('',#2123,#2103,#237,.T.);
#1816=EDGE_CURVE('',#2103,#2114,#238,.F.);
#1817=EDGE_CURVE('',#2114,#2120,#239,.T.);
#1818=EDGE_CURVE('',#2116,#2120,#465,.T.);
#1819=EDGE_CURVE('',#2117,#2123,#466,.T.);
#1820=EDGE_CURVE('',#2118,#2122,#467,.T.);
#1821=EDGE_CURVE('',#2119,#2121,#240,.T.);
#1822=EDGE_CURVE('',#2124,#2125,#2221,.T.);
#1823=EDGE_CURVE('',#2124,#2126,#468,.T.);
#1824=EDGE_CURVE('',#2126,#2127,#2222,.T.);
#1825=EDGE_CURVE('',#2125,#2127,#469,.T.);
#1826=EDGE_CURVE('',#2124,#2128,#470,.T.);
#1827=EDGE_CURVE('',#2113,#2124,#241,.T.);
#1828=EDGE_CURVE('',#2129,#2113,#471,.T.);
#1829=EDGE_CURVE('',#2130,#2129,#242,.T.);
#1830=EDGE_CURVE('',#2130,#2131,#243,.T.);
#1831=EDGE_CURVE('',#2128,#2131,#244,.T.);
#1832=EDGE_CURVE('',#2132,#2133,#245,.T.);
#1833=EDGE_CURVE('',#2134,#2133,#246,.T.);
#1834=EDGE_CURVE('',#2134,#2135,#247,.T.);
#1835=EDGE_CURVE('',#2135,#2115,#248,.T.);
#1836=EDGE_CURVE('',#2115,#2126,#249,.F.);
#1837=EDGE_CURVE('',#2126,#2132,#250,.T.);
#1838=EDGE_CURVE('',#2128,#2132,#472,.T.);
#1839=EDGE_CURVE('',#2129,#2135,#473,.T.);
#1840=EDGE_CURVE('',#2130,#2134,#474,.T.);
#1841=EDGE_CURVE('',#2131,#2133,#251,.T.);
#1842=EDGE_CURVE('',#2136,#2137,#2223,.T.);
#1843=EDGE_CURVE('',#2136,#2138,#475,.T.);
#1844=EDGE_CURVE('',#2138,#2139,#2224,.T.);
#1845=EDGE_CURVE('',#2137,#2139,#476,.T.);
#1846=EDGE_CURVE('',#2136,#2140,#477,.T.);
#1847=EDGE_CURVE('',#2125,#2136,#252,.T.);
#1848=EDGE_CURVE('',#2141,#2125,#478,.T.);
#1849=EDGE_CURVE('',#2142,#2141,#253,.T.);
#1850=EDGE_CURVE('',#2142,#2143,#254,.T.);
#1851=EDGE_CURVE('',#2140,#2143,#255,.T.);
#1852=EDGE_CURVE('',#2144,#2145,#256,.T.);
#1853=EDGE_CURVE('',#2146,#2145,#257,.T.);
#1854=EDGE_CURVE('',#2146,#2147,#258,.T.);
#1855=EDGE_CURVE('',#2147,#2127,#259,.T.);
#1856=EDGE_CURVE('',#2127,#2138,#260,.F.);
#1857=EDGE_CURVE('',#2138,#2144,#261,.T.);
#1858=EDGE_CURVE('',#2140,#2144,#479,.T.);
#1859=EDGE_CURVE('',#2141,#2147,#480,.T.);
#1860=EDGE_CURVE('',#2142,#2146,#481,.T.);
#1861=EDGE_CURVE('',#2143,#2145,#262,.T.);
#1862=EDGE_CURVE('',#2148,#2149,#2225,.T.);
#1863=EDGE_CURVE('',#2148,#2150,#482,.T.);
#1864=EDGE_CURVE('',#2150,#2151,#2226,.T.);
#1865=EDGE_CURVE('',#2149,#2151,#483,.T.);
#1866=EDGE_CURVE('',#2148,#2152,#484,.T.);
#1867=EDGE_CURVE('',#2137,#2148,#263,.T.);
#1868=EDGE_CURVE('',#2153,#2137,#485,.T.);
#1869=EDGE_CURVE('',#2154,#2153,#264,.T.);
#1870=EDGE_CURVE('',#2154,#2155,#265,.T.);
#1871=EDGE_CURVE('',#2152,#2155,#266,.T.);
#1872=EDGE_CURVE('',#2156,#2157,#267,.T.);
#1873=EDGE_CURVE('',#2158,#2157,#268,.T.);
#1874=EDGE_CURVE('',#2158,#2159,#269,.T.);
#1875=EDGE_CURVE('',#2159,#2139,#270,.T.);
#1876=EDGE_CURVE('',#2139,#2150,#271,.F.);
#1877=EDGE_CURVE('',#2150,#2156,#272,.T.);
#1878=EDGE_CURVE('',#2152,#2156,#486,.T.);
#1879=EDGE_CURVE('',#2153,#2159,#487,.T.);
#1880=EDGE_CURVE('',#2154,#2158,#488,.T.);
#1881=EDGE_CURVE('',#2155,#2157,#273,.T.);
#1882=EDGE_CURVE('',#2160,#2161,#2227,.T.);
#1883=EDGE_CURVE('',#2160,#2162,#489,.T.);
#1884=EDGE_CURVE('',#2162,#2163,#2228,.T.);
#1885=EDGE_CURVE('',#2161,#2163,#490,.T.);
#1886=EDGE_CURVE('',#2160,#2164,#491,.T.);
#1887=EDGE_CURVE('',#2149,#2160,#274,.T.);
#1888=EDGE_CURVE('',#2165,#2149,#492,.T.);
#1889=EDGE_CURVE('',#2166,#2165,#275,.T.);
#1890=EDGE_CURVE('',#2166,#2167,#276,.T.);
#1891=EDGE_CURVE('',#2164,#2167,#277,.T.);
#1892=EDGE_CURVE('',#2168,#2169,#278,.T.);
#1893=EDGE_CURVE('',#2170,#2169,#279,.T.);
#1894=EDGE_CURVE('',#2170,#2171,#280,.T.);
#1895=EDGE_CURVE('',#2171,#2151,#281,.T.);
#1896=EDGE_CURVE('',#2151,#2162,#282,.F.);
#1897=EDGE_CURVE('',#2162,#2168,#283,.T.);
#1898=EDGE_CURVE('',#2164,#2168,#493,.T.);
#1899=EDGE_CURVE('',#2165,#2171,#494,.T.);
#1900=EDGE_CURVE('',#2166,#2170,#495,.T.);
#1901=EDGE_CURVE('',#2167,#2169,#284,.T.);
#1902=EDGE_CURVE('',#2172,#1947,#2229,.T.);
#1903=EDGE_CURVE('',#2172,#2173,#496,.T.);
#1904=EDGE_CURVE('',#2173,#1955,#2230,.T.);
#1905=EDGE_CURVE('',#2174,#2174,#12,.T.);
#1906=EDGE_CURVE('',#2163,#2173,#285,.F.);
#1907=EDGE_CURVE('',#2161,#2172,#286,.T.);
#1908=EDGE_CURVE('',#2175,#2176,#497,.T.);
#1909=EDGE_CURVE('',#2176,#2177,#287,.T.);
#1910=EDGE_CURVE('',#2178,#2177,#288,.T.);
#1911=EDGE_CURVE('',#2175,#2178,#289,.T.);
#1912=EDGE_CURVE('',#2179,#2177,#290,.T.);
#1913=EDGE_CURVE('',#2180,#2179,#498,.T.);
#1914=EDGE_CURVE('',#2180,#2178,#291,.T.);
#1915=EDGE_CURVE('',#2176,#2181,#292,.T.);
#1916=EDGE_CURVE('',#2175,#2182,#293,.T.);
#1917=EDGE_CURVE('',#2182,#2181,#499,.T.);
#1918=EDGE_CURVE('',#2181,#2163,#294,.T.);
#1919=EDGE_CURVE('',#2182,#2161,#500,.T.);
#1920=EDGE_CURVE('',#2173,#2179,#295,.T.);
#1921=EDGE_CURVE('',#2172,#2180,#501,.T.);
#1922=EDGE_CURVE('',#2183,#1936,#502,.T.);
#1923=EDGE_CURVE('',#2183,#2184,#503,.T.);
#1924=EDGE_CURVE('',#2184,#1937,#504,.T.);
#1925=EDGE_CURVE('',#2185,#1941,#505,.T.);
#1926=EDGE_CURVE('',#2185,#2183,#506,.T.);
#1927=EDGE_CURVE('',#2186,#1940,#507,.T.);
#1928=EDGE_CURVE('',#2186,#2185,#508,.T.);
#1929=EDGE_CURVE('',#2187,#1939,#509,.T.);
#1930=EDGE_CURVE('',#2187,#2186,#510,.T.);
#1931=EDGE_CURVE('',#2188,#1938,#511,.T.);
#1932=EDGE_CURVE('',#2188,#2187,#512,.T.);
#1933=EDGE_CURVE('',#2184,#2188,#513,.T.);
#1934=EDGE_CURVE('',#2189,#2189,#13,.F.);
#1935=VERTEX_POINT('',#3501);
#1936=VERTEX_POINT('',#3503);
#1937=VERTEX_POINT('',#3504);
#1938=VERTEX_POINT('',#3506);
#1939=VERTEX_POINT('',#3508);
#1940=VERTEX_POINT('',#3510);
#1941=VERTEX_POINT('',#3512);
#1942=VERTEX_POINT('',#3516);
#1943=VERTEX_POINT('',#3517);
#1944=VERTEX_POINT('',#3519);
#1945=VERTEX_POINT('',#3521);
#1946=VERTEX_POINT('',#3525);
#1947=VERTEX_POINT('',#3530);
#1948=VERTEX_POINT('',#3532);
#1949=VERTEX_POINT('',#3538);
#1950=VERTEX_POINT('',#3543);
#1951=VERTEX_POINT('',#3554);
#1952=VERTEX_POINT('',#3555);
#1953=VERTEX_POINT('',#3560);
#1954=VERTEX_POINT('',#3565);
#1955=VERTEX_POINT('',#3570);
#1956=VERTEX_POINT('',#3907);
#1957=VERTEX_POINT('',#3908);
#1958=VERTEX_POINT('',#3910);
#1959=VERTEX_POINT('',#3912);
#1960=VERTEX_POINT('',#3916);
#1961=VERTEX_POINT('',#3922);
#1962=VERTEX_POINT('',#3928);
#1963=VERTEX_POINT('',#3933);
#1964=VERTEX_POINT('',#3944);
#1965=VERTEX_POINT('',#3945);
#1966=VERTEX_POINT('',#3950);
#1967=VERTEX_POINT('',#3955);
#1968=VERTEX_POINT('',#4295);
#1969=VERTEX_POINT('',#4296);
#1970=VERTEX_POINT('',#4298);
#1971=VERTEX_POINT('',#4300);
#1972=VERTEX_POINT('',#4304);
#1973=VERTEX_POINT('',#4310);
#1974=VERTEX_POINT('',#4316);
#1975=VERTEX_POINT('',#4321);
#1976=VERTEX_POINT('',#4332);
#1977=VERTEX_POINT('',#4333);
#1978=VERTEX_POINT('',#4338);
#1979=VERTEX_POINT('',#4343);
#1980=VERTEX_POINT('',#4683);
#1981=VERTEX_POINT('',#4684);
#1982=VERTEX_POINT('',#4686);
#1983=VERTEX_POINT('',#4688);
#1984=VERTEX_POINT('',#4692);
#1985=VERTEX_POINT('',#4698);
#1986=VERTEX_POINT('',#4704);
#1987=VERTEX_POINT('',#4709);
#1988=VERTEX_POINT('',#4720);
#1989=VERTEX_POINT('',#4721);
#1990=VERTEX_POINT('',#4726);
#1991=VERTEX_POINT('',#4731);
#1992=VERTEX_POINT('',#5071);
#1993=VERTEX_POINT('',#5072);
#1994=VERTEX_POINT('',#5074);
#1995=VERTEX_POINT('',#5076);
#1996=VERTEX_POINT('',#5080);
#1997=VERTEX_POINT('',#5086);
#1998=VERTEX_POINT('',#5092);
#1999=VERTEX_POINT('',#5097);
#2000=VERTEX_POINT('',#5108);
#2001=VERTEX_POINT('',#5109);
#2002=VERTEX_POINT('',#5114);
#2003=VERTEX_POINT('',#5119);
#2004=VERTEX_POINT('',#5459);
#2005=VERTEX_POINT('',#5460);
#2006=VERTEX_POINT('',#5462);
#2007=VERTEX_POINT('',#5464);
#2008=VERTEX_POINT('',#5468);
#2009=VERTEX_POINT('',#5474);
#2010=VERTEX_POINT('',#5480);
#2011=VERTEX_POINT('',#5485);
#2012=VERTEX_POINT('',#5496);
#2013=VERTEX_POINT('',#5497);
#2014=VERTEX_POINT('',#5502);
#2015=VERTEX_POINT('',#5507);
#2016=VERTEX_POINT('',#5847);
#2017=VERTEX_POINT('',#5848);
#2018=VERTEX_POINT('',#5850);
#2019=VERTEX_POINT('',#5852);
#2020=VERTEX_POINT('',#5856);
#2021=VERTEX_POINT('',#5862);
#2022=VERTEX_POINT('',#5868);
#2023=VERTEX_POINT('',#5873);
#2024=VERTEX_POINT('',#5884);
#2025=VERTEX_POINT('',#5885);
#2026=VERTEX_POINT('',#5890);
#2027=VERTEX_POINT('',#5895);
#2028=VERTEX_POINT('',#6235);
#2029=VERTEX_POINT('',#6236);
#2030=VERTEX_POINT('',#6238);
#2031=VERTEX_POINT('',#6240);
#2032=VERTEX_POINT('',#6244);
#2033=VERTEX_POINT('',#6250);
#2034=VERTEX_POINT('',#6256);
#2035=VERTEX_POINT('',#6261);
#2036=VERTEX_POINT('',#6272);
#2037=VERTEX_POINT('',#6273);
#2038=VERTEX_POINT('',#6278);
#2039=VERTEX_POINT('',#6283);
#2040=VERTEX_POINT('',#6623);
#2041=VERTEX_POINT('',#6624);
#2042=VERTEX_POINT('',#6626);
#2043=VERTEX_POINT('',#6628);
#2044=VERTEX_POINT('',#6632);
#2045=VERTEX_POINT('',#6638);
#2046=VERTEX_POINT('',#6644);
#2047=VERTEX_POINT('',#6649);
#2048=VERTEX_POINT('',#6660);
#2049=VERTEX_POINT('',#6661);
#2050=VERTEX_POINT('',#6666);
#2051=VERTEX_POINT('',#6671);
#2052=VERTEX_POINT('',#7011);
#2053=VERTEX_POINT('',#7012);
#2054=VERTEX_POINT('',#7014);
#2055=VERTEX_POINT('',#7016);
#2056=VERTEX_POINT('',#7020);
#2057=VERTEX_POINT('',#7026);
#2058=VERTEX_POINT('',#7032);
#2059=VERTEX_POINT('',#7037);
#2060=VERTEX_POINT('',#7048);
#2061=VERTEX_POINT('',#7049);
#2062=VERTEX_POINT('',#7054);
#2063=VERTEX_POINT('',#7059);
#2064=VERTEX_POINT('',#7399);
#2065=VERTEX_POINT('',#7400);
#2066=VERTEX_POINT('',#7402);
#2067=VERTEX_POINT('',#7404);
#2068=VERTEX_POINT('',#7408);
#2069=VERTEX_POINT('',#7414);
#2070=VERTEX_POINT('',#7420);
#2071=VERTEX_POINT('',#7425);
#2072=VERTEX_POINT('',#7436);
#2073=VERTEX_POINT('',#7437);
#2074=VERTEX_POINT('',#7442);
#2075=VERTEX_POINT('',#7447);
#2076=VERTEX_POINT('',#7787);
#2077=VERTEX_POINT('',#7788);
#2078=VERTEX_POINT('',#7790);
#2079=VERTEX_POINT('',#7792);
#2080=VERTEX_POINT('',#7796);
#2081=VERTEX_POINT('',#7802);
#2082=VERTEX_POINT('',#7808);
#2083=VERTEX_POINT('',#7813);
#2084=VERTEX_POINT('',#7824);
#2085=VERTEX_POINT('',#7825);
#2086=VERTEX_POINT('',#7830);
#2087=VERTEX_POINT('',#7835);
#2088=VERTEX_POINT('',#8175);
#2089=VERTEX_POINT('',#8176);
#2090=VERTEX_POINT('',#8178);
#2091=VERTEX_POINT('',#8180);
#2092=VERTEX_POINT('',#8184);
#2093=VERTEX_POINT('',#8190);
#2094=VERTEX_POINT('',#8196);
#2095=VERTEX_POINT('',#8201);
#2096=VERTEX_POINT('',#8212);
#2097=VERTEX_POINT('',#8213);
#2098=VERTEX_POINT('',#8218);
#2099=VERTEX_POINT('',#8223);
#2100=VERTEX_POINT('',#8563);
#2101=VERTEX_POINT('',#8564);
#2102=VERTEX_POINT('',#8566);
#2103=VERTEX_POINT('',#8568);
#2104=VERTEX_POINT('',#8572);
#2105=VERTEX_POINT('',#8578);
#2106=VERTEX_POINT('',#8584);
#2107=VERTEX_POINT('',#8589);
#2108=VERTEX_POINT('',#8600);
#2109=VERTEX_POINT('',#8601);
#2110=VERTEX_POINT('',#8606);
#2111=VERTEX_POINT('',#8611);
#2112=VERTEX_POINT('',#8951);
#2113=VERTEX_POINT('',#8952);
#2114=VERTEX_POINT('',#8954);
#2115=VERTEX_POINT('',#8956);
#2116=VERTEX_POINT('',#8960);
#2117=VERTEX_POINT('',#8966);
#2118=VERTEX_POINT('',#8972);
#2119=VERTEX_POINT('',#8977);
#2120=VERTEX_POINT('',#8988);
#2121=VERTEX_POINT('',#8989);
#2122=VERTEX_POINT('',#8994);
#2123=VERTEX_POINT('',#8999);
#2124=VERTEX_POINT('',#9339);
#2125=VERTEX_POINT('',#9340);
#2126=VERTEX_POINT('',#9342);
#2127=VERTEX_POINT('',#9344);
#2128=VERTEX_POINT('',#9348);
#2129=VERTEX_POINT('',#9354);
#2130=VERTEX_POINT('',#9360);
#2131=VERTEX_POINT('',#9365);
#2132=VERTEX_POINT('',#9376);
#2133=VERTEX_POINT('',#9377);
#2134=VERTEX_POINT('',#9382);
#2135=VERTEX_POINT('',#9387);
#2136=VERTEX_POINT('',#9727);
#2137=VERTEX_POINT('',#9728);
#2138=VERTEX_POINT('',#9730);
#2139=VERTEX_POINT('',#9732);
#2140=VERTEX_POINT('',#9736);
#2141=VERTEX_POINT('',#9742);
#2142=VERTEX_POINT('',#9748);
#2143=VERTEX_POINT('',#9753);
#2144=VERTEX_POINT('',#9764);
#2145=VERTEX_POINT('',#9765);
#2146=VERTEX_POINT('',#9770);
#2147=VERTEX_POINT('',#9775);
#2148=VERTEX_POINT('',#10115);
#2149=VERTEX_POINT('',#10116);
#2150=VERTEX_POINT('',#10118);
#2151=VERTEX_POINT('',#10120);
#2152=VERTEX_POINT('',#10124);
#2153=VERTEX_POINT('',#10130);
#2154=VERTEX_POINT('',#10136);
#2155=VERTEX_POINT('',#10141);
#2156=VERTEX_POINT('',#10152);
#2157=VERTEX_POINT('',#10153);
#2158=VERTEX_POINT('',#10158);
#2159=VERTEX_POINT('',#10163);
#2160=VERTEX_POINT('',#10503);
#2161=VERTEX_POINT('',#10504);
#2162=VERTEX_POINT('',#10506);
#2163=VERTEX_POINT('',#10508);
#2164=VERTEX_POINT('',#10512);
#2165=VERTEX_POINT('',#10518);
#2166=VERTEX_POINT('',#10524);
#2167=VERTEX_POINT('',#10529);
#2168=VERTEX_POINT('',#10540);
#2169=VERTEX_POINT('',#10541);
#2170=VERTEX_POINT('',#10546);
#2171=VERTEX_POINT('',#10551);
#2172=VERTEX_POINT('',#10891);
#2173=VERTEX_POINT('',#10893);
#2174=VERTEX_POINT('',#10897);
#2175=VERTEX_POINT('',#10909);
#2176=VERTEX_POINT('',#10910);
#2177=VERTEX_POINT('',#10915);
#2178=VERTEX_POINT('',#10927);
#2179=VERTEX_POINT('',#11090);
#2180=VERTEX_POINT('',#11092);
#2181=VERTEX_POINT('',#11256);
#2182=VERTEX_POINT('',#11262);
#2183=VERTEX_POINT('',#11280);
#2184=VERTEX_POINT('',#11282);
#2185=VERTEX_POINT('',#11286);
#2186=VERTEX_POINT('',#11290);
#2187=VERTEX_POINT('',#11294);
#2188=VERTEX_POINT('',#11298);
#2189=VERTEX_POINT('',#11304);
#2190=CIRCLE('',#2817,0.00935695058277312);
#2191=CIRCLE('',#2819,0.00935695058277312);
#2192=CIRCLE('',#2820,0.00574622503733651);
#2193=CIRCLE('',#2827,0.00935695058277312);
#2194=CIRCLE('',#2828,0.00574622503733651);
#2195=CIRCLE('',#2835,0.00935695058277312);
#2196=CIRCLE('',#2836,0.00574622503733651);
#2197=CIRCLE('',#2843,0.00935695058277312);
#2198=CIRCLE('',#2844,0.00574622503733651);
#2199=CIRCLE('',#2851,0.00935695058277312);
#2200=CIRCLE('',#2852,0.00574622503733651);
#2201=CIRCLE('',#2859,0.00935695058277312);
#2202=CIRCLE('',#2860,0.00574622503733651);
#2203=CIRCLE('',#2867,0.00935695058277312);
#2204=CIRCLE('',#2868,0.00574622503733651);
#2205=CIRCLE('',#2875,0.00935695058277312);
#2206=CIRCLE('',#2876,0.00574622503733651);
#2207=CIRCLE('',#2883,0.00935695058277312);
#2208=CIRCLE('',#2884,0.00574622503733651);
#2209=CIRCLE('',#2891,0.00935695058277312);
#2210=CIRCLE('',#2892,0.00574622503733651);
#2211=CIRCLE('',#2899,0.00935695058277312);
#2212=CIRCLE('',#2900,0.00574622503733651);
#2213=CIRCLE('',#2907,0.00935695058277312);
#2214=CIRCLE('',#2908,0.00574622503733651);
#2215=CIRCLE('',#2915,0.00935695058277312);
#2216=CIRCLE('',#2916,0.00574622503733651);
#2217=CIRCLE('',#2923,0.00935695058277312);
#2218=CIRCLE('',#2924,0.00574622503733651);
#2219=CIRCLE('',#2931,0.00935695058277312);
#2220=CIRCLE('',#2932,0.00574622503733651);
#2221=CIRCLE('',#2939,0.00935695058277312);
#2222=CIRCLE('',#2940,0.00574622503733651);
#2223=CIRCLE('',#2947,0.00935695058277312);
#2224=CIRCLE('',#2948,0.00574622503733651);
#2225=CIRCLE('',#2955,0.00935695058277312);
#2226=CIRCLE('',#2956,0.00574622503733651);
#2227=CIRCLE('',#2963,0.00935695058277312);
#2228=CIRCLE('',#2964,0.00574622503733651);
#2229=CIRCLE('',#2971,0.00935695058277312);
#2230=CIRCLE('',#2972,0.00574622503733651);
#2231=EDGE_LOOP('',(#672));
#2232=EDGE_LOOP('',(#673,#674,#675,#676,#677,#678));
#2233=EDGE_LOOP('',(#679,#680,#681,#682));
#2234=EDGE_LOOP('',(#683,#684,#685,#686,#687,#688));
#2235=EDGE_LOOP('',(#689,#690,#691,#692,#693,#694));
#2236=EDGE_LOOP('',(#695,#696,#697,#698));
#2237=EDGE_LOOP('',(#699,#700,#701,#702));
#2238=EDGE_LOOP('',(#703,#704,#705,#706));
#2239=EDGE_LOOP('',(#707,#708,#709,#710));
#2240=EDGE_LOOP('',(#711,#712,#713,#714));
#2241=EDGE_LOOP('',(#715,#716,#717,#718));
#2242=EDGE_LOOP('',(#719,#720,#721,#722,#723,#724));
#2243=EDGE_LOOP('',(#725,#726,#727,#728,#729,#730));
#2244=EDGE_LOOP('',(#731,#732,#733,#734));
#2245=EDGE_LOOP('',(#735,#736,#737,#738));
#2246=EDGE_LOOP('',(#739,#740,#741,#742));
#2247=EDGE_LOOP('',(#743,#744,#745,#746));
#2248=EDGE_LOOP('',(#747,#748,#749,#750));
#2249=EDGE_LOOP('',(#751,#752,#753,#754));
#2250=EDGE_LOOP('',(#755,#756,#757,#758,#759,#760));
#2251=EDGE_LOOP('',(#761,#762,#763,#764,#765,#766));
#2252=EDGE_LOOP('',(#767,#768,#769,#770));
#2253=EDGE_LOOP('',(#771,#772,#773,#774));
#2254=EDGE_LOOP('',(#775,#776,#777,#778));
#2255=EDGE_LOOP('',(#779,#780,#781,#782));
#2256=EDGE_LOOP('',(#783,#784,#785,#786));
#2257=EDGE_LOOP('',(#787,#788,#789,#790));
#2258=EDGE_LOOP('',(#791,#792,#793,#794,#795,#796));
#2259=EDGE_LOOP('',(#797,#798,#799,#800,#801,#802));
#2260=EDGE_LOOP('',(#803,#804,#805,#806));
#2261=EDGE_LOOP('',(#807,#808,#809,#810));
#2262=EDGE_LOOP('',(#811,#812,#813,#814));
#2263=EDGE_LOOP('',(#815,#816,#817,#818));
#2264=EDGE_LOOP('',(#819,#820,#821,#822));
#2265=EDGE_LOOP('',(#823,#824,#825,#826));
#2266=EDGE_LOOP('',(#827,#828,#829,#830,#831,#832));
#2267=EDGE_LOOP('',(#833,#834,#835,#836,#837,#838));
#2268=EDGE_LOOP('',(#839,#840,#841,#842));
#2269=EDGE_LOOP('',(#843,#844,#845,#846));
#2270=EDGE_LOOP('',(#847,#848,#849,#850));
#2271=EDGE_LOOP('',(#851,#852,#853,#854));
#2272=EDGE_LOOP('',(#855,#856,#857,#858));
#2273=EDGE_LOOP('',(#859,#860,#861,#862));
#2274=EDGE_LOOP('',(#863,#864,#865,#866,#867,#868));
#2275=EDGE_LOOP('',(#869,#870,#871,#872,#873,#874));
#2276=EDGE_LOOP('',(#875,#876,#877,#878));
#2277=EDGE_LOOP('',(#879,#880,#881,#882));
#2278=EDGE_LOOP('',(#883,#884,#885,#886));
#2279=EDGE_LOOP('',(#887,#888,#889,#890));
#2280=EDGE_LOOP('',(#891,#892,#893,#894));
#2281=EDGE_LOOP('',(#895,#896,#897,#898));
#2282=EDGE_LOOP('',(#899,#900,#901,#902,#903,#904));
#2283=EDGE_LOOP('',(#905,#906,#907,#908,#909,#910));
#2284=EDGE_LOOP('',(#911,#912,#913,#914));
#2285=EDGE_LOOP('',(#915,#916,#917,#918));
#2286=EDGE_LOOP('',(#919,#920,#921,#922));
#2287=EDGE_LOOP('',(#923,#924,#925,#926));
#2288=EDGE_LOOP('',(#927,#928,#929,#930));
#2289=EDGE_LOOP('',(#931,#932,#933,#934));
#2290=EDGE_LOOP('',(#935,#936,#937,#938,#939,#940));
#2291=EDGE_LOOP('',(#941,#942,#943,#944,#945,#946));
#2292=EDGE_LOOP('',(#947,#948,#949,#950));
#2293=EDGE_LOOP('',(#951,#952,#953,#954));
#2294=EDGE_LOOP('',(#955,#956,#957,#958));
#2295=EDGE_LOOP('',(#959,#960,#961,#962));
#2296=EDGE_LOOP('',(#963,#964,#965,#966));
#2297=EDGE_LOOP('',(#967,#968,#969,#970));
#2298=EDGE_LOOP('',(#971,#972,#973,#974,#975,#976));
#2299=EDGE_LOOP('',(#977,#978,#979,#980,#981,#982));
#2300=EDGE_LOOP('',(#983,#984,#985,#986));
#2301=EDGE_LOOP('',(#987,#988,#989,#990));
#2302=EDGE_LOOP('',(#991,#992,#993,#994));
#2303=EDGE_LOOP('',(#995,#996,#997,#998));
#2304=EDGE_LOOP('',(#999,#1000,#1001,#1002));
#2305=EDGE_LOOP('',(#1003,#1004,#1005,#1006));
#2306=EDGE_LOOP('',(#1007,#1008,#1009,#1010,#1011,#1012));
#2307=EDGE_LOOP('',(#1013,#1014,#1015,#1016,#1017,#1018));
#2308=EDGE_LOOP('',(#1019,#1020,#1021,#1022));
#2309=EDGE_LOOP('',(#1023,#1024,#1025,#1026));
#2310=EDGE_LOOP('',(#1027,#1028,#1029,#1030));
#2311=EDGE_LOOP('',(#1031,#1032,#1033,#1034));
#2312=EDGE_LOOP('',(#1035,#1036,#1037,#1038));
#2313=EDGE_LOOP('',(#1039,#1040,#1041,#1042));
#2314=EDGE_LOOP('',(#1043,#1044,#1045,#1046,#1047,#1048));
#2315=EDGE_LOOP('',(#1049,#1050,#1051,#1052,#1053,#1054));
#2316=EDGE_LOOP('',(#1055,#1056,#1057,#1058));
#2317=EDGE_LOOP('',(#1059,#1060,#1061,#1062));
#2318=EDGE_LOOP('',(#1063,#1064,#1065,#1066));
#2319=EDGE_LOOP('',(#1067,#1068,#1069,#1070));
#2320=EDGE_LOOP('',(#1071,#1072,#1073,#1074));
#2321=EDGE_LOOP('',(#1075,#1076,#1077,#1078));
#2322=EDGE_LOOP('',(#1079,#1080,#1081,#1082,#1083,#1084));
#2323=EDGE_LOOP('',(#1085,#1086,#1087,#1088,#1089,#1090));
#2324=EDGE_LOOP('',(#1091,#1092,#1093,#1094));
#2325=EDGE_LOOP('',(#1095,#1096,#1097,#1098));
#2326=EDGE_LOOP('',(#1099,#1100,#1101,#1102));
#2327=EDGE_LOOP('',(#1103,#1104,#1105,#1106));
#2328=EDGE_LOOP('',(#1107,#1108,#1109,#1110));
#2329=EDGE_LOOP('',(#1111,#1112,#1113,#1114));
#2330=EDGE_LOOP('',(#1115,#1116,#1117,#1118,#1119,#1120));
#2331=EDGE_LOOP('',(#1121,#1122,#1123,#1124,#1125,#1126));
#2332=EDGE_LOOP('',(#1127,#1128,#1129,#1130));
#2333=EDGE_LOOP('',(#1131,#1132,#1133,#1134));
#2334=EDGE_LOOP('',(#1135,#1136,#1137,#1138));
#2335=EDGE_LOOP('',(#1139,#1140,#1141,#1142));
#2336=EDGE_LOOP('',(#1143,#1144,#1145,#1146));
#2337=EDGE_LOOP('',(#1147,#1148,#1149,#1150));
#2338=EDGE_LOOP('',(#1151,#1152,#1153,#1154,#1155,#1156));
#2339=EDGE_LOOP('',(#1157,#1158,#1159,#1160,#1161,#1162));
#2340=EDGE_LOOP('',(#1163,#1164,#1165,#1166));
#2341=EDGE_LOOP('',(#1167,#1168,#1169,#1170));
#2342=EDGE_LOOP('',(#1171,#1172,#1173,#1174));
#2343=EDGE_LOOP('',(#1175,#1176,#1177,#1178));
#2344=EDGE_LOOP('',(#1179,#1180,#1181,#1182));
#2345=EDGE_LOOP('',(#1183,#1184,#1185,#1186));
#2346=EDGE_LOOP('',(#1187,#1188,#1189,#1190,#1191,#1192));
#2347=EDGE_LOOP('',(#1193,#1194,#1195,#1196,#1197,#1198));
#2348=EDGE_LOOP('',(#1199,#1200,#1201,#1202));
#2349=EDGE_LOOP('',(#1203,#1204,#1205,#1206));
#2350=EDGE_LOOP('',(#1207,#1208,#1209,#1210));
#2351=EDGE_LOOP('',(#1211,#1212,#1213,#1214));
#2352=EDGE_LOOP('',(#1215,#1216,#1217,#1218));
#2353=EDGE_LOOP('',(#1219,#1220,#1221,#1222));
#2354=EDGE_LOOP('',(#1223,#1224,#1225,#1226,#1227,#1228));
#2355=EDGE_LOOP('',(#1229,#1230,#1231,#1232,#1233,#1234));
#2356=EDGE_LOOP('',(#1235,#1236,#1237,#1238));
#2357=EDGE_LOOP('',(#1239,#1240,#1241,#1242));
#2358=EDGE_LOOP('',(#1243,#1244,#1245,#1246));
#2359=EDGE_LOOP('',(#1247,#1248,#1249,#1250));
#2360=EDGE_LOOP('',(#1251,#1252,#1253,#1254));
#2361=EDGE_LOOP('',(#1255,#1256,#1257,#1258));
#2362=EDGE_LOOP('',(#1259,#1260,#1261,#1262,#1263,#1264));
#2363=EDGE_LOOP('',(#1265,#1266,#1267,#1268,#1269,#1270));
#2364=EDGE_LOOP('',(#1271,#1272,#1273,#1274));
#2365=EDGE_LOOP('',(#1275,#1276,#1277,#1278));
#2366=EDGE_LOOP('',(#1279,#1280,#1281,#1282));
#2367=EDGE_LOOP('',(#1283,#1284,#1285,#1286));
#2368=EDGE_LOOP('',(#1287,#1288,#1289,#1290));
#2369=EDGE_LOOP('',(#1291,#1292,#1293,#1294));
#2370=EDGE_LOOP('',(#1295,#1296,#1297,#1298,#1299,#1300));
#2371=EDGE_LOOP('',(#1301,#1302,#1303,#1304,#1305,#1306));
#2372=EDGE_LOOP('',(#1307,#1308,#1309,#1310));
#2373=EDGE_LOOP('',(#1311,#1312,#1313,#1314));
#2374=EDGE_LOOP('',(#1315,#1316,#1317,#1318));
#2375=EDGE_LOOP('',(#1319,#1320,#1321,#1322));
#2376=EDGE_LOOP('',(#1323,#1324,#1325,#1326));
#2377=EDGE_LOOP('',(#1327,#1328,#1329,#1330));
#2378=EDGE_LOOP('',(#1331,#1332,#1333,#1334,#1335,#1336));
#2379=EDGE_LOOP('',(#1337,#1338,#1339,#1340,#1341,#1342));
#2380=EDGE_LOOP('',(#1343,#1344,#1345,#1346));
#2381=EDGE_LOOP('',(#1347,#1348,#1349,#1350));
#2382=EDGE_LOOP('',(#1351,#1352,#1353,#1354));
#2383=EDGE_LOOP('',(#1355,#1356,#1357,#1358));
#2384=EDGE_LOOP('',(#1359,#1360,#1361,#1362));
#2385=EDGE_LOOP('',(#1363,#1364,#1365,#1366));
#2386=EDGE_LOOP('',(#1367));
#2387=EDGE_LOOP('',(#1368,#1369,#1370,#1371,#1372,#1373,#1374,#1375,#1376,
#1377,#1378,#1379,#1380,#1381,#1382,#1383,#1384,#1385,#1386,#1387,#1388,
#1389,#1390,#1391,#1392,#1393,#1394,#1395,#1396,#1397,#1398,#1399,#1400,
#1401,#1402,#1403,#1404,#1405,#1406,#1407));
#2388=EDGE_LOOP('',(#1408));
#2389=EDGE_LOOP('',(#1409,#1410,#1411,#1412,#1413,#1414,#1415,#1416,#1417,
#1418,#1419,#1420,#1421,#1422,#1423,#1424,#1425,#1426,#1427,#1428,#1429,
#1430,#1431,#1432,#1433,#1434,#1435,#1436,#1437,#1438,#1439,#1440,#1441,
#1442,#1443,#1444,#1445,#1446,#1447,#1448));
#2390=EDGE_LOOP('',(#1449,#1450,#1451,#1452));
#2391=EDGE_LOOP('',(#1453,#1454,#1455,#1456));
#2392=EDGE_LOOP('',(#1457,#1458,#1459,#1460));
#2393=EDGE_LOOP('',(#1461,#1462,#1463,#1464));
#2394=EDGE_LOOP('',(#1465,#1466,#1467,#1468));
#2395=EDGE_LOOP('',(#1469,#1470,#1471,#1472,#1473,#1474));
#2396=EDGE_LOOP('',(#1475,#1476,#1477,#1478,#1479,#1480));
#2397=EDGE_LOOP('',(#1481,#1482,#1483,#1484));
#2398=EDGE_LOOP('',(#1485,#1486,#1487,#1488));
#2399=EDGE_LOOP('',(#1489,#1490,#1491,#1492));
#2400=EDGE_LOOP('',(#1493,#1494,#1495,#1496));
#2401=EDGE_LOOP('',(#1497,#1498,#1499,#1500));
#2402=EDGE_LOOP('',(#1501,#1502,#1503,#1504));
#2403=EDGE_LOOP('',(#1505));
#2404=EDGE_LOOP('',(#1506,#1507,#1508,#1509,#1510,#1511));
#2405=EDGE_LOOP('',(#1512));
#2406=EDGE_LOOP('',(#1513));
#2407=FACE_BOUND('',#2231,.T.);
#2408=FACE_BOUND('',#2232,.T.);
#2409=FACE_BOUND('',#2233,.T.);
#2410=FACE_BOUND('',#2234,.T.);
#2411=FACE_BOUND('',#2235,.T.);
#2412=FACE_BOUND('',#2236,.T.);
#2413=FACE_BOUND('',#2237,.T.);
#2414=FACE_BOUND('',#2238,.T.);
#2415=FACE_BOUND('',#2239,.T.);
#2416=FACE_BOUND('',#2240,.T.);
#2417=FACE_BOUND('',#2241,.T.);
#2418=FACE_BOUND('',#2242,.T.);
#2419=FACE_BOUND('',#2243,.T.);
#2420=FACE_BOUND('',#2244,.T.);
#2421=FACE_BOUND('',#2245,.T.);
#2422=FACE_BOUND('',#2246,.T.);
#2423=FACE_BOUND('',#2247,.T.);
#2424=FACE_BOUND('',#2248,.T.);
#2425=FACE_BOUND('',#2249,.T.);
#2426=FACE_BOUND('',#2250,.T.);
#2427=FACE_BOUND('',#2251,.T.);
#2428=FACE_BOUND('',#2252,.T.);
#2429=FACE_BOUND('',#2253,.T.);
#2430=FACE_BOUND('',#2254,.T.);
#2431=FACE_BOUND('',#2255,.T.);
#2432=FACE_BOUND('',#2256,.T.);
#2433=FACE_BOUND('',#2257,.T.);
#2434=FACE_BOUND('',#2258,.T.);
#2435=FACE_BOUND('',#2259,.T.);
#2436=FACE_BOUND('',#2260,.T.);
#2437=FACE_BOUND('',#2261,.T.);
#2438=FACE_BOUND('',#2262,.T.);
#2439=FACE_BOUND('',#2263,.T.);
#2440=FACE_BOUND('',#2264,.T.);
#2441=FACE_BOUND('',#2265,.T.);
#2442=FACE_BOUND('',#2266,.T.);
#2443=FACE_BOUND('',#2267,.T.);
#2444=FACE_BOUND('',#2268,.T.);
#2445=FACE_BOUND('',#2269,.T.);
#2446=FACE_BOUND('',#2270,.T.);
#2447=FACE_BOUND('',#2271,.T.);
#2448=FACE_BOUND('',#2272,.T.);
#2449=FACE_BOUND('',#2273,.T.);
#2450=FACE_BOUND('',#2274,.T.);
#2451=FACE_BOUND('',#2275,.T.);
#2452=FACE_BOUND('',#2276,.T.);
#2453=FACE_BOUND('',#2277,.T.);
#2454=FACE_BOUND('',#2278,.T.);
#2455=FACE_BOUND('',#2279,.T.);
#2456=FACE_BOUND('',#2280,.T.);
#2457=FACE_BOUND('',#2281,.T.);
#2458=FACE_BOUND('',#2282,.T.);
#2459=FACE_BOUND('',#2283,.T.);
#2460=FACE_BOUND('',#2284,.T.);
#2461=FACE_BOUND('',#2285,.T.);
#2462=FACE_BOUND('',#2286,.T.);
#2463=FACE_BOUND('',#2287,.T.);
#2464=FACE_BOUND('',#2288,.T.);
#2465=FACE_BOUND('',#2289,.T.);
#2466=FACE_BOUND('',#2290,.T.);
#2467=FACE_BOUND('',#2291,.T.);
#2468=FACE_BOUND('',#2292,.T.);
#2469=FACE_BOUND('',#2293,.T.);
#2470=FACE_BOUND('',#2294,.T.);
#2471=FACE_BOUND('',#2295,.T.);
#2472=FACE_BOUND('',#2296,.T.);
#2473=FACE_BOUND('',#2297,.T.);
#2474=FACE_BOUND('',#2298,.T.);
#2475=FACE_BOUND('',#2299,.T.);
#2476=FACE_BOUND('',#2300,.T.);
#2477=FACE_BOUND('',#2301,.T.);
#2478=FACE_BOUND('',#2302,.T.);
#2479=FACE_BOUND('',#2303,.T.);
#2480=FACE_BOUND('',#2304,.T.);
#2481=FACE_BOUND('',#2305,.T.);
#2482=FACE_BOUND('',#2306,.T.);
#2483=FACE_BOUND('',#2307,.T.);
#2484=FACE_BOUND('',#2308,.T.);
#2485=FACE_BOUND('',#2309,.T.);
#2486=FACE_BOUND('',#2310,.T.);
#2487=FACE_BOUND('',#2311,.T.);
#2488=FACE_BOUND('',#2312,.T.);
#2489=FACE_BOUND('',#2313,.T.);
#2490=FACE_BOUND('',#2314,.T.);
#2491=FACE_BOUND('',#2315,.T.);
#2492=FACE_BOUND('',#2316,.T.);
#2493=FACE_BOUND('',#2317,.T.);
#2494=FACE_BOUND('',#2318,.T.);
#2495=FACE_BOUND('',#2319,.T.);
#2496=FACE_BOUND('',#2320,.T.);
#2497=FACE_BOUND('',#2321,.T.);
#2498=FACE_BOUND('',#2322,.T.);
#2499=FACE_BOUND('',#2323,.T.);
#2500=FACE_BOUND('',#2324,.T.);
#2501=FACE_BOUND('',#2325,.T.);
#2502=FACE_BOUND('',#2326,.T.);
#2503=FACE_BOUND('',#2327,.T.);
#2504=FACE_BOUND('',#2328,.T.);
#2505=FACE_BOUND('',#2329,.T.);
#2506=FACE_BOUND('',#2330,.T.);
#2507=FACE_BOUND('',#2331,.T.);
#2508=FACE_BOUND('',#2332,.T.);
#2509=FACE_BOUND('',#2333,.T.);
#2510=FACE_BOUND('',#2334,.T.);
#2511=FACE_BOUND('',#2335,.T.);
#2512=FACE_BOUND('',#2336,.T.);
#2513=FACE_BOUND('',#2337,.T.);
#2514=FACE_BOUND('',#2338,.T.);
#2515=FACE_BOUND('',#2339,.T.);
#2516=FACE_BOUND('',#2340,.T.);
#2517=FACE_BOUND('',#2341,.T.);
#2518=FACE_BOUND('',#2342,.T.);
#2519=FACE_BOUND('',#2343,.T.);
#2520=FACE_BOUND('',#2344,.T.);
#2521=FACE_BOUND('',#2345,.T.);
#2522=FACE_BOUND('',#2346,.T.);
#2523=FACE_BOUND('',#2347,.T.);
#2524=FACE_BOUND('',#2348,.T.);
#2525=FACE_BOUND('',#2349,.T.);
#2526=FACE_BOUND('',#2350,.T.);
#2527=FACE_BOUND('',#2351,.T.);
#2528=FACE_BOUND('',#2352,.T.);
#2529=FACE_BOUND('',#2353,.T.);
#2530=FACE_BOUND('',#2354,.T.);
#2531=FACE_BOUND('',#2355,.T.);
#2532=FACE_BOUND('',#2356,.T.);
#2533=FACE_BOUND('',#2357,.T.);
#2534=FACE_BOUND('',#2358,.T.);
#2535=FACE_BOUND('',#2359,.T.);
#2536=FACE_BOUND('',#2360,.T.);
#2537=FACE_BOUND('',#2361,.T.);
#2538=FACE_BOUND('',#2362,.T.);
#2539=FACE_BOUND('',#2363,.T.);
#2540=FACE_BOUND('',#2364,.T.);
#2541=FACE_BOUND('',#2365,.T.);
#2542=FACE_BOUND('',#2366,.T.);
#2543=FACE_BOUND('',#2367,.T.);
#2544=FACE_BOUND('',#2368,.T.);
#2545=FACE_BOUND('',#2369,.T.);
#2546=FACE_BOUND('',#2370,.T.);
#2547=FACE_BOUND('',#2371,.T.);
#2548=FACE_BOUND('',#2372,.T.);
#2549=FACE_BOUND('',#2373,.T.);
#2550=FACE_BOUND('',#2374,.T.);
#2551=FACE_BOUND('',#2375,.T.);
#2552=FACE_BOUND('',#2376,.T.);
#2553=FACE_BOUND('',#2377,.T.);
#2554=FACE_BOUND('',#2378,.T.);
#2555=FACE_BOUND('',#2379,.T.);
#2556=FACE_BOUND('',#2380,.T.);
#2557=FACE_BOUND('',#2381,.T.);
#2558=FACE_BOUND('',#2382,.T.);
#2559=FACE_BOUND('',#2383,.T.);
#2560=FACE_BOUND('',#2384,.T.);
#2561=FACE_BOUND('',#2385,.T.);
#2562=FACE_BOUND('',#2386,.T.);
#2563=FACE_BOUND('',#2387,.T.);
#2564=FACE_BOUND('',#2388,.T.);
#2565=FACE_BOUND('',#2389,.T.);
#2566=FACE_BOUND('',#2390,.T.);
#2567=FACE_BOUND('',#2391,.T.);
#2568=FACE_BOUND('',#2392,.T.);
#2569=FACE_BOUND('',#2393,.T.);
#2570=FACE_BOUND('',#2394,.T.);
#2571=FACE_BOUND('',#2395,.T.);
#2572=FACE_BOUND('',#2396,.T.);
#2573=FACE_BOUND('',#2397,.T.);
#2574=FACE_BOUND('',#2398,.T.);
#2575=FACE_BOUND('',#2399,.T.);
#2576=FACE_BOUND('',#2400,.T.);
#2577=FACE_BOUND('',#2401,.T.);
#2578=FACE_BOUND('',#2402,.T.);
#2579=FACE_BOUND('',#2403,.T.);
#2580=FACE_BOUND('',#2404,.T.);
#2581=FACE_BOUND('',#2405,.T.);
#2582=FACE_BOUND('',#2406,.T.);
#2583=PLANE('',#2816);
#2584=PLANE('',#2823);
#2585=PLANE('',#2824);
#2586=PLANE('',#2831);
#2587=PLANE('',#2832);
#2588=PLANE('',#2839);
#2589=PLANE('',#2840);
#2590=PLANE('',#2847);
#2591=PLANE('',#2848);
#2592=PLANE('',#2855);
#2593=PLANE('',#2856);
#2594=PLANE('',#2863);
#2595=PLANE('',#2864);
#2596=PLANE('',#2871);
#2597=PLANE('',#2872);
#2598=PLANE('',#2879);
#2599=PLANE('',#2880);
#2600=PLANE('',#2887);
#2601=PLANE('',#2888);
#2602=PLANE('',#2895);
#2603=PLANE('',#2896);
#2604=PLANE('',#2903);
#2605=PLANE('',#2904);
#2606=PLANE('',#2911);
#2607=PLANE('',#2912);
#2608=PLANE('',#2919);
#2609=PLANE('',#2920);
#2610=PLANE('',#2927);
#2611=PLANE('',#2928);
#2612=PLANE('',#2935);
#2613=PLANE('',#2936);
#2614=PLANE('',#2943);
#2615=PLANE('',#2944);
#2616=PLANE('',#2951);
#2617=PLANE('',#2952);
#2618=PLANE('',#2959);
#2619=PLANE('',#2960);
#2620=PLANE('',#2967);
#2621=PLANE('',#2968);
#2622=PLANE('',#2973);
#2623=PLANE('',#2977);
#2624=PLANE('',#2978);
#2625=PLANE('',#2981);
#2626=PLANE('',#2982);
#2627=PLANE('',#2983);
#2628=PLANE('',#2984);
#2629=PLANE('',#2985);
#2630=PLANE('',#2986);
#2631=PLANE('',#2987);
#2632=ADVANCED_FACE('',(#2407,#2408),#2583,.F.);
#2633=ADVANCED_FACE('',(#2409),#296,.T.);
#2634=ADVANCED_FACE('',(#2410),#297,.T.);
#2635=ADVANCED_FACE('',(#2411),#298,.F.);
#2636=ADVANCED_FACE('',(#2412),#2584,.T.);
#2637=ADVANCED_FACE('',(#2413),#2585,.T.);
#2638=ADVANCED_FACE('',(#2414),#36,.T.);
#2639=ADVANCED_FACE('',(#2415),#14,.T.);
#2640=ADVANCED_FACE('',(#2416),#37,.T.);
#2641=ADVANCED_FACE('',(#2417),#299,.T.);
#2642=ADVANCED_FACE('',(#2418),#300,.T.);
#2643=ADVANCED_FACE('',(#2419),#301,.F.);
#2644=ADVANCED_FACE('',(#2420),#2586,.T.);
#2645=ADVANCED_FACE('',(#2421),#2587,.T.);
#2646=ADVANCED_FACE('',(#2422),#38,.T.);
#2647=ADVANCED_FACE('',(#2423),#15,.T.);
#2648=ADVANCED_FACE('',(#2424),#39,.T.);
#2649=ADVANCED_FACE('',(#2425),#302,.T.);
#2650=ADVANCED_FACE('',(#2426),#303,.T.);
#2651=ADVANCED_FACE('',(#2427),#304,.F.);
#2652=ADVANCED_FACE('',(#2428),#2588,.T.);
#2653=ADVANCED_FACE('',(#2429),#2589,.T.);
#2654=ADVANCED_FACE('',(#2430),#40,.T.);
#2655=ADVANCED_FACE('',(#2431),#16,.T.);
#2656=ADVANCED_FACE('',(#2432),#41,.T.);
#2657=ADVANCED_FACE('',(#2433),#305,.T.);
#2658=ADVANCED_FACE('',(#2434),#306,.T.);
#2659=ADVANCED_FACE('',(#2435),#307,.F.);
#2660=ADVANCED_FACE('',(#2436),#2590,.T.);
#2661=ADVANCED_FACE('',(#2437),#2591,.T.);
#2662=ADVANCED_FACE('',(#2438),#42,.T.);
#2663=ADVANCED_FACE('',(#2439),#17,.T.);
#2664=ADVANCED_FACE('',(#2440),#43,.T.);
#2665=ADVANCED_FACE('',(#2441),#308,.T.);
#2666=ADVANCED_FACE('',(#2442),#309,.T.);
#2667=ADVANCED_FACE('',(#2443),#310,.F.);
#2668=ADVANCED_FACE('',(#2444),#2592,.T.);
#2669=ADVANCED_FACE('',(#2445),#2593,.T.);
#2670=ADVANCED_FACE('',(#2446),#44,.T.);
#2671=ADVANCED_FACE('',(#2447),#18,.T.);
#2672=ADVANCED_FACE('',(#2448),#45,.T.);
#2673=ADVANCED_FACE('',(#2449),#311,.T.);
#2674=ADVANCED_FACE('',(#2450),#312,.T.);
#2675=ADVANCED_FACE('',(#2451),#313,.F.);
#2676=ADVANCED_FACE('',(#2452),#2594,.T.);
#2677=ADVANCED_FACE('',(#2453),#2595,.T.);
#2678=ADVANCED_FACE('',(#2454),#46,.T.);
#2679=ADVANCED_FACE('',(#2455),#19,.T.);
#2680=ADVANCED_FACE('',(#2456),#47,.T.);
#2681=ADVANCED_FACE('',(#2457),#314,.T.);
#2682=ADVANCED_FACE('',(#2458),#315,.T.);
#2683=ADVANCED_FACE('',(#2459),#316,.F.);
#2684=ADVANCED_FACE('',(#2460),#2596,.T.);
#2685=ADVANCED_FACE('',(#2461),#2597,.T.);
#2686=ADVANCED_FACE('',(#2462),#48,.T.);
#2687=ADVANCED_FACE('',(#2463),#20,.T.);
#2688=ADVANCED_FACE('',(#2464),#49,.T.);
#2689=ADVANCED_FACE('',(#2465),#317,.T.);
#2690=ADVANCED_FACE('',(#2466),#318,.T.);
#2691=ADVANCED_FACE('',(#2467),#319,.F.);
#2692=ADVANCED_FACE('',(#2468),#2598,.T.);
#2693=ADVANCED_FACE('',(#2469),#2599,.T.);
#2694=ADVANCED_FACE('',(#2470),#50,.T.);
#2695=ADVANCED_FACE('',(#2471),#21,.T.);
#2696=ADVANCED_FACE('',(#2472),#51,.T.);
#2697=ADVANCED_FACE('',(#2473),#320,.T.);
#2698=ADVANCED_FACE('',(#2474),#321,.T.);
#2699=ADVANCED_FACE('',(#2475),#322,.F.);
#2700=ADVANCED_FACE('',(#2476),#2600,.T.);
#2701=ADVANCED_FACE('',(#2477),#2601,.T.);
#2702=ADVANCED_FACE('',(#2478),#52,.T.);
#2703=ADVANCED_FACE('',(#2479),#22,.T.);
#2704=ADVANCED_FACE('',(#2480),#53,.T.);
#2705=ADVANCED_FACE('',(#2481),#323,.T.);
#2706=ADVANCED_FACE('',(#2482),#324,.T.);
#2707=ADVANCED_FACE('',(#2483),#325,.F.);
#2708=ADVANCED_FACE('',(#2484),#2602,.T.);
#2709=ADVANCED_FACE('',(#2485),#2603,.T.);
#2710=ADVANCED_FACE('',(#2486),#54,.T.);
#2711=ADVANCED_FACE('',(#2487),#23,.T.);
#2712=ADVANCED_FACE('',(#2488),#55,.T.);
#2713=ADVANCED_FACE('',(#2489),#326,.T.);
#2714=ADVANCED_FACE('',(#2490),#327,.T.);
#2715=ADVANCED_FACE('',(#2491),#328,.F.);
#2716=ADVANCED_FACE('',(#2492),#2604,.T.);
#2717=ADVANCED_FACE('',(#2493),#2605,.T.);
#2718=ADVANCED_FACE('',(#2494),#56,.T.);
#2719=ADVANCED_FACE('',(#2495),#24,.T.);
#2720=ADVANCED_FACE('',(#2496),#57,.T.);
#2721=ADVANCED_FACE('',(#2497),#329,.T.);
#2722=ADVANCED_FACE('',(#2498),#330,.T.);
#2723=ADVANCED_FACE('',(#2499),#331,.F.);
#2724=ADVANCED_FACE('',(#2500),#2606,.T.);
#2725=ADVANCED_FACE('',(#2501),#2607,.T.);
#2726=ADVANCED_FACE('',(#2502),#58,.T.);
#2727=ADVANCED_FACE('',(#2503),#25,.T.);
#2728=ADVANCED_FACE('',(#2504),#59,.T.);
#2729=ADVANCED_FACE('',(#2505),#332,.T.);
#2730=ADVANCED_FACE('',(#2506),#333,.T.);
#2731=ADVANCED_FACE('',(#2507),#334,.F.);
#2732=ADVANCED_FACE('',(#2508),#2608,.T.);
#2733=ADVANCED_FACE('',(#2509),#2609,.T.);
#2734=ADVANCED_FACE('',(#2510),#60,.T.);
#2735=ADVANCED_FACE('',(#2511),#26,.T.);
#2736=ADVANCED_FACE('',(#2512),#61,.T.);
#2737=ADVANCED_FACE('',(#2513),#335,.T.);
#2738=ADVANCED_FACE('',(#2514),#336,.T.);
#2739=ADVANCED_FACE('',(#2515),#337,.F.);
#2740=ADVANCED_FACE('',(#2516),#2610,.T.);
#2741=ADVANCED_FACE('',(#2517),#2611,.T.);
#2742=ADVANCED_FACE('',(#2518),#62,.T.);
#2743=ADVANCED_FACE('',(#2519),#27,.T.);
#2744=ADVANCED_FACE('',(#2520),#63,.T.);
#2745=ADVANCED_FACE('',(#2521),#338,.T.);
#2746=ADVANCED_FACE('',(#2522),#339,.T.);
#2747=ADVANCED_FACE('',(#2523),#340,.F.);
#2748=ADVANCED_FACE('',(#2524),#2612,.T.);
#2749=ADVANCED_FACE('',(#2525),#2613,.T.);
#2750=ADVANCED_FACE('',(#2526),#64,.T.);
#2751=ADVANCED_FACE('',(#2527),#28,.T.);
#2752=ADVANCED_FACE('',(#2528),#65,.T.);
#2753=ADVANCED_FACE('',(#2529),#341,.T.);
#2754=ADVANCED_FACE('',(#2530),#342,.T.);
#2755=ADVANCED_FACE('',(#2531),#343,.F.);
#2756=ADVANCED_FACE('',(#2532),#2614,.T.);
#2757=ADVANCED_FACE('',(#2533),#2615,.T.);
#2758=ADVANCED_FACE('',(#2534),#66,.T.);
#2759=ADVANCED_FACE('',(#2535),#29,.T.);
#2760=ADVANCED_FACE('',(#2536),#67,.T.);
#2761=ADVANCED_FACE('',(#2537),#344,.T.);
#2762=ADVANCED_FACE('',(#2538),#345,.T.);
#2763=ADVANCED_FACE('',(#2539),#346,.F.);
#2764=ADVANCED_FACE('',(#2540),#2616,.T.);
#2765=ADVANCED_FACE('',(#2541),#2617,.T.);
#2766=ADVANCED_FACE('',(#2542),#68,.T.);
#2767=ADVANCED_FACE('',(#2543),#30,.T.);
#2768=ADVANCED_FACE('',(#2544),#69,.T.);
#2769=ADVANCED_FACE('',(#2545),#347,.T.);
#2770=ADVANCED_FACE('',(#2546),#348,.T.);
#2771=ADVANCED_FACE('',(#2547),#349,.F.);
#2772=ADVANCED_FACE('',(#2548),#2618,.T.);
#2773=ADVANCED_FACE('',(#2549),#2619,.T.);
#2774=ADVANCED_FACE('',(#2550),#70,.T.);
#2775=ADVANCED_FACE('',(#2551),#31,.T.);
#2776=ADVANCED_FACE('',(#2552),#71,.T.);
#2777=ADVANCED_FACE('',(#2553),#350,.T.);
#2778=ADVANCED_FACE('',(#2554),#351,.T.);
#2779=ADVANCED_FACE('',(#2555),#352,.F.);
#2780=ADVANCED_FACE('',(#2556),#2620,.T.);
#2781=ADVANCED_FACE('',(#2557),#2621,.T.);
#2782=ADVANCED_FACE('',(#2558),#72,.T.);
#2783=ADVANCED_FACE('',(#2559),#32,.T.);
#2784=ADVANCED_FACE('',(#2560),#73,.T.);
#2785=ADVANCED_FACE('',(#2561),#353,.T.);
#2786=ADVANCED_FACE('',(#2562,#2563),#2622,.F.);
#2787=ADVANCED_FACE('',(#2564,#2565),#33,.T.);
#2788=ADVANCED_FACE('',(#2566),#34,.T.);
#2789=ADVANCED_FACE('',(#2567),#74,.T.);
#2790=ADVANCED_FACE('',(#2568),#75,.T.);
#2791=ADVANCED_FACE('',(#2569),#2623,.T.);
#2792=ADVANCED_FACE('',(#2570),#2624,.T.);
#2793=ADVANCED_FACE('',(#2571),#354,.T.);
#2794=ADVANCED_FACE('',(#2572),#355,.F.);
#2795=ADVANCED_FACE('',(#2573),#2625,.T.);
#2796=ADVANCED_FACE('',(#2574),#2626,.T.);
#2797=ADVANCED_FACE('',(#2575),#2627,.T.);
#2798=ADVANCED_FACE('',(#2576),#2628,.T.);
#2799=ADVANCED_FACE('',(#2577),#2629,.T.);
#2800=ADVANCED_FACE('',(#2578),#2630,.T.);
#2801=ADVANCED_FACE('',(#2579,#2580),#2631,.T.);
#2802=ADVANCED_FACE('',(#2581,#2582),#35,.F.);
#2803=CLOSED_SHELL('',(#2632,#2633,#2634,#2635,#2636,#2637,#2638,#2639,
#2640,#2641,#2642,#2643,#2644,#2645,#2646,#2647,#2648,#2649,#2650,#2651,
#2652,#2653,#2654,#2655,#2656,#2657,#2658,#2659,#2660,#2661,#2662,#2663,
#2664,#2665,#2666,#2667,#2668,#2669,#2670,#2671,#2672,#2673,#2674,#2675,
#2676,#2677,#2678,#2679,#2680,#2681,#2682,#2683,#2684,#2685,#2686,#2687,
#2688,#2689,#2690,#2691,#2692,#2693,#2694,#2695,#2696,#2697,#2698,#2699,
#2700,#2701,#2702,#2703,#2704,#2705,#2706,#2707,#2708,#2709,#2710,#2711,
#2712,#2713,#2714,#2715,#2716,#2717,#2718,#2719,#2720,#2721,#2722,#2723,
#2724,#2725,#2726,#2727,#2728,#2729,#2730,#2731,#2732,#2733,#2734,#2735,
#2736,#2737,#2738,#2739,#2740,#2741,#2742,#2743,#2744,#2745,#2746,#2747,
#2748,#2749,#2750,#2751,#2752,#2753,#2754,#2755,#2756,#2757,#2758,#2759,
#2760,#2761,#2762,#2763,#2764,#2765,#2766,#2767,#2768,#2769,#2770,#2771,
#2772,#2773,#2774,#2775,#2776,#2777,#2778,#2779,#2780,#2781,#2782,#2783,
#2784,#2785,#2786,#2787,#2788,#2789,#2790,#2791,#2792,#2793,#2794,#2795,
#2796,#2797,#2798,#2799,#2800,#2801,#2802));
#2804=STYLED_ITEM('',(#2805),#2812);
#2805=PRESENTATION_STYLE_ASSIGNMENT((#2806));
#2806=SURFACE_STYLE_USAGE(.BOTH.,#2807);
#2807=SURFACE_SIDE_STYLE('',(#2808));
#2808=SURFACE_STYLE_FILL_AREA(#2809);
#2809=FILL_AREA_STYLE('',(#2810));
#2810=FILL_AREA_STYLE_COLOUR('',#2811);
#2811=COLOUR_RGB('',0.231372549019608,0.380392156862745,0.705882352941177);
#2812=MANIFOLD_SOLID_BREP('Bevel 1M 20T 59deg',#2803);
#2813=SHAPE_DEFINITION_REPRESENTATION(#11312,#2814);
#2814=SHAPE_REPRESENTATION('Bevel 1M 20T 59deg',(#2815),#11307);
#2815=AXIS2_PLACEMENT_3D('',#3498,#2990,#2991);
#2816=AXIS2_PLACEMENT_3D('',#3499,#2992,#2993);
#2817=AXIS2_PLACEMENT_3D('',#3500,#2994,#2995);
#2818=AXIS2_PLACEMENT_3D('',#3514,#3002,#3003);
#2819=AXIS2_PLACEMENT_3D('',#3515,#3004,#3005);
#2820=AXIS2_PLACEMENT_3D('',#3520,#3007,#3008);
#2821=AXIS2_PLACEMENT_3D('',#3523,#3010,#3011);
#2822=AXIS2_PLACEMENT_3D('',#3549,#3014,#3015);
#2823=AXIS2_PLACEMENT_3D('',#3579,#3016,#3017);
#2824=AXIS2_PLACEMENT_3D('',#3581,#3019,#3020);
#2825=AXIS2_PLACEMENT_3D('',#3739,#3024,#3025);
#2826=AXIS2_PLACEMENT_3D('',#3905,#3026,#3027);
#2827=AXIS2_PLACEMENT_3D('',#3906,#3028,#3029);
#2828=AXIS2_PLACEMENT_3D('',#3911,#3031,#3032);
#2829=AXIS2_PLACEMENT_3D('',#3914,#3034,#3035);
#2830=AXIS2_PLACEMENT_3D('',#3939,#3038,#3039);
#2831=AXIS2_PLACEMENT_3D('',#3968,#3040,#3041);
#2832=AXIS2_PLACEMENT_3D('',#3970,#3043,#3044);
#2833=AXIS2_PLACEMENT_3D('',#4127,#3047,#3048);
#2834=AXIS2_PLACEMENT_3D('',#4293,#3049,#3050);
#2835=AXIS2_PLACEMENT_3D('',#4294,#3051,#3052);
#2836=AXIS2_PLACEMENT_3D('',#4299,#3054,#3055);
#2837=AXIS2_PLACEMENT_3D('',#4302,#3057,#3058);
#2838=AXIS2_PLACEMENT_3D('',#4327,#3061,#3062);
#2839=AXIS2_PLACEMENT_3D('',#4356,#3063,#3064);
#2840=AXIS2_PLACEMENT_3D('',#4358,#3066,#3067);
#2841=AXIS2_PLACEMENT_3D('',#4515,#3070,#3071);
#2842=AXIS2_PLACEMENT_3D('',#4681,#3072,#3073);
#2843=AXIS2_PLACEMENT_3D('',#4682,#3074,#3075);
#2844=AXIS2_PLACEMENT_3D('',#4687,#3077,#3078);
#2845=AXIS2_PLACEMENT_3D('',#4690,#3080,#3081);
#2846=AXIS2_PLACEMENT_3D('',#4715,#3084,#3085);
#2847=AXIS2_PLACEMENT_3D('',#4744,#3086,#3087);
#2848=AXIS2_PLACEMENT_3D('',#4746,#3089,#3090);
#2849=AXIS2_PLACEMENT_3D('',#4903,#3093,#3094);
#2850=AXIS2_PLACEMENT_3D('',#5069,#3095,#3096);
#2851=AXIS2_PLACEMENT_3D('',#5070,#3097,#3098);
#2852=AXIS2_PLACEMENT_3D('',#5075,#3100,#3101);
#2853=AXIS2_PLACEMENT_3D('',#5078,#3103,#3104);
#2854=AXIS2_PLACEMENT_3D('',#5103,#3107,#3108);
#2855=AXIS2_PLACEMENT_3D('',#5132,#3109,#3110);
#2856=AXIS2_PLACEMENT_3D('',#5134,#3112,#3113);
#2857=AXIS2_PLACEMENT_3D('',#5291,#3116,#3117);
#2858=AXIS2_PLACEMENT_3D('',#5457,#3118,#3119);
#2859=AXIS2_PLACEMENT_3D('',#5458,#3120,#3121);
#2860=AXIS2_PLACEMENT_3D('',#5463,#3123,#3124);
#2861=AXIS2_PLACEMENT_3D('',#5466,#3126,#3127);
#2862=AXIS2_PLACEMENT_3D('',#5491,#3130,#3131);
#2863=AXIS2_PLACEMENT_3D('',#5520,#3132,#3133);
#2864=AXIS2_PLACEMENT_3D('',#5522,#3135,#3136);
#2865=AXIS2_PLACEMENT_3D('',#5679,#3139,#3140);
#2866=AXIS2_PLACEMENT_3D('',#5845,#3141,#3142);
#2867=AXIS2_PLACEMENT_3D('',#5846,#3143,#3144);
#2868=AXIS2_PLACEMENT_3D('',#5851,#3146,#3147);
#2869=AXIS2_PLACEMENT_3D('',#5854,#3149,#3150);
#2870=AXIS2_PLACEMENT_3D('',#5879,#3153,#3154);
#2871=AXIS2_PLACEMENT_3D('',#5908,#3155,#3156);
#2872=AXIS2_PLACEMENT_3D('',#5910,#3158,#3159);
#2873=AXIS2_PLACEMENT_3D('',#6067,#3162,#3163);
#2874=AXIS2_PLACEMENT_3D('',#6233,#3164,#3165);
#2875=AXIS2_PLACEMENT_3D('',#6234,#3166,#3167);
#2876=AXIS2_PLACEMENT_3D('',#6239,#3169,#3170);
#2877=AXIS2_PLACEMENT_3D('',#6242,#3172,#3173);
#2878=AXIS2_PLACEMENT_3D('',#6267,#3176,#3177);
#2879=AXIS2_PLACEMENT_3D('',#6296,#3178,#3179);
#2880=AXIS2_PLACEMENT_3D('',#6298,#3181,#3182);
#2881=AXIS2_PLACEMENT_3D('',#6455,#3185,#3186);
#2882=AXIS2_PLACEMENT_3D('',#6621,#3187,#3188);
#2883=AXIS2_PLACEMENT_3D('',#6622,#3189,#3190);
#2884=AXIS2_PLACEMENT_3D('',#6627,#3192,#3193);
#2885=AXIS2_PLACEMENT_3D('',#6630,#3195,#3196);
#2886=AXIS2_PLACEMENT_3D('',#6655,#3199,#3200);
#2887=AXIS2_PLACEMENT_3D('',#6684,#3201,#3202);
#2888=AXIS2_PLACEMENT_3D('',#6686,#3204,#3205);
#2889=AXIS2_PLACEMENT_3D('',#6843,#3208,#3209);
#2890=AXIS2_PLACEMENT_3D('',#7009,#3210,#3211);
#2891=AXIS2_PLACEMENT_3D('',#7010,#3212,#3213);
#2892=AXIS2_PLACEMENT_3D('',#7015,#3215,#3216);
#2893=AXIS2_PLACEMENT_3D('',#7018,#3218,#3219);
#2894=AXIS2_PLACEMENT_3D('',#7043,#3222,#3223);
#2895=AXIS2_PLACEMENT_3D('',#7072,#3224,#3225);
#2896=AXIS2_PLACEMENT_3D('',#7074,#3227,#3228);
#2897=AXIS2_PLACEMENT_3D('',#7231,#3231,#3232);
#2898=AXIS2_PLACEMENT_3D('',#7397,#3233,#3234);
#2899=AXIS2_PLACEMENT_3D('',#7398,#3235,#3236);
#2900=AXIS2_PLACEMENT_3D('',#7403,#3238,#3239);
#2901=AXIS2_PLACEMENT_3D('',#7406,#3241,#3242);
#2902=AXIS2_PLACEMENT_3D('',#7431,#3245,#3246);
#2903=AXIS2_PLACEMENT_3D('',#7460,#3247,#3248);
#2904=AXIS2_PLACEMENT_3D('',#7462,#3250,#3251);
#2905=AXIS2_PLACEMENT_3D('',#7619,#3254,#3255);
#2906=AXIS2_PLACEMENT_3D('',#7785,#3256,#3257);
#2907=AXIS2_PLACEMENT_3D('',#7786,#3258,#3259);
#2908=AXIS2_PLACEMENT_3D('',#7791,#3261,#3262);
#2909=AXIS2_PLACEMENT_3D('',#7794,#3264,#3265);
#2910=AXIS2_PLACEMENT_3D('',#7819,#3268,#3269);
#2911=AXIS2_PLACEMENT_3D('',#7848,#3270,#3271);
#2912=AXIS2_PLACEMENT_3D('',#7850,#3273,#3274);
#2913=AXIS2_PLACEMENT_3D('',#8007,#3277,#3278);
#2914=AXIS2_PLACEMENT_3D('',#8173,#3279,#3280);
#2915=AXIS2_PLACEMENT_3D('',#8174,#3281,#3282);
#2916=AXIS2_PLACEMENT_3D('',#8179,#3284,#3285);
#2917=AXIS2_PLACEMENT_3D('',#8182,#3287,#3288);
#2918=AXIS2_PLACEMENT_3D('',#8207,#3291,#3292);
#2919=AXIS2_PLACEMENT_3D('',#8236,#3293,#3294);
#2920=AXIS2_PLACEMENT_3D('',#8238,#3296,#3297);
#2921=AXIS2_PLACEMENT_3D('',#8395,#3300,#3301);
#2922=AXIS2_PLACEMENT_3D('',#8561,#3302,#3303);
#2923=AXIS2_PLACEMENT_3D('',#8562,#3304,#3305);
#2924=AXIS2_PLACEMENT_3D('',#8567,#3307,#3308);
#2925=AXIS2_PLACEMENT_3D('',#8570,#3310,#3311);
#2926=AXIS2_PLACEMENT_3D('',#8595,#3314,#3315);
#2927=AXIS2_PLACEMENT_3D('',#8624,#3316,#3317);
#2928=AXIS2_PLACEMENT_3D('',#8626,#3319,#3320);
#2929=AXIS2_PLACEMENT_3D('',#8783,#3323,#3324);
#2930=AXIS2_PLACEMENT_3D('',#8949,#3325,#3326);
#2931=AXIS2_PLACEMENT_3D('',#8950,#3327,#3328);
#2932=AXIS2_PLACEMENT_3D('',#8955,#3330,#3331);
#2933=AXIS2_PLACEMENT_3D('',#8958,#3333,#3334);
#2934=AXIS2_PLACEMENT_3D('',#8983,#3337,#3338);
#2935=AXIS2_PLACEMENT_3D('',#9012,#3339,#3340);
#2936=AXIS2_PLACEMENT_3D('',#9014,#3342,#3343);
#2937=AXIS2_PLACEMENT_3D('',#9171,#3346,#3347);
#2938=AXIS2_PLACEMENT_3D('',#9337,#3348,#3349);
#2939=AXIS2_PLACEMENT_3D('',#9338,#3350,#3351);
#2940=AXIS2_PLACEMENT_3D('',#9343,#3353,#3354);
#2941=AXIS2_PLACEMENT_3D('',#9346,#3356,#3357);
#2942=AXIS2_PLACEMENT_3D('',#9371,#3360,#3361);
#2943=AXIS2_PLACEMENT_3D('',#9400,#3362,#3363);
#2944=AXIS2_PLACEMENT_3D('',#9402,#3365,#3366);
#2945=AXIS2_PLACEMENT_3D('',#9559,#3369,#3370);
#2946=AXIS2_PLACEMENT_3D('',#9725,#3371,#3372);
#2947=AXIS2_PLACEMENT_3D('',#9726,#3373,#3374);
#2948=AXIS2_PLACEMENT_3D('',#9731,#3376,#3377);
#2949=AXIS2_PLACEMENT_3D('',#9734,#3379,#3380);
#2950=AXIS2_PLACEMENT_3D('',#9759,#3383,#3384);
#2951=AXIS2_PLACEMENT_3D('',#9788,#3385,#3386);
#2952=AXIS2_PLACEMENT_3D('',#9790,#3388,#3389);
#2953=AXIS2_PLACEMENT_3D('',#9947,#3392,#3393);
#2954=AXIS2_PLACEMENT_3D('',#10113,#3394,#3395);
#2955=AXIS2_PLACEMENT_3D('',#10114,#3396,#3397);
#2956=AXIS2_PLACEMENT_3D('',#10119,#3399,#3400);
#2957=AXIS2_PLACEMENT_3D('',#10122,#3402,#3403);
#2958=AXIS2_PLACEMENT_3D('',#10147,#3406,#3407);
#2959=AXIS2_PLACEMENT_3D('',#10176,#3408,#3409);
#2960=AXIS2_PLACEMENT_3D('',#10178,#3411,#3412);
#2961=AXIS2_PLACEMENT_3D('',#10335,#3415,#3416);
#2962=AXIS2_PLACEMENT_3D('',#10501,#3417,#3418);
#2963=AXIS2_PLACEMENT_3D('',#10502,#3419,#3420);
#2964=AXIS2_PLACEMENT_3D('',#10507,#3422,#3423);
#2965=AXIS2_PLACEMENT_3D('',#10510,#3425,#3426);
#2966=AXIS2_PLACEMENT_3D('',#10535,#3429,#3430);
#2967=AXIS2_PLACEMENT_3D('',#10564,#3431,#3432);
#2968=AXIS2_PLACEMENT_3D('',#10566,#3434,#3435);
#2969=AXIS2_PLACEMENT_3D('',#10723,#3438,#3439);
#2970=AXIS2_PLACEMENT_3D('',#10889,#3440,#3441);
#2971=AXIS2_PLACEMENT_3D('',#10890,#3442,#3443);
#2972=AXIS2_PLACEMENT_3D('',#10894,#3445,#3446);
#2973=AXIS2_PLACEMENT_3D('',#10895,#3447,#3448);
#2974=AXIS2_PLACEMENT_3D('',#10896,#3449,#3450);
#2975=AXIS2_PLACEMENT_3D('',#10902,#3451,#3452);
#2976=AXIS2_PLACEMENT_3D('',#10907,#3453,#3454);
#2977=AXIS2_PLACEMENT_3D('',#11264,#3458,#3459);
#2978=AXIS2_PLACEMENT_3D('',#11270,#3461,#3462);
#2979=AXIS2_PLACEMENT_3D('',#11276,#3464,#3465);
#2980=AXIS2_PLACEMENT_3D('',#11277,#3466,#3467);
#2981=AXIS2_PLACEMENT_3D('',#11278,#3468,#3469);
#2982=AXIS2_PLACEMENT_3D('',#11284,#3473,#3474);
#2983=AXIS2_PLACEMENT_3D('',#11288,#3477,#3478);
#2984=AXIS2_PLACEMENT_3D('',#11292,#3481,#3482);
#2985=AXIS2_PLACEMENT_3D('',#11296,#3485,#3486);
#2986=AXIS2_PLACEMENT_3D('',#11300,#3489,#3490);
#2987=AXIS2_PLACEMENT_3D('',#11302,#3492,#3493);
#2988=AXIS2_PLACEMENT_3D('',#11303,#3494,#3495);
#2989=AXIS2_PLACEMENT_3D('',#11305,#3496,#3497);
#2990=DIRECTION('',(0.,0.,1.));
#2991=DIRECTION('',(1.,0.,0.));
#2992=DIRECTION('',(0.000178331434623054,-3.06660900544068E-17,-0.99999998409895));
#2993=DIRECTION('',(-0.99999998409895,0.,-0.000178331434623054));
#2994=DIRECTION('',(-0.000178331434623054,3.06660900544068E-17,0.99999998409895));
#2995=DIRECTION('',(0.99999998409895,0.,0.000178331434623054));
#2996=DIRECTION('',(0.99999998409895,-4.83080324273077E-32,0.000178331434623054));
#2997=DIRECTION('',(0.499999986086579,-0.866025407227118,8.91657162481818E-5));
#2998=DIRECTION('',(-0.499999986086581,-0.866025407227117,-8.91657162481289E-5));
#2999=DIRECTION('',(-0.99999998409895,4.17309617395975E-16,-0.000178331434623054));
#3000=DIRECTION('',(-0.499999986086581,0.866025407227117,-8.91657162481821E-5));
#3001=DIRECTION('',(0.499999986086581,0.866025407227117,8.91657162481289E-5));
#3002=DIRECTION('',(-0.000178331434623054,3.06660900544068E-17,0.99999998409895));
#3003=DIRECTION('',(0.99999998409895,0.,0.000178331434623054));
#3004=DIRECTION('',(-0.000178331434623054,3.06660900544068E-17,0.99999998409895));
#3005=DIRECTION('',(0.99999998409895,0.,0.000178331434623054));
#3006=DIRECTION('',(0.72986106246559,0.322436942247969,-0.602774624358375));
#3007=DIRECTION('',(-0.000178331434623054,3.06660900544068E-17,0.99999998409895));
#3008=DIRECTION('',(0.99999998409895,0.,0.000178331434623054));
#3009=DIRECTION('',(0.689902907655268,0.400859251719122,-0.602781750155057));
#3010=DIRECTION('',(0.000178331434623054,-3.06558164270277E-17,-0.99999998409895));
#3011=DIRECTION('',(-0.951056501172356,-0.309016994374948,-0.000169603272958509));
#3012=DIRECTION('',(-0.482300443327777,-0.213166217659845,-0.849674317614947));
#3013=DIRECTION('',(0.515456353174287,0.111122698477395,0.849680230354554));
#3014=DIRECTION('',(0.000178331434623054,-3.06558164270277E-17,-0.99999998409895));
#3015=DIRECTION('',(-0.951056501172356,-0.309016994374948,-0.000169603272958509));
#3016=DIRECTION('',(0.404149877918442,-0.914692774216022,7.05372732163675E-5));
#3017=DIRECTION('',(0.914692776491552,0.404149878923867,0.));
#3018=DIRECTION('',(0.737175321355011,0.325668981714887,-0.592040758676229));
#3019=DIRECTION('',(-0.210678484972033,0.977555407359927,-3.88748847635455E-5));
#3020=DIRECTION('',(-0.977555408098595,-0.210678485131227,0.));
#3021=DIRECTION('',(0.787831114747802,0.169766396696055,-0.592031675831685));
#3022=DIRECTION('',(0.780014237350767,0.168081301681972,-0.602765680472101));
#3023=DIRECTION('',(0.86302752673524,0.249685209751278,-0.439136407200217));
#3024=DIRECTION('',(0.852233945173589,0.284349550306417,-0.439138515658099));
#3025=DIRECTION('',(-0.458046360085426,0.,-0.88892830532754));
#3026=DIRECTION('',(-0.000178331434623054,3.06660900544068E-17,0.99999998409895));
#3027=DIRECTION('',(0.99999998409895,0.,0.000178331434623054));
#3028=DIRECTION('',(-0.000178331434623054,3.06660900544068E-17,0.99999998409895));
#3029=DIRECTION('',(0.99999998409895,0.,0.000178331434623054));
#3030=DIRECTION('',(0.594505888513762,0.532162005898509,-0.602798762441114));
#3031=DIRECTION('',(-0.000178331434623054,3.06660900544068E-17,0.99999998409895));
#3032=DIRECTION('',(0.99999998409895,0.,0.000178331434623054));
#3033=DIRECTION('',(0.532269599022896,0.594398305247367,-0.60280986112958));
#3034=DIRECTION('',(0.000178331434623054,-3.06558164270277E-17,-0.99999998409895));
#3035=DIRECTION('',(-0.809016981510727,-0.587785252292474,-0.000144273161241297));
#3036=DIRECTION('',(-0.392815581258658,-0.351818974752036,-0.849658359651012));
#3037=DIRECTION('',(0.455881906463902,0.265015560657503,0.849669606357805));
#3038=DIRECTION('',(0.000178331434623054,-3.06558164270277E-17,-0.99999998409895));
#3039=DIRECTION('',(-0.809016981510727,-0.587785252292474,-0.000144273161241297));
#3040=DIRECTION('',(0.667024982337833,-0.745035340873611,0.000117416168479323));
#3041=DIRECTION('',(0.745035346009347,0.667024986935822,0.));
#3042=DIRECTION('',(0.600463313311,0.537496679872495,-0.592065138725141));
#3043=DIRECTION('',(-0.502448374978391,0.864607206896611,-9.09066286544017E-5));
#3044=DIRECTION('',(-0.864607210469175,-0.502448377054512,0.));
#3045=DIRECTION('',(0.696816383176631,0.404878011756619,-0.592047906619596));
#3046=DIRECTION('',(0.7436348154101,0.504130714205452,-0.43915769867405));
#3047=DIRECTION('',(0.722657639169694,0.533763060982528,-0.439161623187007));
#3048=DIRECTION('',(-0.594120952385314,0.804375716898992,0.));
#3049=DIRECTION('',(-0.000178331434623054,3.06660900544068E-17,0.99999998409895));
#3050=DIRECTION('',(0.99999998409895,0.,0.000178331434623054));
#3051=DIRECTION('',(-0.000178331434623054,3.06660900544068E-17,0.99999998409895));
#3052=DIRECTION('',(0.99999998409895,0.,0.000178331434623054));
#3053=DIRECTION('',(0.400966860528752,0.689795344620984,-0.602833276534179));
#3054=DIRECTION('',(-0.000178331434623054,3.06660900544068E-17,0.99999998409895));
#3055=DIRECTION('',(0.99999998409895,0.,0.000178331434623054));
#3056=DIRECTION('',(0.322544557998446,0.729753511241484,-0.602847261697615));
#3057=DIRECTION('',(0.000178331434623054,-3.06829214813398E-17,-0.99999998409895));
#3058=DIRECTION('',(-0.58778524294607,-0.809016994374948,-0.000104820587291566));
#3059=DIRECTION('',(-0.264864362501265,-0.456033239328845,-0.849635541926089));
#3060=DIRECTION('',(0.351667731744887,0.392966853288394,0.849651021694215));
#3061=DIRECTION('',(0.000178331434623054,-3.06829214813398E-17,-0.99999998409895));
#3062=DIRECTION('',(-0.58778524294607,-0.809016994374948,-0.000104820587291566));
#3063=DIRECTION('',(0.86460703407645,-0.502448657400055,0.00015265125975962));
#3064=DIRECTION('',(0.502448663254187,0.864607044150162,0.));
#3065=DIRECTION('',(0.404984109635777,0.696710458044605,-0.592099998812526));
#3066=DIRECTION('',(-0.745035117255377,0.667025228949667,-0.000134167471024508));
#3067=DIRECTION('',(-0.667025234953198,-0.745035123961032,0.));
#3068=DIRECTION('',(0.537602746163626,0.600357346075462,-0.592076299416347));
#3069=DIRECTION('',(0.5514576155378,0.709228391867972,-0.43919196991035));
#3070=DIRECTION('',(0.52235023679293,0.73092812429643,-0.439197344293966));
#3071=DIRECTION('',(-0.813597241627894,0.581428867889686,0.));
#3072=DIRECTION('',(-0.000178331434623054,3.06660900544068E-17,0.99999998409895));
#3073=DIRECTION('',(0.99999998409895,0.,0.000178331434623054));
#3074=DIRECTION('',(-0.000178331434623054,3.06660900544068E-17,0.99999998409895));
#3075=DIRECTION('',(0.99999998409895,0.,0.000178331434623054));
#3076=DIRECTION('',(0.168188927035434,0.779906708925188,-0.602874788157667));
#3077=DIRECTION('',(-0.000178331434623054,3.06660900544068E-17,0.99999998409895));
#3078=DIRECTION('',(0.99999998409895,0.,0.000178331434623054));
#3079=DIRECTION('',(0.0812571328376557,0.793675359063598,-0.602890290830987));
#3080=DIRECTION('',(0.000178331434623054,-3.07100265356519E-17,-0.99999998409895));
#3081=DIRECTION('',(-0.309016989461253,-0.951056516295154,-5.51074439297594E-5));
#3082=DIRECTION('',(-0.110971543835525,-0.515607793069545,-0.84960809799855));
#3083=DIRECTION('',(0.213015038541537,0.482451812358762,0.849626295559932));
#3084=DIRECTION('',(0.000178331434623054,-3.07100265356519E-17,-0.99999998409895));
#3085=DIRECTION('',(-0.309016989461253,-0.951056516295154,-5.51074439297594E-5));
#3086=DIRECTION('',(0.977555325275048,-0.210678798574525,0.000172793490889107));
#3087=DIRECTION('',(0.210678801719705,0.977555339868772,0.));
#3088=DIRECTION('',(0.169872576768771,0.787725362316111,-0.592141926590145));
#3089=DIRECTION('',(-0.914692631267813,0.404150174155013,-0.000164422739443593));
#3090=DIRECTION('',(-0.40415017961808,-0.914692643632096,0.));
#3091=DIRECTION('',(0.325775143806258,0.737069520424846,-0.592114074937169));
#3092=DIRECTION('',(0.305307570419127,0.844901853049684,-0.439235866201726));
#3093=DIRECTION('',(0.270919222203796,0.856544850131326,-0.439242182348183));
#3094=DIRECTION('',(0.,0.456307116883664,0.889822350293202));
#3095=DIRECTION('',(-0.000178331434623054,3.06660900544068E-17,0.99999998409895));
#3096=DIRECTION('',(0.99999998409895,0.,0.000178331434623054));
#3097=DIRECTION('',(-0.000178331434623054,3.06660900544068E-17,0.99999998409895));
#3098=DIRECTION('',(0.99999998409895,0.,0.000178331434623054));
#3099=DIRECTION('',(-0.0810419859766386,0.79367537063023,-0.602919233864644));
#3100=DIRECTION('',(-0.000178331434623054,3.06660900544068E-17,0.99999998409895));
#3101=DIRECTION('',(0.99999998409895,0.,0.000178331434623054));
#3102=DIRECTION('',(-0.167973782136381,0.77990673287918,-0.602934736538311));
#3103=DIRECTION('',(0.000178331434623054,-3.06558164270277E-17,-0.99999998409895));
#3104=DIRECTION('',(1.83691555260842E-16,-1.,3.07100265356519E-17));
#3105=DIRECTION('',(0.0537987734129736,-0.524711063573796,-0.849578714271088));
#3106=DIRECTION('',(0.0534961185145839,0.524711026595759,0.849597848321603));
#3107=DIRECTION('',(0.000178331434623054,-3.06558164270277E-17,-0.99999998409895));
#3108=DIRECTION('',(1.83691555260842E-16,-1.,3.07100265356519E-17));
#3109=DIRECTION('',(0.994813690234077,0.101713768940983,0.000175871199918616));
#3110=DIRECTION('',(-0.101713770514021,0.994813705619209,0.));
#3111=DIRECTION('',(-0.0818569303346211,0.801632219718792,-0.592186817874998));
#3112=DIRECTION('',(-0.994813657470653,0.101714084434257,-0.000178710837214954));
#3113=DIRECTION('',(-0.101714086058507,-0.994813673356616,0.));
#3114=DIRECTION('',(0.0820687377129558,0.801632194649726,-0.592157535450886));
#3115=DIRECTION('',(0.0292795614985067,0.897870434077531,-0.439285090673336));
#3116=DIRECTION('',(-0.00702358506494691,0.898316998135054,-0.439291748288608));
#3117=DIRECTION('',(0.,0.439302583984592,0.89833915627922));
#3118=DIRECTION('',(-0.000178331434623054,3.06660900544068E-17,0.99999998409895));
#3119=DIRECTION('',(0.99999998409895,0.,0.000178331434623054));
#3120=DIRECTION('',(-0.000178331434623054,3.06660900544068E-17,0.99999998409895));
#3121=DIRECTION('',(0.99999998409895,0.,0.000178331434623054));
#3122=DIRECTION('',(-0.322329420247964,0.729753557196514,-0.602962262999638));
#3123=DIRECTION('',(-0.000178331434623054,3.06660900544068E-17,0.99999998409895));
#3124=DIRECTION('',(0.99999998409895,0.,0.000178331434623054));
#3125=DIRECTION('',(-0.400751728472117,0.689795401750814,-0.602976248164091));
#3126=DIRECTION('',(0.000178331434623054,-3.06558164270277E-17,-0.99999998409895));
#3127=DIRECTION('',(0.309016989461253,-0.951056516295154,5.51074439298178E-5));
#3128=DIRECTION('',(0.213317722569776,-0.48245195929885,-0.849550267027411));
#3129=DIRECTION('',(-0.111274205009894,0.515607869672506,0.84956846459317));
#3130=DIRECTION('',(0.000178331434623054,-3.06558164270277E-17,-0.99999998409895));
#3131=DIRECTION('',(0.309016989461253,-0.951056516295154,5.51074439298178E-5));
#3132=DIRECTION('',(0.914692759945246,0.404149884071051,0.000161583119251285));
#3133=DIRECTION('',(-0.404149889347046,0.914692771886151,0.));
#3134=DIRECTION('',(-0.325563373616513,0.737069730155299,-0.592230278395346));
#3135=DIRECTION('',(-0.977555391583174,-0.210678488554636,-0.000175633145871145));
#3136=DIRECTION('',(0.210678491804036,-0.977555406660501,0.));
#3137=DIRECTION('',(-0.169660791085492,0.787725524362367,-0.592202426739607));
#3138=DIRECTION('',(-0.249606866510686,0.862949201186705,-0.439334824890931));
#3139=DIRECTION('',(-0.284271206481329,0.852155619420897,-0.439341190255406));
#3140=DIRECTION('',(0.,0.458246656463966,0.888825068188109));
#3141=DIRECTION('',(-0.000178331434623054,3.06660900544068E-17,0.99999998409895));
#3142=DIRECTION('',(0.99999998409895,0.,0.000178331434623054));
#3143=DIRECTION('',(-0.000178331434623054,3.06660900544068E-17,0.99999998409895));
#3144=DIRECTION('',(0.99999998409895,0.,0.000178331434623054));
#3145=DIRECTION('',(-0.532054480563653,0.594398381092397,-0.602999663571116));
#3146=DIRECTION('',(-0.000178331434623054,3.06660900544068E-17,0.99999998409895));
#3147=DIRECTION('',(0.99999998409895,0.,0.000178331434623054));
#3148=DIRECTION('',(-0.594290778922887,0.532162090611912,-0.603010762261163));
#3149=DIRECTION('',(0.000178331434623054,-3.06829214813398E-17,-0.99999998409895));
#3150=DIRECTION('',(0.58778524294607,-0.809016994374947,0.000104820587291615));
#3151=DIRECTION('',(0.351970477457228,-0.392967095806837,-0.84952554088248));
#3152=DIRECTION('',(-0.265167064743046,0.456033422015002,0.849541020658123));
#3153=DIRECTION('',(0.000178331434623054,-3.06829214813398E-17,-0.99999998409895));
#3154=DIRECTION('',(0.58778524294607,-0.809016994374947,0.000104820587291615));
#3155=DIRECTION('',(0.745035329300596,0.667024992670398,0.000131327865731247));
#3156=DIRECTION('',(-0.667024998422491,0.745035335725411,0.));
#3157=DIRECTION('',(-0.537391068405838,0.600357719937424,-0.592268053932652));
#3158=DIRECTION('',(-0.864607192915858,-0.502448383200435,-0.000155490931230251));
#3159=DIRECTION('',(0.502448389274391,-0.864607203367848,0.));
#3160=DIRECTION('',(-0.404772402407534,0.696710791343966,-0.592244354531217));
#3161=DIRECTION('',(-0.50405236691891,0.743556487963095,-0.439380200522773));
#3162=DIRECTION('',(-0.53368471318045,0.722579311365,-0.439385668524571));
#3163=DIRECTION('',(-0.804386619611649,-0.594106191004389,0.));
#3164=DIRECTION('',(-0.000178331434623054,3.06660900544068E-17,0.99999998409895));
#3165=DIRECTION('',(0.99999998409895,0.,0.000178331434623054));
#3166=DIRECTION('',(-0.000178331434623054,3.06660900544068E-17,0.99999998409895));
#3167=DIRECTION('',(0.99999998409895,0.,0.000178331434623054));
#3168=DIRECTION('',(-0.689687816779593,0.400859350029913,-0.603027774550554));
#3169=DIRECTION('',(-0.000178331434623054,3.06660900544068E-17,0.99999998409895));
#3170=DIRECTION('',(0.99999998409895,0.,0.000178331434623054));
#3171=DIRECTION('',(-0.729645982764713,0.322437046252607,-0.603034900349233));
#3172=DIRECTION('',(0.000178331434623054,-3.06422638998715E-17,-0.99999998409895));
#3173=DIRECTION('',(0.809016981510728,-0.587785252292473,0.000144273161241334));
#3174=DIRECTION('',(0.456184740376952,-0.265015875014772,-0.849506956203048));
#3175=DIRECTION('',(-0.393118355339426,0.351819245638744,0.849518202920579));
#3176=DIRECTION('',(0.000178331434623054,-3.06422638998715E-17,-0.99999998409895));
#3177=DIRECTION('',(0.809016981510728,-0.587785252292473,0.000144273161241334));
#3178=DIRECTION('',(0.502448649684389,0.864607047550812,8.80670344899753E-5));
#3179=DIRECTION('',(-0.864607050903673,0.502448651632835,0.));
#3180=DIRECTION('',(-0.696604844046282,0.404878513153876,-0.592296446754125));
#3181=DIRECTION('',(-0.667025218110659,-0.745035129334824,-0.000120255853597846));
#3182=DIRECTION('',(0.745035134721976,-0.667025222933741,0.));
#3183=DIRECTION('',(-0.600251733618051,0.537497151799297,-0.592279214641345));
#3184=DIRECTION('',(-0.709150041320162,0.551379285034976,-0.439416775885868));
#3185=DIRECTION('',(-0.730849773371849,0.522271905793085,-0.439420829253206));
#3186=DIRECTION('',(-0.581412406737703,-0.81360900516862,0.));
#3187=DIRECTION('',(-0.000178331434623054,3.06660900544068E-17,0.99999998409895));
#3188=DIRECTION('',(0.99999998409895,0.,0.000178331434623054));
#3189=DIRECTION('',(-0.000178331434623054,3.06660900544068E-17,0.99999998409895));
#3190=DIRECTION('',(0.99999998409895,0.,0.000178331434623054));
#3191=DIRECTION('',(-0.77979917965093,0.168081412835184,-0.603043844239426));
#3192=DIRECTION('',(-0.000178331434623054,3.06660900544068E-17,0.99999998409895));
#3193=DIRECTION('',(0.99999998409895,0.,0.000178331434623054));
#3194=DIRECTION('',(-0.793567829570404,0.0811496172550975,-0.603046299624058));
#3195=DIRECTION('',(0.000178331434623054,-3.06625926906057E-17,-0.99999998409895));
#3196=DIRECTION('',(0.951056501172356,-0.309016994374948,0.000169603272958528));
#3197=DIRECTION('',(0.515759293170464,-0.111123053901944,-0.849496332187379));
#3198=DIRECTION('',(-0.482603312986773,0.213166550230549,0.849502244939352));
#3199=DIRECTION('',(0.000178331434623054,-3.06625926906057E-17,-0.99999998409895));
#3200=DIRECTION('',(0.951056501172356,-0.309016994374948,0.000169603272958528));
#3201=DIRECTION('',(0.210678795498289,0.977555340545407,3.60352970141999E-5));
#3202=DIRECTION('',(-0.977555341180106,0.210678795635076,0.));
#3203=DIRECTION('',(-0.787619746870556,0.16976697654835,-0.592312677572576));
#3204=DIRECTION('',(-0.404150167495984,-0.914692646044992,-7.3376968020658E-5));
#3205=DIRECTION('',(0.914692648507427,-0.404150168583992,0.));
#3206=DIRECTION('',(-0.736963905793567,0.325669546073647,-0.592303594719528));
#3207=DIRECTION('',(-0.844823500344522,0.305229236002259,-0.439440970728841));
#3208=DIRECTION('',(-0.856466497205578,0.270840887215923,-0.439443230664099));
#3209=DIRECTION('',(-0.456505522152091,0.,0.889720578746297));
#3210=DIRECTION('',(-0.000178331434623054,3.06660900544068E-17,0.99999998409895));
#3211=DIRECTION('',(0.99999998409895,0.,0.000178331434623054));
#3212=DIRECTION('',(-0.000178331434623054,3.06660900544068E-17,0.99999998409895));
#3213=DIRECTION('',(0.99999998409895,0.,0.000178331434623054));
#3214=DIRECTION('',(-0.793567841137036,-0.0811495041399232,-0.603046299624621));
#3215=DIRECTION('',(-0.000178331434623054,3.06660900544068E-17,0.99999998409895));
#3216=DIRECTION('',(0.99999998409895,0.,0.000178331434623054));
#3217=DIRECTION('',(-0.779799203604922,-0.168081301681971,-0.603043844245195));
#3218=DIRECTION('',(0.000178331434623054,-3.06660900544068E-17,-0.99999998409895));
#3219=DIRECTION('',(0.99999998409895,1.22464679914735E-16,0.000178331434623054));
#3220=DIRECTION('',(0.524862563530032,0.0536472659666061,-0.849494708788107));
#3221=DIRECTION('',(-0.524862526551447,0.053647627667054,0.84949470879325));
#3222=DIRECTION('',(0.000178331434623054,-3.06660900544068E-17,-0.99999998409895));
#3223=DIRECTION('',(0.99999998409895,1.22464679914735E-16,0.000178331434623054));
#3224=DIRECTION('',(-0.101713767049828,0.994813705778857,-1.96741177477043E-5));
#3225=DIRECTION('',(-0.994813705971389,-0.101713767069513,0.));
#3226=DIRECTION('',(-0.801526604052102,-0.0819625345578064,-0.592315157602407));
#3227=DIRECTION('',(-0.101714082584301,-0.994813673521831,-1.94431062301664E-5));
#3228=DIRECTION('',(0.994813673709868,-0.101714082603527,0.));
#3229=DIRECTION('',(-0.801526578991833,0.0819631361051568,-0.592315108273845));
#3230=DIRECTION('',(-0.897792080530114,0.0292012226925027,-0.439450416691886));
#3231=DIRECTION('',(-0.898238644547857,-0.00710192447619797,-0.43945067995119));
#3232=DIRECTION('',(-0.439461762730191,0.,0.898261297784822));
#3233=DIRECTION('',(-0.000178331434623054,3.06660900544068E-17,0.99999998409895));
#3234=DIRECTION('',(0.99999998409895,0.,0.000178331434623054));
#3235=DIRECTION('',(-0.000178331434623054,3.06660900544068E-17,0.99999998409895));
#3236=DIRECTION('',(0.99999998409895,0.,0.000178331434623054));
#3237=DIRECTION('',(-0.729646028719744,-0.322436942247974,-0.603034900355928));
#3238=DIRECTION('',(-0.000178331434623054,3.06660900544068E-17,0.99999998409895));
#3239=DIRECTION('',(0.99999998409895,0.,0.000178331434623054));
#3240=DIRECTION('',(-0.689687873909423,-0.400859251719118,-0.60302777456224));
#3241=DIRECTION('',(0.000178331434623054,-3.06761452177617E-17,-0.99999998409895));
#3242=DIRECTION('',(0.951056501172356,0.309016994374948,0.000169603272958509));
#3243=DIRECTION('',(0.482603459926751,0.213166217659869,-0.849502244914818));
#3244=DIRECTION('',(-0.515759369773199,-0.1111226984774,0.849496332172337));
#3245=DIRECTION('',(0.000178331434623054,-3.06761452177617E-17,-0.99999998409895));
#3246=DIRECTION('',(0.951056501172356,0.309016994374948,0.000169603272958509));
#3247=DIRECTION('',(-0.40414987737084,0.914692774216021,-7.36079840471399E-5));
#3248=DIRECTION('',(-0.914692776693985,-0.404149878465709,0.));
#3249=DIRECTION('',(-0.736964115515221,-0.325668981714887,-0.592303644081021));
#3250=DIRECTION('',(0.210678485437219,-0.977555407359928,3.62663094571813E-5));
#3251=DIRECTION('',(0.97755540800279,0.210678485575766,0.));
#3252=DIRECTION('',(-0.787619908925605,-0.169766396696055,-0.592312628277382));
#3253=DIRECTION('',(-0.862870848194572,-0.249685209751278,-0.439444189138326));
#3254=DIRECTION('',(-0.852077266566941,-0.284349550307945,-0.439442447926325));
#3255=DIRECTION('',(-0.458363378666818,0.,0.888764880661437));
#3256=DIRECTION('',(-0.000178331434623054,3.06660900544068E-17,0.99999998409895));
#3257=DIRECTION('',(0.99999998409895,0.,0.000178331434623054));
#3258=DIRECTION('',(-0.000178331434623054,3.06660900544068E-17,0.99999998409895));
#3259=DIRECTION('',(0.99999998409895,0.,0.000178331434623054));
#3260=DIRECTION('',(-0.594290854767919,-0.532162005898508,-0.603010762273189));
#3261=DIRECTION('',(-0.000178331434623054,3.06660900544068E-17,0.99999998409895));
#3262=DIRECTION('',(0.99999998409895,0.,0.000178331434623054));
#3263=DIRECTION('',(-0.532054565277057,-0.594398305247366,-0.602999663587718));
#3264=DIRECTION('',(0.000178331434623054,-3.06693689541837E-17,-0.99999998409895));
#3265=DIRECTION('',(0.809016981510727,0.587785252292473,0.000144273161241297));
#3266=DIRECTION('',(0.393118597857815,0.351818974752106,-0.849518202878951));
#3267=DIRECTION('',(-0.456184923062992,-0.265015560657659,0.849506956168882));
#3268=DIRECTION('',(0.000178331434623054,-3.06693689541837E-17,-0.99999998409895));
#3269=DIRECTION('',(0.809016981510727,0.587785252292473,0.000144273161241297));
#3270=DIRECTION('',(-0.667024981790171,0.745035340873662,-0.000120486879365763));
#3271=DIRECTION('',(-0.745035346281534,-0.667024986631801,0.));
#3272=DIRECTION('',(-0.60025210747121,-0.537496679872495,-0.592279264032108));
#3273=DIRECTION('',(0.502448375443599,-0.864607206896601,8.82980533146938E-5));
#3274=DIRECTION('',(0.864607210267076,0.50244837740228,0.));
#3275=DIRECTION('',(-0.696605177354433,-0.404878011756619,-0.592296397489471));
#3276=DIRECTION('',(-0.743478136869432,-0.504130714205452,-0.439422897664493));
#3277=DIRECTION('',(-0.722500960577782,-0.533763060963314,-0.439419340397365));
#3278=DIRECTION('',(0.59420430400912,-0.804314145777032,0.));
#3279=DIRECTION('',(-0.000178331434623054,3.06660900544068E-17,0.99999998409895));
#3280=DIRECTION('',(0.99999998409895,0.,0.000178331434623054));
#3281=DIRECTION('',(-0.000178331434623054,3.06660900544068E-17,0.99999998409895));
#3282=DIRECTION('',(0.99999998409895,0.,0.000178331434623054));
#3283=DIRECTION('',(-0.400751826782907,-0.689795344620985,-0.602976248180125));
#3284=DIRECTION('',(-0.000178331434623054,3.06660900544068E-17,0.99999998409895));
#3285=DIRECTION('',(0.99999998409895,0.,0.000178331434623054));
#3286=DIRECTION('',(-0.322329524252595,-0.729753511241487,-0.602962263019682));
#3287=DIRECTION('',(0.000178331434623054,-3.06287113727155E-17,-0.99999998409895));
#3288=DIRECTION('',(0.58778524294607,0.809016994374948,0.000104820587291566));
#3289=DIRECTION('',(0.265167379100153,0.456033239328923,-0.84954102060367));
#3290=DIRECTION('',(-0.351970748343841,-0.39296685328864,0.84952554083247));
#3291=DIRECTION('',(0.000178331434623054,-3.06287113727155E-17,-0.99999998409895));
#3292=DIRECTION('',(0.58778524294607,0.809016994374948,0.000104820587291566));
#3293=DIRECTION('',(-0.864607033528858,0.502448657400034,-0.000155721970560736));
#3294=DIRECTION('',(-0.502448663492056,-0.864607044011929,0.));
#3295=DIRECTION('',(-0.404772903795988,-0.696710458044605,-0.592244403944724));
#3296=DIRECTION('',(0.745035117720614,-0.667025228949616,0.000131558895793793));
#3297=DIRECTION('',(0.667025234721966,0.745035124168053,0.));
#3298=DIRECTION('',(-0.537391540341428,-0.600357346075462,-0.59226800469272));
#3299=DIRECTION('',(-0.551300936997132,-0.709228391867972,-0.439388626428193));
#3300=DIRECTION('',(-0.522193558187487,-0.730928124295939,-0.439383619290378));
#3301=DIRECTION('',(0.813679741155944,-0.581313408440229,0.));
#3302=DIRECTION('',(-0.000178331434623054,3.06660900544068E-17,0.99999998409895));
#3303=DIRECTION('',(0.99999998409895,0.,0.000178331434623054));
#3304=DIRECTION('',(-0.000178331434623054,3.06660900544068E-17,0.99999998409895));
#3305=DIRECTION('',(0.99999998409895,0.,0.000178331434623054));
#3306=DIRECTION('',(-0.167973893289589,-0.779906708925188,-0.602934736556636));
#3307=DIRECTION('',(-0.000178331434623054,3.06660900544068E-17,0.99999998409895));
#3308=DIRECTION('',(0.99999998409895,0.,0.000178331434623054));
#3309=DIRECTION('',(-0.0810420990918117,-0.793675359063601,-0.602919233886312));
#3310=DIRECTION('',(0.000178331434623054,-3.06287113727155E-17,-0.99999998409895));
#3311=DIRECTION('',(0.309016989461253,0.951056516295154,5.51074439297594E-5));
#3312=DIRECTION('',(0.11127456043439,0.515607793069374,-0.849568464531413));
#3313=DIRECTION('',(-0.213318055140406,-0.482451812358705,0.849550266966538));
#3314=DIRECTION('',(0.000178331434623054,-3.06287113727155E-17,-0.99999998409895));
#3315=DIRECTION('',(0.309016989461253,0.951056516295154,5.51074439297594E-5));
#3316=DIRECTION('',(-0.977555324727443,0.210678798574528,-0.000175864201722717));
#3317=DIRECTION('',(-0.210678801832488,-0.977555339844465,0.));
#3318=DIRECTION('',(-0.169661370928982,-0.787725362316111,-0.592202476167104));
#3319=DIRECTION('',(0.914692631733007,-0.404150174155006,0.000161814164175015));
#3320=DIRECTION('',(0.404150179446104,0.914692643708083,0.));
#3321=DIRECTION('',(-0.325563937984061,-0.737069520424846,-0.592230229171898));
#3322=DIRECTION('',(-0.305150891878459,-0.844901853049684,-0.439344730136817));
#3323=DIRECTION('',(-0.270762543587927,-0.856544850134394,-0.439338781236126));
#3324=DIRECTION('',(0.,0.456386568385383,-0.889781602528066));
#3325=DIRECTION('',(-0.000178331434623054,3.06660900544068E-17,0.99999998409895));
#3326=DIRECTION('',(0.99999998409895,0.,0.000178331434623054));
#3327=DIRECTION('',(-0.000178331434623054,3.06660900544068E-17,0.99999998409895));
#3328=DIRECTION('',(0.99999998409895,0.,0.000178331434623054));
#3329=DIRECTION('',(0.0812570197224832,-0.79367537063023,-0.60289029084966));
#3330=DIRECTION('',(-0.000178331434623054,3.06660900544068E-17,0.99999998409895));
#3331=DIRECTION('',(0.99999998409895,0.,0.000178331434623054));
#3332=DIRECTION('',(0.168188815882225,-0.77990673287918,-0.602874788178987));
#3333=DIRECTION('',(0.000178331434623054,-3.06558164270277E-17,-0.99999998409895));
#3334=DIRECTION('',(-6.12268766197707E-17,1.,-3.06558164270277E-17));
#3335=DIRECTION('',(-0.0534957568140951,0.524711063573889,-0.849597848258837));
#3336=DIRECTION('',(-0.0537991351134549,-0.524711026595585,0.849578714204901));
#3337=DIRECTION('',(0.000178331434623054,-3.06558164270277E-17,-0.99999998409895));
#3338=DIRECTION('',(-6.12268766197707E-17,1.,-3.06558164270277E-17));
#3339=DIRECTION('',(-0.994813689686472,-0.101713768940987,-0.000178941910745178));
#3340=DIRECTION('',(0.101713770569435,-0.994813705613543,0.));
#3341=DIRECTION('',(0.0820681361744109,-0.801632219718792,-0.592157584882252));
#3342=DIRECTION('',(0.994813657935844,-0.101714084434255,0.000176102261946189));
#3343=DIRECTION('',(0.101714086011434,0.994813673361428,0.));
#3344=DIRECTION('',(-0.0818575318907581,-0.801632194649726,-0.592186768658181));
#3345=DIRECTION('',(-0.0291228829578385,-0.897870434077531,-0.439295505665207));
#3346=DIRECTION('',(0.00718026364020736,-0.898316998135335,-0.439289215295775));
#3347=DIRECTION('',(0.,0.439300539771896,-0.89834015592988));
#3348=DIRECTION('',(-0.000178331434623054,3.06660900544068E-17,0.99999998409895));
#3349=DIRECTION('',(0.99999998409895,0.,0.000178331434623054));
#3350=DIRECTION('',(-0.000178331434623054,3.06660900544068E-17,0.99999998409895));
#3351=DIRECTION('',(0.99999998409895,0.,0.000178331434623054));
#3352=DIRECTION('',(0.322544453993808,-0.729753557196515,-0.602847261714665));
#3353=DIRECTION('',(-0.000178331434623054,3.06660900544068E-17,0.99999998409895));
#3354=DIRECTION('',(0.99999998409895,0.,0.000178331434623054));
#3355=DIRECTION('',(0.40096676221796,-0.689795401750815,-0.602833276553209));
#3356=DIRECTION('',(0.000178331434623054,-3.06829214813398E-17,-0.99999998409895));
#3357=DIRECTION('',(-0.309016989461253,0.951056516295154,-5.51074439298177E-5));
#3358=DIRECTION('',(-0.213014705970816,0.482451959298626,-0.849626295502372));
#3359=DIRECTION('',(0.110971188410974,-0.515607869672432,0.849608097933695));
#3360=DIRECTION('',(0.000178331434623054,-3.06829214813398E-17,-0.99999998409895));
#3361=DIRECTION('',(-0.309016989461253,0.951056516295154,-5.51074439298177E-5));
#3362=DIRECTION('',(-0.914692759397638,-0.404149884071061,-0.000164653830063611));
#3363=DIRECTION('',(0.404149889549491,-0.914692771796702,0.));
#3364=DIRECTION('',(0.325774579456303,-0.737069730155299,-0.592114124361903));
#3365=DIRECTION('',(0.977555392048366,0.210678488554631,0.000173024570569844));
#3366=DIRECTION('',(-0.210678491708225,0.977555406681149,0.));
#3367=DIRECTION('',(0.16987199690769,-0.787725524362367,-0.59214187736946));
#3368=DIRECTION('',(0.249763545051355,-0.862949201186705,-0.439245771447613));
#3369=DIRECTION('',(0.284427885081541,-0.852155619422905,-0.439239773328881));
#3370=DIRECTION('',(0.,0.458163082308146,-0.888868151083106));
#3371=DIRECTION('',(-0.000178331434623054,3.06660900544068E-17,0.99999998409895));
#3372=DIRECTION('',(0.99999998409895,0.,0.000178331434623054));
#3373=DIRECTION('',(-0.000178331434623054,3.06660900544068E-17,0.99999998409895));
#3374=DIRECTION('',(0.99999998409895,0.,0.000178331434623054));
#3375=DIRECTION('',(0.5322695143095,-0.594398381092395,-0.602809861143188));
#3376=DIRECTION('',(-0.000178331434623054,3.06660900544068E-17,0.99999998409895));
#3377=DIRECTION('',(0.99999998409895,0.,0.000178331434623054));
#3378=DIRECTION('',(0.594505812668735,-0.532162090611909,-0.602798762456137));
#3379=DIRECTION('',(0.000178331434623054,-3.06287113727155E-17,-0.99999998409895));
#3380=DIRECTION('',(-0.58778524294607,0.809016994374948,-0.000104820587291615));
#3381=DIRECTION('',(-0.3516674608584,0.392967095806758,-0.849651021647481));
#3382=DIRECTION('',(0.264864048144114,-0.456033422014815,0.849635541868495));
#3383=DIRECTION('',(0.000178331434623054,-3.06287113727155E-17,-0.99999998409895));
#3384=DIRECTION('',(-0.58778524294607,0.809016994374948,-0.000104820587291615));
#3385=DIRECTION('',(-0.745035328752946,-0.667024992670449,-0.000134398576550061));
#3386=DIRECTION('',(0.667024998694678,-0.745035335481724,0.));
#3387=DIRECTION('',(0.537602274245628,-0.600357719937424,-0.592076348824598));
#3388=DIRECTION('',(0.864607193381031,0.502448383200466,0.00015288235590283));
#3389=DIRECTION('',(-0.502448389072333,0.864607203485269,0.));
#3390=DIRECTION('',(0.404983608229733,-0.696710791343966,-0.592099949577849));
#3391=DIRECTION('',(0.504209045459578,-0.743556487963095,-0.43920039581577));
#3392=DIRECTION('',(0.533841391792471,-0.72257931136064,-0.439195295059795));
#3393=DIRECTION('',(0.804303267963229,0.594219027921246,0.));
#3394=DIRECTION('',(-0.000178331434623054,3.06660900544068E-17,0.99999998409895));
#3395=DIRECTION('',(0.99999998409895,0.,0.000178331434623054));
#3396=DIRECTION('',(-0.000178331434623054,3.06660900544068E-17,0.99999998409895));
#3397=DIRECTION('',(0.99999998409895,0.,0.000178331434623054));
#3398=DIRECTION('',(0.689902850525435,-0.400859350029917,-0.602781750163749));
#3399=DIRECTION('',(-0.000178331434623054,3.06660900544068E-17,0.99999998409895));
#3400=DIRECTION('',(0.99999998409895,0.,0.000178331434623054));
#3401=DIRECTION('',(0.72986101651056,-0.322437046252609,-0.602774624368068));
#3402=DIRECTION('',(0.000178331434623054,-3.06829214813398E-17,-0.99999998409895));
#3403=DIRECTION('',(-0.809016981510728,0.587785252292473,-0.000144273161241334));
#3404=DIRECTION('',(-0.455881723777999,0.265015875014737,-0.849669606326702));
#3405=DIRECTION('',(0.392815338740476,-0.351819245638654,0.849658359606056));
#3406=DIRECTION('',(0.000178331434623054,-3.06829214813398E-17,-0.99999998409895));
#3407=DIRECTION('',(-0.809016981510728,0.587785252292473,-0.000144273161241334));
#3408=DIRECTION('',(-0.502448649136789,-0.864607047550809,-9.11377453067128E-5));
#3409=DIRECTION('',(0.864607051141561,-0.502448651223481,0.));
#3410=DIRECTION('',(0.696816049886072,-0.404878513153876,-0.592047956003125));
#3411=DIRECTION('',(0.667025218575829,0.745035129334842,0.000117647278390866));
#3412=DIRECTION('',(-0.745035134490814,0.667025223191938,0.));
#3413=DIRECTION('',(0.600462939440248,-0.537497151799297,-0.592065089467721));
#3414=DIRECTION('',(0.70930671986083,-0.551379285034976,-0.439163820452674));
#3415=DIRECTION('',(0.731006451973662,-0.522271905799139,-0.439160134331219));
#3416=DIRECTION('',(0.581329907214058,0.813667953761542,0.));
#3417=DIRECTION('',(-0.000178331434623054,3.06660900544068E-17,0.99999998409895));
#3418=DIRECTION('',(0.99999998409895,0.,0.000178331434623054));
#3419=DIRECTION('',(-0.000178331434623054,3.06660900544068E-17,0.99999998409895));
#3420=DIRECTION('',(0.99999998409895,0.,0.000178331434623054));
#3421=DIRECTION('',(0.780014213396774,-0.168081412835181,-0.602765680474877));
#3422=DIRECTION('',(-0.000178331434623054,3.06660900544068E-17,0.99999998409895));
#3423=DIRECTION('',(0.99999998409895,0.,0.000178331434623054));
#3424=DIRECTION('',(0.793782863316251,-0.0811496172550968,-0.602763225093241));
#3425=DIRECTION('',(0.000178331434623054,-3.06693689541837E-17,-0.99999998409895));
#3426=DIRECTION('',(-0.951056501172356,0.309016994374948,-0.000169603272958528));
#3427=DIRECTION('',(-0.515456276571326,0.111123053901905,-0.849680230342415));
#3428=DIRECTION('',(0.482300296387727,-0.213166550230532,0.849674317587112));
#3429=DIRECTION('',(0.000178331434623054,-3.06693689541837E-17,-0.99999998409895));
#3430=DIRECTION('',(-0.951056501172356,0.309016994374948,-0.000169603272958528));
#3431=DIRECTION('',(-0.21067879495069,-0.977555340545406,-3.91060077873471E-5));
#3432=DIRECTION('',(0.977555341292884,-0.210678795111784,0.));
#3433=DIRECTION('',(0.787830952710345,-0.16976697654835,-0.592031725184674));
#3434=DIRECTION('',(0.404150167961203,0.91469264604498,7.07683927399129E-5));
#3435=DIRECTION('',(-0.914692648335446,0.404150168973228,0.));
#3436=DIRECTION('',(0.737175111615765,-0.325669546073647,-0.592040709389539));
#3437=DIRECTION('',(0.844980178885191,-0.305229236002259,-0.439139625609701));
#3438=DIRECTION('',(0.856623175810191,-0.270840887220727,-0.439137732920268));
#3439=DIRECTION('',(-0.456188162827722,0.,-0.889883340722742));
#3440=DIRECTION('',(-0.000178331434623054,3.06660900544068E-17,0.99999998409895));
#3441=DIRECTION('',(0.99999998409895,0.,0.000178331434623054));
#3442=DIRECTION('',(-0.000178331434623054,3.06660900544068E-17,0.99999998409895));
#3443=DIRECTION('',(0.99999998409895,0.,0.000178331434623054));
#3444=DIRECTION('',(0.79378287488288,0.0811495041399224,-0.602763225089682));
#3445=DIRECTION('',(-0.000178331434623054,3.06660900544068E-17,0.99999998409895));
#3446=DIRECTION('',(0.99999998409895,0.,0.000178331434623054));
#3447=DIRECTION('',(-0.000178331434623054,3.06660900544068E-17,0.99999998409895));
#3448=DIRECTION('',(0.99999998409895,0.,0.000178331434623054));
#3449=DIRECTION('',(-0.000178331434623054,3.06660900544068E-17,0.99999998409895));
#3450=DIRECTION('',(-0.99999998409895,1.71961211614789E-13,-0.000178331434623054));
#3451=DIRECTION('',(-0.000178331434623054,3.06660900544068E-17,0.99999998409895));
#3452=DIRECTION('',(0.99999998409895,0.,0.000178331434623054));
#3453=DIRECTION('',(0.898395323153928,0.00710192448860722,-0.439130283633122));
#3454=DIRECTION('',(-0.439141358331889,0.,-0.898417980342348));
#3455=DIRECTION('',(0.897948759070782,-0.0292012226925028,-0.439130179646657));
#3456=DIRECTION('',(0.801737809891892,0.0819625345578063,-0.592029245154842));
#3457=DIRECTION('',(0.801737784814031,-0.081963136105157,-0.592029195835221));
#3458=DIRECTION('',(0.101714083049494,0.994813673521831,1.68345309704566E-5));
#3459=DIRECTION('',(-0.994813673662797,0.101714083063907,0.));
#3460=DIRECTION('',(0.52455950995275,-0.0536476276670768,0.849681853733399));
#3461=DIRECTION('',(0.101713767597445,-0.994813705778856,1.66034069419983E-5));
#3462=DIRECTION('',(0.994813705915978,0.101713767611464,0.));
#3463=DIRECTION('',(-0.524559546930963,-0.0536472659666089,-0.849681853741676));
#3464=DIRECTION('',(0.000178331434623054,-3.06660900544068E-17,-0.99999998409895));
#3465=DIRECTION('',(-0.99999998409895,0.,-0.000178331434623054));
#3466=DIRECTION('',(0.000178331434623054,-3.06660900544068E-17,-0.99999998409895));
#3467=DIRECTION('',(-0.99999998409895,0.,-0.000178331434623054));
#3468=DIRECTION('',(-5.46872783373044E-21,-1.,3.06660895667838E-17));
#3469=DIRECTION('',(0.,-3.06660895667838E-17,-1.));
#3470=DIRECTION('',(-0.000178331434623054,3.06660900544068E-17,0.99999998409895));
#3471=DIRECTION('',(0.99999998409895,-4.83080324273077E-32,0.000178331434623054));
#3472=DIRECTION('',(-0.000178331434623054,3.06660900544068E-17,0.99999998409895));
#3473=DIRECTION('',(0.866025393456403,-0.499999994037106,0.000154439553290842));
#3474=DIRECTION('',(0.5,0.866025403784439,0.));
#3475=DIRECTION('',(-0.000178331434623054,3.06660900544068E-17,0.99999998409895));
#3476=DIRECTION('',(0.499999986086581,0.866025407227117,8.91657162481289E-5));
#3477=DIRECTION('',(0.866025393456404,0.499999994037106,0.000154439553290811));
#3478=DIRECTION('',(-0.5,0.866025403784439,0.));
#3479=DIRECTION('',(-0.000178331434623054,3.06660900544068E-17,0.99999998409895));
#3480=DIRECTION('',(-0.499999986086581,0.866025407227117,-8.91657162481821E-5));
#3481=DIRECTION('',(4.17315079488147E-16,1.,-3.05916701440315E-17));
#3482=DIRECTION('',(-1.,4.17315079488147E-16,0.));
#3483=DIRECTION('',(-0.000178331434623054,3.06660900544068E-17,0.99999998409895));
#3484=DIRECTION('',(-0.99999998409895,4.17309617395975E-16,-0.000178331434623054));
#3485=DIRECTION('',(-0.866025393456404,0.499999994037106,-0.000154439553290842));
#3486=DIRECTION('',(-0.5,-0.866025403784439,0.));
#3487=DIRECTION('',(-0.000178331434623054,3.06660900544068E-17,0.99999998409895));
#3488=DIRECTION('',(-0.499999986086581,-0.866025407227117,-8.91657162481289E-5));
#3489=DIRECTION('',(-0.866025393456404,-0.499999994037104,-0.000154439553290811));
#3490=DIRECTION('',(0.5,-0.86602540378444,0.));
#3491=DIRECTION('',(0.499999986086579,-0.866025407227118,8.91657162481818E-5));
#3492=DIRECTION('',(-0.000178331434623054,3.06660900544068E-17,0.99999998409895));
#3493=DIRECTION('',(0.99999998409895,5.46872792064065E-21,0.000178331434623054));
#3494=DIRECTION('',(-0.000178331434623054,3.06660900544068E-17,0.99999998409895));
#3495=DIRECTION('',(-0.99999998409895,1.71961211614789E-13,-0.000178331434623054));
#3496=DIRECTION('',(0.,0.,-1.));
#3497=DIRECTION('',(-1.,0.,0.));
#3498=CARTESIAN_POINT('',(0.,0.,0.));
#3499=CARTESIAN_POINT('',(-0.00467991453297853,3.77360299267439E-19,0.0695411989262787));
#3500=CARTESIAN_POINT('',(-1.43931598464561E-6,2.47506524551508E-19,0.0695420332454892));
#3501=CARTESIAN_POINT('',(0.00935551111800314,2.47506524551508E-19,0.0695437018839103));
#3502=CARTESIAN_POINT('',(-2.54503743353073E-6,0.00360000000000005,0.0695420330483044));
#3503=CARTESIAN_POINT('',(-0.00208100594041682,0.00360000000000007,0.0695416623933838));
#3504=CARTESIAN_POINT('',(0.00207591586554973,0.00360000000000005,0.0695424037032249));
#3505=CARTESIAN_POINT('',(0.00311514631704136,0.00180000000000003,0.0695425890306851));
#3506=CARTESIAN_POINT('',(0.00415437676853297,1.82145964977565E-17,0.0695427743581454));
#3507=CARTESIAN_POINT('',(0.00311514631704135,-0.0018,0.0695425890306852));
#3508=CARTESIAN_POINT('',(0.00207591586554971,-0.00360000000000005,0.0695424037032249));
#3509=CARTESIAN_POINT('',(-2.54503743356022E-6,-0.00360000000000005,0.0695420330483044));
#3510=CARTESIAN_POINT('',(-0.00208100594041683,-0.0036,0.0695416623933838));
#3511=CARTESIAN_POINT('',(-0.00312023639190846,-0.0018,0.0695414770659236));
#3512=CARTESIAN_POINT('',(-0.00415946684340006,3.33934269125535E-17,0.0695412917384633));
#3513=CARTESIAN_POINT('',(-0.00312023639190844,0.00180000000000005,0.0695414770659236));
#3514=CARTESIAN_POINT('',(-7.74387010911514E-7,1.33164530772256E-19,0.0658134199218398));
#3515=CARTESIAN_POINT('',(-1.26098455002256E-6,2.16840434497101E-19,0.0685420332613903));
#3516=CARTESIAN_POINT('',(-0.00855331780269481,-0.00377868168957565,0.0685349976572547));
#3517=CARTESIAN_POINT('',(-0.00808522140390457,-0.00469780514485766,0.0685352580202714));
#3518=CARTESIAN_POINT('',(-2.39685369172178E-9,5.42468245289298E-9,0.0614710166864951));
#3519=CARTESIAN_POINT('',(-0.00525471956336775,-0.0023214274838864,0.0658106423737099));
#3520=CARTESIAN_POINT('',(-7.74387010911514E-7,1.33164530772256E-19,0.0658134199218398));
#3521=CARTESIAN_POINT('',(-0.00496704969398365,-0.00288604249039507,0.0658106972101315));
#3522=CARTESIAN_POINT('',(-0.00808522576019699,-0.0046978242157885,0.0685352403518907));
#3523=CARTESIAN_POINT('',(-1.27634307477962E-6,2.18958016865236E-19,0.0686281567457065));
#3524=CARTESIAN_POINT('',(-0.00855237088659481,-0.00377824729582307,0.0685342105307271));
#3525=CARTESIAN_POINT('',(-0.00862824103771265,-0.00381179583930047,0.0684005390418088));
#3526=CARTESIAN_POINT('',(-0.00914005435171014,-0.00196953828752107,0.0685341062678254));
#3527=CARTESIAN_POINT('',(-0.00900118338391894,-0.00258931108048135,0.0685424807529507));
#3528=CARTESIAN_POINT('',(-0.00880431095354778,-0.0031952260206965,0.0685425138162776));
#3529=CARTESIAN_POINT('',(-0.00855236529530598,-0.00377825888405056,0.0685342112260155));
#3530=CARTESIAN_POINT('',(-0.0091412657752361,-0.00196979671022269,0.0685350696943607));
#3531=CARTESIAN_POINT('',(-0.00922114423433265,-0.00198703174880683,0.0684004333183763));
#3532=CARTESIAN_POINT('',(-0.00922114678824172,-0.00198701989858101,0.0684004333179051));
#3533=CARTESIAN_POINT('',(-0.010121784300085,-0.00292838991640013,0.0666213386594132));
#3534=CARTESIAN_POINT('',(-0.00999795496247441,-0.00272432398500872,0.0669043983001392));
#3535=CARTESIAN_POINT('',(-0.00972871685598552,-0.00234284404965968,0.0674797372010631));
#3536=CARTESIAN_POINT('',(-0.00940679862374464,-0.00205418112475369,0.068085192208491));
#3537=CARTESIAN_POINT('',(-0.00922114704013897,-0.00198701925896382,0.0684004331382247));
#3538=CARTESIAN_POINT('',(-0.0101217842689067,-0.00292838990737598,0.0666213387117152));
#3539=CARTESIAN_POINT('',(-0.0101216244476311,-0.00292834406195443,0.0666216066273033));
#3540=CARTESIAN_POINT('',(-0.0100582808505923,-0.00314781018077752,0.066621374712104));
#3541=CARTESIAN_POINT('',(-0.00998771480223861,-0.00336492883635128,0.0666214178745667));
#3542=CARTESIAN_POINT('',(-0.0099099240538932,-0.00357969929709827,0.0666217399365976));
#3543=CARTESIAN_POINT('',(-0.0099101359703675,-0.00357977659924292,0.0666213764552605));
#3544=CARTESIAN_POINT('',(-0.00862824189285376,-0.00381179392871193,0.0684005390255069));
#3545=CARTESIAN_POINT('',(-0.00881765372629652,-0.00386654476708057,0.068085710897594));
#3546=CARTESIAN_POINT('',(-0.0092483262240429,-0.0038219636530603,0.0674795702665172));
#3547=CARTESIAN_POINT('',(-0.00969003178585598,-0.00367205264955955,0.0669044344837627));
#3548=CARTESIAN_POINT('',(-0.00991013489152414,-0.00357977620938105,0.0666213783036922));
#3549=CARTESIAN_POINT('',(-7.83818880698027E-7,1.34254722139807E-19,0.0658663094735696));
#3550=CARTESIAN_POINT('',(-0.00529871386570654,-0.00234087653527681,0.0657265261521477));
#3551=CARTESIAN_POINT('',(-0.00553261308726876,-0.00240849182018794,0.0653377507116769));
#3552=CARTESIAN_POINT('',(-0.0058153987749325,-0.0023118256281773,0.0649818365590905));
#3553=CARTESIAN_POINT('',(-0.00608594150096157,-0.00219838229255043,0.0646339252201227));
#3554=CARTESIAN_POINT('',(-0.00529871495671662,-0.00234087406659476,0.0657265261516066));
#3555=CARTESIAN_POINT('',(-0.00608594478154369,-0.00219838347804873,0.0646339195993549));
#3556=CARTESIAN_POINT('',(-0.00621628398089742,-0.00179848215086982,0.0646332783503669));
#3557=CARTESIAN_POINT('',(-0.00617685022888854,-0.00193308955369712,0.0646340374016027));
#3558=CARTESIAN_POINT('',(-0.00613341007038845,-0.00206639220249174,0.0646342405973666));
#3559=CARTESIAN_POINT('',(-0.00608596253773425,-0.00219838977983348,0.0646338892396925));
#3560=CARTESIAN_POINT('',(-0.0062159168109604,-0.00179837110168947,0.0646338964212561));
#3561=CARTESIAN_POINT('',(-0.00621591217731666,-0.00179836976051376,0.0646339041942595));
#3562=CARTESIAN_POINT('',(-0.00606388478451302,-0.00154780292699159,0.0649814359542364));
#3563=CARTESIAN_POINT('',(-0.00589042329686985,-0.00130258217291607,0.0653399990495827));
#3564=CARTESIAN_POINT('',(-0.0056628264482573,-0.00122025318808044,0.0657264616363195));
#3565=CARTESIAN_POINT('',(-0.00566282668629755,-0.00122025254109784,0.0657264614809668));
#3566=CARTESIAN_POINT('',(-0.00566282412423224,-0.00122026442917349,0.0657264614814402));
#3567=CARTESIAN_POINT('',(-0.00564618676977678,-0.00121667772835735,0.065753886560362));
#3568=CARTESIAN_POINT('',(-0.00562954941532133,-0.00121309102754121,0.0657813116392837));
#3569=CARTESIAN_POINT('',(-0.00561291206086586,-0.00120950432672507,0.0658087367182055));
#3570=CARTESIAN_POINT('',(-0.00561581902522796,-0.00121012592255677,0.0658105815141641));
#3571=CARTESIAN_POINT('',(-0.00525736533151701,-0.00232259181627301,0.0658124825064205));
#3572=CARTESIAN_POINT('',(-0.00541361247937337,-0.00196758798840194,0.065812454642642));
#3573=CARTESIAN_POINT('',(-0.00553645406395072,-0.00158961982863528,0.0658124327361257));
#3574=CARTESIAN_POINT('',(-0.00561866690275999,-0.00121074381643995,0.065812418074992));
#3575=CARTESIAN_POINT('',(-0.00525201575963866,-0.00232022126067139,0.0658088049970289));
#3576=CARTESIAN_POINT('',(-0.00526758373401731,-0.00232710196389452,0.0657813787149468));
#3577=CARTESIAN_POINT('',(-0.00528315170839596,-0.00233398266711765,0.0657539524328647));
#3578=CARTESIAN_POINT('',(-0.00529871968277461,-0.00234086337034078,0.0657265261507826));
#3579=CARTESIAN_POINT('',(-0.00693415782954033,-0.00306336167313152,0.0671179949165717));
#3580=CARTESIAN_POINT('',(-0.00697747979854291,-0.00308252099358494,0.0670747778199998));
#3581=CARTESIAN_POINT('',(-0.00741028578181499,-0.00159681439563014,0.0671185869033629));
#3582=CARTESIAN_POINT('',(-0.00745698426132264,-0.00160686797290195,0.067074717593177));
#3583=CARTESIAN_POINT('',(-0.00914127581140385,-0.00196981350061371,0.0685350520249671));
#3584=CARTESIAN_POINT('',(-0.0101454065982352,-0.00293522654429474,0.0666333611419658));
#3585=CARTESIAN_POINT('',(-0.00999647670242065,-0.00289213916528033,0.0665575807761285));
#3586=CARTESIAN_POINT('',(-0.00967763073875884,-0.00279989279858448,0.0663953415578021));
#3587=CARTESIAN_POINT('',(-0.00918885046021446,-0.00265848130631601,0.0661466331308995));
#3588=CARTESIAN_POINT('',(-0.008678994384067,-0.00251097199940878,0.065887200382863));
#3589=CARTESIAN_POINT('',(-0.00816933515739235,-0.00236352156776421,0.0656278702342437));
#3590=CARTESIAN_POINT('',(-0.0076592982835011,-0.0022159567329219,0.0653683416411528));
#3591=CARTESIAN_POINT('',(-0.00714968363390347,-0.00206851839957157,0.0651090327852001));
#3592=CARTESIAN_POINT('',(-0.00664989199432465,-0.00192392277282878,0.0648547244229099));
#3593=CARTESIAN_POINT('',(-0.00632019315136709,-0.00182853587786334,0.0646869620226405));
#3594=CARTESIAN_POINT('',(-0.00616038718499747,-0.00178230156299638,0.0646056470803234));
#3595=CARTESIAN_POINT('',(-0.01009126033875,-0.00282449069446041,0.0668013686386871));
#3596=CARTESIAN_POINT('',(-0.00994310088385054,-0.00278303259358937,0.0667230868827201));
#3597=CARTESIAN_POINT('',(-0.00962590755222393,-0.00269427379918971,0.0665554971596847));
#3598=CARTESIAN_POINT('',(-0.00913974536295405,-0.00255819347228153,0.0662987129555289));
#3599=CARTESIAN_POINT('',(-0.00863259144289255,-0.00241624999349995,0.0660308140270454));
#3600=CARTESIAN_POINT('',(-0.00812547528868658,-0.00227427385623078,0.0657630253136062));
#3601=CARTESIAN_POINT('',(-0.00761836410993813,-0.00213236807885397,0.0654950918176073));
#3602=CARTESIAN_POINT('',(-0.00711146415436048,-0.0019905389382524,0.0652272416090948));
#3603=CARTESIAN_POINT('',(-0.00661396290252414,-0.00185115374523236,0.0649647308891802));
#3604=CARTESIAN_POINT('',(-0.00628606007572456,-0.00175939950885542,0.0647914790724297));
#3605=CARTESIAN_POINT('',(-0.00612712863442405,-0.00171492869021033,0.0647075022948642));
#3606=CARTESIAN_POINT('',(-0.0100399708228584,-0.00273255124734212,0.0669435662737285));
#3607=CARTESIAN_POINT('',(-0.00989255092764216,-0.00269243403170216,0.0668631974311687));
#3608=CARTESIAN_POINT('',(-0.00957694027269487,-0.00260654615222401,0.0666911387737036));
#3609=CARTESIAN_POINT('',(-0.00909318682859977,-0.00247487205708332,0.0664274862072679));
#3610=CARTESIAN_POINT('',(-0.0085886278631866,-0.00233755055879118,0.0661524587083304));
#3611=CARTESIAN_POINT('',(-0.00808404626004159,-0.00220019238926787,0.0658774831151533));
#3612=CARTESIAN_POINT('',(-0.00757962898102015,-0.00206294284219192,0.065602464599031));
#3613=CARTESIAN_POINT('',(-0.00707519565466101,-0.00192567024863786,0.0653274651065838));
#3614=CARTESIAN_POINT('',(-0.00658041910904157,-0.00179093400673006,0.0650579488931039));
#3615=CARTESIAN_POINT('',(-0.00625413690513743,-0.00170213975019494,0.0648800783531141));
#3616=CARTESIAN_POINT('',(-0.006095988509664,-0.00165910214714104,0.0647938629037832));
#3617=CARTESIAN_POINT('',(-0.00992264972879257,-0.00255130254996265,0.0672373172108378));
#3618=CARTESIAN_POINT('',(-0.00977693880877776,-0.00251383131082841,0.0671526541854799));
#3619=CARTESIAN_POINT('',(-0.00946498899086156,-0.00243361095899305,0.0669713980329373));
#3620=CARTESIAN_POINT('',(-0.00898690250104975,-0.0023106973455354,0.0666935390803271));
#3621=CARTESIAN_POINT('',(-0.00848823705974,-0.0021824790379452,0.0664037558293354));
#3622=CARTESIAN_POINT('',(-0.00798957415492596,-0.00205428384009258,0.066113910523243));
#3623=CARTESIAN_POINT('',(-0.00749106046123205,-0.00192608310460549,0.06582428149536));
#3624=CARTESIAN_POINT('',(-0.00699243789305932,-0.00179784665223621,0.0655345858212861));
#3625=CARTESIAN_POINT('',(-0.00650370739225186,-0.00167229234434587,0.0652503132645892));
#3626=CARTESIAN_POINT('',(-0.00618120077653112,-0.00158935440749246,0.0650629301243878));
#3627=CARTESIAN_POINT('',(-0.00602487944033233,-0.00154915256915823,0.0649721069947878));
#3628=CARTESIAN_POINT('',(-0.00985376995024492,-0.00245890520957247,0.0673937824604289));
#3629=CARTESIAN_POINT('',(-0.00970908464457843,-0.00242279879875559,0.0673068227530376));
#3630=CARTESIAN_POINT('',(-0.00939932940494937,-0.00234549947642468,0.0671206501070836));
#3631=CARTESIAN_POINT('',(-0.00892457595440914,-0.00222703847101452,0.0668352677092067));
#3632=CARTESIAN_POINT('',(-0.00842936065264963,-0.00210346263698031,0.0665376137648616));
#3633=CARTESIAN_POINT('',(-0.00793419178169097,-0.00197988958753334,0.0662400091203584));
#3634=CARTESIAN_POINT('',(-0.00743906353423353,-0.0018563674721681,0.0659423173869237));
#3635=CARTESIAN_POINT('',(-0.00694374955929741,-0.00173254182586651,0.0656452793513397));
#3636=CARTESIAN_POINT('',(-0.00645927046814696,-0.00161251250878294,0.0653514703845949));
#3637=CARTESIAN_POINT('',(-0.00613889574282513,-0.0015324459730642,0.0651592667176382));
#3638=CARTESIAN_POINT('',(-0.00598359832433007,-0.0014936250867031,0.0650661276472121));
#3639=CARTESIAN_POINT('',(-0.00972266360367748,-0.00231116020318394,0.067662825582651));
#3640=CARTESIAN_POINT('',(-0.00957991965714422,-0.00227723019917025,0.0675719158694373));
#3641=CARTESIAN_POINT('',(-0.00927431872434241,-0.00220458894381394,0.0673772881965902));
#3642=CARTESIAN_POINT('',(-0.00880588120858777,-0.00209323056772048,0.067078986847081));
#3643=CARTESIAN_POINT('',(-0.00831725205503234,-0.0019770796723903,0.0667678026387506));
#3644=CARTESIAN_POINT('',(-0.00782874759737771,-0.00186096220688643,0.0664566904330862));
#3645=CARTESIAN_POINT('',(-0.00734003927612229,-0.00174477173475281,0.0661455104078509));
#3646=CARTESIAN_POINT('',(-0.00685181012267365,-0.00162887999998664,0.0658340902719343));
#3647=CARTESIAN_POINT('',(-0.0063720473971331,-0.00151419966537319,0.0655304758748401));
#3648=CARTESIAN_POINT('',(-0.00605619215172363,-0.00143920615813984,0.0653290599777842));
#3649=CARTESIAN_POINT('',(-0.00590310505009503,-0.00140286580212056,0.0652314173051229));
#3650=CARTESIAN_POINT('',(-0.00965957866066276,-0.00224887447453741,0.0677833263562977));
#3651=CARTESIAN_POINT('',(-0.0095177594136517,-0.00221585765750251,0.0676906507576073));
#3652=CARTESIAN_POINT('',(-0.00921413848955208,-0.0021451718121671,0.0674922419542917));
#3653=CARTESIAN_POINT('',(-0.00874874443202516,-0.00203682047911651,0.0671881303520581));
#3654=CARTESIAN_POINT('',(-0.00826329222727995,-0.00192380452156953,0.0668708841859565));
#3655=CARTESIAN_POINT('',(-0.00777793741498098,-0.00181079774493131,0.0665537762357365));
#3656=CARTESIAN_POINT('',(-0.00729249788024314,-0.00169781638541305,0.0662363584835215));
#3657=CARTESIAN_POINT('',(-0.00680696881012541,-0.00158464824065436,0.0659197823931195));
#3658=CARTESIAN_POINT('',(-0.006332064975399,-0.00147456747941306,0.0656068762270071));
#3659=CARTESIAN_POINT('',(-0.0060180207705014,-0.0014013893582744,0.065402008722529));
#3660=CARTESIAN_POINT('',(-0.00586579196902861,-0.00136591186409459,0.0653027305310588));
#3661=CARTESIAN_POINT('',(-0.0095434843686404,-0.0021511261207641,0.0679898017631847));
#3662=CARTESIAN_POINT('',(-0.00940336416652594,-0.00211954258355162,0.0678940909447941));
#3663=CARTESIAN_POINT('',(-0.00910338133048736,-0.00205192555853565,0.0676891837484535));
#3664=CARTESIAN_POINT('',(-0.00864357977389459,-0.00194828640755506,0.0673751036421614));
#3665=CARTESIAN_POINT('',(-0.00816396028121399,-0.00184017823444804,0.0670474949187284));
#3666=CARTESIAN_POINT('',(-0.00768445514419483,-0.00173209728362333,0.0667199575971151));
#3667=CARTESIAN_POINT('',(-0.00720481148018212,-0.00162398341107099,0.0663923402971761));
#3668=CARTESIAN_POINT('',(-0.00672541247110635,-0.00151592277261754,0.0660648486846212));
#3669=CARTESIAN_POINT('',(-0.00625506770170513,-0.00140991708231472,0.0657436846021739));
#3670=CARTESIAN_POINT('',(-0.0059449523042792,-0.00134001624475092,0.0655318370332708));
#3671=CARTESIAN_POINT('',(-0.00579464070342317,-0.00130613550496909,0.0654291541324043));
#3672=CARTESIAN_POINT('',(-0.00949421899057121,-0.00211448410721638,0.0680732823879201));
#3673=CARTESIAN_POINT('',(-0.00935481635629092,-0.0020834367886205,0.0679763464360235));
#3674=CARTESIAN_POINT('',(-0.00905637009843878,-0.00201696791778657,0.0677688161647061));
#3675=CARTESIAN_POINT('',(-0.00859893277877053,-0.00191509301493222,0.0674507104364838));
#3676=CARTESIAN_POINT('',(-0.00812176118865715,-0.00180880648870536,0.067118956707284));
#3677=CARTESIAN_POINT('',(-0.0076448089142476,-0.00170263326251247,0.066787064599637));
#3678=CARTESIAN_POINT('',(-0.00716731681291241,-0.00159610183067442,0.0664558697366403));
#3679=CARTESIAN_POINT('',(-0.00669174993530519,-0.00149090677440848,0.0661219015380102));
#3680=CARTESIAN_POINT('',(-0.00621874944572742,-0.00138291400985165,0.0658050187842371));
#3681=CARTESIAN_POINT('',(-0.00591094588761644,-0.00131473607084204,0.0655892674052869));
#3682=CARTESIAN_POINT('',(-0.00576181172558359,-0.00128173289043264,0.0654845981377979));
#3683=CARTESIAN_POINT('',(-0.00940630521418503,-0.00205956044603736,0.0682141268260724));
#3684=CARTESIAN_POINT('',(-0.009268191205129,-0.00202931979904068,0.0681151151607493));
#3685=CARTESIAN_POINT('',(-0.00897250383276435,-0.00196457776188642,0.0679031414678534));
#3686=CARTESIAN_POINT('',(-0.00851929714525674,-0.00186534525036472,0.0675782374246744));
#3687=CARTESIAN_POINT('',(-0.008046560865806,-0.00176184089931967,0.0672393686632888));
#3688=CARTESIAN_POINT('',(-0.00757396906671618,-0.00165835200595808,0.0669004755550789));
#3689=CARTESIAN_POINT('',(-0.00710109746108051,-0.00155486083206877,0.0665618695559114));
#3690=CARTESIAN_POINT('',(-0.00662919600650843,-0.00145135773153169,0.0662221886220559));
#3691=CARTESIAN_POINT('',(-0.00616325964657355,-0.00134999530055666,0.0658931836926876));
#3692=CARTESIAN_POINT('',(-0.00585790619604233,-0.00128303850804042,0.0656735918786815));
#3693=CARTESIAN_POINT('',(-0.00570992867417568,-0.00125058308971467,0.0655671193197567));
#3694=CARTESIAN_POINT('',(-0.00937357332624366,-0.00204131576346193,0.0682649206389787));
#3695=CARTESIAN_POINT('',(-0.00923593996459787,-0.00201134368598851,0.0681651599104802));
#3696=CARTESIAN_POINT('',(-0.00894128119703898,-0.0019471763578544,0.0679515833773637));
#3697=CARTESIAN_POINT('',(-0.00848964017524857,-0.00184881754681849,0.0676242445328566));
#3698=CARTESIAN_POINT('',(-0.00801857078546978,-0.00174624720082006,0.0672827835620996));
#3699=CARTESIAN_POINT('',(-0.00754752555556262,-0.00164361079366313,0.06694148523856));
#3700=CARTESIAN_POINT('',(-0.00707662995064051,-0.00154126738189164,0.066599806843235));
#3701=CARTESIAN_POINT('',(-0.00660518729090173,-0.00143785488668787,0.06625941096818));
#3702=CARTESIAN_POINT('',(-0.0061451441600834,-0.00134039494576118,0.0659212020437043));
#3703=CARTESIAN_POINT('',(-0.00584024059032273,-0.00127360233202264,0.0657009123395434));
#3704=CARTESIAN_POINT('',(-0.00569243300620781,-0.00124119275415768,0.0655941767320409));
#3705=CARTESIAN_POINT('',(-0.00932817682708557,-0.00201994117586383,0.0683333592042487));
#3706=CARTESIAN_POINT('',(-0.00919120409357519,-0.00199027987228226,0.068232600475616));
#3707=CARTESIAN_POINT('',(-0.00889796101273284,-0.00192677850028052,0.0680168854869083));
#3708=CARTESIAN_POINT('',(-0.0084485257909659,-0.00182945695792097,0.0676862199768239));
#3709=CARTESIAN_POINT('',(-0.00797965761544069,-0.0017279216363634,0.0673414333750177));
#3710=CARTESIAN_POINT('',(-0.00751117243122955,-0.00162649071183901,0.066996277065263));
#3711=CARTESIAN_POINT('',(-0.007041547593237,-0.00152473913114142,0.0666526631649915));
#3712=CARTESIAN_POINT('',(-0.0065760240377111,-0.00142413914293326,0.066303323308679));
#3713=CARTESIAN_POINT('',(-0.00610487895011055,-0.00132135765604864,0.0659818644012595));
#3714=CARTESIAN_POINT('',(-0.00580335487537769,-0.00125617185350532,0.0657564729762184));
#3715=CARTESIAN_POINT('',(-0.00565733516332775,-0.00122461273269231,0.0656470384671937));
#3716=CARTESIAN_POINT('',(-0.0092995397290139,-0.00200892214909678,0.0683754415979095));
#3717=CARTESIAN_POINT('',(-0.00916298839537027,-0.00197942342090212,0.0682740627735803));
#3718=CARTESIAN_POINT('',(-0.00887064753393869,-0.00191627013073821,0.0680570202486324));
#3719=CARTESIAN_POINT('',(-0.00842259641908054,-0.00181948277274718,0.0677243205933565));
#3720=CARTESIAN_POINT('',(-0.00795516960253669,-0.00171849948072773,0.0673774111832955));
#3721=CARTESIAN_POINT('',(-0.00748813119228015,-0.00161763929016047,0.0670301326037702));
#3722=CARTESIAN_POINT('',(-0.00701993765157839,-0.00151638690768087,0.0666843982084321));
#3723=CARTESIAN_POINT('',(-0.00655586057879261,-0.00141654634990456,0.0663329437440134));
#3724=CARTESIAN_POINT('',(-0.00608610736762231,-0.0013135651974199,0.0660093599707635));
#3725=CARTESIAN_POINT('',(-0.00578551975146721,-0.00124884453116586,0.0657826079529625));
#3726=CARTESIAN_POINT('',(-0.00563995419937469,-0.00121751921786022,0.065672514536393));
#3727=CARTESIAN_POINT('',(-0.00926105111780869,-0.00199561800735172,0.0684304200775774));
#3728=CARTESIAN_POINT('',(-0.0091250683078459,-0.00196631564654492,0.0683282330360751));
#3729=CARTESIAN_POINT('',(-0.0088339436684207,-0.00190358243037962,0.0681094615200577));
#3730=CARTESIAN_POINT('',(-0.00838773205459531,-0.00180743022005835,0.067774146775176));
#3731=CARTESIAN_POINT('',(-0.00792229501617919,-0.00170713543782111,0.0674243846907085));
#3732=CARTESIAN_POINT('',(-0.00745696305415871,-0.00160686332798484,0.0670747017031958));
#3733=CARTESIAN_POINT('',(-0.00699152091469769,-0.00150656792719607,0.0667249356411864));
#3734=CARTESIAN_POINT('',(-0.00652619252535591,-0.00140629591292879,0.0663752549014274));
#3735=CARTESIAN_POINT('',(-0.00606999199976671,-0.00130799155607063,0.0660324344026228));
#3736=CARTESIAN_POINT('',(-0.00576900436755521,-0.00124313301964117,0.06580625113133));
#3737=CARTESIAN_POINT('',(-0.00562311418161347,-0.00121169576482991,0.0656966189810559));
#3738=CARTESIAN_POINT('',(-0.00816931556238629,-0.00236351527643834,0.0656278590912964));
#3739=CARTESIAN_POINT('',(-0.000191854465587664,-5.09009765962002E-5,0.0858469871827044));
#3740=CARTESIAN_POINT('',(-0.00999483054656309,-0.00361037051623954,0.0666653948978231));
#3741=CARTESIAN_POINT('',(-0.00982848759318265,-0.0035502830464138,0.066578945954472));
#3742=CARTESIAN_POINT('',(-0.00949579412580716,-0.00343010537566856,0.0664060441384952));
#3743=CARTESIAN_POINT('',(-0.00899658827015593,-0.00324978092738126,0.0661466025126177));
#3744=CARTESIAN_POINT('',(-0.00849744879356304,-0.00306947940515816,0.0658871972263072));
#3745=CARTESIAN_POINT('',(-0.00799859118743775,-0.00288927655006522,0.0656279413348964));
#3746=CARTESIAN_POINT('',(-0.00749894206415802,-0.00270879712107419,0.0653682646573103));
#3747=CARTESIAN_POINT('',(-0.00700014699254041,-0.00252861795691485,0.0651090400761862));
#3748=CARTESIAN_POINT('',(-0.00650092294742132,-0.00234828369219287,0.0648495937742189));
#3749=CARTESIAN_POINT('',(-0.00616821766158745,-0.00222810244295095,0.0646766846777439));
#3750=CARTESIAN_POINT('',(-0.006001846789035,-0.00216800523334183,0.0645902206554466));
#3751=CARTESIAN_POINT('',(-0.00866560839074609,-0.00382830397312689,0.0684305495369164));
#3752=CARTESIAN_POINT('',(-0.00853834906629592,-0.00377208340343802,0.0683283449385956));
#3753=CARTESIAN_POINT('',(-0.00826591892923015,-0.00365172929489535,0.0681095506422664));
#3754=CARTESIAN_POINT('',(-0.00784840333983932,-0.00346727832258034,0.0677742348708672));
#3755=CARTESIAN_POINT('',(-0.007412891797121,-0.00327487762081334,0.0674244664212382));
#3756=CARTESIAN_POINT('',(-0.00697744371026709,-0.00308250537841093,0.0670747488655668));
#3757=CARTESIAN_POINT('',(-0.00654199000401469,-0.00289012868556407,0.0667250266238539));
#3758=CARTESIAN_POINT('',(-0.00610655290186061,-0.00269776197029746,0.0663753178449422));
#3759=CARTESIAN_POINT('',(-0.00567941290775581,-0.00250905899915178,0.0660322732730763));
#3760=CARTESIAN_POINT('',(-0.0053974787360745,-0.00238450597437777,0.0658058460004387));
#3761=CARTESIAN_POINT('',(-0.00526066884848986,-0.00232406603872642,0.0656959710926504));
#3762=CARTESIAN_POINT('',(-0.00870020826532908,-0.00383884091187328,0.0683816857442797));
#3763=CARTESIAN_POINT('',(-0.00857244819824298,-0.00378246783414076,0.0682801872684428));
#3764=CARTESIAN_POINT('',(-0.00829894120373609,-0.00366178582626636,0.068062912932827));
#3765=CARTESIAN_POINT('',(-0.00787964508808055,-0.00347679460667758,0.0677301481926162));
#3766=CARTESIAN_POINT('',(-0.00744285790095599,-0.00328400521254766,0.067382174427124));
#3767=CARTESIAN_POINT('',(-0.00700392120224445,-0.00309057185995617,0.0670374073362578));
#3768=CARTESIAN_POINT('',(-0.00656779137394755,-0.00289798899332903,0.0666886268864));
#3769=CARTESIAN_POINT('',(-0.00613038108575115,-0.00270502444244921,0.0663417558140465));
#3770=CARTESIAN_POINT('',(-0.00570159936043751,-0.0025158123047495,0.0660008837568374));
#3771=CARTESIAN_POINT('',(-0.00541854809403341,-0.002390919850444,0.0657760439882517));
#3772=CARTESIAN_POINT('',(-0.00528119567781897,-0.00233031515960392,0.065666941503052));
#3773=CARTESIAN_POINT('',(-0.00872537994754187,-0.00384564940809144,0.0683460401291693));
#3774=CARTESIAN_POINT('',(-0.00859726141145246,-0.00378917805277347,0.0682450514449171));
#3775=CARTESIAN_POINT('',(-0.00832297979129307,-0.00366828471708802,0.068028878677354));
#3776=CARTESIAN_POINT('',(-0.0079023040858079,-0.00348294461257231,0.0676980743599941));
#3777=CARTESIAN_POINT('',(-0.00746498404147126,-0.00328991954233335,0.067350878057392));
#3778=CARTESIAN_POINT('',(-0.00702207497803831,-0.00309575493855817,0.0670116645639453));
#3779=CARTESIAN_POINT('',(-0.00659180051337541,-0.00290413847783466,0.0666547765647382));
#3780=CARTESIAN_POINT('',(-0.00615095812973604,-0.00271043074697142,0.0663127406476447));
#3781=CARTESIAN_POINT('',(-0.00572118702028159,-0.00252091503002783,0.0659732181900579));
#3782=CARTESIAN_POINT('',(-0.00543712577216368,-0.00239576394754416,0.0657498121306072));
#3783=CARTESIAN_POINT('',(-0.00529927842483011,-0.002335032967484,0.0656414127101385));
#3784=CARTESIAN_POINT('',(-0.00878160263383591,-0.00385702792635661,0.0682677353086477));
#3785=CARTESIAN_POINT('',(-0.0086526291591023,-0.00380038509028407,0.0681679422318239));
#3786=CARTESIAN_POINT('',(-0.00837653938481655,-0.00367912849765054,0.0679542987484958));
#3787=CARTESIAN_POINT('',(-0.00795367923675216,-0.00349333383176388,0.0676265670928628));
#3788=CARTESIAN_POINT('',(-0.00751149926857732,-0.00329938372257069,0.0672860989057385));
#3789=CARTESIAN_POINT('',(-0.00707337406662559,-0.00310597428695678,0.0669404119662574));
#3790=CARTESIAN_POINT('',(-0.00662707457212219,-0.00291145055311567,0.0666055357533842));
#3791=CARTESIAN_POINT('',(-0.00618733695297232,-0.00271787500550985,0.0662620970165518));
#3792=CARTESIAN_POINT('',(-0.00575407031654649,-0.00252766286990385,0.0659273452029777));
#3793=CARTESIAN_POINT('',(-0.00546848165929969,-0.002402198335466,0.0657060863802972));
#3794=CARTESIAN_POINT('',(-0.00532990368773444,-0.00234131723109574,0.0655987153551106));
#3795=CARTESIAN_POINT('',(-0.00881502970545784,-0.00386120739386281,0.0682220045786913));
#3796=CARTESIAN_POINT('',(-0.00868557901686095,-0.00380450564949018,0.0681228691793541));
#3797=CARTESIAN_POINT('',(-0.00840845988957665,-0.00368312183233702,0.0679106436740148));
#3798=CARTESIAN_POINT('',(-0.00798381581354486,-0.00349710248176567,0.0675853526632842));
#3799=CARTESIAN_POINT('',(-0.00754064402161831,-0.00330303589532406,0.0672462601552155));
#3800=CARTESIAN_POINT('',(-0.00709828997395443,-0.00310907295937263,0.0669063184452466));
#3801=CARTESIAN_POINT('',(-0.00665307302479635,-0.00291481310037182,0.0665699951452214));
#3802=CARTESIAN_POINT('',(-0.00621091328091133,-0.00272089555805038,0.0662298918996818));
#3803=CARTESIAN_POINT('',(-0.00577617553544265,-0.00253049799735669,0.0658971130623982));
#3804=CARTESIAN_POINT('',(-0.00548947111026519,-0.00240489001060291,0.0656773922721945));
#3805=CARTESIAN_POINT('',(-0.00535034974706741,-0.00234393901014812,0.0655707707766797));
#3806=CARTESIAN_POINT('',(-0.00889322318462333,-0.00386760430700912,0.0681153069288344));
#3807=CARTESIAN_POINT('',(-0.00876263953691429,-0.00381081155507307,0.0680177284914815));
#3808=CARTESIAN_POINT('',(-0.00848308740018508,-0.00368923209245882,0.0678088448409195));
#3809=CARTESIAN_POINT('',(-0.0080545116356237,-0.00350289105838031,0.0674889092909519));
#3810=CARTESIAN_POINT('',(-0.00760805185666325,-0.00330855219496685,0.0671543108542164));
#3811=CARTESIAN_POINT('',(-0.00715940525972978,-0.00311409811698907,0.0668229941279018));
#3812=CARTESIAN_POINT('',(-0.00671558439725617,-0.00291997725340767,0.0664846800660833));
#3813=CARTESIAN_POINT('',(-0.00626789728419252,-0.00272560717908836,0.0661521925970082));
#3814=CARTESIAN_POINT('',(-0.00582951799202061,-0.00253490456071267,0.0658243351488753));
#3815=CARTESIAN_POINT('',(-0.00554014382791777,-0.00240908017338487,0.0656082776440954));
#3816=CARTESIAN_POINT('',(-0.0053997233580293,-0.00234802395980329,0.0655034393928631));
#3817=CARTESIAN_POINT('',(-0.00893958811357715,-0.00386859152665309,0.0680522416043712));
#3818=CARTESIAN_POINT('',(-0.00880832069237619,-0.00381178476974313,0.067955600108566));
#3819=CARTESIAN_POINT('',(-0.0085273084829434,-0.00369017540458971,0.0677487155720399));
#3820=CARTESIAN_POINT('',(-0.00809659386557176,-0.00350379063338591,0.067431667108968));
#3821=CARTESIAN_POINT('',(-0.00764739100544677,-0.00330936765380698,0.0671008111098426));
#3822=CARTESIAN_POINT('',(-0.00719796112801354,-0.00311499663434902,0.0667705580082055));
#3823=CARTESIAN_POINT('',(-0.00674969856559663,-0.00292056760490503,0.066438288958328));
#3824=CARTESIAN_POINT('',(-0.00630028967980927,-0.00272622616511076,0.0661081511022316));
#3825=CARTESIAN_POINT('',(-0.00585951089453069,-0.00253546396036071,0.0657835731423255));
#3826=CARTESIAN_POINT('',(-0.00556866326916676,-0.00240961350628616,0.0655695230888467));
#3827=CARTESIAN_POINT('',(-0.00542752928900194,-0.00234854482326986,0.0654656568347353));
#3828=CARTESIAN_POINT('',(-0.00909124676219308,-0.00386473798732319,0.067845709663105));
#3829=CARTESIAN_POINT('',(-0.00895775896841768,-0.00380799115965287,0.0677521079036893));
#3830=CARTESIAN_POINT('',(-0.00867199026669879,-0.00368650920777632,0.0675517296185953));
#3831=CARTESIAN_POINT('',(-0.00823390000329773,-0.0035002962928868,0.0672446242338189));
#3832=CARTESIAN_POINT('',(-0.00777715856255356,-0.00330606027711821,0.0669240720531633));
#3833=CARTESIAN_POINT('',(-0.00731988535646209,-0.00311193335497829,0.0666044564739446));
#3834=CARTESIAN_POINT('',(-0.00686484857673447,-0.00291750004268858,0.0662814950880706));
#3835=CARTESIAN_POINT('',(-0.00640755118795656,-0.00272341348013549,0.0659620708997126));
#3836=CARTESIAN_POINT('',(-0.00595935252967351,-0.00253284729093267,0.0656476732808254));
#3837=CARTESIAN_POINT('',(-0.00566354022558003,-0.00240712862854172,0.0654403837827296));
#3838=CARTESIAN_POINT('',(-0.00551999620199226,-0.00234612393071129,0.0653397986752978));
#3839=CARTESIAN_POINT('',(-0.00920488231471144,-0.00384866133016711,0.0676905349704159));
#3840=CARTESIAN_POINT('',(-0.00906972197098716,-0.00379215065489585,0.0675992163601552));
#3841=CARTESIAN_POINT('',(-0.00878037091910228,-0.00367117350658981,0.0674037239085646));
#3842=CARTESIAN_POINT('',(-0.00833674148095884,-0.00348571457020198,0.0671040581205083));
#3843=CARTESIAN_POINT('',(-0.00787422516176365,-0.00329229325391126,0.0667914277211436));
#3844=CARTESIAN_POINT('',(-0.00741148743047221,-0.0030989425940336,0.0664791722022945));
#3845=CARTESIAN_POINT('',(-0.00694964939636219,-0.00290539158720873,0.066165661872038));
#3846=CARTESIAN_POINT('',(-0.00648693514441628,-0.00271209041257971,0.0658535506172547));
#3847=CARTESIAN_POINT('',(-0.00603320500722292,-0.00252231771772262,0.0655467804218469));
#3848=CARTESIAN_POINT('',(-0.00573372066947223,-0.00239712001775535,0.0653444920514105));
#3849=CARTESIAN_POINT('',(-0.00558839449022274,-0.00233636808170232,0.0652463333130976));
#3850=CARTESIAN_POINT('',(-0.00941666307803108,-0.00380182637030873,0.0673948210439197));
#3851=CARTESIAN_POINT('',(-0.00927838336620873,-0.00374599674704207,0.0673078265760099));
#3852=CARTESIAN_POINT('',(-0.00898235997767963,-0.00362647833745042,0.0671215901219314));
#3853=CARTESIAN_POINT('',(-0.00852864960378732,-0.00344327570265046,0.0668360857309342));
#3854=CARTESIAN_POINT('',(-0.00805535695346739,-0.0032522286303425,0.0665384679131198));
#3855=CARTESIAN_POINT('',(-0.00758232314219005,-0.0030611260172033,0.0662404815663727));
#3856=CARTESIAN_POINT('',(-0.00710849139779376,-0.00287027068072505,0.0659438698828635));
#3857=CARTESIAN_POINT('',(-0.00663565109901279,-0.00267920459054554,0.0656458777195694));
#3858=CARTESIAN_POINT('',(-0.00617127159271808,-0.00249178321817089,0.0653539482393264));
#3859=CARTESIAN_POINT('',(-0.00586494802364445,-0.00236809026857138,0.0651611807117853));
#3860=CARTESIAN_POINT('',(-0.00571630564618139,-0.00230806788010372,0.0650676382869921));
#3861=CARTESIAN_POINT('',(-0.00951819877535878,-0.00377008658120887,0.0672504309910439));
#3862=CARTESIAN_POINT('',(-0.00937841722228159,-0.00371472040368037,0.0671655513918924));
#3863=CARTESIAN_POINT('',(-0.00907918291891689,-0.00359619489102992,0.0669838437966886));
#3864=CARTESIAN_POINT('',(-0.00862066198604312,-0.00341453458453185,0.0667053189372604));
#3865=CARTESIAN_POINT('',(-0.00814223530179447,-0.00322508648113279,0.0664149633634467));
#3866=CARTESIAN_POINT('',(-0.00766411617811136,-0.00303554176122138,0.0661241854593666));
#3867=CARTESIAN_POINT('',(-0.00718513366909577,-0.00284640326646968,0.0658349626533863));
#3868=CARTESIAN_POINT('',(-0.00670718157398404,-0.00265687708613328,0.065544143500879));
#3869=CARTESIAN_POINT('',(-0.00623777379965839,-0.00247103297919628,0.0652594032559026));
#3870=CARTESIAN_POINT('',(-0.00592814075296249,-0.00234836575511921,0.0650713164776915));
#3871=CARTESIAN_POINT('',(-0.0057778925636146,-0.00228884089697198,0.0649800445351442));
#3872=CARTESIAN_POINT('',(-0.00972142629191467,-0.00369229349194829,0.0669543006210933));
#3873=CARTESIAN_POINT('',(-0.00957866207771067,-0.00363807217558638,0.0668737763186304));
#3874=CARTESIAN_POINT('',(-0.00927304393111334,-0.00352199776483125,0.0667013928384054));
#3875=CARTESIAN_POINT('',(-0.0088047734884716,-0.0033441003758877,0.0664371716470941));
#3876=CARTESIAN_POINT('',(-0.0083161471250521,-0.00315855924377799,0.0661616726391955));
#3877=CARTESIAN_POINT('',(-0.00782783532717944,-0.00297297064086151,0.0658859424564831));
#3878=CARTESIAN_POINT('',(-0.00733876857010017,-0.00278761536578819,0.0656110548660748));
#3879=CARTESIAN_POINT('',(-0.00685059406285028,-0.0026020458549203,0.0653353024713688));
#3880=CARTESIAN_POINT('',(-0.00637104015153824,-0.00242001057442759,0.0650651165734688));
#3881=CARTESIAN_POINT('',(-0.00605481519500919,-0.00229988360461626,0.0648866906415347));
#3882=CARTESIAN_POINT('',(-0.0059013696727205,-0.00224159177204336,0.0648001074045571));
#3883=CARTESIAN_POINT('',(-0.00982335840584142,-0.0036461649475349,0.0668024029936859));
#3884=CARTESIAN_POINT('',(-0.00967910625310691,-0.00359262476263627,0.0667241191506197));
#3885=CARTESIAN_POINT('',(-0.00937030123620944,-0.00347800841200354,0.0665565317379031));
#3886=CARTESIAN_POINT('',(-0.00889710498700526,-0.00330234370844567,0.0662996557190555));
#3887=CARTESIAN_POINT('',(-0.00840339070657349,-0.00311911156179489,0.0660317534135148));
#3888=CARTESIAN_POINT('',(-0.0079099584497339,-0.00293592182008485,0.0657638658149775));
#3889=CARTESIAN_POINT('',(-0.00741594360004782,-0.00275264615917105,0.0654959477769698));
#3890=CARTESIAN_POINT('',(-0.00692267497195154,-0.00256950135213482,0.0652281138451405));
#3891=CARTESIAN_POINT('',(-0.00643797895483437,-0.00238969471167283,0.0649652788766557));
#3892=CARTESIAN_POINT('',(-0.00611846187007656,-0.00227108509359959,0.0647918390843528));
#3893=CARTESIAN_POINT('',(-0.00596342020701251,-0.00221353019047766,0.0647076772114977));
#3894=CARTESIAN_POINT('',(-0.00993326981761908,-0.00358813315499885,0.0666334015971917));
#3895=CARTESIAN_POINT('',(-0.0097874467179292,-0.00353545800271259,0.0665576168785265));
#3896=CARTESIAN_POINT('',(-0.00947526702313491,-0.00342269052181137,0.0663953760246669));
#3897=CARTESIAN_POINT('',(-0.00899658827015593,-0.00324978092738126,0.0661466025126177));
#3898=CARTESIAN_POINT('',(-0.00849744879356304,-0.00306947940515816,0.0658871972263072));
#3899=CARTESIAN_POINT('',(-0.00799859118743775,-0.00288927655006522,0.0656279413348964));
#3900=CARTESIAN_POINT('',(-0.00749894206415802,-0.00270879712107419,0.0653682646573103));
#3901=CARTESIAN_POINT('',(-0.00700014699254041,-0.00252861795691485,0.0651090400761862));
#3902=CARTESIAN_POINT('',(-0.00651049077510982,-0.00235173987021166,0.0648545661659454));
#3903=CARTESIAN_POINT('',(-0.00618734831041992,-0.00223501290037595,0.0646866269980851));
#3904=CARTESIAN_POINT('',(-0.00603054265695363,-0.0021783708795354,0.0646051340841383));
#3905=CARTESIAN_POINT('',(-7.74387010911514E-7,1.33164530772256E-19,0.0658134199218398));
#3906=CARTESIAN_POINT('',(-1.26098455002256E-6,2.16840434497101E-19,0.0685420332613903));
#3907=CARTESIAN_POINT('',(-0.00696707346123143,-0.00623647108323494,0.0685352805344883));
#3908=CARTESIAN_POINT('',(-0.0062378625693571,-0.00696595968038086,0.0685355874624279));
#3909=CARTESIAN_POINT('',(-3.95586236244506E-9,4.41851106090543E-9,0.0614710166862171));
#3910=CARTESIAN_POINT('',(-0.0042802126348543,-0.00383136720991266,0.0658108161589312));
#3911=CARTESIAN_POINT('',(-7.74387010911514E-7,1.33164530772256E-19,0.0658134199218398));
#3912=CARTESIAN_POINT('',(-0.00383214670154967,-0.00427945311103308,0.0658108995990136));
#3913=CARTESIAN_POINT('',(-0.00623786081904155,-0.00696597916505595,0.0685355697951362));
#3914=CARTESIAN_POINT('',(-1.27634307477962E-6,2.19381533338864E-19,0.0686281567457065));
#3915=CARTESIAN_POINT('',(-0.00696630711868216,-0.00623576538043996,0.0685344933757588));
#3916=CARTESIAN_POINT('',(-0.00702809568380063,-0.00629112447330883,0.0684008243980299));
#3917=CARTESIAN_POINT('',(-0.00808414912026064,-0.00469718507290435,0.0685342945689231));
#3918=CARTESIAN_POINT('',(-0.00776055473166549,-0.00524371007638464,0.068542701996042));
#3919=CARTESIAN_POINT('',(-0.0073860799131697,-0.00575913250103379,0.0685427667314576));
#3920=CARTESIAN_POINT('',(-0.00696629822009738,-0.00623577467365767,0.0685344940716369));
#3921=CARTESIAN_POINT('',(-0.00815586323819974,-0.00473888786103107,0.0684006232914677));
#3922=CARTESIAN_POINT('',(-0.00815586932903271,-0.00473887737999791,0.0684006232903657));
#3923=CARTESIAN_POINT('',(-0.00872151164779191,-0.0059125838035545,0.0666215883720481));
#3924=CARTESIAN_POINT('',(-0.0086668052595165,-0.00568022460194216,0.0669046356859792));
#3925=CARTESIAN_POINT('',(-0.00852863340629852,-0.00523418476902099,0.0674799512136697));
#3926=CARTESIAN_POINT('',(-0.00831167800584316,-0.00486013844521863,0.0680853875029249));
#3927=CARTESIAN_POINT('',(-0.00815586976625224,-0.00473887684953624,0.0684006231106522));
#3928=CARTESIAN_POINT('',(-0.00872151162092863,-0.00591258378533451,0.0666215884243493));
#3929=CARTESIAN_POINT('',(-0.00872137379121497,-0.00591249078149378,0.0666218563360163));
#3930=CARTESIAN_POINT('',(-0.00859331168903568,-0.00610164122902835,0.0666216359621604));
#3931=CARTESIAN_POINT('',(-0.00845910603588546,-0.0062863272310221,0.0666216904735652));
#3932=CARTESIAN_POINT('',(-0.00831875491924869,-0.00646654739661353,0.0666220236920766));
#3933=CARTESIAN_POINT('',(-0.00831893257294428,-0.00646668642114337,0.0666216602168496));
#3934=CARTESIAN_POINT('',(-0.00702809708749233,-0.00629112292048518,0.0684008243816302));
#3935=CARTESIAN_POINT('',(-0.00719131675913239,-0.00640174288600054,0.0680860009246031));
#3936=CARTESIAN_POINT('',(-0.00761468167632158,-0.00649246224856605,0.0674798615966977));
#3937=CARTESIAN_POINT('',(-0.00808108865696615,-0.00648641462902494,0.0669047214089036));
#3938=CARTESIAN_POINT('',(-0.00831893166739334,-0.0064666857168799,0.0666216620652504));
#3939=CARTESIAN_POINT('',(-7.83818880698026E-7,1.33831205666179E-19,0.0658663094735696));
#3940=CARTESIAN_POINT('',(-0.00431604288135343,-0.00386346397926541,0.0657267013932769));
#3941=CARTESIAN_POINT('',(-0.00451759659546094,-0.00400007019428662,0.0653379317210269));
#3942=CARTESIAN_POINT('',(-0.00481641015603031,-0.00399554037785322,0.0649820147101669));
#3943=CARTESIAN_POINT('',(-0.00510876446040112,-0.00397127082549776,0.064634099481509));
#3944=CARTESIAN_POINT('',(-0.00431604468183036,-0.00386346196854994,0.0657267013926093));
#3945=CARTESIAN_POINT('',(-0.00510876721403195,-0.003971272967039,0.0646340938608352));
#3946=CARTESIAN_POINT('',(-0.00535630345771832,-0.00363122126628106,0.0646334317119299));
#3947=CARTESIAN_POINT('',(-0.0052772037630912,-0.00374705477272325,0.0646341978368501));
#3948=CARTESIAN_POINT('',(-0.00519469693576896,-0.00386040936729975,0.0646344079994293));
#3949=CARTESIAN_POINT('',(-0.00510878215354909,-0.00397128444902998,0.0646340635016752));
#3950=CARTESIAN_POINT('',(-0.0053559885798346,-0.00363100215642562,0.0646340497734936));
#3951=CARTESIAN_POINT('',(-0.00535598458749144,-0.00363099944858873,0.0646340575463827));
#3952=CARTESIAN_POINT('',(-0.00528883038654076,-0.0033456980299732,0.0649815741708013));
#3953=CARTESIAN_POINT('',(-0.00519963921689593,-0.00305885692768424,0.0653401222381006));
#3954=CARTESIAN_POINT('',(-0.00500862617872764,-0.00291020482024192,0.0657265783007939));
#3955=CARTESIAN_POINT('',(-0.00500862660504463,-0.00291020427849194,0.0657265781454077));
#3956=CARTESIAN_POINT('',(-0.00500862049475836,-0.00291021479300202,0.0657265781465138));
#3957=CARTESIAN_POINT('',(-0.00499390602122251,-0.0029016609013064,0.0657540028825255));
#3958=CARTESIAN_POINT('',(-0.00497919154768667,-0.00289310700961079,0.0657814276185371));
#3959=CARTESIAN_POINT('',(-0.00496447707415082,-0.00288455311791517,0.0658088523545488));
#3960=CARTESIAN_POINT('',(-0.00428236912746951,-0.00383329204171937,0.0658126563788951));
#3961=CARTESIAN_POINT('',(-0.00454067120972677,-0.00354394636269084,0.0658126103155135));
#3962=CARTESIAN_POINT('',(-0.00477429908205437,-0.00322243741924665,0.0658125686523192));
#3963=CARTESIAN_POINT('',(-0.00496956726279474,-0.0028875100837322,0.0658125338298638));
#3964=CARTESIAN_POINT('',(-0.00427801389212437,-0.00382938460342862,0.065808978692182));
#3965=CARTESIAN_POINT('',(-0.00429069342205051,-0.00384074082103246,0.0657815529252004));
#3966=CARTESIAN_POINT('',(-0.00430337295197666,-0.0038520970386363,0.0657541271582187));
#3967=CARTESIAN_POINT('',(-0.00431605248190279,-0.00386345325624014,0.0657267013912371));
#3968=CARTESIAN_POINT('',(-0.00564819448547247,-0.00505589146739811,0.0671182242442633));
#3969=CARTESIAN_POINT('',(-0.00568347519372611,-0.00508750266998557,0.067075008581701));
#3970=CARTESIAN_POINT('',(-0.00655420710757768,-0.0038082537164629,0.0671187395691034));
#3971=CARTESIAN_POINT('',(-0.00659551289180692,-0.00383224827771476,0.0670748712206046));
#3972=CARTESIAN_POINT('',(-0.00874186525917837,-0.0059263848519934,0.0666336114375102));
#3973=CARTESIAN_POINT('',(-0.00861353858178449,-0.00583938862742852,0.0665578273974714));
#3974=CARTESIAN_POINT('',(-0.00833880232832822,-0.00565313724007386,0.066395580312997));
#3975=CARTESIAN_POINT('',(-0.00791764104146994,-0.00536761921437479,0.0661468598275025));
#3976=CARTESIAN_POINT('',(-0.00747831971465069,-0.00506978963379249,0.0658874145009027));
#3977=CARTESIAN_POINT('',(-0.00703916741024467,-0.00477207687108986,0.0656280717786826));
#3978=CARTESIAN_POINT('',(-0.00659969129279155,-0.00447413861601036,0.0653685306023906));
#3979=CARTESIAN_POINT('',(-0.00616057764531255,-0.00417645113337005,0.0651092091738928));
#3980=CARTESIAN_POINT('',(-0.00572992783454422,-0.0038845024267918,0.064854888481441));
#3981=CARTESIAN_POINT('',(-0.00544584030788023,-0.00369191079984323,0.0646871179472398));
#3982=CARTESIAN_POINT('',(-0.00530814228103287,-0.00359856107584572,0.0646057990623822));
#3983=CARTESIAN_POINT('',(-0.0087245898315155,-0.00580432742786056,0.0668016123590032));
#3984=CARTESIAN_POINT('',(-0.00859649239051613,-0.00571911895606815,0.0667233270253484));
#3985=CARTESIAN_POINT('',(-0.00832225011773698,-0.00553669543330068,0.0665557296427888));
#3986=CARTESIAN_POINT('',(-0.00790193129059089,-0.00525705712625815,0.0662989336966917));
#3987=CARTESIAN_POINT('',(-0.00746345985758401,-0.00496535644147163,0.0660310225199615));
#3988=CARTESIAN_POINT('',(-0.00702503443502966,-0.00467363636083498,0.0657632215568055));
#3989=CARTESIAN_POINT('',(-0.00658659200075082,-0.00438198474191195,0.0654952758150107));
#3990=CARTESIAN_POINT('',(-0.00614832677030667,-0.00409047127585198,0.0652274133667689));
#3991=CARTESIAN_POINT('',(-0.00571824506359494,-0.00380418620695433,0.06496489062383));
#3992=CARTESIAN_POINT('',(-0.00543474304867088,-0.0036156047456417,0.0647916308890189));
#3993=CARTESIAN_POINT('',(-0.00529733177106419,-0.00352420259600845,0.0647076502737316));
#3994=CARTESIAN_POINT('',(-0.00870422269541449,-0.00570103064963418,0.0669438044796122));
#3995=CARTESIAN_POINT('',(-0.00857641424293844,-0.00561732608699925,0.0668634321397156));
#3996=CARTESIAN_POINT('',(-0.00830278998463918,-0.0054381222868299,0.066691365994756));
#3997=CARTESIAN_POINT('',(-0.00788340034986758,-0.00516341927690232,0.0664277019502297));
#3998=CARTESIAN_POINT('',(-0.007445968532677,-0.00487691663468898,0.0661526624804113));
#3999=CARTESIAN_POINT('',(-0.00700852651821051,-0.00459037211775813,0.0658776749141348));
#4000=CARTESIAN_POINT('',(-0.00657120721871647,-0.00430398168822501,0.0656026444323335));
#4001=CARTESIAN_POINT('',(-0.00613387977921664,-0.00401756438024037,0.065327632972797));
#4002=CARTESIAN_POINT('',(-0.00570495275608978,-0.00373654309315911,0.065058105016277));
#4003=CARTESIAN_POINT('',(-0.00542207732076089,-0.00355127779449737,0.0648802267354958));
#4004=CARTESIAN_POINT('',(-0.00528496785648508,-0.00346148081172296,0.0647940075342621));
#4005=CARTESIAN_POINT('',(-0.00864865519493528,-0.00549238249576961,0.0672375444041143));
#4006=CARTESIAN_POINT('',(-0.00852165438528911,-0.00541172274534565,0.0671528780421556));
#4007=CARTESIAN_POINT('',(-0.00824976034730198,-0.00523904085196096,0.0669716147464081));
#4008=CARTESIAN_POINT('',(-0.0078330530446663,-0.00497442152325358,0.0666937448479593));
#4009=CARTESIAN_POINT('',(-0.00739841313261161,-0.00469839854210394,0.0664039501792029));
#4010=CARTESIAN_POINT('',(-0.00696376849106454,-0.00442239832686078,0.0661140934566415));
#4011=CARTESIAN_POINT('',(-0.00652926747083663,-0.00414643894186686,0.0658244530132865));
#4012=CARTESIAN_POINT('',(-0.00609467394136774,-0.00387041194770842,0.0655347459208221));
#4013=CARTESIAN_POINT('',(-0.00566865954616328,-0.00359999234255696,0.065250462179872));
#4014=CARTESIAN_POINT('',(-0.00538756512328005,-0.00342146397999899,0.0650630716545747));
#4015=CARTESIAN_POINT('',(-0.00525131695594282,-0.00333492881601398,0.0649722449452976));
#4016=CARTESIAN_POINT('',(-0.00861170034621492,-0.00538321375890167,0.0673940039604868));
#4017=CARTESIAN_POINT('',(-0.00848525317859596,-0.0053041690961651,0.0673070410006622));
#4018=CARTESIAN_POINT('',(-0.00821454361793721,-0.00513494369983571,0.0671208613916361));
#4019=CARTESIAN_POINT('',(-0.00779963022682509,-0.00487558943338572,0.0668354683223953));
#4020=CARTESIAN_POINT('',(-0.00736683692057855,-0.00460504829243406,0.0665378032462461));
#4021=CARTESIAN_POINT('',(-0.00693408691259331,-0.00433452414497173,0.0662401874704973));
#4022=CARTESIAN_POINT('',(-0.00650135979959695,-0.00406406099685104,0.0659424846089786));
#4023=CARTESIAN_POINT('',(-0.0060685498511932,-0.00379325174468551,0.0656454354269617));
#4024=CARTESIAN_POINT('',(-0.00564487138759187,-0.00352940100138365,0.0653516156175536));
#4025=CARTESIAN_POINT('',(-0.00536491715915935,-0.00335426255958554,0.0651594047423516));
#4026=CARTESIAN_POINT('',(-0.00522921603759278,-0.00326935729456512,0.0650662621772898));
#4027=CARTESIAN_POINT('',(-0.00853266886611418,-0.00520217099303148,0.0676630377961231));
#4028=CARTESIAN_POINT('',(-0.00840739545959791,-0.00512579634679674,0.0675721249673629));
#4029=CARTESIAN_POINT('',(-0.00813919738389434,-0.00496228525274086,0.0673774906244105));
#4030=CARTESIAN_POINT('',(-0.00772809585783899,-0.00471163843126882,0.0670791790500919));
#4031=CARTESIAN_POINT('',(-0.00729927180046988,-0.00445019480396314,0.0667679841766327));
#4032=CARTESIAN_POINT('',(-0.00687055600619414,-0.00418882149949561,0.06645686130877));
#4033=CARTESIAN_POINT('',(-0.00644166888580913,-0.00392731576801829,0.066145670615534));
#4034=CARTESIAN_POINT('',(-0.00601314516407224,-0.00366624223688594,0.0658342398322619));
#4035=CARTESIAN_POINT('',(-0.00559229921868178,-0.00340893665567201,0.0655306149284537));
#4036=CARTESIAN_POINT('',(-0.00531507553868138,-0.00324002005441119,0.065329192142175));
#4037=CARTESIAN_POINT('',(-0.0051807099880505,-0.00315815718758206,0.0652315461308727));
#4038=CARTESIAN_POINT('',(-0.00849191991998471,-0.00512343278526963,0.0677835345865594));
#4039=CARTESIAN_POINT('',(-0.00836724374927215,-0.00504821247663761,0.0676908559307196));
#4040=CARTESIAN_POINT('',(-0.00810032448583005,-0.00488717315272083,0.067492440582344));
#4041=CARTESIAN_POINT('',(-0.00769118818245786,-0.00464032699961674,0.0671883189475842));
#4042=CARTESIAN_POINT('',(-0.00726441678101594,-0.00438284694053397,0.0668710623168507));
#4043=CARTESIAN_POINT('',(-0.00683773516944438,-0.00412540570131812,0.0665539439033544));
#4044=CARTESIAN_POINT('',(-0.00641096512501925,-0.00386796247161921,0.0662365156885249));
#4045=CARTESIAN_POINT('',(-0.00598416765454632,-0.00361031388426486,0.0659199291244323));
#4046=CARTESIAN_POINT('',(-0.00556652136151785,-0.00335888474913584,0.0656070127475002));
#4047=CARTESIAN_POINT('',(-0.00529045906812848,-0.003192254515146,0.0654021384696533));
#4048=CARTESIAN_POINT('',(-0.00515664315621203,-0.00311147759815143,0.065302856994586));
#4049=CARTESIAN_POINT('',(-0.00841171539102999,-0.00499458208951011,0.0679900035931733));
#4050=CARTESIAN_POINT('',(-0.00828821217373279,-0.00492125011199498,0.0678942898114519));
#4051=CARTESIAN_POINT('',(-0.00802380456331833,-0.00476425399877019,0.0676893762709302));
#4052=CARTESIAN_POINT('',(-0.00761853081308689,-0.00452361812427075,0.0673752864406161));
#4053=CARTESIAN_POINT('',(-0.00719578997125213,-0.00427260862373682,0.0670476675739315));
#4054=CARTESIAN_POINT('',(-0.00677314947659002,-0.00402166034703932,0.0667201201115647));
#4055=CARTESIAN_POINT('',(-0.00635038740760288,-0.00377063795713113,0.0663924926678491));
#4056=CARTESIAN_POINT('',(-0.0059278415701442,-0.00351974179146534,0.0660649909165864));
#4057=CARTESIAN_POINT('',(-0.00551327186767889,-0.00327359756282094,0.0657438168876913));
#4058=CARTESIAN_POINT('',(-0.00523993329501579,-0.00311129866364128,0.0655319627603242));
#4059=CARTESIAN_POINT('',(-0.00510744729528812,-0.00303263298550945,0.0654292766805926));
#4060=CARTESIAN_POINT('',(-0.00837618496545954,-0.00494450502453592,0.0680734817685349));
#4061=CARTESIAN_POINT('',(-0.00825319848437229,-0.00487190482939608,0.0679765428891222));
#4062=CARTESIAN_POINT('',(-0.00798989742461383,-0.00471647564900404,0.0677690063503111));
#4063=CARTESIAN_POINT('',(-0.00758632697953828,-0.00447824848539994,0.0674508910159316));
#4064=CARTESIAN_POINT('',(-0.0071653512753821,-0.00422972814590427,0.0671191272652386));
#4065=CARTESIAN_POINT('',(-0.00674454914001232,-0.00398138334104842,0.0667872251442566));
#4066=CARTESIAN_POINT('',(-0.00632334429644213,-0.0037325310082648,0.0664560202434723));
#4067=CARTESIAN_POINT('',(-0.00590355746248454,-0.00348554472384916,0.0661220420975068));
#4068=CARTESIAN_POINT('',(-0.00548707609710767,-0.00323668977670023,0.0658051492645972));
#4069=CARTESIAN_POINT('',(-0.00521540377529584,-0.00307674406417167,0.0655893914423116));
#4070=CARTESIAN_POINT('',(-0.00508376638834265,-0.00299927695266343,0.0654847190545976));
#4071=CARTESIAN_POINT('',(-0.00830954756915925,-0.00486509490658481,0.0682143224124398));
#4072=CARTESIAN_POINT('',(-0.00818753735014437,-0.00479366022320052,0.0681153078753047));
#4073=CARTESIAN_POINT('',(-0.0079263264866829,-0.0046407261465853,0.0679033280341634));
#4074=CARTESIAN_POINT('',(-0.00752596300874698,-0.00440631975832829,0.0675784145673789));
#4075=CARTESIAN_POINT('',(-0.0071083457342052,-0.00416181640310828,0.0672395359765419));
#4076=CARTESIAN_POINT('',(-0.00669086109175308,-0.00391737239724671,0.0669006330409935));
#4077=CARTESIAN_POINT('',(-0.00627311104468952,-0.00367283974167611,0.0665620172119192));
#4078=CARTESIAN_POINT('',(-0.00585628734227288,-0.00342859559558735,0.066222326455969));
#4079=CARTESIAN_POINT('',(-0.00544447537190896,-0.00318823007449411,0.0658933118745205));
#4080=CARTESIAN_POINT('',(-0.00517475585234728,-0.00303020307780015,0.0656737137058643));
#4081=CARTESIAN_POINT('',(-0.00504404921203352,-0.00295361443982776,0.0655672380669984));
#4082=CARTESIAN_POINT('',(-0.00828405605401076,-0.0048376256737455,0.0682651149341601));
#4083=CARTESIAN_POINT('',(-0.00816241995876468,-0.00476659498465104,0.068165351352846));
#4084=CARTESIAN_POINT('',(-0.00790200974776696,-0.00461452543348326,0.0679517687121352));
#4085=CARTESIAN_POINT('',(-0.00750286529687101,-0.00438143393524866,0.0676244205058391));
#4086=CARTESIAN_POINT('',(-0.00708654468256342,-0.00413833411169271,0.0672829497716542));
#4087=CARTESIAN_POINT('',(-0.00667026746109913,-0.00389517891708921,0.066941641681257));
#4088=CARTESIAN_POINT('',(-0.00625404199758286,-0.00365234863526351,0.0665999535365271));
#4089=CARTESIAN_POINT('',(-0.00583762663015533,-0.00340833247476413,0.066259547848376));
#4090=CARTESIAN_POINT('',(-0.00543021343769379,-0.00317350005738961,0.0659213295383277));
#4091=CARTESIAN_POINT('',(-0.0051608710400483,-0.00301576826325228,0.0657010334924919));
#4092=CARTESIAN_POINT('',(-0.00503031185236381,-0.00293927575029721,0.0655942948090581));
#4093=CARTESIAN_POINT('',(-0.00824748712565221,-0.00480326517195089,0.0683335519251966));
#4094=CARTESIAN_POINT('',(-0.00812638328197702,-0.00473273424670616,0.068232790366642));
#4095=CARTESIAN_POINT('',(-0.00786711365863437,-0.00458173564654963,0.0680170693193987));
#4096=CARTESIAN_POINT('',(-0.00746974648554851,-0.00435031246245546,0.0676863945239444));
#4097=CARTESIAN_POINT('',(-0.00705519948124059,-0.00410887740150736,0.0673415982349657));
#4098=CARTESIAN_POINT('',(-0.00664098445963444,-0.00386765999923444,0.0669964322471348));
#4099=CARTESIAN_POINT('',(-0.00622578466453905,-0.00362578537743974,0.0666528086411671));
#4100=CARTESIAN_POINT('',(-0.0058141295092439,-0.00338627366668978,0.0663034591784254));
#4101=CARTESIAN_POINT('',(-0.00539780232273178,-0.00314294854204259,0.0659819904952509));
#4102=CARTESIAN_POINT('',(-0.0051311774393727,-0.00298778951868512,0.0657565928465868));
#4103=CARTESIAN_POINT('',(-0.0050020557898344,-0.00291265847002376,0.0656471553241063));
#4104=CARTESIAN_POINT('',(-0.00822365706065907,-0.00478393378585469,0.0683756334616123));
#4105=CARTESIAN_POINT('',(-0.00810290374810486,-0.00471368773288115,0.0682742518199992));
#4106=CARTESIAN_POINT('',(-0.00784438461162479,-0.00456329905250796,0.0680572032635746));
#4107=CARTESIAN_POINT('',(-0.00744816871263621,-0.00433281173258497,0.0677244943644501));
#4108=CARTESIAN_POINT('',(-0.0070348219171479,-0.00409234720432196,0.0673775753102212));
#4109=CARTESIAN_POINT('',(-0.00662180647432839,-0.00385211979698281,0.0670302870967024));
#4110=CARTESIAN_POINT('',(-0.00620781364461192,-0.00361116235294111,0.0666845430356737));
#4111=CARTESIAN_POINT('',(-0.00579729948079231,-0.00337282000772435,0.0663330790193044));
#4112=CARTESIAN_POINT('',(-0.00538235772894768,-0.00312973522036728,0.0660094854714482));
#4113=CARTESIAN_POINT('',(-0.0051164797237314,-0.00297530802449793,0.0657827272638323));
#4114=CARTESIAN_POINT('',(-0.00498771774973765,-0.00290053971944351,0.0656726308506567));
#4115=CARTESIAN_POINT('',(-0.00819116390179977,-0.00475938413066767,0.0684306108721025));
#4116=CARTESIAN_POINT('',(-0.00807089059948449,-0.00468950056219302,0.0683284210291011));
#4117=CARTESIAN_POINT('',(-0.00781339833377743,-0.00453988732447673,0.0681096435153743));
#4118=CARTESIAN_POINT('',(-0.00741873560998997,-0.00431057264706605,0.0677743195777049));
#4119=CARTESIAN_POINT('',(-0.0070070684198404,-0.00407137796296827,0.067424547904383));
#4120=CARTESIAN_POINT('',(-0.00659549415781505,-0.00383223730763777,0.0670748553301824));
#4121=CARTESIAN_POINT('',(-0.0061838223073917,-0.00359304045917218,0.0667250796792401));
#4122=CARTESIAN_POINT('',(-0.00577225141367289,-0.00335390099862776,0.0663753893528296));
#4123=CARTESIAN_POINT('',(-0.00536875365457848,-0.0031194531784108,0.066032559455465));
#4124=CARTESIAN_POINT('',(-0.00510253782067519,-0.00296477121711308,0.0658063699832673));
#4125=CARTESIAN_POINT('',(-0.00497350169739629,-0.00288979610656632,0.065696734827384));
#4126=CARTESIAN_POINT('',(-0.00703915071831575,-0.00477206483310768,0.0656280606352176));
#4127=CARTESIAN_POINT('',(-0.000166947931757128,-0.000106352698116182,0.0858469916219625));
#4128=CARTESIAN_POINT('',(-0.00839002824573573,-0.0065219526024778,0.0666656810845242));
#4129=CARTESIAN_POINT('',(-0.00825039399021412,-0.00641340798806092,0.0665792273781726));
#4130=CARTESIAN_POINT('',(-0.00797111913251918,-0.00619631382566082,0.0664063160359784));
#4131=CARTESIAN_POINT('',(-0.00755206720343994,-0.00587056629059994,0.066146860116136));
#4132=CARTESIAN_POINT('',(-0.00713307132037063,-0.00554486106977598,0.0658874405377032));
#4133=CARTESIAN_POINT('',(-0.00671431302353114,-0.00521933678149967,0.0656281703620674));
#4134=CARTESIAN_POINT('',(-0.00629488741150359,-0.00489330488675561,0.0653684793781072));
#4135=CARTESIAN_POINT('',(-0.00587618126788754,-0.00456782245239594,0.0651092405146095));
#4136=CARTESIAN_POINT('',(-0.00545711507300061,-0.00424205996075398,0.0648497799179776));
#4137=CARTESIAN_POINT('',(-0.00517783008103652,-0.00402495874329808,0.0646768612949848));
#4138=CARTESIAN_POINT('',(-0.00503817228243133,-0.00391639623912921,0.0645903925089066));
#4139=CARTESIAN_POINT('',(-0.00705853311657775,-0.00631837013469318,0.0684308361289602));
#4140=CARTESIAN_POINT('',(-0.00695487452573482,-0.00622558153445246,0.0683286273218866));
#4141=CARTESIAN_POINT('',(-0.00673296762283838,-0.0060269444916599,0.0681098240156763));
#4142=CARTESIAN_POINT('',(-0.00639288225772132,-0.0057225202604111,0.067774494436034));
#4143=CARTESIAN_POINT('',(-0.00603813819921418,-0.00540497512829462,0.0674247115830235));
#4144=CARTESIAN_POINT('',(-0.00568344569683752,-0.00508747666877783,0.0670749796260925));
#4145=CARTESIAN_POINT('',(-0.00532874922531734,-0.00476997224040548,0.0667252429828259));
#4146=CARTESIAN_POINT('',(-0.0049740654621088,-0.00445248243148241,0.0663755198030552));
#4147=CARTESIAN_POINT('',(-0.0046261406165777,-0.0041410406303828,0.066032461104638));
#4148=CARTESIAN_POINT('',(-0.00439649230944524,-0.00393547369341623,0.0658060245077871));
#4149=CARTESIAN_POINT('',(-0.00428505438210358,-0.00383572137410594,0.0656961450753806));
#4150=CARTESIAN_POINT('',(-0.00708818303323612,-0.00633908600078782,0.0683819732190566));
#4151=CARTESIAN_POINT('',(-0.0069840953415852,-0.00624599757988394,0.0682804705216909));
#4152=CARTESIAN_POINT('',(-0.00676126562613138,-0.00604671583528956,0.0680631871487231));
#4153=CARTESIAN_POINT('',(-0.00641965384775698,-0.00574122744490386,0.0677304085549527));
#4154=CARTESIAN_POINT('',(-0.00606381670753093,-0.00542291834968829,0.0673824203535224));
#4155=CARTESIAN_POINT('',(-0.00570613428239339,-0.00510333240127057,0.0670376387724647));
#4156=CARTESIAN_POINT('',(-0.00535085850001694,-0.00478542290488254,0.0666888439037887));
#4157=CARTESIAN_POINT('',(-0.00499448289149126,-0.00446675461611467,0.0663419583804043));
#4158=CARTESIAN_POINT('',(-0.00464515402687115,-0.00415432112628857,0.0660010721542524));
#4159=CARTESIAN_POINT('',(-0.00441454820286946,-0.00394808608392279,0.0657762230329955));
#4160=CARTESIAN_POINT('',(-0.00430264521903256,-0.00384800937998655,0.065667116009362));
#4161=CARTESIAN_POINT('',(-0.00711001847354511,-0.0063533417072781,0.0683463281989029));
#4162=CARTESIAN_POINT('',(-0.00700562023150526,-0.00626004901773064,0.0682453352845766));
#4163=CARTESIAN_POINT('',(-0.00678211911677437,-0.00606032685525278,0.0680291534612531));
#4164=CARTESIAN_POINT('',(-0.00643930309898122,-0.00575408023085414,0.0676983352590631));
#4165=CARTESIAN_POINT('',(-0.00608303201613806,-0.00543538228956386,0.0673511245028831));
#4166=CARTESIAN_POINT('',(-0.00572179766515295,-0.00511387304571103,0.0670118964442676));
#4167=CARTESIAN_POINT('',(-0.00537179195791807,-0.00479869250958374,0.0666549941306176));
#4168=CARTESIAN_POINT('',(-0.00501238193009458,-0.00447825657239546,0.0663129436915751));
#4169=CARTESIAN_POINT('',(-0.00466220592816224,-0.00416522855066967,0.0659734070396783));
#4170=CARTESIAN_POINT('',(-0.00443071948748337,-0.00395843535777308,0.0657499916044866));
#4171=CARTESIAN_POINT('',(-0.00431838482783078,-0.00385808556478261,0.0656415876343037));
#4172=CARTESIAN_POINT('',(-0.00715997258688023,-0.00638154140165648,0.068268024496265));
#4173=CARTESIAN_POINT('',(-0.00705481425077245,-0.0062878213677671,0.0681682271724533));
#4174=CARTESIAN_POINT('',(-0.00682970575391889,-0.00608719483767469,0.0679545745975607));
#4175=CARTESIAN_POINT('',(-0.00648495270177796,-0.00577984070052613,0.067626829012977));
#4176=CARTESIAN_POINT('',(-0.00612434546816907,-0.00545876082510785,0.0672863462788696));
#4177=CARTESIAN_POINT('',(-0.00576742742353317,-0.00513944844006369,0.0669406448575995));
#4178=CARTESIAN_POINT('',(-0.00540307959612847,-0.00481654970340264,0.0666057540301677));
#4179=CARTESIAN_POINT('',(-0.00504467940265711,-0.00449658094826511,0.0662623007883153));
#4180=CARTESIAN_POINT('',(-0.00469139420385272,-0.00418181015291309,0.0659275347115365));
#4181=CARTESIAN_POINT('',(-0.00445855199148705,-0.00397424673579351,0.0657062664825066));
#4182=CARTESIAN_POINT('',(-0.00434556886683518,-0.00387352833412693,0.0655988908929541));
#4183=CARTESIAN_POINT('',(-0.00719047169560745,-0.00639584836460564,0.0682222942884564));
#4184=CARTESIAN_POINT('',(-0.00708487771155043,-0.00630192480215931,0.0681231546347189));
#4185=CARTESIAN_POINT('',(-0.00685882956873283,-0.00610085910865263,0.0679109200218174));
#4186=CARTESIAN_POINT('',(-0.0065124493529583,-0.00579273988512298,0.0675856150541801));
#4187=CARTESIAN_POINT('',(-0.00615093484436159,-0.00547124266705861,0.0672465079840507));
#4188=CARTESIAN_POINT('',(-0.00579016601960142,-0.00515009677013589,0.0669065517248717));
#4189=CARTESIAN_POINT('',(-0.0054267661995641,-0.00482778359801005,0.0665702138342803));
#4190=CARTESIAN_POINT('',(-0.00506616813986647,-0.00450674092506553,0.0662300960437284));
#4191=CARTESIAN_POINT('',(-0.00471154114994123,-0.0041913390735623,0.0658973029201786));
#4192=CARTESIAN_POINT('',(-0.00447768212183968,-0.00398329434917897,0.0656775727059792));
#4193=CARTESIAN_POINT('',(-0.00436420380665358,-0.0038823415138347,0.0655709466375028));
#4194=CARTESIAN_POINT('',(-0.00726286042750465,-0.00642610118389959,0.0681155976737684));
#4195=CARTESIAN_POINT('',(-0.00715621707177225,-0.00633174087870283,0.068018014967109));
#4196=CARTESIAN_POINT('',(-0.0069279154864037,-0.00612973708989042,0.0678091221769624));
#4197=CARTESIAN_POINT('',(-0.00657789546503921,-0.00582009667348643,0.0674891726180361));
#4198=CARTESIAN_POINT('',(-0.00621333807237842,-0.00549732421312237,0.0671545595755304));
#4199=CARTESIAN_POINT('',(-0.00584673652413213,-0.00517376623244293,0.0668232282180043));
#4200=CARTESIAN_POINT('',(-0.00548462149211382,-0.0048520167770265,0.0664848995854676));
#4201=CARTESIAN_POINT('',(-0.00511890649847962,-0.00452883524990739,0.0661523974981867));
#4202=CARTESIAN_POINT('',(-0.00476091050278839,-0.00421201770030346,0.0658245257151849));
#4203=CARTESIAN_POINT('',(-0.00452457930550856,-0.00400294197018441,0.0656084587511765));
#4204=CARTESIAN_POINT('',(-0.00440989799464503,-0.00390148752690171,0.065503615909843));
#4205=CARTESIAN_POINT('',(-0.00730665047729925,-0.00644137111170573,0.0680525328084872));
#4206=CARTESIAN_POINT('',(-0.00719936115028327,-0.00634678613772886,0.067955887036634));
#4207=CARTESIAN_POINT('',(-0.00696968021109468,-0.0061443026124744,0.0677489933461287));
#4208=CARTESIAN_POINT('',(-0.00661763956053802,-0.0058339594986361,0.0674319308530151));
#4209=CARTESIAN_POINT('',(-0.0062504993686455,-0.00551025917412525,0.0671010602195361));
#4210=CARTESIAN_POINT('',(-0.00588312721916436,-0.00518653808119676,0.0667707924844265));
#4211=CARTESIAN_POINT('',(-0.00551688316071358,-0.00486312264875889,0.0664385088080713));
#4212=CARTESIAN_POINT('',(-0.00514952183586132,-0.00453943616818661,0.0661083563203154));
#4213=CARTESIAN_POINT('',(-0.00478926222843738,-0.00422182028371279,0.0657837640013086));
#4214=CARTESIAN_POINT('',(-0.00455153775881035,-0.0040122643274559,0.065569704474301));
#4215=CARTESIAN_POINT('',(-0.00443618172109886,-0.00391057748467423,0.0654658336231721));
#4216=CARTESIAN_POINT('',(-0.00745207543003235,-0.00648458265848365,0.0678460019788849));
#4217=CARTESIAN_POINT('',(-0.0073426559105855,-0.00638936838024013,0.0677523959273392));
#4218=CARTESIAN_POINT('',(-0.00710841196232647,-0.00618553583674338,0.0675520084537618));
#4219=CARTESIAN_POINT('',(-0.0067493036358041,-0.00587307642010366,0.0672448889840232));
#4220=CARTESIAN_POINT('',(-0.00637493614261795,-0.00554722379143809,0.066924322113503));
#4221=CARTESIAN_POINT('',(-0.00600002920692238,-0.00522131054083854,0.066604691845789));
#4222=CARTESIAN_POINT('',(-0.0056273438896558,-0.00489579717401145,0.0662817157740603));
#4223=CARTESIAN_POINT('',(-0.00525240148473115,-0.00456991482425191,0.0659622768992197));
#4224=CARTESIAN_POINT('',(-0.00488502467544604,-0.00425019193381099,0.0656478648672559));
#4225=CARTESIAN_POINT('',(-0.00464253784889215,-0.004039226776262,0.0654405658595511));
#4226=CARTESIAN_POINT('',(-0.00452486997980384,-0.00393685586182967,0.0653399761375874));
#4227=CARTESIAN_POINT('',(-0.00756511586871981,-0.0065044167165508,0.0676908273923234));
#4228=CARTESIAN_POINT('',(-0.00745403270456693,-0.00640891006041679,0.0675995044883446));
#4229=CARTESIAN_POINT('',(-0.007216225788598,-0.00620445033733593,0.0674040028448142));
#4230=CARTESIAN_POINT('',(-0.00685161646660067,-0.00589099588778324,0.0671043229649869));
#4231=CARTESIAN_POINT('',(-0.0064715050507865,-0.00556413311226237,0.0667916778702374));
#4232=CARTESIAN_POINT('',(-0.00609116122879502,-0.00523726909422544,0.0664794076579639));
#4233=CARTESIAN_POINT('',(-0.00571173496933029,-0.00491049262578273,0.0661658826310972));
#4234=CARTESIAN_POINT('',(-0.00533139818700003,-0.00458368291858062,0.0658537566858214));
#4235=CARTESIAN_POINT('',(-0.00495851549198342,-0.0042630049448199,0.0655469720727729));
#4236=CARTESIAN_POINT('',(-0.00471237541129692,-0.00405140025559339,0.0653446741893785));
#4237=CARTESIAN_POINT('',(-0.00459293452494495,-0.00394871888180819,0.0652465108349042));
#4238=CARTESIAN_POINT('',(-0.00778100156128861,-0.00652533417273252,0.0673951127337892));
#4239=CARTESIAN_POINT('',(-0.00766674128287616,-0.00642951105951431,0.0673081139824593));
#4240=CARTESIAN_POINT('',(-0.00742213790339438,-0.00622437630393651,0.0671218683585767));
#4241=CARTESIAN_POINT('',(-0.00704724392982599,-0.00590995176389724,0.0668363499121375));
#4242=CARTESIAN_POINT('',(-0.00665615006336154,-0.00558201613188084,0.0665387174356958));
#4243=CARTESIAN_POINT('',(-0.0062653195272995,-0.00525410768336536,0.0662407164295204));
#4244=CARTESIAN_POINT('',(-0.00587365371105283,-0.00492618775828522,0.0659440900932432));
#4245=CARTESIAN_POINT('',(-0.00548299593004592,-0.00459837384413814,0.0656460832742226));
#4246=CARTESIAN_POINT('',(-0.00509925861407186,-0.00427664045713302,0.0653541394129419));
#4247=CARTESIAN_POINT('',(-0.00484614912752951,-0.0040643529072062,0.0651613623956569));
#4248=CARTESIAN_POINT('',(-0.00472332894694545,-0.00396134035842435,0.0650678153659543));
#4249=CARTESIAN_POINT('',(-0.00788737462184081,-0.00652653205196106,0.0672507218182594));
#4250=CARTESIAN_POINT('',(-0.00777154281336629,-0.00643068549082385,0.0671658379481156));
#4251=CARTESIAN_POINT('',(-0.00752357888990685,-0.00622550255954223,0.0669841212097913));
#4252=CARTESIAN_POINT('',(-0.00714363325813449,-0.00591105793180651,0.0667055823379166));
#4253=CARTESIAN_POINT('',(-0.00674716259006683,-0.00558305610567814,0.0664152121487687));
#4254=CARTESIAN_POINT('',(-0.00635101428193727,-0.00525505745649968,0.0661244196267152));
#4255=CARTESIAN_POINT('',(-0.00595391932865709,-0.0049271782639728,0.0658351822176095));
#4256=CARTESIAN_POINT('',(-0.00555792414473533,-0.00459924886391735,0.0655443484496083));
#4257=CARTESIAN_POINT('',(-0.00516891732260861,-0.00427746132905513,0.0652595938666145));
#4258=CARTESIAN_POINT('',(-0.00491234341004428,-0.00406512635931469,0.0650714976262917));
#4259=CARTESIAN_POINT('',(-0.00478784228609607,-0.00396209064171139,0.0649802210922334));
#4260=CARTESIAN_POINT('',(-0.00810469227763859,-0.00651536350182661,0.066954588935594));
#4261=CARTESIAN_POINT('',(-0.00798567004632155,-0.00641968383539087,0.0668740603991892));
#4262=CARTESIAN_POINT('',(-0.0077308773764006,-0.00621485881069382,0.0667016678551839));
#4263=CARTESIAN_POINT('',(-0.007340496729208,-0.0059009793778228,0.0664374327736734));
#4264=CARTESIAN_POINT('',(-0.00693311839894967,-0.00557354060933992,0.0661619192766962));
#4265=CARTESIAN_POINT('',(-0.006526053905573,-0.00524615391227464,0.0658861746050352));
#4266=CARTESIAN_POINT('',(-0.00611819930840882,-0.00491875578152075,0.0656112725319457));
#4267=CARTESIAN_POINT('',(-0.00571125948621255,-0.00459142966843168,0.0653355056505416));
#4268=CARTESIAN_POINT('',(-0.0053114262493254,-0.00427012841201966,0.0650653055359392));
#4269=CARTESIAN_POINT('',(-0.00504779816054494,-0.00405817182313573,0.0648868702243301));
#4270=CARTESIAN_POINT('',(-0.0049198752073365,-0.0039553204939574,0.064800282435876));
#4271=CARTESIAN_POINT('',(-0.00821588865710285,-0.00650299977474009,0.0668026896560768));
#4272=CARTESIAN_POINT('',(-0.0080952408505091,-0.00640750798106977,0.0667244016036137));
#4273=CARTESIAN_POINT('',(-0.00783696676332902,-0.0062030845925883,0.0665568051796437));
#4274=CARTESIAN_POINT('',(-0.00744121152209309,-0.0058898060070139,0.0662999153506299));
#4275=CARTESIAN_POINT('',(-0.00702828084576796,-0.00556299054276515,0.0660319986388329));
#4276=CARTESIAN_POINT('',(-0.00661560528609961,-0.00523630255728257,0.0657640966388377));
#4277=CARTESIAN_POINT('',(-0.00620240219793535,-0.00490935282837132,0.0654961641895524));
#4278=CARTESIAN_POINT('',(-0.0057898683733406,-0.00458275813940727,0.0652283158601695));
#4279=CARTESIAN_POINT('',(-0.00538445607973923,-0.00426198704247263,0.0649654667529044));
#4280=CARTESIAN_POINT('',(-0.00511722814700296,-0.00405045594251914,0.0647920176358018));
#4281=CARTESIAN_POINT('',(-0.0049875594711204,-0.00394781210684486,0.0647078512381456));
#4282=CARTESIAN_POINT('',(-0.00833835195641131,-0.00648178206710634,0.0666336860211865));
#4283=CARTESIAN_POINT('',(-0.00821594280251556,-0.00638662738131971,0.0665578971270786));
#4284=CARTESIAN_POINT('',(-0.00795388792043336,-0.00618291924500491,0.0663956473343892));
#4285=CARTESIAN_POINT('',(-0.00755206720343994,-0.00587056629059994,0.066146860116136));
#4286=CARTESIAN_POINT('',(-0.00713307132037063,-0.00554486106977598,0.0658874405377032));
#4287=CARTESIAN_POINT('',(-0.00671431302353114,-0.00521933678149967,0.0656281703620674));
#4288=CARTESIAN_POINT('',(-0.00629488741150359,-0.00489330488675561,0.0653684793781072));
#4289=CARTESIAN_POINT('',(-0.00587618126788754,-0.00456782245239594,0.0651092405146095));
#4290=CARTESIAN_POINT('',(-0.00546514664355887,-0.00424830332867241,0.0648547525836671));
#4291=CARTESIAN_POINT('',(-0.00519388904732828,-0.00403744212647549,0.0646868041631036));
#4292=CARTESIAN_POINT('',(-0.005062260644037,-0.00393512124336048,0.0646053067592615));
#4293=CARTESIAN_POINT('',(-7.74387010911514E-7,1.33164530772256E-19,0.0658134199218398));
#4294=CARTESIAN_POINT('',(-1.26098455002256E-6,2.16840434497101E-19,0.0685420332613903));
#4295=CARTESIAN_POINT('',(-0.00469896676468797,-0.00808379123521812,0.0685356850092158));
#4296=CARTESIAN_POINT('',(-0.00378002162562504,-0.00855223754769339,0.0685360257727364));
#4297=CARTESIAN_POINT('',(-5.12764366749058E-9,2.97982502332555E-9,0.0614710166860081));
#4298=CARTESIAN_POINT('',(-0.00288680444191222,-0.00496626601872764,0.0658110646474173));
#4299=CARTESIAN_POINT('',(-7.74387010911514E-7,1.33164530772256E-19,0.0658134199218398));
#4300=CARTESIAN_POINT('',(-0.00232220226015959,-0.00525396104446009,0.0658111688695763));
#4301=CARTESIAN_POINT('',(-0.0037800139397262,-0.00855225553881694,0.0685360081065032));
#4302=CARTESIAN_POINT('',(-1.27634307477962E-6,2.20228566286118E-19,0.0686281567457065));
#4303=CARTESIAN_POINT('',(-0.00469845599689429,-0.00808288330248722,0.0685348978049092));
#4304=CARTESIAN_POINT('',(-0.00474011234757684,-0.00815463401102809,0.0684012324173871));
#4305=CARTESIAN_POINT('',(-0.00623703437136767,-0.00696503865613895,0.0685346239675515));
#4306=CARTESIAN_POINT('',(-0.00576039238109476,-0.00738481819493521,0.0685430586878689));
#4307=CARTESIAN_POINT('',(-0.00524497137879186,-0.00775929496593403,0.0685431485584207));
#4308=CARTESIAN_POINT('',(-0.00469844466208116,-0.00808288939101027,0.0685348985012218));
#4309=CARTESIAN_POINT('',(-0.00629235051391206,-0.00702686861164437,0.0684009556143705));
#4310=CARTESIAN_POINT('',(-0.00629235954545576,-0.00702686052576041,0.0684009556127441));
#4311=CARTESIAN_POINT('',(-0.00646760660626151,-0.00831801279262325,0.066621990314174));
#4312=CARTESIAN_POINT('',(-0.00648738315056261,-0.00808010525838554,0.0669050243454567));
#4313=CARTESIAN_POINT('',(-0.0064938128167719,-0.00761316701448079,0.0674803140861504));
#4314=CARTESIAN_POINT('',(-0.00640306792233197,-0.00719035155208984,0.0680857278681047));
#4315=CARTESIAN_POINT('',(-0.00629236012519634,-0.00702686015637956,0.0684009554330052));
#4316=CARTESIAN_POINT('',(-0.00646760658634374,-0.00831801276699092,0.066621990366474));
#4317=CARTESIAN_POINT('',(-0.00646750424460161,-0.00831788170859525,0.066622258271812));
#4318=CARTESIAN_POINT('',(-0.00628725924385823,-0.00845820112114768,0.0666220472038078));
#4319=CARTESIAN_POINT('',(-0.00610255097084118,-0.00859237611690314,0.0666221107214175));
#4320=CARTESIAN_POINT('',(-0.0059133780364732,-0.00872040478186332,0.0666224526463937));
#4321=CARTESIAN_POINT('',(-0.00591350403106413,-0.00872059192008865,0.0666220891803792));
#4322=CARTESIAN_POINT('',(-0.00474011416241574,-0.00815463296797052,0.0684012324009141));
#4323=CARTESIAN_POINT('',(-0.00486115909842278,-0.00831029380767331,0.0680864164649683));
#4324=CARTESIAN_POINT('',(-0.00523576394755749,-0.00852743340353768,0.0674802858325158));
#4325=CARTESIAN_POINT('',(-0.0056812071437385,-0.00866584115109329,0.0669051493832236));
#4326=CARTESIAN_POINT('',(-0.00591350338747952,-0.00872059097036181,0.0666220910287333));
#4327=CARTESIAN_POINT('',(-7.83818880698027E-7,1.35525271560688E-19,0.0658663094735696));
#4328=CARTESIAN_POINT('',(-0.00291096185017737,-0.00500786865062714,0.065726951963397));
#4329=CARTESIAN_POINT('',(-0.00306043378912452,-0.00520009382764059,0.0653381915789648));
#4330=CARTESIAN_POINT('',(-0.00334601905726232,-0.00528814379677812,0.0649822769271251));
#4331=CARTESIAN_POINT('',(-0.00363156119130033,-0.00535542370057452,0.0646343629132914));
#4332=CARTESIAN_POINT('',(-0.00291096418387792,-0.00500786729470108,0.0657269519626342));
#4333=CARTESIAN_POINT('',(-0.00363156314833719,-0.00535542658852973,0.0646343572927597));
#4334=CARTESIAN_POINT('',(-0.00397206585334964,-0.00510851114394242,0.0646336785650117));
#4335=CARTESIAN_POINT('',(-0.00386104305846178,-0.00519423216332938,0.0646344503828244));
#4336=CARTESIAN_POINT('',(-0.00374754590884641,-0.00527654276618273,0.0646346660719523));
#4337=CARTESIAN_POINT('',(-0.00363157380826707,-0.00535544212678968,0.0646343269343629));
#4338=CARTESIAN_POINT('',(-0.00397183410074848,-0.00510820542141121,0.0646342966117516));
#4339=CARTESIAN_POINT('',(-0.00397183114063994,-0.00510820161197508,0.0646343043844565));
#4340=CARTESIAN_POINT('',(-0.00399612971877549,-0.00481609289893218,0.0649818046999696));
#4341=CARTESIAN_POINT('',(-0.0039999457788985,-0.0045157094540613,0.0653403361811559));
#4342=CARTESIAN_POINT('',(-0.00386422098372374,-0.00431528532800885,0.0657267823842174));
#4343=CARTESIAN_POINT('',(-0.00386422155658388,-0.00431528494452176,0.065726782228805));
#4344=CARTESIAN_POINT('',(-0.00386421249619407,-0.00431529305623276,0.0657267822304372));
#4345=CARTESIAN_POINT('',(-0.00385286173745852,-0.00430260928817529,0.0657542063665928));
#4346=CARTESIAN_POINT('',(-0.00384151097872296,-0.00428992552011783,0.0657816305027484));
#4347=CARTESIAN_POINT('',(-0.00383016021998741,-0.00427724175206036,0.065809054638904));
#4348=CARTESIAN_POINT('',(-0.00288826059860122,-0.00496876293400611,0.065812904992273));
#4349=CARTESIAN_POINT('',(-0.00322333320775161,-0.00477339857487333,0.065812845238293));
#4350=CARTESIAN_POINT('',(-0.00354487824390495,-0.00453982038322041,0.0658127878967045));
#4351=CARTESIAN_POINT('',(-0.00383408755653213,-0.00428162674556296,0.065812736321592));
#4352=CARTESIAN_POINT('',(-0.0028853259563571,-0.0049637011003108,0.0658092270522236));
#4353=CARTESIAN_POINT('',(-0.00289387540238453,-0.00497842120659289,0.0657818020217657));
#4354=CARTESIAN_POINT('',(-0.00290242484841196,-0.00499314131287498,0.0657543769913079));
#4355=CARTESIAN_POINT('',(-0.00291097429443939,-0.00500786141915707,0.06572695196085));
#4356=CARTESIAN_POINT('',(-0.00380944510894393,-0.00655351537836856,0.0671185521510828));
#4357=CARTESIAN_POINT('',(-0.00383323028063286,-0.00659448413833259,0.067075338538536));
#4358=CARTESIAN_POINT('',(-0.005056655584683,-0.00564691462986442,0.0671190066296192));
#4359=CARTESIAN_POINT('',(-0.00508852461002767,-0.00568250142026105,0.0670751399639912));
#4360=CARTESIAN_POINT('',(-0.00648269938753167,-0.00833742731882765,0.0666340143178076));
#4361=CARTESIAN_POINT('',(-0.00638753611453617,-0.00821503804531107,0.0665582243636912));
#4362=CARTESIAN_POINT('',(-0.00618379983688098,-0.0079530132207816,0.0663959646176889));
#4363=CARTESIAN_POINT('',(-0.00587147939981352,-0.00755133715532841,0.0661472247224493));
#4364=CARTESIAN_POINT('',(-0.00554569212439416,-0.00713234093551915,0.0658877591491589));
#4365=CARTESIAN_POINT('',(-0.00522002950102862,-0.00671350804125859,0.0656283961881609));
#4366=CARTESIAN_POINT('',(-0.00489412859239739,-0.00629436063820695,0.0653688347578387));
#4367=CARTESIAN_POINT('',(-0.00456849492217137,-0.00587556373118816,0.0651094930922934));
#4368=CARTESIAN_POINT('',(-0.00424913750336039,-0.00546483991830059,0.0648551525529093));
#4369=CARTESIAN_POINT('',(-0.00403846682991302,-0.00519389576967936,0.0646873689261753));
#4370=CARTESIAN_POINT('',(-0.00393635416489691,-0.00506256835794193,0.0646060436953289));
#4371=CARTESIAN_POINT('',(-0.00650398876354031,-0.00821599615149452,0.0668020083619837));
#4372=CARTESIAN_POINT('',(-0.00640849103950059,-0.00809537810768212,0.0667237172147745));
#4373=CARTESIAN_POINT('',(-0.00620404164349904,-0.00783714674197474,0.066556107385951));
#4374=CARTESIAN_POINT('',(-0.00589070542978982,-0.00744132340064584,0.0662992923614905));
#4375=CARTESIAN_POINT('',(-0.00556383244460135,-0.00702841920527946,0.0660313612832487));
#4376=CARTESIAN_POINT('',(-0.00523700921256284,-0.00661551077530137,0.0657635404179136));
#4377=CARTESIAN_POINT('',(-0.00491014864431658,-0.00620266220734862,0.0654955747775642));
#4378=CARTESIAN_POINT('',(-0.00458341391607746,-0.00578999978498195,0.0652276924399277));
#4379=CARTESIAN_POINT('',(-0.00426284656447806,-0.00538483841741575,0.0649651501671364));
#4380=CARTESIAN_POINT('',(-0.00405149348856454,-0.005117889398525,0.0647918775659013));
#4381=CARTESIAN_POINT('',(-0.00394905168148395,-0.00498850299714591,0.0647078907144581));
#4382=CARTESIAN_POINT('',(-0.00651654016650584,-0.00811145345052383,0.0669441946121823));
#4383=CARTESIAN_POINT('',(-0.00642085253518881,-0.00799235512668861,0.0668638165441335));
#4384=CARTESIAN_POINT('',(-0.00621599591789822,-0.00773737712237493,0.0666917381357416));
#4385=CARTESIAN_POINT('',(-0.00590201826805066,-0.0073465350422406,0.0664280552929445));
#4386=CARTESIAN_POINT('',(-0.00557452767057642,-0.00693889613090719,0.0661529962171503));
#4387=CARTESIAN_POINT('',(-0.0052470403153686,-0.00653121424035905,0.0658779890425014));
#4388=CARTESIAN_POINT('',(-0.00491962205303685,-0.0061237168190109,0.0656029389618901));
#4389=CARTESIAN_POINT('',(-0.00459220435516372,-0.00571619131828795,0.0653279079019915));
#4390=CARTESIAN_POINT('',(-0.00427110851376105,-0.00531639330760317,0.0650583607157819));
#4391=CARTESIAN_POINT('',(-0.0040593265595451,-0.00505279202506707,0.064880469756798));
#4392=CARTESIAN_POINT('',(-0.00395667575063098,-0.00492502561689846,0.0647942444105027));
#4393=CARTESIAN_POINT('',(-0.00652817072116775,-0.00789582977521158,0.0672379225531586));
#4394=CARTESIAN_POINT('',(-0.00643231026764635,-0.00777987705185893,0.0671532506378954));
#4395=CARTESIAN_POINT('',(-0.00622708372738657,-0.00753163692379491,0.0669719754532373));
#4396=CARTESIAN_POINT('',(-0.00591254097419558,-0.00715121466344296,0.0666940873356375));
#4397=CARTESIAN_POINT('',(-0.0055844671141998,-0.006754406061294,0.0664042736628038));
#4398=CARTESIAN_POINT('',(-0.00525638172059596,-0.00635761765273487,0.0661143979373786));
#4399=CARTESIAN_POINT('',(-0.00492842030363085,-0.00596091244555942,0.0658247384946629));
#4400=CARTESIAN_POINT('',(-0.00460039179694788,-0.00556411435499321,0.0655350123983049));
#4401=CARTESIAN_POINT('',(-0.00427878980069084,-0.00517530000765703,0.0652507100373415));
#4402=CARTESIAN_POINT('',(-0.00406661977923233,-0.0049186568194019,0.0650633072206567));
#4403=CARTESIAN_POINT('',(-0.0039637801147479,-0.00479425899454291,0.0649724745535933));
#4404=CARTESIAN_POINT('',(-0.00652676093144052,-0.00778057583845382,0.0673943757707296));
#4405=CARTESIAN_POINT('',(-0.0064309279131977,-0.00766633036612278,0.0673074073514397));
#4406=CARTESIAN_POINT('',(-0.00622575971859685,-0.00742174385665032,0.0671212160543277));
#4407=CARTESIAN_POINT('',(-0.00591129601730124,-0.00704688373178804,0.0668358050717493));
#4408=CARTESIAN_POINT('',(-0.00558328433334633,-0.00665585973576624,0.0665381213097428));
#4409=CARTESIAN_POINT('',(-0.00525530857763842,-0.00626486527869475,0.0662404868494509));
#4410=CARTESIAN_POINT('',(-0.00492733574576591,-0.00587393591518423,0.0659427653069508));
#4411=CARTESIAN_POINT('',(-0.00459939109047469,-0.00548265175359571,0.0656456974241554));
#4412=CARTESIAN_POINT('',(-0.00427798072404876,-0.00510080713318618,0.0653518593771305));
#4413=CARTESIAN_POINT('',(-0.0040658475067737,-0.00484774055625316,0.0651596364073101));
#4414=CARTESIAN_POINT('',(-0.00396302442705069,-0.00472506203148338,0.0650664879790598));
#4415=CARTESIAN_POINT('',(-0.00650754516581897,-0.00758395704042447,0.0676633989393437));
#4416=CARTESIAN_POINT('',(-0.00641200334578697,-0.00747261383447559,0.0675724808085069));
#4417=CARTESIAN_POINT('',(-0.0062074578250425,-0.00723423850685513,0.0673778351143029));
#4418=CARTESIAN_POINT('',(-0.00589392856166651,-0.00686883829724929,0.0670795061397823));
#4419=CARTESIAN_POINT('',(-0.00556688045335874,-0.00648769386179366,0.0667682931164719));
#4420=CARTESIAN_POINT('',(-0.00523991357904831,-0.00610664975849863,0.066457152103578));
#4421=CARTESIAN_POINT('',(-0.00491282468552885,-0.00572542677069219,0.0661459432565179));
#4422=CARTESIAN_POINT('',(-0.00458594784531729,-0.00534472713942715,0.0658344943464113));
#4423=CARTESIAN_POINT('',(-0.00426520871193335,-0.00496998317465536,0.0655308515904114));
#4424=CARTESIAN_POINT('',(-0.00405374966570718,-0.00472367821320963,0.0653294170762311));
#4425=CARTESIAN_POINT('',(-0.00395125659739099,-0.00460430614334801,0.0652317653810632));
#4426=CARTESIAN_POINT('',(-0.00649312311064054,-0.00749647379792439,0.0677838910348676));
#4427=CARTESIAN_POINT('',(-0.00639779257026912,-0.00738641308559486,0.0676912071457792));
#4428=CARTESIAN_POINT('',(-0.00619369942029278,-0.00715078393414864,0.0674927805935326));
#4429=CARTESIAN_POINT('',(-0.00588086467295049,-0.00678960598233517,0.067188641785178));
#4430=CARTESIAN_POINT('',(-0.00555454389361341,-0.00641286576386868,0.0668713672409406));
#4431=CARTESIAN_POINT('',(-0.00522829651472576,-0.00603619020426822,0.0665542309168632));
#4432=CARTESIAN_POINT('',(-0.0049019656435854,-0.00565948544142406,0.0662367847905716));
#4433=CARTESIAN_POINT('',(-0.00457567215507403,-0.00528257685034757,0.0659201803034594));
#4434=CARTESIAN_POINT('',(-0.00425616006914845,-0.00491441097688705,0.065607246426113));
#4435=CARTESIAN_POINT('',(-0.00404509901077239,-0.00467063955833004,0.0654023605565025));
#4436=CARTESIAN_POINT('',(-0.00394279308871486,-0.004552470225962,0.0653030734622134));
#4437=CARTESIAN_POINT('',(-0.00645666292680537,-0.00734913356403518,0.0679903522404896));
#4438=CARTESIAN_POINT('',(-0.00636186437853685,-0.00724123139111052,0.0678946333398232));
#4439=CARTESIAN_POINT('',(-0.00615891047502995,-0.0070102240630956,0.0676897088401737));
#4440=CARTESIAN_POINT('',(-0.00584783006542558,-0.00665614658108206,0.0673756022122257));
#4441=CARTESIAN_POINT('',(-0.00552334297310731,-0.0062868063119195,0.0670479658238087));
#4442=CARTESIAN_POINT('',(-0.00519893239803926,-0.00591755527513182,0.0667204008439592));
#4443=CARTESIAN_POINT('',(-0.00487442910046014,-0.00554819618836783,0.0663927558776157));
#4444=CARTESIAN_POINT('',(-0.0045500924469472,-0.00517902396028143,0.066065236612568));
#4445=CARTESIAN_POINT('',(-0.00423187317456389,-0.00481683550538284,0.0657440454013622));
#4446=CARTESIAN_POINT('',(-0.00402206401157271,-0.00457802549164195,0.0655321799447042));
#4447=CARTESIAN_POINT('',(-0.00392037047277715,-0.00446227521983167,0.0654294883737087));
#4448=CARTESIAN_POINT('',(-0.00643834687645493,-0.00729052333966162,0.0680738273459869));
#4449=CARTESIAN_POINT('',(-0.00634381362964748,-0.00718347688091343,0.0679768833924679));
#4450=CARTESIAN_POINT('',(-0.0061414278865937,-0.00695430188207883,0.0677693359905409));
#4451=CARTESIAN_POINT('',(-0.00583122304873512,-0.00660304179232482,0.0674512040061385));
#4452=CARTESIAN_POINT('',(-0.00550764547288342,-0.00623661454193319,0.0671194228862972));
#4453=CARTESIAN_POINT('',(-0.00518417872636367,-0.00587040787823367,0.0667875034073554));
#4454=CARTESIAN_POINT('',(-0.00486048582242288,-0.0055035940446935,0.0664562811171268));
#4455=CARTESIAN_POINT('',(-0.00453756486091234,-0.00513899327050139,0.066122285696931));
#4456=CARTESIAN_POINT('',(-0.00421836518449559,-0.00477363579686166,0.0658053755156379));
#4457=CARTESIAN_POINT('',(-0.00400941351151023,-0.00453757891156375,0.0655896065082889));
#4458=CARTESIAN_POINT('',(-0.00390815665663847,-0.00442323088957619,0.065484928702771));
#4459=CARTESIAN_POINT('',(-0.00639951125123278,-0.00719439998056632,0.068214663031962));
#4460=CARTESIAN_POINT('',(-0.00630554630378183,-0.00708876378531878,0.0681156434934733));
#4461=CARTESIAN_POINT('',(-0.00610437738730053,-0.00686260792221608,0.0679036529449652));
#4462=CARTESIAN_POINT('',(-0.00579604181261225,-0.00651597298771169,0.0675787230667125));
#4463=CARTESIAN_POINT('',(-0.00547441691464804,-0.0061544043202807,0.067239827357417));
#4464=CARTESIAN_POINT('',(-0.0051528998171246,-0.00579293308435442,0.0669009073078384));
#4465=CARTESIAN_POINT('',(-0.00483115770158771,-0.00543129550718899,0.0665622743575316));
#4466=CARTESIAN_POINT('',(-0.00451020742845141,-0.00507021863431673,0.0662225665043349));
#4467=CARTESIAN_POINT('',(-0.00419282512791356,-0.00471437867503496,0.0658935350831076));
#4468=CARTESIAN_POINT('',(-0.00398513773092629,-0.00448075025763848,0.0656739258521739));
#4469=CARTESIAN_POINT('',(-0.00388449458972599,-0.00436752542952861,0.0655674448520409));
#4470=CARTESIAN_POINT('',(-0.00638375628256104,-0.00716039507736282,0.0682654538173498));
#4471=CARTESIAN_POINT('',(-0.00629002230032191,-0.00705525875539581,0.0681656852602119));
#4472=CARTESIAN_POINT('',(-0.00608934768254422,-0.00683017260839353,0.0679520919667669));
#4473=CARTESIAN_POINT('',(-0.00578176512686075,-0.00648516504285141,0.0676247274321065));
#4474=CARTESIAN_POINT('',(-0.00546093968830961,-0.00612533204624367,0.0672832396681296));
#4475=CARTESIAN_POINT('',(-0.00514017263081892,-0.00576545978880327,0.0669419145452675));
#4476=CARTESIAN_POINT('',(-0.00481935439117642,-0.00540591255680651,0.0666002093864302));
#4477=CARTESIAN_POINT('',(-0.00449872201003246,-0.00504517873296177,0.0662597866171615));
#4478=CARTESIAN_POINT('',(-0.0041838132925041,-0.00469596087232567,0.0659215518106572));
#4479=CARTESIAN_POINT('',(-0.00397639333107673,-0.00446272978478174,0.0657012447221044));
#4480=CARTESIAN_POINT('',(-0.00387586071910121,-0.00434964195685928,0.0655945006839882));
#4481=CARTESIAN_POINT('',(-0.00635959574104484,-0.00711641210669106,0.068333888595581));
#4482=CARTESIAN_POINT('',(-0.00626621351590056,-0.00701191561816399,0.0682331220933902));
#4483=CARTESIAN_POINT('',(-0.00606629270072469,-0.00678820058490509,0.0680173904623887));
#4484=CARTESIAN_POINT('',(-0.00575988487023839,-0.0064453290727556,0.0676866994460241));
#4485=CARTESIAN_POINT('',(-0.00544023176608233,-0.00608762761835953,0.0673418862344798));
#4486=CARTESIAN_POINT('',(-0.00512082713278328,-0.00573023577833305,0.0669967033389761));
#4487=CARTESIAN_POINT('',(-0.00480068902969888,-0.00537191448866206,0.0666530627805202));
#4488=CARTESIAN_POINT('',(-0.00448319184976632,-0.00501693613039473,0.0663036965264514));
#4489=CARTESIAN_POINT('',(-0.00416242995712328,-0.00465688572653128,0.0659822108009807));
#4490=CARTESIAN_POINT('',(-0.00395679943096178,-0.00442694152862236,0.0657568022751052));
#4491=CARTESIAN_POINT('',(-0.00385721325985664,-0.00431559290262443,0.0656473594855203));
#4492=CARTESIAN_POINT('',(-0.0063429060964403,-0.00709066065202649,0.0683759688586352));
#4493=CARTESIAN_POINT('',(-0.00624976921041952,-0.00698654344737216,0.0682745822921451));
#4494=CARTESIAN_POINT('',(-0.00605037366350389,-0.00676364046864416,0.0680575231921258));
#4495=CARTESIAN_POINT('',(-0.00574477154406894,-0.00642201489156288,0.0677247981337158));
#4496=CARTESIAN_POINT('',(-0.00542595997671719,-0.00606560747049759,0.0673778622208837));
#4497=CARTESIAN_POINT('',(-0.00510739026686471,-0.00570952797877965,0.0670305571647216));
#4498=CARTESIAN_POINT('',(-0.00478811661405504,-0.0053524520666479,0.0666847962122859));
#4499=CARTESIAN_POINT('',(-0.0044713432092293,-0.00499893854336927,0.0663333154789923));
#4500=CARTESIAN_POINT('',(-0.00415182465640483,-0.00463954495379759,0.0660097049141799));
#4501=CARTESIAN_POINT('',(-0.00394667829456671,-0.00441052763820217,0.0657829358762027));
#4502=CARTESIAN_POINT('',(-0.00384732209554427,-0.0042996351840391,0.0656728342190529));
#4503=CARTESIAN_POINT('',(-0.00631959000631149,-0.00705726857469474,0.0684309446325656));
#4504=CARTESIAN_POINT('',(-0.00622679761623441,-0.00695364448914197,0.0683287498888537));
#4505=CARTESIAN_POINT('',(-0.00602813904141448,-0.00673179641599911,0.06810996188323));
#4506=CARTESIAN_POINT('',(-0.00572365169009457,-0.00639176618985327,0.0677746218644569));
#4507=CARTESIAN_POINT('',(-0.00540604509402851,-0.0060370856461418,0.0674248334171741));
#4508=CARTESIAN_POINT('',(-0.00508851018274407,-0.00568248519885176,0.0670751240728009));
#4509=CARTESIAN_POINT('',(-0.00477089982328597,-0.0053278011568196,0.0667253316477377));
#4510=CARTESIAN_POINT('',(-0.00445336774626184,-0.00497320288657871,0.0663756245512499));
#4511=CARTESIAN_POINT('',(-0.00414206393985103,-0.00462556098913981,0.0660327782128051));
#4512=CARTESIAN_POINT('',(-0.00393667501564791,-0.00439619695107823,0.0658065778932572));
#4513=CARTESIAN_POINT('',(-0.00383712199559754,-0.00428502307099859,0.0656969374796097));
#4514=CARTESIAN_POINT('',(-0.00522001734590459,-0.00671349143498165,0.0656283850438868));
#4515=CARTESIAN_POINT('',(-0.000126124884998336,-0.000151393875469372,0.0858469989037433));
#4516=CARTESIAN_POINT('',(-0.00596404222930975,-0.00879512052686975,0.0666661137140978));
#4517=CARTESIAN_POINT('',(-0.00586478353586798,-0.00864874387099566,0.0665796528075142));
#4518=CARTESIAN_POINT('',(-0.00566626163748147,-0.00835598390614039,0.0664067270645286));
#4519=CARTESIAN_POINT('',(-0.00536837882704812,-0.00791669972265421,0.0661472495364231));
#4520=CARTESIAN_POINT('',(-0.00507053624403689,-0.00747747309956537,0.0658878083525482));
#4521=CARTESIAN_POINT('',(-0.00477286370903093,-0.00703849196350324,0.0656285165835144));
#4522=CARTESIAN_POINT('',(-0.0044747133749155,-0.0065988218764615,0.0653688039723596));
#4523=CARTESIAN_POINT('',(-0.0041770775072746,-0.00615989666034609,0.0651095435182255));
#4524=CARTESIAN_POINT('',(-0.00387918575104869,-0.0057205938441868,0.0648500613123818));
#4525=CARTESIAN_POINT('',(-0.00368065639446802,-0.00542782403831462,0.0646771282881205));
#4526=CARTESIAN_POINT('',(-0.00358138083832884,-0.00528142309389352,0.0645906523006189));
#4527=CARTESIAN_POINT('',(-0.00476064095609655,-0.00818995020480236,0.0684312459153722));
#4528=CARTESIAN_POINT('',(-0.0046907281394518,-0.00806967636869755,0.0683290310903662));
#4529=CARTESIAN_POINT('',(-0.00454106244430451,-0.00781220036938929,0.0681102149012776));
#4530=CARTESIAN_POINT('',(-0.00431169137383279,-0.00741760204400969,0.067774865577796));
#4531=CARTESIAN_POINT('',(-0.0040724335126039,-0.00700599601154232,0.0674250621299659));
#4532=CARTESIAN_POINT('',(-0.00383321026198691,-0.0065944502962705,0.0670753095812373));
#4533=CARTESIAN_POINT('',(-0.00359398508092699,-0.00618289767800518,0.0667255523458094));
#4534=CARTESIAN_POINT('',(-0.00335476746864899,-0.00577136289000462,0.066375808574794));
#4535=CARTESIAN_POINT('',(-0.00312010909008056,-0.00536766835238533,0.066032729677405));
#4536=CARTESIAN_POINT('',(-0.00296522227038762,-0.00510120982728555,0.0658062797482305));
#4537=CARTESIAN_POINT('',(-0.00289006270561306,-0.00497190957634568,0.0656963938462515));
#4538=CARTESIAN_POINT('',(-0.00478243772153023,-0.00821881718493599,0.0683823844059324));
#4539=CARTESIAN_POINT('',(-0.00471220946160697,-0.008098125564084,0.0682808756703656));
#4540=CARTESIAN_POINT('',(-0.00456186535663836,-0.00783975116840809,0.0680635793709346));
#4541=CARTESIAN_POINT('',(-0.00433137144640752,-0.00744366893933919,0.0677307809613552));
#4542=CARTESIAN_POINT('',(-0.00409131009592627,-0.00703099845506756,0.0673827721134618));
#4543=CARTESIAN_POINT('',(-0.00384988837252306,-0.00661654321014096,0.0670379697994661));
#4544=CARTESIAN_POINT('',(-0.0036102374152161,-0.00620442628050422,0.0666891543112488));
#4545=CARTESIAN_POINT('',(-0.00336977495748334,-0.00579124772624541,0.0663422481169056));
#4546=CARTESIAN_POINT('',(-0.00313408774503555,-0.00538617605112924,0.0660013416248745));
#4547=CARTESIAN_POINT('',(-0.00297849674245802,-0.00511878614357396,0.0657764791261167));
#4548=CARTESIAN_POINT('',(-0.00290299512977475,-0.00498903363159823,0.0656673656109743));
#4549=CARTESIAN_POINT('',(-0.0047987988927385,-0.00823912465382174,0.0683467403620131));
#4550=CARTESIAN_POINT('',(-0.00472833840877448,-0.0081181427685061,0.0682457413955175));
#4551=CARTESIAN_POINT('',(-0.00457749187137028,-0.00785914197604532,0.0680295466155988));
#4552=CARTESIAN_POINT('',(-0.0043460869856938,-0.00746196638510559,0.0676987085453015));
#4553=CARTESIAN_POINT('',(-0.00410573309808719,-0.00704879194775661,0.0673514771174415));
#4554=CARTESIAN_POINT('',(-0.00386152767189297,-0.00663140962870105,0.0670122281888896));
#4555=CARTESIAN_POINT('',(-0.00362604548805175,-0.00622351708403805,0.0666553054520951));
#4556=CARTESIAN_POINT('',(-0.00338324340166261,-0.00580771944266519,0.0663132342181907));
#4557=CARTESIAN_POINT('',(-0.00314693424598959,-0.00540182047991819,0.0659736772602555));
#4558=CARTESIAN_POINT('',(-0.00299067821769165,-0.00513362753514229,0.0657502484091162));
#4559=CARTESIAN_POINT('',(-0.00291485045220401,-0.00500348186613754,0.0656418379286063));
#4560=CARTESIAN_POINT('',(-0.00483759320971146,-0.00828138514174876,0.0682684386495176));
#4561=CARTESIAN_POINT('',(-0.00476654190042726,-0.00815976187994551,0.0681686352433508));
#4562=CARTESIAN_POINT('',(-0.00461444613881194,-0.00789940413500691,0.0679549696479923));
#4563=CARTESIAN_POINT('',(-0.00438154129106776,-0.00750057649100276,0.0676272041173574));
#4564=CARTESIAN_POINT('',(-0.00413779959584962,-0.00708379638466038,0.0672867005424506));
#4565=CARTESIAN_POINT('',(-0.00389702029774597,-0.00666983757121429,0.0669409784099909));
#4566=CARTESIAN_POINT('',(-0.00365028319425024,-0.00625017140984548,0.0666060666088696));
#4567=CARTESIAN_POINT('',(-0.00340829713796891,-0.0058351302182825,0.0662625926067168));
#4568=CARTESIAN_POINT('',(-0.00316956954864308,-0.0054266127217706,0.0659278061007148));
#4569=CARTESIAN_POINT('',(-0.00301226213595745,-0.00515726817541631,0.0657065244014555));
#4570=CARTESIAN_POINT('',(-0.0029359315589249,-0.00502657149535492,0.0655991422756015));
#4571=CARTESIAN_POINT('',(-0.00486217809209562,-0.00830441913492496,0.0682227094964016));
#4572=CARTESIAN_POINT('',(-0.00479077535651201,-0.00818246764710111,0.0681235637452895));
#4573=CARTESIAN_POINT('',(-0.00463792165981046,-0.00792140178822842,0.0679113160795173));
#4574=CARTESIAN_POINT('',(-0.0044037057334792,-0.00752134354813243,0.067585991109461));
#4575=CARTESIAN_POINT('',(-0.00415923014644549,-0.00710388608615228,0.0672468631676125));
#4576=CARTESIAN_POINT('',(-0.0039153551752714,-0.0066869932262041,0.0669068860625846));
#4577=CARTESIAN_POINT('',(-0.00366933871834139,-0.00626817699992881,0.0665705272388493));
#4578=CARTESIAN_POINT('',(-0.0034255942550202,-0.00585143509002485,0.0662303886096275));
#4579=CARTESIAN_POINT('',(-0.00318578557079557,-0.00544190267847114,0.0658975750103642));
#4580=CARTESIAN_POINT('',(-0.00302765985442257,-0.00517178608361374,0.0656778312905345));
#4581=CARTESIAN_POINT('',(-0.00295093077373612,-0.00504071338028323,0.0655711986685142));
#4582=CARTESIAN_POINT('',(-0.00492167430097925,-0.00835556650363027,0.0681160151808557));
#4583=CARTESIAN_POINT('',(-0.00484940852814332,-0.00823287528929235,0.0680184263435924));
#4584=CARTESIAN_POINT('',(-0.00469470159677125,-0.00797022071257391,0.0678095204292054));
#4585=CARTESIAN_POINT('',(-0.00445749413079524,-0.00756759067519373,0.0674895507522541));
#4586=CARTESIAN_POINT('',(-0.0042105186998002,-0.00714797983518746,0.0671549167411881));
#4587=CARTESIAN_POINT('',(-0.00396184192907817,-0.00672699006131628,0.0668235643539669));
#4588=CARTESIAN_POINT('',(-0.00371687316275173,-0.00630910709252125,0.0664852148305682));
#4589=CARTESIAN_POINT('',(-0.00346892321480776,-0.00588874937221485,0.0661526917420774));
#4590=CARTESIAN_POINT('',(-0.00322634793341004,-0.00547682920053558,0.0658247993759338));
#4591=CARTESIAN_POINT('',(-0.0030661896746888,-0.0052049679168056,0.0656087188278957));
#4592=CARTESIAN_POINT('',(-0.0029884714980617,-0.00507304631160498,0.0655038693948734));
#4593=CARTESIAN_POINT('',(-0.00495860189569318,-0.00838362441267307,0.0680529515393659));
#4594=CARTESIAN_POINT('',(-0.00488579120230542,-0.00826051985789442,0.0679562996188885));
#4595=CARTESIAN_POINT('',(-0.00472992069165191,-0.00799698267077651,0.0677493927656634));
#4596=CARTESIAN_POINT('',(-0.00449100866375695,-0.00759305976057384,0.0674323100981599));
#4597=CARTESIAN_POINT('',(-0.0042418636031679,-0.00717176813424697,0.0671014184224395));
#4598=CARTESIAN_POINT('',(-0.00399250436085842,-0.00675038504392126,0.0667711296419185));
#4599=CARTESIAN_POINT('',(-0.00374412352499602,-0.00632964136438434,0.0664388249468454));
#4600=CARTESIAN_POINT('',(-0.00349476388272017,-0.00590829453100879,0.0661086514156798));
#4601=CARTESIAN_POINT('',(-0.00325028250629193,-0.0054949154225435,0.0657840384497747));
#4602=CARTESIAN_POINT('',(-0.00308894758238037,-0.00522216676116487,0.0655699653001096));
#4603=CARTESIAN_POINT('',(-0.00301065952626395,-0.00508981557528321,0.0654660878385942));
#4604=CARTESIAN_POINT('',(-0.00508355434011855,-0.00846967119828765,0.0678464243606555));
#4605=CARTESIAN_POINT('',(-0.00500891220557624,-0.00834530970642228,0.0677528121072088));
#4606=CARTESIAN_POINT('',(-0.00484911894174854,-0.00807907912084762,0.0675524113567339));
#4607=CARTESIAN_POINT('',(-0.00460413921486513,-0.00767095890719119,0.067245271534278));
#4608=CARTESIAN_POINT('',(-0.00434878577075749,-0.0072453863912712,0.0669246834398114));
#4609=CARTESIAN_POINT('',(-0.00409293802771763,-0.00681958947195183,0.0666050319401004));
#4610=CARTESIAN_POINT('',(-0.00383907956928261,-0.00639485956691739,0.0662820346778071));
#4611=CARTESIAN_POINT('',(-0.00358318854578721,-0.00596908106490171,0.0659625745723625));
#4612=CARTESIAN_POINT('',(-0.00333258949763596,-0.0055514981773794,0.0656481417152527));
#4613=CARTESIAN_POINT('',(-0.0031671608292765,-0.00527593726417394,0.0654408289656559));
#4614=CARTESIAN_POINT('',(-0.00308688550926127,-0.00514222091150445,0.0653402325754251));
#4615=CARTESIAN_POINT('',(-0.0051849317708115,-0.00852347447578238,0.0676912518539749));
#4616=CARTESIAN_POINT('',(-0.0051087977857913,-0.00839832069572203,0.0675999227174587));
#4617=CARTESIAN_POINT('',(-0.00494580979009147,-0.00813039234011616,0.0674044077313628));
#4618=CARTESIAN_POINT('',(-0.00469590585261604,-0.00771962548288643,0.0671047073959595));
#4619=CARTESIAN_POINT('',(-0.00443540183513768,-0.00729131685399027,0.0667920409714506));
#4620=CARTESIAN_POINT('',(-0.0041746771734802,-0.00686293520527505,0.0664797494273204));
#4621=CARTESIAN_POINT('',(-0.00391479810038007,-0.00643492043273119,0.0661662030814321));
#4622=CARTESIAN_POINT('',(-0.00365406335212678,-0.00600659260411406,0.0658540558073536));
#4623=CARTESIAN_POINT('',(-0.00339852309900956,-0.00558639954581624,0.0655472502684588));
#4624=CARTESIAN_POINT('',(-0.00322981764930019,-0.00530910120864852,0.0653449385760353));
#4625=CARTESIAN_POINT('',(-0.0031479520480524,-0.00517454156542045,0.0652467685207063));
#4626=CARTESIAN_POINT('',(-0.00538378483545821,-0.00861009680165267,0.0673955402328938));
#4627=CARTESIAN_POINT('',(-0.00530472706357085,-0.00848366003244359,0.0673085352038503));
#4628=CARTESIAN_POINT('',(-0.0051354839242468,-0.00821298895001348,0.0671222761408677));
#4629=CARTESIAN_POINT('',(-0.00487609859990584,-0.00779812056943854,0.0668367370956051));
#4630=CARTESIAN_POINT('',(-0.00460548131307146,-0.00736539700223738,0.0665390831344018));
#4631=CARTESIAN_POINT('',(-0.00433510606495244,-0.00693278068195882,0.0662410606472618));
#4632=CARTESIAN_POINT('',(-0.00406393997662141,-0.0064998952552961,0.0659444128220948));
#4633=CARTESIAN_POINT('',(-0.00379369981554691,-0.006067422227112,0.065646384528827));
#4634=CARTESIAN_POINT('',(-0.00352816247457519,-0.00564287033104478,0.0653544195887748));
#4635=CARTESIAN_POINT('',(-0.00335303982465855,-0.00536276836527181,0.0651616286639852));
#4636=CARTESIAN_POINT('',(-0.00326806270259807,-0.00522684924218118,0.0650680748856755));
#4637=CARTESIAN_POINT('',(-0.00548458020272003,-0.0086441150924446,0.0672511503120421));
#4638=CARTESIAN_POINT('',(-0.00540403508118852,-0.00851717027690505,0.0671662601491727));
#4639=CARTESIAN_POINT('',(-0.00523161080125077,-0.00824541466189966,0.0669845299397551));
#4640=CARTESIAN_POINT('',(-0.00496742733280731,-0.00782896574395363,0.0667059704238475));
#4641=CARTESIAN_POINT('',(-0.00469171692225462,-0.00739451729916048,0.0664155786993492));
#4642=CARTESIAN_POINT('',(-0.00441631210880448,-0.00696017151379754,0.0661247646449348));
#4643=CARTESIAN_POINT('',(-0.00413997008175218,-0.00652564672332866,0.0658355057017862));
#4644=CARTESIAN_POINT('',(-0.00386468949856239,-0.00609141411805008,0.0655446504065767));
#4645=CARTESIAN_POINT('',(-0.0035941573547753,-0.00566518196120053,0.0652598746958233));
#4646=CARTESIAN_POINT('',(-0.00341575453429246,-0.00538396407205964,0.0650717645151373));
#4647=CARTESIAN_POINT('',(-0.00332918591946607,-0.00524750334893134,0.0649804812165199));
#4648=CARTESIAN_POINT('',(-0.00569471026275431,-0.00870066433693929,0.066955018711151));
#4649=CARTESIAN_POINT('',(-0.00561107933349956,-0.0085728921128199,0.0668744838633644));
#4650=CARTESIAN_POINT('',(-0.00543205001189866,-0.00829936617469814,0.0667020778083723));
#4651=CARTESIAN_POINT('',(-0.00515776772405613,-0.00788022940371569,0.0664378220228745));
#4652=CARTESIAN_POINT('',(-0.00487150964557559,-0.00744294498691879,0.0661622869263487));
#4653=CARTESIAN_POINT('',(-0.00458553395073647,-0.00700580708665072,0.0658865206607482));
#4654=CARTESIAN_POINT('',(-0.00429881036309883,-0.00656841411037134,0.0656115969861916));
#4655=CARTESIAN_POINT('',(-0.00401293451592661,-0.00613137235562538,0.0653358085152748));
#4656=CARTESIAN_POINT('',(-0.00373195569854768,-0.00570225632890917,0.0650655872051929));
#4657=CARTESIAN_POINT('',(-0.00354672711600541,-0.00541921790866097,0.0648871379124871));
#4658=CARTESIAN_POINT('',(-0.00345684720992627,-0.00528187488758454,0.0648005433397618));
#4659=CARTESIAN_POINT('',(-0.00580428358012665,-0.00872327567493003,0.0668031197210767));
#4660=CARTESIAN_POINT('',(-0.00571904860058866,-0.00859517967458293,0.0667248253533932));
#4661=CARTESIAN_POINT('',(-0.00553658418385921,-0.00832095963381879,0.0665572154101757));
#4662=CARTESIAN_POINT('',(-0.00525700474540879,-0.00790073305692414,0.0663003048633641));
#4663=CARTESIAN_POINT('',(-0.00496527352672007,-0.00746232524977533,0.0660323665378936));
#4664=CARTESIAN_POINT('',(-0.00467374554541447,-0.00702411751670828,0.0657644429334767));
#4665=CARTESIAN_POINT('',(-0.00438179673759505,-0.00658549783725811,0.0654964888607412));
#4666=CARTESIAN_POINT('',(-0.00409037472461416,-0.00614742263004105,0.0652286189333149));
#4667=CARTESIAN_POINT('',(-0.00380392614485884,-0.00571708638654539,0.0649657486110796));
#4668=CARTESIAN_POINT('',(-0.00361514246747114,-0.0054333399425989,0.0647922855049002));
#4669=CARTESIAN_POINT('',(-0.00352353818258074,-0.00529565466816974,0.0647081123191664));
#4670=CARTESIAN_POINT('',(-0.00592730825617682,-0.00874094898925424,0.0666341159860754));
#4671=CARTESIAN_POINT('',(-0.00584029398555676,-0.00861262917359372,0.0665583207799471));
#4672=CARTESIAN_POINT('',(-0.005654012840788,-0.00833792075356588,0.0663960574744181));
#4673=CARTESIAN_POINT('',(-0.00536837882704812,-0.00791669972265421,0.0661472495364231));
#4674=CARTESIAN_POINT('',(-0.00507053624403689,-0.00747747309956537,0.0658878083525482));
#4675=CARTESIAN_POINT('',(-0.00477286370903093,-0.00703849196350324,0.0656285165835144));
#4676=CARTESIAN_POINT('',(-0.0044747133749155,-0.0065988218764615,0.0653688039723596));
#4677=CARTESIAN_POINT('',(-0.0041770775072746,-0.00615989666034609,0.0651095435182255));
#4678=CARTESIAN_POINT('',(-0.00388489496522068,-0.00572901325765291,0.0648550343922204));
#4679=CARTESIAN_POINT('',(-0.00369207188832494,-0.00544465838672219,0.0646870719843164));
#4680=CARTESIAN_POINT('',(-0.00359850401737706,-0.00530667452228353,0.0646055677930849));
#4681=CARTESIAN_POINT('',(-7.74387010911514E-7,1.33164530772256E-19,0.0658134199218398));
#4682=CARTESIAN_POINT('',(-1.26098455002256E-6,2.16840434497101E-19,0.0685420332613903));
#4683=CARTESIAN_POINT('',(-0.0019710157993507,-0.00913981357801275,0.0685361714886328));
#4684=CARTESIAN_POINT('',(-0.000952289169065707,-0.0093013628168949,0.0685365300463302));
#4685=CARTESIAN_POINT('',(-5.79749547919059E-9,1.24945294690888E-9,0.0614710166858886));
#4686=CARTESIAN_POINT('',(-0.00121089148691243,-0.00561503210761956,0.0658113635153836));
#4687=CARTESIAN_POINT('',(-7.74387010911514E-7,1.33164530772256E-19,0.0658134199218398));
#4688=CARTESIAN_POINT('',(-0.000585020252138168,-0.00571417466435623,0.0658114786637409));
#4689=CARTESIAN_POINT('',(-0.000952276299624486,-0.00930137755337045,0.0685365123810214));
#4690=CARTESIAN_POINT('',(-1.27634307477962E-6,2.20228566286118E-19,0.0686281567457065));
#4691=CARTESIAN_POINT('',(-0.0019708105900797,-0.00913879229012757,0.0685353842298355));
#4692=CARTESIAN_POINT('',(-0.00198825477930815,-0.00921991115507187,0.068401723160103));
#4693=CARTESIAN_POINT('',(-0.00377951856625803,-0.00855110572743278,0.0685350622198776));
#4694=CARTESIAN_POINT('',(-0.00319648615903061,-0.00880304885551169,0.0685435159129506));
#4695=CARTESIAN_POINT('',(-0.00259057197173996,-0.00899992357738201,0.0685436219212823));
#4696=CARTESIAN_POINT('',(-0.0019707979285808,-0.00913879457796884,0.0685353849263847));
#4697=CARTESIAN_POINT('',(-0.00381301967077951,-0.00862701050347744,0.0684013977570038));
#4698=CARTESIAN_POINT('',(-0.00381303075896351,-0.00862700560424535,0.0684013977550106));
#4699=CARTESIAN_POINT('',(-0.00358069710483866,-0.00990921673454708,0.0666225051408952));
#4700=CARTESIAN_POINT('',(-0.00367302565656383,-0.00968904891473446,0.0669055262338741));
#4701=CARTESIAN_POINT('',(-0.00382343750413737,-0.0092469194285095,0.0674807902980185));
#4702=CARTESIAN_POINT('',(-0.00386779642625346,-0.00881672295091743,0.068086179986715));
#4703=CARTESIAN_POINT('',(-0.00381303142447297,-0.00862700543210287,0.0684013975752564));
#4704=CARTESIAN_POINT('',(-0.00358069709381703,-0.00990921670401147,0.0666225051931936));
#4705=CARTESIAN_POINT('',(-0.00358064026264526,-0.00990906041996945,0.066622773090416));
#4706=CARTESIAN_POINT('',(-0.00336585599560599,-0.00998681335577659,0.0666225681818485));
#4707=CARTESIAN_POINT('',(-0.00314872563595709,-0.0100573433618571,0.0666226374813353));
#4708=CARTESIAN_POINT('',(-0.00292924845409891,-0.0101206481884314,0.0666229848105117));
#4709=CARTESIAN_POINT('',(-0.00292931045001244,-0.010120865121959,0.0666226213559102));
#4710=CARTESIAN_POINT('',(-0.00198825682764488,-0.00921991072388213,0.0684017231435883));
#4711=CARTESIAN_POINT('',(-0.00205527281116099,-0.00940537527022942,0.0680869168427033));
#4712=CARTESIAN_POINT('',(-0.00234443807993649,-0.00972767996284897,0.067480801446814));
#4713=CARTESIAN_POINT('',(-0.00272530436964558,-0.00999699476282691,0.0669056765136143));
#4714=CARTESIAN_POINT('',(-0.00292931013142497,-0.0101208640197346,0.0666226232042063));
#4715=CARTESIAN_POINT('',(-7.83818880698028E-7,1.35525271560688E-19,0.0658663094735696));
#4716=CARTESIAN_POINT('',(-0.00122100989328506,-0.00566206824659291,0.0657272533349587));
#4717=CARTESIAN_POINT('',(-0.00130376191639381,-0.00589109604596105,0.065338504848785));
#4718=CARTESIAN_POINT('',(-0.00154815760419321,-0.00606310685620996,0.0649825975423425));
#4719=CARTESIAN_POINT('',(-0.00179893064191916,-0.00621535039040805,0.0646346897289316));
#4720=CARTESIAN_POINT('',(-0.00122101253177037,-0.00566206767818376,0.0657272533341416));
#4721=CARTESIAN_POINT('',(-0.00179893161069555,-0.00621535374208404,0.0646346841085761));
#4722=CARTESIAN_POINT('',(-0.00219906998905753,-0.00608574435774457,0.064633994745913));
#4723=CARTESIAN_POINT('',(-0.00206699179174137,-0.00613296191944532,0.0646347703185658));
#4724=CARTESIAN_POINT('',(-0.00193361421503018,-0.00617617139527651,0.0646349895529988));
#4725=CARTESIAN_POINT('',(-0.00179893694704001,-0.00621537181561969,0.064634653751129));
#4726=CARTESIAN_POINT('',(-0.00219894405808632,-0.00608538194878911,0.0646346127737813));
#4727=CARTESIAN_POINT('',(-0.00219894242010412,-0.00608537741064789,0.0646346205462505));
#4728=CARTESIAN_POINT('',(-0.00231232132935322,-0.00581505503925135,0.0649821049759401));
#4729=CARTESIAN_POINT('',(-0.00240877733534441,-0.00553053287627702,0.0653406199365116));
#4730=CARTESIAN_POINT('',(-0.00234163321727242,-0.00529795564150945,0.0657270539094824));
#4731=CARTESIAN_POINT('',(-0.00234163388059746,-0.00529795545382364,0.0657270537540539));
#4732=CARTESIAN_POINT('',(-0.00234162275699818,-0.00529796036870479,0.0657270537560541));
#4733=CARTESIAN_POINT('',(-0.0023347472831026,-0.00528238829987595,0.0657544770941257));
#4734=CARTESIAN_POINT('',(-0.00232787180920703,-0.00526681623104711,0.0657819004321973));
#4735=CARTESIAN_POINT('',(-0.00232099633531145,-0.00525124416221827,0.0658093237702689));
#4736=CARTESIAN_POINT('',(-0.00121150480104305,-0.0056178566909053,0.0658132040105447));
#4737=CARTESIAN_POINT('',(-0.00159054869551479,-0.00553559727632372,0.0658131364151021));
#4738=CARTESIAN_POINT('',(-0.00196853582701917,-0.00541281409729604,0.0658130690081136));
#4739=CARTESIAN_POINT('',(-0.00232337644897345,-0.00525662794969035,0.0658130057288754));
#4740=CARTESIAN_POINT('',(-0.00121027795091724,-0.00561213594935544,0.0658095257659422));
#4741=CARTESIAN_POINT('',(-0.00121385995498771,-0.00562877903775186,0.0657821016213354));
#4742=CARTESIAN_POINT('',(-0.00121744195905818,-0.00564542212614827,0.0657546774767286));
#4743=CARTESIAN_POINT('',(-0.00122102396312865,-0.00566206521454469,0.0657272533321218));
#4744=CARTESIAN_POINT('',(-0.00159789930024952,-0.00740963554307773,0.0671189465392258));
#4745=CARTESIAN_POINT('',(-0.00160785992277107,-0.00745595155274692,0.0670757353920308));
#4746=CARTESIAN_POINT('',(-0.00306422199024687,-0.00693281619492708,0.0671193619431662));
#4747=CARTESIAN_POINT('',(-0.0030835339288102,-0.00697651173147671,0.0670754975168614));
#4748=CARTESIAN_POINT('',(-0.00358905187934611,-0.00993234430942314,0.0666345303461272));
#4749=CARTESIAN_POINT('',(-0.00353636593164112,-0.00978654230178288,0.0665587328169684));
#4750=CARTESIAN_POINT('',(-0.00342356992306526,-0.00947439285553784,0.0663964568534572));
#4751=CARTESIAN_POINT('',(-0.00325065809317697,-0.00899587760225881,0.0661476920972803));
#4752=CARTESIAN_POINT('',(-0.00307029066723993,-0.00849672901253583,0.0658882005910591));
#4753=CARTESIAN_POINT('',(-0.00288999132297739,-0.00799777426858792,0.0656288117072185));
#4754=CARTESIAN_POINT('',(-0.00270956254278731,-0.00749844678574653,0.0653692243346425));
#4755=CARTESIAN_POINT('',(-0.00252927961411357,-0.00699953521353789,0.0651098567484906));
#4756=CARTESIAN_POINT('',(-0.00235247107566236,-0.00651024080282748,0.0648554907881597));
#4757=CARTESIAN_POINT('',(-0.00223583623923652,-0.00618746603357955,0.0646876903918797));
#4758=CARTESIAN_POINT('',(-0.00217930301520683,-0.00603101617617495,0.064606357032786));
#4759=CARTESIAN_POINT('',(-0.00364682503919532,-0.00982342592760897,0.0668025178840977));
#4760=CARTESIAN_POINT('',(-0.00359327364774318,-0.00967920524630027,0.0667242192565387));
#4761=CARTESIAN_POINT('',(-0.00347862713339478,-0.00937044352293215,0.0665565934130382));
#4762=CARTESIAN_POINT('',(-0.0033029405808406,-0.00889718109382952,0.0662997538413158));
#4763=CARTESIAN_POINT('',(-0.00311965797060979,-0.00840349132739844,0.0660317971563961));
#4764=CARTESIAN_POINT('',(-0.00293642398796545,-0.00790981290210736,0.0657639506845837));
#4765=CARTESIAN_POINT('',(-0.0027531359968309,-0.00741617987944123,0.0654959594407303));
#4766=CARTESIAN_POINT('',(-0.00256991016523382,-0.00692276277385727,0.0652280515109459));
#4767=CARTESIAN_POINT('',(-0.00239023195062471,-0.00643838512520514,0.0649654841131923));
#4768=CARTESIAN_POINT('',(-0.00227171350001516,-0.00611919937864847,0.0647921949566251));
#4769=CARTESIAN_POINT('',(-0.00221426741487124,-0.00596449396797861,0.0647082000810301));
#4770=CARTESIAN_POINT('',(-0.00369106884454254,-0.00972787067185682,0.0669446984825446));
#4771=CARTESIAN_POINT('',(-0.00363686720302938,-0.00958503676056512,0.0668643130162396));
#4772=CARTESIAN_POINT('',(-0.00352082801527383,-0.00927924357570555,0.0666922187689078));
#4773=CARTESIAN_POINT('',(-0.00334299206641801,-0.0088105207713249,0.0664285116477655));
#4774=CARTESIAN_POINT('',(-0.00315749494756245,-0.00832164812770004,0.0661534272500702));
#4775=CARTESIAN_POINT('',(-0.00297201419404608,-0.00783273560746821,0.0658783947511799));
#4776=CARTESIAN_POINT('',(-0.00278654214726849,-0.00734401988110809,0.0656033193570959));
#4777=CARTESIAN_POINT('',(-0.00260107931449286,-0.00685527762305471,0.0653282629821821));
#4778=CARTESIAN_POINT('',(-0.00241924104667481,-0.00637583790360877,0.0650586909619693));
#4779=CARTESIAN_POINT('',(-0.00229928016084077,-0.00605970376735107,0.0648807836284022));
#4780=CARTESIAN_POINT('',(-0.00224113467817805,-0.00590647460002071,0.0647945503454082));
#4781=CARTESIAN_POINT('',(-0.00376876410206645,-0.00952637822277494,0.0672384146421075));
#4782=CARTESIAN_POINT('',(-0.00371342601540083,-0.0093864827869455,0.0671537355004324));
#4783=CARTESIAN_POINT('',(-0.00359495281148935,-0.00908698389752771,0.0669724448449271));
#4784=CARTESIAN_POINT('',(-0.00341335939208969,-0.00862799708693219,0.0666945330182815));
#4785=CARTESIAN_POINT('',(-0.0032239606792918,-0.00814924525449035,0.0664046946153095));
#4786=CARTESIAN_POINT('',(-0.00303454475667685,-0.00767050906663242,0.0661147941607582));
#4787=CARTESIAN_POINT('',(-0.00284522103409886,-0.00719189030696148,0.0658251099945832));
#4788=CARTESIAN_POINT('',(-0.00265586220737145,-0.00671316248174697,0.0655353591690618));
#4789=CARTESIAN_POINT('',(-0.00247014829031334,-0.00624401324957219,0.065251032574982));
#4790=CARTESIAN_POINT('',(-0.00234766807823077,-0.00593437725902456,0.0650636137637844));
#4791=CARTESIAN_POINT('',(-0.00228830199356045,-0.0057842936991194,0.0649727733440151));
#4792=CARTESIAN_POINT('',(-0.00380304010246698,-0.00941632094447861,0.0673948614957803));
#4793=CARTESIAN_POINT('',(-0.00374720051868665,-0.00927805780537987,0.0673078859444038));
#4794=CARTESIAN_POINT('',(-0.00362765373166795,-0.00898205201444591,0.067121679378303));
#4795=CARTESIAN_POINT('',(-0.00344441663506385,-0.00852837995199694,0.0668362449938956));
#4796=CARTESIAN_POINT('',(-0.00325328944493284,-0.00805514925405999,0.0665385368210805));
#4797=CARTESIAN_POINT('',(-0.00306218729698814,-0.00758195774905606,0.0662408779519215));
#4798=CARTESIAN_POINT('',(-0.00287106781399984,-0.00710882906002115,0.0659431320041668));
#4799=CARTESIAN_POINT('',(-0.002680084772872,-0.006635371608983,0.0656460396968099));
#4800=CARTESIAN_POINT('',(-0.00249239925935252,-0.00617291072337937,0.0653521778024398));
#4801=CARTESIAN_POINT('',(-0.00236884877439421,-0.00586668793108019,0.0651599390355334));
#4802=CARTESIAN_POINT('',(-0.00230896714961943,-0.00571824477531706,0.0650667829494718));
#4803=CARTESIAN_POINT('',(-0.00384552572044327,-0.00922337253216493,0.0676638736610979));
#4804=CARTESIAN_POINT('',(-0.00378906619852559,-0.00908795981527392,0.0675729485606588));
#4805=CARTESIAN_POINT('',(-0.00366819217502825,-0.00879805409201493,0.0673782879451963));
#4806=CARTESIAN_POINT('',(-0.00348292039441472,-0.00835366841268446,0.0670799360983345));
#4807=CARTESIAN_POINT('',(-0.00328965654903443,-0.00789013224201072,0.0667686992170842));
#4808=CARTESIAN_POINT('',(-0.00309643895806308,-0.00742671659160909,0.0664575343524884));
#4809=CARTESIAN_POINT('',(-0.0029031605976888,-0.00696309310965677,0.0661463016428034));
#4810=CARTESIAN_POINT('',(-0.00270992218383698,-0.00650003291065755,0.0658348289007642));
#4811=CARTESIAN_POINT('',(-0.00252068074207162,-0.0060445331125945,0.065531162694592));
#4812=CARTESIAN_POINT('',(-0.00239568189742188,-0.00574494983669774,0.0653297127618396));
#4813=CARTESIAN_POINT('',(-0.00233509234209978,-0.00559975353371581,0.065232053593958));
#4814=CARTESIAN_POINT('',(-0.00385884439076516,-0.00913570772423412,0.0677843608095783));
#4815=CARTESIAN_POINT('',(-0.00380218948001668,-0.00900158011756796,0.0676916700234094));
#4816=CARTESIAN_POINT('',(-0.00368089703859302,-0.0087144261616607,0.0674932287051934));
#4817=CARTESIAN_POINT('',(-0.00349498098187921,-0.0082742710255361,0.0671890672632462));
#4818=CARTESIAN_POINT('',(-0.00330104783667626,-0.00781514860517285,0.0668717691101317));
#4819=CARTESIAN_POINT('',(-0.00310716451996744,-0.00735611035341442,0.0665546091813809));
#4820=CARTESIAN_POINT('',(-0.00291321081900195,-0.0068970185442686,0.0662371394480782));
#4821=CARTESIAN_POINT('',(-0.00271935566476209,-0.00643774438844111,0.0659205113430475));
#4822=CARTESIAN_POINT('',(-0.0025292483914119,-0.00598888041750588,0.065607554388755));
#4823=CARTESIAN_POINT('',(-0.0024038451177809,-0.00569182985928542,0.0654026532436684));
#4824=CARTESIAN_POINT('',(-0.00234306186853448,-0.00554783534913026,0.0653033587445814));
#4825=CARTESIAN_POINT('',(-0.00386970113281637,-0.00898430064088808,0.0679908135771049));
#4826=CARTESIAN_POINT('',(-0.00381288512478619,-0.00885239048903839,0.0678950879029576));
#4827=CARTESIAN_POINT('',(-0.00369124789246505,-0.00856998455302214,0.0676901489019892));
#4828=CARTESIAN_POINT('',(-0.00350480605728931,-0.00813712503443684,0.0673760200470651));
#4829=CARTESIAN_POINT('',(-0.0033103300515814,-0.00768560759553627,0.0670483604735841));
#4830=CARTESIAN_POINT('',(-0.00311589924440643,-0.00723419866286244,0.0667207723142558));
#4831=CARTESIAN_POINT('',(-0.00292141364146324,-0.00678265832013118,0.0663931041616699));
#4832=CARTESIAN_POINT('',(-0.00272702878503647,-0.00633134717948344,0.0660655617221315));
#4833=CARTESIAN_POINT('',(-0.00253630385447193,-0.00588856802781149,0.0657443477746764));
#4834=CARTESIAN_POINT('',(-0.00241055798480765,-0.00559662328754153,0.0655324673268904));
#4835=CARTESIAN_POINT('',(-0.00234960958612824,-0.00545511886513715,0.0654297684897555));
#4836=CARTESIAN_POINT('',(-0.00387039381742105,-0.00892289443423827,0.0680742852927473));
#4837=CARTESIAN_POINT('',(-0.00381356568516351,-0.00879188016510053,0.067977334615221));
#4838=CARTESIAN_POINT('',(-0.00369190256180438,-0.00851139259346542,0.0677697728179132));
#4839=CARTESIAN_POINT('',(-0.00350542278763619,-0.00808148336251956,0.0674516187694423));
#4840=CARTESIAN_POINT('',(-0.00331091157502517,-0.00763301765354908,0.0671198146330109));
#4841=CARTESIAN_POINT('',(-0.00311643760112954,-0.00718479599076066,0.0667878721506026));
#4842=CARTESIAN_POINT('',(-0.002921936170626,-0.00673592695023311,0.0664566268214728));
#4843=CARTESIAN_POINT('',(-0.00272748500386059,-0.00628940135036542,0.0661226084910739));
#4844=CARTESIAN_POINT('',(-0.00253680697164636,-0.00584330508534996,0.0658056753903312));
#4845=CARTESIAN_POINT('',(-0.00241102582590723,-0.00555424391992068,0.0655898915510625));
#4846=CARTESIAN_POINT('',(-0.00235005940196494,-0.00541420816855546,0.0654852065604941));
#4847=CARTESIAN_POINT('',(-0.00386316392320984,-0.00881946705811784,0.0682151153424269));
#4848=CARTESIAN_POINT('',(-0.00380644046226203,-0.00868996975780853,0.0681160891626103));
#4849=CARTESIAN_POINT('',(-0.00368500160673059,-0.00841272981981938,0.0679040843957259));
#4850=CARTESIAN_POINT('',(-0.00349887029659995,-0.00798779738160452,0.067579132724611));
#4851=CARTESIAN_POINT('',(-0.00330471474424427,-0.00754455626232774,0.0672402142835239));
#4852=CARTESIAN_POINT('',(-0.00311063160799769,-0.0071014411194274,0.0669012715084637));
#4853=CARTESIAN_POINT('',(-0.00291638587167759,-0.00665809822639724,0.0665626158215445));
#4854=CARTESIAN_POINT('',(-0.00272271994569909,-0.00621553334682872,0.0662228852695472));
#4855=CARTESIAN_POINT('',(-0.00253082916122969,-0.0057790510438557,0.0658938314692375));
#4856=CARTESIAN_POINT('',(-0.00240549994206092,-0.00549269038303639,0.0656742075512515));
#4857=CARTESIAN_POINT('',(-0.00234477009277671,-0.0053539125998482,0.0655677194333237));
#4858=CARTESIAN_POINT('',(-0.00385868859369107,-0.00878225512140182,0.0682659041163005));
#4859=CARTESIAN_POINT('',(-0.00380203031783955,-0.0086533046422842,0.0681661289473985));
#4860=CARTESIAN_POINT('',(-0.003680730993874,-0.0083772348997834,0.0679525214988433));
#4861=CARTESIAN_POINT('',(-0.00349481294146841,-0.00795408301125809,0.0676251352675771));
#4862=CARTESIAN_POINT('',(-0.00330088134580191,-0.00751273980241043,0.0672836248744388));
#4863=CARTESIAN_POINT('',(-0.00310701740750734,-0.00707137728606884,0.066942277120761));
#4864=CARTESIAN_POINT('',(-0.0029130043503926,-0.00663030809208173,0.0666005493485733));
#4865=CARTESIAN_POINT('',(-0.00271953474344777,-0.0061881677449499,0.0662601039021843));
#4866=CARTESIAN_POINT('',(-0.00252795005490595,-0.00575874831839521,0.0659218471031286));
#4867=CARTESIAN_POINT('',(-0.00240275239430366,-0.00547284822131001,0.0657015253517546));
#4868=CARTESIAN_POINT('',(-0.0023420853268778,-0.00533423490294643,0.0655947742043586));
#4869=CARTESIAN_POINT('',(-0.00384930263570162,-0.00873295504146962,0.068334336259759));
#4870=CARTESIAN_POINT('',(-0.00379278117261426,-0.00860472183402708,0.0682335631841355));
#4871=CARTESIAN_POINT('',(-0.00367177504142139,-0.0083301891538355,0.068017817480165));
#4872=CARTESIAN_POINT('',(-0.00348631411324847,-0.00790943196616616,0.0676871048951654));
#4873=CARTESIAN_POINT('',(-0.00329283876206732,-0.00747047842893101,0.067342269182161));
#4874=CARTESIAN_POINT('',(-0.00309950404138716,-0.00703189615454811,0.0669970638044286));
#4875=CARTESIAN_POINT('',(-0.00290575897867979,-0.00659220318140507,0.0666534007061201));
#4876=CARTESIAN_POINT('',(-0.00271349251057597,-0.00615650593060722,0.0663040121194784));
#4877=CARTESIAN_POINT('',(-0.00251968870777623,-0.00571497448967633,0.065982503753389));
#4878=CARTESIAN_POINT('',(-0.00239517715198094,-0.00543275365742274,0.065757080761451));
#4879=CARTESIAN_POINT('',(-0.00233487273681569,-0.00529608703341239,0.0656476309666942));
#4880=CARTESIAN_POINT('',(-0.00384138784469786,-0.0087033042500402,0.0683764149579809));
#4881=CARTESIAN_POINT('',(-0.00378498250241047,-0.00857550761112385,0.0682750218411018));
#4882=CARTESIAN_POINT('',(-0.00366422498078734,-0.00830190963065533,0.0680579487174503));
#4883=CARTESIAN_POINT('',(-0.00347914529650402,-0.00788258648814582,0.0677252021661012));
#4884=CARTESIAN_POINT('',(-0.00328607039757421,-0.00744512381588863,0.0673782438304684));
#4885=CARTESIAN_POINT('',(-0.00309312417983383,-0.00700804778139297,0.0670309163716883));
#4886=CARTESIAN_POINT('',(-0.00289981639686953,-0.00656980647934479,0.066685132955578));
#4887=CARTESIAN_POINT('',(-0.00270778560244473,-0.00613572614473634,0.0663336299767554));
#4888=CARTESIAN_POINT('',(-0.00251496130076232,-0.00569520370153972,0.066009996818375));
#4889=CARTESIAN_POINT('',(-0.00239062377834562,-0.00541401407672617,0.0657832133696414));
#4890=CARTESIAN_POINT('',(-0.00233039710903076,-0.00527785239950109,0.0656731047344663));
#4891=CARTESIAN_POINT('',(-0.0038295321242564,-0.00866433839974921,0.0684313886881671));
#4892=CARTESIAN_POINT('',(-0.00377330202784752,-0.0085371172446037,0.0683291874242488));
#4893=CARTESIAN_POINT('',(-0.00365291940950123,-0.00826475037113989,0.0681103854595612));
#4894=CARTESIAN_POINT('',(-0.00346840691933261,-0.00784728912392396,0.0677750240454987));
#4895=CARTESIAN_POINT('',(-0.00327594435685944,-0.00741184132342193,0.0674252132811005));
#4896=CARTESIAN_POINT('',(-0.00308352522020046,-0.00697649184659968,0.0670754816246514));
#4897=CARTESIAN_POINT('',(-0.00289106015953456,-0.00654103955626409,0.0667256668822471));
#4898=CARTESIAN_POINT('',(-0.00269864304569177,-0.00610569302564934,0.0663759374738281));
#4899=CARTESIAN_POINT('',(-0.00250999979171169,-0.00567888666207334,0.0660330692611507));
#4900=CARTESIAN_POINT('',(-0.00238553872687331,-0.00539729229736661,0.0658068545096213));
#4901=CARTESIAN_POINT('',(-0.00232521183905229,-0.00526080212173025,0.0656972071007212));
#4902=CARTESIAN_POINT('',(-0.00288998489429188,-0.00799775471955433,0.0656288005619233));
#4903=CARTESIAN_POINT('',(-7.33813720460172E-5,-0.000181615566666,0.0858470083080968));
#4904=CARTESIAN_POINT('',(-0.00295434491141141,-0.0102073607748837,0.0666666504377468));
#4905=CARTESIAN_POINT('',(-0.00290517640294104,-0.0100374804444955,0.0665801805985085));
#4906=CARTESIAN_POINT('',(-0.00280683715119481,-0.00969771206232367,0.0664072369898076));
#4907=CARTESIAN_POINT('',(-0.00265927777391327,-0.0091878914269647,0.0661477326543081));
#4908=CARTESIAN_POINT('',(-0.00251173886836024,-0.00867813796375075,0.0658882646665624));
#4909=CARTESIAN_POINT('',(-0.00236428582971316,-0.00816867051206199,0.0656289461086699));
#4910=CARTESIAN_POINT('',(-0.00221659127099322,-0.00765840020420383,0.0653692066665204));
#4911=CARTESIAN_POINT('',(-0.00206915582514239,-0.00714899726465787,0.0651099194269292));
#4912=CARTESIAN_POINT('',(-0.00192159369767825,-0.00663915614442962,0.0648504104125866));
#4913=CARTESIAN_POINT('',(-0.00182325039374572,-0.00629937609858711,0.0646774595220025));
#4914=CARTESIAN_POINT('',(-0.00177407335333911,-0.00612946745838908,0.0645909746003606));
#4915=CARTESIAN_POINT('',(-0.00199686560432654,-0.00925984088612707,0.0684317387834035));
#4916=CARTESIAN_POINT('',(-0.00196754033097175,-0.00912385505523319,0.0683295167203626));
#4917=CARTESIAN_POINT('',(-0.00190476234440485,-0.00883274364416229,0.068110685036464));
#4918=CARTESIAN_POINT('',(-0.0018085521523983,-0.00838659725806823,0.0677753119662115));
#4919=CARTESIAN_POINT('',(-0.00170819460788547,-0.00792122119153575,0.0674254837480882));
#4920=CARTESIAN_POINT('',(-0.00160785134142676,-0.0074559131825273,0.0670757064326924));
#4921=CARTESIAN_POINT('',(-0.00150750837210909,-0.00699059801210051,0.0667259244302001));
#4922=CARTESIAN_POINT('',(-0.00140716709139356,-0.00652530213740343,0.0663761558931689));
#4923=CARTESIAN_POINT('',(-0.00130873918721659,-0.00606887129731188,0.0660330527016035));
#4924=CARTESIAN_POINT('',(-0.00124377130256936,-0.00576760400104138,0.0658065867370562));
#4925=CARTESIAN_POINT('',(-0.00121224532379175,-0.00562141262792176,0.065696693053837));
#4926=CARTESIAN_POINT('',(-0.00200867474639346,-0.00929403327915612,0.068382879055071));
#4927=CARTESIAN_POINT('',(-0.0019791785774003,-0.00915755259511298,0.0682813630556918));
#4928=CARTESIAN_POINT('',(-0.00191603301775776,-0.00886537703440458,0.0680640512060189));
#4929=CARTESIAN_POINT('',(-0.00181921351539532,-0.00841747225490089,0.0677312289580901));
#4930=CARTESIAN_POINT('',(-0.00171842075654754,-0.00795083544381803,0.0673831952742286));
#4931=CARTESIAN_POINT('',(-0.00161688575551729,-0.00748208066943546,0.0670383680140326));
#4932=CARTESIAN_POINT('',(-0.00151631223894556,-0.00701609718301035,0.0666895277239354));
#4933=CARTESIAN_POINT('',(-0.00141529501631389,-0.00654885315893571,0.0663425966621231));
#4934=CARTESIAN_POINT('',(-0.00131631421081464,-0.00609079453639016,0.0660016657910418));
#4935=CARTESIAN_POINT('',(-0.00125096443530305,-0.00578842375081193,0.0657767871994363));
#4936=CARTESIAN_POINT('',(-0.00121925291271771,-0.00564169651070783,0.0656676658751442));
#4937=CARTESIAN_POINT('',(-0.00201795948090514,-0.00931840467389237,0.0683472362731028));
#4938=CARTESIAN_POINT('',(-0.00198833215482447,-0.00918157614267359,0.0682462300247715));
#4939=CARTESIAN_POINT('',(-0.0019249023304022,-0.00888864952236055,0.0680300196557045));
#4940=CARTESIAN_POINT('',(-0.00182755432340843,-0.00843942327900599,0.0676991576788514));
#4941=CARTESIAN_POINT('',(-0.00172663908206913,-0.0079722167382816,0.0673519013846972));
#4942=CARTESIAN_POINT('',(-0.00162336118646182,-0.0074998176334861,0.0670126273243362));
#4943=CARTESIAN_POINT('',(-0.00152544693157784,-0.00703914044451347,0.0666556800548552));
#4944=CARTESIAN_POINT('',(-0.00142301397447862,-0.00656868226912611,0.0663135837887222));
#4945=CARTESIAN_POINT('',(-0.00132369732353332,-0.00610964458389595,0.0659740024007167));
#4946=CARTESIAN_POINT('',(-0.00125796323563324,-0.00580630448128554,0.0657505574066697));
#4947=CARTESIAN_POINT('',(-0.00122606302163519,-0.00565910250112691,0.0656421390924965));
#4948=CARTESIAN_POINT('',(-0.00204179517673551,-0.0093705892043636,0.0682689372281997));
#4949=CARTESIAN_POINT('',(-0.00201180414904953,-0.00923296804691087,0.0681691264996938));
#4950=CARTESIAN_POINT('',(-0.00194760558524368,-0.00893836471721973,0.0679554452295017));
#4951=CARTESIAN_POINT('',(-0.00184934156883091,-0.00848710359495069,0.0676276556881739));
#4952=CARTESIAN_POINT('',(-0.00174631860268055,-0.00801542059837076,0.0672871270186938));
#4953=CARTESIAN_POINT('',(-0.00164524117062878,-0.00754733652940349,0.0669413799729995));
#4954=CARTESIAN_POINT('',(-0.00154026129075399,-0.00707198279118777,0.0666064428921088));
#4955=CARTESIAN_POINT('',(-0.00143837065632103,-0.00660249628679155,0.0662629439065379));
#4956=CARTESIAN_POINT('',(-0.00133756315134535,-0.00614022062798713,0.0659281328050491));
#4957=CARTESIAN_POINT('',(-0.00127118502066409,-0.00583546027322912,0.0657068348902402));
#4958=CARTESIAN_POINT('',(-0.00123897688522253,-0.00568757881643465,0.0655994448959678));
#4959=CARTESIAN_POINT('',(-0.00205805849500957,-0.00940009550002747,0.0682232095590802));
#4960=CARTESIAN_POINT('',(-0.00202783467420785,-0.00926205354814029,0.068124056464473));
#4961=CARTESIAN_POINT('',(-0.00196313410291016,-0.00896654246912081,0.0679117930782273));
#4962=CARTESIAN_POINT('',(-0.0018640034730629,-0.00851370570036874,0.0675864440182158));
#4963=CARTESIAN_POINT('',(-0.00176049186072467,-0.00804115163944859,0.0672472909380591));
#4964=CARTESIAN_POINT('',(-0.00165737698898266,-0.00756932019427004,0.0669072887310803));
#4965=CARTESIAN_POINT('',(-0.00155281982770757,-0.00709499756413736,0.0665709046807055));
#4966=CARTESIAN_POINT('',(-0.00144978242877164,-0.00662335001902699,0.0662307409589906));
#4967=CARTESIAN_POINT('',(-0.00134826038465667,-0.00615977493324578,0.0658979026988721));
#4968=CARTESIAN_POINT('',(-0.00128134259044784,-0.00585402736223191,0.0656781427138025));
#4969=CARTESIAN_POINT('',(-0.00124887165962922,-0.00570566510035441,0.0655715021991627));
#4970=CARTESIAN_POINT('',(-0.00209883641511441,-0.00946713075733059,0.0681165185815936));
#4971=CARTESIAN_POINT('',(-0.00206802039875812,-0.00932811850475088,0.0680189223525357));
#4972=CARTESIAN_POINT('',(-0.00200204826652107,-0.00903052360011764,0.0678100006139444));
#4973=CARTESIAN_POINT('',(-0.00190086728919238,-0.00857431617510844,0.0674900066791938));
#4974=CARTESIAN_POINT('',(-0.00179564365357968,-0.00809894138808041,0.0671553473893264));
#4975=CARTESIAN_POINT('',(-0.00168922809036468,-0.00762172923329224,0.0668239696324595));
#4976=CARTESIAN_POINT('',(-0.00158537893227471,-0.00714861804766612,0.0664855949429983));
#4977=CARTESIAN_POINT('',(-0.00147945929309227,-0.00667223167664047,0.0661530465260384));
#4978=CARTESIAN_POINT('',(-0.00137604396010243,-0.00620553049930644,0.0658251293433011));
#4979=CARTESIAN_POINT('',(-0.0013077322737212,-0.00589749533858597,0.0656090324161318));
#4980=CARTESIAN_POINT('',(-0.00127458299742566,-0.00574801997733634,0.0655041750350733));
#4981=CARTESIAN_POINT('',(-0.00212528572374304,-0.00950523014398199,0.0680534568087117));
#4982=CARTESIAN_POINT('',(-0.00209407919454041,-0.00936565633994316,0.0679567974689038));
#4983=CARTESIAN_POINT('',(-0.00202727319170035,-0.00906686234700845,0.067749874732677));
#4984=CARTESIAN_POINT('',(-0.00192487062451421,-0.00860889842918843,0.0674327677212452));
#4985=CARTESIAN_POINT('',(-0.00181810297272722,-0.00813125446074178,0.0671018506551568));
#4986=CARTESIAN_POINT('',(-0.00171115989121073,-0.00765345728584856,0.0667715364773571));
#4987=CARTESIAN_POINT('',(-0.00160494972313066,-0.00717657068205925,0.0664392064287844));
#4988=CARTESIAN_POINT('',(-0.00149799505821588,-0.00669880785962726,0.0661090075023345));
#4989=CARTESIAN_POINT('',(-0.00139321778600018,-0.00623012995448868,0.0657843696227957));
#4990=CARTESIAN_POINT('',(-0.00132406125681077,-0.00592088712731575,0.065570280034825));
#4991=CARTESIAN_POINT('',(-0.00129050274912483,-0.00577082705455313,0.065466394596625));
#4992=CARTESIAN_POINT('',(-0.00221753083918929,-0.00962568930953407,0.0678469354627462));
#4993=CARTESIAN_POINT('',(-0.00218497094738473,-0.0094843539733481,0.0677533157047127));
#4994=CARTESIAN_POINT('',(-0.00211526654723927,-0.00918178585034914,0.0675528988885613));
#4995=CARTESIAN_POINT('',(-0.0020083903802417,-0.00871795448972941,0.0672457344378989));
#4996=CARTESIAN_POINT('',(-0.00189704116238963,-0.00823432008955132,0.0669251206629517));
#4997=CARTESIAN_POINT('',(-0.00178529119095396,-0.0077503194706767,0.0666054434660779));
#4998=CARTESIAN_POINT('',(-0.0016751033868632,-0.00726794854980692,0.0662824205827904));
#4999=CARTESIAN_POINT('',(-0.00156330656367896,-0.00678395206188566,0.0659629347808199));
#5000=CARTESIAN_POINT('',(-0.00145401016789921,-0.00630938509978372,0.065648476725005));
#5001=CARTESIAN_POINT('',(-0.00138182934896921,-0.00599620225305214,0.065441147346385));
#5002=CARTESIAN_POINT('',(-0.00134680272936823,-0.0058442295504014,0.0653405428868886));
#5003=CARTESIAN_POINT('',(-0.0022973190242076,-0.00970819516678573,0.0676917668061069));
#5004=CARTESIAN_POINT('',(-0.00226358514872261,-0.00956564518678901,0.0676004301083182));
#5005=CARTESIAN_POINT('',(-0.00219136706043495,-0.00926047489287144,0.0674048989350942));
#5006=CARTESIAN_POINT('',(-0.00208062561362081,-0.00879260434993128,0.0671051737826439));
#5007=CARTESIAN_POINT('',(-0.00196522348393017,-0.00830477570045787,0.0667924814819068));
#5008=CARTESIAN_POINT('',(-0.00184963407679155,-0.00781680940155106,0.0664801640555979));
#5009=CARTESIAN_POINT('',(-0.00173473549023971,-0.00732945339299693,0.0661665918551311));
#5010=CARTESIAN_POINT('',(-0.00161911986011292,-0.00684153515516529,0.0658544187017516));
#5011=CARTESIAN_POINT('',(-0.00150593075283173,-0.00636295843653375,0.0655475877771725));
#5012=CARTESIAN_POINT('',(-0.00143117046681359,-0.00604711034471794,0.0653452593313728));
#5013=CARTESIAN_POINT('',(-0.00139489201216826,-0.00589384406745833,0.0652470811464225));
#5014=CARTESIAN_POINT('',(-0.00245966917605526,-0.00985204316555516,0.0673960616946426));
#5015=CARTESIAN_POINT('',(-0.00242355111719921,-0.00970736925226218,0.0673090490080984));
#5016=CARTESIAN_POINT('',(-0.00234623166377097,-0.00939765701440433,0.0671227735522328));
#5017=CARTESIAN_POINT('',(-0.00222774044617846,-0.00892295500094236,0.0668372093811216));
#5018=CARTESIAN_POINT('',(-0.00210408444772487,-0.00842780149627646,0.0665395292121005));
#5019=CARTESIAN_POINT('',(-0.0019806254974314,-0.00793282480387883,0.0662414805251658));
#5020=CARTESIAN_POINT('',(-0.00185649758384266,-0.00743734771728539,0.0659448064784698));
#5021=CARTESIAN_POINT('',(-0.00173312282922105,-0.00694254904827971,0.065646751994483));
#5022=CARTESIAN_POINT('',(-0.00161177301083249,-0.00645673674076446,0.0653547613412627));
#5023=CARTESIAN_POINT('',(-0.00153177605670083,-0.00613623869114037,0.0651619534525709));
#5024=CARTESIAN_POINT('',(-0.00149295851257213,-0.00598071770451329,0.0650683914425574));
#5025=CARTESIAN_POINT('',(-0.00254501777699318,-0.00991555192058841,0.067251674528435));
#5026=CARTESIAN_POINT('',(-0.00250764217797016,-0.00976993509366806,0.0671667766670826));
#5027=CARTESIAN_POINT('',(-0.00242763245854703,-0.00945820812796833,0.0669850299772436));
#5028=CARTESIAN_POINT('',(-0.00230506640855084,-0.00898051984147075,0.0667064452064981));
#5029=CARTESIAN_POINT('',(-0.00217709964145538,-0.00848215161876949,0.0664160271346636));
#5030=CARTESIAN_POINT('',(-0.0020493917872819,-0.00798397548895843,0.0661251867412381));
#5031=CARTESIAN_POINT('',(-0.00192084791919567,-0.00748533941455089,0.0658359014410313));
#5032=CARTESIAN_POINT('',(-0.00179322324009212,-0.00698730931693029,0.0655450198141323));
#5033=CARTESIAN_POINT('',(-0.00166764237380784,-0.00649835511133993,0.0652602182540091));
#5034=CARTESIAN_POINT('',(-0.00158487067221345,-0.00617578186914797,0.0650720910192883));
#5035=CARTESIAN_POINT('',(-0.00154470691194686,-0.00601925386685223,0.0649807994452266));
#5036=CARTESIAN_POINT('',(-0.00272738607821084,-0.0100342835256594,0.0669555478783382));
#5037=CARTESIAN_POINT('',(-0.0026873314229621,-0.00988692597939453,0.066875005259532));
#5038=CARTESIAN_POINT('',(-0.00260158707691705,-0.0095714737524387,0.0667025825688962));
#5039=CARTESIAN_POINT('',(-0.00247024719600748,-0.00908810767078616,0.0664383012922734));
#5040=CARTESIAN_POINT('',(-0.00233312549378293,-0.008583782051131,0.0661627396000433));
#5041=CARTESIAN_POINT('',(-0.00219622707624678,-0.00807968305105721,0.0658869467492776));
#5042=CARTESIAN_POINT('',(-0.00205869620056529,-0.00757511030126665,0.0656119964689703));
#5043=CARTESIAN_POINT('',(-0.00192186303300994,-0.00707113359686729,0.0653361814190582));
#5044=CARTESIAN_POINT('',(-0.00178723808153363,-0.00657620766636903,0.065065934009481));
#5045=CARTESIAN_POINT('',(-0.00169853735380709,-0.00624979318737512,0.0648874675028242));
#5046=CARTESIAN_POINT('',(-0.00165549705439177,-0.00609140256622865,0.0648008645771244));
#5047=CARTESIAN_POINT('',(-0.00282460788248792,-0.0100896565734224,0.0668036510909271));
#5048=CARTESIAN_POINT('',(-0.00278312775667276,-0.00994149529540975,0.0667253489203777));
#5049=CARTESIAN_POINT('',(-0.00269433097238643,-0.0096243211705563,0.0665577222732767));
#5050=CARTESIAN_POINT('',(-0.00255829003451769,-0.00913828130757857,0.0663007861290378));
#5051=CARTESIAN_POINT('',(-0.00241631027963543,-0.00863119556826022,0.0660328210981735));
#5052=CARTESIAN_POINT('',(-0.00227446198882913,-0.00812436291369411,0.0657648708011622));
#5053=CARTESIAN_POINT('',(-0.00213234076638916,-0.00761700843397261,0.065496890009458));
#5054=CARTESIAN_POINT('',(-0.00199055230517809,-0.0071103345620344,0.0652289933976653));
#5055=CARTESIAN_POINT('',(-0.0018511024324189,-0.00661255748181998,0.0649660968609394));
#5056=CARTESIAN_POINT('',(-0.00175923944343999,-0.00628437077279174,0.0647926164707543));
#5057=CARTESIAN_POINT('',(-0.00171466494555192,-0.00612512165357853,0.0647084348981309));
#5058=CARTESIAN_POINT('',(-0.00293614847302385,-0.0101444909225612,0.0666346494038992));
#5059=CARTESIAN_POINT('',(-0.00289304532537538,-0.00999556681464041,0.0665588463670372));
#5060=CARTESIAN_POINT('',(-0.00280076958116649,-0.00967674848505795,0.0663965662973901));
#5061=CARTESIAN_POINT('',(-0.00265927777391327,-0.0091878914269647,0.0661477326543081));
#5062=CARTESIAN_POINT('',(-0.00251173886836024,-0.00867813796375075,0.0658882646665624));
#5063=CARTESIAN_POINT('',(-0.00236428582971316,-0.00816867051206199,0.0656289461086699));
#5064=CARTESIAN_POINT('',(-0.00221659127099322,-0.00765840020420383,0.0653692066665204));
#5065=CARTESIAN_POINT('',(-0.00206915582514239,-0.00714899726465787,0.0651099194269292));
#5066=CARTESIAN_POINT('',(-0.00192442178463186,-0.00664892745259186,0.0648553840062208));
#5067=CARTESIAN_POINT('',(-0.00182890516070858,-0.00631891354891093,0.0646874042455171));
#5068=CARTESIAN_POINT('',(-0.00178255547418342,-0.00615877352519001,0.0646058916337989));
#5069=CARTESIAN_POINT('',(-7.74387010911514E-7,1.33164530772256E-19,0.0658134199218398));
#5070=CARTESIAN_POINT('',(-1.26098455002256E-6,2.16840434497101E-19,0.0685420332613903));
#5071=CARTESIAN_POINT('',(0.000949748587541188,-0.00930116728696577,0.0685366923527444));
#5072=CARTESIAN_POINT('',(0.00196853664550236,-0.0091400058871733,0.0685370509213963));
#5073=CARTESIAN_POINT('',(-5.89984805143342E-9,-6.03224289336659E-10,0.0614710166858704));
#5074=CARTESIAN_POINT('',(0.000583476193337521,-0.00571415973158854,0.0658116835075513));
#5075=CARTESIAN_POINT('',(-7.74387010911514E-7,1.33164530772256E-19,0.0658134199218398));
#5076=CARTESIAN_POINT('',(0.00120935184391067,-0.00561504505510925,0.0658117986566961));
#5077=CARTESIAN_POINT('',(0.0019685534390438,-0.00914001592649191,0.0685370332567872));
#5078=CARTESIAN_POINT('',(-1.27634307477962E-6,2.18534500391609E-19,0.0686281567457065));
#5079=CARTESIAN_POINT('',(0.000949628164719564,-0.00930013261470025,0.0685359050358767));
#5080=CARTESIAN_POINT('',(0.000958106028904214,-0.00938267915635886,0.0684022485888612));
#5081=CARTESIAN_POINT('',(-0.000952160474455338,-0.00930013099106859,0.0685355664267103));
#5082=CARTESIAN_POINT('',(-0.000319809070273743,-0.00935957575966253,0.0685440289149111));
#5083=CARTESIAN_POINT('',(0.000317287199735918,-0.0093595769629207,0.0685441404839886));
#5084=CARTESIAN_POINT('',(0.000949640913496362,-0.00930013087790993,0.0685359057324414));
#5085=CARTESIAN_POINT('',(-0.000960564886241649,-0.00938268049931354,0.0684019064393658));
#5086=CARTESIAN_POINT('',(-0.000960576945677254,-0.00938267926630428,0.0684019064371994));
#5087=CARTESIAN_POINT('',(-0.000343373959803899,-0.0105304375009207,0.0666230824573852));
#5088=CARTESIAN_POINT('',(-0.000499221697814531,-0.0103495609557359,0.0669060922228963));
#5089=CARTESIAN_POINT('',(-0.000778902409594339,-0.00997551894179971,0.0674813332343383));
#5090=CARTESIAN_POINT('',(-0.000954033555919061,-0.00958005207758826,0.068086699602236));
#5091=CARTESIAN_POINT('',(-0.000960577631807734,-0.00938267930825069,0.0684019062574415));
#5092=CARTESIAN_POINT('',(-0.00034337395875818,-0.0105304374684709,0.0666230825096818));
#5093=CARTESIAN_POINT('',(-0.000343368205864278,-0.0105302712569538,0.0666233503977951));
#5094=CARTESIAN_POINT('',(-0.000115069248831215,-0.0105378467169219,0.066623147899322));
#5095=CARTESIAN_POINT('',(0.000113228964477196,-0.0105378277649208,0.0666232191903883));
#5096=CARTESIAN_POINT('',(0.000341526432697943,-0.0105302120356137,0.0666235680924988));
#5097=CARTESIAN_POINT('',(0.000341534510398182,-0.0105304375294782,0.0666232046503937));
#5098=CARTESIAN_POINT('',(0.000958103947575412,-0.00938267937924481,0.0684022485723406));
#5099=CARTESIAN_POINT('',(0.000951682403096445,-0.00957979307023263,0.068087453077349));
#5100=CARTESIAN_POINT('',(0.00077627280556677,-0.00997571343066495,0.0674813579676721));
#5101=CARTESIAN_POINT('',(0.000497275306798835,-0.0103495728740168,0.0669062512008803));
#5102=CARTESIAN_POINT('',(0.000341534472770699,-0.0105304363826498,0.0666232064986262));
#5103=CARTESIAN_POINT('',(-7.83818880698027E-7,1.33831205666179E-19,0.0658663094735696));
#5104=CARTESIAN_POINT('',(0.000588388717195222,-0.00576202515263298,0.0657275760076138));
#5105=CARTESIAN_POINT('',(0.00058046374037546,-0.00600543673762308,0.0653388408654549));
#5106=CARTESIAN_POINT('',(0.00040118699771334,-0.00624457077240654,0.0649829451717675));
#5107=CARTESIAN_POINT('',(0.000209736540881104,-0.00646687527913589,0.0646350479374377));
#5108=CARTESIAN_POINT('',(0.000588386032198497,-0.00576202542738059,0.0657275760067884));
#5109=CARTESIAN_POINT('',(0.000209736655293886,-0.00646687876644726,0.0646350423172754));
#5110=CARTESIAN_POINT('',(-0.000210869053227512,-0.0064672625119369,0.0646343493046433));
#5111=CARTESIAN_POINT('',(-7.06642008067405E-5,-0.00647135463202788,0.0646351263265344));
#5112=CARTESIAN_POINT('',(6.95378730837405E-5,-0.00647123333628439,0.0646353467779899));
#5113=CARTESIAN_POINT('',(0.000209737165423248,-0.00646689760609525,0.0646350119608707));
#5114=CARTESIAN_POINT('',(-0.000210861281675157,-0.00646687889167035,0.0646349673114407));
#5115=CARTESIAN_POINT('',(-0.000210861126292093,-0.00646687406904893,0.0646349750836454));
#5116=CARTESIAN_POINT('',(-0.000402228115213579,-0.00624479907645771,0.0649824456056086));
#5117=CARTESIAN_POINT('',(-0.000581888539811238,-0.00600398920707437,0.0653409457282167));
#5118=CARTESIAN_POINT('',(-0.000589904378446716,-0.00576202514379162,0.0657273662978043));
#5119=CARTESIAN_POINT('',(-0.000589905067303069,-0.00576202517027908,0.0657273661423713));
#5120=CARTESIAN_POINT('',(-0.000589892969349709,-0.0057620264072275,0.0657273661445452));
#5121=CARTESIAN_POINT('',(-0.000588166278272498,-0.00574509034022126,0.0657547885644269));
#5122=CARTESIAN_POINT('',(-0.000586439587195288,-0.00572815427321502,0.0657822109843087));
#5123=CARTESIAN_POINT('',(-0.000584712896118078,-0.00571121820620878,0.0658096334041904));
#5124=CARTESIAN_POINT('',(0.000583765725095403,-0.00571703549298952,0.0658135241637182));
#5125=CARTESIAN_POINT('',(0.00019785400264732,-0.00575593314759342,0.065813455343526));
#5126=CARTESIAN_POINT('',(-0.000199575210185257,-0.00575596385423492,0.0658133844694032));
#5127=CARTESIAN_POINT('',(-0.000585312869069755,-0.00571707378502152,0.065813315680252));
#5128=CARTESIAN_POINT('',(0.000583164754677069,-0.00571121582962677,0.0658098455931578));
#5129=CARTESIAN_POINT('',(0.000584901302792839,-0.00572815275868606,0.0657824223970161));
#5130=CARTESIAN_POINT('',(0.000586637850908609,-0.00574508968774536,0.0657549992008744));
#5131=CARTESIAN_POINT('',(0.000588374399024379,-0.00576202661680466,0.0657275760047326));
#5132=CARTESIAN_POINT('',(0.000769961428110026,-0.00754044895486395,0.0671193688032332));
#5133=CARTESIAN_POINT('',(0.000774801124164749,-0.00758757848050926,0.0670761602954003));
#5134=CARTESIAN_POINT('',(-0.000771939606593838,-0.00754008540705952,0.0671197707291787));
#5135=CARTESIAN_POINT('',(-0.000776803305623578,-0.00758761246619997,0.0670759088794493));
#5136=CARTESIAN_POINT('',(-0.000344173113950573,-0.0105550142363003,0.0666351090100219));
#5137=CARTESIAN_POINT('',(-0.000339120435871879,-0.0104000716109065,0.0665593029863535));
#5138=CARTESIAN_POINT('',(-0.000328303122497975,-0.0100683529056174,0.066397008836835));
#5139=CARTESIAN_POINT('',(-0.000311721371389658,-0.00955983887151531,0.0661482162020905));
#5140=CARTESIAN_POINT('',(-0.000294424884950354,-0.00902939805361342,0.0658886956151942));
#5141=CARTESIAN_POINT('',(-0.000277133247289203,-0.00849916262673791,0.0656292776619551));
#5142=CARTESIAN_POINT('',(-0.000259833689663795,-0.00796853271714642,0.0653696611983103));
#5143=CARTESIAN_POINT('',(-0.000242544323540362,-0.00743834342055703,0.065110264545282));
#5144=CARTESIAN_POINT('',(-0.000225587476245271,-0.00691837395805877,0.0648558700783693));
#5145=CARTESIAN_POINT('',(-0.000214402577731996,-0.00657536401150217,0.0646880508770502));
#5146=CARTESIAN_POINT('',(-0.00020898124058951,-0.0064091061105234,0.0646067084031004));
#5147=CARTESIAN_POINT('',(-0.00043277775084963,-0.010469270330096,0.0668030910497706));
#5148=CARTESIAN_POINT('',(-0.000426413308322046,-0.0103155643364221,0.0667247840072952));
#5149=CARTESIAN_POINT('',(-0.000412789148752664,-0.00998649600414593,0.066557140148333));
#5150=CARTESIAN_POINT('',(-0.000391945197176272,-0.00948212071124338,0.066300272963307));
#5151=CARTESIAN_POINT('',(-0.000370189262688531,-0.00895597116782474,0.066032287473103));
#5152=CARTESIAN_POINT('',(-0.00034847607214086,-0.008429847431148,0.0657644121970557));
#5153=CARTESIAN_POINT('',(-0.000326697485020497,-0.00790375019337055,0.065496392150998));
#5154=CARTESIAN_POINT('',(-0.000304911293813856,-0.00737787750870299,0.0652284554314505));
#5155=CARTESIAN_POINT('',(-0.000283705787712055,-0.00686169783807253,0.0649658597730309));
#5156=CARTESIAN_POINT('',(-0.000269620348758295,-0.00652151948862079,0.0647925519927747));
#5157=CARTESIAN_POINT('',(-0.000262791742194842,-0.00635663871215249,0.0647085480904919));
#5158=CARTESIAN_POINT('',(-0.000504385548734618,-0.0103920561337681,0.0669452667683574));
#5159=CARTESIAN_POINT('',(-0.000496974127938274,-0.0102394682134395,0.0668648729578851));
#5160=CARTESIAN_POINT('',(-0.000481108089413826,-0.00991279301555448,0.0666927608465317));
#5161=CARTESIAN_POINT('',(-0.000456817059369354,-0.00941207134080411,0.0664290263435033));
#5162=CARTESIAN_POINT('',(-0.000431466367020943,-0.00888981922542179,0.0661539133866655));
#5163=CARTESIAN_POINT('',(-0.000406143562037034,-0.0083675342394404,0.065878852326578));
#5164=CARTESIAN_POINT('',(-0.000380768224629631,-0.00784543910844712,0.0656037483822178));
#5165=CARTESIAN_POINT('',(-0.00035540984916881,-0.00732332159054911,0.0653286634556459));
#5166=CARTESIAN_POINT('',(-0.000330624045228793,-0.00681117106253435,0.0650590634280415));
#5167=CARTESIAN_POINT('',(-0.00031422372911742,-0.00647344948444799,0.0648811376263691));
#5168=CARTESIAN_POINT('',(-0.000306273752175464,-0.00630975669646458,0.0647948953919384));
#5169=CARTESIAN_POINT('',(-0.000640545283425442,-0.0102244183957131,0.0672389725018662));
#5170=CARTESIAN_POINT('',(-0.000631144962742816,-0.0100742741873747,0.0671542851680432));
#5171=CARTESIAN_POINT('',(-0.000611018912792782,-0.00975283357463081,0.0669729769741486));
#5172=CARTESIAN_POINT('',(-0.000580145604427102,-0.00926021104076196,0.0666950382693689));
#5173=CARTESIAN_POINT('',(-0.000547956644351793,-0.0087463795430468,0.0664051718309557));
#5174=CARTESIAN_POINT('',(-0.00051574648178398,-0.00823255760950876,0.0661152433416752));
#5175=CARTESIAN_POINT('',(-0.000483587721245249,-0.00771887583627191,0.0658255311480466));
#5176=CARTESIAN_POINT('',(-0.000451429277200518,-0.007205079491434,0.065535752288755));
#5177=CARTESIAN_POINT('',(-0.000419777447612901,-0.00670151897002079,0.0652513982205617));
#5178=CARTESIAN_POINT('',(-0.000398972989410151,-0.00636919950529627,0.0650639612773808));
#5179=CARTESIAN_POINT('',(-0.000388890064624763,-0.00620812143488211,0.0649731120688747));
#5180=CARTESIAN_POINT('',(-0.000707154631313084,-0.010130330949092,0.0673954135894866));
#5181=CARTESIAN_POINT('',(-0.000696772931065778,-0.00998158430261649,0.0673084299315403));
#5182=CARTESIAN_POINT('',(-0.000674546373219939,-0.00966313433943126,0.0671222060101831));
#5183=CARTESIAN_POINT('',(-0.000640467421805646,-0.00917505892178723,0.0668367450261894));
#5184=CARTESIAN_POINT('',(-0.00060492838904498,-0.00866594463984136,0.0665390091071145));
#5185=CARTESIAN_POINT('',(-0.000569401061966979,-0.00815687536833385,0.066241322494074));
#5186=CARTESIAN_POINT('',(-0.000533837836321109,-0.0076478604863387,0.0659435488057484));
#5187=CARTESIAN_POINT('',(-0.000498505973345504,-0.00713857505993056,0.0656464287408932));
#5188=CARTESIAN_POINT('',(-0.000462912148145206,-0.0066407668027702,0.0653525397237937));
#5189=CARTESIAN_POINT('',(-0.000440035021631575,-0.00631136301559474,0.0651602830036625));
#5190=CARTESIAN_POINT('',(-0.000428954856108659,-0.00615168587918864,0.0650671182147665));
#5191=CARTESIAN_POINT('',(-0.000807187540680534,-0.00995994005744192,0.067664415492313));
#5192=CARTESIAN_POINT('',(-0.000795335380865394,-0.00981371296981393,0.0675734824369788));
#5193=CARTESIAN_POINT('',(-0.00076996144777908,-0.00950065484300095,0.0673788047908479));
#5194=CARTESIAN_POINT('',(-0.000731077633975887,-0.00902078326045581,0.0670804268384097));
#5195=CARTESIAN_POINT('',(-0.00069051062960411,-0.0085202295045959,0.0667691627265121));
#5196=CARTESIAN_POINT('',(-0.000649950373606354,-0.00801980465975569,0.0664579706383144));
#5197=CARTESIAN_POINT('',(-0.000609396545359801,-0.00751916338032572,0.0661467106930441));
#5198=CARTESIAN_POINT('',(-0.000568706642416369,-0.00701907017220049,0.0658352107468096));
#5199=CARTESIAN_POINT('',(-0.000529481861627742,-0.00652740203473429,0.0655315177879506));
#5200=CARTESIAN_POINT('',(-0.000503175459422678,-0.00620386574275072,0.0653300502552331));
#5201=CARTESIAN_POINT('',(-0.000490418639963252,-0.00604705803242647,0.0652323825572709));
#5202=CARTESIAN_POINT('',(-0.000846945315559054,-0.00988067492627727,0.0677848979258698));
#5203=CARTESIAN_POINT('',(-0.00083451019361887,-0.00973560976993696,0.0676921992539225));
#5204=CARTESIAN_POINT('',(-0.000807887945575238,-0.00942503963949209,0.0674937410530348));
#5205=CARTESIAN_POINT('',(-0.000767084028355219,-0.00894899277052142,0.0671895537330312));
#5206=CARTESIAN_POINT('',(-0.000724516505287765,-0.00845243024966056,0.0668722285866677));
#5207=CARTESIAN_POINT('',(-0.000681970363612009,-0.00795596316813383,0.0665550416697409));
#5208=CARTESIAN_POINT('',(-0.000639373829968769,-0.00745942341764627,0.066237544944697));
#5209=CARTESIAN_POINT('',(-0.00059692737539974,-0.00696274065139139,0.0659208898387352));
#5210=CARTESIAN_POINT('',(-0.000554828475426221,-0.00647711651587577,0.0656079064898966));
#5211=CARTESIAN_POINT('',(-0.000527354755488301,-0.00615586419630341,0.0654029878808921));
#5212=CARTESIAN_POINT('',(-0.000514042333484963,-0.00600013969428386,0.0653036849162642));
#5213=CARTESIAN_POINT('',(-0.000904059853881291,-0.00974002177370748,0.0679913424441772));
#5214=CARTESIAN_POINT('',(-0.000890786261620704,-0.00959701592766788,0.0678956090050483));
#5215=CARTESIAN_POINT('',(-0.000862368822421276,-0.00929085524430542,0.0676906533800602));
#5216=CARTESIAN_POINT('',(-0.000818810303402649,-0.00882158499473712,0.0673764990445489));
#5217=CARTESIAN_POINT('',(-0.000773376330401004,-0.00833208805892509,0.067048812892188));
#5218=CARTESIAN_POINT('',(-0.000727951814114517,-0.0078427082818462,0.0667211981603536));
#5219=CARTESIAN_POINT('',(-0.000682515791197633,-0.00735318659796077,0.0663935034275418));
#5220=CARTESIAN_POINT('',(-0.000637104757671265,-0.00686391402366791,0.0660659344212874));
#5221=CARTESIAN_POINT('',(-0.000592538046179712,-0.00638388648361199,0.065744694409227));
#5222=CARTESIAN_POINT('',(-0.000563160652643068,-0.00606738460208921,0.0655327967759122));
#5223=CARTESIAN_POINT('',(-0.000548921655061215,-0.00591397746787495,0.0654300896090227));
#5224=CARTESIAN_POINT('',(-0.00092369492575717,-0.00968183045213052,0.0680748107817964));
#5225=CARTESIAN_POINT('',(-0.000910132949000536,-0.00953967296209652,0.0679778523885544));
#5226=CARTESIAN_POINT('',(-0.000881098055882727,-0.00923532889544434,0.0677702740727211));
#5227=CARTESIAN_POINT('',(-0.000836591730601126,-0.00876885303418537,0.067452094705921));
#5228=CARTESIAN_POINT('',(-0.00079018120127476,-0.0082822478148744,0.067120264158482));
#5229=CARTESIAN_POINT('',(-0.000743730672447396,-0.00779588621229477,0.0667882952788399));
#5230=CARTESIAN_POINT('',(-0.000697454087638975,-0.00730890039392118,0.0664570235165602));
#5231=CARTESIAN_POINT('',(-0.000650501119305428,-0.00682415900521975,0.0661229788825956));
#5232=CARTESIAN_POINT('',(-0.000607004092538649,-0.00634099095938371,0.0658060195348527));
#5233=CARTESIAN_POINT('',(-0.000576702041775519,-0.00602722083470286,0.0655902186686597));
#5234=CARTESIAN_POINT('',(-0.000561992039511406,-0.00587520502899006,0.0654855254291171));
#5235=CARTESIAN_POINT('',(-0.000948780933328243,-0.00958122325118053,0.0682156350685347));
#5236=CARTESIAN_POINT('',(-0.000934849717647178,-0.00944054094382447,0.0681166012575156));
#5237=CARTESIAN_POINT('',(-0.000905024503157538,-0.00913935510772348,0.0679045801530389));
#5238=CARTESIAN_POINT('',(-0.000859311614032443,-0.008677720513529,0.0675796034409051));
#5239=CARTESIAN_POINT('',(-0.000811624788636925,-0.0081961944714037,0.0672406588798394));
#5240=CARTESIAN_POINT('',(-0.000763967906000996,-0.00771481061908114,0.066901689992375));
#5241=CARTESIAN_POINT('',(-0.000716226762670551,-0.00723315990150761,0.066563008179081));
#5242=CARTESIAN_POINT('',(-0.000668796622985335,-0.00675242834918584,0.0662232515486457));
#5243=CARTESIAN_POINT('',(-0.000621175216883167,-0.00627802963148759,0.0658941720205704));
#5244=CARTESIAN_POINT('',(-0.000590468438508938,-0.00596696770391849,0.0656745312284285));
#5245=CARTESIAN_POINT('',(-0.000575594682838468,-0.00581622150199212,0.0655680349329178));
#5246=CARTESIAN_POINT('',(-0.00095602420596852,-0.00954444684458855,0.0682664217526132));
#5247=CARTESIAN_POINT('',(-0.000941986001422419,-0.00940430477966718,0.0681666389832127));
#5248=CARTESIAN_POINT('',(-0.000911931865062603,-0.00910427507155485,0.0679530152627719));
#5249=CARTESIAN_POINT('',(-0.000865871554733015,-0.00864439991516776,0.0676256040904736));
#5250=CARTESIAN_POINT('',(-0.000817811215616419,-0.00816474824238114,0.0672840676839044));
#5251=CARTESIAN_POINT('',(-0.000769821190247565,-0.00768509910539135,0.0669426939163221));
#5252=CARTESIAN_POINT('',(-0.000721598699545061,-0.00720568287523113,0.0666009401450931));
#5253=CARTESIAN_POINT('',(-0.000674224076381167,-0.00672541578256241,0.0662604686453756));
#5254=CARTESIAN_POINT('',(-0.000624711155673028,-0.00625782935550136,0.0659221865104574));
#5255=CARTESIAN_POINT('',(-0.000593987168821543,-0.00594724614236073,0.0657018479114574));
#5256=CARTESIAN_POINT('',(-0.000579122297525922,-0.00579667577093324,0.0655950885960898));
#5257=CARTESIAN_POINT('',(-0.000962332789014018,-0.00949465549071354,0.0683348510972416));
#5258=CARTESIAN_POINT('',(-0.000948203043295445,-0.00935523792415331,0.0682340704618422));
#5259=CARTESIAN_POINT('',(-0.000917952752802639,-0.00905676076854784,0.0680183085732522));
#5260=CARTESIAN_POINT('',(-0.000871587161171858,-0.00859930455047544,0.0676875711831813));
#5261=CARTESIAN_POINT('',(-0.00082322225819536,-0.00812206676099489,0.0673427095924221));
#5262=CARTESIAN_POINT('',(-0.000774876373018044,-0.00764522554105458,0.0669974783586222));
#5263=CARTESIAN_POINT('',(-0.000726483467629512,-0.0071672010961718,0.0666537893394546));
#5264=CARTESIAN_POINT('',(-0.000678261993213132,-0.00669343403543279,0.0663043750650622));
#5265=CARTESIAN_POINT('',(-0.000630381533828008,-0.00621364173120322,0.0659828406762532));
#5266=CARTESIAN_POINT('',(-0.000599173071559013,-0.00590677000601409,0.0657574010454403));
#5267=CARTESIAN_POINT('',(-0.000584051517876895,-0.00575816326536184,0.0656479431931588));
#5268=CARTESIAN_POINT('',(-0.000963968341014801,-0.00946400778857358,0.0683769280923371));
#5269=CARTESIAN_POINT('',(-0.000949814120236416,-0.00932504134082389,0.0682755274407549));
#5270=CARTESIAN_POINT('',(-0.000919511421814906,-0.00902753003521232,0.0680584381861648));
#5271=CARTESIAN_POINT('',(-0.000873065252599399,-0.00857155559805954,0.0677256669121016));
#5272=CARTESIAN_POINT('',(-0.000824620481212842,-0.00809585956895264,0.0673786827843702));
#5273=CARTESIAN_POINT('',(-0.000776178612051383,-0.0076205710392235,0.067031329555922));
#5274=CARTESIAN_POINT('',(-0.000727752974874727,-0.00714406245931006,0.0666855203027703));
#5275=CARTESIAN_POINT('',(-0.000679255966419047,-0.00667190612093881,0.0663339917273613));
#5276=CARTESIAN_POINT('',(-0.000631995251968058,-0.00619337623015767,0.0660103326104171));
#5277=CARTESIAN_POINT('',(-0.000600633632785179,-0.00588753909576605,0.065783532581157));
#5278=CARTESIAN_POINT('',(-0.000585429976914919,-0.00573943664913995,0.0656734159169633));
#5279=CARTESIAN_POINT('',(-0.000964734470383434,-0.00942328241424088,0.0684318995716507));
#5280=CARTESIAN_POINT('',(-0.000950569077024051,-0.00928491748257019,0.0683296908062734));
#5281=CARTESIAN_POINT('',(-0.000920242484737637,-0.00898869297605167,0.0681108727817653));
#5282=CARTESIAN_POINT('',(-0.000873760369080543,-0.00853466472326666,0.0677754867525477));
#5283=CARTESIAN_POINT('',(-0.000825275309771808,-0.00806107433063044,0.0674256503124344));
#5284=CARTESIAN_POINT('',(-0.000776801167869653,-0.00758759086432551,0.0670758929860675));
#5285=CARTESIAN_POINT('',(-0.000728315120038572,-0.00711399542983906,0.0667260525676789));
#5286=CARTESIAN_POINT('',(-0.000679841991540382,-0.00664051539050465,0.066376297489522));
#5287=CARTESIAN_POINT('',(-0.000632319020239899,-0.00617632334139317,0.0660334041106617));
#5288=CARTESIAN_POINT('',(-0.000600964981698642,-0.00587006306844207,0.0658071727552225));
#5289=CARTESIAN_POINT('',(-0.000585767527980638,-0.00572161720662327,0.0656975172983256));
#5290=CARTESIAN_POINT('',(-0.000277133174132181,-0.00849914204854327,0.0656292665155264));
#5291=CARTESIAN_POINT('',(-1.38802941270589E-5,-0.00019405945935219,0.0858470189207792));
#5292=CARTESIAN_POINT('',(0.000344453564689118,-0.0106204334313876,0.0666672387172209));
#5293=CARTESIAN_POINT('',(0.000338720441600387,-0.0104436784968495,0.0665807590872958));
#5294=CARTESIAN_POINT('',(0.000327253934841198,-0.0100901605939137,0.0664077958967761));
#5295=CARTESIAN_POINT('',(0.00031005026946685,-0.0095597083026001,0.0661482621788464));
#5296=CARTESIAN_POINT('',(0.000292847891338435,-0.00902932621990164,0.0658887648125507));
#5297=CARTESIAN_POINT('',(0.000275652230045684,-0.00849924267642602,0.0656294168926189));
#5298=CARTESIAN_POINT('',(0.000258438175469514,-0.00796832096074687,0.0653696480420793));
#5299=CARTESIAN_POINT('',(0.000241245717508016,-0.0074383042067121,0.0651103314441574));
#5300=CARTESIAN_POINT('',(0.000224038337580947,-0.00690783158353479,0.0648507930462317));
#5301=CARTESIAN_POINT('',(0.000212572080471101,-0.00655430133599581,0.0646778225731508));
#5302=CARTESIAN_POINT('',(0.000206838323655382,-0.00637751684154652,0.0645913278591874));
#5303=CARTESIAN_POINT('',(0.000962255350945861,-0.00942331382441253,0.0684322664876971));
#5304=CARTESIAN_POINT('',(0.000948124303446184,-0.00928492723932646,0.068330036675028));
#5305=CARTESIAN_POINT('',(0.000917873254899577,-0.00898867642970101,0.0681111884011279));
#5306=CARTESIAN_POINT('',(0.000871510699191684,-0.00853465389964803,0.0677757899056723));
#5307=CARTESIAN_POINT('',(0.000823150338326206,-0.00806106205090834,0.0674259351664712));
#5308=CARTESIAN_POINT('',(0.000774797428711191,-0.00758753933807656,0.0670761313338726));
#5309=CARTESIAN_POINT('',(0.000726442023539244,-0.0071140099064111,0.0667263228137854));
#5310=CARTESIAN_POINT('',(0.000678090975001984,-0.00664049934713983,0.0663765277602374));
#5311=CARTESIAN_POINT('',(0.000630659585365681,-0.00617601083534485,0.0660333985573745));
#5312=CARTESIAN_POINT('',(0.000599352979225343,-0.00586942490991527,0.0658069154240587));
#5313=CARTESIAN_POINT('',(0.000584161307986625,-0.00572065264479203,0.065697013409614));
#5314=CARTESIAN_POINT('',(0.000961590646224801,-0.0094594846406749,0.068383408746768));
#5315=CARTESIAN_POINT('',(0.000947469205942813,-0.00932057457371157,0.068281884968998));
#5316=CARTESIAN_POINT('',(0.000917238886582896,-0.00902319802755965,0.0680645564674704));
#5317=CARTESIAN_POINT('',(0.000870912423758663,-0.00856731473817511,0.0677317086921158));
#5318=CARTESIAN_POINT('',(0.000822576369174672,-0.00809238926259965,0.0673836484138986));
#5319=CARTESIAN_POINT('',(0.000774291714227299,-0.00761521994208424,0.067038794436148));
#5320=CARTESIAN_POINT('',(0.000725949043306763,-0.0071409836092199,0.066689927589613));
#5321=CARTESIAN_POINT('',(0.000677638817712922,-0.00666541121588641,0.0663429698980222));
#5322=CARTESIAN_POINT('',(0.000630230237089108,-0.00619920361536832,0.0660020129211113));
#5323=CARTESIAN_POINT('',(0.0005989458199458,-0.00589145011100069,0.0657771170965913));
#5324=CARTESIAN_POINT('',(0.00058376501261121,-0.00574211082733839,0.0656679874099226));
#5325=CARTESIAN_POINT('',(0.000960291825077268,-0.00948553431933937,0.0683477673889393));
#5326=CARTESIAN_POINT('',(0.000946187627462023,-0.00934625287219357,0.0682467533419025));
#5327=CARTESIAN_POINT('',(0.000915995560181844,-0.00904807412256431,0.0680305262771091));
#5328=CARTESIAN_POINT('',(0.000869763363241495,-0.00859077062143773,0.0676996386953918));
#5329=CARTESIAN_POINT('',(0.000821367733505581,-0.00811526540876341,0.0673523557744153));
#5330=CARTESIAN_POINT('',(0.000773614461323611,-0.00763409123400345,0.067013054780449));
#5331=CARTESIAN_POINT('',(0.00072438248906524,-0.00716572369370455,0.0666560812701698));
#5332=CARTESIAN_POINT('',(0.00067642543740311,-0.00668665670838446,0.0663139581847703));
#5333=CARTESIAN_POINT('',(0.000629033705997956,-0.0062194141076051,0.0659743506340482));
#5334=CARTESIAN_POINT('',(0.000597815243712823,-0.00591061988989845,0.0657508883503135));
#5335=CARTESIAN_POINT('',(0.000582667183697737,-0.00576077075402035,0.065642461645954));
#5336=CARTESIAN_POINT('',(0.00095374932110964,-0.00954253470692127,0.068269471427956));
#5337=CARTESIAN_POINT('',(0.000939746078869408,-0.00940238697157352,0.0681696528538887));
#5338=CARTESIAN_POINT('',(0.0009097669724319,-0.00910237588366211,0.0679559547888572));
#5339=CARTESIAN_POINT('',(0.000863777113247122,-0.008642853865897,0.0676281395225284));
#5340=CARTESIAN_POINT('',(0.000816002689298874,-0.00816243959719344,0.067287583961133));
#5341=CARTESIAN_POINT('',(0.000767490127788442,-0.00768604960270899,0.0669418102388401));
#5342=CARTESIAN_POINT('',(0.000720442469059019,-0.00720153922352716,0.0666068460466599));
#5343=CARTESIAN_POINT('',(0.000672269912977943,-0.00672356401645282,0.0662633203001046));
#5344=CARTESIAN_POINT('',(0.000625295437533847,-0.00625278095770356,0.0659284828444428));
#5345=CARTESIAN_POINT('',(0.000594250595550546,-0.00594243686145578,0.0657071675560551));
#5346=CARTESIAN_POINT('',(0.000579185407431536,-0.00579184629526997,0.065599769131463));
#5347=CARTESIAN_POINT('',(0.000947400332037889,-0.00957562502327079,0.068223745526873));
#5348=CARTESIAN_POINT('',(0.000933488450838432,-0.00943500511536582,0.0681245845614827));
#5349=CARTESIAN_POINT('',(0.000903706259557903,-0.00913397549956076,0.06791230432599));
#5350=CARTESIAN_POINT('',(0.000858053675894902,-0.00867268702017733,0.0675869294465801));
#5351=CARTESIAN_POINT('',(0.000810474796402144,-0.00819129324427779,0.0672477494222387));
#5352=CARTESIAN_POINT('',(0.000762741902131782,-0.00771070936316593,0.066907720314361));
#5353=CARTESIAN_POINT('',(0.000715610856667903,-0.00722731033301334,0.0665713092132102));
#5354=CARTESIAN_POINT('',(0.000667861111035504,-0.00674692530057364,0.0662311186014071));
#5355=CARTESIAN_POINT('',(0.000621164640465422,-0.00627468549987873,0.0658982539092677));
#5356=CARTESIAN_POINT('',(0.000590327968978832,-0.00596323565522784,0.0656784764915038));
#5357=CARTESIAN_POINT('',(0.000575364130635182,-0.00581210656669658,0.0655718275177535));
#5358=CARTESIAN_POINT('',(0.000929334189953405,-0.00965198629112481,0.0681170585996105));
#5359=CARTESIAN_POINT('',(0.000915685667208517,-0.0095102604881411,0.0680194544411274));
#5360=CARTESIAN_POINT('',(0.000886468835563035,-0.00920685591832418,0.0678105157273513));
#5361=CARTESIAN_POINT('',(0.000841724611446624,-0.00874172786702991,0.0674904957695498));
#5362=CARTESIAN_POINT('',(0.00079490227133529,-0.00825712212926533,0.067155809365105));
#5363=CARTESIAN_POINT('',(0.000748645715243402,-0.00777040044420341,0.0668244043819996));
#5364=CARTESIAN_POINT('',(0.000701215693044591,-0.00728837246095474,0.0664860027147047));
#5365=CARTESIAN_POINT('',(0.000654742676599129,-0.00680258945638487,0.0661534271213435));
#5366=CARTESIAN_POINT('',(0.00060888077240127,-0.00632679123633183,0.0658254833177819));
#5367=CARTESIAN_POINT('',(0.000578662835094408,-0.00601273482635936,0.0656093688196832));
#5368=CARTESIAN_POINT('',(0.000564000159457515,-0.00586033739887592,0.0655045029122506));
#5369=CARTESIAN_POINT('',(0.000915953310766145,-0.00969639772196533,0.0680539991572404));
#5370=CARTESIAN_POINT('',(0.000902502650690437,-0.00955401712507351,0.0679573318536517));
#5371=CARTESIAN_POINT('',(0.000873708321012368,-0.0092492143641706,0.0677503920688801));
#5372=CARTESIAN_POINT('',(0.00082958308657408,-0.0087820381378317,0.0674332589269349));
#5373=CARTESIAN_POINT('',(0.00078352794483571,-0.00829479694683804,0.0671023146077381));
#5374=CARTESIAN_POINT('',(0.000737592298028007,-0.00780735580386452,0.066771973166855));
#5375=CARTESIAN_POINT('',(0.000691241008655656,-0.00732100725926608,0.0664396159117783));
#5376=CARTESIAN_POINT('',(0.000645326992802614,-0.00683359520160659,0.0661093897240368));
#5377=CARTESIAN_POINT('',(0.000600149498684994,-0.00635549595862068,0.0657847251028489));
#5378=CARTESIAN_POINT('',(0.000570361847665621,-0.0060400298081986,0.0655706178700204));
#5379=CARTESIAN_POINT('',(0.000555907679935151,-0.00588694977400704,0.0654667238696509));
#5380=CARTESIAN_POINT('',(0.000865448723724604,-0.0098394778850423,0.0678474852549233));
#5381=CARTESIAN_POINT('',(0.000852740818081562,-0.00969500359198281,0.0677538574242183));
#5382=CARTESIAN_POINT('',(0.000825536700957098,-0.00938571540755475,0.0675534233262317));
#5383=CARTESIAN_POINT('',(0.000783852886487659,-0.00891157594525231,0.0672462323826544));
#5384=CARTESIAN_POINT('',(0.000740303837909432,-0.00841722116558455,0.0669255909844766));
#5385=CARTESIAN_POINT('',(0.000697022752665253,-0.00792239419996072,0.0666058861406917));
#5386=CARTESIAN_POINT('',(0.000652759591558606,-0.00742960008986618,0.0662828357139415));
#5387=CARTESIAN_POINT('',(0.000609524339839522,-0.00693476256447889,0.0659633222648783));
#5388=CARTESIAN_POINT('',(0.000566824880137739,-0.00644966544855032,0.065648837103424));
#5389=CARTESIAN_POINT('',(0.000538695907601394,-0.00612951718740389,0.0654414898364147));
#5390=CARTESIAN_POINT('',(0.000525046933509774,-0.00597416428176344,0.0653408766965296));
#5391=CARTESIAN_POINT('',(0.000815062716273316,-0.00994261007389099,0.0676923218416166));
#5392=CARTESIAN_POINT('',(0.000803095969960811,-0.00979661767920408,0.0676009769939704));
#5393=CARTESIAN_POINT('',(0.000777478354661821,-0.00948407764158994,0.0674054283735647));
#5394=CARTESIAN_POINT('',(0.00073822239886331,-0.00900490184152808,0.0671056764718619));
#5395=CARTESIAN_POINT('',(0.00069723173507524,-0.00850530523858995,0.0667929562813732));
#5396=CARTESIAN_POINT('',(0.000656376643439251,-0.00800551983068967,0.066480610956092));
#5397=CARTESIAN_POINT('',(0.000615053143420887,-0.00750652838785152,0.0661670108963159));
#5398=CARTESIAN_POINT('',(0.000574237841758224,-0.00700678057745059,0.0658548098463835));
#5399=CARTESIAN_POINT('',(0.000534001421239916,-0.00651666662214505,0.0655479515612094));
#5400=CARTESIAN_POINT('',(0.000507502018029275,-0.00619318618755114,0.0653456050576238));
#5401=CARTESIAN_POINT('',(0.000494643852107667,-0.00603621604734711,0.0652474181100693));
#5402=CARTESIAN_POINT('',(0.000705112602666112,-0.0101296029011921,0.0673966260747265));
#5403=CARTESIAN_POINT('',(0.000694756980274719,-0.00998085353445071,0.0673096051004639));
#5404=CARTESIAN_POINT('',(0.000672587432914495,-0.00966241693289871,0.0671233119025818));
#5405=CARTESIAN_POINT('',(0.000638590783073039,-0.00917434842707079,0.0668377205380899));
#5406=CARTESIAN_POINT('',(0.000603186379241327,-0.00866523405991417,0.0665400120035987));
#5407=CARTESIAN_POINT('',(0.00056764921268393,-0.00815634876275475,0.0662419349626579));
#5408=CARTESIAN_POINT('',(0.000532593625722696,-0.00764678076565821,0.0659452325285395));
#5409=CARTESIAN_POINT('',(0.000497031396626045,-0.00713809079701826,0.0656471497010918));
#5410=CARTESIAN_POINT('',(0.000462320224174589,-0.00663857277156796,0.0653551312172907));
#5411=CARTESIAN_POINT('',(0.000439364189245144,-0.00630905122023116,0.0651623049688444));
#5412=CARTESIAN_POINT('',(0.000428224057134533,-0.00614915184781713,0.0650687340498067));
#5413=CARTESIAN_POINT('',(0.000643567803973907,-0.0102163854410325,0.0672522431534851));
#5414=CARTESIAN_POINT('',(0.000634116778565773,-0.0100663505923224,0.0671673369414734));
#5415=CARTESIAN_POINT('',(0.000613883201554668,-0.00974516628326046,0.0669855723751033));
#5416=CARTESIAN_POINT('',(0.000582839077609366,-0.00925299808594373,0.0667069602108347));
#5417=CARTESIAN_POINT('',(0.000550540992517457,-0.00873949383930795,0.0664165135587387));
#5418=CARTESIAN_POINT('',(0.000518056030256258,-0.00822625231563186,0.066125644597898));
#5419=CARTESIAN_POINT('',(0.000486224020208163,-0.00771231493045048,0.0658363306976303));
#5420=CARTESIAN_POINT('',(0.000453705080542331,-0.00719923799642271,0.0655454205120896));
#5421=CARTESIAN_POINT('',(0.000422046911137516,-0.00669542398647898,0.0652605909113032));
#5422=CARTESIAN_POINT('',(0.000401088507254509,-0.00636307110768162,0.0650724451782434));
#5423=CARTESIAN_POINT('',(0.000390917498009273,-0.00620179787767789,0.06498114462791));
#5424=CARTESIAN_POINT('',(0.00050681791024547,-0.0103856771299236,0.0669561246385846));
#5425=CARTESIAN_POINT('',(0.000499376868857924,-0.0102331586448421,0.0668755735498025));
#5426=CARTESIAN_POINT('',(0.000483445995473345,-0.00990665879091155,0.0667031327272786));
#5427=CARTESIAN_POINT('',(0.000458991620595981,-0.0094063786384706,0.0664388236676423));
#5428=CARTESIAN_POINT('',(0.000433559329688488,-0.00888437872145225,0.0661632329869249));
#5429=CARTESIAN_POINT('',(0.000407984713741147,-0.00836266334396423,0.0658874111621096));
#5430=CARTESIAN_POINT('',(0.000382865197169864,-0.00784030191697705,0.065612431876124));
#5431=CARTESIAN_POINT('',(0.000357266316437884,-0.00731872301416307,0.0653365878594712));
#5432=CARTESIAN_POINT('',(0.000332364091719053,-0.00680643397831166,0.0650663120011834));
#5433=CARTESIAN_POINT('',(0.000315857435030791,-0.00646859516403935,0.0648878267327425));
#5434=CARTESIAN_POINT('',(0.000307846555298766,-0.00630466132039301,0.0648012147030126));
#5435=CARTESIAN_POINT('',(0.000431467017907169,-0.0104683915877371,0.0668042317514446));
#5436=CARTESIAN_POINT('',(0.000425133293272792,-0.0103146680902512,0.0667259210541824));
#5437=CARTESIAN_POINT('',(0.000411573323607799,-0.00998558709453115,0.0665582761536543));
#5438=CARTESIAN_POINT('',(0.000390763611627149,-0.00948131091369745,0.0663013120380137));
#5439=CARTESIAN_POINT('',(0.000369098613190086,-0.00895518432744814,0.0660333178241453));
#5440=CARTESIAN_POINT('',(0.000347386792346339,-0.00842933906292265,0.0657653383592241));
#5441=CARTESIAN_POINT('',(0.000325773292339328,-0.00790291317435148,0.0654973283684716));
#5442=CARTESIAN_POINT('',(0.000304053636230161,-0.00737723740648187,0.0652294025980413));
#5443=CARTESIAN_POINT('',(0.000282859066484132,-0.00686074537837694,0.064966477413361));
#5444=CARTESIAN_POINT('',(0.000268812206261625,-0.00652024360595788,0.0647929781361203));
#5445=CARTESIAN_POINT('',(0.000261995124364777,-0.00635501905530308,0.0647087873987627));
#5446=CARTESIAN_POINT('',(0.00034233183283694,-0.0105550194035436,0.0666352340600048));
#5447=CARTESIAN_POINT('',(0.000337305944481193,-0.010400068732661,0.0665594224402227));
#5448=CARTESIAN_POINT('',(0.000326546528464689,-0.0100683486529614,0.0663971239961673));
#5449=CARTESIAN_POINT('',(0.00031005026946685,-0.0095597083026001,0.0661482621788464));
#5450=CARTESIAN_POINT('',(0.000292847891338435,-0.00902932621990164,0.0658887648125507));
#5451=CARTESIAN_POINT('',(0.000275652230045684,-0.00849924267642602,0.0656294168926189));
#5452=CARTESIAN_POINT('',(0.000258438175469514,-0.00796832096074687,0.0653696480420793));
#5453=CARTESIAN_POINT('',(0.000241245717508016,-0.0074383042067121,0.0651103314441574));
#5454=CARTESIAN_POINT('',(0.000224368123871737,-0.00691799830266953,0.064855767203014));
#5455=CARTESIAN_POINT('',(0.000213231394775806,-0.00657462942647276,0.0646877684226646));
#5456=CARTESIAN_POINT('',(0.000207827289678686,-0.00640800886475253,0.0646062465816183));
#5457=CARTESIAN_POINT('',(-7.74387010911514E-7,1.33164530772256E-19,0.0658134199218398));
#5458=CARTESIAN_POINT('',(-1.26098455002256E-6,2.16840434497101E-19,0.0685420332613903));
#5459=CARTESIAN_POINT('',(0.00377742162763661,-0.00855205793682748,0.0685371966157423));
#5460=CARTESIAN_POINT('',(0.00469654503675913,-0.00808396149904956,0.0685375374110541));
#5461=CARTESIAN_POINT('',(-5.42468240036488E-9,-2.39685373989335E-9,0.0614710166859551));
#5462=CARTESIAN_POINT('',(0.00232065338819999,-0.00525394558813774,0.0658119933008576));
#5463=CARTESIAN_POINT('',(-7.74387010911514E-7,1.33164530772256E-19,0.0658134199218398));
#5464=CARTESIAN_POINT('',(0.00288526838510014,-0.00496627571354883,0.065812097525302));
#5465=CARTESIAN_POINT('',(0.00469656411084038,-0.00808396585849276,0.0685375197468517));
#5466=CARTESIAN_POINT('',(-1.27634307477962E-6,2.18534500391609E-19,0.0686281567457065));
#5467=CARTESIAN_POINT('',(0.00377698737429046,-0.00855111116111194,0.0685364092429087));
#5468=CARTESIAN_POINT('',(0.00381055975264957,-0.00862700514885175,0.068402757271034));
#5469=CARTESIAN_POINT('',(0.00196827839465261,-0.00913879463547584,0.0685360872327718));
#5470=CARTESIAN_POINT('',(0.0025880496887403,-0.00899992217645883,0.0685445474775436));
#5471=CARTESIAN_POINT('',(0.00319396461968546,-0.00880304974332185,0.0685446534860078));
#5472=CARTESIAN_POINT('',(0.00377699896239393,-0.00855110556969919,0.0685364099392665));
#5473=CARTESIAN_POINT('',(0.00198579569116984,-0.00921990835489777,0.0684024318680828));
#5474=CARTESIAN_POINT('',(0.00198578384094422,-0.00921991090880689,0.0684024318659537));
#5475=CARTESIAN_POINT('',(0.00292747108365013,-0.0101208656748319,0.0666236657518835));
#5476=CARTESIAN_POINT('',(0.0027233546810106,-0.00999698586075848,0.0669066669095743));
#5477=CARTESIAN_POINT('',(0.00234177215927993,-0.00972764515753916,0.06748188974872));
#5478=CARTESIAN_POINT('',(0.00205300127754323,-0.00940561895875706,0.0680872358510804));
#5479=CARTESIAN_POINT('',(0.00198578320135907,-0.00921991116073618,0.0684024316862042));
#5480=CARTESIAN_POINT('',(0.00292747107461666,-0.0101208656436443,0.0666236658041783));
#5481=CARTESIAN_POINT('',(0.00292742518142312,-0.0101207057745933,0.0666239336830813));
#5482=CARTESIAN_POINT('',(0.00314689134012871,-0.0100573622199196,0.0666237296094426));
#5483=CARTESIAN_POINT('',(0.003364009986797,-0.00998679616499082,0.0666237989068408));
#5484=CARTESIAN_POINT('',(0.00357878038916904,-0.00990900536044858,0.0666241453966503));
#5485=CARTESIAN_POINT('',(0.00357885775612586,-0.00990921734173962,0.0666237819669016));
#5486=CARTESIAN_POINT('',(0.00381055784206394,-0.00862700600399576,0.0684027572545439));
#5487=CARTESIAN_POINT('',(0.0038653648172891,-0.00881647397817839,0.0680879726785222));
#5488=CARTESIAN_POINT('',(0.00382089178420804,-0.00924725456300496,0.0674819009189511));
#5489=CARTESIAN_POINT('',(0.0036710833338315,-0.00968906268258367,0.066906817190628));
#5490=CARTESIAN_POINT('',(0.00357885736593439,-0.00990921626256664,0.0666237838150713));
#5491=CARTESIAN_POINT('',(-7.83818880698028E-7,1.33831205666179E-19,0.0658663094735696));
#5492=CARTESIAN_POINT('',(0.00234011743844826,-0.00529795489034343,0.0657278883959147));
#5493=CARTESIAN_POINT('',(0.00240780204572674,-0.00553192343906844,0.0653391667373216));
#5494=CARTESIAN_POINT('',(0.00231119931694043,-0.00581477259291704,0.0649832857870099));
#5495=CARTESIAN_POINT('',(0.00219781801804078,-0.0060853773581724,0.0646354024748653));
#5496=CARTESIAN_POINT('',(0.0023401149697663,-0.00529795598135359,0.0657278883951279));
#5497=CARTESIAN_POINT('',(0.00219781920454131,-0.00608538063975683,0.0646353968548941));
#5498=CARTESIAN_POINT('',(0.00179791799393097,-0.00621571995139264,0.0646347075345256));
#5499=CARTESIAN_POINT('',(0.00193252526050927,-0.00617628606464816,0.064635483558191));
#5500=CARTESIAN_POINT('',(0.00206582787232955,-0.00613284587060266,0.0646357027792552));
#5501=CARTESIAN_POINT('',(0.00219782551173944,-0.00608539840136107,0.0646353664995232));
#5502=CARTESIAN_POINT('',(0.00179780683454267,-0.00621535267124023,0.0646353255201132));
#5503=CARTESIAN_POINT('',(0.00179780549198095,-0.00621534803621039,0.0646353332920508));
#5504=CARTESIAN_POINT('',(0.00154717669144148,-0.00606325866998682,0.0649827932457699));
#5505=CARTESIAN_POINT('',(0.00130189200371152,-0.00588973324203067,0.0653412816655088));
#5506=CARTESIAN_POINT('',(0.00121949410899663,-0.00566206747860962,0.0657276889704375));
#5507=CARTESIAN_POINT('',(0.00121949346204174,-0.00566206771667758,0.0657276888150119));
#5508=CARTESIAN_POINT('',(0.0012195053501172,-0.00566206515461222,0.0657276888171484));
#5509=CARTESIAN_POINT('',(0.0012159137591336,-0.00564542290966764,0.0657551102886132));
#5510=CARTESIAN_POINT('',(0.00121232216815,-0.00562878066472306,0.0657825317600781));
#5511=CARTESIAN_POINT('',(0.00120873057716641,-0.00561213841977848,0.065809953231543));
#5512=CARTESIAN_POINT('',(0.00232181739233045,-0.00525659102809142,0.0658138341129704));
#5513=CARTESIAN_POINT('',(0.00196681357010431,-0.00541283817843227,0.0658137708046285));
#5514=CARTESIAN_POINT('',(0.00158884541634775,-0.00553567976496294,0.0658137034010243));
#5515=CARTESIAN_POINT('',(0.00120996941017694,-0.00561789260507948,0.0658136358355215));
#5516=CARTESIAN_POINT('',(0.00231944749275217,-0.00525124211211367,0.0658101552269544));
#5517=CARTESIAN_POINT('',(0.00232633308633894,-0.005266814977213,0.0657827329490493));
#5518=CARTESIAN_POINT('',(0.00233321867992572,-0.00528238784231233,0.0657553106711443));
#5519=CARTESIAN_POINT('',(0.00234010427351249,-0.00529796070741165,0.0657278883932392));
#5520=CARTESIAN_POINT('',(0.00306235437018709,-0.00693315068555095,0.0671197776089618));
#5521=CARTESIAN_POINT('',(0.00308152139592484,-0.0069764803608315,0.0670765716561422));
#5522=CARTESIAN_POINT('',(0.00159580699529364,-0.00740927852468482,0.0671201929728337));
#5523=CARTESIAN_POINT('',(0.00160586839419738,-0.00745598482672694,0.0670763337847185));
#5524=CARTESIAN_POINT('',(0.00293430556669826,-0.0101444858286199,0.0666356936658377));
#5525=CARTESIAN_POINT('',(0.0028912317071264,-0.0099955694491948,0.0665598790596948));
#5526=CARTESIAN_POINT('',(0.00279901428438944,-0.00967675242295555,0.0663975665358437));
#5527=CARTESIAN_POINT('',(0.00265764716244367,-0.00918801650471388,0.0661487457338494));
#5528=CARTESIAN_POINT('',(0.0025101841391099,-0.00867820670168781,0.065889195765153));
#5529=CARTESIAN_POINT('',(0.00236277997273489,-0.00816859372983473,0.0656297484414743));
#5530=CARTESIAN_POINT('',(0.00221526143856486,-0.00765860314615993,0.0653701025855823));
#5531=CARTESIAN_POINT('',(0.00206786936668532,-0.007149034747586,0.0651106765646765));
#5532=CARTESIAN_POINT('',(0.00192331910931053,-0.00664928846712947,0.0648562532959697));
#5533=CARTESIAN_POINT('',(0.001827962143656,-0.00631961954672398,0.0646884150948868));
#5534=CARTESIAN_POINT('',(0.00178174233561648,-0.00615982808390575,0.0646070634116973));
#5535=CARTESIAN_POINT('',(0.00282353975932927,-0.0100903096089777,0.0668036717535531));
#5536=CARTESIAN_POINT('',(0.00278209562392686,-0.009942164116532,0.0667253561853053));
#5537=CARTESIAN_POINT('',(0.00269336672754124,-0.00962500067646486,0.0665576940735755));
#5538=CARTESIAN_POINT('',(0.00255733221095264,-0.00913888428762099,0.0663007989121867));
#5539=CARTESIAN_POINT('',(0.00241543652535617,-0.00863177815042402,0.066032784237754));
#5540=CARTESIAN_POINT('',(0.00227350816161661,-0.00812470975942717,0.065764879779273));
#5541=CARTESIAN_POINT('',(0.00213165018358742,-0.00761764636970705,0.0654968305516715));
#5542=CARTESIAN_POINT('',(0.00198986882747275,-0.00711079418830159,0.0652288646628882));
#5543=CARTESIAN_POINT('',(0.0018505304664032,-0.00661333975828933,0.0649662403744501));
#5544=CARTESIAN_POINT('',(0.0017588071381578,-0.00628546783294876,0.0647929137251641));
#5545=CARTESIAN_POINT('',(0.00171435130097317,-0.00612655136987465,0.0647089006772529));
#5546=CARTESIAN_POINT('',(0.00273157495699616,-0.0100389947355934,0.066945843841846));
#5547=CARTESIAN_POINT('',(0.00269147207897314,-0.00989158917501231,0.0668654415580805));
#5548=CARTESIAN_POINT('',(0.00260561489436453,-0.0095760092085508,0.0666933113062784));
#5549=CARTESIAN_POINT('',(0.00247398783424164,-0.00909230278968832,0.0664295489981529));
#5550=CARTESIAN_POINT('',(0.00233671540022676,-0.00858779287834661,0.0661544070404992));
#5551=CARTESIAN_POINT('',(0.00219940628572557,-0.00808326032001699,0.0658793169780278));
#5552=CARTESIAN_POINT('',(0.00206220580131931,-0.00757889209346285,0.0656041840412875));
#5553=CARTESIAN_POINT('',(0.0019249822670433,-0.00707450781617873,0.06532907012125));
#5554=CARTESIAN_POINT('',(0.00179029410622512,-0.00657977934163977,0.0650594416544241));
#5555=CARTESIAN_POINT('',(0.00170153158138645,-0.00625352886283242,0.0648814970989112));
#5556=CARTESIAN_POINT('',(0.00165850935897086,-0.00609539584479848,0.0647952457745349));
#5557=CARTESIAN_POINT('',(0.00255027388120459,-0.00992162125836709,0.0672395415252344));
#5558=CARTESIAN_POINT('',(0.00251281774537864,-0.00977592543874801,0.0671548458354322));
#5559=CARTESIAN_POINT('',(0.00243262972840874,-0.00946400794946187,0.0669735197523858));
#5560=CARTESIAN_POINT('',(0.00230976568309454,-0.00898597101823778,0.0666955536314029));
#5561=CARTESIAN_POINT('',(0.00218159907086382,-0.00848735726232022,0.06640565859655));
#5562=CARTESIAN_POINT('',(0.0020534555794366,-0.0079887460539647,0.0661157015111719));
#5563=CARTESIAN_POINT('',(0.00192530651180105,-0.00749028401815773,0.0658259607296179));
#5564=CARTESIAN_POINT('',(0.00179712173917244,-0.00699171311975879,0.06553615327609));
#5565=CARTESIAN_POINT('',(0.00167161814355326,-0.00650303332145551,0.0652517711821438));
#5566=CARTESIAN_POINT('',(0.00158871363457872,-0.00618056012716718,0.0650643157443937));
#5567=CARTESIAN_POINT('',(0.00154852799847383,-0.00602425499007305,0.0649734575714228));
#5568=CARTESIAN_POINT('',(0.00245784864180217,-0.00985271357824226,0.0673959780090699));
#5569=CARTESIAN_POINT('',(0.00242175774380984,-0.0097080437825258,0.0673089860635984));
#5570=CARTESIAN_POINT('',(0.00234449163299345,-0.00939832174825724,0.0671227443995705));
#5571=CARTESIAN_POINT('',(0.00222608153721674,-0.00892361919791852,0.0668372562219858));
#5572=CARTESIAN_POINT('',(0.00210255880195047,-0.00842845698508838,0.0665394919371972));
#5573=CARTESIAN_POINT('',(0.00197903884247821,-0.00793334119426662,0.0662417769610254));
#5574=CARTESIAN_POINT('',(0.00185556983261628,-0.00743826604247614,0.0659439749122527));
#5575=CARTESIAN_POINT('',(0.00173179717525385,-0.00694300504663506,0.0656468264740596));
#5576=CARTESIAN_POINT('',(0.00161182027086003,-0.00645857835856288,0.0653529097138083));
#5577=CARTESIAN_POINT('',(0.00153178802255814,-0.006138237914291,0.0651606346417004));
#5578=CARTESIAN_POINT('',(0.00149298375137691,-0.00598295710788937,0.065067460956841));
#5579=CARTESIAN_POINT('',(0.0023100556630872,-0.00972155925491359,0.0676649713947745));
#5580=CARTESIAN_POINT('',(0.00227614187621191,-0.0095788315227097,0.0675740301779332));
#5581=CARTESIAN_POINT('',(0.002203535339961,-0.0092732653029994,0.0673793350588044));
#5582=CARTESIAN_POINT('',(0.00209223017704232,-0.00880488099120103,0.06708093032295));
#5583=CARTESIAN_POINT('',(0.0019761347930239,-0.00831630733934161,0.0667696382732236));
#5584=CARTESIAN_POINT('',(0.00186007282598697,-0.00782785837054068,0.0664584182543596));
#5585=CARTESIAN_POINT('',(0.0017439378644223,-0.00733920555023656,0.0661471303665522));
#5586=CARTESIAN_POINT('',(0.00162810168302437,-0.00685103194055089,0.0658356025067961));
#5587=CARTESIAN_POINT('',(0.00151347550948206,-0.00637132336663007,0.0655318821114752));
#5588=CARTESIAN_POINT('',(0.00143851793227136,-0.00605550404502891,0.0653303965202067));
#5589=CARTESIAN_POINT('',(0.00140219499445603,-0.00590243435859244,0.0652327200697809));
#5590=CARTESIAN_POINT('',(0.00224774844836181,-0.00965845282382615,0.0677854498070573));
#5591=CARTESIAN_POINT('',(0.00221474816333428,-0.00951665010604265,0.0676927430325484));
#5592=CARTESIAN_POINT('',(0.00214409771130461,-0.00921306456929746,0.0674942674848803));
#5593=CARTESIAN_POINT('',(0.00203580062743487,-0.00874772475182912,0.0671900535754809));
#5594=CARTESIAN_POINT('',(0.0019228412620864,-0.00826232912976704,0.0668727006937838));
#5595=CARTESIAN_POINT('',(0.00180989105299521,-0.00777703087550142,0.0665554860469692));
#5596=CARTESIAN_POINT('',(0.00169696631627369,-0.00729164795404571,0.0662379615875937));
#5597=CARTESIAN_POINT('',(0.0015838546442228,-0.00680617534711676,0.0659212787407276));
#5598=CARTESIAN_POINT('',(0.00147382970083946,-0.00633132732094732,0.0656082682634254));
#5599=CARTESIAN_POINT('',(0.00140068812516707,-0.00601731965535932,0.0654033317115505));
#5600=CARTESIAN_POINT('',(0.00136522834081462,-0.00586510856072945,0.065304020049305));
#5601=CARTESIAN_POINT('',(0.00214996327877991,-0.00954232171259429,0.0679918870725124));
#5602=CARTESIAN_POINT('',(0.00211839681477305,-0.00940221858095545,0.0678961456369919));
#5603=CARTESIAN_POINT('',(0.00205081634176605,-0.00910227229108121,0.0676911728925581));
#5604=CARTESIAN_POINT('',(0.00194723321741114,-0.00864252675215572,0.067376992317066));
#5605=CARTESIAN_POINT('',(0.00183918348420877,-0.00816296569003522,0.0670492787937352));
#5606=CARTESIAN_POINT('',(0.00173116096055146,-0.00768351897084115,0.0667216366974696));
#5607=CARTESIAN_POINT('',(0.00162310552943409,-0.00720393373891838,0.0663939145923062));
#5608=CARTESIAN_POINT('',(0.00151510330999298,-0.00672459313951465,0.0660663182276459));
#5609=CARTESIAN_POINT('',(0.00140915490998438,-0.00625430565124398,0.0657450513740092));
#5610=CARTESIAN_POINT('',(0.00133929186247468,-0.00594422803783008,0.0655331360430039));
#5611=CARTESIAN_POINT('',(0.00130542943960055,-0.00579393475095319,0.0654304202981189));
#5612=CARTESIAN_POINT('',(0.00211330638016225,-0.00949304144808889,0.0680753523746048));
#5613=CARTESIAN_POINT('',(0.00208227635322044,-0.00935365610275264,0.0679783860292067));
#5614=CARTESIAN_POINT('',(0.00201584450210508,-0.00905524685881712,0.0677707906886517));
#5615=CARTESIAN_POINT('',(0.00191402634366808,-0.00859786627467349,0.0674525852275961));
#5616=CARTESIAN_POINT('',(0.00180779899642388,-0.00812075385426612,0.0671207274600251));
#5617=CARTESIAN_POINT('',(0.00170168497388209,-0.00764386077423631,0.0667887313733272));
#5618=CARTESIAN_POINT('',(0.00159521262137738,-0.0071664277429488,0.0664574323711101));
#5619=CARTESIAN_POINT('',(0.00149007713893522,-0.00669092042993157,0.0661233606149934));
#5620=CARTESIAN_POINT('',(0.00138214090129318,-0.00621797645803109,0.0658063742619387));
#5621=CARTESIAN_POINT('',(0.00131400144840879,-0.00591021138006743,0.0655905558405309));
#5622=CARTESIAN_POINT('',(0.00128101693908729,-0.00576109588622661,0.0654858540955575));
#5623=CARTESIAN_POINT('',(0.00205835760566209,-0.00940510255610993,0.0682161713358731));
#5624=CARTESIAN_POINT('',(0.00202813462043063,-0.00926700620614239,0.0681171296507718));
#5625=CARTESIAN_POINT('',(0.00196343039528148,-0.00897135664005224,0.0679050916887242));
#5626=CARTESIAN_POINT('',(0.00186425584035382,-0.00851820790035524,0.0675800891386043));
#5627=CARTESIAN_POINT('',(0.00176081193694001,-0.00804553205937387,0.0672411176261785));
#5628=CARTESIAN_POINT('',(0.00165738349554662,-0.00757300070309293,0.066902121795451));
#5629=CARTESIAN_POINT('',(0.00155395272243388,-0.00710018948907001,0.0665634130234519));
#5630=CARTESIAN_POINT('',(0.00145051021433736,-0.00662834861778992,0.0662236294876805));
#5631=CARTESIAN_POINT('',(0.00134920647171197,-0.00616247093718496,0.0658945234015692));
#5632=CARTESIAN_POINT('',(0.0012822888500939,-0.0058571566516324,0.0656748651999278));
#5633=CARTESIAN_POINT('',(0.00124985242439409,-0.00570919811952293,0.0655683604675243));
#5634=CARTESIAN_POINT('',(0.00204010386628434,-0.0093723616105555,0.0682669560564392));
#5635=CARTESIAN_POINT('',(0.00201014958413809,-0.00923474604157207,0.0681671654417953));
#5636=CARTESIAN_POINT('',(0.00194602035380402,-0.00894012536610813,0.0679535249254993));
#5637=CARTESIAN_POINT('',(0.00184771993350008,-0.00848854272630504,0.0676260880091444));
#5638=CARTESIAN_POINT('',(0.00174521049733743,-0.00801753423724154,0.0672845247512507));
#5639=CARTESIAN_POINT('',(0.00164263497101146,-0.00754654987904416,0.0669431241330971));
#5640=CARTESIAN_POINT('',(0.00154035250784026,-0.0070757152136082,0.0666013435221034));
#5641=CARTESIAN_POINT('',(0.00143700073255749,-0.00660433326465059,0.0662608451431305));
#5642=CARTESIAN_POINT('',(0.0013396011210926,-0.00614435045443012,0.0659225368090893));
#5643=CARTESIAN_POINT('',(0.00127284780269106,-0.00583948617409673,0.0657021808268213));
#5644=CARTESIAN_POINT('',(0.00124045726435574,-0.00569169762664609,0.0655954130843286));
#5645=CARTESIAN_POINT('',(0.00201871707572249,-0.00932695290737174,0.0683353827121491));
#5646=CARTESIAN_POINT('',(0.00198907374541692,-0.00918999814448801,0.0682345942706342));
#5647=CARTESIAN_POINT('',(0.00192561085251347,-0.00889679353707195,0.0680188156700374));
#5648=CARTESIAN_POINT('',(0.00182834829404827,-0.0084474172905063,0.0676880526665521));
#5649=CARTESIAN_POINT('',(0.00172687447530458,-0.00797861060872593,0.0673431643548382));
#5650=CARTESIAN_POINT('',(0.00162550511951076,-0.00751018698418408,0.0669979064221042));
#5651=CARTESIAN_POINT('',(0.00152381483252501,-0.00704062343081885,0.0666541906383852));
#5652=CARTESIAN_POINT('',(0.00142327715899788,-0.00657516218097301,0.0663047498355601));
#5653=CARTESIAN_POINT('',(0.00132055301495821,-0.00610407442709228,0.0659831885892156));
#5654=CARTESIAN_POINT('',(0.00125540741741605,-0.00580259055153016,0.0657577317754448));
#5655=CARTESIAN_POINT('',(0.00122386781736128,-0.00565659035741506,0.0656482656020127));
#5656=CARTESIAN_POINT('',(0.00200769054542785,-0.00929830830514179,0.068377458032538));
#5657=CARTESIAN_POINT('',(0.00197820990107577,-0.00916177505270066,0.0682760495994875));
#5658=CARTESIAN_POINT('',(0.00191509532671735,-0.00886947290142246,0.0680589436856608));
#5659=CARTESIAN_POINT('',(0.00181836731532019,-0.00842148112449564,0.0677261468791403));
#5660=CARTESIAN_POINT('',(0.00171744590462343,-0.00795411618023714,0.0673791361147229));
#5661=CARTESIAN_POINT('',(0.00161664766119908,-0.00748713970809431,0.0670317562720709));
#5662=CARTESIAN_POINT('',(0.00151545695052876,-0.00701900783014804,0.0666859203376208));
#5663=CARTESIAN_POINT('',(0.0014156790844765,-0.00655499344012041,0.0663343653201403));
#5664=CARTESIAN_POINT('',(0.00131275565372608,-0.00608529794157819,0.0660106794206417));
#5665=CARTESIAN_POINT('',(0.00124807543507247,-0.00578475076721537,0.0657838622641026));
#5666=CARTESIAN_POINT('',(0.00121676976001084,-0.00563920485055442,0.065673737305833));
#5667=CARTESIAN_POINT('',(0.00199437660072737,-0.00925980989015743,0.0684324272741816));
#5668=CARTESIAN_POINT('',(0.00196509246787247,-0.00912384530551864,0.0683302107603879));
#5669=CARTESIAN_POINT('',(0.00190239827580076,-0.00883275968456093,0.0681113761473496));
#5670=CARTESIAN_POINT('',(0.00180630587835743,-0.0083866078749903,0.0677759646926141));
#5671=CARTESIAN_POINT('',(0.00170607348609017,-0.00792123321754942,0.0674261017315039));
#5672=CARTESIAN_POINT('',(0.00160586375211469,-0.00745596362239703,0.0670763178901276));
#5673=CARTESIAN_POINT('',(0.00150563074200539,-0.00699058386462066,0.0667264509504557));
#5674=CARTESIAN_POINT('',(0.00140542110319795,-0.00652531784174606,0.0663766693574872));
#5675=CARTESIAN_POINT('',(0.00130717789808147,-0.0060691784590823,0.0660337499839352));
#5676=CARTESIAN_POINT('',(0.00124235970784198,-0.00576823116724407,0.0658075014779641));
#5677=CARTESIAN_POINT('',(0.00121094200902855,-0.00562236053448077,0.06569783770812));
#5678=CARTESIAN_POINT('',(0.00236277368339689,-0.00816857413681611,0.065629737293911));
#5679=CARTESIAN_POINT('',(4.65539680586549E-5,-0.000187507461000618,0.0858470296978767));
#5680=CARTESIAN_POINT('',(0.00360944382007065,-0.00999390406671646,0.0666678209676265));
#5681=CARTESIAN_POINT('',(0.00354937177305427,-0.00982757653254513,0.0665813316473629));
#5682=CARTESIAN_POINT('',(0.00342922494862873,-0.00949491390428872,0.0664083490757259));
#5683=CARTESIAN_POINT('',(0.00324894678568118,-0.00899575432317272,0.0661487862764867));
#5684=CARTESIAN_POINT('',(0.00306869154231487,-0.00849666111463353,0.0658892598327392));
#5685=CARTESIAN_POINT('',(0.00288853493942638,-0.00799784974991565,0.0656298828517483));
#5686=CARTESIAN_POINT('',(0.00270810183770877,-0.00749824694309532,0.0653700848941215));
#5687=CARTESIAN_POINT('',(0.0025279689201679,-0.00699949810730052,0.0651107392387932));
#5688=CARTESIAN_POINT('',(0.00234768094162031,-0.00650032033755085,0.0648511717584699));
#5689=CARTESIAN_POINT('',(0.00222753053999686,-0.00616764589213458,0.0646781819035893));
#5690=CARTESIAN_POINT('',(0.00216744875588718,-0.00600129044148074,0.0645916774976641));
#5691=CARTESIAN_POINT('',(0.00382706253321057,-0.00866436714947637,0.0684327773728799));
#5692=CARTESIAN_POINT('',(0.00377086019475513,-0.0085371260533424,0.0683305400575771));
#5693=CARTESIAN_POINT('',(0.0036505451146902,-0.00826473493850931,0.0681116757224287));
#5694=CARTESIAN_POINT('',(0.00346615395592765,-0.00784727915309997,0.067776252612134));
#5695=CARTESIAN_POINT('',(0.00327381564577862,-0.00741182999201616,0.0674263721971382));
#5696=CARTESIAN_POINT('',(0.00308150578591572,-0.00697644427771974,0.0670765426924897));
#5697=CARTESIAN_POINT('',(0.00288919147644429,-0.0065410529448606,0.0667267085000042));
#5698=CARTESIAN_POINT('',(0.00269688714215157,-0.00610567821369867,0.0663768877750598));
#5699=CARTESIAN_POINT('',(0.00250824536322008,-0.00567859940201649,0.0660337333899452));
#5700=CARTESIAN_POINT('',(0.00238373272849243,-0.0053967056139186,0.0658072336350644));
#5701=CARTESIAN_POINT('',(0.0023233123923026,-0.00525991532265932,0.0656973235549267));
#5702=CARTESIAN_POINT('',(0.00383760818463917,-0.00869897573745942,0.0683839216311098));
#5703=CARTESIAN_POINT('',(0.0037812532122346,-0.00857123377277365,0.0682823903217733));
#5704=CARTESIAN_POINT('',(0.00366060996182062,-0.00829776552945978,0.0680650456967777));
#5705=CARTESIAN_POINT('',(0.00347567810092047,-0.007878528762885,0.0677321732037233));
#5706=CARTESIAN_POINT('',(0.00328295077840668,-0.00744180363736663,0.0673840871760037));
#5707=CARTESIAN_POINT('',(0.00308957892565904,-0.00700292842844457,0.0670392073246446));
#5708=CARTESIAN_POINT('',(0.00289705827448101,-0.00656686080560059,0.0666903147666431));
#5709=CARTESIAN_POINT('',(0.00270415559859508,-0.00612951238237543,0.0663433312896727));
#5710=CARTESIAN_POINT('',(0.00251500426574222,-0.00570079145208286,0.0660023490355731));
#5711=CARTESIAN_POINT('',(0.00239015191842213,-0.00541778028617807,0.0657774365249496));
#5712=CARTESIAN_POINT('',(0.00232956668931622,-0.00528044732855039,0.0656682987412451));
#5713=CARTESIAN_POINT('',(0.00384442303668214,-0.00872415377600565,0.0683482817202041));
#5714=CARTESIAN_POINT('',(0.00378796969579321,-0.0085960532514104,0.0682472601209836));
#5715=CARTESIAN_POINT('',(0.00366711492115198,-0.00832181018601213,0.0680310168881793));
#5716=CARTESIAN_POINT('',(0.0034818338257693,-0.00790119348002464,0.0677001045096721));
#5717=CARTESIAN_POINT('',(0.00328887068852109,-0.00746393535865659,0.0673527958077642));
#5718=CARTESIAN_POINT('',(0.00309476659434674,-0.00702108679469528,0.0670134687148455));
#5719=CARTESIAN_POINT('',(0.00290321379470164,-0.0065908759812231,0.0666564698242885));
#5720=CARTESIAN_POINT('',(0.00270956707669309,-0.00615009460034938,0.0663143207578414));
#5721=CARTESIAN_POINT('',(0.00252011192395661,-0.0057203840452557,0.0659746878727451));
#5722=CARTESIAN_POINT('',(0.00239500069281918,-0.00543636264197775,0.065751208844978));
#5723=CARTESIAN_POINT('',(0.0023342890491324,-0.00529853462786026,0.0656427740151991));
#5724=CARTESIAN_POINT('',(0.00385581551718914,-0.00878039042561666,0.0682699889575924));
#5725=CARTESIAN_POINT('',(0.00379919048236117,-0.00865143474917643,0.0681701627827196));
#5726=CARTESIAN_POINT('',(0.00367797199978426,-0.00837538307862967,0.0679564484468389));
#5727=CARTESIAN_POINT('',(0.00349223579515517,-0.00795258138214551,0.0676286082593435));
#5728=CARTESIAN_POINT('',(0.00329834641928752,-0.00751046213718205,0.0672880266410587));
#5729=CARTESIAN_POINT('',(0.0031049986475292,-0.00707239858904483,0.0669422270900945));
#5730=CARTESIAN_POINT('',(0.00291053464992899,-0.00662615882059352,0.0666072366089467));
#5731=CARTESIAN_POINT('',(0.00271702036530748,-0.00618648245435859,0.066263684943392));
#5732=CARTESIAN_POINT('',(0.00252686794327505,-0.00575327552159331,0.0659288219546011));
#5733=CARTESIAN_POINT('',(0.00240144287731718,-0.00546772632629094,0.0657074898352525));
#5734=CARTESIAN_POINT('',(0.00234058092595072,-0.00532916750455821,0.0656000832436577));
#5735=CARTESIAN_POINT('',(0.00386000313879238,-0.00881382565193375,0.0682242649355183));
#5736=CARTESIAN_POINT('',(0.00380331907839587,-0.00868439264435324,0.0681250963425037));
#5737=CARTESIAN_POINT('',(0.00368197311846404,-0.00840731136795425,0.0679127997783127));
#5738=CARTESIAN_POINT('',(0.00349601179396686,-0.00798272530828736,0.0675873998774432));
#5739=CARTESIAN_POINT('',(0.00330200569555737,-0.00753961399426114,0.0672481937405254));
#5740=CARTESIAN_POINT('',(0.0031081033990498,-0.00709732057592399,0.0669081385660481));
#5741=CARTESIAN_POINT('',(0.0029139035343124,-0.00665216361086191,0.0665717012379034));
#5742=CARTESIAN_POINT('',(0.0027200466602348,-0.0062100645251074,0.066231484570606));
#5743=CARTESIAN_POINT('',(0.00252970846132073,-0.00577538613147898,0.0658985942626308));
#5744=CARTESIAN_POINT('',(0.00240413966880516,-0.00548872089398415,0.0656787999511515));
#5745=CARTESIAN_POINT('',(0.00234320768770787,-0.00534961854696281,0.0655721427798362));
#5746=CARTESIAN_POINT('',(0.00386641907689492,-0.00889203815740085,0.0681175823741803));
#5747=CARTESIAN_POINT('',(0.00380964373131721,-0.00876147191307096,0.0680199705248289));
#5748=CARTESIAN_POINT('',(0.00368810153004703,-0.00848195703130798,0.067811015346537));
#5749=CARTESIAN_POINT('',(0.00350181756712585,-0.00805343832812702,0.0674909701477503));
#5750=CARTESIAN_POINT('',(0.00330753839041924,-0.00760703822568499,0.0671562574471159));
#5751=CARTESIAN_POINT('',(0.00311314341398756,-0.00715845072007259,0.0668248260462731));
#5752=CARTESIAN_POINT('',(0.00291908289963837,-0.00671469019668819,0.0664863982301517));
#5753=CARTESIAN_POINT('',(0.00272477213561355,-0.00626706238371059,0.0661537962726724));
#5754=CARTESIAN_POINT('',(0.00253412800149976,-0.00582874156579846,0.0658258266498878));
#5755=CARTESIAN_POINT('',(0.00240834215521958,-0.00553940593614176,0.0656096951090264));
#5756=CARTESIAN_POINT('',(0.00234730464302998,-0.00539900416444188,0.0655048209315026));
#5757=CARTESIAN_POINT('',(0.0038674175415783,-0.0089384143321472,0.0680545254960992));
#5758=CARTESIAN_POINT('',(0.00381062802396252,-0.00880716414725011,0.0679578504638299));
#5759=CARTESIAN_POINT('',(0.0036890555636952,-0.00852618883630193,0.0677508941338008));
#5760=CARTESIAN_POINT('',(0.0035027273488591,-0.00809553076548637,0.0674337356325937));
#5761=CARTESIAN_POINT('',(0.00330836338868135,-0.00764638691452914,0.0671027648652721));
#5762=CARTESIAN_POINT('',(0.00311405128111537,-0.00719701593875173,0.0667723969642015));
#5763=CARTESIAN_POINT('',(0.00291968152303411,-0.006748812637479,0.0664400133127785));
#5764=CARTESIAN_POINT('',(0.00272539897457878,-0.00629946263279522,0.0661097606662634));
#5765=CARTESIAN_POINT('',(0.00253469466933206,-0.00585874173697872,0.06578507009307));
#5766=CARTESIAN_POINT('',(0.00240888239836074,-0.00556793228809271,0.0655709457360329));
#5767=CARTESIAN_POINT('',(0.00234783224342167,-0.00542681683279017,0.0654670434261341));
#5768=CARTESIAN_POINT('',(0.0038636008286234,-0.00909010980948898,0.0678480199196979));
#5769=CARTESIAN_POINT('',(0.00380687069823638,-0.00895663870997222,0.0677543842384463));
#5770=CARTESIAN_POINT('',(0.00368542449112605,-0.0086709057465444,0.0675539333341323));
#5771=CARTESIAN_POINT('',(0.00349926635967267,-0.00823287025665328,0.0672467166262424));
#5772=CARTESIAN_POINT('',(0.00330508752604732,-0.00777618598770203,0.0669260483660385));
#5773=CARTESIAN_POINT('',(0.00311101761904034,-0.00731896978638645,0.0666063166318662));
#5774=CARTESIAN_POINT('',(0.0029166419184798,-0.00686399060806166,0.0662832394353311));
#5775=CARTESIAN_POINT('',(0.00272261233692876,-0.00640675018992902,0.0659636990948982));
#5776=CARTESIAN_POINT('',(0.00253210223198733,-0.00595860760575122,0.0656491875741591));
#5777=CARTESIAN_POINT('',(0.00240642054723588,-0.00566283227259506,0.0654418229104345));
#5778=CARTESIAN_POINT('',(0.00234543379242673,-0.00551930618877631,0.0653412013287349));
#5779=CARTESIAN_POINT('',(0.00384755184063424,-0.00920377303272599,0.0676928626297612));
#5780=CARTESIAN_POINT('',(0.00379105745553845,-0.00906862897612967,0.0676015098414371));
#5781=CARTESIAN_POINT('',(0.00367011518080685,-0.00877931279129512,0.0674059442216479));
#5782=CARTESIAN_POINT('',(0.00348470970130539,-0.00833573680003574,0.0671061662568905));
#5783=CARTESIAN_POINT('',(0.00329134415462601,-0.00787327624002268,0.0667934188931699));
#5784=CARTESIAN_POINT('',(0.00309804919751261,-0.0074105942010639,0.0664810463830683));
#5785=CARTESIAN_POINT('',(0.00290455411719891,-0.00694881208304455,0.0661674191863156));
#5786=CARTESIAN_POINT('',(0.0027113086196058,-0.00648615349770412,0.0658551909532873));
#5787=CARTESIAN_POINT('',(0.00252159064896405,-0.00603247807449459,0.0655483060108534));
#5788=CARTESIAN_POINT('',(0.00239642903488653,-0.00573302981588133,0.065345941912694));
#5789=CARTESIAN_POINT('',(0.00233569460920954,-0.00558772114373132,0.0652477464272972));
#5790=CARTESIAN_POINT('',(0.00380076960987342,-0.00941560652776684,0.0673971781276905));
#5791=CARTESIAN_POINT('',(0.00374495550574011,-0.00927734233199154,0.0673101490467515));
#5792=CARTESIAN_POINT('',(0.0036254703192766,-0.00898135215998356,0.0671238384944315));
#5793=CARTESIAN_POINT('',(0.00344231861622552,-0.00852769270771336,0.0668382205309046));
#5794=CARTESIAN_POINT('',(0.0032513246366187,-0.0080544531395317,0.0665404842499007));
#5795=CARTESIAN_POINT('',(0.00306027518189356,-0.0075814724761088,0.0662423794762301));
#5796=CARTESIAN_POINT('',(0.00286947275870517,-0.00710769363443398,0.0659456492675544));
#5797=CARTESIAN_POINT('',(0.00267845982797027,-0.00663490648454166,0.0656475387183597));
#5798=CARTESIAN_POINT('',(0.00249109053354625,-0.0061705790458341,0.0653554930108162));
#5799=CARTESIAN_POINT('',(0.00236743197216451,-0.00586428985814108,0.0651626488039437));
#5800=CARTESIAN_POINT('',(0.00230742627093295,-0.0057156641645964,0.0650690691706387));
#5801=CARTESIAN_POINT('',(0.00376905556733407,-0.0095171679727653,0.0672528005262107));
#5802=CARTESIAN_POINT('',(0.00371370453183174,-0.00937740155861146,0.0671678861287843));
#5803=CARTESIAN_POINT('',(0.00359521143475787,-0.00907819966418104,0.0669861040396526));
#5804=CARTESIAN_POINT('',(0.00341360081546728,-0.00861972840833598,0.0667074650246445));
#5805=CARTESIAN_POINT('',(0.00322420450982083,-0.00814135351122085,0.066416990356997));
#5806=CARTESIAN_POINT('',(0.00303471166296853,-0.00766328624998112,0.0661260933967146));
#5807=CARTESIAN_POINT('',(0.00284562476397409,-0.00718435532609978,0.0658367514529565));
#5808=CARTESIAN_POINT('',(0.00265615046404709,-0.00670645510078467,0.0655458132773407));
#5809=CARTESIAN_POINT('',(0.00247035715312894,-0.00623709811205948,0.065260956189413));
#5810=CARTESIAN_POINT('',(0.00234772348263385,-0.00592749861207207,0.0650727923244568));
#5811=CARTESIAN_POINT('',(0.00228821490686754,-0.00577726670176975,0.0649814829756841));
#5812=CARTESIAN_POINT('',(0.00369131528220028,-0.00972044829544336,0.0669566925345784));
#5813=CARTESIAN_POINT('',(0.00363710833125491,-0.00957769844352383,0.0668761331059645));
#5814=CARTESIAN_POINT('',(0.00352106467345763,-0.00927211104317949,0.0667036744301838));
#5815=CARTESIAN_POINT('',(0.00334321442117817,-0.00880388772692784,0.0664393380152402));
#5816=CARTESIAN_POINT('',(0.00315772243769064,-0.00831531050141133,0.0661637187908478));
#5817=CARTESIAN_POINT('',(0.00297218302461282,-0.00782704788266239,0.0658878684392803));
#5818=CARTESIAN_POINT('',(0.00278687678913778,-0.00733803015445815,0.0656128605869669));
#5819=CARTESIAN_POINT('',(0.00260135647206497,-0.0068499048302909,0.0653369880512945));
#5820=CARTESIAN_POINT('',(0.00241936939235566,-0.00637039910924306,0.0650666841798387));
#5821=CARTESIAN_POINT('',(0.00229927425346301,-0.00605420597669475,0.0648881804383148));
#5822=CARTESIAN_POINT('',(0.00224099786720952,-0.00590077589735887,0.0648015594446648));
#5823=CARTESIAN_POINT('',(0.00364521382340011,-0.0098224074958711,0.066804804863532));
#5824=CARTESIAN_POINT('',(0.00359168760441018,-0.00967816930590038,0.0667264857503645));
#5825=CARTESIAN_POINT('',(0.00347710115152387,-0.00936939418001697,0.0665588228336384));
#5826=CARTESIAN_POINT('',(0.00330148227487612,-0.00889624374740607,0.0663018311106569));
#5827=CARTESIAN_POINT('',(0.0031182979222418,-0.00840257725022736,0.0660338080928099));
#5828=CARTESIAN_POINT('',(0.00293515597191586,-0.00790919277401363,0.0657657998398217));
#5829=CARTESIAN_POINT('',(0.00275192810783437,-0.00741522571039098,0.0654977610281473));
#5830=CARTESIAN_POINT('',(0.00256883108260585,-0.00692200485334748,0.0652298064790588));
#5831=CARTESIAN_POINT('',(0.00238907133215358,-0.0064373557156745,0.0649668530172219));
#5832=CARTESIAN_POINT('',(0.00227049265589417,-0.00611786956576433,0.0647933350986721));
#5833=CARTESIAN_POINT('',(0.00221295276732536,-0.00596284291387315,0.0647091353158435));
#5834=CARTESIAN_POINT('',(0.00358721216655243,-0.00993234904416254,0.0666358127241791));
#5835=CARTESIAN_POINT('',(0.00353455053453863,-0.00978653946158899,0.0665599926094463));
#5836=CARTESIAN_POINT('',(0.00342181199800226,-0.00947438870440292,0.0663976759793077));
#5837=CARTESIAN_POINT('',(0.00324894678568118,-0.00899575432317272,0.0661487862764867));
#5838=CARTESIAN_POINT('',(0.00306869154231487,-0.00849666111463353,0.0658892598327392));
#5839=CARTESIAN_POINT('',(0.00288853493942638,-0.00799784974991565,0.0656298828517483));
#5840=CARTESIAN_POINT('',(0.00270810183770877,-0.00749824694309532,0.0653700848941215));
#5841=CARTESIAN_POINT('',(0.0025279689201679,-0.00699949810730052,0.0651107392387932));
#5842=CARTESIAN_POINT('',(0.00235113623254613,-0.00650988727835347,0.0648561464726279));
#5843=CARTESIAN_POINT('',(0.00223443922367536,-0.00618677476763462,0.0646881288675621));
#5844=CARTESIAN_POINT('',(0.00217781174147025,-0.00602998364940996,0.0646065978917773));
#5845=CARTESIAN_POINT('',(-7.74387010911514E-7,1.33164530772256E-19,0.0658134199218398));
#5846=CARTESIAN_POINT('',(-1.26098455002256E-6,2.16840434497101E-19,0.0685420332613903));
#5847=CARTESIAN_POINT('',(0.00623521098221447,-0.00696581357014115,0.0685376349168509));
#5848=CARTESIAN_POINT('',(0.00696469953621629,-0.00623660263512714,0.0685379418943063));
#5849=CARTESIAN_POINT('',(-4.41851100483567E-9,-3.95586243168277E-9,0.0614710166861346));
#5850=CARTESIAN_POINT('',(0.00383059309021663,-0.0042794386441286,0.0658122625705751));
#5851=CARTESIAN_POINT('',(-7.74387010911514E-7,1.33164530772256E-19,0.0658134199218398));
#5852=CARTESIAN_POINT('',(0.00427867898358146,-0.0038313727030687,0.065812346014217));
#5853=CARTESIAN_POINT('',(0.00696471902404175,-0.00623660088796225,0.0685379242301778));
#5854=CARTESIAN_POINT('',(-1.27634307477962E-6,2.18534500391609E-19,0.0686281567457065));
#5855=CARTESIAN_POINT('',(0.00623450541983022,-0.0069650473679792,0.0685368474956343));
#5856=CARTESIAN_POINT('',(0.006289888347234,-0.00702685976949574,0.0684031994132662));
#5857=CARTESIAN_POINT('',(0.00469592513666343,-0.00808288938723634,0.0685365736579362));
#5858=CARTESIAN_POINT('',(0.00524244864243613,-0.00775929350447855,0.0685450208403243));
#5859=CARTESIAN_POINT('',(0.00575787105925368,-0.00738481868039214,0.0685451107111292));
#5860=CARTESIAN_POINT('',(0.00623451471292396,-0.00696503846927047,0.0685368481915829));
#5861=CARTESIAN_POINT('',(0.00473765175963668,-0.00815462734182578,0.0684029226105312));
#5862=CARTESIAN_POINT('',(0.00473764127860368,-0.00815463343265885,0.0684029226086463));
#5863=CARTESIAN_POINT('',(0.00591166492335268,-0.00872059300027297,0.0666241979274606));
#5864=CARTESIAN_POINT('',(0.00567925525094211,-0.0086658361366339,0.0669071940395719));
#5865=CARTESIAN_POINT('',(0.00523311283266577,-0.00852756168876956,0.0674824053656585));
#5866=CARTESIAN_POINT('',(0.00485895855339052,-0.00831049832344199,0.0680877362414749));
#5867=CARTESIAN_POINT('',(0.00473764074817406,-0.00815463386991042,0.0684029224289162));
#5868=CARTESIAN_POINT('',(0.00591166490512337,-0.00872059297340036,0.0666241979797538));
#5869=CARTESIAN_POINT('',(0.00591157185351175,-0.00872045509591231,0.0666244658502465));
#5870=CARTESIAN_POINT('',(0.00610072234141063,-0.00859239303506857,0.0666242563703709));
#5871=CARTESIAN_POINT('',(0.00628540833501449,-0.0084581873743311,0.0666243198840076));
#5872=CARTESIAN_POINT('',(0.00646562844278037,-0.00831783620050274,0.0666246602124136));
#5873=CARTESIAN_POINT('',(0.00646576753212141,-0.00831801391901458,0.0666242967936718));
#5874=CARTESIAN_POINT('',(0.00628988679441325,-0.00702686117319035,0.0684031993968399));
#5875=CARTESIAN_POINT('',(0.00640056289589674,-0.0071901369851538,0.0680884247840398));
#5876=CARTESIAN_POINT('',(0.00649139033725005,-0.00761360998930696,0.0674823771527968));
#5877=CARTESIAN_POINT('',(0.00648544526854556,-0.00808011952810995,0.0669073190798374));
#5878=CARTESIAN_POINT('',(0.00646576682752836,-0.00831801301313403,0.0666242986417854));
#5879=CARTESIAN_POINT('',(-7.83818880698022E-7,1.33831205666179E-19,0.0658663094735696));
#5880=CARTESIAN_POINT('',(0.00386270485822612,-0.00431528389036482,0.0657281599211179));
#5881=CARTESIAN_POINT('',(0.00399938039451753,-0.00451690693112086,0.0653394505657763));
#5882=CARTESIAN_POINT('',(0.0039949140398434,-0.00481578395812993,0.0649835860462767));
#5883=CARTESIAN_POINT('',(0.00397070652279732,-0.00510820030207381,0.0646357186366208));
#5884=CARTESIAN_POINT('',(0.00386270284751074,-0.00431528569084184,0.0657281599204128));
#5885=CARTESIAN_POINT('',(0.00397070866534077,-0.00510820305670694,0.0646357130168201));
#5886=CARTESIAN_POINT('',(0.00363065708019965,-0.00535573941453896,0.0646350343695214));
#5887=CARTESIAN_POINT('',(0.00374649045069136,-0.00527663958454548,0.0646358070452109));
#5888=CARTESIAN_POINT('',(0.00385984500861077,-0.00519413272105669,0.0646360227089099));
#5889=CARTESIAN_POINT('',(0.00397072015274513,-0.00510821800163789,0.0646356826623728));
#5890=CARTESIAN_POINT('',(0.00363043786013806,-0.00535542442644067,0.0646356523358383));
#5891=CARTESIAN_POINT('',(0.00363043515091519,-0.00535542043271142,0.0646356601075322));
#5892=CARTESIAN_POINT('',(0.00334507176583473,-0.00528820425969033,0.064983113866983));
#5893=CARTESIAN_POINT('',(0.00305816673055304,-0.00519894915107259,0.0653415948645054));
#5894=CARTESIAN_POINT('',(0.0029094457142861,-0.00500786719867749,0.0657279903419365));
#5895=CARTESIAN_POINT('',(0.00290944517256384,-0.00500786762502218,0.0657279901865297));
#5896=CARTESIAN_POINT('',(0.00290945568707374,-0.00500786151473582,0.0657279901884212));
#5897=CARTESIAN_POINT('',(0.00290089690528965,-0.00499314215074142,0.0657554107740798));
#5898=CARTESIAN_POINT('',(0.00289233812350556,-0.00497842278674702,0.0657828313597384));
#5899=CARTESIAN_POINT('',(0.00288377934172147,-0.00496370342275262,0.065810251945397));
#5900=CARTESIAN_POINT('',(0.00383251759375509,-0.00428159480854045,0.0658141035183089));
#5901=CARTESIAN_POINT('',(0.00354317191932746,-0.00453989689490498,0.0658140519188789));
#5902=CARTESIAN_POINT('',(0.00322166298099559,-0.00477352477094753,0.0658139945837277));
#5903=CARTESIAN_POINT('',(0.00288673565080683,-0.00496879295479286,0.0658139348556555));
#5904=CARTESIAN_POINT('',(0.00382861081151211,-0.00427724022911172,0.0658104243582184));
#5905=CARTESIAN_POINT('',(0.00383997191940843,-0.00428992464971261,0.0657830028784382));
#5906=CARTESIAN_POINT('',(0.00385133302730476,-0.00430260907031351,0.0657555813986581));
#5907=CARTESIAN_POINT('',(0.00386269413520108,-0.00431529349091441,0.0657281599188779));
#5908=CARTESIAN_POINT('',(0.00505488413277037,-0.00564718732103493,0.0671201329396586));
#5909=CARTESIAN_POINT('',(0.00508650304044416,-0.00568247573543867,0.0670769292074009));
#5910=CARTESIAN_POINT('',(0.00380724628096219,-0.00655319983683497,0.0671205873419804));
#5911=CARTESIAN_POINT('',(0.0038312486636243,-0.00659451344351292,0.0670767306399809));
#5912=CARTESIAN_POINT('',(0.00592546382683435,-0.00874094446724527,0.0666362270833899));
#5913=CARTESIAN_POINT('',(0.00583848112241023,-0.0086126313065685,0.0665604046469195));
#5914=CARTESIAN_POINT('',(0.00565225868050924,-0.00833792399123616,0.0663980753590182));
#5915=CARTESIAN_POINT('',(0.00536678502742431,-0.0079168070657558,0.0661492288582992));
#5916=CARTESIAN_POINT('',(0.00506900173280572,-0.00747753201317951,0.0658896520827727));
#5917=CARTESIAN_POINT('',(0.00477133523776198,-0.00703842596471619,0.065630177962597));
#5918=CARTESIAN_POINT('',(0.00447344328574585,-0.00659899613860151,0.0653705052903972));
#5919=CARTESIAN_POINT('',(0.00417580206696546,-0.00615992874326726,0.065111052475345));
#5920=CARTESIAN_POINT('',(0.00388389873209828,-0.00572932429272063,0.064856602928952));
#5921=CARTESIAN_POINT('',(0.00369133703600626,-0.00544526668933398,0.0646887473932099));
#5922=CARTESIAN_POINT('',(0.00359800181958536,-0.00530758316638955,0.0646073873078618));
#5923=CARTESIAN_POINT('',(0.00580337644534689,-0.00872363908001174,0.0668042031521127));
#5924=CARTESIAN_POINT('',(0.00571818193971879,-0.00859555560178511,0.0667258797817985));
#5925=CARTESIAN_POINT('',(0.00553578831645472,-0.0083213432212484,0.0665582009667033));
#5926=CARTESIAN_POINT('',(0.00525619582201449,-0.00790107019557529,0.0663012802044139));
#5927=CARTESIAN_POINT('',(0.00496454293279437,-0.00746264654652505,0.0660332388235639));
#5928=CARTESIAN_POINT('',(0.00467287062806842,-0.00702426888827208,0.0657653076610307));
#5929=CARTESIAN_POINT('',(0.00438126681087413,-0.00658587424411348,0.0654972317290384));
#5930=CARTESIAN_POINT('',(0.0040898011316812,-0.00614765678893288,0.0652292391468346));
#5931=CARTESIAN_POINT('',(0.0038035628970699,-0.00571762190511726,0.0649665886615308));
#5932=CARTESIAN_POINT('',(0.00361501234542845,-0.00543415079235824,0.064793244744907));
#5933=CARTESIAN_POINT('',(0.00352362517800192,-0.00529675449332013,0.0647092233276641));
#5934=CARTESIAN_POINT('',(0.00570005431208629,-0.00870324658690973,0.0669463732150364));
#5935=CARTESIAN_POINT('',(0.00561636408776137,-0.00857545246938065,0.0668659631582768));
#5936=CARTESIAN_POINT('',(0.00543719098394538,-0.00830185890023478,0.0666938162653128));
#5937=CARTESIAN_POINT('',(0.00516253501130991,-0.00788251629171924,0.0664300284506356));
#5938=CARTESIAN_POINT('',(0.00487608143574597,-0.00744513352966753,0.0661548598892946));
#5939=CARTESIAN_POINT('',(0.00458958597620947,-0.00700774056108402,0.0658797432222078));
#5940=CARTESIAN_POINT('',(0.00430324461171753,-0.0065704703151242,0.06560458368896));
#5941=CARTESIAN_POINT('',(0.0040168763653825,-0.00613319192576645,0.0653294431717316));
#5942=CARTESIAN_POINT('',(0.00373590316171693,-0.00570431297476713,0.0650597886176837));
#5943=CARTESIAN_POINT('',(0.00355066959628564,-0.00542146926522524,0.0648818268583515));
#5944=CARTESIAN_POINT('',(0.00346088799489305,-0.00528437517872345,0.0647955671953079));
#5945=CARTESIAN_POINT('',(0.00549135378024529,-0.00864762670425196,0.0672400660122405));
#5946=CARTESIAN_POINT('',(0.00541070913381636,-0.00852064099529903,0.0671553626205691));
#5947=CARTESIAN_POINT('',(0.00523805957676736,-0.00824877928657888,0.0669740200487234));
#5948=CARTESIAN_POINT('',(0.00497348981845671,-0.00783212154350692,0.066696028657157));
#5949=CARTESIAN_POINT('',(0.0046975185350168,-0.00739753331786249,0.0664061072640846));
#5950=CARTESIAN_POINT('',(0.00442157002854928,-0.00696294037379189,0.0661161238204257));
#5951=CARTESIAN_POINT('',(0.00414566231375642,-0.0065284910124688,0.0658263566888597));
#5952=CARTESIAN_POINT('',(0.00386968700168869,-0.00609394915379182,0.0655365228796325));
#5953=CARTESIAN_POINT('',(0.00359931811111189,-0.00566798546208879,0.0652521149516499));
#5954=CARTESIAN_POINT('',(0.00342082317795277,-0.00538692446129646,0.0650646424671221));
#5955=CARTESIAN_POINT('',(0.00333430421693385,-0.00525069249338307,0.0649737760314629));
#5956=CARTESIAN_POINT('',(0.00538215714463179,-0.00861064395446207,0.0673964995052087));
#5957=CARTESIAN_POINT('',(0.00530312799540254,-0.00848421229708314,0.0673094999024971));
#5958=CARTESIAN_POINT('',(0.0051339358120494,-0.00821353594240574,0.0671232418451606));
#5959=CARTESIAN_POINT('',(0.00487463245747319,-0.00779867345244665,0.0668377285418785));
#5960=CARTESIAN_POINT('',(0.00460414441762637,-0.00736593323612205,0.0665399380485559));
#5961=CARTESIAN_POINT('',(0.00433367336247544,-0.00693323630926624,0.0662421968663841));
#5962=CARTESIAN_POINT('',(0.00406326332219457,-0.00650056229292909,0.0659443686134062));
#5963=CARTESIAN_POINT('',(0.00379250706130539,-0.00606780532461425,0.0656471939634158));
#5964=CARTESIAN_POINT('',(0.00352870873298019,-0.00564417926505797,0.0653532515552832));
#5965=CARTESIAN_POINT('',(0.00335360458011067,-0.00536425931831814,0.0651609595288659));
#5966=CARTESIAN_POINT('',(0.0032687159310029,-0.00522857480915658,0.0650677776257131));
#5967=CARTESIAN_POINT('',(0.00520106640696462,-0.00853156449842815,0.0676654869528761));
#5968=CARTESIAN_POINT('',(0.0051247079785432,-0.00840630730651904,0.0675745381668209));
#5969=CARTESIAN_POINT('',(0.00496123160503765,-0.00813814394450171,0.0673798268427434));
#5970=CARTESIAN_POINT('',(0.00471063799895521,-0.00772709562331432,0.0670813972673807));
#5971=CARTESIAN_POINT('',(0.00444924988527162,-0.00729832706859219,0.0667700793073929));
#5972=CARTESIAN_POINT('',(0.00418793208158074,-0.00686966676412086,0.0664588333848468));
#5973=CARTESIAN_POINT('',(0.00392648186298303,-0.00644083514563837,0.0661475195827608));
#5974=CARTESIAN_POINT('',(0.00366546388752747,-0.00601236696861382,0.0658359658325267));
#5975=CARTESIAN_POINT('',(0.00340821246965257,-0.00559157517577993,0.0655322200026409));
#5976=CARTESIAN_POINT('',(0.00323933179990786,-0.00531438742020211,0.0653307176619323));
#5977=CARTESIAN_POINT('',(0.00315748635200654,-0.00518003928506105,0.0652330330934119));
#5978=CARTESIAN_POINT('',(0.00512230671338554,-0.00849079406458111,0.0677859624311648));
#5979=CARTESIAN_POINT('',(0.00504710293743195,-0.0083661344233687,0.0676932481304467));
#5980=CARTESIAN_POINT('',(0.00488609900825764,-0.00809925054786462,0.0674947564699131));
#5981=CARTESIAN_POINT('',(0.00463930710653662,-0.00769016848544557,0.0671905178625337));
#5982=CARTESIAN_POINT('',(0.00438188364194948,-0.00726345366761986,0.0668731392183462));
#5983=CARTESIAN_POINT('',(0.00412449897257731,-0.00683682861501462,0.0665558988143267));
#5984=CARTESIAN_POINT('',(0.00386711236797224,-0.00641011518480452,0.0662383485928585));
#5985=CARTESIAN_POINT('',(0.00360952025562309,-0.00598337417845427,0.0659216399805878));
#5986=CARTESIAN_POINT('',(0.00335814694059962,-0.00556578369489322,0.0656086042964273));
#5987=CARTESIAN_POINT('',(0.00319155325356202,-0.00528975794141741,0.0654036510791031));
#5988=CARTESIAN_POINT('',(0.00311079404711511,-0.00515595973663665,0.0653043313385465));
#5989=CARTESIAN_POINT('',(0.00499341920231198,-0.00841055271698758,0.0679923941500947));
#5990=CARTESIAN_POINT('',(0.00492010429866631,-0.00828706657043023,0.0678966452695148));
#5991=CARTESIAN_POINT('',(0.00476314473887171,-0.00802269550674579,0.06769165658598));
#5992=CARTESIAN_POINT('',(0.00452256489317635,-0.00761747777504866,0.0673774515796657));
#5993=CARTESIAN_POINT('',(0.00427161383481935,-0.00719479536467843,0.0670497125725361));
#5994=CARTESIAN_POINT('',(0.004020723987561,-0.00677221328874562,0.0667220449985354));
#5995=CARTESIAN_POINT('',(0.00376976004136017,-0.00634950965275291,0.066394297408291));
#5996=CARTESIAN_POINT('',(0.00351892229697796,-0.00592702222587029,0.0660666755715662));
#5997=CARTESIAN_POINT('',(0.00327283536085612,-0.0055125098054224,0.0657453837268231));
#5998=CARTESIAN_POINT('',(0.00311057425319978,-0.00523920901735613,0.0655334519183387));
#5999=CARTESIAN_POINT('',(0.00303192689268776,-0.00510674133189102,0.0654307281868915));
#6000=CARTESIAN_POINT('',(0.00494332725248148,-0.00837500740519934,0.068075857056295));
#6001=CARTESIAN_POINT('',(0.00487074434965645,-0.00825203821331713,0.0679788833007128));
#6002=CARTESIAN_POINT('',(0.00471535219039754,-0.00798877416803414,0.0677712720957382));
#6003=CARTESIAN_POINT('',(0.00447718177337895,-0.00758526045933975,0.0674530423187883));
#6004=CARTESIAN_POINT('',(0.0042287206151276,-0.00716434392578314,0.0671211591864573));
#6005=CARTESIAN_POINT('',(0.00398043501618353,-0.00674360098568595,0.0667891377460979));
#6006=CARTESIAN_POINT('',(0.0037316417649963,-0.00632245521305847,0.0664578133635903));
#6007=CARTESIAN_POINT('',(0.00348471505665906,-0.00590272794457783,0.0661237163216404));
#6008=CARTESIAN_POINT('',(0.00323591663866478,-0.00548630309777697,0.0658067048484306));
#6009=CARTESIAN_POINT('',(0.00307600941372063,-0.00521466925668696,0.0655908700619441));
#6010=CARTESIAN_POINT('',(0.0029985609740073,-0.00508305053820401,0.065486160387654));
#6011=CARTESIAN_POINT('',(0.00486389202159861,-0.00830834489364457,0.0682166716508583));
#6012=CARTESIAN_POINT('',(0.00479247500063456,-0.00818635233397424,0.0681176226195655));
#6013=CARTESIAN_POINT('',(0.00463957873742679,-0.00792517927733548,0.0679055689301049));
#6014=CARTESIAN_POINT('',(0.00440523030791322,-0.00752487374805042,0.0675805422742336));
#6015=CARTESIAN_POINT('',(0.00416078740256649,-0.00710731691285447,0.0672415456172531));
#6016=CARTESIAN_POINT('',(0.00391640385091445,-0.00668989271408748,0.0669025246497982));
#6017=CARTESIAN_POINT('',(0.00367193159836314,-0.00627220305951317,0.0665637907256693));
#6018=CARTESIAN_POINT('',(0.00342774804695285,-0.00585543994126431,0.0662239820913454));
#6019=CARTESIAN_POINT('',(0.00318744121641955,-0.00544368665109094,0.0658948512166136));
#6020=CARTESIAN_POINT('',(0.00302945339207185,-0.00517400629707452,0.065675176774292));
#6021=CARTESIAN_POINT('',(0.00295288374742718,-0.00504331864679256,0.0655686641715482));
#6022=CARTESIAN_POINT('',(0.00483641373210364,-0.00828284432099815,0.0682674547263971));
#6023=CARTESIAN_POINT('',(0.00476540083898922,-0.0081612260186688,0.0681676567897121));
#6024=CARTESIAN_POINT('',(0.00461336938701922,-0.00790085390031061,0.0679540005976866));
#6025=CARTESIAN_POINT('',(0.00438033628165898,-0.00750176783223672,0.0676265396542583));
#6026=CARTESIAN_POINT('',(0.00413729737017338,-0.00708550811951498,0.0672849513355413));
#6027=CARTESIAN_POINT('',(0.00389420305863524,-0.00666929177063135,0.0669435256584707));
#6028=CARTESIAN_POINT('',(0.00365143372764372,-0.00625312724747053,0.0666017199942519));
#6029=CARTESIAN_POINT('',(0.0034074782893011,-0.00583677259169917,0.0662611965412257));
#6030=CARTESIAN_POINT('',(0.00317270620357273,-0.00542941972067237,0.0659228637093537));
#6031=CARTESIAN_POINT('',(0.00301501370621842,-0.00516011661301959,0.0657024915097712));
#6032=CARTESIAN_POINT('',(0.00293854023349395,-0.00502957646227367,0.0655957159059055));
#6033=CARTESIAN_POINT('',(0.00480204102755176,-0.00824626318875429,0.0683358790663103));
#6034=CARTESIAN_POINT('',(0.00473152807623292,-0.00812517731595808,0.0682350833364571));
#6035=CARTESIAN_POINT('',(0.00458056795656597,-0.00786594616658193,0.0680192891323542));
#6036=CARTESIAN_POINT('',(0.00434920375849852,-0.00746863796952529,0.0676885022143307));
#6037=CARTESIAN_POINT('',(0.00410783020258884,-0.00705415245982597,0.0673435889540956));
#6038=CARTESIAN_POINT('',(0.00386667437126925,-0.00663999899875206,0.0669983060930385));
#6039=CARTESIAN_POINT('',(0.00362486104541448,-0.00622486048914941,0.0666545653209765));
#6040=CARTESIAN_POINT('',(0.0033854116515544,-0.00581326764039089,0.0663050997458246));
#6041=CARTESIAN_POINT('',(0.00314214387198695,-0.00539699778847025,0.0659835134361316));
#6042=CARTESIAN_POINT('',(0.00298702505506131,-0.00513041310483683,0.0657580405773073));
#6043=CARTESIAN_POINT('',(0.00291191352785102,-0.00500131097350207,0.0656485666336308));
#6044=CARTESIAN_POINT('',(0.00478270213806016,-0.00822242561967931,0.0683779529043443));
#6045=CARTESIAN_POINT('',(0.00471247416957713,-0.0081016903885788,0.0682765372047648));
#6046=CARTESIAN_POINT('',(0.00456212420639656,-0.00784320996278992,0.0680594157341259));
#6047=CARTESIAN_POINT('',(0.00433169623519342,-0.00744705340255689,0.0677265950846993));
#6048=CARTESIAN_POINT('',(0.004091293590471,-0.00703376848021386,0.067379559446393));
#6049=CARTESIAN_POINT('',(0.00385112813249082,-0.00662081497636707,0.0670321547501853));
#6050=CARTESIAN_POINT('',(0.00361023236247988,-0.00620688381026794,0.0666862939019312));
#6051=CARTESIAN_POINT('',(0.00337195271118949,-0.00579643233005819,0.0663347141852282));
#6052=CARTESIAN_POINT('',(0.00312892564779444,-0.00538154829171319,0.0660110033008474));
#6053=CARTESIAN_POINT('',(0.00297453890095195,-0.00511571072884111,0.0657841701468141));
#6054=CARTESIAN_POINT('',(0.00289979023483232,-0.00498696839054612,0.0656740374412935));
#6055=CARTESIAN_POINT('',(0.00475814268009654,-0.0081899226571362,0.0684329201405594));
#6056=CARTESIAN_POINT('',(0.00468827734021906,-0.00806966758039471,0.0683306963898606));
#6057=CARTESIAN_POINT('',(0.00453870312797785,-0.00781221433368993,0.0681118462833835));
#6058=CARTESIAN_POINT('',(0.00430944826556253,-0.0074176114149769,0.0677764110815942));
#6059=CARTESIAN_POINT('',(0.00407031597364338,-0.00700600660665756,0.0674265233502652));
#6060=CARTESIAN_POINT('',(0.00383123769638184,-0.00659449471235511,0.067076714744262));
#6061=CARTESIAN_POINT('',(0.0035921032408044,-0.00618288524447141,0.0667268230340956));
#6062=CARTESIAN_POINT('',(0.00335302615792795,-0.00577137671807459,0.0663770166766962));
#6063=CARTESIAN_POINT('',(0.00311863949161749,-0.00536794010274365,0.066034073024485));
#6064=CARTESIAN_POINT('',(0.00296399787793803,-0.00510176460976651,0.0658078085001738));
#6065=CARTESIAN_POINT('',(0.00288904232408138,-0.00497274803993405,0.0656981369661615));
#6066=CARTESIAN_POINT('',(0.00477132320176775,-0.00703840927477477,0.0656301668140088));
#6067=CARTESIAN_POINT('',(0.000102005687942414,-0.000162600925653107,0.0858470395870817));
#6068=CARTESIAN_POINT('',(0.0065210258600117,-0.00838910174037106,0.0666683401942369));
#6069=CARTESIAN_POINT('',(0.00641249666917469,-0.00824948290448326,0.0665818422325412));
#6070=CARTESIAN_POINT('',(0.00619543335463537,-0.00797023888675679,0.0664088423776473));
#6071=CARTESIAN_POINT('',(0.00586973210722662,-0.00755123323348733,0.0661492536449003));
#6072=CARTESIAN_POINT('',(0.00554407316757152,-0.00713228361974609,0.0658897012711027));
#6073=CARTESIAN_POINT('',(0.00521859513381042,-0.00671357156558767,0.0656302983747322));
#6074=CARTESIAN_POINT('',(0.00489260956865422,-0.00629419227129516,0.0653704744605253));
#6075=CARTESIAN_POINT('',(0.0045671733832235,-0.00587553236477541,0.0651111028930563));
#6076=CARTESIAN_POINT('',(0.00424145718006838,-0.0054565124465325,0.0648515094783088));
#6077=CARTESIAN_POINT('',(0.00402438681177208,-0.00517725829583545,0.0646785023395511));
#6078=CARTESIAN_POINT('',(0.00391583973387332,-0.00503761591955363,0.0645919892907404));
#6079=CARTESIAN_POINT('',(0.0063171286551822,-0.00705729184975384,0.0684332214299508));
#6080=CARTESIAN_POINT('',(0.00622435828675638,-0.00695365148760238,0.0683309775934186));
#6081=CARTESIAN_POINT('',(0.00602576027368633,-0.006731783607742,0.0681120992979622));
#6082=CARTESIAN_POINT('',(0.00572139585789769,-0.00639175804783766,0.0677766547926642));
#6083=CARTESIAN_POINT('',(0.00540391311938911,-0.0060370763722493,0.0674267520604826));
#6084=CARTESIAN_POINT('',(0.00508647704440147,-0.00568244624371424,0.0670769002418963));
#6085=CARTESIAN_POINT('',(0.00476903500139421,-0.00532781214687145,0.0667270437352022));
#6086=CARTESIAN_POINT('',(0.00445160757543463,-0.00497319075593912,0.066377200696877));
#6087=CARTESIAN_POINT('',(0.00414022696850088,-0.00462532709409024,0.0660340244235708));
#6088=CARTESIAN_POINT('',(0.00393470042286886,-0.00439571917137258,0.0658075102213627));
#6089=CARTESIAN_POINT('',(0.00383496770364519,-0.00428430084075972,0.0656975931305913));
#6090=CARTESIAN_POINT('',(0.00633785323379719,-0.00708695047973357,0.0683843675034034));
#6091=CARTESIAN_POINT('',(0.00624478291880508,-0.00698288089085939,0.0682828296465671));
#6092=CARTESIAN_POINT('',(0.00604553993292094,-0.00676008992740442,0.0680654710047676));
#6093=CARTESIAN_POINT('',(0.00574011090313989,-0.00641853749934605,0.0677325770232799));
#6094=CARTESIAN_POINT('',(0.00542186388153634,-0.00606276242201337,0.067384468611452));
#6095=CARTESIAN_POINT('',(0.00510233943496842,-0.00570514148795734,0.0670395662631195));
#6096=CARTESIAN_POINT('',(0.00478449215602235,-0.00534992791231947,0.0666906513554403));
#6097=CARTESIAN_POINT('',(0.00446588574424717,-0.00499361417005356,0.066343645461542));
#6098=CARTESIAN_POINT('',(0.00415351306122728,-0.00464434610171791,0.0660026412332019));
#6099=CARTESIAN_POINT('',(0.00394731812714032,-0.00441378037904945,0.065777714216638));
#6100=CARTESIAN_POINT('',(0.0038472608855659,-0.00430189685420398,0.0656685693938328));
#6101=CARTESIAN_POINT('',(0.00635211529599384,-0.00710879227632294,0.0683487289205694));
#6102=CARTESIAN_POINT('',(0.00625884062146093,-0.00700441204615443,0.0682477007549477));
#6103=CARTESIAN_POINT('',(0.00605915702128075,-0.00678094948699212,0.0680314434644855));
#6104=CARTESIAN_POINT('',(0.00575296940793768,-0.00643819246993471,0.0677005095245451));
#6105=CARTESIAN_POINT('',(0.00543433340163649,-0.0060819833113489,0.0673531784112138));
#6106=CARTESIAN_POINT('',(0.00511288466940939,-0.00572080946113415,0.0670138286087427));
#6107=CARTESIAN_POINT('',(0.00479776779632532,-0.00537086740636635,0.0666568076828269));
#6108=CARTESIAN_POINT('',(0.00447739287400685,-0.00501151838260336,0.066314636016757));
#6109=CARTESIAN_POINT('',(0.00416442541845214,-0.00466140293629742,0.0659749811055343));
#6110=CARTESIAN_POINT('',(0.00395767207819998,-0.0044299563412945,0.0657514875184125));
#6111=CARTESIAN_POINT('',(0.00385734162221286,-0.00431764101526367,0.0656430456233538));
#6112=CARTESIAN_POINT('',(0.00638032895234658,-0.00715876035287536,0.0682704391577021));
#6113=CARTESIAN_POINT('',(0.00628662672029135,-0.00705361981543964,0.0681706063707995));
#6114=CARTESIAN_POINT('',(0.00608603830151762,-0.00682854942313573,0.067956877880764));
#6115=CARTESIAN_POINT('',(0.00577874262755955,-0.00648385482381702,0.0676290160153937));
#6116=CARTESIAN_POINT('',(0.00545772348748832,-0.0061233083147166,0.0672884117258753));
#6117=CARTESIAN_POINT('',(0.00513847276830173,-0.00576645192518648,0.0669425897224575));
#6118=CARTESIAN_POINT('',(0.00481563376992289,-0.00540216382513699,0.0666075763480113));
#6119=CARTESIAN_POINT('',(0.00449572627977944,-0.00504382488587392,0.0662640021425746));
#6120=CARTESIAN_POINT('',(0.0041810151999816,-0.00469059939200187,0.0659291169410592));
#6121=CARTESIAN_POINT('',(0.00397349125264746,-0.00445779664241934,0.0657077701808991));
#6122=CARTESIAN_POINT('',(0.00387279200461814,-0.00434483266800696,0.0656003564850619));
#6123=CARTESIAN_POINT('',(0.00639464406923175,-0.00718926761625117,0.0682247169416788));
#6124=CARTESIAN_POINT('',(0.0063007381913534,-0.0070836913135899,0.0681255417108442));
#6125=CARTESIAN_POINT('',(0.00609971035633508,-0.00685768102246968,0.0679132309368697));
#6126=CARTESIAN_POINT('',(0.00579164916082112,-0.00651135882430454,0.0675878092617547));
#6127=CARTESIAN_POINT('',(0.00547021243281516,-0.00614990479490659,0.0672485803999496));
#6128=CARTESIAN_POINT('',(0.00514912717735865,-0.00578919660077043,0.0669085025447524));
#6129=CARTESIAN_POINT('',(0.00482687400153239,-0.0054258567661301,0.0665720423806766));
#6130=CARTESIAN_POINT('',(0.00450589199885313,-0.00506531936585989,0.0662318030429723));
#6131=CARTESIAN_POINT('',(0.00419054951111722,-0.00471075172904874,0.0658988904428025));
#6132=CARTESIAN_POINT('',(0.00398254398228293,-0.00447693188947012,0.0656790814302616));
#6133=CARTESIAN_POINT('',(0.00388161016693222,-0.0043634725908682,0.0655724171253616));
#6134=CARTESIAN_POINT('',(0.0064249159131026,-0.00726167537435769,0.0681180386345989));
#6135=CARTESIAN_POINT('',(0.00633057301486154,-0.00715504942238511,0.0680204200857718));
#6136=CARTESIAN_POINT('',(0.00612860648867203,-0.00692678509279773,0.0678114505652944));
#6137=CARTESIAN_POINT('',(0.00581902314538597,-0.00657682213406278,0.067491383378352));
#6138=CARTESIAN_POINT('',(0.00549631037377098,-0.00621232441922274,0.06715664777397));
#6139=CARTESIAN_POINT('',(0.00517281149669054,-0.00584578196360213,0.066825193349843));
#6140=CARTESIAN_POINT('',(0.00485112239253573,-0.00548372727197224,0.0664867427735317));
#6141=CARTESIAN_POINT('',(0.00452800017775935,-0.00511807157972753,0.0661541178449213));
#6142=CARTESIAN_POINT('',(0.00421124111442268,-0.00476013405957425,0.0658261257318799));
#6143=CARTESIAN_POINT('',(0.00400220392667503,-0.00452384139758399,0.0656099793446872));
#6144=CARTESIAN_POINT('',(0.00390076818542668,-0.00440917878531832,0.0655050979628891));
#6145=CARTESIAN_POINT('',(0.00644019708572104,-0.00730547666990388,0.0680549843035736));
#6146=CARTESIAN_POINT('',(0.00634562935163907,-0.00719820457957306,0.0679583025342606));
#6147=CARTESIAN_POINT('',(0.00614318273255669,-0.00696856053968528,0.0677513317818267));
#6148=CARTESIAN_POINT('',(0.00583289617705717,-0.00661657643693569,0.0674341511749503));
#6149=CARTESIAN_POINT('',(0.00550925487400314,-0.00624949525551583,0.0671031573534144));
#6150=CARTESIAN_POINT('',(0.00518559269502343,-0.0058821820089953,0.0667727663851596));
#6151=CARTESIAN_POINT('',(0.00486223653599929,-0.0055159972129929,0.0664403597314063));
#6152=CARTESIAN_POINT('',(0.00453860894882269,-0.00514869477054885,0.0661100840186045));
#6153=CARTESIAN_POINT('',(0.0042210509658693,-0.00478849305386733,0.0657853708234124));
#6154=CARTESIAN_POINT('',(0.00401153319404663,-0.00455080676156291,0.065571231539053));
#6155=CARTESIAN_POINT('',(0.00390986487998807,-0.0044354692491236,0.0654673219856595));
#6156=CARTESIAN_POINT('',(0.00648344545812558,-0.00745093845126371,0.0678484871203566));
#6157=CARTESIAN_POINT('',(0.00638824787777703,-0.00734153562645821,0.0677548445791494));
#6158=CARTESIAN_POINT('',(0.00618445108035596,-0.00710732741730954,0.0675543789891363));
#6159=CARTESIAN_POINT('',(0.00587204644915983,-0.00674827386555301,0.0672471397675265));
#6160=CARTESIAN_POINT('',(0.00554625100473035,-0.0063739635454696,0.0669264480359432));
#6161=CARTESIAN_POINT('',(0.00522039477135927,-0.00599911361585964,0.066606692800126));
#6162=CARTESIAN_POINT('',(0.00489493901834566,-0.00562648590130537,0.0662835922278966));
#6163=CARTESIAN_POINT('',(0.00456911365168387,-0.00525160046833552,0.065964028384132));
#6164=CARTESIAN_POINT('',(0.00424944684755806,-0.00488427973444081,0.065649493830693));
#6165=CARTESIAN_POINT('',(0.00403851866900407,-0.00464182987967215,0.0654421139648386));
#6166=CARTESIAN_POINT('',(0.00393616569825078,-0.00452417995076431,0.0653414850062423));
#6167=CARTESIAN_POINT('',(0.00650330718478862,-0.00756400656066034,0.0676933362344293));
#6168=CARTESIAN_POINT('',(0.00640781681945017,-0.00745293968401827,0.067601976491896));
#6169=CARTESIAN_POINT('',(0.00620339197127119,-0.0072151676359193,0.0674063959845394));
#6170=CARTESIAN_POINT('',(0.00588999098064015,-0.00685061176206253,0.0671065951941585));
#6171=CARTESIAN_POINT('',(0.00556318397685248,-0.0064705561067408,0.066793824033631));
#6172=CARTESIAN_POINT('',(0.00523637566370282,-0.00609026797839214,0.0664814277139008));
#6173=CARTESIAN_POINT('',(0.00490965512388969,-0.00571089763632852,0.0661677767588604));
#6174=CARTESIAN_POINT('',(0.00458290109584642,-0.00533061652191361,0.0658555247170639));
#6175=CARTESIAN_POINT('',(0.00426227784838257,-0.00495778854216639,0.0655486164301038));
#6176=CARTESIAN_POINT('',(0.00405070924641975,-0.00471168454146554,0.0653462369228621));
#6177=CARTESIAN_POINT('',(0.00394804538367732,-0.00459226116262463,0.0652480339601285));
#6178=CARTESIAN_POINT('',(0.00652427736899058,-0.00777994498501563,0.0673976638147441));
#6179=CARTESIAN_POINT('',(0.00642846977554166,-0.00766570022303217,0.0673106276017087));
#6180=CARTESIAN_POINT('',(0.00622336824445337,-0.00742113006088914,0.0671243017813028));
#6181=CARTESIAN_POINT('',(0.00590899463824956,-0.00704628701019612,0.0668386604167854));
#6182=CARTESIAN_POINT('',(0.00558111210111097,-0.00665524622717699,0.0665408997242482));
#6183=CARTESIAN_POINT('',(0.00525325681318491,-0.00626446884027651,0.0662427705537967));
#6184=CARTESIAN_POINT('',(0.00492538980357409,-0.00587285592805783,0.0659460159021963));
#6185=CARTESIAN_POINT('',(0.00459762905104606,-0.00548225129724637,0.065647880966566));
#6186=CARTESIAN_POINT('',(0.00427594774412726,-0.00509856605014173,0.0653558113069682));
#6187=CARTESIAN_POINT('',(0.00406369458382695,-0.00484549094582615,0.0651629513008935));
#6188=CARTESIAN_POINT('',(0.0039606987229648,-0.00472268744957106,0.0650693640010915));
#6189=CARTESIAN_POINT('',(0.00652550099425589,-0.0078863437933155,0.067253292087086));
#6190=CARTESIAN_POINT('',(0.00642966957578852,-0.00777052712414517,0.0671683704707346));
#6191=CARTESIAN_POINT('',(0.00622451906146143,-0.00752259561043524,0.0669865729278612));
#6192=CARTESIAN_POINT('',(0.00591012412304461,-0.00714269965694105,0.0667079102332346));
#6193=CARTESIAN_POINT('',(0.00558217409687199,-0.00674628077731009,0.066417410857103));
#6194=CARTESIAN_POINT('',(0.00525422732295421,-0.00635018433292733,0.0661264892061327));
#6195=CARTESIAN_POINT('',(0.0049263997283907,-0.00595314096608349,0.0658371225205469));
#6196=CARTESIAN_POINT('',(0.00459852221094541,-0.00555719765326156,0.0655461596632864));
#6197=CARTESIAN_POINT('',(0.00427678547426368,-0.00516824161801375,0.0652612783323721));
#6198=CARTESIAN_POINT('',(0.00406448405953102,-0.00491170125300161,0.0650730984768382));
#6199=CARTESIAN_POINT('',(0.0039614646250005,-0.00478721640850835,0.0649817813687116));
#6200=CARTESIAN_POINT('',(0.00651438524718882,-0.0081037142554595,0.0669571959767034));
#6201=CARTESIAN_POINT('',(0.00641871994682885,-0.00798470638680447,0.0668766291547624));
#6202=CARTESIAN_POINT('',(0.00621392567650087,-0.00772994446394468,0.0667041546519574));
#6203=CARTESIAN_POINT('',(0.00590009338245621,-0.00733961094438071,0.0664397939871408));
#6204=CARTESIAN_POINT('',(0.00557270376485183,-0.00693228175331729,0.0661641494579393));
#6205=CARTESIAN_POINT('',(0.00524536625987995,-0.00652526644035626,0.0658882738193143));
#6206=CARTESIAN_POINT('',(0.00491801717098296,-0.00611746087335847,0.0656132406362946));
#6207=CARTESIAN_POINT('',(0.00459074025394306,-0.00571057023553655,0.0653373428209639));
#6208=CARTESIAN_POINT('',(0.00426948720052891,-0.00531078519018124,0.0650670141140069));
#6209=CARTESIAN_POINT('',(0.00405756244402384,-0.00504718892621785,0.0648884939963752));
#6210=CARTESIAN_POINT('',(0.00395472656187346,-0.00491928141636806,0.0648018650563664));
#6211=CARTESIAN_POINT('',(0.00650204860517863,-0.00821493772157206,0.0668053143269853));
#6212=CARTESIAN_POINT('',(0.00640657077808408,-0.00809430387811745,0.0667269877325273));
#6213=CARTESIAN_POINT('',(0.00620217728877705,-0.00783605968275491,0.0665593088003832));
#6214=CARTESIAN_POINT('',(0.00588894453230098,-0.00744035025934366,0.0663022925365207));
#6215=CARTESIAN_POINT('',(0.00556217686435182,-0.00702746736755613,0.0660342439132546));
#6216=CARTESIAN_POINT('',(0.00523553667253511,-0.00661483958979776,0.0657662100700188));
#6217=CARTESIAN_POINT('',(0.00490863474274073,-0.00620168428898192,0.0654981456367417));
#6218=CARTESIAN_POINT('',(0.0045820878378654,-0.00578919823672374,0.0652301655060299));
#6219=CARTESIAN_POINT('',(0.00426136363318197,-0.00538383282382723,0.0649671869057993));
#6220=CARTESIAN_POINT('',(0.00404986347651984,-0.00511663582677006,0.0647936524164284));
#6221=CARTESIAN_POINT('',(0.00394723465611564,-0.0049869821624638,0.0647094445928257));
#6222=CARTESIAN_POINT('',(0.00648086103264786,-0.0083374311575939,0.0666363287527408));
#6223=CARTESIAN_POINT('',(0.00638571986780916,-0.00821503552118679,0.066560501062572));
#6224=CARTESIAN_POINT('',(0.00618204067730526,-0.00795300957750982,0.0663981682148559));
#6225=CARTESIAN_POINT('',(0.00586973210722662,-0.00755123323348733,0.0661492536449003));
#6226=CARTESIAN_POINT('',(0.00554407316757152,-0.00713228361974609,0.0658897012711027));
#6227=CARTESIAN_POINT('',(0.00521859513381042,-0.00671357156558767,0.0656302983747322));
#6228=CARTESIAN_POINT('',(0.00489260956865422,-0.00629419227129516,0.0653704744605253));
#6229=CARTESIAN_POINT('',(0.0045671733832235,-0.00587553236477541,0.0651111028930563));
#6230=CARTESIAN_POINT('',(0.00424769966084952,-0.00546454313018044,0.0648564846895104));
#6231=CARTESIAN_POINT('',(0.00403686842111437,-0.00519331548874591,0.0646884502973518));
#6232=CARTESIAN_POINT('',(0.00393456207736115,-0.0050617016210966,0.0646069111755899));
#6233=CARTESIAN_POINT('',(-7.74387010911514E-7,1.33164530772256E-19,0.0658134199218398));
#6234=CARTESIAN_POINT('',(-1.26098455002256E-6,2.16840434497101E-19,0.0685420332613903));
#6235=CARTESIAN_POINT('',(0.00808253110482332,-0.00469770683753241,0.0685379643521038));
#6236=CARTESIAN_POINT('',(0.00855097737830534,-0.00377876165231283,0.0685382247775141));
#6237=CARTESIAN_POINT('',(-2.9798249906109E-9,-5.12764376512428E-9,0.0614710166863911));
#6238=CARTESIAN_POINT('',(0.00496549188098552,-0.00288603042902986,0.0658124649587079));
#6239=CARTESIAN_POINT('',(-7.74387010911514E-7,1.33164530772256E-19,0.0658134199218398));
#6240=CARTESIAN_POINT('',(0.00525318690151277,-0.00232142823766891,0.0658125197996148));
#6241=CARTESIAN_POINT('',(0.0085509953725793,-0.00377875396956456,0.0685382071131192));
#6242=CARTESIAN_POINT('',(-1.27634307477962E-6,2.18534500391609E-19,0.0686281567457065));
#6243=CARTESIAN_POINT('',(0.00808162331250637,-0.00469719621013012,0.0685371768948233));
#6244=CARTESIAN_POINT('',(0.0081533978553215,-0.00473887639689062,0.0684035317355955));
#6245=CARTESIAN_POINT('',(0.00696377868383677,-0.00623577460897229,0.0685369780875192));
#6246=CARTESIAN_POINT('',(0.00738355672694028,-0.00575913112210248,0.0685454026672077));
#6247=CARTESIAN_POINT('',(0.00775803349234967,-0.00524371011196889,0.0685454674029704));
#6248=CARTESIAN_POINT('',(0.00808162940090547,-0.00469718487519298,0.0685371775902004));
#6249=CARTESIAN_POINT('',(0.00702563247386868,-0.00629111458790629,0.0684033306294208));
#6250=CARTESIAN_POINT('',(0.00702562438798485,-0.00629112361945014,0.068403330627963));
#6251=CARTESIAN_POINT('',(0.00831709387417258,-0.00646668792290311,0.0666246268910631));
#6252=CARTESIAN_POINT('',(0.00807913586922487,-0.0064864139930249,0.0669076220137323));
#6253=CARTESIAN_POINT('',(0.00761209504029723,-0.0064927410668872,0.0674828296129753));
#6254=CARTESIAN_POINT('',(0.0071891716232089,-0.00640188820958187,0.0680881517917212));
#6255=CARTESIAN_POINT('',(0.00702562401863604,-0.00629112419922276,0.0684033304482617));
#6256=CARTESIAN_POINT('',(0.00831709384853092,-0.00646668790297602,0.066624626943355));
#6257=CARTESIAN_POINT('',(0.00831696274236469,-0.00646658551345962,0.0666248948070618));
#6258=CARTESIAN_POINT('',(0.00845728219605808,-0.00628634055322234,0.0666246766190775));
#6259=CARTESIAN_POINT('',(0.00859145718422693,-0.00610163227181515,0.0666247311250138));
#6260=CARTESIAN_POINT('',(0.00871948579219148,-0.00591245927947927,0.0666250621460344));
#6261=CARTESIAN_POINT('',(0.00871967299522722,-0.0059125853388856,0.0666246987358729));
#6262=CARTESIAN_POINT('',(0.00815339681226683,-0.00473887821173242,0.0684035317192601));
#6263=CARTESIAN_POINT('',(0.00830911378722159,-0.00485997928739219,0.0680887651386637));
#6264=CARTESIAN_POINT('',(0.00852636145986357,-0.00523469222271556,0.0674827400521223));
#6265=CARTESIAN_POINT('',(0.00866487175595868,-0.00568023797672173,0.0669077077400957));
#6266=CARTESIAN_POINT('',(0.0087196720451708,-0.00591258469497138,0.0666247005839428));
#6267=CARTESIAN_POINT('',(-7.83818880698028E-7,1.34678238613434E-19,0.0658663094735696));
#6268=CARTESIAN_POINT('',(0.00500710951139061,-0.0029102028368465,0.0657283640044448));
#6269=CARTESIAN_POINT('',(0.00519940400878995,-0.00305974410161395,0.0653396645677125));
#6270=CARTESIAN_POINT('',(0.00528751743821459,-0.00334539283598117,0.0649838165580988));
#6271=CARTESIAN_POINT('',(0.0053548593758646,-0.00363099700948393,0.0646359654745888));
#6272=CARTESIAN_POINT('',(0.00500710815546464,-0.00291020517054715,0.0657283640038564));
#6273=CARTESIAN_POINT('',(0.00535486226482201,-0.00363099896752308,0.0646359598549212));
#6274=CARTESIAN_POINT('',(0.00510794693437077,-0.00397150178815972,0.0646352978167442));
#6275=CARTESIAN_POINT('',(0.00519366781828602,-0.00386047885739782,0.0646360651224308));
#6276=CARTESIAN_POINT('',(0.00527597838497581,-0.00374698167112301,0.0646362752500105));
#6277=CARTESIAN_POINT('',(0.00535487780849521,-0.00363100963286663,0.0646359295011974));
#6278=CARTESIAN_POINT('',(0.00510764110163457,-0.00397126992534503,0.0646359157676158));
#6279=CARTESIAN_POINT('',(0.00510763729081248,-0.00397126696385043,0.0646359235391133));
#6280=CARTESIAN_POINT('',(0.0048154666114129,-0.00399550357136975,0.0649833760846095));
#6281=CARTESIAN_POINT('',(0.00451501923376462,-0.00399925569399875,0.0653418546671065));
#6282=CARTESIAN_POINT('',(0.00431452619971078,-0.00386346198547634,0.0657282409119592));
#6283=CARTESIAN_POINT('',(0.0043145258162514,-0.00386346255836419,0.0657282407565806));
#6284=CARTESIAN_POINT('',(0.00431453392796226,-0.00386345349797423,0.0657282407580436));
#6285=CARTESIAN_POINT('',(0.004301845269882,-0.00385209784883363,0.0657556606072155));
#6286=CARTESIAN_POINT('',(0.00428915661180173,-0.00384074219969302,0.0657830804563873));
#6287=CARTESIAN_POINT('',(0.00427646795372146,-0.00382938655055241,0.0658105003055591));
#6288=CARTESIAN_POINT('',(0.00496798846798665,-0.00288748625750437,0.0658143060084621));
#6289=CARTESIAN_POINT('',(0.00477262411196037,-0.00322255887198277,0.0658142711688557));
#6290=CARTESIAN_POINT('',(0.0045390459240216,-0.00354410391324901,0.0658142295145217));
#6291=CARTESIAN_POINT('',(0.0042808522904697,-0.00383331323047492,0.0658141834704798));
#6292=CARTESIAN_POINT('',(0.00496292729035747,-0.00288455227119925,0.0658106266425066));
#6293=CARTESIAN_POINT('',(0.00497765228687855,-0.00289310660783576,0.0657832057626135));
#6294=CARTESIAN_POINT('',(0.00499237728339964,-0.00290166094447227,0.0657557848827205));
#6295=CARTESIAN_POINT('',(0.00500710227992071,-0.00291021528110878,0.0657283640028274));
#6296=CARTESIAN_POINT('',(0.00655250801992703,-0.00380843791526833,0.0671204000130791));
#6297=CARTESIAN_POINT('',(0.0065934844848286,-0.00383223079292459,0.0670771979495681));
#6298=CARTESIAN_POINT('',(0.00564590716512707,-0.00505564829012764,0.0671209152330189));
#6299=CARTESIAN_POINT('',(0.00568150177674962,-0.00508752513777097,0.0670770605982782));
#6300=CARTESIAN_POINT('',(0.00833650625533052,-0.00648177855967547,0.0666366570480519));
#6301=CARTESIAN_POINT('',(0.00821413050251748,-0.00638662880392442,0.0665608282998883));
#6302=CARTESIAN_POINT('',(0.00795213462464654,-0.00618292146552214,0.0663984854992014));
#6303=CARTESIAN_POINT('',(0.00755050293365453,-0.00587064539156325,0.0661496182838524));
#6304=CARTESIAN_POINT('',(0.00713155300173565,-0.00554490439219218,0.0658900199005053));
#6305=CARTESIAN_POINT('',(0.00671276637705991,-0.00521928802657394,0.0656305241808028));
#6306=CARTESIAN_POINT('',(0.006293665278999,-0.00489343341108712,0.0653708298932017));
#6307=CARTESIAN_POINT('',(0.0058749146377659,-0.00456784599481029,0.0651113554805322));
#6308=CARTESIAN_POINT('',(0.00546423619847803,-0.00424853393799069,0.0648568847528041));
#6309=CARTESIAN_POINT('',(0.00519332198195927,-0.00403789318898806,0.0646890152443443));
#6310=CARTESIAN_POINT('',(0.00506200907840232,-0.00393579502844073,0.0646076483863808));
#6311=CARTESIAN_POINT('',(0.0082150451306328,-0.0065030379767267,0.066804633228456));
#6312=CARTESIAN_POINT('',(0.00809444105354775,-0.00640755421597809,0.066726303543502));
#6313=CARTESIAN_POINT('',(0.0078362395885492,-0.00620313471332872,0.0665586112094854));
#6314=CARTESIAN_POINT('',(0.00744046206167006,-0.00588984430279361,0.0663016697277522));
#6315=CARTESIAN_POINT('',(0.00702760566379734,-0.00556301910333633,0.0660336067325063));
#6316=CARTESIAN_POINT('',(0.00661474501165697,-0.00523624363737379,0.0657656539582809));
#6317=CARTESIAN_POINT('',(0.00620194424736012,-0.00490943086102203,0.0654975564130628));
#6318=CARTESIAN_POINT('',(0.00578932961378689,-0.00458274390981992,0.0652295422261918));
#6319=CARTESIAN_POINT('',(0.0053842150823973,-0.00426222338285803,0.0649668705415072));
#6320=CARTESIAN_POINT('',(0.00511729697442385,-0.00405090121025679,0.0647935126494844));
#6321=CARTESIAN_POINT('',(0.00498792555585547,-0.00394847438230083,0.0647094844584554));
#6322=CARTESIAN_POINT('',(0.0081104770746477,-0.00651556402321466,0.0669468030691926));
#6323=CARTESIAN_POINT('',(0.00799139308968529,-0.00641989072735535,0.0668663867006128));
#6324=CARTESIAN_POINT('',(0.00773644578292985,-0.00621506480031162,0.0666942262947262));
#6325=CARTESIAN_POINT('',(0.00734565074193436,-0.00590113417839628,0.066430417768802));
#6326=CARTESIAN_POINT('',(0.00693806089917653,-0.00557369263780907,0.0661552276050563));
#6327=CARTESIAN_POINT('',(0.00653042806794895,-0.00524625433023263,0.0658800893353679));
#6328=CARTESIAN_POINT('',(0.00612297971356773,-0.00491888512318264,0.0656049082049365));
#6329=CARTESIAN_POINT('',(0.00571550327642012,-0.00459151647719928,0.0653297460903103));
#6330=CARTESIAN_POINT('',(0.00531575335103972,-0.00427046870963878,0.0650600703546389));
#6331=CARTESIAN_POINT('',(0.00505218380297968,-0.0040587184823403,0.0648820946255383));
#6332=CARTESIAN_POINT('',(0.00492443277679665,-0.00395608305174813,0.0647958281913527));
#6333=CARTESIAN_POINT('',(0.00789480102146995,-0.00652714219676652,0.0672404946224419));
#6334=CARTESIAN_POINT('',(0.00777886340267352,-0.00643129684443352,0.067155784936924));
#6335=CARTESIAN_POINT('',(0.00753065561214663,-0.0062261026345008,0.0669744288906699));
#6336=CARTESIAN_POINT('',(0.0071502829240328,-0.00591160944249805,0.0666964168478005));
#6337=CARTESIAN_POINT('',(0.00675352602151418,-0.00558358727060703,0.0664064739148551));
#6338=CARTESIAN_POINT('',(0.00635678932365136,-0.00525555357617407,0.0661164689308644));
#6339=CARTESIAN_POINT('',(0.00596013578859695,-0.00492764381980786,0.0658266802665227));
#6340=CARTESIAN_POINT('',(0.00556338938204183,-0.0045996669856113,0.0655368249200126));
#6341=CARTESIAN_POINT('',(0.00517462575116291,-0.00427811569451596,0.0652523958785258));
#6342=CARTESIAN_POINT('',(0.00491801599354875,-0.00406597909624433,0.0650649094636691));
#6343=CARTESIAN_POINT('',(0.0047936343722579,-0.00396315563171499,0.0649740362759072));
#6344=CARTESIAN_POINT('',(0.00777951918606339,-0.00652570450653498,0.0673969270302277));
#6345=CARTESIAN_POINT('',(0.00766528922779939,-0.00642988699901899,0.0673099211501053));
#6346=CARTESIAN_POINT('',(0.00742073593250148,-0.00622475201144163,0.0671236496535133));
#6347=CARTESIAN_POINT('',(0.00704592672134965,-0.0059103392128963,0.0668381157519058));
#6348=CARTESIAN_POINT('',(0.0066549558283485,-0.00558238062052947,0.0665403037727028));
#6349=CARTESIAN_POINT('',(0.00626401446550401,-0.00525445794761701,0.0662425411068878));
#6350=CARTESIAN_POINT('',(0.00587313821174884,-0.00492653821406941,0.0659446913709968));
#6351=CARTESIAN_POINT('',(0.00548190704335236,-0.00459864654053457,0.065647495236543));
#6352=CARTESIAN_POINT('',(0.00510011483979571,-0.00427728857977987,0.065353531786393));
#6353=CARTESIAN_POINT('',(0.00484708255303043,-0.00406518964527593,0.0651612258629396));
#6354=CARTESIAN_POINT('',(0.00472442064477393,-0.00396238317848075,0.0650680372236273));
#6355=CARTESIAN_POINT('',(0.00758285241648475,-0.00650644076593138,0.0676659117001989));
#6356=CARTESIAN_POINT('',(0.00747152542890521,-0.00641091516097929,0.0675749566781503));
#6357=CARTESIAN_POINT('',(0.00723318482302548,-0.00620640435493318,0.0673802320034266));
#6358=CARTESIAN_POINT('',(0.00686783783063394,-0.00589292829797666,0.0670817819639276));
#6359=CARTESIAN_POINT('',(0.00648674891070376,-0.00556593569393421,0.066770442657523));
#6360=CARTESIAN_POINT('',(0.00610576031008828,-0.0052390243110461,0.0664591753939116));
#6361=CARTESIAN_POINT('',(0.00572459283706509,-0.00491199092104786,0.0661478402424755));
#6362=CARTESIAN_POINT('',(0.00534394876337901,-0.00458516962716494,0.0658362651591474));
#6363=CARTESIAN_POINT('',(0.00496925896381364,-0.00426448464792937,0.0655324983863063));
#6364=CARTESIAN_POINT('',(0.00472298993511458,-0.00405306152717151,0.0653309822448202));
#6365=CARTESIAN_POINT('',(0.0046036352847772,-0.00395058587485196,0.0652332909872298));
#6366=CARTESIAN_POINT('',(0.00749534768830648,-0.00649199722345401,0.067786385618973));
#6367=CARTESIAN_POINT('',(0.00738530350920938,-0.00639668321304934,0.0676936651051158));
#6368=CARTESIAN_POINT('',(0.00714970975369167,-0.00619262545201002,0.0674951601428712));
#6369=CARTESIAN_POINT('',(0.00678858605507926,-0.00587984494715216,0.0671909011465381));
#6370=CARTESIAN_POINT('',(0.00641190243300476,-0.00555358075302856,0.0668735012345152));
#6371=CARTESIAN_POINT('',(0.00603528344514393,-0.00522738993470423,0.0665562395672684));
#6372=CARTESIAN_POINT('',(0.00565863530929,-0.00490111567937599,0.0662386680777199));
#6373=CARTESIAN_POINT('',(0.00528178319511507,-0.00457487865658542,0.0659219381976417));
#6374=CARTESIAN_POINT('',(0.00491367314361632,-0.00425542238168771,0.0656088816956512));
#6375=CARTESIAN_POINT('',(0.0046699382732382,-0.0040443978642588,0.0654039147216288));
#6376=CARTESIAN_POINT('',(0.0045517866520124,-0.003942109649838,0.0653045883128291));
#6377=CARTESIAN_POINT('',(0.00734797063939724,-0.00645550022167561,0.067992814040637));
#6378=CARTESIAN_POINT('',(0.00724008554089173,-0.00636071874460335,0.0678970589951046));
#6379=CARTESIAN_POINT('',(0.00700911476748386,-0.00615780138880364,0.0676920571130437));
#6380=CARTESIAN_POINT('',(0.00665509331607821,-0.00584677699923135,0.0673778318765248));
#6381=CARTESIAN_POINT('',(0.00628581149097418,-0.00552234833993995,0.0670500717672995));
#6382=CARTESIAN_POINT('',(0.00591661888550678,-0.00519799618516316,0.0667223830961978));
#6383=CARTESIAN_POINT('',(0.00554731824433183,-0.00487355132214088,0.0663946144028005));
#6384=CARTESIAN_POINT('',(0.00517820443940972,-0.00454927308076563,0.0660669714737358));
#6385=CARTESIAN_POINT('',(0.00481607327887891,-0.00423111109193183,0.0657456589346593));
#6386=CARTESIAN_POINT('',(0.00457730105787795,-0.00402133971454766,0.0655337134818382));
#6387=CARTESIAN_POINT('',(0.00446156910427717,-0.0039196644905043,0.0654309831370422));
#6388=CARTESIAN_POINT('',(0.00728934553030305,-0.00643716928538109,0.0680762754251068));
#6389=CARTESIAN_POINT('',(0.00718231636441739,-0.00634265332823112,0.0679792955266731));
#6390=CARTESIAN_POINT('',(0.00695317838788856,-0.00614030460062141,0.0677716711705008));
#6391=CARTESIAN_POINT('',(0.00660197504651738,-0.00583015650062859,0.067453421236227));
#6392=CARTESIAN_POINT('',(0.00623560697924492,-0.00550663809692521,0.0671215170773875));
#6393=CARTESIAN_POINT('',(0.00586945952333131,-0.00518323054722577,0.0667894746185536));
#6394=CARTESIAN_POINT('',(0.00550270477326324,-0.00485959671577824,0.0664581291998024));
#6395=CARTESIAN_POINT('',(0.00513816357701972,-0.00453673532128492,0.0661240111834918));
#6396=CARTESIAN_POINT('',(0.00477286263438715,-0.00421759216499105,0.0658069789342194));
#6397=CARTESIAN_POINT('',(0.0045368442378839,-0.00400867897372486,0.0655911305747182));
#6398=CARTESIAN_POINT('',(0.0044225148882777,-0.00390744078780642,0.0654864143234025));
#6399=CARTESIAN_POINT('',(0.00719319705854173,-0.00639830854534654,0.0682170870391738));
#6400=CARTESIAN_POINT('',(0.00708757852625827,-0.00630436125768608,0.0681180319086763));
#6401=CARTESIAN_POINT('',(0.00686146047772731,-0.0061032301489822,0.0679059651614696));
#6402=CARTESIAN_POINT('',(0.00651488350375092,-0.00579495252440813,0.0675809184917206));
#6403=CARTESIAN_POINT('',(0.00615337528805467,-0.00547338806731612,0.067241900958315));
#6404=CARTESIAN_POINT('',(0.00579196450819878,-0.00515193141500381,0.0669028591212263));
#6405=CARTESIAN_POINT('',(0.00543038733591472,-0.00483024969348279,0.0665641043136087));
#6406=CARTESIAN_POINT('',(0.0050693710595787,-0.00450936000603875,0.066224274844337));
#6407=CARTESIAN_POINT('',(0.00471358979269303,-0.00419203638719299,0.0658951233768831));
#6408=CARTESIAN_POINT('',(0.00448000054884497,-0.00398438815673737,0.0656754354524517));
#6409=CARTESIAN_POINT('',(0.00436679471464537,-0.00388376400604691,0.0655689163163234));
#6410=CARTESIAN_POINT('',(0.00715918309878651,-0.00638254451933169,0.0682678689491972));
#6411=CARTESIAN_POINT('',(0.00705406457334185,-0.00628882833045296,0.0681680649304057));
#6412=CARTESIAN_POINT('',(0.00682901652669838,-0.00608819180626464,0.0679543957172259));
#6413=CARTESIAN_POINT('',(0.0064840673558102,-0.00578066763485917,0.0676269148156447));
#6414=CARTESIAN_POINT('',(0.00612429527312899,-0.00545990309941234,0.0672853056797336));
#6415=CARTESIAN_POINT('',(0.00576448390060987,-0.00513919691602102,0.0669438591883417));
#6416=CARTESIAN_POINT('',(0.0054049976213032,-0.00481843961825106,0.0666020327098217));
#6417=CARTESIAN_POINT('',(0.00504432452147116,-0.00449786795028631,0.0662614884423672));
#6418=CARTESIAN_POINT('',(0.00469516699430007,-0.00418301955566361,0.065923135211975));
#6419=CARTESIAN_POINT('',(0.00446197520473967,-0.00397563888521359,0.0657027495484951));
#6420=CARTESIAN_POINT('',(0.00434890641762972,-0.00387512531065409,0.0655959674185344));
#6421=CARTESIAN_POINT('',(0.00711518792551049,-0.0063583717741275,0.0683362915731217));
#6422=CARTESIAN_POINT('',(0.00701070941144939,-0.00626500752030299,0.0682354897861409));
#6423=CARTESIAN_POINT('',(0.00678703285983633,-0.00606512518003731,0.0680196826144121));
#6424=CARTESIAN_POINT('',(0.00644422033548569,-0.00575877632702657,0.0676888758216484));
#6425=CARTESIAN_POINT('',(0.00608658038797681,-0.00543918471898803,0.0673439418274605));
#6426=CARTESIAN_POINT('',(0.00572925012075095,-0.0051198416477288,0.0669986382488493));
#6427=CARTESIAN_POINT('',(0.00537099012887152,-0.00479976483164873,0.0666548767106859));
#6428=CARTESIAN_POINT('',(0.0050160740893301,-0.00448232995974999,0.0663053905442011));
#6429=CARTESIAN_POINT('',(0.00465608103240245,-0.00416162540321805,0.0659837834187217));
#6430=CARTESIAN_POINT('',(0.00442617704211452,-0.00395603507775207,0.0657582972233498));
#6431=CARTESIAN_POINT('',(0.00431484793814355,-0.00385646842532013,0.0656488168209408));
#6432=CARTESIAN_POINT('',(0.00708942896755261,-0.00634167462555466,0.0683783642662556));
#6433=CARTESIAN_POINT('',(0.00698532984792735,-0.0062485558214267,0.0682769425263851));
#6434=CARTESIAN_POINT('',(0.00676246558754504,-0.00604919898614236,0.0680598081241673));
#6435=CARTESIAN_POINT('',(0.0064208993609508,-0.00574365620690381,0.0677269676552959));
#6436=CARTESIAN_POINT('',(0.00606455382526971,-0.00542490651420056,0.0673799113407272));
#6437=CARTESIAN_POINT('',(0.00570853628475293,-0.00510639874482259,0.067032485984451));
#6438=CARTESIAN_POINT('',(0.00535152204849834,-0.00478718675713639,0.0666866044286239));
#6439=CARTESIAN_POINT('',(0.00499807122097742,-0.00447047603741108,0.0663350041732796));
#6440=CARTESIAN_POINT('',(0.0046387353572172,-0.00415101519960357,0.0660112725473831));
#6441=CARTESIAN_POINT('',(0.0044097584918347,-0.00394590928107536,0.0657844260915868));
#6442=CARTESIAN_POINT('',(0.00429888567718083,-0.00384657271821926,0.0656742869439948));
#6443=CARTESIAN_POINT('',(0.00705602708758484,-0.00631834873188796,0.0684333299255889));
#6444=CARTESIAN_POINT('',(0.00695242123116576,-0.00622557456782163,0.0683311001578953));
#6445=CARTESIAN_POINT('',(0.00673061218464658,-0.0060269550129395,0.0681122371696764));
#6446=CARTESIAN_POINT('',(0.00639064177525659,-0.00572252746812788,0.0677767822238244));
#6447=CARTESIAN_POINT('',(0.0060360236255601,-0.00540498325538772,0.0674268738977364));
#6448=CARTESIAN_POINT('',(0.00568148555817494,-0.0050875107133215,0.0670770447016228));
#6449=CARTESIAN_POINT('',(0.0053268639108673,-0.00476996273789872,0.0667271323964595));
#6450=CARTESIAN_POINT('',(0.0049723280201303,-0.00445249302969189,0.0663773054491249));
#6451=CARTESIAN_POINT('',(0.00462474727839781,-0.00414125036851054,0.0660343416108516));
#6452=CARTESIAN_POINT('',(0.00439542358914201,-0.00393590178620081,0.0658080637683785));
#6453=CARTESIAN_POINT('',(0.00428426926632808,-0.00383636832006569,0.0656983857789877));
#6454=CARTESIAN_POINT('',(0.006712749772771,-0.00521927587343747,0.0656305130314));
#6455=CARTESIAN_POINT('',(0.000147046865033588,-0.000121777878967398,0.0858470476193733));
#6456=CARTESIAN_POINT('',(0.00879419374825789,-0.00596311568536935,0.066668745571534));
#6457=CARTESIAN_POINT('',(0.00864783251656524,-0.0058638724122034,0.0665822408631961));
#6458=CARTESIAN_POINT('',(0.00835510340077391,-0.00566538135506944,0.066409227514711));
#6459=CARTESIAN_POINT('',(0.00791586550674522,-0.00536754482237257,0.0661496185348107));
#6460=CARTESIAN_POINT('',(0.00747668516663035,-0.00506974851061587,0.0658900459165785));
#6461=CARTESIAN_POINT('',(0.00703775028688752,-0.00477212222021638,0.0656306227872856));
#6462=CARTESIAN_POINT('',(0.0065981265312406,-0.00447401820576439,0.0653707786078168));
#6463=CARTESIAN_POINT('',(0.006159247565858,-0.00417642857714493,0.0651113868099339));
#6464=CARTESIAN_POINT('',(0.00571999103999096,-0.00387858309948985,0.0648517731473773));
#6465=CARTESIAN_POINT('',(0.00542725208448159,-0.00368008458546031,0.0646787525145318));
#6466=CARTESIAN_POINT('',(0.00528086656693227,-0.00358082445228662,0.0645922327179378));
#6467=CARTESIAN_POINT('',(0.0081887086955313,-0.00475939965273375,0.0684335551915098));
#6468=CARTESIAN_POINT('',(0.00806845309167843,-0.00468950506531706,0.068331306453496));
#6469=CARTESIAN_POINT('',(0.00781101612302829,-0.00453987839435453,0.0681124176652042));
#6470=CARTESIAN_POINT('',(0.0074164776145427,-0.00431056713085601,0.0677769570790304));
#6471=CARTESIAN_POINT('',(0.0070049339771789,-0.00407137165438226,0.0674270375728336));
#6472=CARTESIAN_POINT('',(0.00659345064793167,-0.00383221077944296,0.0670771689826652));
#6473=CARTESIAN_POINT('',(0.0061819604165269,-0.00359304797489652,0.0667272957042225));
#6474=CARTESIAN_POINT('',(0.00577048801298525,-0.00335389273673076,0.0663774358947212));
#6475=CARTESIAN_POINT('',(0.00536685467099874,-0.00311929554364562,0.0660342431698522));
#6476=CARTESIAN_POINT('',(0.00510043653820177,-0.00296444910955628,0.0658077181087599));
#6477=CARTESIAN_POINT('',(0.00497115588781838,-0.00288930914208739,0.0656977957486634));
#6478=CARTESIAN_POINT('',(0.00821758438805567,-0.00478120513136392,0.0683847027185622));
#6479=CARTESIAN_POINT('',(0.00809691087355436,-0.00471099497475579,0.0682831599392077));
#6480=CARTESIAN_POINT('',(0.00783857523752833,-0.00456068962293863,0.068065790759331));
#6481=CARTESIAN_POINT('',(0.00744255237050461,-0.00433025506479071,0.067732880622114));
#6482=CARTESIAN_POINT('',(0.00702994396134545,-0.00409025577904378,0.0673847553826842));
#6483=CARTESIAN_POINT('',(0.00661555021977718,-0.00384889554857074,0.0670398361161739));
#6484=CARTESIAN_POINT('',(0.00620349550908038,-0.00360930679984092,0.066690904408348));
#6485=CARTESIAN_POINT('',(0.00579037883331709,-0.00336890621021108,0.0663438816602985));
#6486=CARTESIAN_POINT('',(0.00538536796648016,-0.00313327979585477,0.0660028609116578));
#6487=CARTESIAN_POINT('',(0.00511801816817615,-0.0029777288958033,0.0657779229892592));
#6488=CARTESIAN_POINT('',(0.00498828511903412,-0.00290224674269028,0.0656687728743245));
#6489=CARTESIAN_POINT('',(0.00823789821255158,-0.00479757265876552,0.0683490652149476));
#6490=CARTESIAN_POINT('',(0.00811693434269077,-0.00472713018721248,0.0682480321114719));
#6491=CARTESIAN_POINT('',(0.00785797211347025,-0.00457632220653215,0.0680317642497666));
#6492=CARTESIAN_POINT('',(0.00746085553503195,-0.00434497632336295,0.0677008140943332));
#6493=CARTESIAN_POINT('',(0.00704774303417433,-0.0041046843618569,0.0673534661328728));
#6494=CARTESIAN_POINT('',(0.006630421228269,-0.00386053943829393,0.0670140992332187));
#6495=CARTESIAN_POINT('',(0.00622259234812343,-0.00362512090874083,0.0666570617738374));
#6496=CARTESIAN_POINT('',(0.00580685572313672,-0.00338237982826638,0.066314873101778));
#6497=CARTESIAN_POINT('',(0.00540101732803755,-0.00314613123003037,0.065975201628747));
#6498=CARTESIAN_POINT('',(0.00513286423688241,-0.00298991504860462,0.0657516970921194));
#6499=CARTESIAN_POINT('',(0.00500273790535482,-0.00291410661731925,0.0656432498835194));
#6500=CARTESIAN_POINT('',(0.00828017266222937,-0.00483638093877833,0.0682707779595619));
#6501=CARTESIAN_POINT('',(0.00815856720270395,-0.00476534742870852,0.0681709401966365));
#6502=CARTESIAN_POINT('',(0.00789824757003382,-0.00461328977280382,0.0679572010546478));
#6503=CARTESIAN_POINT('',(0.00749947839067467,-0.00438044337966037,0.0676293228766758));
#6504=CARTESIAN_POINT('',(0.00708275902120108,-0.00413676241080898,0.0672887015207979));
#6505=CARTESIAN_POINT('',(0.00666886187511753,-0.00389604476965784,0.0669428626389468));
#6506=CARTESIAN_POINT('',(0.00624925545356963,-0.00364936739538746,0.0666078320078269));
#6507=CARTESIAN_POINT('',(0.00583427552851249,-0.00340744259516552,0.0662642408479862));
#6508=CARTESIAN_POINT('',(0.00542581774904545,-0.00316877471259362,0.0659293389284871));
#6509=CARTESIAN_POINT('',(0.005156512673459,-0.00301150676389223,0.0657079811508095));
#6510=CARTESIAN_POINT('',(0.00502583514751155,-0.00293519533768198,0.065600562108903));
#6511=CARTESIAN_POINT('',(0.00830321480920281,-0.00486097397571704,0.0682250572998424));
#6512=CARTESIAN_POINT('',(0.00818128100639262,-0.00478958892207284,0.0681258770707476));
#6513=CARTESIAN_POINT('',(0.00792025300696233,-0.00463677307823255,0.0679135555968575));
#6514=CARTESIAN_POINT('',(0.00752025279634396,-0.00440261517129419,0.0675881175261258));
#6515=CARTESIAN_POINT('',(0.00710285582594808,-0.0041582000653203,0.0672488715515927));
#6516=CARTESIAN_POINT('',(0.00668602360898859,-0.00391438572662895,0.0669087766217022));
#6517=CARTESIAN_POINT('',(0.00626726738054739,-0.00366842925696245,0.0665722992480984));
#6518=CARTESIAN_POINT('',(0.00585058614243041,-0.00342474545492676,0.0662320428442119));
#6519=CARTESIAN_POINT('',(0.0054411130961408,-0.00318499612564197,0.0658991134576044));
#6520=CARTESIAN_POINT('',(0.00517103569781944,-0.00302690959899614,0.0656792933756976));
#6521=CARTESIAN_POINT('',(0.00503998201496144,-0.00295019953547823,0.0655726236994784));
#6522=CARTESIAN_POINT('',(0.00835438120215277,-0.00492048921060497,0.0681183827189174));
#6523=CARTESIAN_POINT('',(0.00823170739522105,-0.00484824084207549,0.0680207591177986));
#6524=CARTESIAN_POINT('',(0.00796909008208991,-0.00469357116765484,0.0678117787813792));
#6525=CARTESIAN_POINT('',(0.00756651711930628,-0.0044564207661022,0.0674916950114643));
#6526=CARTESIAN_POINT('',(0.00714696596958891,-0.0042095050147976,0.0671569421377551));
#6527=CARTESIAN_POINT('',(0.006726035300866,-0.00396088733857637,0.0668254703384767));
#6528=CARTESIAN_POINT('',(0.00630821268486122,-0.0037159789145011,0.0664870026185381));
#6529=CARTESIAN_POINT('',(0.00588791427844275,-0.00346808826981921,0.0661543603603577));
#6530=CARTESIAN_POINT('',(0.00547605259454298,-0.00322557146579475,0.0658263512875293));
#6531=CARTESIAN_POINT('',(0.00520422985418277,-0.00306545174357432,0.0656101937036988));
#6532=CARTESIAN_POINT('',(0.00507232695150096,-0.00298775226613284,0.065505306888648));
#6533=CARTESIAN_POINT('',(0.00838245035580452,-0.00495742805096138,0.0680553306683911));
#6534=CARTESIAN_POINT('',(0.00825936304137426,-0.00488463459480702,0.0679586438131404));
#6535=CARTESIAN_POINT('',(0.00799586276139926,-0.00472880098462798,0.0677516621729194));
#6536=CARTESIAN_POINT('',(0.00759199641102337,-0.00448994550633896,0.0674344648778237));
#6537=CARTESIAN_POINT('',(0.00717076380770511,-0.00424085945809882,0.0671034536526909));
#6538=CARTESIAN_POINT('',(0.00674943963288111,-0.00399155912062647,0.066773045268232));
#6539=CARTESIAN_POINT('',(0.00632875522830556,-0.0037432375490866,0.0664406212577928));
#6540=CARTESIAN_POINT('',(0.00590746728987858,-0.00349393679109531,0.0661103281290801));
#6541=CARTESIAN_POINT('',(0.00549414608445646,-0.00324951330725049,0.065785597856295));
#6542=CARTESIAN_POINT('',(0.00522143560851691,-0.00308821656187622,0.0655714473026899));
#6543=CARTESIAN_POINT('',(0.00508910295184595,-0.00300994703162141,0.0654675322808801));
#6544=CARTESIAN_POINT('',(0.0084685339663646,-0.00508241732368794,0.0678488411240438));
#6545=CARTESIAN_POINT('',(0.00834418917285768,-0.00500779188433996,0.0677551933849722));
#6546=CARTESIAN_POINT('',(0.00807799433435088,-0.00484803436080648,0.0675547166674266));
#6547=CARTESIAN_POINT('',(0.00766992890765915,-0.00460310941050367,0.0672474603864897));
#6548=CARTESIAN_POINT('',(0.00724441357756089,-0.00434781314139122,0.0669267508717159));
#6549=CARTESIAN_POINT('',(0.00681867367705825,-0.00409202240633014,0.0666069778235007));
#6550=CARTESIAN_POINT('',(0.00639400138741493,-0.00383822155249691,0.0662838595578438));
#6551=CARTESIAN_POINT('',(0.00596827987008546,-0.00358238750284934,0.0659642778994549));
#6552=CARTESIAN_POINT('',(0.00555075307043435,-0.00333184453194539,0.0656497258945023));
#6553=CARTESIAN_POINT('',(0.00527522913725105,-0.00316645283659647,0.0654423345091941));
#6554=CARTESIAN_POINT('',(0.00514153072875902,-0.0030861954573563,0.0653416999607209));
#6555=CARTESIAN_POINT('',(0.00852236491191509,-0.00518382242490462,0.0676936962958961));
#6556=CARTESIAN_POINT('',(0.0083972274231217,-0.00510770472795096,0.0676023312663487));
#6557=CARTESIAN_POINT('',(0.00812933394342693,-0.00494475160131077,0.0674067394405398));
#6558=CARTESIAN_POINT('',(0.00771862054666621,-0.00469490111379984,0.0671069212962976));
#6559=CARTESIAN_POINT('',(0.00729036769111634,-0.0044344528587158,0.0667941320447856));
#6560=CARTESIAN_POINT('',(0.00686204174890262,-0.00417378389260321,0.0664817176212706));
#6561=CARTESIAN_POINT('',(0.00643408290659815,-0.0039139607388051,0.0661680486122582));
#6562=CARTESIAN_POINT('',(0.00600581075875411,-0.00365328166036898,0.0658557784665894));
#6563=CARTESIAN_POINT('',(0.00558567242833555,-0.00339779612438702,0.0655488524329616));
#6564=CARTESIAN_POINT('',(0.00530841017947614,-0.0032291267558946,0.0653464612104774));
#6565=CARTESIAN_POINT('',(0.00517386804779774,-0.00314727866275536,0.0652482525628464));
#6566=CARTESIAN_POINT('',(0.00860903996476082,-0.00538272822106698,0.0673980355934545));
#6567=CARTESIAN_POINT('',(0.00848261871580783,-0.00530368596616836,0.0673109939210419));
#6568=CARTESIAN_POINT('',(0.00821198085890933,-0.00513447604538136,0.067124656413449));
#6569=CARTESIAN_POINT('',(0.007797163413767,-0.00487514164575248,0.0668389971366373));
#6570=CARTESIAN_POINT('',(0.00736449294310988,-0.00460457744427912,0.0665412177571173));
#6571=CARTESIAN_POINT('',(0.00693192978508571,-0.00433425534723704,0.0662430699139608));
#6572=CARTESIAN_POINT('',(0.00649909727556137,-0.00406314216485006,0.0659462965437119));
#6573=CARTESIAN_POINT('',(0.0060666774106605,-0.00379295515588577,0.0656481429440716));
#6574=CARTESIAN_POINT('',(0.00564217759631454,-0.003527469885663,0.0653560549487017));
#6575=CARTESIAN_POINT('',(0.00536211002124642,-0.0033523816192132,0.0651631828491848));
#6576=CARTESIAN_POINT('',(0.00522620758659874,-0.00326742118208344,0.0650695896811064));
#6577=CARTESIAN_POINT('',(0.00864308400106765,-0.00548354933598777,0.0672536697187075));
#6578=CARTESIAN_POINT('',(0.00851615432869244,-0.00540301935432153,0.0671687425565599));
#6579=CARTESIAN_POINT('',(0.00824443113170014,-0.00523062748533448,0.0669869331416842));
#6580=CARTESIAN_POINT('',(0.00782803190469497,-0.0049664936970099,0.0667082522564862));
#6581=CARTESIAN_POINT('',(0.0073936352615502,-0.00469083507681413,0.0664177338975764));
#6582=CARTESIAN_POINT('',(0.00695934135313897,-0.00441548212903074,0.0661267932815687));
#6583=CARTESIAN_POINT('',(0.00652486816232924,-0.00413919169033489,0.0658374075777205));
#6584=CARTESIAN_POINT('',(0.00609068744135114,-0.00386396298016441,0.0655464257632569));
#6585=CARTESIAN_POINT('',(0.00566450608434287,-0.00359348162514011,0.0652615258065834));
#6586=CARTESIAN_POINT('',(0.00538332175130508,-0.00341511235345246,0.0650733336670596));
#6587=CARTESIAN_POINT('',(0.00524687731178107,-0.00332856001868421,0.0649820105982037));
#6588=CARTESIAN_POINT('',(0.00869968604755295,-0.00569373220225399,0.0669575856845363));
#6589=CARTESIAN_POINT('',(0.00857192819001962,-0.005610115636224,0.0668770131394835));
#6590=CARTESIAN_POINT('',(0.00829843300735935,-0.00543111706288898,0.0667045263851462));
#6591=CARTESIAN_POINT('',(0.00787934337687694,-0.00515688190452115,0.0664401469496374));
#6592=CARTESIAN_POINT('',(0.0074421081127052,-0.00487067296716146,0.0661644828315038));
#6593=CARTESIAN_POINT('',(0.00700501940627569,-0.00458474645466343,0.0658885876207893));
#6594=CARTESIAN_POINT('',(0.00656767547360226,-0.00429807189911828,0.065613534822231));
#6595=CARTESIAN_POINT('',(0.00613068291665006,-0.00401224523824547,0.0653376174411526));
#6596=CARTESIAN_POINT('',(0.00570161509464609,-0.00373131461428829,0.0650672695074328));
#6597=CARTESIAN_POINT('',(0.00541860850790704,-0.00354611785780973,0.0648887367136763));
#6598=CARTESIAN_POINT('',(0.00528128093440702,-0.00345625339569416,0.0648021016227144));
#6599=CARTESIAN_POINT('',(0.00872232447006387,-0.00580333260624882,0.0668057102719718));
#6600=CARTESIAN_POINT('',(0.00859424243681096,-0.00571811159041306,0.0667273778631588));
#6601=CARTESIAN_POINT('',(0.00832005229633112,-0.00553567706670661,0.0665596864840777));
#6602=CARTESIAN_POINT('',(0.00789987155023537,-0.00525614344792818,0.0663026511480264));
#6603=CARTESIAN_POINT('',(0.00746151154116058,-0.00496446001570427,0.0660345826243377));
#6604=CARTESIAN_POINT('',(0.00702335160353268,-0.00467297981823501,0.0657665288936253));
#6605=CARTESIAN_POINT('',(0.00658477972497505,-0.00438107879969208,0.0654984445460858));
#6606=CARTESIAN_POINT('',(0.00614675230361937,-0.00408970456097356,0.0652304445348933));
#6607=CARTESIAN_POINT('',(0.00571646295411712,-0.00380330286381476,0.0649674463957529));
#6608=CARTESIAN_POINT('',(0.00543274745461031,-0.0036145501233535,0.064793899028116));
#6609=CARTESIAN_POINT('',(0.00529507719600843,-0.00352296085064468,0.0647096849555233));
#6610=CARTESIAN_POINT('',(0.00874002791887265,-0.00592638741902128,0.0666367316332191));
#6611=CARTESIAN_POINT('',(0.00861172162468741,-0.00583938666645269,0.0665608980286651));
#6612=CARTESIAN_POINT('',(0.00833704215159945,-0.00565313446129405,0.0663985525193664));
#6613=CARTESIAN_POINT('',(0.00791586550674522,-0.00536754482237257,0.0661496185348107));
#6614=CARTESIAN_POINT('',(0.00747668516663035,-0.00506974851061587,0.0658900459165785));
#6615=CARTESIAN_POINT('',(0.00703775028688752,-0.00477212222021638,0.0656306227872856));
#6616=CARTESIAN_POINT('',(0.0065981265312406,-0.00447401820576439,0.0653707786078168));
#6617=CARTESIAN_POINT('',(0.006159247565858,-0.00417642857714493,0.0651113868099339));
#6618=CARTESIAN_POINT('',(0.00572840956628519,-0.00388429142671459,0.0648567487466362));
#6619=CARTESIAN_POINT('',(0.00544408465898487,-0.00369149830586211,0.0646887012482464));
#6620=CARTESIAN_POINT('',(0.00530611533447509,-0.00359794497116142,0.0646071557666539));
#6621=CARTESIAN_POINT('',(-7.74387010911514E-7,1.33164530772256E-19,0.0658134199218398));
#6622=CARTESIAN_POINT('',(-1.26098455002256E-6,2.16840434497101E-19,0.0685420332613903));
#6623=CARTESIAN_POINT('',(0.00913855343082608,-0.00196975582881785,0.0685381526740831));
#6624=CARTESIAN_POINT('',(0.00930010263559497,-0.000951029150789575,0.0685383583700981));
#6625=CARTESIAN_POINT('',(-1.24945292990875E-9,-5.79749556573335E-9,0.0614710166866997));
#6626=CARTESIAN_POINT('',(0.00561425795956138,-0.0012101174473813,0.0658125806540952));
#6627=CARTESIAN_POINT('',(-7.74387010911514E-7,1.33164530772256E-19,0.0658134199218398));
#6628=CARTESIAN_POINT('',(0.00571340051409103,-0.000584246202024476,0.0658126018701699));
#6629=CARTESIAN_POINT('',(0.00930011737522096,-0.000951016284498836,0.0685383407051228));
#6630=CARTESIAN_POINT('',(-1.27634307477962E-6,2.18958016865236E-19,0.0686281567457065));
#6631=CARTESIAN_POINT('',(0.00913753228335665,-0.00196955075994311,0.0685373651965879));
#6632=CARTESIAN_POINT('',(0.00921867498242625,-0.0019870187848645,0.0684037217079969));
#6633=CARTESIAN_POINT('',(0.0085498457299105,-0.00377825876478558,0.0685372609331354));
#6634=CARTESIAN_POINT('',(0.00880178736496552,-0.0031952248592697,0.0685456555823155));
#6635=CARTESIAN_POINT('',(0.00899866208407004,-0.00258931066270913,0.0685456886460509));
#6636=CARTESIAN_POINT('',(0.00913753457107412,-0.0019695380983202,0.0685373658912872));
#6637=CARTESIAN_POINT('',(0.00862577434025782,-0.00381178370534977,0.06840361598502));
#6638=CARTESIAN_POINT('',(0.0086257694410258,-0.00381179479353396,0.0684036159841305));
#6639=CARTESIAN_POINT('',(0.0099082977907946,-0.00357977837557538,0.0666249106527448));
#6640=CARTESIAN_POINT('',(0.0096880794999899,-0.00367205645427489,0.0669079089389627));
#6641=CARTESIAN_POINT('',(0.00924584742834765,-0.00382236571179089,0.0674831209623871));
#6642=CARTESIAN_POINT('',(0.00881554299617546,-0.00386661667318993,0.068088441824866));
#6643=CARTESIAN_POINT('',(0.00862576926891536,-0.00381179545907546,0.0684036158044643));
#6644=CARTESIAN_POINT('',(0.00990829776024967,-0.00357977836454442,0.0666249107050358));
#6645=CARTESIAN_POINT('',(0.00990814142843803,-0.00357972148559927,0.0666251785642435));
#6646=CARTESIAN_POINT('',(0.00998589440638054,-0.00336493725851676,0.0666249492186901));
#6647=CARTESIAN_POINT('',(0.0100564244058863,-0.0031478068899621,0.0666249923747244));
#6648=CARTESIAN_POINT('',(0.0101197291764943,-0.00292832964965418,0.0666253118534499));
#6649=CARTESIAN_POINT('',(0.0101199461748317,-0.00292839171038209,0.0666249484486018));
#6650=CARTESIAN_POINT('',(0.0092186745512394,-0.00198702083320413,0.0684037216917706));
#6651=CARTESIAN_POINT('',(0.00940419523236473,-0.00205409295551389,0.068088960426112));
#6652=CARTESIAN_POINT('',(0.00972660800008959,-0.00234336630911948,0.0674829540938131));
#6653=CARTESIAN_POINT('',(0.00999602534652562,-0.00272433515562678,0.0669079451266289));
#6654=CARTESIAN_POINT('',(0.0101199450722778,-0.00292839139146502,0.0666249502966445));
#6655=CARTESIAN_POINT('',(-7.83818880698028E-7,1.34254722139807E-19,0.0658663094735696));
#6656=CARTESIAN_POINT('',(0.00566130909695392,-0.00122025085308218,0.0657284806687972));
#6657=CARTESIAN_POINT('',(0.00589040621612271,-0.00130307220095038,0.0653397877951293));
#6658=CARTESIAN_POINT('',(0.00606248048532373,-0.00154753135432417,0.0649839547583729));
#6659=CARTESIAN_POINT('',(0.00621478605202439,-0.00179836643096202,0.064636118826549));
#6660=CARTESIAN_POINT('',(0.00566130852854485,-0.00122025349156759,0.0657284806683493));
#6661=CARTESIAN_POINT('',(0.00621478940470258,-0.00179836740074068,0.0646361132069642));
#6662=CARTESIAN_POINT('',(0.00608518013263388,-0.00219850589567508,0.0646354720881454));
#6663=CARTESIAN_POINT('',(0.00613239755947511,-0.0020664275621501,0.0646362325274552));
#6664=CARTESIAN_POINT('',(0.00617560699976456,-0.00193304994846337,0.0646364356820747));
#6665=CARTESIAN_POINT('',(0.00621480748365161,-0.00179837274249878,0.0646360828536924));
#6666=CARTESIAN_POINT('',(0.00608481761347433,-0.00219837985449206,0.0646360900289078));
#6667=CARTESIAN_POINT('',(0.00608481307394717,-0.00219837821512382,0.0646360978002753));
#6668=CARTESIAN_POINT('',(0.00581442873584747,-0.00231169515517323,0.064983554230961));
#6669=CARTESIAN_POINT('',(0.0055298426398436,-0.00240808722514344,0.0653420356420232));
#6670=CARTESIAN_POINT('',(0.00529719649758589,-0.00234087419481428,0.0657284161529659));
#6671=CARTESIAN_POINT('',(0.00529719630992778,-0.00234087485816703,0.0657284159976223));
#6672=CARTESIAN_POINT('',(0.00529720122480883,-0.00234086373456757,0.0657284159985152));
#6673=CARTESIAN_POINT('',(0.00528162426600312,-0.0023339833703381,0.0657558353326122));
#6674=CARTESIAN_POINT('',(0.00526604730719741,-0.00232710300610864,0.0657832546667093));
#6675=CARTESIAN_POINT('',(0.0052504703483917,-0.00232022264187917,0.0658106740008063));
#6676=CARTESIAN_POINT('',(0.00561708221456457,-0.00121073043328403,0.065814421762283));
#6677=CARTESIAN_POINT('',(0.00553482280129099,-0.00158977433378296,0.0658144070928436));
#6678=CARTESIAN_POINT('',(0.0054120396242157,-0.00196776147129773,0.0658143851967431));
#6679=CARTESIAN_POINT('',(0.00525585347909354,-0.00232260209889434,0.0658143573438433));
#6680=CARTESIAN_POINT('',(0.00561136212909134,-0.00120950423912437,0.0658107422788234));
#6681=CARTESIAN_POINT('',(0.00562801010769617,-0.00121309113372493,0.0657833217418585));
#6682=CARTESIAN_POINT('',(0.005644658086301,-0.0012166780283255,0.0657559012048936));
#6683=CARTESIAN_POINT('',(0.00566130606490583,-0.00122026492292606,0.0657284806679287));
#6684=CARTESIAN_POINT('',(0.007408628171023,-0.00159689207140803,0.0671205526862163));
#6685=CARTESIAN_POINT('',(0.00745495188554469,-0.00160686039967707,0.067077351576288));
#6686=CARTESIAN_POINT('',(0.00693180870974254,-0.00306321466400973,0.0671211445496897));
#6687=CARTESIAN_POINT('',(0.00697551206738916,-0.00308253442467204,0.0670772913609934));
#6688=CARTESIAN_POINT('',(0.00993142322056515,-0.00358813100547787,0.066636941471887));
#6689=CARTESIAN_POINT('',(0.00978563473400071,-0.00353545857569276,0.0665611085484969));
#6690=CARTESIAN_POINT('',(0.00947351423521125,-0.00342269150781586,0.0663987568090142));
#6691=CARTESIAN_POINT('',(0.00899504335761521,-0.00324982404325289,0.0661498758908227));
#6692=CARTESIAN_POINT('',(0.00849594105705712,-0.00306950289567646,0.0658902632137885));
#6693=CARTESIAN_POINT('',(0.00799703258396806,-0.00288924981147266,0.0656307532058415));
#6694=CARTESIAN_POINT('',(0.00749775140739234,-0.00270886732674014,0.0653710446196118));
#6695=CARTESIAN_POINT('',(0.00699888610224329,-0.00252863065432682,0.0651115559199791));
#6696=CARTESIAN_POINT('',(0.00650963706638198,-0.00235186748013368,0.0648570711806436));
#6697=CARTESIAN_POINT('',(0.00618689223006066,-0.00223526256964786,0.0646891924291549));
#6698=CARTESIAN_POINT('',(0.00603045688123602,-0.00217874385081172,0.0646078210910696));
#6699=CARTESIAN_POINT('',(0.00982247488118742,-0.00364587420694979,0.0668049198837141));
#6700=CARTESIAN_POINT('',(0.00967826816698138,-0.00359233677945576,0.0667265859896678));
#6701=CARTESIAN_POINT('',(0.00936953634512558,-0.0034777201598875,0.0665588846445));
#6702=CARTESIAN_POINT('',(0.00889631973170408,-0.00330207941269622,0.0663019293529433));
#6703=CARTESIAN_POINT('',(0.00840267776405123,-0.00311884459047983,0.0660338519510905));
#6704=CARTESIAN_POINT('',(0.0079090471178822,-0.00293565837619468,0.065765884773036));
#6705=CARTESIAN_POINT('',(0.00741546190015652,-0.00275241817923759,0.0654977728214102));
#6706=CARTESIAN_POINT('',(0.00692209258465008,-0.00256924012695945,0.0652297442334407));
#6707=CARTESIAN_POINT('',(0.0064377617734342,-0.00238960873922814,0.0649670584220029));
#6708=CARTESIAN_POINT('',(0.00611860693862545,-0.00227112119340705,0.0647936912145296));
#6709=CARTESIAN_POINT('',(0.0059639165111689,-0.00221369008810326,0.0647096585083254));
#6710=CARTESIAN_POINT('',(0.00972689427027795,-0.00369009265632339,0.0669470913271946));
#6711=CARTESIAN_POINT('',(0.00958407469823648,-0.00363590535092762,0.0668666707258134));
#6712=CARTESIAN_POINT('',(0.00927831221174317,-0.00351989685483123,0.0666945012579828));
#6713=CARTESIAN_POINT('',(0.00880963644773975,-0.00334210793607242,0.0664306788434773));
#6714=CARTESIAN_POINT('',(0.00832081287398218,-0.00315665987636175,0.0661554741932036));
#6715=CARTESIAN_POINT('',(0.00783194941436256,-0.0029712281727348,0.0658803214375404));
#6716=CARTESIAN_POINT('',(0.00734328275626081,-0.00278580518349608,0.0656051258233322));
#6717=CARTESIAN_POINT('',(0.00685458956307421,-0.00260039140486744,0.0653299492252052));
#6718=CARTESIAN_POINT('',(0.00637519793019904,-0.0024186012131059,0.0650602592869137));
#6719=CARTESIAN_POINT('',(0.00605909552925273,-0.0022986720556494,0.0648822741895538));
#6720=CARTESIAN_POINT('',(0.00590588174431286,-0.00224054195201632,0.0647960032145578));
#6721=CARTESIAN_POINT('',(0.00952534944310587,-0.00376773553378776,0.0672407854004858));
#6722=CARTESIAN_POINT('',(0.00938546911221335,-0.00371241254895488,0.0671560714452296));
#6723=CARTESIAN_POINT('',(0.00908600256114778,-0.00359397167674993,0.066974706257927));
#6724=CARTESIAN_POINT('',(0.00862706532403963,-0.00341242782065254,0.0666966802045287));
#6725=CARTESIAN_POINT('',(0.00814836519253111,-0.0032230807981645,0.0664067226585295));
#6726=CARTESIAN_POINT('',(0.00766968071667255,-0.00303371657692542,0.0661167030606737));
#6727=CARTESIAN_POINT('',(0.00719111363042517,-0.00284444451715082,0.0658268997885707));
#6728=CARTESIAN_POINT('',(0.00671243749052452,-0.00265513736511482,0.0655370298314135));
#6729=CARTESIAN_POINT('',(0.00624333897608441,-0.00246947415537916,0.0652525864636914));
#6730=CARTESIAN_POINT('',(0.0059337364170204,-0.00234702736790965,0.0650650905985522));
#6731=CARTESIAN_POINT('',(0.00578366906109181,-0.00228767748388568,0.0649742128302164));
#6732=CARTESIAN_POINT('',(0.00941526426607811,-0.0038019836342514,0.0673972187349991));
#6733=CARTESIAN_POINT('',(0.00927701664142832,-0.00374615956183384,0.0673102085717717));
#6734=CARTESIAN_POINT('',(0.00898104406548654,-0.00362664598320012,0.0671239279055056));
#6735=CARTESIAN_POINT('',(0.0085274229180012,-0.00344345979143295,0.0668383799492521));
#6736=CARTESIAN_POINT('',(0.00805424532439208,-0.00325238569506662,0.06654055331001));
#6737=CARTESIAN_POINT('',(0.00758110691492217,-0.00306133663209381,0.0662427759858776));
#6738=CARTESIAN_POINT('',(0.00710803133694966,-0.00287027024960652,0.065944911591263));
#6739=CARTESIAN_POINT('',(0.00663462688041019,-0.0026793401924129,0.0656477008027286));
#6740=CARTESIAN_POINT('',(0.00617221841294135,-0.00249170708669102,0.0653537229761643));
#6741=CARTESIAN_POINT('',(0.00586602991165514,-0.00236819088591238,0.0651614075732868));
#6742=CARTESIAN_POINT('',(0.00571760337281498,-0.00230832587474825,0.0650682143393308));
#6743=CARTESIAN_POINT('',(0.00922226788215678,-0.00384442127822676,0.0676662040595154));
#6744=CARTESIAN_POINT('',(0.00908687138401784,-0.00378797797201044,0.0675752447451164));
#6745=CARTESIAN_POINT('',(0.00879700038331896,-0.00366713866454194,0.0673805108809034));
#6746=CARTESIAN_POINT('',(0.00835266792245875,-0.00348192009238731,0.0670820467558122));
#6747=CARTESIAN_POINT('',(0.00788918726862057,-0.00328871175339966,0.0667706927563713));
#6748=CARTESIAN_POINT('',(0.00742582712220829,-0.00309554965597737,0.0664594108033238));
#6749=CARTESIAN_POINT('',(0.00696225915634947,-0.00290232680125204,0.0661480609572893));
#6750=CARTESIAN_POINT('',(0.00649925451623884,-0.00270914393585385,0.065836471186483));
#6751=CARTESIAN_POINT('',(0.00604380888466631,-0.00251995665032782,0.0655326900123382));
#6752=CARTESIAN_POINT('',(0.00574426154236341,-0.00239499373252121,0.0653311643696541));
#6753=CARTESIAN_POINT('',(0.00559908265931637,-0.00233442159386206,0.065233468506791));
#6754=CARTESIAN_POINT('',(0.00913458158855066,-0.00385771846169083,0.0677866779459107));
#6755=CARTESIAN_POINT('',(0.00900047051549963,-0.00380108008152409,0.0676939531401697));
#6756=CARTESIAN_POINT('',(0.00871335195634016,-0.00367982303035408,0.0674954389894329));
#6757=CARTESIAN_POINT('',(0.00827325107467245,-0.00349396121814282,0.0671911659089852));
#6758=CARTESIAN_POINT('',(0.00781418525201116,-0.00330008466025846,0.0668737513056261));
#6759=CARTESIAN_POINT('',(0.00735520357330201,-0.00310625790621769,0.0665564749505222));
#6760=CARTESIAN_POINT('',(0.00689616839245646,-0.00291236082316925,0.0662388887687735));
#6761=CARTESIAN_POINT('',(0.00643695071484023,-0.0027185621367561,0.0659221442003259));
#6762=CARTESIAN_POINT('',(0.00598814256714997,-0.00252851067649146,0.065609073307328));
#6763=CARTESIAN_POINT('',(0.00569112855795558,-0.00240314394516966,0.0654040968319602));
#6764=CARTESIAN_POINT('',(0.00554715175935331,-0.00234237840422023,0.0653047658177195));
#6765=CARTESIAN_POINT('',(0.00898313769024926,-0.00386853838655118,0.0679931056423276));
#6766=CARTESIAN_POINT('',(0.00885124461320046,-0.00381173945032124,0.0678973463154179));
#6767=CARTESIAN_POINT('',(0.00856887523260855,-0.00369013876700032,0.0676923352673696));
#6768=CARTESIAN_POINT('',(0.00813607174588389,-0.00350375295383855,0.067378095981537));
#6769=CARTESIAN_POINT('',(0.00768461275234854,-0.00330933538322481,0.0670503212175391));
#6770=CARTESIAN_POINT('',(0.00723326225230138,-0.00311496299840793,0.066722617895102));
#6771=CARTESIAN_POINT('',(0.00678178035646594,-0.00292053583208898,0.0663948345462034));
#6772=CARTESIAN_POINT('',(0.00633052764028858,-0.00272620938986628,0.0660671769691886));
#6773=CARTESIAN_POINT('',(0.0058878057842659,-0.00253554174487854,0.0657458500582575));
#6774=CARTESIAN_POINT('',(0.00559589883758077,-0.00240983366215797,0.0655338951298444));
#6775=CARTESIAN_POINT('',(0.00545441273379541,-0.00234890357887866,0.0654311601922737));
#6776=CARTESIAN_POINT('',(0.00892171659892328,-0.00386921618551406,0.0680765665281859));
#6777=CARTESIAN_POINT('',(0.00879071962302919,-0.00381240534351355,0.0679795823555381));
#6778=CARTESIAN_POINT('',(0.00851026907451576,-0.00369077923688207,0.0677719488487211));
#6779=CARTESIAN_POINT('',(0.00808041659320335,-0.003504356202547,0.0674536848888332));
#6780=CARTESIAN_POINT('',(0.00763201006865653,-0.00330990416413658,0.0671217660999577));
#6781=CARTESIAN_POINT('',(0.00718384761495815,-0.00311548938911239,0.0667897090152714));
#6782=CARTESIAN_POINT('',(0.00673503765920746,-0.00292104703315637,0.0664583489634973));
#6783=CARTESIAN_POINT('',(0.00628857163859105,-0.00272665543545099,0.0661242163374151));
#6784=CARTESIAN_POINT('',(0.00584253190586658,-0.00253603392540328,0.0658071696898782));
#6785=CARTESIAN_POINT('',(0.0055535092300748,-0.00241029126270584,0.0655913118780477));
#6786=CARTESIAN_POINT('',(0.00541349215149941,-0.00234934350835752,0.0654865910458023));
#6787=CARTESIAN_POINT('',(0.00881826411025298,-0.003861961176993,0.0682173768397171));
#6788=CARTESIAN_POINT('',(0.00868878447328717,-0.00380525537642787,0.0681183174540344));
#6789=CARTESIAN_POINT('',(0.00841158235068205,-0.00368385432994165,0.0679062415969314));
#6790=CARTESIAN_POINT('',(0.0079867078742402,-0.0034977809718684,0.0675811809642763));
#6791=CARTESIAN_POINT('',(0.00754352720799683,-0.0033036858624118,0.0672421488661051));
#6792=CARTESIAN_POINT('',(0.00710047252246511,-0.00310966317340268,0.0669030924693414));
#6793=CARTESIAN_POINT('',(0.00665719003561552,-0.00291547783312578,0.0665643230910976));
#6794=CARTESIAN_POINT('',(0.00621468575387899,-0.0027218724948635,0.0662244790899527));
#6795=CARTESIAN_POINT('',(0.00577826214458437,-0.00253004039408165,0.065895313241434));
#6796=CARTESIAN_POINT('',(0.00549194065815197,-0.00240475034275412,0.065675615913186));
#6797=CARTESIAN_POINT('',(0.00535318186928038,-0.00234403948461441,0.0655690922201627));
#6798=CARTESIAN_POINT('',(0.00878104311703623,-0.00385747679031049,0.0682681581778256));
#6799=CARTESIAN_POINT('',(0.00865211043481963,-0.00380083630840891,0.0681683499122212));
#6800=CARTESIAN_POINT('',(0.00837607879348835,-0.00367957507929489,0.0679546716070638));
#6801=CARTESIAN_POINT('',(0.00795298530085954,-0.00349371541310189,0.0676271767698934));
#6802=CARTESIAN_POINT('',(0.00751170300723451,-0.00329984472255745,0.0672855530981491));
#6803=CARTESIAN_POINT('',(0.00707040137710998,-0.00310604166038014,0.0669440920744825));
#6804=CARTESIAN_POINT('',(0.00662939313710926,-0.00291208954715427,0.0666022510580341));
#6805=CARTESIAN_POINT('',(0.00618731351528456,-0.00271868065541067,0.0662616922732375));
#6806=CARTESIAN_POINT('',(0.00575795442347016,-0.00252715629173551,0.0659233247403849));
#6807=CARTESIAN_POINT('',(0.00547209362520602,-0.00240199792341798,0.0657029296843651));
#6808=CARTESIAN_POINT('',(0.00533349934806083,-0.00234134989404205,0.065596143002407));
#6809=CARTESIAN_POINT('',(0.00873173083458432,-0.00384807862886797,0.0683365798535424));
#6810=CARTESIAN_POINT('',(0.00860351560198519,-0.0037915751376865,0.0682357738335585));
#6811=CARTESIAN_POINT('',(0.0083290214042475,-0.00367060748265867,0.0680199575994458));
#6812=CARTESIAN_POINT('',(0.00790832320561548,-0.0034852055338845,0.0676891369172178));
#6813=CARTESIAN_POINT('',(0.0074694311765595,-0.00329179168082721,0.0673441884332294));
#6814=CARTESIAN_POINT('',(0.00703091047626824,-0.00309851852419153,0.0669988703758115));
#6815=CARTESIAN_POINT('',(0.00659127880221065,-0.00290483475049825,0.0666550943265192));
#6816=CARTESIAN_POINT('',(0.00615564387142224,-0.00271263059241957,0.0663055937653185));
#6817=CARTESIAN_POINT('',(0.00571416977872278,-0.00251888412774969,0.0659839721092087));
#6818=CARTESIAN_POINT('',(0.00543198915492144,-0.00239441277393981,0.0657584765912697));
#6819=CARTESIAN_POINT('',(0.00529534205334065,-0.00233412787807238,0.0656489916738657));
#6820=CARTESIAN_POINT('',(0.00870207253992358,-0.00384015633403544,0.068378651851302));
#6821=CARTESIAN_POINT('',(0.00857429398641285,-0.00378376907422495,0.0682772258886439));
#6822=CARTESIAN_POINT('',(0.0083007347250961,-0.00366305026548355,0.0680600824459138));
#6823=CARTESIAN_POINT('',(0.00788147093430911,-0.00347802992331306,0.0677272281211241));
#6824=CARTESIAN_POINT('',(0.00744407014872499,-0.00328501690103108,0.0673801573518561));
#6825=CARTESIAN_POINT('',(0.00700705606671842,-0.00309213262576276,0.0670327175513503));
#6826=CARTESIAN_POINT('',(0.00656887644183801,-0.00289888650992492,0.0666868215211828));
#6827=CARTESIAN_POINT('',(0.00613485880426838,-0.0027069184025841,0.0663352068982434));
#6828=CARTESIAN_POINT('',(0.00569439408817324,-0.00251415181793323,0.0660114608045221));
#6829=CARTESIAN_POINT('',(0.00541324491440221,-0.00238985474011139,0.065784605044763));
#6830=CARTESIAN_POINT('',(0.00527710287708814,-0.00232964770758506,0.0656744613908743));
#6831=CARTESIAN_POINT('',(0.00866309688708521,-0.00382829081023833,0.0684336165166563));
#6832=CARTESIAN_POINT('',(0.00853589396144861,-0.00377207894042158,0.0683313825408635));
#6833=CARTESIAN_POINT('',(0.00826356611541178,-0.00365173534325776,0.0681125105435544));
#6834=CARTESIAN_POINT('',(0.00784616468618293,-0.00346728266150516,0.0677770417893174));
#6835=CARTESIAN_POINT('',(0.00741077928098017,-0.00327488248434781,0.0674271190598885));
#6836=CARTESIAN_POINT('',(0.0069754921853468,-0.00308252571889653,0.0670772754636847));
#6837=CARTESIAN_POINT('',(0.00654010229102003,-0.0028901230442559,0.0667273487550038));
#6838=CARTESIAN_POINT('',(0.00610481814119315,-0.00269776830121986,0.0663775074077161));
#6839=CARTESIAN_POINT('',(0.00567807293458236,-0.00250918619441967,0.0660345294519299));
#6840=CARTESIAN_POINT('',(0.00539651891951192,-0.00238476547276153,0.0658082422951478));
#6841=CARTESIAN_POINT('',(0.00526004830154385,-0.00232445813947949,0.0656985597910656));
#6842=CARTESIAN_POINT('',(0.00799701303692254,-0.00288924338477481,0.0656307420559139));
#6843=CARTESIAN_POINT('',(0.000177268554322846,-6.90343648224782E-5,0.0858470530103506));
#6844=CARTESIAN_POINT('',(0.0102064339738157,-0.00295341831961367,0.0666689974183635));
#6845=CARTESIAN_POINT('',(0.0100365690679827,-0.0029042652322156,0.0665824885185816));
#6846=CARTESIAN_POINT('',(0.00969683153562231,-0.00280595682331492,0.066409466787018));
#6847=CARTESIAN_POINT('',(0.00918705719084243,-0.00265844372616016,0.066149845228251));
#6848=CARTESIAN_POINT('',(0.00867735001172389,-0.00251095109425167,0.0658902600328662));
#6849=CARTESIAN_POINT('',(0.00816792881747524,-0.00236354430259969,0.0656308243336475));
#6850=CARTESIAN_POINT('',(0.00765770484213452,-0.00221589606593559,0.0653709675639401));
#6851=CARTESIAN_POINT('',(0.00714834815444204,-0.00206850686149456,0.0651115631976636));
#6852=CARTESIAN_POINT('',(0.00663855332562767,-0.00192099101499164,0.0648519369559101));
#6853=CARTESIAN_POINT('',(0.00629880413089549,-0.00182267855520331,0.064678907939661));
#6854=CARTESIAN_POINT('',(0.00612891091794302,-0.00177351693855881,0.0645923839509059));
#6855=CARTESIAN_POINT('',(0.00925859935984359,-0.0019956242570168,0.0684337459866498));
#6856=CARTESIAN_POINT('',(0.0091226317614515,-0.00196631721353546,0.0683314944466935));
#6857=CARTESIAN_POINT('',(0.00883155938157356,-0.00190357825253493,0.0681125996601504));
#6858=CARTESIAN_POINT('',(0.0083854728131932,-0.00180742786961898,0.0677771298813371));
#6859=CARTESIAN_POINT('',(0.00792015914261928,-0.00170713271206995,0.0674272007862529));
#6860=CARTESIAN_POINT('',(0.00745491352049031,-0.00160685182349726,0.0670773226085776));
#6861=CARTESIAN_POINT('',(0.00698966073777896,-0.00150657123290144,0.0667274397425818));
#6862=CARTESIAN_POINT('',(0.00652442724839563,-0.00140629232850644,0.0663775703457888));
#6863=CARTESIAN_POINT('',(0.00606805760477542,-0.00130792561197896,0.0660343682163793));
#6864=CARTESIAN_POINT('',(0.00576683070136121,-0.00124299811436514,0.0658078369477889));
#6865=CARTESIAN_POINT('',(0.00562065892906663,-0.00121149173358701,0.0656979115754744));
#6866=CARTESIAN_POINT('',(0.00929280046517869,-0.00200744211212138,0.0683848944633908));
#6867=CARTESIAN_POINT('',(0.0091563378877373,-0.00197796404709105,0.0682833488683499));
#6868=CARTESIAN_POINT('',(0.00886420108721627,-0.00191485724198652,0.0680659736606631));
#6869=CARTESIAN_POINT('',(0.00841635567058182,-0.00181809709383255,0.0677330542818563));
#6870=CARTESIAN_POINT('',(0.00794978093546954,-0.00171736640193362,0.067384919418534));
#6871=CARTESIAN_POINT('',(0.00748108766530872,-0.0016158928960579,0.0670399904687107));
#6872=CARTESIAN_POINT('',(0.00701516639868009,-0.00151538159027477,0.0666910491547845));
#6873=CARTESIAN_POINT('',(0.00654798425396067,-0.00141442623796336,0.0663440167651622));
#6874=CARTESIAN_POINT('',(0.00608998644053689,-0.00131550623272935,0.0660029865672832));
#6875=CARTESIAN_POINT('',(0.00578765576476615,-0.00125019656117875,0.0657780424066943));
#6876=CARTESIAN_POINT('',(0.00564094798776565,-0.00121850449885995,0.065668889264632));
#6877=CARTESIAN_POINT('',(0.00931717821546047,-0.00201673320271387,0.0683492576845019));
#6878=CARTESIAN_POINT('',(0.00918036769994852,-0.00198712388969348,0.0682482217550711));
#6879=CARTESIAN_POINT('',(0.00888747964341523,-0.00192373262338511,0.0680319478433243));
#6880=CARTESIAN_POINT('',(0.00843831241338976,-0.00182644362103027,0.0677009884056234));
#6881=CARTESIAN_POINT('',(0.00797116781001589,-0.00172559030800874,0.0673536308085404));
#6882=CARTESIAN_POINT('',(0.00749882921924544,-0.00162237291727358,0.067014254097664));
#6883=CARTESIAN_POINT('',(0.00703821569562958,-0.0015245223188652,0.0666572072251214));
#6884=CARTESIAN_POINT('',(0.00656781853749754,-0.00142215036991268,0.0663150088053705));
#6885=CARTESIAN_POINT('',(0.00610884142076016,-0.00132289427858271,0.065975327856035));
#6886=CARTESIAN_POINT('',(0.00580554117232936,-0.00125720003899422,0.0657518170515643));
#6887=CARTESIAN_POINT('',(0.00565835852991908,-0.00122531915989692,0.0656433668012878));
#6888=CARTESIAN_POINT('',(0.00936937670752467,-0.00204058286134624,0.0682709721988849));
#6889=CARTESIAN_POINT('',(0.00923177335260418,-0.00201060963352755,0.0681711315830319));
#6890=CARTESIAN_POINT('',(0.00893720813572605,-0.00194644917682999,0.067957386333979));
#6891=CARTESIAN_POINT('',(0.00848600547893579,-0.0018482436171589,0.0676294988054695));
#6892=CARTESIAN_POINT('',(0.00801438322009765,-0.00174528137961287,0.0672888676586805));
#6893=CARTESIAN_POINT('',(0.00754636081935358,-0.001644265606735,0.0669430191245949));
#6894=CARTESIAN_POINT('',(0.00707106682184426,-0.00153934545833965,0.0666079785626295));
#6895=CARTESIAN_POINT('',(0.00660164158481962,-0.00143751608219375,0.0662643776934781));
#6896=CARTESIAN_POINT('',(0.00613942564391486,-0.00133676828616506,0.0659294661872088));
#6897=CARTESIAN_POINT('',(0.0058347047604878,-0.00127042962091391,0.0657081020937793));
#6898=CARTESIAN_POINT('',(0.00568684245808051,-0.00123824063699623,0.0656006799872868));
#6899=CARTESIAN_POINT('',(0.00939889115688286,-0.00205685433404253,0.0682252526933804));
#6900=CARTESIAN_POINT('',(0.00926086689026521,-0.00202664819583501,0.06812606959485));
#6901=CARTESIAN_POINT('',(0.00896539367123588,-0.00196198547880032,0.0679137419782945));
#6902=CARTESIAN_POINT('',(0.00851261493280066,-0.00186291287049397,0.0675882944954921));
#6903=CARTESIAN_POINT('',(0.00804012136434089,-0.00175946174145702,0.0672490386955035));
#6904=CARTESIAN_POINT('',(0.0075683505630246,-0.00165640750443599,0.0669089339683363));
#6905=CARTESIAN_POINT('',(0.00709408793160862,-0.00155191033267375,0.0665724466961958));
#6906=CARTESIAN_POINT('',(0.00662250105915828,-0.00144893359726073,0.0662321805009086));
#6907=CARTESIAN_POINT('',(0.00615898533950049,-0.00134747091028448,0.0658992414767934));
#6908=CARTESIAN_POINT('',(0.00585327696558924,-0.00128059230725313,0.0656794150407636));
#6909=CARTESIAN_POINT('',(0.00570493372445915,-0.00124814039430679,0.0655727422812726));
#6910=CARTESIAN_POINT('',(0.00946594543817801,-0.00209765127985404,0.0681185809457654));
#6911=CARTESIAN_POINT('',(0.00932695059326402,-0.0020668526684633,0.0680209544340925));
#6912=CARTESIAN_POINT('',(0.00902939295277369,-0.00200091779458865,0.0678119678667143));
#6913=CARTESIAN_POINT('',(0.00857324260321299,-0.0018997938838463,0.067491874542267));
#6914=CARTESIAN_POINT('',(0.00809792750736058,-0.00179462993017803,0.0671571117240931));
#6915=CARTESIAN_POINT('',(0.00762077445861466,-0.00168827346372593,0.0668256298985968));
#6916=CARTESIAN_POINT('',(0.00714772362665698,-0.00158448465013108,0.0664871523297311));
#6917=CARTESIAN_POINT('',(0.00667139657041018,-0.00147862431646915,0.066154500079881));
#6918=CARTESIAN_POINT('',(0.0062047538817267,-0.00137526746306536,0.0658264812378773));
#6919=CARTESIAN_POINT('',(0.0058967572649512,-0.0013069943146454,0.0656103172031074));
#6920=CARTESIAN_POINT('',(0.00574730060649949,-0.00127386373824416,0.06550542725767));
#6921=CARTESIAN_POINT('',(0.0095040560692787,-0.00212411183395852,0.0680555306859503));
#6922=CARTESIAN_POINT('',(0.00936449950585014,-0.00209292254265084,0.0679588408937146));
#6923=CARTESIAN_POINT('',(0.00906574242061897,-0.00202615344170148,0.0677518529660968));
#6924=CARTESIAN_POINT('',(0.00860783506348506,-0.00192380742629193,0.0674346460337908));
#6925=CARTESIAN_POINT('',(0.00813025011894308,-0.00181709878911779,0.067103624759264));
#6926=CARTESIAN_POINT('',(0.00765251186044862,-0.00171021461470301,0.0667732063144005));
#6927=CARTESIAN_POINT('',(0.00717568453251341,-0.00160406371320612,0.066440772291913));
#6928=CARTESIAN_POINT('',(0.00669798060592705,-0.0014971679348403,0.0661104691024561));
#6929=CARTESIAN_POINT('',(0.00622936060471095,-0.00139244855742946,0.0657857289681573));
#6930=CARTESIAN_POINT('',(0.00592015596355737,-0.00132333020824307,0.0655715719064952));
#6931=CARTESIAN_POINT('',(0.00577011442028702,-0.00128979022712998,0.0654676537266341));
#6932=CARTESIAN_POINT('',(0.00962455205922907,-0.00221639377718587,0.067849047278412));
#6933=CARTESIAN_POINT('',(0.00948323342167147,-0.00218385058124482,0.0677553965123703));
#6934=CARTESIAN_POINT('',(0.00918070104631819,-0.00211418192282608,0.0675549133146996));
#6935=CARTESIAN_POINT('',(0.00871692447354904,-0.00200736053460511,0.067247647098714));
#6936=CARTESIAN_POINT('',(0.00823334726011592,-0.00189606849403806,0.0669269272296811));
#6937=CARTESIAN_POINT('',(0.00774940366098353,-0.00178437553287247,0.0666071438019166));
#6938=CARTESIAN_POINT('',(0.00726709035642144,-0.00167424533566799,0.0662840152570546));
#6939=CARTESIAN_POINT('',(0.00678315085411211,-0.00156250548862286,0.0659644232165689));
#6940=CARTESIAN_POINT('',(0.00630863998078745,-0.00145326517233725,0.0656498610495645));
#6941=CARTESIAN_POINT('',(0.00599549411467623,-0.00138112132790053,0.065442462955083));
#6942=CARTESIAN_POINT('',(0.00584353935649325,-0.00134611264979409,0.0653418251509285));
#6943=CARTESIAN_POINT('',(0.00970708558408009,-0.00229620963238462,0.0676939075688365));
#6944=CARTESIAN_POINT('',(0.00956455189562696,-0.00226249204564038,0.0676025394369998));
#6945=CARTESIAN_POINT('',(0.00925941647821271,-0.00219030882785571,0.0674069409697827));
#6946=CARTESIAN_POINT('',(0.00879159939664957,-0.0020796208332189,0.0671071126421583));
#6947=CARTESIAN_POINT('',(0.00830382652146888,-0.00196427446822987,0.0667943127763556));
#6948=CARTESIAN_POINT('',(0.00781591593001104,-0.00184874075894393,0.0664818877270245));
#6949=CARTESIAN_POINT('',(0.00732861585263988,-0.00173389809399946,0.0661682081356043));
#6950=CARTESIAN_POINT('',(0.00684075329652888,-0.00161833813599738,0.0658559273630924));
#6951=CARTESIAN_POINT('',(0.00636223130670494,-0.00150520374811498,0.0655489909178226));
#6952=CARTESIAN_POINT('',(0.00604641930381041,-0.00143047954480761,0.0653465928207054));
#6953=CARTESIAN_POINT('',(0.00589317053839792,-0.00139421859899571,0.0652483808370934));
#6954=CARTESIAN_POINT('',(0.00985098630891501,-0.0024586125151675,0.0673982570715313));
#6955=CARTESIAN_POINT('',(0.00970632791616811,-0.00242250997398298,0.0673112121468626));
#6956=CARTESIAN_POINT('',(0.00939664890446269,-0.00234522374055349,0.0671248676770043));
#6957=CARTESIAN_POINT('',(0.00892199782738477,-0.00222678344991343,0.0668391977299752));
#6958=CARTESIAN_POINT('',(0.00842689742025561,-0.00210318053915771,0.0665414072172348));
#6959=CARTESIAN_POINT('',(0.00793197389110396,-0.00197977474227729,0.0662432482532637));
#6960=CARTESIAN_POINT('',(0.00743654972264418,-0.00185569973697067,0.0659464637209544));
#6961=CARTESIAN_POINT('',(0.00694180421791277,-0.00173237813679456,0.0656482990066931));
#6962=CARTESIAN_POINT('',(0.00645604399309287,-0.00161108039144769,0.065356200086666));
#6963=CARTESIAN_POINT('',(0.00613558033481595,-0.00153111782229546,0.0651633207832577));
#6964=CARTESIAN_POINT('',(0.0059800760369435,-0.00149231696383146,0.0650697241195508));
#6965=CARTESIAN_POINT('',(0.00991452080899423,-0.00254398686351877,0.0672538964558611));
#6966=CARTESIAN_POINT('',(0.00976891912553514,-0.00250662640504748,0.0671689659639069));
#6967=CARTESIAN_POINT('',(0.0094572245784841,-0.00242664909804453,0.066987149420883));
#6968=CARTESIAN_POINT('',(0.00897958598390118,-0.0023041327304191,0.0667084576147805));
#6969=CARTESIAN_POINT('',(0.00848126956386468,-0.00217621775602984,0.0664179278569649));
#6970=CARTESIAN_POINT('',(0.0079831453120203,-0.00204856176987165,0.0661269758580004));
#6971=CARTESIAN_POINT('',(0.00748456083829134,-0.001920069492492,0.0658375787210949));
#6972=CARTESIAN_POINT('',(0.00698658262598568,-0.00179249668875565,0.065546585529533));
#6973=CARTESIAN_POINT('',(0.00649767922123392,-0.00166696661353904,0.0652616743875465));
#6974=CARTESIAN_POINT('',(0.00617513953580264,-0.00158422846226046,0.0650734748730633));
#6975=CARTESIAN_POINT('',(0.00601862781743026,-0.00154408098278989,0.0649821482255808));
#6976=CARTESIAN_POINT('',(0.010033305215067,-0.00272640797052693,0.0669578235107595));
#6977=CARTESIAN_POINT('',(0.00988596203569971,-0.00268636767919586,0.0668772474730281));
#6978=CARTESIAN_POINT('',(0.00957054056487204,-0.00260065408290003,0.0667047532419154));
#6979=CARTESIAN_POINT('',(0.00908722162474088,-0.0024693613337381,0.0664403623523016));
#6980=CARTESIAN_POINT('',(0.00858294515877691,-0.00233228877500584,0.0661646862786142));
#6981=CARTESIAN_POINT('',(0.00807889535360644,-0.00219543954218125,0.0658887791266306));
#6982=CARTESIAN_POINT('',(0.00757437164849004,-0.00205795770096458,0.065613714347807));
#6983=CARTESIAN_POINT('',(0.00707044414294878,-0.00192117372207856,0.0653377850301229));
#6984=CARTESIAN_POINT('',(0.00657556641820919,-0.00178659696635118,0.0650674253604286));
#6985=CARTESIAN_POINT('',(0.00624918377341413,-0.00169792806622324,0.0648888848313573));
#6986=CARTESIAN_POINT('',(0.00609080860017874,-0.00165490321151628,0.0648022459869467));
#6987=CARTESIAN_POINT('',(0.0100887053468292,-0.0028236568612301,0.0668059539406376));
#6988=CARTESIAN_POINT('',(0.00994055803622992,-0.00278219069981292,0.0667276179535548));
#6989=CARTESIAN_POINT('',(0.00962341381234379,-0.00269342381003902,0.0665599189144104));
#6990=CARTESIAN_POINT('',(0.00913741978121149,-0.00255742869412468,0.0663028718417813));
#6991=CARTESIAN_POINT('',(0.00863038184105921,-0.00241549672808844,0.0660347910706585));
#6992=CARTESIAN_POINT('',(0.00812359698302345,-0.00227369622349854,0.0657667251019654));
#6993=CARTESIAN_POINT('',(0.00761629030528746,-0.00213162279271749,0.0654986284968503));
#6994=CARTESIAN_POINT('',(0.00710966422030141,-0.00198988210814811,0.0652306162523595));
#6995=CARTESIAN_POINT('',(0.00661193403515276,-0.00185047912032287,0.0649676060863979));
#6996=CARTESIAN_POINT('',(0.00628377827127083,-0.00175864706981153,0.0647940507936649));
#6997=CARTESIAN_POINT('',(0.00612454416822778,-0.00171408758485286,0.0647098328755607));
#6998=CARTESIAN_POINT('',(0.0101435698298618,-0.00293522758830571,0.0666369819288657));
#6999=CARTESIAN_POINT('',(0.0099946592437439,-0.00289213795940694,0.0665611446499186));
#7000=CARTESIAN_POINT('',(0.00967586986180274,-0.00279989115630297,0.0663987912744366));
#7001=CARTESIAN_POINT('',(0.00918705719084243,-0.00265844372616016,0.066149845228251));
#7002=CARTESIAN_POINT('',(0.00867735001172389,-0.00251095109425167,0.0658902600328662));
#7003=CARTESIAN_POINT('',(0.00816792881747524,-0.00236354430259969,0.0656308243336475));
#7004=CARTESIAN_POINT('',(0.00765770484213452,-0.00221589606593559,0.0653709675639401));
#7005=CARTESIAN_POINT('',(0.00714834815444204,-0.00206850686149456,0.0651115631976636));
#7006=CARTESIAN_POINT('',(0.00664832374659651,-0.00192381821495218,0.0648569127962543));
#7007=CARTESIAN_POINT('',(0.00631833980727201,-0.00182833154861943,0.0646888571554236));
#7008=CARTESIAN_POINT('',(0.00615821432383224,-0.00178199639909227,0.0646073077226915));
#7009=CARTESIAN_POINT('',(-7.74387010911514E-7,1.33164530772256E-19,0.0658134199218398));
#7010=CARTESIAN_POINT('',(-1.26098455002256E-6,2.16840434497101E-19,0.0685420332613903));
#7011=CARTESIAN_POINT('',(0.00929990713721341,0.000951008604517258,0.0685381814485215));
#7012=CARTESIAN_POINT('',(0.00913874570843911,0.00196979671022269,0.0685383295950853));
#7013=CARTESIAN_POINT('',(6.03224276805762E-10,-5.89984814600292E-9,0.0614710166870301));
#7014=CARTESIAN_POINT('',(0.00571338558195413,0.000584250261400983,0.0658125983316666));
#7015=CARTESIAN_POINT('',(-7.74387010911514E-7,1.33164530772256E-19,0.0658134199218398));
#7016=CARTESIAN_POINT('',(0.00561427090642031,0.00121012592255676,0.0658125841922444));
#7017=CARTESIAN_POINT('',(0.00913875575090821,0.0019698135006137,0.0685383119292724));
#7018=CARTESIAN_POINT('',(-1.27634307477962E-6,2.19481505064936E-19,0.0686281567457065));
#7019=CARTESIAN_POINT('',(0.00929887260536385,0.000950888041294203,0.0685373939686394));
#7020=CARTESIAN_POINT('',(0.00938144298112507,0.000959342070198102,0.0684037507346481));
#7021=CARTESIAN_POINT('',(0.00929887098163602,-0.000950900628024922,0.0685373945078853));
#7022=CARTESIAN_POINT('',(0.00935831426026719,-0.000318547724770729,0.0685457548285566));
#7023=CARTESIAN_POINT('',(0.00935831546389015,0.000318548555004718,0.068545752783555));
#7024=CARTESIAN_POINT('',(0.00929887086844978,0.00095090079019502,0.068537394662621));
#7025=CARTESIAN_POINT('',(0.00938144432407797,-0.000959328875454887,0.0684037507447344));
#7026=CARTESIAN_POINT('',(0.00938144309106873,-0.000959340934890687,0.0684037507444987));
#7027=CARTESIAN_POINT('',(0.0105295185472902,-0.00034245517906377,0.0666250214359353));
#7028=CARTESIAN_POINT('',(0.0103485915304885,-0.000498252445058709,0.0669080267290226));
#7029=CARTESIAN_POINT('',(0.00997444693005234,-0.000777830568836551,0.0674832508945835));
#7030=CARTESIAN_POINT('',(0.00957887211070856,-0.000952853756523653,0.0680885779504442));
#7031=CARTESIAN_POINT('',(0.00938144313304718,-0.000959341621053213,0.0684037505648707));
#7032=CARTESIAN_POINT('',(0.010529518514831,-0.000342455178008726,0.066625021488226));
#7033=CARTESIAN_POINT('',(0.010529352255544,-0.000342449377342049,0.0666252893456638));
#7034=CARTESIAN_POINT('',(0.0105369277587638,-0.000114150460051019,0.06662504748526));
#7035=CARTESIAN_POINT('',(0.0105369088013099,0.000114147762340651,0.0666250780601972));
#7036=CARTESIAN_POINT('',(0.010529293017164,0.000342445289151443,0.0666253848915583));
#7037=CARTESIAN_POINT('',(0.0105295185758383,0.0003424533020384,0.0666250214882369));
#7038=CARTESIAN_POINT('',(0.00938144320401389,0.000959339988866387,0.0684037507185384));
#7039=CARTESIAN_POINT('',(0.00957861302959451,0.00095286230655729,0.0680889915302884));
#7040=CARTESIAN_POINT('',(0.00997464146396161,0.000777344626006419,0.0674829983259773));
#7041=CARTESIAN_POINT('',(0.0103486034521092,0.000498244572060029,0.0669080080023894));
#7042=CARTESIAN_POINT('',(0.0105295174286803,0.000342453264740517,0.0666250233362716));
#7043=CARTESIAN_POINT('',(-7.83818880698025E-7,1.34786446554327E-19,0.0658663094735696));
#7044=CARTESIAN_POINT('',(0.00576126600140457,0.000589147786169443,0.0657284984942557));
#7045=CARTESIAN_POINT('',(0.00600474690596663,0.000581153485780074,0.065339808185669));
#7046=CARTESIAN_POINT('',(0.00624394439863485,0.000401813278579007,0.0649839871190935));
#7047=CARTESIAN_POINT('',(0.00646631093675271,0.000210300783778172,0.0646361636813433));
#7048=CARTESIAN_POINT('',(0.00576126627615224,0.000589145101172614,0.0657284984939581));
#7049=CARTESIAN_POINT('',(0.00646631442506629,0.0002103008971887,0.0646361580617826));
#7050=CARTESIAN_POINT('',(0.00646669828075942,-0.000210304928230558,0.064635540124825));
#7051=CARTESIAN_POINT('',(0.00647079026667675,-7.00999394717651E-5,0.0646362928735129));
#7052=CARTESIAN_POINT('',(0.00647066893608053,7.01021715027781E-5,0.0646364883008939));
#7053=CARTESIAN_POINT('',(0.00646633327012744,0.000210301401904552,0.0646361277086477));
#7054=CARTESIAN_POINT('',(0.00646631455028937,-0.000210297046468291,0.0646361580618049));
#7055=CARTESIAN_POINT('',(0.00646630972628201,-0.000210296889699201,0.0646361658331217));
#7056=CARTESIAN_POINT('',(0.00624417276622047,-0.000401601910661063,0.0649836308678317));
#7057=CARTESIAN_POINT('',(0.0060032989631125,-0.000581198400560811,0.06534212007417));
#7058=CARTESIAN_POINT('',(0.00576126599248887,-0.000589145328134248,0.0657284989111461));
#7059=CARTESIAN_POINT('',(0.00576126601900402,-0.000589146017018309,0.0657284987558406));
#7060=CARTESIAN_POINT('',(0.00576126725595246,-0.000589133919064757,0.0657284987560776));
#7061=CARTESIAN_POINT('',(0.00574432629899102,-0.000587402337735523,0.0657559178469309));
#7062=CARTESIAN_POINT('',(0.00572738534202957,-0.000585670756406288,0.0657833369377842));
#7063=CARTESIAN_POINT('',(0.00571044438506813,-0.000583939175077054,0.0658107560286374));
#7064=CARTESIAN_POINT('',(0.00571626101507174,0.000584540121401116,0.065814439448981));
#7065=CARTESIAN_POINT('',(0.00575515866905712,0.000198628392816633,0.0658144463856556));
#7066=CARTESIAN_POINT('',(0.00575518937569813,-0.000198800826335488,0.0658144463911316));
#7067=CARTESIAN_POINT('',(0.00571629930710312,-0.00058453849135362,0.0658144394558097));
#7068=CARTESIAN_POINT('',(0.00571044200778717,0.000583938494987572,0.0658107599478806));
#7069=CARTESIAN_POINT('',(0.0057273838270502,0.000585670152657819,0.0657833394633168));
#7070=CARTESIAN_POINT('',(0.00574432564631325,0.000587401810328066,0.0657559189787529));
#7071=CARTESIAN_POINT('',(0.00576126746557628,0.000589133467998312,0.065728498494189));
#7072=CARTESIAN_POINT('',(0.00753944158072914,0.000770968694602991,0.0671205760143597));
#7073=CARTESIAN_POINT('',(0.00758657881121402,0.000775800685145568,0.0670773750495069));
#7074=CARTESIAN_POINT('',(0.00753907791221876,-0.000770932243906996,0.0671212528448796));
#7075=CARTESIAN_POINT('',(0.00758661279239528,-0.000775803764805986,0.0670774003394641));
#7076=CARTESIAN_POINT('',(0.0105540931375412,-0.000343252188485352,0.0666370525135083));
#7077=CARTESIAN_POINT('',(0.0103991640333686,-0.000338213029083955,0.0665612179600588));
#7078=CARTESIAN_POINT('',(0.0100674742758462,-0.000327424658030572,0.066398862730762));
#7079=CARTESIAN_POINT('',(0.00955900461790414,-0.0003108872747334,0.0661499764628449));
#7080=CARTESIAN_POINT('',(0.00902861008966472,-0.000293637069247704,0.0658903582054227));
#7081=CARTESIAN_POINT('',(0.00849842093414545,-0.000276391694237275,0.0656308426191467));
#7082=CARTESIAN_POINT('',(0.00796783733131738,-0.000259138434663362,0.0653711284507104));
#7083=CARTESIAN_POINT('',(0.00743769430228492,-0.00024189532739212,0.0651116341732762));
#7084=CARTESIAN_POINT('',(0.0069177702151235,-0.000224983846896904,0.0648571439636147));
#7085=CARTESIAN_POINT('',(0.00657479020181527,-0.000213828876000409,0.0646892616035578));
#7086=CARTESIAN_POINT('',(0.00640854680957243,-0.000208422044864204,0.06460788851639));
#7087=CARTESIAN_POINT('',(0.0104683192734049,-0.000431826867497364,0.0668050350580729));
#7088=CARTESIAN_POINT('',(0.0103146272469844,-0.000425476389678206,0.0667266994724973));
#7089=CARTESIAN_POINT('',(0.00998558881654347,-0.000411882126495337,0.0665589945060228));
#7090=CARTESIAN_POINT('',(0.00948125933981679,-0.000391083982743998,0.0663020336660644));
#7091=CARTESIAN_POINT('',(0.00895515759569252,-0.000369375838839126,0.0660339504756131));
#7092=CARTESIAN_POINT('',(0.00842908163865374,-0.000347710419218995,0.0657659775115396));
#7093=CARTESIAN_POINT('',(0.00790303220633296,-0.000325979628844255,0.0654978597705238));
#7094=CARTESIAN_POINT('',(0.007377207312259,-0.000304241219523623,0.0652298253947043));
#7095=CARTESIAN_POINT('',(0.00686107447957045,-0.000283082542819503,0.0649671339119663));
#7096=CARTESIAN_POINT('',(0.00652092704220043,-0.0002690280103148,0.064793762960852));
#7097=CARTESIAN_POINT('',(0.00635606124910724,-0.000262214384396338,0.0647097284400602));
#7098=CARTESIAN_POINT('',(0.0103910797216279,-0.000503409309843848,0.0669472097723409));
#7099=CARTESIAN_POINT('',(0.0102385061407047,-0.00049601222590891,0.0668667874315133));
#7100=CARTESIAN_POINT('',(0.009911861641518,-0.000480176880636482,0.0666946142397633));
#7101=CARTESIAN_POINT('',(0.00941118700765367,-0.000455932883130547,0.0664307861188534));
#7102=CARTESIAN_POINT('',(0.00888898396266941,-0.000430631252473515,0.0661555755159706));
#7103=CARTESIAN_POINT('',(0.00836674803783089,-0.000405357499925719,0.0658804168089477));
#7104=CARTESIAN_POINT('',(0.00784470197562675,-0.000380031222602878,0.0656052152421424));
#7105=CARTESIAN_POINT('',(0.00732263352312623,-0.000354721903834882,0.0653300326921574));
#7106=CARTESIAN_POINT('',(0.00681053108220236,-0.000329984178448682,0.0650603369205004));
#7107=CARTESIAN_POINT('',(0.00647284123977065,-0.000313615592361559,0.0648823479734211));
#7108=CARTESIAN_POINT('',(0.00630916383434408,-0.000305680995247406,0.0647960751324326));
#7109=CARTESIAN_POINT('',(0.0102233896049445,-0.000639516665404776,0.0672409098829913));
#7110=CARTESIAN_POINT('',(0.0100732605017059,-0.00063013144728536,0.0671561941000567));
#7111=CARTESIAN_POINT('',(0.00975185222766317,-0.000610037730605677,0.0669748249998552));
#7112=CARTESIAN_POINT('',(0.00925927926781654,-0.000579213987938875,0.0666967929481501));
#7113=CARTESIAN_POINT('',(0.0087454994715925,-0.000547076720673215,0.0664068291463438));
#7114=CARTESIAN_POINT('',(0.00823172925061174,-0.00051491826198101,0.0661168032915967));
#7115=CARTESIAN_POINT('',(0.00771809915135598,-0.000482811166744754,0.0658269937666562));
#7116=CARTESIAN_POINT('',(0.00720435449238956,-0.000450704399891077,0.0655371175556795));
#7117=CARTESIAN_POINT('',(0.00670084468925819,-0.000419103280075679,0.0652526680513429));
#7118=CARTESIAN_POINT('',(0.00636855865637796,-0.000398332248102719,0.0650651681410272));
#7119=CARTESIAN_POINT('',(0.00620749679011518,-0.000388265524747348,0.0649742884120246));
#7120=CARTESIAN_POINT('',(0.010129274259338,-0.00070609811386967,0.0673973460654275));
#7121=CARTESIAN_POINT('',(0.00998054312747815,-0.000695731925707954,0.0673103340326612));
#7122=CARTESIAN_POINT('',(0.00966212637964197,-0.000673538577794596,0.0671240493638937));
#7123=CARTESIAN_POINT('',(0.00917410187750862,-0.000639510533589,0.0668384952724405));
#7124=CARTESIAN_POINT('',(0.00866504070046116,-0.000604024597067029,0.0665406622340274));
#7125=CARTESIAN_POINT('',(0.00815602452505816,-0.000568550357434721,0.0662428785117614));
#7126=CARTESIAN_POINT('',(0.00764706275469605,-0.000533040234763376,0.0659450077175105));
#7127=CARTESIAN_POINT('',(0.00713783032335629,-0.000497761358197006,0.0656477905397219));
#7128=CARTESIAN_POINT('',(0.00664007448489276,-0.000462219943212726,0.0653538064096101));
#7129=CARTESIAN_POINT('',(0.00631070498909887,-0.000439377102479581,0.0651614868728325));
#7130=CARTESIAN_POINT('',(0.00615104446979437,-0.00042831355134331,0.0650682916355047));
#7131=CARTESIAN_POINT('',(0.00995883539572156,-0.000806083050151244,0.067666335412659));
#7132=CARTESIAN_POINT('',(0.00981262452701762,-0.000794247106746778,0.0675753741697177));
#7133=CARTESIAN_POINT('',(0.00949960112313289,-0.000768907891207859,0.0673806361767033));
#7134=CARTESIAN_POINT('',(0.00901978275962228,-0.000730077288191278,0.0670821657233601));
#7135=CARTESIAN_POINT('',(0.00851928452118655,-0.00068956579264018,0.0667708051225201));
#7136=CARTESIAN_POINT('',(0.00801891518092417,-0.000649061032618907,0.0664595165695698));
#7137=CARTESIAN_POINT('',(0.00751832941817632,-0.000608562712449783,0.0661481601220984));
#7138=CARTESIAN_POINT('',(0.00701829176952854,-0.00056792836038566,0.0658365637471424));
#7139=CARTESIAN_POINT('',(0.00652667779912797,-0.000528757738221785,0.0655327761230459));
#7140=CARTESIAN_POINT('',(0.00620317744111912,-0.00050248726442916,0.0653312462087859));
#7141=CARTESIAN_POINT('',(0.00604638715091439,-0.000489747862393274,0.065233548275244));
#7142=CARTESIAN_POINT('',(0.00987954877874806,-0.000845819338592351,0.0677868107969806));
#7143=CARTESIAN_POINT('',(0.00973450015619679,-0.000833400747937054,0.0676940840407307));
#7144=CARTESIAN_POINT('',(0.00942396542287206,-0.000806813891652419,0.0674955657141539));
#7145=CARTESIAN_POINT('',(0.00894797280892898,-0.000766064221242397,0.067191286233082));
#7146=CARTESIAN_POINT('',(0.00845146688636542,-0.000723553287900404,0.066873864952976));
#7147=CARTESIAN_POINT('',(0.00795505637848314,-0.000681063711299115,0.0665565819231352));
#7148=CARTESIAN_POINT('',(0.00745857325689131,-0.000638523797979671,0.0662389890632414));
#7149=CARTESIAN_POINT('',(0.00696194696944251,-0.000596133813644911,0.0659222378236627));
#7150=CARTESIAN_POINT('',(0.00647637865775637,-0.00055409072911042,0.0656091603751718));
#7151=CARTESIAN_POINT('',(0.00615516288759493,-0.000526653553038884,0.0654041795838692));
#7152=CARTESIAN_POINT('',(0.00599945609731477,-0.000513358840087373,0.0653048464778023));
#7153=CARTESIAN_POINT('',(0.00973885881105191,-0.000902897060459287,0.0679932404111614));
#7154=CARTESIAN_POINT('',(0.00959587003998964,-0.000889640540691305,0.0678974791055407));
#7155=CARTESIAN_POINT('',(0.00928974591242924,-0.000861259651974382,0.0676924638212741));
#7156=CARTESIAN_POINT('',(0.00882053169530053,-0.000817757157241726,0.0673782180422637));
#7157=CARTESIAN_POINT('',(0.00833109320545764,-0.000772381621704185,0.0670504365053276));
#7158=CARTESIAN_POINT('',(0.0078417718616092,-0.000727015530145127,0.0667227264114953));
#7159=CARTESIAN_POINT('',(0.00735230862522353,-0.000681637946222544,0.0663949362893297));
#7160=CARTESIAN_POINT('',(0.00686309447600468,-0.000636285329269083,0.066067271942598));
#7161=CARTESIAN_POINT('',(0.00638312423219031,-0.000591775905678396,0.0657459383891083));
#7162=CARTESIAN_POINT('',(0.00606666014464284,-0.000562436300617825,0.065533979081385));
#7163=CARTESIAN_POINT('',(0.00591327132923686,-0.000548215619178802,0.0654312420211867));
#7164=CARTESIAN_POINT('',(0.00968065260474765,-0.000922517246994554,0.0680767018703348));
#7165=CARTESIAN_POINT('',(0.00953851240813449,-0.000908972561182937,0.0679797157105005));
#7166=CARTESIAN_POINT('',(0.00923420536498334,-0.000879974686265671,0.0677720779493205));
#7167=CARTESIAN_POINT('',(0.00876778625393926,-0.000835525103074716,0.0674538074684529));
#7168=CARTESIAN_POINT('',(0.00828124021965842,-0.000789173750303902,0.0671218818781037));
#7169=CARTESIAN_POINT('',(0.00779493782677528,-0.000742782422701707,0.0667898179918673));
#7170=CARTESIAN_POINT('',(0.00730801109378465,-0.00069656491479775,0.0664584511426736));
#7171=CARTESIAN_POINT('',(0.00682332928494217,-0.000649671517869607,0.0661243117015149));
#7172=CARTESIAN_POINT('',(0.0063402177719866,-0.000606231015609676,0.065807258442914));
#7173=CARTESIAN_POINT('',(0.00602648613733613,-0.00057596744940644,0.0655913962246995));
#7174=CARTESIAN_POINT('',(0.00587448900460366,-0.000561276117471835,0.0654866732560339));
#7175=CARTESIAN_POINT('',(0.00958002029120295,-0.00094757814076965,0.0682175126847919));
#7176=CARTESIAN_POINT('',(0.00943935564736824,-0.000933664586151701,0.0681184513044709));
#7177=CARTESIAN_POINT('',(0.00913820762703205,-0.000903877182164044,0.0679063711770614));
#7178=CARTESIAN_POINT('',(0.00867663099519418,-0.000858222247329126,0.0675813039992581));
#7179=CARTESIAN_POINT('',(0.00819516540671106,-0.000810595867161711,0.0672422650736818));
#7180=CARTESIAN_POINT('',(0.00771384201236563,-0.00076299943409157,0.0669032018524042));
#7181=CARTESIAN_POINT('',(0.00723225170158181,-0.000715318689133905,0.0665644256426712));
#7182=CARTESIAN_POINT('',(0.00675158074769891,-0.000667949139490207,0.0662245748352087));
#7183=CARTESIAN_POINT('',(0.00627724072428197,-0.000620386419369615,0.0658954022250013));
#7184=CARTESIAN_POINT('',(0.00596621797149255,-0.000589718810341219,0.065675700491741));
#7185=CARTESIAN_POINT('',(0.00581549076407306,-0.000574864046544417,0.0655691746643724));
#7186=CARTESIAN_POINT('',(0.00954323482810332,-0.00095481235643252,0.068268294100569));
#7187=CARTESIAN_POINT('',(0.00940311056026093,-0.000940791946514059,0.0681684838391532));
#7188=CARTESIAN_POINT('',(0.00910311895369909,-0.00091077590645667,0.0679548012611807));
#7189=CARTESIAN_POINT('',(0.00864330219379244,-0.000864773984563556,0.0676272998750972));
#7190=CARTESIAN_POINT('',(0.0081637114368376,-0.00081677455288853,0.0672856693717496));
#7191=CARTESIAN_POINT('',(0.00768412318667367,-0.000768845405956483,0.066944201520375));
#7192=CARTESIAN_POINT('',(0.00720476791110959,-0.000720683861461078,0.0666023536654446));
#7193=CARTESIAN_POINT('',(0.00672456154435426,-0.000673369955821484,0.0662617880814508));
#7194=CARTESIAN_POINT('',(0.0062570354526404,-0.000623917362239079,0.0659234137422222));
#7195=CARTESIAN_POINT('',(0.00594649153871328,-0.000593232669174599,0.0657030142844269));
#7196=CARTESIAN_POINT('',(0.00579594020869431,-0.000578386836657213,0.0655962254701505));
#7197=CARTESIAN_POINT('',(0.00949343127171641,-0.000961108736274506,0.0683367156886763));
#7198=CARTESIAN_POINT('',(0.00935403168017741,-0.000946996963135904,0.0682359076741696));
#7199=CARTESIAN_POINT('',(0.00905559300740658,-0.000916785150251238,0.0680200871700042));
#7200=CARTESIAN_POINT('',(0.00859819577895506,-0.000870478540230973,0.0676892599431854));
#7201=CARTESIAN_POINT('',(0.00812101949826245,-0.000822175137685754,0.0673443046319115));
#7202=CARTESIAN_POINT('',(0.00764423985302213,-0.000773890818858389,0.0669989797517209));
#7203=CARTESIAN_POINT('',(0.00716627670783432,-0.000725559204795207,0.0666551968667222));
#7204=CARTESIAN_POINT('',(0.00669257196771008,-0.00067740004269443,0.0663056895164777));
#7205=CARTESIAN_POINT('',(0.00621283701232033,-0.000629576923759491,0.0659840610372533));
#7206=CARTESIAN_POINT('',(0.00590600549597541,-0.000598408664959527,0.0657585611232852));
#7207=CARTESIAN_POINT('',(0.00575741827794257,-0.000583306631293685,0.0656490740765831));
#7208=CARTESIAN_POINT('',(0.00946277606636099,-0.000962736784598383,0.0683787875086553));
#7209=CARTESIAN_POINT('',(0.00932382770419452,-0.000948600646968733,0.0682773595540693));
#7210=CARTESIAN_POINT('',(0.00902635511811498,-0.000918336662867279,0.0680602118468415));
#7211=CARTESIAN_POINT('',(0.0085704400332675,-0.00087194983796902,0.0677273509859739));
#7212=CARTESIAN_POINT('',(0.00809480589144163,-0.000823566945530076,0.0673802733984966));
#7213=CARTESIAN_POINT('',(0.00761957931480918,-0.000775187021138443,0.0670328267835016));
#7214=CARTESIAN_POINT('',(0.00714313241267201,-0.000726823053392025,0.0666869239290755));
#7215=CARTESIAN_POINT('',(0.00667103877194502,-0.000678388734302663,0.0663353025159877));
#7216=CARTESIAN_POINT('',(0.00619256660886971,-0.000631185739197822,0.0660115496443439));
#7217=CARTESIAN_POINT('',(0.00588676992591254,-0.000599864566088215,0.065784689489159));
#7218=CARTESIAN_POINT('',(0.00573868711938732,-0.00058468054772241,0.0656745437058557));
#7219=CARTESIAN_POINT('',(0.00942204088950889,-0.000963493110812064,0.0684337518602312));
#7220=CARTESIAN_POINT('',(0.0092836941875243,-0.000949345944713686,0.0683315158971527));
#7221=CARTESIAN_POINT('',(0.00898750870881211,-0.000919058375041728,0.0681126396452777));
#7222=CARTESIAN_POINT('',(0.00853354027459564,-0.000872636069995492,0.0677771643699941));
#7223=CARTESIAN_POINT('',(0.00806001227786519,-0.000824213398291968,0.0674272348385421));
#7224=CARTESIAN_POINT('',(0.00758659119335552,-0.000775801629886384,0.0670773844418492));
#7225=CARTESIAN_POINT('',(0.00711305815548439,-0.000727377970369982,0.0667274509310468));
#7226=CARTESIAN_POINT('',(0.00663964049754422,-0.00067896721496742,0.0663776027833557));
#7227=CARTESIAN_POINT('',(0.00617550960599241,-0.000631505393090777,0.0660346181605266));
#7228=CARTESIAN_POINT('',(0.00586928968306982,-0.000600191699210254,0.0658083266050376));
#7229=CARTESIAN_POINT('',(0.0057208633791094,-0.000585013800748847,0.0656986419688808));
#7230=CARTESIAN_POINT('',(0.0084984003579389,-0.000276391623068014,0.0656308314690356));
#7231=CARTESIAN_POINT('',(0.000189712448307034,-9.53328646230469E-6,0.0858470552280507));
#7232=CARTESIAN_POINT('',(0.0106195066237513,0.00034538020894123,0.0666690710822029));
#7233=CARTESIAN_POINT('',(0.0104427671138777,0.000339631663907192,0.066582560956463));
#7234=CARTESIAN_POINT('',(0.010089280060972,0.00032813431255643,0.0664095367729276));
#7235=CARTESIAN_POINT('',(0.00955887406056555,0.000310884364435387,0.0661499115348879));
#7236=CARTESIAN_POINT('',(0.00902853826229052,0.000293635710042895,0.0658903226607718));
#7237=CARTESIAN_POINT('',(0.00849850097658282,0.000276393799136946,0.0656308832850559));
#7238=CARTESIAN_POINT('',(0.0079676255937495,0.00025913341988271,0.0653710228325532));
#7239=CARTESIAN_POINT('',(0.00743765509189599,0.000241894717893661,0.0651116147901856));
#7240=CARTESIAN_POINT('',(0.00690722876046062,0.000224641054385366,0.0648519848691866));
#7241=CARTESIAN_POINT('',(0.00655372936425061,0.000213143951385234,0.0646789534008443));
#7242=CARTESIAN_POINT('',(0.00637696029715622,0.000207394769934258,0.0645924281859082));
#7243=CARTESIAN_POINT('',(0.00942207229552966,0.000963496745308733,0.0684337751390134));
#7244=CARTESIAN_POINT('',(0.00928370394298357,0.000949347467244602,0.0683315231709272));
#7245=CARTESIAN_POINT('',(0.0089874921646328,0.000919057391652368,0.0681126274678677));
#7246=CARTESIAN_POINT('',(0.00853352945241874,0.000872635024586825,0.0677771562844904));
#7247=CARTESIAN_POINT('',(0.00805999999976826,0.000824212274392775,0.067427225724274));
#7248=CARTESIAN_POINT('',(0.00758653967394657,0.000775796984527318,0.0670773460816588));
#7249=CARTESIAN_POINT('',(0.00711307263012717,0.000727379198269042,0.066727461750802));
#7250=CARTESIAN_POINT('',(0.00663962445630028,0.000678965771046891,0.0663775908890725));
#7251=CARTESIAN_POINT('',(0.00617519714110474,0.000631473191441788,0.0660343873227268));
#7252=CARTESIAN_POINT('',(0.005868651608616,0.000600126196737172,0.0658078551056576));
#7253=CARTESIAN_POINT('',(0.00571989894435883,0.000584914926756112,0.065697929273089));
#7254=CARTESIAN_POINT('',(0.00945825182406664,0.000962823327727211,0.0683849239685694));
#7255=CARTESIAN_POINT('',(0.0093193598637437,0.000948683782788831,0.0682833779402932));
#7256=CARTESIAN_POINT('',(0.00902202207786183,0.000918414707406146,0.0680660018051072));
#7257=CARTESIAN_POINT('',(0.00856619815147339,0.000872028888097263,0.0677330810034813));
#7258=CARTESIAN_POINT('',(0.00809133475200031,0.000823630764193116,0.0673849446620296));
#7259=CARTESIAN_POINT('',(0.00761422693584045,0.000775284611708932,0.0670400142116282));
#7260=CARTESIAN_POINT('',(0.00714005282290381,0.00072687972763186,0.0666910714259601));
#7261=CARTESIAN_POINT('',(0.00666454230905797,0.000678507629343308,0.0663440375511277));
#7262=CARTESIAN_POINT('',(0.00619839551779122,0.0006310382461265,0.0660030059000297));
#7263=CARTESIAN_POINT('',(0.00589068212331665,0.000599713723485617,0.0657780607795329));
#7264=CARTESIAN_POINT('',(0.00574136230279946,0.000584513455138832,0.0656689071716612));
#7265=CARTESIAN_POINT('',(0.00948430785824996,0.000961518150625856,0.0683492874889714));
#7266=CARTESIAN_POINT('',(0.00934504442684998,0.000947395939254959,0.0682482511221086));
#7267=CARTESIAN_POINT('',(0.00904690424108397,0.000917165312372198,0.068031976273742));
#7268=CARTESIAN_POINT('',(0.00858965975341492,0.000870874108509842,0.0677010153956121));
#7269=CARTESIAN_POINT('',(0.00811421647822308,0.000822416548081952,0.0673536563186151));
#7270=CARTESIAN_POINT('',(0.0076331028176277,0.000774602768626286,0.0670142780428678));
#7271=CARTESIAN_POINT('',(0.00716479894280785,0.000725307137552544,0.0666572297988938));
#7272=CARTESIAN_POINT('',(0.00668579297487997,0.000677289075352345,0.0663150298439215));
#7273=CARTESIAN_POINT('',(0.00621861094272383,0.000629836781999038,0.0659753474313916));
#7274=CARTESIAN_POINT('',(0.00590985657928351,0.000598578469860666,0.0657518356542807));
#7275=CARTESIAN_POINT('',(0.00576002678119584,0.000583411074196707,0.0656433849319331));
#7276=CARTESIAN_POINT('',(0.00954132220734825,0.000954961684131214,0.0682710028621731));
#7277=CARTESIAN_POINT('',(0.0094011922745729,0.000940940641324133,0.0681711617957518));
#7278=CARTESIAN_POINT('',(0.00910121929956049,0.000910923426280812,0.0679574155823255));
#7279=CARTESIAN_POINT('',(0.00864175574740551,0.000864875108060585,0.0676295265806388));
#7280=CARTESIAN_POINT('',(0.00816140221658257,0.000817039953110169,0.0672888938767894));
#7281=CARTESIAN_POINT('',(0.0076850738904534,0.000768465730047186,0.0669430438614963));
#7282=CARTESIAN_POINT('',(0.00720062325212356,0.000721358337420931,0.0666080016666139));
#7283=CARTESIAN_POINT('',(0.00672270931255578,0.000673124520666636,0.06626439928366));
#7284=CARTESIAN_POINT('',(0.00625198597184145,0.000626090333925647,0.0659294862602539));
#7285=CARTESIAN_POINT('',(0.0059416813470134,0.000595006024963107,0.0657081211710677));
#7286=CARTESIAN_POINT('',(0.00579110993525782,0.000579921684568514,0.0656006985814559));
#7287=CARTESIAN_POINT('',(0.0095744206773351,0.000948604540794879,0.0682252839958122));
#7288=CARTESIAN_POINT('',(0.00943381845474064,0.00093467497629942,0.0681261004375512));
#7289=CARTESIAN_POINT('',(0.00913282669901347,0.000904854929253521,0.0679137718368671));
#7290=CARTESIAN_POINT('',(0.00867159625008129,0.000859144321747409,0.0675883228468589));
#7291=CARTESIAN_POINT('',(0.00819026296678268,0.000811504956550869,0.0672490654704712));
#7292=CARTESIAN_POINT('',(0.00770973972967226,0.000763711425160889,0.0669089591824696));
#7293=CARTESIAN_POINT('',(0.00722640069838069,0.000716520387772152,0.0665724702917217));
#7294=CARTESIAN_POINT('',(0.00674607633873996,0.000668709976219176,0.0662322025382658));
#7295=CARTESIAN_POINT('',(0.00627389590430624,0.00062195414615353,0.0658992619689595));
#7296=CARTESIAN_POINT('',(0.00596248525684861,0.000591078281935065,0.0656794345160352));
#7297=CARTESIAN_POINT('',(0.00581137518910873,0.000576095424964864,0.065572761263132));
#7298=CARTESIAN_POINT('',(0.00965080096903284,0.000930519373364872,0.0681186139113179));
#7299=CARTESIAN_POINT('',(0.00950909257375801,0.000916853444947402,0.0680209869157337));
#7300=CARTESIAN_POINT('',(0.00920572526817637,0.000887599353425923,0.0678119993123095));
#7301=CARTESIAN_POINT('',(0.00874065429247244,0.00084279806040281,0.0674919043970342));
#7302=CARTESIAN_POINT('',(0.00825610824603026,0.000795916035929347,0.0671571399326916));
#7303=CARTESIAN_POINT('',(0.00776944566716181,0.000749600380646908,0.0668256564113472));
#7304=CARTESIAN_POINT('',(0.00728747803772337,0.000702110011547477,0.0664871772523361));
#7305=CARTESIAN_POINT('',(0.00680175434808175,0.0006555776871583,0.0661545233267709));
#7306=CARTESIAN_POINT('',(0.00632601461682391,0.000609657301000726,0.0658265028624785));
#7307=CARTESIAN_POINT('',(0.00601199675089213,0.000579400824165871,0.0656103377539305));
#7308=CARTESIAN_POINT('',(0.00585961802625305,0.000564719447874411,0.065505447287397));
#7309=CARTESIAN_POINT('',(0.00969522364422228,0.000917127248909558,0.0680555647771388));
#7310=CARTESIAN_POINT('',(0.00955286028798535,0.000903659350228799,0.0679588744843637));
#7311=CARTESIAN_POINT('',(0.00924809443488154,0.000874828117139893,0.0677518854851937));
#7312=CARTESIAN_POINT('',(0.00878097476937523,0.000830646328595072,0.0674346769100435));
#7313=CARTESIAN_POINT('',(0.00829379260243885,0.000784532169813805,0.0671036539240302));
#7314=CARTESIAN_POINT('',(0.00780641037601744,0.000738537613473458,0.066773233759344));
#7315=CARTESIAN_POINT('',(0.00732012110742354,0.000692127055092037,0.0664407980494951));
#7316=CARTESIAN_POINT('',(0.00683276794576312,0.000646154150259265,0.0661104931392762));
#7317=CARTESIAN_POINT('',(0.00635472660684948,0.000600918758952345,0.0657857513248565));
#7318=CARTESIAN_POINT('',(0.00603929864254569,0.000571092926356631,0.0655715931533803));
#7319=CARTESIAN_POINT('',(0.0058862371378944,0.000556620231289861,0.0654676744349652));
#7320=CARTESIAN_POINT('',(0.00983834063133786,0.000866585834750623,0.0678490854036354));
#7321=CARTESIAN_POINT('',(0.00969388303695663,0.000853861232524279,0.067755434077819));
#7322=CARTESIAN_POINT('',(0.00938463060028111,0.000826621372132148,0.0675549496817502));
#7323=CARTESIAN_POINT('',(0.00891054592599315,0.000784882776523855,0.0672476816275059));
#7324=CARTESIAN_POINT('',(0.00841624833324083,0.000741276548197567,0.0669269598466923));
#7325=CARTESIAN_POINT('',(0.00792147838753139,0.000697938450218155,0.0666071744882499));
#7326=CARTESIAN_POINT('',(0.00742874189391027,0.000653617679769281,0.0662840440846057));
#7327=CARTESIAN_POINT('',(0.00693396135430729,0.00061032544944593,0.0659644501108221));
#7328=CARTESIAN_POINT('',(0.00644892032732343,0.000567569907833101,0.0656498860659603));
#7329=CARTESIAN_POINT('',(0.00612880904690811,0.000539403959208443,0.0654424867293264));
#7330=CARTESIAN_POINT('',(0.00597347408578913,0.000525737042848275,0.0653418483223756));
#7331=CARTESIAN_POINT('',(0.00994150048745793,0.000816172157586429,0.0676939493723832));
#7332=CARTESIAN_POINT('',(0.00979552438436934,0.000804189121806482,0.0676025806266558));
#7333=CARTESIAN_POINT('',(0.00948301922337569,0.000778536634448824,0.0674069808451817));
#7334=CARTESIAN_POINT('',(0.00900389688487062,0.000739227224087862,0.0671071505014746));
#7335=CARTESIAN_POINT('',(0.00850435605641233,0.000698180793111381,0.0667943485370758));
#7336=CARTESIAN_POINT('',(0.00800462635614895,0.000657270001135077,0.066481921380026));
#7337=CARTESIAN_POINT('',(0.00750569084467878,0.000615890577025241,0.0661682397136422));
#7338=CARTESIAN_POINT('',(0.0070059987161866,0.000575019600750459,0.0658559568315456));
#7339=CARTESIAN_POINT('',(0.0065159394898721,0.000534728458393729,0.0655490183288239));
#7340=CARTESIAN_POINT('',(0.00619249514432081,0.000508192970862179,0.0653466188706199));
#7341=CARTESIAN_POINT('',(0.00603554251602278,0.000495317295325808,0.0652484062264929));
#7342=CARTESIAN_POINT('',(0.0101285460401385,0.000706169313877226,0.0673983065691572));
#7343=CARTESIAN_POINT('',(0.00997981219400798,0.000695798173075316,0.067311260917707));
#7344=CARTESIAN_POINT('',(0.00966140881874712,0.000673595404134373,0.0671249148920205));
#7345=CARTESIAN_POINT('',(0.00917339124951578,0.000639547824915753,0.0668392425613255));
#7346=CARTESIAN_POINT('',(0.00866432998011789,0.000604090330856953,0.0665414495589246));
#7347=CARTESIAN_POINT('',(0.00815549784642562,0.000568500008358296,0.066243288114612));
#7348=CARTESIAN_POINT('',(0.0076459827676868,0.000533391510583749,0.0659465010694503));
#7349=CARTESIAN_POINT('',(0.00713734596354201,0.00049777612451432,0.0656483338779337));
#7350=CARTESIAN_POINT('',(0.00663788002100498,0.000463012876539655,0.0653562325137464));
#7351=CARTESIAN_POINT('',(0.00630839286115882,0.000440022454993714,0.0651633516011639));
#7352=CARTESIAN_POINT('',(0.006148510177569,0.00042886563642401,0.0650697541566531));
#7353=CARTESIAN_POINT('',(0.0102153543246547,0.000644598768150168,0.0672539501039344));
#7354=CARTESIAN_POINT('',(0.0100653346194761,0.000635132601445719,0.067169018824108));
#7355=CARTESIAN_POINT('',(0.00974418272921331,0.000614866610420465,0.0669872005945425));
#7356=CARTESIAN_POINT('',(0.00925206422404147,0.00058377280166184,0.0667085062062167));
#7357=CARTESIAN_POINT('',(0.00873861178031112,0.000551422921315355,0.0664179737491723));
#7358=CARTESIAN_POINT('',(0.00822542213484127,0.000518886088491627,0.0661270190635745));
#7359=CARTESIAN_POINT('',(0.00771153635058178,0.000487002485186803,0.0658376191979643));
#7360=CARTESIAN_POINT('',(0.00719851130210821,0.000454431667607322,0.0655466233230784));
#7361=CARTESIAN_POINT('',(0.00669474809323936,0.000422722704634572,0.0652617095311218));
#7362=CARTESIAN_POINT('',(0.00636242877135818,0.00040173074878633,0.0650735082726219));
#7363=CARTESIAN_POINT('',(0.00620117182535323,0.000391543457944699,0.0649821807789161));
#7364=CARTESIAN_POINT('',(0.0103846988137437,0.000507796069356617,0.0669578861752851));
#7365=CARTESIAN_POINT('',(0.0102321946956418,0.000500340663296169,0.0668773092171961));
#7366=CARTESIAN_POINT('',(0.0099057255980151,0.00048437903854564,0.0667048130159442));
#7367=CARTESIAN_POINT('',(0.00940549258736448,0.000459877529443338,0.0664404191100199));
#7368=CARTESIAN_POINT('',(0.00888354182431836,0.000434396092458782,0.0661647398844496));
#7369=CARTESIAN_POINT('',(0.00836187564201377,0.000408772289216386,0.0658888295909122));
#7370=CARTESIAN_POINT('',(0.00783956325998361,0.000383603735593968,0.0656137616398082));
#7371=CARTESIAN_POINT('',(0.00731803355630763,0.000357955663609815,0.0653378291830989));
#7372=CARTESIAN_POINT('',(0.00680579272649097,0.000333005240605403,0.0650674664170171));
#7373=CARTESIAN_POINT('',(0.00646798574659915,0.000316466754645632,0.0648889238506276));
#7374=CARTESIAN_POINT('',(0.00630406735095201,0.000308440429393469,0.0648022840176864));
#7375=CARTESIAN_POINT('',(0.0104674403551217,0.000432418090940002,0.0668060214809961));
#7376=CARTESIAN_POINT('',(0.0103137308251375,0.000426070401147349,0.0667276845019947));
#7377=CARTESIAN_POINT('',(0.00998467973057413,0.000412480535342355,0.0665599833394808));
#7378=CARTESIAN_POINT('',(0.00948044938187583,0.000391624998913213,0.0663029330147431));
#7379=CARTESIAN_POINT('',(0.00895437059509537,0.000369912209028016,0.0660348488480387));
#7380=CARTESIAN_POINT('',(0.00842857312740255,0.000348152599367081,0.0657667794887996));
#7381=CARTESIAN_POINT('',(0.00790219504112014,0.000326491305097604,0.0654986794826528));
#7382=CARTESIAN_POINT('',(0.00737656706050485,0.000304723869746788,0.0652306638495267));
#7383=CARTESIAN_POINT('',(0.00686012192776326,0.000283482412512392,0.0649676503461015));
#7384=CARTESIAN_POINT('',(0.00651965110068631,0.000269404612138227,0.0647940928572056));
#7385=CARTESIAN_POINT('',(0.00635444156629666,0.000262572516494802,0.0647098738734942));
#7386=CARTESIAN_POINT('',(0.0105540983043163,0.000343252769686354,0.0666370551389986));
#7387=CARTESIAN_POINT('',(0.0103991611553325,0.000338213361815607,0.0665612167853259));
#7388=CARTESIAN_POINT('',(0.0100674700234793,0.000327425003055824,0.0663988611090562));
#7389=CARTESIAN_POINT('',(0.00955887406056555,0.000310884364435387,0.0661499115348879));
#7390=CARTESIAN_POINT('',(0.00902853826229052,0.000293635710042895,0.0658903226607718));
#7391=CARTESIAN_POINT('',(0.00849850097658282,0.000276393799136946,0.0656308832850559));
#7392=CARTESIAN_POINT('',(0.0079676255937495,0.00025913341988271,0.0653710228325532));
#7393=CARTESIAN_POINT('',(0.00743765509189599,0.000241894717893661,0.0651116147901856));
#7394=CARTESIAN_POINT('',(0.00691739459239565,0.000224971727719426,0.064856960780045));
#7395=CARTESIAN_POINT('',(0.00657405568076765,0.000213805039337065,0.0646889027576029));
#7396=CARTESIAN_POINT('',(0.00640744965943161,0.000208386396419008,0.0646073521691871));
#7397=CARTESIAN_POINT('',(-7.74387010911514E-7,1.33164530772256E-19,0.0658134199218398));
#7398=CARTESIAN_POINT('',(-1.26098455002256E-6,2.16840434497101E-19,0.0685420332613903));
#7399=CARTESIAN_POINT('',(0.00855079779898674,0.00377868168957565,0.0685380478587764));
#7400=CARTESIAN_POINT('',(0.00808270133710758,0.00469780514485766,0.0685381412691746));
#7401=CARTESIAN_POINT('',(2.39685370345736E-9,-5.42468249466167E-9,0.06147101668735));
#7402=CARTESIAN_POINT('',(0.00525317144582121,0.0023214274838864,0.0658125162610182));
#7403=CARTESIAN_POINT('',(-7.74387010911514E-7,1.33164530772256E-19,0.0658134199218398));
#7404=CARTESIAN_POINT('',(0.00496550157517601,0.00288604249039507,0.065812468496277));
#7405=CARTESIAN_POINT('',(0.00808270569970141,0.00469782421578851,0.0685381236023487));
#7406=CARTESIAN_POINT('',(-1.27634307477961E-6,2.19805049812491E-19,0.0686281567457065));
#7407=CARTESIAN_POINT('',(0.00854985116368577,0.00377824729582309,0.0685372603945691));
#7408=CARTESIAN_POINT('',(0.00862576898563397,0.00381179583930047,0.0684036159742182));
#7409=CARTESIAN_POINT('',(0.00913753462860864,0.00196953828752106,0.0685373657365415));
#7410=CARTESIAN_POINT('',(0.00899866068278237,0.00258931108048134,0.0685456906910171));
#7411=CARTESIAN_POINT('',(0.00880178825314061,0.00319522602069647,0.0685456535372573));
#7412=CARTESIAN_POINT('',(0.00854984557214931,0.00377825888405056,0.0685372610878632));
#7413=CARTESIAN_POINT('',(0.00921867218225045,0.00198703174880683,0.0684037217173444));
#7414=CARTESIAN_POINT('',(0.00921867473615953,0.00198701989858101,0.068403721717784));
#7415=CARTESIAN_POINT('',(0.010119946727714,0.00292838991640013,0.066624948396404));
#7416=CARTESIAN_POINT('',(0.0099960164411174,0.00272432398500872,0.0669079638538001));
#7417=CARTESIAN_POINT('',(0.00972657314973326,0.0023428440496597,0.067483206690896));
#7418=CARTESIAN_POINT('',(0.00940443899465102,0.00205418112475369,0.0680885468435359));
#7419=CARTESIAN_POINT('',(0.00921867498812085,0.00198701925896382,0.0684037215381935));
#7420=CARTESIAN_POINT('',(0.010119946696517,0.00292838990737598,0.0666249484486949));
#7421=CARTESIAN_POINT('',(0.010119786779696,0.00292834406195443,0.0666252163072637));
#7422=CARTESIAN_POINT('',(0.0100564432694017,0.00314781018077752,0.0666249617997704));
#7423=CARTESIAN_POINT('',(0.00998587721014186,0.00336492883635128,0.0666249797939415));
#7424=CARTESIAN_POINT('',(0.00990808635187672,0.00357969929709828,0.0666252741108808));
#7425=CARTESIAN_POINT('',(0.0099082983979778,0.00357977659924292,0.0666249107051496));
#7426=CARTESIAN_POINT('',(0.00862576984078084,0.00381179392871193,0.0684036159582213));
#7427=CARTESIAN_POINT('',(0.00881529394967786,0.00386654476708057,0.0680888554064997));
#7428=CARTESIAN_POINT('',(0.00924618260788487,0.0038219636530603,0.0674828684188623));
#7429=CARTESIAN_POINT('',(0.00968809327117881,0.00367205264955954,0.0669078902126593));
#7430=CARTESIAN_POINT('',(0.00990829731847524,0.00357977620938104,0.0666249125531963));
#7431=CARTESIAN_POINT('',(-7.83818880698022E-7,1.35525271560688E-19,0.0658663094735696));
#7432=CARTESIAN_POINT('',(0.00529719574649423,0.00234087653527681,0.06572841573594));
#7433=CARTESIAN_POINT('',(0.00553123361494135,0.00240849182018798,0.0653397237433631));
#7434=CARTESIAN_POINT('',(0.00581414622597962,0.00231182562817726,0.0649839104725675));
#7435=CARTESIAN_POINT('',(0.00608481302185544,0.00219838229255043,0.0646360956482717));
#7436=CARTESIAN_POINT('',(0.00529719683750443,0.00234087406659476,0.065728415735788));
#7437=CARTESIAN_POINT('',(0.00608481630444207,0.00219838347804873,0.0646360900286744));
#7438=CARTESIAN_POINT('',(0.00621515572421532,0.0017984821508698,0.0646354952668793));
#7439=CARTESIAN_POINT('',(0.00617572170398918,0.00193308955369709,0.064636240253512));
#7440=CARTESIAN_POINT('',(0.00613228147577967,0.00206639220249171,0.0646364279557716));
#7441=CARTESIAN_POINT('',(0.00608483407145956,0.00219838977983344,0.064636059675347));
#7442=CARTESIAN_POINT('',(0.00621478833385878,0.00179837110168947,0.0646361132067732));
#7443=CARTESIAN_POINT('',(0.00621478369744299,0.00179836976051376,0.0646361209781235));
#7444=CARTESIAN_POINT('',(0.00606263236263623,0.00154780292699162,0.0649835984934706));
#7445=CARTESIAN_POINT('',(0.00588904299988559,0.00130258217291606,0.0653420996987398));
#7446=CARTESIAN_POINT('',(0.00566130832889631,0.00122025318808044,0.0657284810855522));
#7447=CARTESIAN_POINT('',(0.00566130856699195,0.00122025254109784,0.0657284809302845));
#7448=CARTESIAN_POINT('',(0.00566130600492664,0.0012202644291735,0.0657284809298441));
#7449=CARTESIAN_POINT('',(0.0056446588700222,0.00121667772835735,0.065755900073095));
#7450=CARTESIAN_POINT('',(0.00562801173511776,0.00121309102754121,0.065783319216346));
#7451=CARTESIAN_POINT('',(0.00561136460021332,0.00120950432672507,0.0658107383595969));
#7452=CARTESIAN_POINT('',(0.00525581655749519,0.00232259181627301,0.0658143573372591));
#7453=CARTESIAN_POINT('',(0.00541206370535154,0.00196758798840194,0.0658143852010375));
#7454=CARTESIAN_POINT('',(0.00553490528992889,0.00158961982863529,0.0658144071075539));
#7455=CARTESIAN_POINT('',(0.00561711812873816,0.00121074381643996,0.0658144217686876));
#7456=CARTESIAN_POINT('',(0.00525046829758813,0.00232022126067139,0.0658106779201077));
#7457=CARTESIAN_POINT('',(0.00526604605291289,0.00232710196389452,0.0657832571922884));
#7458=CARTESIAN_POINT('',(0.00528162380823767,0.00233398266711765,0.065755836464469));
#7459=CARTESIAN_POINT('',(0.00529720156356243,0.00234086337034078,0.0657284157366496));
#7460=CARTESIAN_POINT('',(0.00693214332107282,0.00306336167313152,0.0671204677139881));
#7461=CARTESIAN_POINT('',(0.00697548070125336,0.00308252099358494,0.0670772660715025));
#7462=CARTESIAN_POINT('',(0.00740827103192404,0.00159681439563014,0.0671212295179006));
#7463=CARTESIAN_POINT('',(0.00745498515501526,0.00160686797290195,0.0670773768661183));
#7464=CARTESIAN_POINT('',(0.0101435647363886,0.00293522654429474,0.0666369793033884));
#7465=CARTESIAN_POINT('',(0.0099946618780889,0.00289213916528032,0.066561145824608));
#7466=CARTESIAN_POINT('',(0.00967587379941122,0.00279989279858448,0.0663987928960862));
#7467=CARTESIAN_POINT('',(0.00918718225701507,0.00265848130631601,0.0661499101552288));
#7468=CARTESIAN_POINT('',(0.00867741874332342,0.00251097199940878,0.0658902955769651));
#7469=CARTESIAN_POINT('',(0.00816785204249866,0.00236352156776421,0.0656307836683211));
#7470=CARTESIAN_POINT('',(0.00765790776525909,0.0022159567329219,0.0653710731805254));
#7471=CARTESIAN_POINT('',(0.0071483856339142,0.00206851839957157,0.0651115825804455));
#7472=CARTESIAN_POINT('',(0.00664868472847296,0.00192392277282878,0.0648570959772131));
#7473=CARTESIAN_POINT('',(0.00631904574110371,0.00182853587786334,0.0646892159962806));
#7474=CARTESIAN_POINT('',(0.0061592687869186,0.00178230156299638,0.0646078440622819));
#7475=CARTESIAN_POINT('',(0.0100893585583125,0.00282449069446041,0.0668049674774639));
#7476=CARTESIAN_POINT('',(0.0099412270330318,0.00278303259358937,0.0667266328835004));
#7477=CARTESIAN_POINT('',(0.00962409349461055,0.00269427379918971,0.0665589300400425));
#7478=CARTESIAN_POINT('',(0.00913802292165221,0.00255819347228153,0.0663019724562206));
#7479=CARTESIAN_POINT('',(0.00863096458344682,0.00241624999349995,0.0660338926618072));
#7480=CARTESIAN_POINT('',(0.00812394397178493,0.00227427385623078,0.0657659230959008));
#7481=CARTESIAN_POINT('',(0.00761692838721881,0.00213236807885397,0.0654978087492184));
#7482=CARTESIAN_POINT('',(0.0071101239961045,0.0019905389382524,0.0652297777653526));
#7483=CARTESIAN_POINT('',(0.00661271640373643,0.00185115374523235,0.0649670896219137));
#7484=CARTESIAN_POINT('',(0.00628487539028191,0.00175939950885542,0.0647937208654216));
#7485=CARTESIAN_POINT('',(0.00612597391048808,0.00171492869021033,0.0647096874082543));
#7486=CARTESIAN_POINT('',(0.0100380183290674,0.00273255124734211,0.0669471468103952));
#7487=CARTESIAN_POINT('',(0.00989062710780918,0.00269243403170215,0.0668667253937453));
#7488=CARTESIAN_POINT('',(0.00957507783986954,0.00260654615222401,0.0666945541806238));
#7489=CARTESIAN_POINT('',(0.00909141846162253,0.00247487205708332,0.0664307290940689));
#7490=CARTESIAN_POINT('',(0.00858695762039676,0.00233755055879118,0.0661555216551788));
#7491=CARTESIAN_POINT('',(0.00808247412292774,0.00220019238926787,0.0658803661139718));
#7492=CARTESIAN_POINT('',(0.00757815496488085,0.00206294284219192,0.0656051677084308));
#7493=CARTESIAN_POINT('',(0.00707381975271225,0.00192567024863786,0.06532998832084));
#7494=CARTESIAN_POINT('',(0.00657913936498716,0.00179093400673006,0.0650602956560829));
#7495=CARTESIAN_POINT('',(0.00625292062165208,0.00170213975019494,0.0648823087546611));
#7496=CARTESIAN_POINT('',(0.0060948029860866,0.00165910214714104,0.0647960369051544));
#7497=CARTESIAN_POINT('',(0.00992059247241325,0.00255130254996264,0.0672408558847434));
#7498=CARTESIAN_POINT('',(0.00977491175782333,0.00251383131082841,0.0671561408950964));
#7499=CARTESIAN_POINT('',(0.00946302660708686,0.00243361095899305,0.0669747734931672));
#7500=CARTESIAN_POINT('',(0.00898503924965307,0.0023106973455354,0.0666967440425335));
#7501=CARTESIAN_POINT('',(0.00848647719498466,0.0021824790379452,0.0664067829545289));
#7502=CARTESIAN_POINT('',(0.00798791769894454,0.00205428384009258,0.0661167598123322));
#7503=CARTESIAN_POINT('',(0.00748950733687665,0.00192608310460549,0.0658269530015493));
#7504=CARTESIAN_POINT('',(0.00699098812410709,0.00179784665223621,0.0655370795057483));
#7505=CARTESIAN_POINT('',(0.00650235904384906,0.00167229234434587,0.0652526326551125));
#7506=CARTESIAN_POINT('',(0.00617991928124847,0.00158935440749246,0.0650651345006963));
#7507=CARTESIAN_POINT('',(0.00602363034822984,0.00154915256915823,0.0649742556228576));
#7508=CARTESIAN_POINT('',(0.00985165689290267,0.00245890520957246,0.0673972965575236));
#7509=CARTESIAN_POINT('',(0.00970700261173702,0.00242279879875558,0.0673102852517879));
#7510=CARTESIAN_POINT('',(0.00939731379267874,0.00234549947642468,0.0671240021394845));
#7511=CARTESIAN_POINT('',(0.00892266215763807,0.00222703847101452,0.0668384504328339));
#7512=CARTESIAN_POINT('',(0.00842755304948448,0.00210346263698031,0.0665406198825133));
#7513=CARTESIAN_POINT('',(0.00793249035454536,0.00197988958753334,0.0662428386485914));
#7514=CARTESIAN_POINT('',(0.00743746831416626,0.0018563674721681,0.0659449703402326));
#7515=CARTESIAN_POINT('',(0.00694226031317056,0.00173254182586651,0.0656477556634408));
#7516=CARTESIAN_POINT('',(0.00645788604358244,0.00161251250878294,0.0653537739196835));
#7517=CARTESIAN_POINT('',(0.00613757989054803,0.0015324459730642,0.0651614559991849));
#7518=CARTESIAN_POINT('',(0.00598231570117811,0.0014936250867031,0.0650682615458609));
#7519=CARTESIAN_POINT('',(0.00972045459698375,0.00231116020318393,0.0676662929018685));
#7520=CARTESIAN_POINT('',(0.00957774308364824,0.00227723019917025,0.0675753322829723));
#7521=CARTESIAN_POINT('',(0.00927221158674707,0.00220458894381394,0.0673805956260005));
#7522=CARTESIAN_POINT('',(0.00880388049380057,0.00209323056772048,0.0670821272211987));
#7523=CARTESIAN_POINT('',(0.00831536235917484,0.0019770796723903,0.0667707687567878));
#7524=CARTESIAN_POINT('',(0.00782696889476131,0.00186096220688643,0.0664594823395127));
#7525=CARTESIAN_POINT('',(0.00733837159094868,0.00174477173475281,0.0661481280299604));
#7526=CARTESIAN_POINT('',(0.00685025354055092,0.00162887999998664,0.0658365337806435));
#7527=CARTESIAN_POINT('',(0.00637059913350559,0.00151419966537319,0.0655327482893131));
#7528=CARTESIAN_POINT('',(0.00605481574575645,0.00143920615813984,0.0653312197512315));
#7529=CARTESIAN_POINT('',(0.00590176347938006,0.00140286580212056,0.0652335224842968));
#7530=CARTESIAN_POINT('',(0.0096573266798305,0.0022488744745374,0.0677867711677943));
#7531=CARTESIAN_POINT('',(0.00951554049578416,0.00221585765750251,0.0676940449933397));
#7532=CARTESIAN_POINT('',(0.00921199035604806,0.0021451718121671,0.0674955279123355));
#7533=CARTESIAN_POINT('',(0.00874670479343706,0.00203682047911651,0.0671912503406674));
#7534=CARTESIAN_POINT('',(0.00826136576949471,0.00192380452156953,0.0668738310519706));
#7535=CARTESIAN_POINT('',(0.00777612408869593,0.00181079774493131,0.0665565500138827));
#7536=CARTESIAN_POINT('',(0.00729079779595855,0.00169781638541305,0.0662389591436023));
#7537=CARTESIAN_POINT('',(0.00680538166765744,0.00158464824065436,0.0659222099031474));
#7538=CARTESIAN_POINT('',(0.00633058946514615,0.00147456747941306,0.0656091343763755));
#7539=CARTESIAN_POINT('',(0.00601661834885388,0.0014013893582744,0.0654041548770225));
#7540=CARTESIAN_POINT('',(0.00586442496590754,0.00136591186409459,0.0653048223975065));
#7541=CARTESIAN_POINT('',(0.00954115875308235,0.00215112612076409,0.067993205155026));
#7542=CARTESIAN_POINT('',(0.00940107269637469,0.00211954258355162,0.0678974443670504));
#7543=CARTESIAN_POINT('',(0.0091011629622037,0.00205192555853565,0.0676924301910055));
#7544=CARTESIAN_POINT('',(0.00864147345556635,0.00194828640755505,0.0673781861105504));
#7545=CARTESIAN_POINT('',(0.00816197083925699,0.00184017823444804,0.067050406345493));
#7546=CARTESIAN_POINT('',(0.00768258255313543,0.00173209728362333,0.0667226980230371));
#7547=CARTESIAN_POINT('',(0.00720305576855442,0.00162398341107099,0.0663949096728533));
#7548=CARTESIAN_POINT('',(0.00672377359406677,0.00151592277261754,0.0660672470973048));
#7549=CARTESIAN_POINT('',(0.00625354340188278,0.00140991708231472,0.0657459152807726));
#7550=CARTESIAN_POINT('',(0.00594350358234205,0.00134001624475092,0.0655339571186983));
#7551=CARTESIAN_POINT('',(0.00579322861422395,0.00130613550496909,0.0654312206137968));
#7552=CARTESIAN_POINT('',(0.00949186360370797,0.00211448410721638,0.0680766682033208));
#7553=CARTESIAN_POINT('',(0.00935249555174847,0.0020834367886205,0.067979682537847));
#7554=CARTESIAN_POINT('',(0.00905412333121961,0.00201696791778657,0.0677720458350326));
#7555=CARTESIAN_POINT('',(0.00859679949714625,0.00191509301493222,0.0674537769761388));
#7556=CARTESIAN_POINT('',(0.00811974626161805,0.00180880648870536,0.067121853078654));
#7557=CARTESIAN_POINT('',(0.00764291239113418,0.00170263326251247,0.0667897908809528));
#7558=CARTESIAN_POINT('',(0.00716553844507773,0.00159610183067442,0.0664584257353213));
#7559=CARTESIAN_POINT('',(0.00669009071177262,0.00149090677440848,0.0661242879408886));
#7560=CARTESIAN_POINT('',(0.00621720327259006,0.00138291400985165,0.0658072365055616));
#7561=CARTESIAN_POINT('',(0.0059094766845613,0.00131473607084204,0.0655913753582355));
#7562=CARTESIAN_POINT('',(0.0057603798636547,0.00128173289043265,0.0654866529067867));
#7563=CARTESIAN_POINT('',(0.00940389959893284,0.00205956044603735,0.0682174812769357));
#7564=CARTESIAN_POINT('',(0.00926582091244554,0.00202931979904068,0.0681184203577721));
#7565=CARTESIAN_POINT('',(0.00897020916203216,0.00196457776188642,0.0679063412176536));
#7566=CARTESIAN_POINT('',(0.00851711838455683,0.00186534525036472,0.067581275553145));
#7567=CARTESIAN_POINT('',(0.00804450299707692,0.00176184089931967,0.0672422382058377));
#7568=CARTESIAN_POINT('',(0.00757203209863234,0.00165835200595808,0.0669031765632385));
#7569=CARTESIAN_POINT('',(0.00709928129125858,0.00155486083206877,0.0665644019298668));
#7570=CARTESIAN_POINT('',(0.00662750101827599,0.00145135773153169,0.0662245527078922));
#7571=CARTESIAN_POINT('',(0.00616168203181686,0.00134999530055666,0.0658953816172536));
#7572=CARTESIAN_POINT('',(0.0058564069209526,0.00128303850804043,0.0656756809089785));
#7573=CARTESIAN_POINT('',(0.0057084673833057,0.00125058308971467,0.0655691555787391));
#7574=CARTESIAN_POINT('',(0.0093711495968066,0.00204131576346193,0.0682682634123624));
#7575=CARTESIAN_POINT('',(0.00923355182486196,0.00201134368598851,0.0681684536015001));
#7576=CARTESIAN_POINT('',(0.00893896925086252,0.0019471763578544,0.0679547719881282));
#7577=CARTESIAN_POINT('',(0.00848744500740802,0.00184881754681849,0.0676272720808611));
#7578=CARTESIAN_POINT('',(0.00801649743403886,0.00174624720082006,0.0672856431188649));
#7579=CARTESIAN_POINT('',(0.00754557396252956,0.00164361079366313,0.0669441768126927));
#7580=CARTESIAN_POINT('',(0.00707480025155328,0.00154126738189164,0.066602330488125));
#7581=CARTESIAN_POINT('',(0.00660347902836778,0.00143785488668787,0.0662617664886316));
#7582=CARTESIAN_POINT('',(0.00614355655337362,0.00134039494576118,0.065923393505367));
#7583=CARTESIAN_POINT('',(0.0058387315721628,0.00127360233202264,0.0657029950674372));
#7584=CARTESIAN_POINT('',(0.00569096206607647,0.00124119275415768,0.0655962067492474));
#7585=CARTESIAN_POINT('',(0.00932572869104124,0.00201994117586383,0.0683366857820341));
#7586=CARTESIAN_POINT('',(0.0091887919031396,0.00199027987228226,0.0682358782067226));
#7587=CARTESIAN_POINT('',(0.00889562577847435,0.00192677850028052,0.0680200586428183));
#7588=CARTESIAN_POINT('',(0.00844630852140108,0.00182945695792097,0.0676892328569125));
#7589=CARTESIAN_POINT('',(0.00797756334827459,0.0017279216363634,0.06734427904917));
#7590=CARTESIAN_POINT('',(0.00750920129829889,0.00162649071183901,0.0669989556701014));
#7591=CARTESIAN_POINT('',(0.00703969904449408,0.00152473913114142,0.0666551742939456));
#7592=CARTESIAN_POINT('',(0.00657430011513095,0.00142413914293326,0.0663056684248882));
#7593=CARTESIAN_POINT('',(0.00610326970995165,0.00132135765604864,0.0659840414979588));
#7594=CARTESIAN_POINT('',(0.00580182604314807,0.00125617185350532,0.0657585425448136));
#7595=CARTESIAN_POINT('',(0.00565584537161096,0.00122461273269231,0.0656490559629407));
#7596=CARTESIAN_POINT('',(0.00929707658556398,0.00200892214909677,0.0683787579592287));
#7597=CARTESIAN_POINT('',(0.0091605614186674,0.00197942342090212,0.0682773304385579));
#7598=CARTESIAN_POINT('',(0.00886829798683839,0.0019162701307382,0.0680601836602861));
#7599=CARTESIAN_POINT('',(0.00842036556208994,0.00181948277274718,0.0677273242229777));
#7600=CARTESIAN_POINT('',(0.00795306250498,0.00171849948072773,0.0673802481211947));
#7601=CARTESIAN_POINT('',(0.00748614798580169,0.00161763929016047,0.0670328029885009));
#7602=CARTESIAN_POINT('',(0.00701807778549849,0.00151638690768087,0.0666869016279041));
#7603=CARTESIAN_POINT('',(0.00655412609298565,0.00141654634990456,0.0663352816667816));
#7604=CARTESIAN_POINT('',(0.00608448832200881,0.0013135651974199,0.0660115303705876));
#7605=CARTESIAN_POINT('',(0.00578398159899633,0.00124884453116586,0.065784671158769));
#7606=CARTESIAN_POINT('',(0.00563845532239561,0.00121751921786022,0.0656745258313753));
#7607=CARTESIAN_POINT('',(0.00925856836802482,0.00199561800735172,0.0684337227079415));
#7608=CARTESIAN_POINT('',(0.00912262201303396,0.00196631564654492,0.0683314871729203));
#7609=CARTESIAN_POINT('',(0.00883157541980088,0.00190358243037962,0.0681126118374702));
#7610=CARTESIAN_POINT('',(0.00838548342867355,0.00180743022005835,0.0677771379668039));
#7611=CARTESIAN_POINT('',(0.00792017116700779,0.00170713543782111,0.0674272099004758));
#7612=CARTESIAN_POINT('',(0.00745496395352005,0.00160686332798484,0.0670773609685744));
#7613=CARTESIAN_POINT('',(0.00698964659222837,0.00150656792719606,0.0667274289228853));
#7614=CARTESIAN_POINT('',(0.0065244429506174,0.00140629591292879,0.0663775822400116));
#7615=CARTESIAN_POINT('',(0.00606836472538527,0.00130799155607063,0.066034599053226));
#7616=CARTESIAN_POINT('',(0.00576745778349109,0.00124313301964117,0.0658083084452086));
#7617=CARTESIAN_POINT('',(0.00562160670854523,0.00121169576482991,0.0656986242682961));
#7618=CARTESIAN_POINT('',(0.00816783245146811,0.00236351527643834,0.0656307725183857));
#7619=CARTESIAN_POINT('',(0.000183160449891652,5.09009765797251E-5,0.0858470540597709));
#7620=CARTESIAN_POINT('',(0.00999297726904269,0.00361037051623954,0.0666689593523225));
#7621=CARTESIAN_POINT('',(0.00982666515937004,0.0035502830464138,0.0665824510861158));
#7622=CARTESIAN_POINT('',(0.00949403338081206,0.00343010537566856,0.0664094306217315));
#7623=CARTESIAN_POINT('',(0.00899492009010563,0.00324978092738126,0.0661498109641656));
#7624=CARTESIAN_POINT('',(0.00849587316549235,0.00306947940515816,0.0658902276698394));
#7625=CARTESIAN_POINT('',(0.00799710805804513,0.00288927655006522,0.065630793870936));
#7626=CARTESIAN_POINT('',(0.00749755158357261,0.00270879712107419,0.0653709390035793));
#7627=CARTESIAN_POINT('',(0.00699884899946188,0.00252861795691485,0.0651115365372644));
#7628=CARTESIAN_POINT('',(0.00649971752095654,0.00234828369219287,0.0648519121971215));
#7629=CARTESIAN_POINT('',(0.00616707392653761,0.00222810244295095,0.0646788844480243));
#7630=CARTESIAN_POINT('',(0.00600073390307283,0.00216800523334183,0.0645923610929146));
#7631=CARTESIAN_POINT('',(0.00866312563266158,0.00382830397312689,0.0684336397949641));
#7632=CARTESIAN_POINT('',(0.00853590276889034,0.00377208340343802,0.0683313898144689));
#7633=CARTESIAN_POINT('',(0.00826355068495253,0.00365172929489535,0.068112498366343));
#7634=CARTESIAN_POINT('',(0.00784615471680066,0.00346727832258034,0.0677770337039657));
#7635=CARTESIAN_POINT('',(0.00741076795119955,0.00327487762081334,0.0674271099457895));
#7636=CARTESIAN_POINT('',(0.00697544462330681,0.00308250537841093,0.0670772371042));
#7637=CARTESIAN_POINT('',(0.00654011567768728,0.00289012868556408,0.0667273595745651));
#7638=CARTESIAN_POINT('',(0.00610480333136333,0.00269776197029746,0.0663774955136525));
#7639=CARTESIAN_POINT('',(0.00567778571568576,0.00250905899915178,0.0660342986186323));
#7640=CARTESIAN_POINT('',(0.00539593232013611,0.00238450597437777,0.0658077708049475));
#7641=CARTESIAN_POINT('',(0.00525916162955239,0.00232406603872642,0.0656978471091414));
#7642=CARTESIAN_POINT('',(0.00869774293294408,0.00383884091187329,0.0683847883459257));
#7643=CARTESIAN_POINT('',(0.00857001907472109,0.00378246783414076,0.0682832443092732));
#7644=CARTESIAN_POINT('',(0.00829658959129711,0.00366178582626636,0.068065872437689));
#7645=CARTESIAN_POINT('',(0.0078774121871357,0.00347679460667758,0.0677329581712902));
#7646=CARTESIAN_POINT('',(0.00744074913711229,0.00328400521254766,0.0673848286421617));
#7647=CARTESIAN_POINT('',(0.00700193543193686,0.00309057185995617,0.0670399050208042));
#7648=CARTESIAN_POINT('',(0.00656593002841366,0.00289798899332903,0.0666909690418168));
#7649=CARTESIAN_POINT('',(0.00612864348406835,0.00270502444244921,0.0663439419835199));
#7650=CARTESIAN_POINT('',(0.00569998336243106,0.0025158123047495,0.0660029170174737));
#7651=CARTESIAN_POINT('',(0.00541701230602592,0.002390919850444,0.0657779763093135));
#7652=CARTESIAN_POINT('',(0.00527969881135246,0.00233031515960393,0.0656688248425471));
#7653=CARTESIAN_POINT('',(0.00872292732702301,0.00384564940809145,0.0683491517108868));
#7654=CARTESIAN_POINT('',(0.00859484481799578,0.00378917805277348,0.068248117337934));
#7655=CARTESIAN_POINT('',(0.00832064031608015,0.00366828471708803,0.0680318467580523));
#7656=CARTESIAN_POINT('',(0.00790008262296684,0.00348294461257231,0.0677008924223312));
#7657=CARTESIAN_POINT('',(0.00746288643847309,0.00328991954233335,0.0673535401659928));
#7658=CARTESIAN_POINT('',(0.00702009838806695,0.00309575493855817,0.0670141687249067));
#7659=CARTESIAN_POINT('',(0.00658995123946709,0.00290413847783466,0.0666571272854765));
#7660=CARTESIAN_POINT('',(0.00614923087537678,0.00271043074697142,0.066314934158031));
#7661=CARTESIAN_POINT('',(0.00571958088830955,0.00252091503002783,0.0659752584386446));
#7662=CARTESIAN_POINT('',(0.00543559933890404,0.00239576394754416,0.0657517510793053));
#7663=CARTESIAN_POINT('',(0.00529779066238585,0.002335032967484,0.0656433025007017));
#7664=CARTESIAN_POINT('',(0.00877917793816256,0.00385702792635662,0.06827086694789));
#7665=CARTESIAN_POINT('',(0.00865024006411675,0.00380038509028407,0.0681710278773646));
#7666=CARTESIAN_POINT('',(0.00837422650608801,0.00367912849765054,0.0679572859366557));
#7667=CARTESIAN_POINT('',(0.00795148327463007,0.00349333383176388,0.0676294034833565));
#7668=CARTESIAN_POINT('',(0.00750942476693832,0.00329938372257069,0.0672887776087136));
#7669=CARTESIAN_POINT('',(0.00707142288654693,0.00310597428695678,0.0669429344282306));
#7670=CARTESIAN_POINT('',(0.00662524285833908,0.00291145055311567,0.0666078990582012));
#7671=CARTESIAN_POINT('',(0.00618562775900171,0.00271787500550985,0.0662643035051345));
#7672=CARTESIAN_POINT('',(0.00575248054367387,0.00252766286990385,0.0659293971827328));
#7673=CARTESIAN_POINT('',(0.00546697081939699,0.002402198335466,0.065708036515257));
#7674=CARTESIAN_POINT('',(0.00532843115190321,0.00234131723109574,0.0656006160712834));
#7675=CARTESIAN_POINT('',(0.00881262131811149,0.00386120739386282,0.0682251481430374));
#7676=CARTESIAN_POINT('',(0.00868320599566361,0.00380450564949018,0.0681259665797523));
#7677=CARTESIAN_POINT('',(0.0084061625789617,0.00368312183233703,0.0679136422498099));
#7678=CARTESIAN_POINT('',(0.00798163454916243,0.00349710248176567,0.067588199804997));
#7679=CARTESIAN_POINT('',(0.00753858372712842,0.00330303589532406,0.0672489492555757));
#7680=CARTESIAN_POINT('',(0.00709635095218384,0.00310907295937263,0.0669088497959672));
#7681=CARTESIAN_POINT('',(0.0066512539853747,0.00291481310037182,0.0665723677249816));
#7682=CARTESIAN_POINT('',(0.00620921557181037,0.00272089555805038,0.0662321067991136));
#7683=CARTESIAN_POINT('',(0.00577459654384587,0.00253049799735669,0.0658991729281869));
#7684=CARTESIAN_POINT('',(0.00548797050315023,0.00240489001060291,0.0656793498951371));
#7685=CARTESIAN_POINT('',(0.00534888717672907,0.00234393901014812,0.06557267878698));
#7686=CARTESIAN_POINT('',(0.00889085284739289,0.00386760430700913,0.068118478388677));
#7687=CARTESIAN_POINT('',(0.0087603040105944,0.00381081155507307,0.0680208533831929));
#7688=CARTESIAN_POINT('',(0.00848082639268683,0.00368923209245882,0.0678118700400511));
#7689=CARTESIAN_POINT('',(0.00805236476451408,0.00350289105838031,0.0674917816533733));
#7690=CARTESIAN_POINT('',(0.00760602435278694,0.00330855219496685,0.0671570240022965));
#7691=CARTESIAN_POINT('',(0.00715749595276163,0.00311409811698907,0.0668255472814749));
#7692=CARTESIAN_POINT('',(0.00671379578257897,0.00291997725340767,0.0664870749467549));
#7693=CARTESIAN_POINT('',(0.00626622728392292,0.00272560717908836,0.0661544278254597));
#7694=CARTESIAN_POINT('',(0.00582796495421007,0.00253490456071267,0.0658264140445662));
#7695=CARTESIAN_POINT('',(0.00553866786820099,0.00240908017338487,0.0656102533445105));
#7696=CARTESIAN_POINT('',(0.00539828479915476,0.00234802395980329,0.0655053650171795));
#7697=CARTESIAN_POINT('',(0.00893724026645691,0.0038685915266531,0.0680554296048735));
#7698=CARTESIAN_POINT('',(0.00880600732203774,0.00381178476974313,0.0679587412970008));
#7699=CARTESIAN_POINT('',(0.00852506891850974,0.00369017540458971,0.067751756547014));
#7700=CARTESIAN_POINT('',(0.00809446740794608,0.00350379063338591,0.0674345544841989));
#7701=CARTESIAN_POINT('',(0.00764538258044035,0.00330936765380698,0.0671035382921389));
#7702=CARTESIAN_POINT('',(0.00719607052060969,0.00311499663434902,0.0667731249165602));
#7703=CARTESIAN_POINT('',(0.00674792649473496,0.00292056760490503,0.0664406960092073));
#7704=CARTESIAN_POINT('',(0.00629863538544503,0.00272622616511076,0.0661103978866489));
#7705=CARTESIAN_POINT('',(0.00585797239310646,0.00253546396036071,0.0657856627379635));
#7706=CARTESIAN_POINT('',(0.0055672011299467,0.00240961350628616,0.0655715089635523));
#7707=CARTESIAN_POINT('',(0.00542610420399419,0.00234854482326986,0.0654675923787978));
#7708=CARTESIAN_POINT('',(0.00908897256770031,0.00386473798732319,0.0678489517677514));
#7709=CARTESIAN_POINT('',(0.00895551816668684,0.00380799115965288,0.0677553024041504));
#7710=CARTESIAN_POINT('',(0.00866982095063699,0.00368650920777633,0.0675548222087178));
#7711=CARTESIAN_POINT('',(0.00823184024818626,0.0035002962928868,0.0672475605929468));
#7712=CARTESIAN_POINT('',(0.00777521316555144,0.00330606027711821,0.0669268455299694));
#7713=CARTESIAN_POINT('',(0.0073180539835522,0.00311193335497829,0.0666070668787086));
#7714=CARTESIAN_POINT('',(0.00686313242109953,0.00291750004268858,0.0662839432186554));
#7715=CARTESIAN_POINT('',(0.00640594898815337,0.00272341348013549,0.0659643559496179));
#7716=CARTESIAN_POINT('',(0.00595786249233268,0.00253284729093267,0.0656497984949107));
#7717=CARTESIAN_POINT('',(0.0056621241395201,0.00240712862854172,0.065442403504736));
#7718=CARTESIAN_POINT('',(0.00551861600003478,0.00234612393071129,0.0653417672068793));
#7719=CARTESIAN_POINT('',(0.00920266345804122,0.00384866133016712,0.0676938176145137));
#7720=CARTESIAN_POINT('',(0.00906753569287073,0.00379215065489585,0.0676024508033859));
#7721=CARTESIAN_POINT('',(0.00877825438428737,0.00367117350658981,0.0674068551634548));
#7722=CARTESIAN_POINT('',(0.00833473185401871,0.00348571457020198,0.0671070311683127));
#7723=CARTESIAN_POINT('',(0.00787232706789499,0.00329229325391126,0.0667942358264378));
#7724=CARTESIAN_POINT('',(0.00740970073598313,0.0030989425940336,0.066481815286085));
#7725=CARTESIAN_POINT('',(0.00694797454874009,0.00290539158720873,0.0661681402552934));
#7726=CARTESIAN_POINT('',(0.00648537164471864,0.00271209041257971,0.0658558639873716));
#7727=CARTESIAN_POINT('',(0.00603175094992078,0.00252231771772262,0.0655489319827856));
#7728=CARTESIAN_POINT('',(0.00573233877996801,0.00239712001775535,0.0653465368102741));
#7729=CARTESIAN_POINT('',(0.00558704761953858,0.00233636808170232,0.0652483262457532));
#7730=CARTESIAN_POINT('',(0.00941454967806654,0.00380182637030873,0.0673981792411596));
#7731=CARTESIAN_POINT('',(0.00927630100273539,0.00374599674704207,0.067311135459545));
#7732=CARTESIAN_POINT('',(0.00898034405666163,0.00362647833745042,0.0671247934367625));
#7733=CARTESIAN_POINT('',(0.00852673554044086,0.00344327570265046,0.0668391272422834));
#7734=CARTESIAN_POINT('',(0.00805354906944748,0.0032522286303425,0.0665413406374868));
#7735=CARTESIAN_POINT('',(0.00758062156892081,0.0030611260172033,0.0662431855960991));
#7736=CARTESIAN_POINT('',(0.00710689564503462,0.00287027068072505,0.0659464049332689));
#7737=CARTESIAN_POINT('',(0.00663416165906656,0.00267920459054554,0.0656482441443534));
#7738=CARTESIAN_POINT('',(0.00616988630271273,0.00249178321817089,0.0653561490557538));
#7739=CARTESIAN_POINT('',(0.00586363150614095,0.00236809026857138,0.0651632722862322));
#7740=CARTESIAN_POINT('',(0.00571502250124125,0.00230806788010372,0.0650696768521727));
#7741=CARTESIAN_POINT('',(0.00951613686750587,0.00377008658120887,0.0672538254114801));
#7742=CARTESIAN_POINT('',(0.00937638559672027,0.00371472040368038,0.0671688959628384));
#7743=CARTESIAN_POINT('',(0.00907721612073936,0.00359619489102992,0.0669870816534285));
#7744=CARTESIAN_POINT('',(0.00861879455650337,0.00341453458453185,0.0667083932743266));
#7745=CARTESIAN_POINT('',(0.00814047146173508,0.00322508648113279,0.0664178670819495));
#7746=CARTESIAN_POINT('',(0.00766245607814228,0.00303554176122138,0.0661269186690283));
#7747=CARTESIAN_POINT('',(0.00718357675462619,0.00284640326646968,0.0658375250461706));
#7748=CARTESIAN_POINT('',(0.00670572841430594,0.00265687708613328,0.0655465354443977));
#7749=CARTESIAN_POINT('',(0.00623642222610774,0.00247103297919628,0.065261627797211));
#7750=CARTESIAN_POINT('',(0.00592685628267471,0.00234836575511921,0.0650734305963539));
#7751=CARTESIAN_POINT('',(0.00577664065619564,0.00228884089697198,0.0649821050716625));
#7752=CARTESIAN_POINT('',(0.00971946998984138,0.00369229349194829,0.0669577675440727));
#7753=CARTESIAN_POINT('',(0.00957673450474607,0.00363807217558639,0.0668771923280381));
#7754=CARTESIAN_POINT('',(0.00927117786037303,0.00352199776483125,0.0667046998561341));
#7755=CARTESIAN_POINT('',(0.00880300168540196,0.0033441003758877,0.0664403116669513));
#7756=CARTESIAN_POINT('',(0.00831447361332622,0.00315855924377799,0.0661646384016976));
#7757=CARTESIAN_POINT('',(0.00782626018922878,0.00297297064086151,0.0658887340738386));
#7758=CARTESIAN_POINT('',(0.00733729150545136,0.0027876153657882,0.0656136720689643));
#7759=CARTESIAN_POINT('',(0.00684921537989016,0.0026020458549203,0.0653377455780796));
#7760=CARTESIAN_POINT('',(0.0063697578643558,0.00242001057442759,0.0650673886582934));
#7761=CARTESIAN_POINT('',(0.00605359656584381,0.00229988360461626,0.0648888499520094));
#7762=CARTESIAN_POINT('',(0.00590018193434014,0.00224159177204336,0.0648022119922194));
#7763=CARTESIAN_POINT('',(0.00982145627352758,0.0036461649475349,0.0668059062817263));
#7764=CARTESIAN_POINT('',(0.00967723205090775,0.00359262476263628,0.0667275709942534));
#7765=CARTESIAN_POINT('',(0.00936848682585808,0.00347800841200354,0.0665598734529143));
#7766=CARTESIAN_POINT('',(0.00889538222488763,0.00330234370844567,0.066302828678876));
#7767=CARTESIAN_POINT('',(0.00840176352666161,0.00311911156179489,0.0660347503008259));
#7768=CARTESIAN_POINT('',(0.0079084268467644,0.00293592182008485,0.0657666867303657));
#7769=CARTESIAN_POINT('',(0.00741450758491438,0.00275264615917105,0.0654985925126477));
#7770=CARTESIAN_POINT('',(0.00692133451460914,0.00256950135213482,0.0652305826672524));
#7771=CARTESIAN_POINT('',(0.00643673227179319,0.00238969471167283,0.0649675748424156));
#7772=CARTESIAN_POINT('',(0.00611727706689098,0.00227108509359959,0.0647940211012658));
#7773=CARTESIAN_POINT('',(0.00596226543110281,0.00221353019047766,0.0647098039361603));
#7774=CARTESIAN_POINT('',(0.00993142795483644,0.00358813315499886,0.0666369440973001));
#7775=CARTESIAN_POINT('',(0.00978563189401628,0.00353545800271259,0.0665611073737708));
#7776=CARTESIAN_POINT('',(0.00947351008436545,0.00342269052181137,0.0663987551873265));
#7777=CARTESIAN_POINT('',(0.00899492009010563,0.00324978092738126,0.0661498109641656));
#7778=CARTESIAN_POINT('',(0.00849587316549235,0.00306947940515816,0.0658902276698394));
#7779=CARTESIAN_POINT('',(0.00799710805804513,0.00288927655006522,0.065630793870936));
#7780=CARTESIAN_POINT('',(0.00749755158357261,0.00270879712107419,0.0653709390035793));
#7781=CARTESIAN_POINT('',(0.00699884899946188,0.00252861795691485,0.0651115365372644));
#7782=CARTESIAN_POINT('',(0.00650928357456901,0.00235173987021166,0.0648568880010206));
#7783=CARTESIAN_POINT('',(0.00618620102809685,0.00223501290037595,0.0646888335909251));
#7784=CARTESIAN_POINT('',(0.0060294244501001,0.0021783708795354,0.0646072847554082));
#7785=CARTESIAN_POINT('',(-7.74387010911514E-7,1.33164530772256E-19,0.0658134199218398));
#7786=CARTESIAN_POINT('',(-1.26098455002256E-6,2.16840434497101E-19,0.0685420332613903));
#7787=CARTESIAN_POINT('',(0.00696455345752336,0.00623647108323494,0.0685377649815429));
#7788=CARTESIAN_POINT('',(0.00623534250256011,0.00696595968038086,0.0685378118270181));
#7789=CARTESIAN_POINT('',(3.95586234233267E-9,-4.41851104594703E-9,0.061471016687628));
#7790=CARTESIAN_POINT('',(0.00427866451730776,0.00383136720991266,0.0658123424757968));
#7791=CARTESIAN_POINT('',(-7.74387010911514E-7,1.33164530772256E-19,0.0658134199218398));
#7792=CARTESIAN_POINT('',(0.00383059858274203,0.00427945311103308,0.065812266107395));
#7793=CARTESIAN_POINT('',(0.00623534075854596,0.00696597916505595,0.0685377941591032));
#7794=CARTESIAN_POINT('',(-1.27634307477962E-6,2.19381533338864E-19,0.0686281567457065));
#7795=CARTESIAN_POINT('',(0.00696378739577312,0.00623576538043996,0.0685369775495375));
#7796=CARTESIAN_POINT('',(0.00702562363172195,0.00629112447330883,0.0684033306179971));
#7797=CARTESIAN_POINT('',(0.00808162939715917,0.00469718507290435,0.0685371774354438));
#7798=CARTESIAN_POINT('',(0.00775803203052905,0.0052437100763847,0.0685454694479265));
#7799=CARTESIAN_POINT('',(0.00738355721276264,0.00575913250103382,0.0685454006220769));
#7800=CARTESIAN_POINT('',(0.00696377849694071,0.00623577467365766,0.0685369782422418));
#7801=CARTESIAN_POINT('',(0.00815339118611755,0.00473888786103107,0.0684035317442531));
#7802=CARTESIAN_POINT('',(0.00815339727695052,0.00473887737999791,0.0684035317453235));
#7803=CARTESIAN_POINT('',(0.00871967407542086,0.0059125838035545,0.0666246986837691));
#7804=CARTESIAN_POINT('',(0.00866486673815953,0.00568022460194212,0.0669077264679601));
#7805=CARTESIAN_POINT('',(0.00852648970004623,0.00523418476902101,0.0674829926782893));
#7806=CARTESIAN_POINT('',(0.00830931837674953,0.00486013844521864,0.0680883515491019));
#7807=CARTESIAN_POINT('',(0.00815339771423412,0.00473887684953624,0.0684035315657659));
#7808=CARTESIAN_POINT('',(0.00871967404853892,0.00591258378533451,0.0666246987360607));
#7809=CARTESIAN_POINT('',(0.0087195361232808,0.00591249078149439,0.0666249665985503));
#7810=CARTESIAN_POINT('',(0.00859147410784523,0.00610164122902847,0.0666247005497137));
#7811=CARTESIAN_POINT('',(0.00845726844378856,0.00628632723102202,0.066624707194943));
#7812=CARTESIAN_POINT('',(0.00831691721723218,0.00646654739661355,0.0666249903554018));
#7813=CARTESIAN_POINT('',(0.00831709500055457,0.00646668642114337,0.0666246269435604));
#7814=CARTESIAN_POINT('',(0.00702562503541941,0.00629112292048518,0.0684033306020981));
#7815=CARTESIAN_POINT('',(0.00718895698251374,0.00640174288600051,0.0680885653794906));
#7816=CARTESIAN_POINT('',(0.00761253806016348,0.00649246224856601,0.0674825770886818));
#7817=CARTESIAN_POINT('',(0.00807915014228895,0.006486414629025,0.0669076032875184));
#7818=CARTESIAN_POINT('',(0.00831709409434444,0.0064666857168799,0.0666246287916381));
#7819=CARTESIAN_POINT('',(-7.83818880698028E-7,1.35525271560688E-19,0.0658663094735696));
#7820=CARTESIAN_POINT('',(0.00431452476214112,0.00386346397926541,0.0657282404948109));
#7821=CARTESIAN_POINT('',(0.00451621712313357,0.0040000701942866,0.0653395427340131));
#7822=CARTESIAN_POINT('',(0.0048151576070774,0.00399554037785323,0.0649837323214911));
#7823=CARTESIAN_POINT('',(0.00510763598129499,0.00397127082549776,0.0646359213868854));
#7824=CARTESIAN_POINT('',(0.00431452656261818,0.00386346196854994,0.0657282404947854));
#7825=CARTESIAN_POINT('',(0.00510763873693033,0.003971272967039,0.0646359157671941));
#7826=CARTESIAN_POINT('',(0.00535517520103598,0.00363122126628086,0.0646353419053169));
#7827=CARTESIAN_POINT('',(0.00527607523819163,0.00374705477272304,0.0646360798182649));
#7828=CARTESIAN_POINT('',(0.00519356834116013,0.00386040936729964,0.0646362605537091));
#7829=CARTESIAN_POINT('',(0.00510765368727466,0.0039712844490301,0.0646358854133641));
#7830=CARTESIAN_POINT('',(0.00535486010273298,0.00363100215642562,0.0646359598545356));
#7831=CARTESIAN_POINT('',(0.00535485610761777,0.00363099944858873,0.0646359676260002));
#7832=CARTESIAN_POINT('',(0.00528757796466393,0.00334569802997326,0.0649834602769057));
#7833=CARTESIAN_POINT('',(0.0051982589199116,0.00305885692768433,0.0653419765102219));
#7834=CARTESIAN_POINT('',(0.00500710805936664,0.00291020482024192,0.0657283644210778));
#7835=CARTESIAN_POINT('',(0.00500710848573903,0.00291020427849194,0.0657283642658436));
#7836=CARTESIAN_POINT('',(0.00500710237545277,0.00291021479300204,0.0657283642647704));
#7837=CARTESIAN_POINT('',(0.00499237812146793,0.00290166090130642,0.0657557837509315));
#7838=CARTESIAN_POINT('',(0.0049776538674831,0.00289310700961079,0.0657832032370926));
#7839=CARTESIAN_POINT('',(0.00496292961349826,0.00288455311791517,0.0658106227232537));
#7840=CARTESIAN_POINT('',(0.00428082035344769,0.00383329204171937,0.0658141834647845));
#7841=CARTESIAN_POINT('',(0.00453912243570495,0.00354394636269084,0.0658142295281661));
#7842=CARTESIAN_POINT('',(0.00477275030803256,0.00322243741924664,0.0658142711913604));
#7843=CARTESIAN_POINT('',(0.00496801848877292,0.00288751008373219,0.0658143060138158));
#7844=CARTESIAN_POINT('',(0.00427646643007382,0.00382938460342862,0.0658105042249546));
#7845=CARTESIAN_POINT('',(0.00428915574094608,0.00384074082103246,0.0657830829820348));
#7846=CARTESIAN_POINT('',(0.00430184505181835,0.0038520970386363,0.065755661739115));
#7847=CARTESIAN_POINT('',(0.00431453436269061,0.00386345325624014,0.0657282404961952));
#7848=CARTESIAN_POINT('',(0.00564617997700497,0.00505589146739811,0.0671202383862964));
#7849=CARTESIAN_POINT('',(0.00568147609643656,0.00508750266998557,0.0670770353098013));
#7850=CARTESIAN_POINT('',(0.00655219235768673,0.0038082537164629,0.06712107685216));
#7851=CARTESIAN_POINT('',(0.00659351378549954,0.00383224827771476,0.0670772232386907));
#7852=CARTESIAN_POINT('',(0.00874002339733175,0.00592638485199336,0.0666367290078439));
#7853=CARTESIAN_POINT('',(0.00861172375745273,0.0058393886274285,0.0665608992032651));
#7854=CARTESIAN_POINT('',(0.00833704538898059,0.00565313724007385,0.0663985541408912));
#7855=CARTESIAN_POINT('',(0.00791597283827055,0.00536761921437479,0.0661496834586258));
#7856=CARTESIAN_POINT('',(0.00747674407390711,0.00506978963379249,0.0658900814589254));
#7857=CARTESIAN_POINT('',(0.00703768429535098,0.00477207687108986,0.0656305821238822));
#7858=CARTESIAN_POINT('',(0.00659830077454953,0.00447413861601036,0.0653708842192876));
#7859=CARTESIAN_POINT('',(0.00615927964532329,0.00417645113337005,0.0651114061917527));
#7860=CARTESIAN_POINT('',(0.00572872056869252,0.0038845024267918,0.0648569319186821));
#7861=CARTESIAN_POINT('',(0.00544469289761685,0.00369191079984323,0.0646890600716811));
#7862=CARTESIAN_POINT('',(0.00530702388295399,0.00359856107584571,0.0646076920802231));
#7863=CARTESIAN_POINT('',(0.00872268805107791,0.00580432742786053,0.0668047237571477));
#7864=CARTESIAN_POINT('',(0.00859461853969736,0.00571911895606813,0.0667263927408721));
#7865=CARTESIAN_POINT('',(0.0083204360601236,0.00553669543330067,0.0665586975569382));
#7866=CARTESIAN_POINT('',(0.00790020884928905,0.00525705712625814,0.0663017517150578));
#7867=CARTESIAN_POINT('',(0.00746183299813827,0.00496535644147162,0.066033684168891));
#7868=CARTESIAN_POINT('',(0.007023503118128,0.00467363636083498,0.0657657268527016));
#7869=CARTESIAN_POINT('',(0.0065851562780315,0.00438198474191195,0.0654976247518151));
#7870=CARTESIAN_POINT('',(0.00614698661205069,0.00409047127585198,0.0652296060076784));
#7871=CARTESIAN_POINT('',(0.00571699856480721,0.00380418620695433,0.064966929887264));
#7872=CARTESIAN_POINT('',(0.00543355836322823,0.00361560474564169,0.0647935690488325));
#7873=CARTESIAN_POINT('',(0.0052961770471282,0.00352420259600844,0.0647095394293869));
#7874=CARTESIAN_POINT('',(0.00870227020162343,0.00570103064963416,0.0669469086045116));
#7875=CARTESIAN_POINT('',(0.00857449042310544,0.00561732608699923,0.0668664906851983));
#7876=CARTESIAN_POINT('',(0.00830092755181383,0.00543812228682988,0.0666943269595714));
#7877=CARTESIAN_POINT('',(0.00788163198289034,0.00516341927690232,0.0664305133511072));
#7878=CARTESIAN_POINT('',(0.00744429828988717,0.00487691663468898,0.0661553178830979));
#7879=CARTESIAN_POINT('',(0.00700695438109666,0.00459037211775813,0.0658801743149903));
#7880=CARTESIAN_POINT('',(0.00656973320257718,0.004303981688225,0.0656049878751284));
#7881=CARTESIAN_POINT('',(0.00613250387726788,0.00401756438024037,0.0653298204546269));
#7882=CARTESIAN_POINT('',(0.00570367301203536,0.00373654309315911,0.0650601395329098));
#7883=CARTESIAN_POINT('',(0.00542086103727551,0.00355127779449737,0.0648821603722795));
#7884=CARTESIAN_POINT('',(0.00528378233290766,0.00346148081172295,0.0647958922746755));
#7885=CARTESIAN_POINT('',(0.00864659793855593,0.00549238249576958,0.0672406286914668));
#7886=CARTESIAN_POINT('',(0.00851962733433467,0.00541172274534564,0.0671559170384207));
#7887=CARTESIAN_POINT('',(0.00824779796352727,0.00523904085196095,0.0669745567796963));
#7888=CARTESIAN_POINT('',(0.00783118979326963,0.00497442152325358,0.0666965382749013));
#7889=CARTESIAN_POINT('',(0.00739665326785627,0.00469839854210394,0.0664065886046614));
#7890=CARTESIAN_POINT('',(0.00696211203508311,0.00442239832686078,0.0661165768789336));
#7891=CARTESIAN_POINT('',(0.00652771434648123,0.00414643894186686,0.0658267814836228));
#7892=CARTESIAN_POINT('',(0.00609322417241551,0.00387041194770842,0.0655369194062124));
#7893=CARTESIAN_POINT('',(0.00566731119776047,0.00359999234255695,0.0652524837398297));
#7894=CARTESIAN_POINT('',(0.00538628362799738,0.00342146397999898,0.0650649929705094));
#7895=CARTESIAN_POINT('',(0.00525006786384032,0.00333492881601398,0.0649741176723479));
#7896=CARTESIAN_POINT('',(0.00860958728887264,0.00538321375890164,0.0673970750574656));
#7897=CARTESIAN_POINT('',(0.00848317114575454,0.00530416909616508,0.0673100670041634));
#7898=CARTESIAN_POINT('',(0.00821252800566657,0.0051349436998357,0.067123790854932));
#7899=CARTESIAN_POINT('',(0.00779771643005402,0.00487558943338572,0.0668382498196452));
#7900=CARTESIAN_POINT('',(0.0073650293174134,0.00460504829243406,0.0665404304011288));
#7901=CARTESIAN_POINT('',(0.00693238548544769,0.00433452414497173,0.0662426602984525));
#7902=CARTESIAN_POINT('',(0.00649976457952968,0.00406406099685104,0.0659448031181777));
#7903=CARTESIAN_POINT('',(0.00606706060506635,0.00379325174468551,0.0656475995878189));
#7904=CARTESIAN_POINT('',(0.00564348696302734,0.00352940100138364,0.0653536286867248));
#7905=CARTESIAN_POINT('',(0.00536360130688225,0.00335426255958553,0.0651613179744715));
#7906=CARTESIAN_POINT('',(0.00522793341444079,0.00326935729456511,0.0650681270157834));
#7907=CARTESIAN_POINT('',(0.00853045985942042,0.00520217099303145,0.0676660806883963));
#7908=CARTESIAN_POINT('',(0.00840521888610192,0.00512579634679672,0.0675751231850466));
#7909=CARTESIAN_POINT('',(0.00813709024629899,0.00496228525274085,0.0673803931981801));
#7910=CARTESIAN_POINT('',(0.00772609514305177,0.00471163843126882,0.0670819350181878));
#7911=CARTESIAN_POINT('',(0.00729738210461238,0.00445019480396314,0.0667705872189057));
#7912=CARTESIAN_POINT('',(0.00686877730357774,0.0041888214994956,0.0664593114638289));
#7913=CARTESIAN_POINT('',(0.00644000120063552,0.00392731576801829,0.0661479678222774));
#7914=CARTESIAN_POINT('',(0.0060115885819495,0.00366624223688594,0.0658363842203159));
#7915=CARTESIAN_POINT('',(0.00559085095505426,0.00340893665567201,0.0655326092356995));
#7916=CARTESIAN_POINT('',(0.00531369913271419,0.00324002005441119,0.0653310875868406));
#7917=CARTESIAN_POINT('',(0.00517936841733552,0.00315815718758205,0.065233393658547));
#7918=CARTESIAN_POINT('',(0.00848966793915242,0.0051234327852696,0.0677865629375326));
#7919=CARTESIAN_POINT('',(0.00836502483140459,0.00504821247663759,0.0676938398202275));
#7920=CARTESIAN_POINT('',(0.00809817635232601,0.00488717315272083,0.0674953292842832));
#7921=CARTESIAN_POINT('',(0.00768914854386976,0.00464032699961674,0.0671910617451413));
#7922=CARTESIAN_POINT('',(0.0072624903232307,0.00438284694053397,0.0668736529210764));
#7923=CARTESIAN_POINT('',(0.00683592184315934,0.00412540570131812,0.0665563823462648));
#7924=CARTESIAN_POINT('',(0.00640926504073465,0.00386796247161921,0.0662388019385989));
#7925=CARTESIAN_POINT('',(0.00598258051207835,0.00361031388426486,0.0659220631718346));
#7926=CARTESIAN_POINT('',(0.005565045851265,0.00335888474913584,0.0656089978558825));
#7927=CARTESIAN_POINT('',(0.00528905664648095,0.003192254515146,0.0654040251298983));
#7928=CARTESIAN_POINT('',(0.00515527615309095,0.00311147759815142,0.0653046959339794));
#7929=CARTESIAN_POINT('',(0.00840938977547191,0.00499458208951008,0.0679930033250373));
#7930=CARTESIAN_POINT('',(0.00828592070358152,0.00492125011199496,0.0678972455003926));
#7931=CARTESIAN_POINT('',(0.00802158619503466,0.00476425399877018,0.0676922376685288));
#7932=CARTESIAN_POINT('',(0.00761642449475864,0.00452361812427075,0.0673780033120957));
#7933=CARTESIAN_POINT('',(0.00719380052929513,0.00427260862373682,0.0670502336902899));
#7934=CARTESIAN_POINT('',(0.00677127688553062,0.00402166034703932,0.0667225355085875));
#7935=CARTESIAN_POINT('',(0.00634863169597519,0.00377063795713113,0.0663947573021802));
#7936=CARTESIAN_POINT('',(0.00592620269310462,0.00351974179146534,0.0660671048653396));
#7937=CARTESIAN_POINT('',(0.00551174756785654,0.00327359756282094,0.0657457829952552));
#7938=CARTESIAN_POINT('',(0.00523848457307864,0.00311129866364127,0.0655338313916449));
#7939=CARTESIAN_POINT('',(0.00510603520608888,0.00303263298550944,0.0654310980656085));
#7940=CARTESIAN_POINT('',(0.00837382957859628,0.00494450502453589,0.068076468822706));
#7941=CARTESIAN_POINT('',(0.00825087767982981,0.00487190482939607,0.0679794860847484));
#7942=CARTESIAN_POINT('',(0.00798765065739466,0.00471647564900403,0.0677718556494276));
#7943=CARTESIAN_POINT('',(0.00758419369791401,0.00447824848539994,0.067453596396691));
#7944=CARTESIAN_POINT('',(0.007163336348343,0.00422972814590427,0.0671216825206994));
#7945=CARTESIAN_POINT('',(0.0067426526168989,0.00398138334104842,0.0667896303363332));
#7946=CARTESIAN_POINT('',(0.00632156592860745,0.0037325310082648,0.0664582752284893));
#7947=CARTESIAN_POINT('',(0.00590189823895198,0.00348554472384916,0.0661241473813919));
#7948=CARTESIAN_POINT('',(0.00548552992397031,0.00323668977670023,0.0658071060252016));
#7949=CARTESIAN_POINT('',(0.0052139345722407,0.00307674406417166,0.0655912513212108));
#7950=CARTESIAN_POINT('',(0.00508233452641374,0.00299927695266342,0.0654865319899871));
#7951=CARTESIAN_POINT('',(0.00830714195390705,0.00486509490658479,0.0682172856905682));
#7952=CARTESIAN_POINT('',(0.00818516705746089,0.0047936602232005,0.0681182276432168));
#7953=CARTESIAN_POINT('',(0.0079240318159507,0.0046407261465853,0.0679061546513436));
#7954=CARTESIAN_POINT('',(0.00752378424804707,0.00440631975832829,0.0675810984104406));
#7955=CARTESIAN_POINT('',(0.00710628786547612,0.00416181640310828,0.0672420708925847));
#7956=CARTESIAN_POINT('',(0.00668892412366924,0.00391737239724671,0.0669030190773238));
#7957=CARTESIAN_POINT('',(0.00627129487486759,0.00367283974167611,0.0665642542738589));
#7958=CARTESIAN_POINT('',(0.00585459235404044,0.00342859559558735,0.0662244148739791));
#7959=CARTESIAN_POINT('',(0.00544289775715226,0.00318823007449411,0.0658952534354207));
#7960=CARTESIAN_POINT('',(0.00517325657725754,0.00303020307780014,0.0656755590817958));
#7961=CARTESIAN_POINT('',(0.00504258792116353,0.00295361443982775,0.0655690368314974));
#7962=CARTESIAN_POINT('',(0.00828163232457368,0.00483762567374548,0.0682680691171811));
#7963=CARTESIAN_POINT('',(0.00816003181902877,0.00476659498465102,0.0681682621591344));
#7964=CARTESIAN_POINT('',(0.0078996978015905,0.00461452543348325,0.0679545866533568));
#7965=CARTESIAN_POINT('',(0.00750067012903046,0.00438143393524866,0.0676270961078786));
#7966=CARTESIAN_POINT('',(0.00708447133113249,0.00413833411169271,0.0672854769093102));
#7967=CARTESIAN_POINT('',(0.00666831586806607,0.00389517891708921,0.0669440203699957));
#7968=CARTESIAN_POINT('',(0.00625221229849563,0.00365234863526351,0.0666021837948329));
#7969=CARTESIAN_POINT('',(0.00583591836762139,0.00340833247476414,0.0662616296084357));
#7970=CARTESIAN_POINT('',(0.00542862583098401,0.00317350005738961,0.0659232660107436));
#7971=CARTESIAN_POINT('',(0.00515936202188836,0.00301576826325227,0.0657028739144888));
#7972=CARTESIAN_POINT('',(0.00502884091223248,0.0029392757502972,0.0655960886722302));
#7973=CARTESIAN_POINT('',(0.00824503898960786,0.00480326517195087,0.0683364930610861));
#7974=CARTESIAN_POINT('',(0.00812397109154142,0.00473273424670615,0.0682356883156966));
#7975=CARTESIAN_POINT('',(0.00786477842437587,0.00458173564654962,0.0680198748103278));
#7976=CARTESIAN_POINT('',(0.0074675292159837,0.00435031246245546,0.067689058309792));
#7977=CARTESIAN_POINT('',(0.00705310521407449,0.00410887740150735,0.0673441141892221));
#7978=CARTESIAN_POINT('',(0.00663901332670377,0.00386765999923444,0.0669988004882295));
#7979=CARTESIAN_POINT('',(0.00622393611579614,0.00362578537743974,0.0666550288177699));
#7980=CARTESIAN_POINT('',(0.00581240558666375,0.00338627366668978,0.0663055325551418));
#7981=CARTESIAN_POINT('',(0.00539619308257287,0.00314294854204259,0.0659839154039674));
#7982=CARTESIAN_POINT('',(0.00512964860714307,0.00298778951868512,0.0657584226744452));
#7983=CARTESIAN_POINT('',(0.00500056599811759,0.00291265847002376,0.0656489391060281));
#7984=CARTESIAN_POINT('',(0.00822119391720913,0.00478393378585466,0.0683785660955259));
#7985=CARTESIAN_POINT('',(0.00810047677140196,0.00471368773288113,0.0682771413921389));
#7986=CARTESIAN_POINT('',(0.00784203506452448,0.00456329905250795,0.068060000645344));
#7987=CARTESIAN_POINT('',(0.00744593785564561,0.00433281173258497,0.0677271504518841));
#7988=CARTESIAN_POINT('',(0.00703271481959121,0.00409234720432196,0.067380083994269));
#7989=CARTESIAN_POINT('',(0.00661982326784993,0.00385211979698281,0.0670326484955687));
#7990=CARTESIAN_POINT('',(0.00620595377853201,0.00361116235294111,0.0666867568006625));
#7991=CARTESIAN_POINT('',(0.00579556499498535,0.00337282000772435,0.0663351463914906));
#7992=CARTESIAN_POINT('',(0.00538073868333418,0.00312973522036728,0.0660114048699029));
#7993=CARTESIAN_POINT('',(0.00511494157126051,0.00297530802449793,0.0657845518478991));
#7994=CARTESIAN_POINT('',(0.00498621887275856,0.00290053971944351,0.0656744095171117));
#7995=CARTESIAN_POINT('',(0.00818868115201588,0.00475938413066765,0.0684335319134163));
#7996=CARTESIAN_POINT('',(0.00806844430467254,0.00468950056219299,0.0683312991798942));
#7997=CARTESIAN_POINT('',(0.00781103008515761,0.00453988732447673,0.0681124298421536));
#7998=CARTESIAN_POINT('',(0.0074164869840682,0.00431057264706605,0.0677769651642751));
#7999=CARTESIAN_POINT('',(0.007004944570669,0.00407137796296827,0.0674270466868013));
#8000=CARTESIAN_POINT('',(0.00659349505717639,0.00383223730763777,0.0670772073415877));
#8001=CARTESIAN_POINT('',(0.00618194798492238,0.00359304045917218,0.0667272848848316));
#8002=CARTESIAN_POINT('',(0.00577050183893439,0.00335390099862776,0.0663774477886094));
#8003=CARTESIAN_POINT('',(0.00536712638019704,0.0031194531784108,0.0660344740003839));
#8004=CARTESIAN_POINT('',(0.00510099123661105,0.00296477121711308,0.0658081895932713));
#8005=CARTESIAN_POINT('',(0.00497199422432803,0.00288979610656631,0.0656985084219679));
#8006=CARTESIAN_POINT('',(0.00703766760739758,0.00477206483310768,0.0656305709744645));
#8007=CARTESIAN_POINT('',(0.000158253914008571,0.000106352696529799,0.0858470496210668));
#8008=CARTESIAN_POINT('',(0.00838817496821532,0.0065219526024778,0.0666686731656214));
#8009=CARTESIAN_POINT('',(0.00824857155640151,0.00641340798806092,0.0665821696624152));
#8010=CARTESIAN_POINT('',(0.00796935838752407,0.00619631382566082,0.0664091587242483));
#8011=CARTESIAN_POINT('',(0.00755039902338964,0.00587056629059994,0.0661495533606474));
#8012=CARTESIAN_POINT('',(0.00713149569229994,0.00554486106977598,0.0658899843584433));
#8013=CARTESIAN_POINT('',(0.00671282989413852,0.00521933678149967,0.0656305648437649));
#8014=CARTESIAN_POINT('',(0.00629349693091819,0.00489330488675561,0.0653707242827823));
#8015=CARTESIAN_POINT('',(0.00587488327480901,0.00456782245239594,0.0651113360988411));
#8016=CARTESIAN_POINT('',(0.00545590964653583,0.00424205996075398,0.0648517260533628));
#8017=CARTESIAN_POINT('',(0.00517668634598668,0.00402495874329808,0.0646787078307834));
#8018=CARTESIAN_POINT('',(0.00503705939646916,0.00391639623912921,0.0645921892394546));
#8019=CARTESIAN_POINT('',(0.00705605035849318,0.00631837013469315,0.0684333532029203));
#8020=CARTESIAN_POINT('',(0.0069524282283292,0.00622558153445244,0.0683311074311779));
#8021=CARTESIAN_POINT('',(0.00673059937856074,0.00602694449165988,0.068112224992933));
#8022=CARTESIAN_POINT('',(0.00639063363468266,0.0057225202604111,0.0677767741387989));
#8023=CARTESIAN_POINT('',(0.00603601435329272,0.00540497512829462,0.0674268647840043));
#8024=CARTESIAN_POINT('',(0.00568144660987724,0.00508747666877783,0.0670770063436742));
#8025=CARTESIAN_POINT('',(0.00532687489898993,0.00476997224040548,0.066727143215593));
#8026=CARTESIAN_POINT('',(0.00497231589161152,0.00445248243148241,0.0663772935555395));
#8027=CARTESIAN_POINT('',(0.00462451342450766,0.0041410406303828,0.0660341107870706));
#8028=CARTESIAN_POINT('',(0.00439494589350684,0.00393547369341623,0.0658075922975991));
#8029=CARTESIAN_POINT('',(0.0042835471631661,0.00383572137410593,0.0656976731264112));
#8030=CARTESIAN_POINT('',(0.00708571770085107,0.00633908600078779,0.0683845008711488));
#8031=CARTESIAN_POINT('',(0.00698166621806327,0.00624599757988392,0.0682829610560251));
#8032=CARTESIAN_POINT('',(0.00675891401369239,0.00604671583528955,0.0680655982217929));
#8033=CARTESIAN_POINT('',(0.00641742094681213,0.00574122744490386,0.0677326978089536));
#8034=CARTESIAN_POINT('',(0.00606170794368723,0.00542291834968829,0.0673845827157634));
#8035=CARTESIAN_POINT('',(0.00570414851208581,0.00510333240127056,0.0670396735845973));
#8036=CARTESIAN_POINT('',(0.00534899715448305,0.00478542290488254,0.0666907520244281));
#8037=CARTESIAN_POINT('',(0.00499274528980845,0.00446675461611467,0.0663437394171621));
#8038=CARTESIAN_POINT('',(0.0046435380288647,0.00415432112628857,0.0660027286200587));
#8039=CARTESIAN_POINT('',(0.00441301241486196,0.00394808608392279,0.0657777972645697));
#8040=CARTESIAN_POINT('',(0.00430114835256605,0.00384800937998654,0.0656686503362372));
#8041=CARTESIAN_POINT('',(0.0071075658530262,0.00635334170727806,0.0683488636411531));
#8042=CARTESIAN_POINT('',(0.00700320363804855,0.00626004901773062,0.0682478334982743));
#8043=CARTESIAN_POINT('',(0.00677977964156143,0.00606032685525277,0.0680315719741533));
#8044=CARTESIAN_POINT('',(0.00643708163614015,0.00575408023085414,0.0677006315232622));
#8045=CARTESIAN_POINT('',(0.00608093441313989,0.00543538228956386,0.0673532937205017));
#8046=CARTESIAN_POINT('',(0.0057198210751816,0.00511387304571103,0.0670139368445844));
#8047=CARTESIAN_POINT('',(0.00536994268400975,0.00479869250958374,0.0666569097195972));
#8048=CARTESIAN_POINT('',(0.00501065467573533,0.00447825657239546,0.0663147311141007));
#8049=CARTESIAN_POINT('',(0.0046605997961902,0.00416522855066967,0.0659750695890242));
#8050=CARTESIAN_POINT('',(0.00442919305422372,0.00395843535777308,0.0657515716054259));
#8051=CARTESIAN_POINT('',(0.00431689706538651,0.00385808556478261,0.0656431275765365));
#8052=CARTESIAN_POINT('',(0.00715754789120683,0.00638154140165645,0.0682705777602727));
#8053=CARTESIAN_POINT('',(0.00705242515578686,0.00628782136776708,0.0681707429367353));
#8054=CARTESIAN_POINT('',(0.00682739287519033,0.00608719483767468,0.0679570100875908));
#8055=CARTESIAN_POINT('',(0.00648275673965587,0.00577984070052613,0.0676291415632423));
#8056=CARTESIAN_POINT('',(0.00612227096653006,0.00545876082510785,0.0672885302355825));
#8057=CARTESIAN_POINT('',(0.00576547624345451,0.00513944844006369,0.0669427015368885));
#8058=CARTESIAN_POINT('',(0.00540124788234536,0.00481654970340264,0.0666076807814177));
#8059=CARTESIAN_POINT('',(0.0050429702086865,0.00449658094826511,0.0662640997333711));
#8060=CARTESIAN_POINT('',(0.0046898044309801,0.00418181015291309,0.0659292076741741));
#8061=CARTESIAN_POINT('',(0.00445704115158435,0.0039742467357935,0.0657078564130476));
#8062=CARTESIAN_POINT('',(0.00434409633100393,0.00387352833412693,0.0656004405334399));
#8063=CARTESIAN_POINT('',(0.00718806330826104,0.00639584836460561,0.0682248584332722));
#8064=CARTESIAN_POINT('',(0.00708250469035307,0.00630192480215928,0.0681256811243877));
#8065=CARTESIAN_POINT('',(0.00685653225811787,0.00610085910865261,0.0679133659020073));
#8066=CARTESIAN_POINT('',(0.00651026808857588,0.00579273988512298,0.0675879374141011));
#8067=CARTESIAN_POINT('',(0.0061488745498717,0.00547124266705861,0.0672487014267404));
#8068=CARTESIAN_POINT('',(0.00578822699783083,0.00515009677013589,0.066908616516342));
#8069=CARTESIAN_POINT('',(0.00542494716014245,0.00482778359801005,0.0665721490359227));
#8070=CARTESIAN_POINT('',(0.00506447043076551,0.00450674092506553,0.066231902655067));
#8071=CARTESIAN_POINT('',(0.00470996215834445,0.0041913390735623,0.0658989830704066));
#8072=CARTESIAN_POINT('',(0.00447618151472473,0.00398329434917897,0.0656791694613524));
#8073=CARTESIAN_POINT('',(0.00436274123631524,0.00388234151383469,0.0655725029261569));
#8074=CARTESIAN_POINT('',(0.00726049009027414,0.00642610118389956,0.0681181876437429));
#8075=CARTESIAN_POINT('',(0.00715388154545232,0.0063317408787028,0.0680205669075655));
#8076=CARTESIAN_POINT('',(0.00692565447890544,0.0061297370898904,0.0678115927040082));
#8077=CARTESIAN_POINT('',(0.00657574859392959,0.00582009667348643,0.067491518326289));
#8078=CARTESIAN_POINT('',(0.0062113105685021,0.00549732421312237,0.0671567752809825));
#8079=CARTESIAN_POINT('',(0.00584482721716398,0.00517376623244293,0.0668253131913724));
#8080=CARTESIAN_POINT('',(0.00548283287743662,0.0048520167770265,0.0664868554273706));
#8081=CARTESIAN_POINT('',(0.00511723649821002,0.00452883524990738,0.0661542229242813));
#8082=CARTESIAN_POINT('',(0.00475935746497786,0.00421201770030345,0.0658262234782566));
#8083=CARTESIAN_POINT('',(0.00452310334579178,0.0040029419701844,0.0656100722374293));
#8084=CARTESIAN_POINT('',(0.00440845943577048,0.00390148752690171,0.0655051885001995));
#8085=CARTESIAN_POINT('',(0.00730430263017896,0.0064413711117057,0.0680551384007575));
#8086=CARTESIAN_POINT('',(0.00719704777994479,0.00634678613772884,0.0679584543689328));
#8087=CARTESIAN_POINT('',(0.00696744064666099,0.00614430261247439,0.0677514787729253));
#8088=CARTESIAN_POINT('',(0.00661551310291234,0.0058339594986361,0.0674342907401517));
#8089=CARTESIAN_POINT('',(0.00624849094363908,0.00551025917412525,0.0671032891824453));
#8090=CARTESIAN_POINT('',(0.0058812366117605,0.00518653808119676,0.0667728904403392));
#8091=CARTESIAN_POINT('',(0.00551511108985191,0.00486312264875888,0.066440476159464));
#8092=CARTESIAN_POINT('',(0.00514786754149708,0.00453943616818661,0.0661101926685651));
#8093=CARTESIAN_POINT('',(0.00478772372701315,0.00422182028371279,0.0657854718789805));
#8094=CARTESIAN_POINT('',(0.00455007561959027,0.00401226432745589,0.065571327578098));
#8095=CARTESIAN_POINT('',(0.00443475663609111,0.00391057748467423,0.0654674155903609));
#8096=CARTESIAN_POINT('',(0.00744980123553953,0.00648458265848362,0.0678486594519715));
#8097=CARTESIAN_POINT('',(0.00734041510885463,0.00638936838024011,0.0677550143805004));
#8098=CARTESIAN_POINT('',(0.00710624264626465,0.00618553583674336,0.0675545433735512));
#8099=CARTESIAN_POINT('',(0.00674724388069263,0.00587307642010366,0.0672472958427425));
#8100=CARTESIAN_POINT('',(0.00637299074561583,0.00554722379143809,0.0669265954696296));
#8101=CARTESIAN_POINT('',(0.00599819783401249,0.00522131054083854,0.0666068315068642));
#8102=CARTESIAN_POINT('',(0.00562562773402087,0.00489579717401144,0.0662837225326657));
#8103=CARTESIAN_POINT('',(0.00525079928492797,0.00456991482425191,0.0659641499501109));
#8104=CARTESIAN_POINT('',(0.00488353463810523,0.00425019193381098,0.0656496069084802));
#8105=CARTESIAN_POINT('',(0.00464112176283222,0.00403922677626199,0.0654422214279146));
#8106=CARTESIAN_POINT('',(0.00452348977784636,0.00393685586182966,0.0653415897445897));
#8107=CARTESIAN_POINT('',(0.00756289701204953,0.00650441671655076,0.0676935251926062));
#8108=CARTESIAN_POINT('',(0.00745184642645046,0.00640891006041677,0.0676021626751965));
#8109=CARTESIAN_POINT('',(0.00721410925378309,0.00620445033733592,0.0674065762272053));
#8110=CARTESIAN_POINT('',(0.00684960683966054,0.00589099588778324,0.0671067663238341));
#8111=CARTESIAN_POINT('',(0.00646960695691783,0.00556413311226237,0.066793985677344));
#8112=CARTESIAN_POINT('',(0.00608937453430593,0.00523726909422544,0.0664815798304156));
#8113=CARTESIAN_POINT('',(0.0057100601217082,0.00491049262578273,0.0661679194962342));
#8114=CARTESIAN_POINT('',(0.00532983468730239,0.00458368291858062,0.0658556579188049));
#8115=CARTESIAN_POINT('',(0.00495706143468128,0.0042630049448199,0.0655487403318595));
#8116=CARTESIAN_POINT('',(0.0047109935217927,0.00405140025559338,0.065346354672306));
#8117=CARTESIAN_POINT('',(0.00459158765426078,0.00394871888180818,0.0652481487239467));
#8118=CARTESIAN_POINT('',(0.00777888816132401,0.00652533417273249,0.0673978875512901));
#8119=CARTESIAN_POINT('',(0.00766465891940278,0.00642951105951428,0.0673108480530956));
#8120=CARTESIAN_POINT('',(0.00742012198237635,0.00622437630393648,0.0671245152001173));
#8121=CARTESIAN_POINT('',(0.00704532986647953,0.00590995176389723,0.0668388630610801));
#8122=CARTESIAN_POINT('',(0.00665434217934163,0.00558201613188084,0.0665410911149108));
#8123=CARTESIAN_POINT('',(0.00626361795403026,0.00525410768336536,0.0662429507329513));
#8124=CARTESIAN_POINT('',(0.00587205795829369,0.00492618775828522,0.0659461847228891));
#8125=CARTESIAN_POINT('',(0.0054815064900997,0.00459837384413814,0.0656480385897002));
#8126=CARTESIAN_POINT('',(0.00509787332406651,0.00427664045713302,0.0653559578821384));
#8127=CARTESIAN_POINT('',(0.004844832610026,0.00406435290720619,0.0651630906023606));
#8128=CARTESIAN_POINT('',(0.00472204580200531,0.00396134035842434,0.0650694997732105));
#8129=CARTESIAN_POINT('',(0.00788531271398784,0.00652653205196103,0.0672535345842646));
#8130=CARTESIAN_POINT('',(0.00776951118780493,0.00643068549082383,0.0671686094066153));
#8131=CARTESIAN_POINT('',(0.00752161209172929,0.00622550255954222,0.0669868042403258));
#8132=CARTESIAN_POINT('',(0.00714176582859475,0.00591105793180651,0.0667081298736704));
#8133=CARTESIAN_POINT('',(0.00674539875000744,0.00558305610567814,0.0664176182966275));
#8134=CARTESIAN_POINT('',(0.0063493541819682,0.00525505745649968,0.0661266845016797));
#8135=CARTESIAN_POINT('',(0.00595236241418751,0.0049271782639728,0.0658373054819475));
#8136=CARTESIAN_POINT('',(0.00555647098505723,0.00459924886391735,0.0655463304956683));
#8137=CARTESIAN_POINT('',(0.00516756574905796,0.00427746132905513,0.065261437186499));
#8138=CARTESIAN_POINT('',(0.00491105893975651,0.00406512635931468,0.0650732494477535));
#8139=CARTESIAN_POINT('',(0.00478659037867711,0.00396209064171139,0.0649819285145733));
#8140=CARTESIAN_POINT('',(0.00810273597556523,0.00651536350182657,0.0669574792295719));
#8141=CARTESIAN_POINT('',(0.00798374247335692,0.00641968383539085,0.0668769082474792));
#8142=CARTESIAN_POINT('',(0.00772901130566027,0.0062148588106938,0.0667044248393555));
#8143=CARTESIAN_POINT('',(0.00733872492613836,0.0059009793778228,0.066440050540372));
#8144=CARTESIAN_POINT('',(0.00693144488722378,0.00557354060933992,0.0661643917641968));
#8145=CARTESIAN_POINT('',(0.00652447876762234,0.00524615391227464,0.0658885019252864));
#8146=CARTESIAN_POINT('',(0.00611672224376002,0.00491875578152075,0.0656134544030933));
#8147=CARTESIAN_POINT('',(0.00570988080325243,0.00459142966843168,0.0653375423989068));
#8148=CARTESIAN_POINT('',(0.00531014396214296,0.00427012841201966,0.065067199695823));
#8149=CARTESIAN_POINT('',(0.00504657953137955,0.00405817182313573,0.0648886703692141));
#8150=CARTESIAN_POINT('',(0.00491868746895614,0.0039553204939574,0.0648020369609006));
#8151=CARTESIAN_POINT('',(0.00821398652478894,0.00650299977474006,0.0668056196193353));
#8152=CARTESIAN_POINT('',(0.00809336664830989,0.00640750798106975,0.0667272885412594));
#8153=CARTESIAN_POINT('',(0.00783515235297763,0.00620308459258828,0.0665596000111737));
#8154=CARTESIAN_POINT('',(0.00743948875997546,0.0058898060070139,0.0663025690473016));
#8155=CARTESIAN_POINT('',(0.00702665366585608,0.00556299054276515,0.0660345050755078));
#8156=CARTESIAN_POINT('',(0.00661407368313011,0.00523630255728257,0.0657664559065055));
#8157=CARTESIAN_POINT('',(0.0062009661828019,0.00490935282837132,0.0654983761000651));
#8158=CARTESIAN_POINT('',(0.00578852791599821,0.00458275813940727,0.0652303806522233));
#8159=CARTESIAN_POINT('',(0.00538320939669804,0.00426198704247263,0.0649673869661669));
#8160=CARTESIAN_POINT('',(0.00511604334381738,0.00405045594251914,0.0647938425498167));
#8161=CARTESIAN_POINT('',(0.0049864046952107,0.00394781210684486,0.0647096299095125));
#8162=CARTESIAN_POINT('',(0.0083365100936286,0.00648178206710631,0.0666366596733054));
#8163=CARTESIAN_POINT('',(0.0082141279786026,0.00638662738131968,0.0665608271252187));
#8164=CARTESIAN_POINT('',(0.00795213098166387,0.0061829192450049,0.0663984838776042));
#8165=CARTESIAN_POINT('',(0.00755039902338964,0.00587056629059994,0.0661495533606474));
#8166=CARTESIAN_POINT('',(0.00713149569229994,0.00554486106977598,0.0658899843584433));
#8167=CARTESIAN_POINT('',(0.00671282989413852,0.00521933678149967,0.0656305648437649));
#8168=CARTESIAN_POINT('',(0.00629349693091819,0.00489330488675561,0.0653707242827823));
#8169=CARTESIAN_POINT('',(0.00587488327480901,0.00456782245239594,0.0651113360988411));
#8170=CARTESIAN_POINT('',(0.00546393944301806,0.00424830332867241,0.064856701583299));
#8171=CARTESIAN_POINT('',(0.0051927417650052,0.00403744212647548,0.0646886564259067));
#8172=CARTESIAN_POINT('',(0.00506114243718347,0.00393512124336047,0.064607112080285));
#8173=CARTESIAN_POINT('',(-7.74387010911514E-7,1.33164530772256E-19,0.0658134199218398));
#8174=CARTESIAN_POINT('',(-1.26098455002256E-6,2.16840434497101E-19,0.0685420332613903));
#8175=CARTESIAN_POINT('',(0.0046964467609799,0.00808379123521812,0.0685373605068154));
#8176=CARTESIAN_POINT('',(0.00377750155882805,0.00855223754769339,0.0685373735167096));
#8177=CARTESIAN_POINT('',(5.12764367584538E-9,-2.97982503208557E-9,0.0614710166878369));
#8178=CARTESIAN_POINT('',(0.00288525632436568,0.00496626601872764,0.0658120939873108));
#8179=CARTESIAN_POINT('',(-7.74387010911514E-7,1.33164530772256E-19,0.0658134199218398));
#8180=CARTESIAN_POINT('',(0.00232065414135194,0.00525396104446009,0.0658119968368323));
#8181=CARTESIAN_POINT('',(0.00377749387923059,0.00855225553881699,0.0685373558477362));
#8182=CARTESIAN_POINT('',(-1.27634307477962E-6,2.21922632180627E-19,0.0686281567457065));
#8183=CARTESIAN_POINT('',(0.00469593627398525,0.00808288330248722,0.0685365731203869));
#8184=CARTESIAN_POINT('',(0.00473764029549816,0.00815463401102809,0.0684029225986398));
#8185=CARTESIAN_POINT('',(0.0062345146482662,0.00696503865613894,0.0685368480368155));
#8186=CARTESIAN_POINT('',(0.00575786967995825,0.00738481819493525,0.0685451127560991));
#8187=CARTESIAN_POINT('',(0.00524244867838484,0.00775929496593414,0.0685450187951145));
#8188=CARTESIAN_POINT('',(0.00469592493892448,0.00808288939101024,0.0685365738126568));
#8189=CARTESIAN_POINT('',(0.00628987846182986,0.00702686861164437,0.0684031994213502));
#8190=CARTESIAN_POINT('',(0.00628988749337357,0.00702686052576041,0.068403199422945));
#8191=CARTESIAN_POINT('',(0.00646576903389045,0.00831801279262325,0.0666242967416431));
#8192=CARTESIAN_POINT('',(0.00648544462920557,0.00808010525838555,0.0669073378084826));
#8193=CARTESIAN_POINT('',(0.00649166911051969,0.00761316701448075,0.0674826298058086));
#8194=CARTESIAN_POINT('',(0.0064007082932383,0.00719035155208987,0.0680880111839221));
#8195=CARTESIAN_POINT('',(0.00628988807317822,0.00702686015637956,0.0684031992434129));
#8196=CARTESIAN_POINT('',(0.00646576901395404,0.00831801276699092,0.066624296793936));
#8197=CARTESIAN_POINT('',(0.00646566657666657,0.00831788170859528,0.0666245646627554));
#8198=CARTESIAN_POINT('',(0.00628542166266764,0.00845820112114771,0.0666242893080665));
#8199=CARTESIAN_POINT('',(0.00610071337874442,0.00859237611690316,0.0666242869470906));
#8200=CARTESIAN_POINT('',(0.00591154033445668,0.00872040478186331,0.0666245614010846));
#8201=CARTESIAN_POINT('',(0.00591166645867443,0.00872059192008865,0.0666241979800308));
#8202=CARTESIAN_POINT('',(0.00473764211034281,0.00815463296797052,0.0684029225828141));
#8203=CARTESIAN_POINT('',(0.00485879932180409,0.00831029380767332,0.0680881498391254));
#8204=CARTESIAN_POINT('',(0.00523362033139947,0.00852743340353771,0.0674821528528637));
#8205=CARTESIAN_POINT('',(0.00567926862906136,0.00866584115109327,0.0669071753131983));
#8206=CARTESIAN_POINT('',(0.00591166581443062,0.00872059097036181,0.0666241998281552));
#8207=CARTESIAN_POINT('',(-7.83818880698025E-7,1.37219337455197E-19,0.0658663094735696));
#8208=CARTESIAN_POINT('',(0.00290944373096506,0.00500786865062714,0.0657279899246908));
#8209=CARTESIAN_POINT('',(0.0030590543167971,0.00520009382764061,0.0653392828760752));
#8210=CARTESIAN_POINT('',(0.00334476650830948,0.00528814379677804,0.0649834701045328));
#8211=CARTESIAN_POINT('',(0.0036304327121942,0.00535542370057452,0.064635657955103));
#8212=CARTESIAN_POINT('',(0.00290944606466574,0.00500786729470108,0.0657279899247604));
#8213=CARTESIAN_POINT('',(0.00363043467123558,0.00535542658852973,0.0646356523352696));
#8214=CARTESIAN_POINT('',(0.00397093759666755,0.00510851114394236,0.0646350950522348));
#8215=CARTESIAN_POINT('',(0.00385991453356246,0.00519423216332933,0.0646358272722905));
#8216=CARTESIAN_POINT('',(0.00374641731423769,0.00527654276618267,0.0646360024811862));
#8217=CARTESIAN_POINT('',(0.00363044534199244,0.00535544212678962,0.064635621980677));
#8218=CARTESIAN_POINT('',(0.00397070562364686,0.00510820542141121,0.0646357130162777));
#8219=CARTESIAN_POINT('',(0.00397070266076628,0.00510820161197508,0.0646357207879264));
#8220=CARTESIAN_POINT('',(0.00399487729689867,0.00481609289893222,0.0649832297477374));
#8221=CARTESIAN_POINT('',(0.00399856548191426,0.00451570945406127,0.0653417625671665));
#8222=CARTESIAN_POINT('',(0.00386270286436274,0.00431528532800885,0.0657281603376543));
#8223=CARTESIAN_POINT('',(0.00386270343727828,0.00431528494452176,0.0657281601824463));
#8224=CARTESIAN_POINT('',(0.00386269437688845,0.00431529305623276,0.065728160180847));
#8225=CARTESIAN_POINT('',(0.00385133383770393,0.0043026092881753,0.0657555802668642));
#8226=CARTESIAN_POINT('',(0.00383997329851941,0.00428992552011784,0.0657830003528814));
#8227=CARTESIAN_POINT('',(0.00382861275933488,0.00427724175206037,0.0658104204388985));
#8228=CARTESIAN_POINT('',(0.0028867118245794,0.00496876293400611,0.0658139348514065));
#8229=CARTESIAN_POINT('',(0.00322178443372979,0.00477339857487333,0.0658139946053866));
#8230=CARTESIAN_POINT('',(0.00354332946988313,0.00453982038322041,0.0658140519469751));
#8231=CARTESIAN_POINT('',(0.00383253878251031,0.00428162674556296,0.0658141035220875));
#8232=CARTESIAN_POINT('',(0.00288377849430658,0.00496370110031082,0.0658102558649131));
#8233=CARTESIAN_POINT('',(0.00289233772128012,0.0049784212065929,0.0657828338854695));
#8234=CARTESIAN_POINT('',(0.00290089694825367,0.00499314131287499,0.0657554119060259));
#8235=CARTESIAN_POINT('',(0.00290945617522721,0.00500786141915708,0.0657279899265822));
#8236=CARTESIAN_POINT('',(0.00380743060047642,0.00655351537836856,0.067119910479477));
#8237=CARTESIAN_POINT('',(0.00383123118334332,0.00659448413833259,0.0670767053529662));
#8238=CARTESIAN_POINT('',(0.00505464083479205,0.00564691462986442,0.0671208097916443));
#8239=CARTESIAN_POINT('',(0.00508652550372029,0.00568250142026105,0.0670769544953042));
#8240=CARTESIAN_POINT('',(0.0064808575256851,0.00833742731882766,0.0666363261275465));
#8241=CARTESIAN_POINT('',(0.00638572129020444,0.00821503804531108,0.0665605022370452));
#8242=CARTESIAN_POINT('',(0.00618204289753339,0.00795301322078161,0.0663981698361992));
#8243=CARTESIAN_POINT('',(0.00586981119661413,0.00755133715532841,0.066149318563679));
#8244=CARTESIAN_POINT('',(0.00554411648365058,0.00713234093551915,0.0658897368106692));
#8245=CARTESIAN_POINT('',(0.00521854638613493,0.00671350804125859,0.0656302577144039));
#8246=CARTESIAN_POINT('',(0.00489273807415538,0.00629436063820695,0.0653705800638395));
#8247=CARTESIAN_POINT('',(0.00456719692218211,0.00587556373118816,0.0651111222733521));
#8248=CARTESIAN_POINT('',(0.00424793023750869,0.00546483991830059,0.0648566678472137));
#8249=CARTESIAN_POINT('',(0.00403731941964964,0.00519389576967936,0.0646888090927457));
#8250=CARTESIAN_POINT('',(0.00393523576681803,0.00506256835794193,0.0646074474472765));
#8251=CARTESIAN_POINT('',(0.00650208698310278,0.00821599615149453,0.0668043277541672));
#8252=CARTESIAN_POINT('',(0.00640661718868187,0.00809537810768213,0.066726002551446));
#8253=CARTESIAN_POINT('',(0.00620222758588567,0.00783714674197475,0.0665583198137762));
#8254=CARTESIAN_POINT('',(0.00588898298848798,0.00744132340064584,0.0663013930502589));
#8255=CARTESIAN_POINT('',(0.00556220558515562,0.00702841920527946,0.0660333454056038));
#8256=CARTESIAN_POINT('',(0.00523547789566119,0.00661551077530137,0.0657654079915934));
#8257=CARTESIAN_POINT('',(0.00490871292159726,0.00620266220734862,0.0654973257892615));
#8258=CARTESIAN_POINT('',(0.00458207375782149,0.00578999978498195,0.0652293269345196));
#8259=CARTESIAN_POINT('',(0.00426160006569034,0.00538483841741575,0.0649666703439575));
#8260=CARTESIAN_POINT('',(0.00405030880312189,0.005117889398525,0.06479332237195));
#8261=CARTESIAN_POINT('',(0.00394789695754797,0.00498850299714591,0.0647092989886605));
#8262=CARTESIAN_POINT('',(0.00651458767271483,0.00811145345052384,0.0669465184719415));
#8263=CARTESIAN_POINT('',(0.00641892871535586,0.00799235512668862,0.0668661062807805));
#8264=CARTESIAN_POINT('',(0.0062141334850729,0.00773737712237494,0.0666939548185858));
#8265=CARTESIAN_POINT('',(0.00590024990107343,0.0073465350422406,0.0664301600083923));
#8266=CARTESIAN_POINT('',(0.00557285742778658,0.00693889613090719,0.0661549841463588));
#8267=CARTESIAN_POINT('',(0.00524546817825475,0.00653121424035905,0.0658798601866237));
#8268=CARTESIAN_POINT('',(0.00491814803689755,0.0061237168190109,0.0656046933455717));
#8269=CARTESIAN_POINT('',(0.00459082845321497,0.00571619131828795,0.0653295455254324));
#8270=CARTESIAN_POINT('',(0.00426982876970664,0.00531639330760317,0.0650598838334049));
#8271=CARTESIAN_POINT('',(0.00405811027605974,0.00505279202506707,0.0648819173509773));
#8272=CARTESIAN_POINT('',(0.00395549022705357,0.00492502561689845,0.0647956553984349));
#8273=CARTESIAN_POINT('',(0.00652611346478845,0.00789582977521159,0.0672402505424225));
#8274=CARTESIAN_POINT('',(0.00643028321669194,0.00777987705185894,0.0671555444426809));
#8275=CARTESIAN_POINT('',(0.00622512134361188,0.00753163692379492,0.0669741960728672));
#8276=CARTESIAN_POINT('',(0.00591067772279891,0.00715121466344296,0.0666961957872231));
#8277=CARTESIAN_POINT('',(0.00558270724944446,0.006754406061294,0.0664062651210605));
#8278=CARTESIAN_POINT('',(0.00525472526461454,0.00635761765273487,0.0661162723981966));
#8279=CARTESIAN_POINT('',(0.00492686717927545,0.00596091244555942,0.0658264960022463));
#8280=CARTESIAN_POINT('',(0.00459894202799565,0.00556411435499321,0.0655366529287296));
#8281=CARTESIAN_POINT('',(0.00427744145228803,0.00517530000765702,0.0652522358823602));
#8282=CARTESIAN_POINT('',(0.00406533828394967,0.0049186568194019,0.0650647574044274));
#8283=CARTESIAN_POINT('',(0.00396253102264541,0.00479425899454291,0.0649738880640522));
#8284=CARTESIAN_POINT('',(0.00652464787409831,0.00778057583845383,0.0673967032472228));
#8285=CARTESIAN_POINT('',(0.00642884588035633,0.00766633036612279,0.0673097006533857));
#8286=CARTESIAN_POINT('',(0.00622374410632623,0.00742174385665032,0.0671234361922404));
#8287=CARTESIAN_POINT('',(0.00590938222053017,0.00704688373178804,0.0668379130702912));
#8288=CARTESIAN_POINT('',(0.00558147673018117,0.00665585973576624,0.0665401123376321));
#8289=CARTESIAN_POINT('',(0.00525360715049281,0.00626486527869475,0.0662423609194989));
#8290=CARTESIAN_POINT('',(0.00492574052569865,0.00587393591518423,0.0659445224202056));
#8291=CARTESIAN_POINT('',(0.00459790184434784,0.00548265175359571,0.0656473375906252));
#8292=CARTESIAN_POINT('',(0.00427659629948423,0.00510080713318618,0.065353384927148));
#8293=CARTESIAN_POINT('',(0.0040645316544966,0.00484774055625316,0.065161086309513));
#8294=CARTESIAN_POINT('',(0.00396174180389872,0.00472506203148338,0.0650679012140133));
#8295=CARTESIAN_POINT('',(0.00650533615912527,0.00758395704042449,0.0676657195451758));
#8296=CARTESIAN_POINT('',(0.00640982677229102,0.0074726138344756,0.0675747673439027));
#8297=CARTESIAN_POINT('',(0.00620535068744717,0.00723423850685513,0.0673800487082878));
#8298=CARTESIAN_POINT('',(0.0058919278468793,0.00686883829724929,0.0670816079284973));
#8299=CARTESIAN_POINT('',(0.00556499075750124,0.00648769386179366,0.0667702782790665));
#8300=CARTESIAN_POINT('',(0.00523813487643191,0.00610664975849863,0.0664590206690209));
#8301=CARTESIAN_POINT('',(0.00491115700035525,0.00572542677069219,0.0661476951812935));
#8302=CARTESIAN_POINT('',(0.00458439126319456,0.00534472713942715,0.0658361297061665));
#8303=CARTESIAN_POINT('',(0.00426376044830583,0.00496998317465536,0.0655323725737418));
#8304=CARTESIAN_POINT('',(0.00405237325973999,0.00472367821320963,0.0653308626527846));
#8305=CARTESIAN_POINT('',(0.00394991502667603,0.00460430614334801,0.0652331744083565));
#8306=CARTESIAN_POINT('',(0.00649087112980831,0.0074964737979244,0.0677862064892244));
#8307=CARTESIAN_POINT('',(0.0063955736524016,0.00738641308559487,0.0676934886051677));
#8308=CARTESIAN_POINT('',(0.00619155128678876,0.00715078393414865,0.0674949892730945));
#8309=CARTESIAN_POINT('',(0.0058788250343624,0.00678960598233517,0.0671907389075475));
#8310=CARTESIAN_POINT('',(0.00555261743582817,0.00641286576386868,0.0668733479969865));
#8311=CARTESIAN_POINT('',(0.00522648318844071,0.00603619020426822,0.066556095332756));
#8312=CARTESIAN_POINT('',(0.0049002655593008,0.00565948544142406,0.0662385328365523));
#8313=CARTESIAN_POINT('',(0.00457408501260607,0.00528257685034757,0.0659218119928075));
#8314=CARTESIAN_POINT('',(0.0042546845588956,0.00491441097688705,0.0656087641772695));
#8315=CARTESIAN_POINT('',(0.00404369658912487,0.00467063955833004,0.0654038030430491));
#8316=CARTESIAN_POINT('',(0.00394142608559379,0.004552470225962,0.065304479466352));
#8317=CARTESIAN_POINT('',(0.00645433731124735,0.0073491335640352,0.067992654677721));
#8318=CARTESIAN_POINT('',(0.00635957290838562,0.00724123139111053,0.0678969019720212));
#8319=CARTESIAN_POINT('',(0.00615669210674631,0.00701022406309561,0.0676919050992853));
#8320=CARTESIAN_POINT('',(0.00584572374709734,0.00665614658108206,0.0673776875404861));
#8321=CARTESIAN_POINT('',(0.00552135353115032,0.0062868063119195,0.0670499354404126));
#8322=CARTESIAN_POINT('',(0.00519705980697986,0.00591755527513182,0.066722254776193));
#8323=CARTESIAN_POINT('',(0.00487267338883245,0.00554819618836783,0.0663944940924136));
#8324=CARTESIAN_POINT('',(0.00454845356990762,0.00517902396028143,0.066066859169358));
#8325=CARTESIAN_POINT('',(0.00423034887474155,0.00481683550538283,0.0657455544815844));
#8326=CARTESIAN_POINT('',(0.00402061528963557,0.00457802549164195,0.0655336142072649));
#8327=CARTESIAN_POINT('',(0.00391895838357792,0.00446227521983166,0.0654308863724923));
#8328=CARTESIAN_POINT('',(0.00643599148959172,0.00729052333966163,0.0680761232452541));
#8329=CARTESIAN_POINT('',(0.00634149282510504,0.00718347688091344,0.0679791455814026));
#8330=CARTESIAN_POINT('',(0.00613918111937455,0.00695430188207883,0.0677715260091978));
#8331=CARTESIAN_POINT('',(0.00582908976711084,0.00660304179232482,0.0674532834064841));
#8332=CARTESIAN_POINT('',(0.00550563054584433,0.00623661454193319,0.0671213868996408));
#8333=CARTESIAN_POINT('',(0.00518228220325025,0.00587040787823367,0.0667893520732344));
#8334=CARTESIAN_POINT('',(0.00485870745458821,0.0055035940446935,0.0664580143548348));
#8335=CARTESIAN_POINT('',(0.00453590563737978,0.00513899327050139,0.0661239037819677));
#8336=CARTESIAN_POINT('',(0.00421681901135823,0.00477363579686166,0.0658068797741608));
#8337=CARTESIAN_POINT('',(0.0040079443084551,0.00453757891156375,0.0655910362552335));
#8338=CARTESIAN_POINT('',(0.00390672479470956,0.00442323088957618,0.0654863223418137));
#8339=CARTESIAN_POINT('',(0.00639710563598063,0.00719439998056633,0.0682169450710461));
#8340=CARTESIAN_POINT('',(0.00630317601109839,0.00708876378531879,0.0681178920250482));
#8341=CARTESIAN_POINT('',(0.00610208271656834,0.00686260792221608,0.0679058297405418));
#8342=CARTESIAN_POINT('',(0.00579386305191235,0.00651597298771169,0.067580789911107));
#8343=CARTESIAN_POINT('',(0.00547235904591896,0.0061544043202807,0.0672417795117096));
#8344=CARTESIAN_POINT('',(0.00515096284904077,0.00579293308435442,0.066902744810479));
#8345=CARTESIAN_POINT('',(0.00482934153176578,0.00543129550718899,0.0665639971282465));
#8346=CARTESIAN_POINT('',(0.00450851244021896,0.00507021863431673,0.0662241748256131));
#8347=CARTESIAN_POINT('',(0.00419124751315687,0.00471437867503495,0.0658950302268335));
#8348=CARTESIAN_POINT('',(0.00398363845583656,0.00448075025763848,0.065675346935486));
#8349=CARTESIAN_POINT('',(0.003883033298856,0.00436752542952861,0.0655688300464548));
#8350=CARTESIAN_POINT('',(0.00638133255312401,0.00716039507736283,0.0682677302339912));
#8351=CARTESIAN_POINT('',(0.00628763416058604,0.00705525875539582,0.0681679282517684));
#8352=CARTESIAN_POINT('',(0.00608703573636777,0.00683017260839353,0.0679542633987251));
#8353=CARTESIAN_POINT('',(0.00577956995902021,0.00648516504285141,0.0676267891816113));
#8354=CARTESIAN_POINT('',(0.00545886633687869,0.00612533204624367,0.0672851870128348));
#8355=CARTESIAN_POINT('',(0.00513822103778585,0.00576545978880327,0.0669437475059852));
#8356=CARTESIAN_POINT('',(0.00481752469208919,0.00540591255680651,0.0666019279449298));
#8357=CARTESIAN_POINT('',(0.00449701374749851,0.00504517873296177,0.0662613908396501));
#8358=CARTESIAN_POINT('',(0.00418222568579432,0.00469596087232567,0.0659230437384141));
#8359=CARTESIAN_POINT('',(0.00397488431291679,0.00446272978478174,0.0657026626848763));
#8360=CARTESIAN_POINT('',(0.00387438977896988,0.00434964195685927,0.0655958827973002));
#8361=CARTESIAN_POINT('',(0.00635714760500056,0.00711641210669106,0.0683361563907017));
#8362=CARTESIAN_POINT('',(0.00626380132546499,0.00701191561816399,0.0682353565889483));
#8363=CARTESIAN_POINT('',(0.0060639574664662,0.0067882005849051,0.0680195536673378));
#8364=CARTESIAN_POINT('',(0.00575766760067357,0.0064453290727556,0.0676887533877123));
#8365=CARTESIAN_POINT('',(0.00543813749891623,0.00608762761835954,0.067343826189708));
#8366=CARTESIAN_POINT('',(0.00511885599985261,0.00573023577833305,0.0669985293963883));
#8367=CARTESIAN_POINT('',(0.00479884048095597,0.00537191448866206,0.0666547746784168));
#8368=CARTESIAN_POINT('',(0.00448146792718616,0.00501693613039473,0.0663052952071158));
#8369=CARTESIAN_POINT('',(0.00416082071696438,0.00465688572653127,0.0659836950982377));
#8370=CARTESIAN_POINT('',(0.00395527059873216,0.00442694152862236,0.0657582132459268));
#8371=CARTESIAN_POINT('',(0.00385572346813985,0.00431559290262442,0.065648734944614));
#8372=CARTESIAN_POINT('',(0.00634044295299042,0.0070906606520265,0.068378230698503));
#8373=CARTESIAN_POINT('',(0.00624734223371666,0.00698654344737217,0.068276810919993));
#8374=CARTESIAN_POINT('',(0.0060480241164036,0.00676364046864416,0.0680596807167928));
#8375=CARTESIAN_POINT('',(0.00574254068707834,0.00642201489156288,0.0677268466826185));
#8376=CARTESIAN_POINT('',(0.0054238528791605,0.00606560747049759,0.0673797970836065));
#8377=CARTESIAN_POINT('',(0.00510540706038626,0.00570952797877965,0.0670323784275495));
#8378=CARTESIAN_POINT('',(0.00478625674797514,0.0053524520666479,0.0666865036240503));
#8379=CARTESIAN_POINT('',(0.00446960872342234,0.00499893854336927,0.0663349099318027));
#8380=CARTESIAN_POINT('',(0.00415020561079133,0.00463954495379759,0.0660111854271713));
#8381=CARTESIAN_POINT('',(0.00394514014209582,0.00441052763820217,0.0657843432355287));
#8382=CARTESIAN_POINT('',(0.00384582321856518,0.0042996351840391,0.0656742061487154));
#8383=CARTESIAN_POINT('',(0.00631710725652766,0.00705726857469475,0.0684331981529532));
#8384=CARTESIAN_POINT('',(0.0062243513214225,0.00695364448914198,0.0683309703201417));
#8385=CARTESIAN_POINT('',(0.00602577079279468,0.00673179641599911,0.0681121114742978));
#8386=CARTESIAN_POINT('',(0.0057214030641728,0.00639176618985327,0.067776662877523));
#8387=CARTESIAN_POINT('',(0.00540392124485711,0.0060370856461418,0.0674267611740102));
#8388=CARTESIAN_POINT('',(0.00508651108210541,0.00568248519885176,0.0670769385989692));
#8389=CARTESIAN_POINT('',(0.00476902550081664,0.0053278011568196,0.066727032916334));
#8390=CARTESIAN_POINT('',(0.00445161817152333,0.00497320288657871,0.0663772125901891));
#8391=CARTESIAN_POINT('',(0.00414043666546959,0.00462556098913981,0.0660342552430438));
#8392=CARTESIAN_POINT('',(0.00393512843158378,0.00439619695107823,0.0658079816832814));
#8393=CARTESIAN_POINT('',(0.00383561452252929,0.00428502307099859,0.0656983057697423));
#8394=CARTESIAN_POINT('',(0.00521853423498642,0.00671349143498165,0.0656302465657952));
#8395=CARTESIAN_POINT('',(0.000117430869393435,0.000151393875516229,0.0858470423372708));
#8396=CARTESIAN_POINT('',(0.00596218895178934,0.00879512052686975,0.0666682405360478));
#8397=CARTESIAN_POINT('',(0.00586296110205537,0.00864874387099566,0.0665817442330736));
#8398=CARTESIAN_POINT('',(0.00566450089248637,0.00835598390614039,0.0664087476956981));
#8399=CARTESIAN_POINT('',(0.00536671064699782,0.00791669972265421,0.0661491639403602));
#8400=CARTESIAN_POINT('',(0.0050689606159662,0.00747747309956537,0.0658896165435984));
#8401=CARTESIAN_POINT('',(0.00477138057963831,0.00703849196350324,0.0656302186223179));
#8402=CARTESIAN_POINT('',(0.0044733228943301,0.0065988218764615,0.0653703996885299));
#8403=CARTESIAN_POINT('',(0.00417577951419607,0.00615989666034609,0.0651110330952251));
#8404=CARTESIAN_POINT('',(0.00387798032458391,0.0057205938441868,0.0648514446589586));
#8405=CARTESIAN_POINT('',(0.00367951265941818,0.00542782403831462,0.0646784408376478));
#8406=CARTESIAN_POINT('',(0.00358026795236667,0.00528142309389352,0.0645919294477423));
#8407=CARTESIAN_POINT('',(0.00475815819801202,0.00818995020480236,0.0684329434165082));
#8408=CARTESIAN_POINT('',(0.00468828184204621,0.00806967636869755,0.0683307036626982));
#8409=CARTESIAN_POINT('',(0.00453869420002689,0.00781220036938929,0.0681118341073318));
#8410=CARTESIAN_POINT('',(0.00430944275079414,0.00741760204400969,0.0677764029970369));
#8411=CARTESIAN_POINT('',(0.00407030966668245,0.00700599601154232,0.0674265142370619));
#8412=CARTESIAN_POINT('',(0.00383121117502663,0.0065944502962705,0.0670766763885294));
#8413=CARTESIAN_POINT('',(0.00359211075459958,0.00618289767800518,0.0667268338526095));
#8414=CARTESIAN_POINT('',(0.00335301789815171,0.00577136289000462,0.0663770047838006));
#8415=CARTESIAN_POINT('',(0.00311848189801052,0.00536766835238534,0.0660338422143037));
#8416=CARTESIAN_POINT('',(0.00296367585444923,0.00510120982728557,0.0658073370571556));
#8417=CARTESIAN_POINT('',(0.00288855548667561,0.0049719095763457,0.0656974243555403));
#8418=CARTESIAN_POINT('',(0.00477997238914521,0.00821881718493599,0.068384089684273));
#8419=CARTESIAN_POINT('',(0.00470978033808507,0.008098125564084,0.0682825559073504));
#8420=CARTESIAN_POINT('',(0.00455951374419938,0.00783975116840809,0.0680652059995813));
#8421=CARTESIAN_POINT('',(0.00432913854546268,0.00744366893933919,0.0677323254025511));
#8422=CARTESIAN_POINT('',(0.00408920133208257,0.00703099845506756,0.0673842309558239));
#8423=CARTESIAN_POINT('',(0.00384790260221547,0.00661654321014096,0.0670393425575959));
#8424=CARTESIAN_POINT('',(0.00360837606968221,0.00620442628050422,0.066690441616968));
#8425=CARTESIAN_POINT('',(0.00336803735580053,0.00579124772624541,0.0663434496806608));
#8426=CARTESIAN_POINT('',(0.00313247174702911,0.00538617605112925,0.0660024591494366));
#8427=CARTESIAN_POINT('',(0.00297696095445054,0.00511878614357397,0.0657775411714486));
#8428=CARTESIAN_POINT('',(0.00290149826330826,0.00498903363159826,0.0656684007346248));
#8429=CARTESIAN_POINT('',(0.00479634627221962,0.00823912465382174,0.068348451478043));
#8430=CARTESIAN_POINT('',(0.00472592181531779,0.0081181427685061,0.0682474273873334));
#8431=CARTESIAN_POINT('',(0.00457515239615735,0.00785914197604532,0.0680311788198075));
#8432=CARTESIAN_POINT('',(0.00434386552285273,0.00746196638510559,0.0677002582370238));
#8433=CARTESIAN_POINT('',(0.00410363549508902,0.00704879194775661,0.0673529411059433));
#8434=CARTESIAN_POINT('',(0.00385955108192162,0.00663140962870105,0.0670136050999625));
#8435=CARTESIAN_POINT('',(0.00362419621414344,0.00622351708403805,0.0666565983981197));
#8436=CARTESIAN_POINT('',(0.00338151614730336,0.00580771944266519,0.0663144405874851));
#8437=CARTESIAN_POINT('',(0.00314532811401756,0.0054018204799182,0.065974799368447));
#8438=CARTESIAN_POINT('',(0.00298915178443201,0.00513362753514231,0.0657513148007963));
#8439=CARTESIAN_POINT('',(0.00291336268975977,0.00500348186613757,0.0656428772822338));
#8440=CARTESIAN_POINT('',(0.0048351685140381,0.00828138514174876,0.0682701636070201));
#8441=CARTESIAN_POINT('',(0.0047641528054417,0.00815976187994551,0.0681703348658378));
#8442=CARTESIAN_POINT('',(0.00461213326008339,0.00789940413500691,0.0679566150371592));
#8443=CARTESIAN_POINT('',(0.00437934532894568,0.00750057649100276,0.0676287664588618));
#8444=CARTESIAN_POINT('',(0.00413572509421061,0.00708379638466038,0.0672881759720015));
#8445=CARTESIAN_POINT('',(0.00389506911766731,0.00666983757121429,0.0669423679844972));
#8446=CARTESIAN_POINT('',(0.00364845148046713,0.00625017140984548,0.0666073682027158));
#8447=CARTESIAN_POINT('',(0.00340658794399829,0.0058351302182825,0.0662638079149695));
#8448=CARTESIAN_POINT('',(0.00316797977577047,0.00542661272177061,0.0659289362849958));
#8449=CARTESIAN_POINT('',(0.00301075129605476,0.00515726817541633,0.0657075984940987));
#8450=CARTESIAN_POINT('',(0.00293445902309368,0.00502657149535494,0.0656001891507924));
#8451=CARTESIAN_POINT('',(0.00485976970474925,0.00830441913492495,0.068224443225327));
#8452=CARTESIAN_POINT('',(0.00478840233531466,0.00818246764710111,0.0681252720138169));
#8453=CARTESIAN_POINT('',(0.00463562434919551,0.00792140178822842,0.0679129698443074));
#8454=CARTESIAN_POINT('',(0.00440152446909679,0.00752134354813243,0.0675875613588202));
#8455=CARTESIAN_POINT('',(0.0041571698519556,0.00710388608615228,0.0672483462431787));
#8456=CARTESIAN_POINT('',(0.00391341615350081,0.00668699322620411,0.0669082821786292));
#8457=CARTESIAN_POINT('',(0.00366751967891975,0.00626817699992881,0.0665718356313537));
#8458=CARTESIAN_POINT('',(0.00342389654591924,0.00585143509002485,0.0662316100891679));
#8459=CARTESIAN_POINT('',(0.0031842065791988,0.00544190267847116,0.065898710980221));
#8460=CARTESIAN_POINT('',(0.00302615924730763,0.00517178608361375,0.065678910876797));
#8461=CARTESIAN_POINT('',(0.0029494682033978,0.00504071338028326,0.0655722508951454));
#8462=CARTESIAN_POINT('',(0.00491930396374879,0.00835556650363027,0.0681177701366557));
#8463=CARTESIAN_POINT('',(0.00484707300182341,0.00823287528929236,0.0680201555310819));
#8464=CARTESIAN_POINT('',(0.004692440589273,0.00797022071257392,0.0678111944517651));
#8465=CARTESIAN_POINT('',(0.00445534725968562,0.00756759067519373,0.067491140192071));
#8466=CARTESIAN_POINT('',(0.0042084911959239,0.00714797983518746,0.0671564181153248));
#8467=CARTESIAN_POINT('',(0.00395993262211003,0.00672699006131628,0.0668249770554098));
#8468=CARTESIAN_POINT('',(0.00371508454807453,0.00630910709252125,0.0664865401822699));
#8469=CARTESIAN_POINT('',(0.00346725321453817,0.00588874937221485,0.0661539286803905));
#8470=CARTESIAN_POINT('',(0.00322479489559951,0.00547682920053559,0.0658259498175077));
#8471=CARTESIAN_POINT('',(0.00306471371497204,0.00520496791680562,0.0656098121607101));
#8472=CARTESIAN_POINT('',(0.00298703293918718,0.00507304631160501,0.0655049350151692));
#8473=CARTESIAN_POINT('',(0.00495625404857293,0.00838362441267307,0.0680547196698787));
#8474=CARTESIAN_POINT('',(0.00488347783196696,0.00826051985789442,0.0679580417866783));
#8475=CARTESIAN_POINT('',(0.00472768112721824,0.00799698267077651,0.0677510793533906));
#8476=CARTESIAN_POINT('',(0.00448888220613126,0.00759305976057384,0.067433911495007));
#8477=CARTESIAN_POINT('',(0.00423985517816149,0.00717176813424697,0.0671029309795419));
#8478=CARTESIAN_POINT('',(0.00399061375345456,0.00675038504392126,0.0667725532828472));
#8479=CARTESIAN_POINT('',(0.00374235145413436,0.00632964136438434,0.0664401600206899));
#8480=CARTESIAN_POINT('',(0.00349310958835593,0.00590829453100879,0.0661098975732007));
#8481=CARTESIAN_POINT('',(0.0032487440048677,0.00549491542254351,0.0657851974305144));
#8482=CARTESIAN_POINT('',(0.0030874854431603,0.00522216676116489,0.0655710667522894));
#8483=CARTESIAN_POINT('',(0.00300923444125622,0.00508981557528324,0.0654671613749389));
#8484=CARTESIAN_POINT('',(0.00508128014562576,0.00846967119828764,0.0678482370702009));
#8485=CARTESIAN_POINT('',(0.00500667140384538,0.00834530970642228,0.0677545982006308));
#8486=CARTESIAN_POINT('',(0.00484694962568673,0.00807907912084762,0.0675541404705793));
#8487=CARTESIAN_POINT('',(0.00460207945975366,0.00767095890719119,0.0672469132924878));
#8488=CARTESIAN_POINT('',(0.00434684037375537,0.0072453863912712,0.0669262341433213));
#8489=CARTESIAN_POINT('',(0.00409110665480773,0.00681958947195183,0.0666064914125528));
#8490=CARTESIAN_POINT('',(0.00383736341364769,0.00639485956691739,0.0662834036289188));
#8491=CARTESIAN_POINT('',(0.00358158634598402,0.00596908106490171,0.065963852276968));
#8492=CARTESIAN_POINT('',(0.00333109946029515,0.00555149817737941,0.0656493300604834));
#8493=CARTESIAN_POINT('',(0.00316574474321658,0.00527593726417396,0.0654419583218099));
#8494=CARTESIAN_POINT('',(0.00308550530730381,0.00514222091150448,0.065341333306752));
#8495=CARTESIAN_POINT('',(0.00518271291414126,0.00852347447578238,0.0676931007309547));
#8496=CARTESIAN_POINT('',(0.00510661150767487,0.00839832069572203,0.0676017444460823));
#8497=CARTESIAN_POINT('',(0.00494369325527657,0.00813039234011616,0.0674061713406567));
#8498=CARTESIAN_POINT('',(0.00469389622567592,0.00771962548288643,0.0671063818928616));
#8499=CARTESIAN_POINT('',(0.00443350374126901,0.00729131685399027,0.0667936225761307));
#8500=CARTESIAN_POINT('',(0.00417289047899112,0.00686293520527505,0.0664812380610591));
#8501=CARTESIAN_POINT('',(0.00391312325275797,0.00643492043273119,0.0661675990458993));
#8502=CARTESIAN_POINT('',(0.00365249985242914,0.00600659260411406,0.0658553587972727));
#8503=CARTESIAN_POINT('',(0.00339706904170742,0.00558639954581625,0.0655484621361737));
#8504=CARTESIAN_POINT('',(0.00322843575979598,0.00530910120864853,0.0653460902856492));
#8505=CARTESIAN_POINT('',(0.00314660517736825,0.00517454156542048,0.0652478910381445));
#8506=CARTESIAN_POINT('',(0.00538167143549366,0.00861009680165266,0.0673974600521855));
#8507=CARTESIAN_POINT('',(0.00530264470009751,0.00848366003244359,0.0673104268317047));
#8508=CARTESIAN_POINT('',(0.0051334680032288,0.00821298895001348,0.0671241074178262));
#8509=CARTESIAN_POINT('',(0.00487418453655937,0.00779812056943854,0.0668384758776125));
#8510=CARTESIAN_POINT('',(0.00460367342905155,0.00736539700223738,0.0665407254162048));
#8511=CARTESIAN_POINT('',(0.00433340449168321,0.00693278068195882,0.0662426065152099));
#8512=CARTESIAN_POINT('',(0.00406234422386227,0.0064998952552961,0.0659458619940375));
#8513=CARTESIAN_POINT('',(0.00379221037560069,0.006067422227112,0.0656477373350958));
#8514=CARTESIAN_POINT('',(0.00352677718456985,0.00564287033104479,0.0653556777063055));
#8515=CARTESIAN_POINT('',(0.00335172330715505,0.00536276836527183,0.0651628243340323));
#8516=CARTESIAN_POINT('',(0.00326677955765795,0.00522684924218121,0.0650692402534893));
#8517=CARTESIAN_POINT('',(0.00548251829486711,0.0086441150924446,0.0672531060904819));
#8518=CARTESIAN_POINT('',(0.00540200345562717,0.00851717027690505,0.0671681872055582));
#8519=CARTESIAN_POINT('',(0.00522964400307323,0.00824541466189966,0.0669863955103619));
#8520=CARTESIAN_POINT('',(0.00496555990326756,0.00782896574395363,0.0667077417877395));
#8521=CARTESIAN_POINT('',(0.00468995308219524,0.00739451729916048,0.0664172517460469));
#8522=CARTESIAN_POINT('',(0.0044146520088354,0.00696017151379754,0.0661263394834601));
#8523=CARTESIAN_POINT('',(0.0041384131672826,0.00652564672332866,0.0658369819977708));
#8524=CARTESIAN_POINT('',(0.00386323633888429,0.00609141411805008,0.0655460285386999));
#8525=CARTESIAN_POINT('',(0.00359280578122465,0.00566518196120054,0.0652611563572904));
#8526=CARTESIAN_POINT('',(0.00341447006400471,0.00538396407205966,0.0650729825589081));
#8527=CARTESIAN_POINT('',(0.00332793401204713,0.00524750334893137,0.0649816683902867));
#8528=CARTESIAN_POINT('',(0.005692753960681,0.00870066433693929,0.066957049454015));
#8529=CARTESIAN_POINT('',(0.00560915176053496,0.0085728921128199,0.066876484783304));
#8530=CARTESIAN_POINT('',(0.00543018394115834,0.00829936617469814,0.0667040148861671));
#8531=CARTESIAN_POINT('',(0.00515599592098649,0.00788022940371569,0.0664396612911709));
#8532=CARTESIAN_POINT('',(0.00486983613384971,0.00744294498691879,0.0661640241145443));
#8533=CARTESIAN_POINT('',(0.00458395881278581,0.00700580708665071,0.0658881558695735));
#8534=CARTESIAN_POINT('',(0.00429733329845002,0.00656841411037134,0.0656131299488474));
#8535=CARTESIAN_POINT('',(0.0040115558329665,0.00613137235562538,0.0653372395341736));
#8536=CARTESIAN_POINT('',(0.00373067341136525,0.00570225632890918,0.0650669180265692));
#8537=CARTESIAN_POINT('',(0.00354550848684004,0.00541921790866099,0.064888402681057));
#8538=CARTESIAN_POINT('',(0.00345565947154592,0.00528187488758456,0.0648017760570148));
#8539=CARTESIAN_POINT('',(0.00580238144781279,0.00872327567493003,0.0668051895543353));
#8540=CARTESIAN_POINT('',(0.00571717439838948,0.00859517967458293,0.0667268647914798));
#8541=CARTESIAN_POINT('',(0.00553476977350785,0.00832095963381879,0.0665591897806417));
#8542=CARTESIAN_POINT('',(0.00525528198329116,0.00790073305692414,0.0663021795345674));
#8543=CARTESIAN_POINT('',(0.0049636463468082,0.00746232524977533,0.066034137176447));
#8544=CARTESIAN_POINT('',(0.00467221394244497,0.00702411751670828,0.0657661096118666));
#8545=CARTESIAN_POINT('',(0.00438036072246161,0.00658549783725811,0.0654980514288763));
#8546=CARTESIAN_POINT('',(0.00408903426727177,0.00614742263004105,0.0652300775790779));
#8547=CARTESIAN_POINT('',(0.00380267946181766,0.00571708638654539,0.0649671051079917));
#8548=CARTESIAN_POINT('',(0.00361395766428558,0.00543333994259892,0.0647935746807183));
#8549=CARTESIAN_POINT('',(0.00352238340667106,0.00529565466816976,0.0647093688284917));
#8550=CARTESIAN_POINT('',(0.00592546639339415,0.00874094898925424,0.0666362297084165));
#8551=CARTESIAN_POINT('',(0.00583847916164383,0.00861262917359372,0.0665604034723502));
#8552=CARTESIAN_POINT('',(0.00565225590201853,0.00833792075356588,0.0663980737375753));
#8553=CARTESIAN_POINT('',(0.00536671064699782,0.00791669972265421,0.0661491639403602));
#8554=CARTESIAN_POINT('',(0.0050689606159662,0.00747747309956537,0.0658896165435984));
#8555=CARTESIAN_POINT('',(0.00477138057963831,0.00703849196350324,0.0656302186223179));
#8556=CARTESIAN_POINT('',(0.0044733228943301,0.0065988218764615,0.0653703996885299));
#8557=CARTESIAN_POINT('',(0.00417577951419607,0.00615989666034609,0.0651110330952251));
#8558=CARTESIAN_POINT('',(0.00388368776467988,0.00572901325765292,0.0648564197747456));
#8559=CARTESIAN_POINT('',(0.00369092460600187,0.00544465838672221,0.064688388604694));
#8560=CARTESIAN_POINT('',(0.00359738581052356,0.00530667452228356,0.0646068510464617));
#8561=CARTESIAN_POINT('',(-7.74387010911514E-7,1.33164530772256E-19,0.0658134199218398));
#8562=CARTESIAN_POINT('',(-1.26098455002256E-6,2.16840434497101E-19,0.0685420332613903));
#8563=CARTESIAN_POINT('',(0.00196849579564263,0.00913981357801275,0.0685368740273984));
#8564=CARTESIAN_POINT('',(0.000949769102268718,0.0093013628168949,0.0685368692431158));
#8565=CARTESIAN_POINT('',(5.79749548185764E-9,-1.24945294893187E-9,0.0614710166879564));
#8566=CARTESIAN_POINT('',(0.00120934336936589,0.00561503210761956,0.0658117951193445));
#8567=CARTESIAN_POINT('',(-7.74387010911514E-7,1.33164530772256E-19,0.0658134199218398));
#8568=CARTESIAN_POINT('',(0.000583472133330527,0.00571417466435623,0.0658116870426676));
#8569=CARTESIAN_POINT('',(0.000949756239128871,0.00930137755337042,0.0685368515732181));
#8570=CARTESIAN_POINT('',(-1.27634307477962E-6,2.21922632180627E-19,0.0686281567457065));
#8571=CARTESIAN_POINT('',(0.00196829086717066,0.00913879229012758,0.0685360866954607));
#8572=CARTESIAN_POINT('',(0.00198578272722947,0.00921991115507187,0.068402431855924));
#8573=CARTESIAN_POINT('',(0.00377699884315656,0.00855110572743281,0.0685364097844893));
#8574=CARTESIAN_POINT('',(0.00319396345789403,0.0088030488555116,0.068544655531017));
#8575=CARTESIAN_POINT('',(0.00258804927133284,0.00899992357738189,0.0685445454322529));
#8576=CARTESIAN_POINT('',(0.00196827820542414,0.00913879457796888,0.0685360873874939));
#8577=CARTESIAN_POINT('',(0.0038105476186973,0.00862701050347745,0.068402757278717));
#8578=CARTESIAN_POINT('',(0.00381055870688133,0.00862700560424535,0.0684027572806786));
#8579=CARTESIAN_POINT('',(0.00357885953246761,0.00990921673454708,0.0666237819149219));
#8580=CARTESIAN_POINT('',(0.00367108713520683,0.00968904891473446,0.0669068359200651));
#8581=CARTESIAN_POINT('',(0.0038212937978851,0.0092469194285095,0.0674821535939406));
#8582=CARTESIAN_POINT('',(0.00386543679715983,0.00881672295091743,0.0680875590653119));
#8583=CARTESIAN_POINT('',(0.00381055937245484,0.00862700543210287,0.0684027571011618));
#8584=CARTESIAN_POINT('',(0.00357885952142733,0.00990921670401147,0.0666237819672164));
#8585=CARTESIAN_POINT('',(0.00357880259471015,0.00990906041996934,0.0666240498441523));
#8586=CARTESIAN_POINT('',(0.00336401841441536,0.00998681335577655,0.066623768330026));
#8587=CARTESIAN_POINT('',(0.00314688804386032,0.0100573433618571,0.0666237601871725));
#8588=CARTESIAN_POINT('',(0.0029274107520824,0.0101206481884315,0.0666240292369666));
#8589=CARTESIAN_POINT('',(0.00292747287762273,0.010120865121959,0.0666236658044999));
#8590=CARTESIAN_POINT('',(0.00198578477557195,0.00921991072388213,0.0684024318401399));
#8591=CARTESIAN_POINT('',(0.00205291303454229,0.00940537527022942,0.0680876494613904));
#8592=CARTESIAN_POINT('',(0.00234229446377848,0.00972767996284901,0.0674816372385655));
#8593=CARTESIAN_POINT('',(0.00272336585496841,0.00999699476282692,0.0669066481828077));
#8594=CARTESIAN_POINT('',(0.00292747255837606,0.0101208640197346,0.0666236676526822));
#8595=CARTESIAN_POINT('',(-7.83818880698028E-7,1.35525271560688E-19,0.0658663094735696));
#8596=CARTESIAN_POINT('',(0.00121949177407275,0.00566206824659291,0.0657276885531291));
#8597=CARTESIAN_POINT('',(0.00130238244406647,0.00589109604596104,0.065338969606255));
#8598=CARTESIAN_POINT('',(0.00154690505524036,0.00606310685620993,0.0649831494893156));
#8599=CARTESIAN_POINT('',(0.00179780216281304,0.00621535039040805,0.0646353311394628));
#8600=CARTESIAN_POINT('',(0.00121949441255819,0.00566206767818376,0.0657276885532531));
#8601=CARTESIAN_POINT('',(0.00179780313359393,0.00621535374208404,0.0646353255194532));
#8602=CARTESIAN_POINT('',(0.00219794173237557,0.0060857443577448,0.0646347788713334));
#8603=CARTESIAN_POINT('',(0.00206586326684214,0.00613296191944543,0.0646355073365491));
#8604=CARTESIAN_POINT('',(0.0019324856204215,0.00617617139527651,0.0646356790001398));
#8605=CARTESIAN_POINT('',(0.00179780848076539,0.00621537181561956,0.0646352951639115));
#8606=CARTESIAN_POINT('',(0.0021978155809847,0.00608538194878911,0.0646353968542479));
#8607=CARTESIAN_POINT('',(0.00219781394023046,0.00608537741064789,0.0646354046261324));
#8608=CARTESIAN_POINT('',(0.0023110689074764,0.00581505503925135,0.064982929471767));
#8609=CARTESIAN_POINT('',(0.00240739703836022,0.00553053287627701,0.0653414788118108));
#8610=CARTESIAN_POINT('',(0.00234011509791142,0.00529795564150945,0.0657278888123893));
#8611=CARTESIAN_POINT('',(0.00234011576129186,0.00529795545382364,0.0657278886571974));
#8612=CARTESIAN_POINT('',(0.00234010463769258,0.00529796036870476,0.0657278886552302));
#8613=CARTESIAN_POINT('',(0.00233321938334803,0.00528238829987593,0.0657553095393313));
#8614=CARTESIAN_POINT('',(0.00232633412900348,0.00526681623104709,0.0657827304234325));
#8615=CARTESIAN_POINT('',(0.00231944887465893,0.00525124416221826,0.0658101513075336));
#8616=CARTESIAN_POINT('',(0.00120995602702123,0.0056178566909053,0.0658136358331349));
#8617=CARTESIAN_POINT('',(0.00158899992149296,0.00553559727632372,0.0658137034285775));
#8618=CARTESIAN_POINT('',(0.00196698705299734,0.00541281409729604,0.065813770835566));
#8619=CARTESIAN_POINT('',(0.00232182767495161,0.00525662794969035,0.0658138341148041));
#8620=CARTESIAN_POINT('',(0.00120873048886671,0.00561213594935544,0.0658099571511945));
#8621=CARTESIAN_POINT('',(0.0012123222738833,0.00562877903775186,0.0657825342858998));
#8622=CARTESIAN_POINT('',(0.00121591405889988,0.00564542212614827,0.0657551114206051));
#8623=CARTESIAN_POINT('',(0.00121950584391647,0.00566206521454469,0.0657276885553105));
#8624=CARTESIAN_POINT('',(0.00159588479178201,0.00740963554307773,0.0671195160913339));
#8625=CARTESIAN_POINT('',(0.00160586082548152,0.00745595155274692,0.0670763084994715));
#8626=CARTESIAN_POINT('',(0.00306220724035592,0.00693281619492708,0.0671204544780974));
#8627=CARTESIAN_POINT('',(0.00308153482250282,0.00697651173147671,0.0670765969424339));
#8628=CARTESIAN_POINT('',(0.00358721001749953,0.00993234430942316,0.0666358100992269));
#8629=CARTESIAN_POINT('',(0.00353455110730939,0.00978654230178289,0.066559993783768));
#8630=CARTESIAN_POINT('',(0.00342181298371766,0.00947439285553785,0.066397677600431));
#8631=CARTESIAN_POINT('',(0.00324898988997758,0.00899587760225881,0.0661488511888481));
#8632=CARTESIAN_POINT('',(0.00306871502649635,0.00849672901253583,0.065889295368769));
#8633=CARTESIAN_POINT('',(0.0028885082080837,0.00799777426858792,0.0656298421953463));
#8634=CARTESIAN_POINT('',(0.0027081720245453,0.00749844678574653,0.0653701904870357));
#8635=CARTESIAN_POINT('',(0.00252798161412431,0.00699953521353789,0.065110758617155));
#8636=CARTESIAN_POINT('',(0.00235126380981067,0.00651024080282748,0.0648563296119633));
#8637=CARTESIAN_POINT('',(0.00223468882897313,0.00618746603357954,0.0646884876270413));
#8638=CARTESIAN_POINT('',(0.00217818461712795,0.00603101617617493,0.0646071341098192));
#8639=CARTESIAN_POINT('',(0.00364492325875779,0.00982342592760899,0.0668038182320532));
#8640=CARTESIAN_POINT('',(0.00359139979692447,0.00967920524630028,0.0667255005096818));
#8641=CARTESIAN_POINT('',(0.00347681307578141,0.00937044352293216,0.0665578337866889));
#8642=CARTESIAN_POINT('',(0.00330121813953876,0.00889718109382953,0.0663009315704336));
#8643=CARTESIAN_POINT('',(0.00311803111116405,0.00840349132739844,0.0660329095324565));
#8644=CARTESIAN_POINT('',(0.00293489267106379,0.00790981290210736,0.0657649977249233));
#8645=CARTESIAN_POINT('',(0.00275170027411158,0.00741617987944123,0.0654969411260955));
#8646=CARTESIAN_POINT('',(0.00256857000697785,0.00692276277385727,0.0652289678635014));
#8647=CARTESIAN_POINT('',(0.00238898545183698,0.00643838512520513,0.0649663363979016));
#8648=CARTESIAN_POINT('',(0.00227052881457251,0.00611919937864846,0.0647930049812263));
#8649=CARTESIAN_POINT('',(0.00221311269093526,0.00596449396797858,0.0647089896220885));
#8650=CARTESIAN_POINT('',(0.00368911635075153,0.00972787067185683,0.0669460146015791));
#8651=CARTESIAN_POINT('',(0.00363494338319642,0.00958503676056513,0.0668656098086743));
#8652=CARTESIAN_POINT('',(0.00351896558244851,0.00927924357570556,0.0666934741854196));
#8653=CARTESIAN_POINT('',(0.00334122369944077,0.00881052077132491,0.0664297036535713));
#8654=CARTESIAN_POINT('',(0.00315582470477262,0.00832164812770004,0.0661545531134389));
#8655=CARTESIAN_POINT('',(0.00297044205693223,0.00783273560746821,0.0658794544779452));
#8656=CARTESIAN_POINT('',(0.0027850681311292,0.00734401988110809,0.0656043129503659));
#8657=CARTESIAN_POINT('',(0.0025997034125441,0.00685527762305471,0.0653291904452417));
#8658=CARTESIAN_POINT('',(0.00241796130262039,0.00637583790360877,0.0650595535872175));
#8659=CARTESIAN_POINT('',(0.00229806387735541,0.00605970376735105,0.064881603479373));
#8660=CARTESIAN_POINT('',(0.00223994915460063,0.00590647460002069,0.0647953494635294));
#8661=CARTESIAN_POINT('',(0.00376670684568715,0.00952637822277496,0.0672397584534736));
#8662=CARTESIAN_POINT('',(0.00371139896444641,0.00938648278694551,0.0671550595801439));
#8663=CARTESIAN_POINT('',(0.00359299042771465,0.00908698389752772,0.0669737266811774));
#8664=CARTESIAN_POINT('',(0.00341149614069301,0.00862799708693219,0.0666957501045791));
#8665=CARTESIAN_POINT('',(0.00322220081453645,0.00814924525449035,0.0664058441685548));
#8666=CARTESIAN_POINT('',(0.00303288830069542,0.00767050906663242,0.066115876174817));
#8667=CARTESIAN_POINT('',(0.00284366790974347,0.00719189030696148,0.0658261245023261));
#8668=CARTESIAN_POINT('',(0.00265441243841923,0.00671316248174697,0.0655363061579727));
#8669=CARTESIAN_POINT('',(0.00246879994191052,0.00624401324957218,0.0652519133447198));
#8670=CARTESIAN_POINT('',(0.00234638658294811,0.00593437725902454,0.0650644508612997));
#8671=CARTESIAN_POINT('',(0.00228705290145795,0.00578429369911938,0.0649735892736304));
#8672=CARTESIAN_POINT('',(0.00380092704512475,0.00941632094447862,0.0673962175221722));
#8673=CARTESIAN_POINT('',(0.00374511848584527,0.00927805780537988,0.0673092220604218));
#8674=CARTESIAN_POINT('',(0.00362563811939732,0.00898205201444591,0.0671229728682651));
#8675=CARTESIAN_POINT('',(0.00344250283829278,0.00852837995199694,0.0668374731481449));
#8676=CARTESIAN_POINT('',(0.00325148184176769,0.00805514925406,0.0665396968262944));
#8677=CARTESIAN_POINT('',(0.00306048586984252,0.00758195774905606,0.0662419698170284));
#8678=CARTESIAN_POINT('',(0.00286947259393257,0.00710882906002115,0.0659441557229896));
#8679=CARTESIAN_POINT('',(0.00267859552674514,0.006635371608983,0.0656469953179707));
#8680=CARTESIAN_POINT('',(0.00249101483478799,0.00617291072337936,0.0653530665018386));
#8681=CARTESIAN_POINT('',(0.0023675329221171,0.00586668793108017,0.0651607836812896));
#8682=CARTESIAN_POINT('',(0.00230768452646746,0.00571824477531704,0.0650676062436013));
#8683=CARTESIAN_POINT('',(0.00384331671374957,0.00922337253216495,0.0676652448234216));
#8684=CARTESIAN_POINT('',(0.00378688962502963,0.00908795981527393,0.0675742995917508));
#8685=CARTESIAN_POINT('',(0.00366608503743292,0.00879805409201494,0.0673795958773943));
#8686=CARTESIAN_POINT('',(0.00348091967962751,0.00835366841268446,0.0670811779699451));
#8687=CARTESIAN_POINT('',(0.00328776685317693,0.00789013224201072,0.0667698721784543));
#8688=CARTESIAN_POINT('',(0.00309466025544668,0.00742671659160909,0.0664586384201106));
#8689=CARTESIAN_POINT('',(0.0029014929125152,0.00696309310965677,0.0661473367950079));
#8690=CARTESIAN_POINT('',(0.00270836560171425,0.00650003291065755,0.0658357951518136));
#8691=CARTESIAN_POINT('',(0.0025192324784441,0.00604453311259449,0.0655320614695612));
#8692=CARTESIAN_POINT('',(0.00239430549145469,0.00574494983669773,0.0653305669671761));
#8693=CARTESIAN_POINT('',(0.00233375077138481,0.00559975353371579,0.0652328861954617));
#8694=CARTESIAN_POINT('',(0.00385659240993293,0.00913570772423413,0.0677857367145136));
#8695=CARTESIAN_POINT('',(0.00379997056214916,0.00900158011756797,0.0676930257275375));
#8696=CARTESIAN_POINT('',(0.00367874890508902,0.0087144261616607,0.0674945411614337));
#8697=CARTESIAN_POINT('',(0.00349294134329111,0.0082742710255361,0.0671903134294793));
#8698=CARTESIAN_POINT('',(0.00329912137889103,0.00781514860517285,0.0668729461277954));
#8699=CARTESIAN_POINT('',(0.0031053511936824,0.00735611035341442,0.0665557170682383));
#8700=CARTESIAN_POINT('',(0.00291151073471735,0.0068970185442686,0.0662381781790457));
#8701=CARTESIAN_POINT('',(0.00271776852229412,0.00643774438844111,0.0659214809532194));
#8702=CARTESIAN_POINT('',(0.00252777288115905,0.00598888041750587,0.0656084562146277));
#8703=CARTESIAN_POINT('',(0.00240244269613338,0.0056918298592854,0.0654035103558831));
#8704=CARTESIAN_POINT('',(0.00234169486541341,0.00554783534913023,0.0653041941839839));
#8705=CARTESIAN_POINT('',(0.00386737551725834,0.00898430064088809,0.0679921933411056));
#8706=CARTESIAN_POINT('',(0.00381059365463496,0.0088523904890384,0.0678964474088868));
#8707=CARTESIAN_POINT('',(0.0036890295241814,0.00856998455302214,0.0676914650374697));
#8708=CARTESIAN_POINT('',(0.00350269973896107,0.00813712503443685,0.0673772697056467));
#8709=CARTESIAN_POINT('',(0.0033083406096244,0.00768560759553627,0.0670495407906372));
#8710=CARTESIAN_POINT('',(0.00311402665334704,0.00723419866286244,0.0667218833058964));
#8711=CARTESIAN_POINT('',(0.00291965792983554,0.00678265832013118,0.0663941458083595));
#8712=CARTESIAN_POINT('',(0.00272538990799689,0.00633134717948344,0.0660665340597946));
#8713=CARTESIAN_POINT('',(0.00253477955464958,0.00588856802781148,0.0657452521082701));
#8714=CARTESIAN_POINT('',(0.0024091092628705,0.00559662328754151,0.0655333268250787));
#8715=CARTESIAN_POINT('',(0.00234819749692901,0.00545511886513712,0.0654306062564455));
#8716=CARTESIAN_POINT('',(0.00386803843055784,0.00892289443423829,0.0680756652984937));
#8717=CARTESIAN_POINT('',(0.00381124488062108,0.00879188016510055,0.0679786943586496));
#8718=CARTESIAN_POINT('',(0.00368965579458522,0.00851139259346542,0.0677710891818255));
#8719=CARTESIAN_POINT('',(0.00350328950601191,0.00808148336251956,0.0674528686431803));
#8720=CARTESIAN_POINT('',(0.00330889664798607,0.00763301765354908,0.0671209951529271));
#8721=CARTESIAN_POINT('',(0.00311454107801612,0.00718479599076066,0.0667889833299872));
#8722=CARTESIAN_POINT('',(0.00292015780279131,0.00673592695023311,0.0664576686504888));
#8723=CARTESIAN_POINT('',(0.00272582578032803,0.00628940135036542,0.0661235809878249));
#8724=CARTESIAN_POINT('',(0.00253526079850899,0.00584330508534995,0.0658065798994676));
#8725=CARTESIAN_POINT('',(0.0024095566228521,0.00555424391992066,0.06559075121246));
#8726=CARTESIAN_POINT('',(0.00234862754003603,0.00541420816855544,0.0654860444840906));
#8727=CARTESIAN_POINT('',(0.00386075830795768,0.00881946705811786,0.0682164927605812));
#8728=CARTESIAN_POINT('',(0.00380407016957858,0.00868996975780854,0.0681174463559111));
#8729=CARTESIAN_POINT('',(0.00368270693599841,0.00841272981981939,0.0679053982897811));
#8730=CARTESIAN_POINT('',(0.00349669153590005,0.00798779738160452,0.0675803802532084));
#8731=CARTESIAN_POINT('',(0.00330265687551519,0.00754455626232774,0.0672413925856027));
#8732=CARTESIAN_POINT('',(0.00310869463991385,0.0071014411194274,0.0669023806098536));
#8733=CARTESIAN_POINT('',(0.00291456970185565,0.00665809822639724,0.0665636556642337));
#8734=CARTESIAN_POINT('',(0.00272102495746664,0.00621553334682872,0.0662238560604009));
#8735=CARTESIAN_POINT('',(0.002529251546473,0.00577905104385569,0.0658947338407037));
#8736=CARTESIAN_POINT('',(0.00240400066697118,0.00549269038303637,0.0656750652364086));
#8737=CARTESIAN_POINT('',(0.00234330880190672,0.00535391259984818,0.0655685554651719));
#8738=CARTESIAN_POINT('',(0.00385626486425403,0.00878225512140183,0.0682672799350406));
#8739=CARTESIAN_POINT('',(0.00379964217810367,0.00865330464228421,0.0681674845645818));
#8740=CARTESIAN_POINT('',(0.00367841904769754,0.00837723489978341,0.0679538338666487));
#8741=CARTESIAN_POINT('',(0.00349261777362786,0.00795408301125809,0.0676263813461407));
#8742=CARTESIAN_POINT('',(0.00329880799437099,0.00751273980241043,0.0672848018065256));
#8743=CARTESIAN_POINT('',(0.00310506581447429,0.00707137728606884,0.0669433849304916));
#8744=CARTESIAN_POINT('',(0.00291117465130537,0.00663030809208173,0.0666015879827867));
#8745=CARTESIAN_POINT('',(0.00271782648091382,0.0061881677449499,0.0662610735546274));
#8746=CARTESIAN_POINT('',(0.00252636244819617,0.0057587483183952,0.0659227484459427));
#8747=CARTESIAN_POINT('',(0.00240124337614372,0.00547284822131,0.0657023820552259));
#8748=CARTESIAN_POINT('',(0.00234061438674645,0.00533423490294641,0.0655956092769297));
#8749=CARTESIAN_POINT('',(0.00384685449965732,0.00873295504146964,0.0683357087265238));
#8750=CARTESIAN_POINT('',(0.00379036898217869,0.00860472183402709,0.068234915498203));
#8751=CARTESIAN_POINT('',(0.0036694398071629,0.00833018915383551,0.0680191266495616));
#8752=CARTESIAN_POINT('',(0.00348409684368365,0.00790943196616617,0.067688347938571));
#8753=CARTESIAN_POINT('',(0.00329074449490121,0.00747047842893101,0.0673434432420268));
#8754=CARTESIAN_POINT('',(0.0030975329084565,0.00703189615454811,0.0669981689309358));
#8755=CARTESIAN_POINT('',(0.00290391042993687,0.00659220318140507,0.0666544367528169));
#8756=CARTESIAN_POINT('',(0.00271176858799582,0.00615650593060722,0.0663049796140887));
#8757=CARTESIAN_POINT('',(0.00251807946761733,0.00571497448967633,0.0659834021458294));
#8758=CARTESIAN_POINT('',(0.00239364831975131,0.00543275365742273,0.0657579347595811));
#8759=CARTESIAN_POINT('',(0.00233338294509889,0.00529608703341237,0.0656484634634402));
#8760=CARTESIAN_POINT('',(0.00383892470124798,0.00870330425004021,0.0683777845991573));
#8761=CARTESIAN_POINT('',(0.00378255552570761,0.00857550761112386,0.0682763713710364));
#8762=CARTESIAN_POINT('',(0.00366187543368706,0.00830190963065534,0.0680592551914682));
#8763=CARTESIAN_POINT('',(0.00347691443951343,0.00788258648814582,0.067726442650233));
#8764=CARTESIAN_POINT('',(0.00328396330001751,0.00744512381588863,0.0673794154740218));
#8765=CARTESIAN_POINT('',(0.00309114097335538,0.00700804778139297,0.0670320192205827));
#8766=CARTESIAN_POINT('',(0.00289795653078963,0.00656980647934479,0.0666861668807582));
#8767=CARTESIAN_POINT('',(0.00270605111663777,0.00613572614473635,0.0663345954340397));
#8768=CARTESIAN_POINT('',(0.00251334225514881,0.00569520370153971,0.0660108935229761));
#8769=CARTESIAN_POINT('',(0.00238908562587474,0.00541401407672615,0.06578406574209));
#8770=CARTESIAN_POINT('',(0.00232889823205167,0.00527785239950107,0.0656739356333019));
#8771=CARTESIAN_POINT('',(0.00382704937447255,0.00866433839974923,0.0684327540973517));
#8772=CARTESIAN_POINT('',(0.00377085573303559,0.00853711724460371,0.0683305327847466));
#8773=CARTESIAN_POINT('',(0.00365055116088143,0.00826475037113991,0.0681116878979665));
#8774=CARTESIAN_POINT('',(0.00346615829341085,0.00784728912392396,0.0677762606964813));
#8775=CARTESIAN_POINT('',(0.00327382050768804,0.00741184132342193,0.0674263813100838));
#8776=CARTESIAN_POINT('',(0.0030815261195618,0.00697649184659968,0.0670765810471188));
#8777=CARTESIAN_POINT('',(0.00288918583706524,0.00654103955626409,0.0667266976818246));
#8778=CARTESIAN_POINT('',(0.00269689347095326,0.00610569302564934,0.0663768996676109));
#8779=CARTESIAN_POINT('',(0.00250837251733024,0.00567888666207333,0.0660339641946983));
#8780=CARTESIAN_POINT('',(0.00238399214280918,0.00539729229736659,0.0658077050669173));
#8781=CARTESIAN_POINT('',(0.00232370436598403,0.00526080212173023,0.0656980361486307));
#8782=CARTESIAN_POINT('',(0.00288850178337371,0.00799775471955433,0.0656298310477588));
#8783=CARTESIAN_POINT('',(6.46873564297649E-5,0.000181615566749008,0.0858470329299163));
#8784=CARTESIAN_POINT('',(0.00295249163389101,0.0102073607748837,0.0666677038123988));
#8785=CARTESIAN_POINT('',(0.00290335396912843,0.0100374804444955,0.0665812164420793));
#8786=CARTESIAN_POINT('',(0.00280507640619971,0.00969771206232367,0.0664082377704191));
#8787=CARTESIAN_POINT('',(0.00265760959386296,0.0091878914269647,0.0661486808224752));
#8788=CARTESIAN_POINT('',(0.00251016324028955,0.00867813796375075,0.0658891602295842));
#8789=CARTESIAN_POINT('',(0.00236280270032054,0.008168670512062,0.0656297890971624));
#8790=CARTESIAN_POINT('',(0.00221520079040781,0.00765840020420383,0.0653699969943692));
#8791=CARTESIAN_POINT('',(0.00206785783206386,0.00714899726465787,0.0651106571865214));
#8792=CARTESIAN_POINT('',(0.00192038827121348,0.00663915614442962,0.0648510955587538));
#8793=CARTESIAN_POINT('',(0.00182210665869588,0.00629937609858711,0.0646781096037657));
#8794=CARTESIAN_POINT('',(0.00177296046737694,0.00612946745838908,0.0645916071480005));
#8795=CARTESIAN_POINT('',(0.00199438284624201,0.00925984088612705,0.068432450548477));
#8796=CARTESIAN_POINT('',(0.00196509403356615,0.00912385505523318,0.0683302180327019));
#8797=CARTESIAN_POINT('',(0.00190239410012722,0.00883274364416228,0.0681113639721454));
#8798=CARTESIAN_POINT('',(0.00180630352935965,0.00838659725806823,0.0677759566086214));
#8799=CARTESIAN_POINT('',(0.00170607076196401,0.00792122119153575,0.0674260926189395));
#8800=CARTESIAN_POINT('',(0.00160585225446648,0.0074559131825273,0.0670762795370743));
#8801=CARTESIAN_POINT('',(0.00150563404578168,0.00699059801210051,0.0667264617682188));
#8802=CARTESIAN_POINT('',(0.00140541752089628,0.00652530213740343,0.0663766574654258));
#8803=CARTESIAN_POINT('',(0.00130711199514654,0.00606887129731187,0.0660335191901051));
#8804=CARTESIAN_POINT('',(0.00124222488663096,0.00576760400104136,0.06580703006833));
#8805=CARTESIAN_POINT('',(0.00121073810485428,0.00562141262792173,0.0656971251479548));
#8806=CARTESIAN_POINT('',(0.00200620941400843,0.0092940332791561,0.0683835950351345));
#8807=CARTESIAN_POINT('',(0.0019767494538784,0.00915755259511296,0.0682820685220241));
#8808=CARTESIAN_POINT('',(0.00191368140531878,0.00886537703440457,0.0680647341644971));
#8809=CARTESIAN_POINT('',(0.00181698061445047,0.00841747225490089,0.0677318774058162));
#8810=CARTESIAN_POINT('',(0.00171631199270384,0.00795083544381803,0.0673838077950571));
#8811=CARTESIAN_POINT('',(0.0016148999852097,0.00748208066943546,0.0670389443430293));
#8812=CARTESIAN_POINT('',(0.00151445089341167,0.00701609718301035,0.0666900682042814));
#8813=CARTESIAN_POINT('',(0.00141355741463109,0.00654885315893571,0.0663431011354434));
#8814=CARTESIAN_POINT('',(0.00131469821280819,0.00609079453639015,0.0660021349832693));
#8815=CARTESIAN_POINT('',(0.00124942864729556,0.00578842375081191,0.0657772330981289));
#8816=CARTESIAN_POINT('',(0.0012177560462512,0.0056416965107078,0.0656681004704549));
#8817=CARTESIAN_POINT('',(0.00201550686038625,0.00931840467389235,0.0683479555669534));
#8818=CARTESIAN_POINT('',(0.00198591556136777,0.00918157614267358,0.0682469387580796));
#8819=CARTESIAN_POINT('',(0.00192256285518927,0.00888864952236056,0.0680307057797017));
#8820=CARTESIAN_POINT('',(0.00182533286056736,0.00843942327900599,0.0676998091034738));
#8821=CARTESIAN_POINT('',(0.00172454147907096,0.0079722167382816,0.0673525168386876));
#8822=CARTESIAN_POINT('',(0.00162138459649047,0.0074998176334861,0.0670132059645159));
#8823=CARTESIAN_POINT('',(0.00152359765766953,0.00703914044451347,0.0666562237953596));
#8824=CARTESIAN_POINT('',(0.00142128672011937,0.00656868226912611,0.0663140910169536));
#8825=CARTESIAN_POINT('',(0.00132209119156128,0.00610964458389594,0.0659744742279859));
#8826=CARTESIAN_POINT('',(0.00125643680237359,0.00580630448128553,0.0657510058032428));
#8827=CARTESIAN_POINT('',(0.00122457525919093,0.00565910250112688,0.0656425761183437));
#8828=CARTESIAN_POINT('',(0.00203937048106215,0.00937058920436358,0.068269665028338));
#8829=CARTESIAN_POINT('',(0.00200941505406396,0.00923296804691085,0.0681698436094948));
#8830=CARTESIAN_POINT('',(0.00194529270651514,0.00893836471721972,0.0679561394556498));
#8831=CARTESIAN_POINT('',(0.00184714560670883,0.00848710359495069,0.0676283148880454));
#8832=CARTESIAN_POINT('',(0.00174424410104155,0.00801542059837076,0.0672877494957583));
#8833=CARTESIAN_POINT('',(0.00164328999055012,0.00754733652940349,0.0669419664214886));
#8834=CARTESIAN_POINT('',(0.00153842957697088,0.00707198279118777,0.0666069919194767));
#8835=CARTESIAN_POINT('',(0.00143666146235042,0.00660249628679155,0.0662634566151484));
#8836=CARTESIAN_POINT('',(0.00133597337847273,0.00614022062798713,0.0659286095806615));
#8837=CARTESIAN_POINT('',(0.0012696741807614,0.0058354602732291,0.065707288005314));
#8838=CARTESIAN_POINT('',(0.00123750434939128,0.00568757881643461,0.0655998865304262));
#8839=CARTESIAN_POINT('',(0.0020556501076632,0.00940009550002745,0.0682239431626485));
#8840=CARTESIAN_POINT('',(0.0020254616530105,0.00926205354814027,0.0681247792946334));
#8841=CARTESIAN_POINT('',(0.00196083679229521,0.00896654246912081,0.0679124928455975));
#8842=CARTESIAN_POINT('',(0.00186182220868048,0.00851370570036874,0.0675871084500654));
#8843=CARTESIAN_POINT('',(0.00175843156623478,0.00804115163944859,0.0672479184727321));
#8844=CARTESIAN_POINT('',(0.00165543796721207,0.00756932019427004,0.0669078795101335));
#8845=CARTESIAN_POINT('',(0.00155100078828592,0.00709499756413736,0.0665714581894975));
#8846=CARTESIAN_POINT('',(0.00144808471967068,0.00662335001902699,0.0662312577398048));
#8847=CARTESIAN_POINT('',(0.00134668139305989,0.00615977493324577,0.0658983832917131));
#8848=CARTESIAN_POINT('',(0.0012798419833329,0.00585402736223189,0.0656785994535291));
#8849=CARTESIAN_POINT('',(0.00124740908929088,0.00570566510035438,0.0655719473644969));
#8850=CARTESIAN_POINT('',(0.00209646607788394,0.00946713075733057,0.0681172667359177));
#8851=CARTESIAN_POINT('',(0.00206568487243821,0.00932811850475087,0.0680196595221388));
#8852=CARTESIAN_POINT('',(0.00199978725902282,0.00903052360011763,0.0678107142670261));
#8853=CARTESIAN_POINT('',(0.00189872041808277,0.00857431617510844,0.0674906842651313));
#8854=CARTESIAN_POINT('',(0.00179361614970337,0.00809894138808041,0.0671559874671865));
#8855=CARTESIAN_POINT('',(0.00168731878339653,0.00762172923329224,0.0668245717769172));
#8856=CARTESIAN_POINT('',(0.00158359031759751,0.00714861804766612,0.0664861600698399));
#8857=CARTESIAN_POINT('',(0.00147778929282267,0.00667223167664047,0.0661535738964296));
#8858=CARTESIAN_POINT('',(0.00137449092229189,0.00620553049930643,0.0658256198501405));
#8859=CARTESIAN_POINT('',(0.00130625631400443,0.00589749533858596,0.0656094985724741));
#8860=CARTESIAN_POINT('',(0.00127314443855111,0.00574801997733631,0.0655046293749693));
#8861=CARTESIAN_POINT('',(0.00212293787662279,0.00950523014398197,0.068054214400533));
#8862=CARTESIAN_POINT('',(0.00209176582420194,0.00936565633994315,0.067957543936663));
#8863=CARTESIAN_POINT('',(0.00202503362726667,0.00906686234700844,0.067750597386377));
#8864=CARTESIAN_POINT('',(0.00192274416688853,0.00860889842918843,0.0674334538719217));
#8865=CARTESIAN_POINT('',(0.0018160945477208,0.00813125446074178,0.0671024987468247));
#8866=CARTESIAN_POINT('',(0.00170926928380687,0.00765345728584856,0.0667721464474086));
#8867=CARTESIAN_POINT('',(0.00160317765226899,0.00717657068205925,0.0664397785387508));
#8868=CARTESIAN_POINT('',(0.00149634076385163,0.00669880785962726,0.0661095414865459));
#8869=CARTESIAN_POINT('',(0.00139167928457595,0.00623012995448867,0.0657848662574934));
#8870=CARTESIAN_POINT('',(0.00132259911759069,0.00592088712731573,0.065570752017574));
#8871=CARTESIAN_POINT('',(0.00128907766411708,0.0057708270545531,0.0654668546169081));
#8872=CARTESIAN_POINT('',(0.00221525664469649,0.00962568930953405,0.0678477259681101));
#8873=CARTESIAN_POINT('',(0.00218273014565387,0.00948435397334809,0.0677540946031269));
#8874=CARTESIAN_POINT('',(0.00211309723117747,0.00918178585034914,0.0675536529387519));
#8875=CARTESIAN_POINT('',(0.00200633062513022,0.00871795448972941,0.0672464503888668));
#8876=CARTESIAN_POINT('',(0.00189509576538752,0.00823432008955132,0.066925796920181));
#8877=CARTESIAN_POINT('',(0.00178345981804407,0.0077503194706767,0.0666060798865753));
#8878=CARTESIAN_POINT('',(0.00167338723122827,0.00726794854980692,0.0662830177239356));
#8879=CARTESIAN_POINT('',(0.00156170436387578,0.00678395206188566,0.0659634920685106));
#8880=CARTESIAN_POINT('',(0.0014525201305584,0.00630938509978371,0.0656489950507311));
#8881=CARTESIAN_POINT('',(0.00138041326290928,0.00599620225305212,0.0654416399410807));
#8882=CARTESIAN_POINT('',(0.00134542252741075,0.00584422955040137,0.0653410229952886));
#8883=CARTESIAN_POINT('',(0.00229510016753735,0.00970819516678571,0.0676925857788227));
#8884=CARTESIAN_POINT('',(0.00226139887060616,0.00956564518678899,0.0676012370552229));
#8885=CARTESIAN_POINT('',(0.00218925052562004,0.00926047489287143,0.0674056801369252));
#8886=CARTESIAN_POINT('',(0.00207861598668068,0.00879260434993128,0.0671059155061772));
#8887=CARTESIAN_POINT('',(0.0019633253900615,0.00830477570045787,0.0667931820656746));
#8888=CARTESIAN_POINT('',(0.00184784738230246,0.00781680940155106,0.0664808234327815));
#8889=CARTESIAN_POINT('',(0.00173306064261761,0.00732945339299693,0.0661672102722003));
#8890=CARTESIAN_POINT('',(0.00161755636041528,0.00684153515516529,0.0658549959028746));
#8891=CARTESIAN_POINT('',(0.00150447669552959,0.00636295843653374,0.0655481246274601));
#8892=CARTESIAN_POINT('',(0.00142978857730938,0.00604711034471791,0.0653457695303117));
#8893=CARTESIAN_POINT('',(0.00139354514148409,0.0058938440674583,0.0652475784124284));
#8894=CARTESIAN_POINT('',(0.0024575557760907,0.00985204316555514,0.0673969385904366));
#8895=CARTESIAN_POINT('',(0.00242146875372585,0.00970736925226216,0.0673099130274565));
#8896=CARTESIAN_POINT('',(0.00234421574275297,0.00939765701440432,0.0671236100064611));
#8897=CARTESIAN_POINT('',(0.002225826382832,0.00892295500094236,0.066838003592096));
#8898=CARTESIAN_POINT('',(0.00210227656370497,0.00842780149627647,0.0665402793385061));
#8899=CARTESIAN_POINT('',(0.00197892392416217,0.00793282480387883,0.0662421866373059));
#8900=CARTESIAN_POINT('',(0.00185490183108353,0.00743734771728539,0.0659454683376625));
#8901=CARTESIAN_POINT('',(0.00173163338927482,0.00694254904827971,0.0656473698694398));
#8902=CARTESIAN_POINT('',(0.00161038772082714,0.00645673674076445,0.0653553359538177));
#8903=CARTESIAN_POINT('',(0.00153045953919732,0.00613623869114034,0.0651624995454465));
#8904=CARTESIAN_POINT('',(0.00149167536763198,0.00598071770451326,0.0650689236966075));
#8905=CARTESIAN_POINT('',(0.00254295586914024,0.00991555192058839,0.067252581874089));
#8906=CARTESIAN_POINT('',(0.00250561055240882,0.00976993509366805,0.0671676706876483));
#8907=CARTESIAN_POINT('',(0.00242566566036949,0.00945820812796832,0.0669858954728735));
#8908=CARTESIAN_POINT('',(0.00230319897901109,0.00898051984147075,0.0667072670050889));
#8909=CARTESIAN_POINT('',(0.00217533580139599,0.0084821516187695,0.0664168033107326));
#8910=CARTESIAN_POINT('',(0.00204773168731282,0.00798397548895843,0.0661259173871568));
#8911=CARTESIAN_POINT('',(0.00191929100472609,0.00748533941455089,0.0658365862585257));
#8912=CARTESIAN_POINT('',(0.00179177008041401,0.00698730931693029,0.0655456591311444));
#8913=CARTESIAN_POINT('',(0.00166629080025719,0.00649835511133992,0.0652608127991045));
#8914=CARTESIAN_POINT('',(0.00158358620192568,0.00617578186914795,0.0650726560547571));
#8915=CARTESIAN_POINT('',(0.0015434550045279,0.0060192538668522,0.0649813501615802));
#8916=CARTESIAN_POINT('',(0.00272542977613752,0.0100342835256593,0.0669565202868277));
#8917=CARTESIAN_POINT('',(0.00268540384999749,0.00988692597939453,0.0668759633871363));
#8918=CARTESIAN_POINT('',(0.00259972100617673,0.00957147375243869,0.0667035101256433));
#8919=CARTESIAN_POINT('',(0.00246847539293783,0.00908810767078616,0.0664391820217719));
#8920=CARTESIAN_POINT('',(0.00233145198205706,0.008583782051131,0.0661635714408497));
#8921=CARTESIAN_POINT('',(0.00219465193829612,0.00807968305105722,0.065887729781044));
#8922=CARTESIAN_POINT('',(0.00205721913591649,0.00757511030126665,0.0656127304660687));
#8923=CARTESIAN_POINT('',(0.00192048435004982,0.00707113359686729,0.0653368666303902));
#8924=CARTESIAN_POINT('',(0.00178595579435119,0.00657620766636902,0.0650665712222812));
#8925=CARTESIAN_POINT('',(0.00169731872464171,0.0062497931873751,0.0648880730907201));
#8926=CARTESIAN_POINT('',(0.0016543093160114,0.00609140256622862,0.0648014548196522));
#8927=CARTESIAN_POINT('',(0.00282270575017405,0.0100896565734223,0.066804658184485));
#8928=CARTESIAN_POINT('',(0.00278125355447357,0.00994149529540973,0.0667263412244955));
#8929=CARTESIAN_POINT('',(0.00269251656203507,0.00962432117055629,0.0665586829175408));
#8930=CARTESIAN_POINT('',(0.00255656727240006,0.00913828130757858,0.0663016982688937));
#8931=CARTESIAN_POINT('',(0.00241468309972355,0.00863119556826022,0.0660336826161672));
#8932=CARTESIAN_POINT('',(0.00227293038585962,0.00812436291369411,0.065765681744181));
#8933=CARTESIAN_POINT('',(0.00213090475125573,0.00761700843397261,0.0654976502801594));
#8934=CARTESIAN_POINT('',(0.00198921184783568,0.0071103345620344,0.0652297031147275));
#8935=CARTESIAN_POINT('',(0.00184985574937771,0.00661255748181997,0.0649667568581319));
#8936=CARTESIAN_POINT('',(0.00175805464025441,0.00628437077279171,0.0647932437148642));
#8937=CARTESIAN_POINT('',(0.00171351016964222,0.0061251216535785,0.0647090462495271));
#8938=CARTESIAN_POINT('',(0.00293430661024117,0.0101444909225612,0.0666356962905927));
#8939=CARTESIAN_POINT('',(0.00289123050146244,0.00999556681464039,0.0665598778852601));
#8940=CARTESIAN_POINT('',(0.00279901264239702,0.00967674848505795,0.0663975649146033));
#8941=CARTESIAN_POINT('',(0.00265760959386296,0.0091878914269647,0.0661486808224752));
#8942=CARTESIAN_POINT('',(0.00251016324028955,0.00867813796375075,0.0658891602295842));
#8943=CARTESIAN_POINT('',(0.00236280270032054,0.008168670512062,0.0656297890971624));
#8944=CARTESIAN_POINT('',(0.00221520079040781,0.00765840020420383,0.0653699969943692));
#8945=CARTESIAN_POINT('',(0.00206785783206386,0.00714899726465787,0.0651106571865214));
#8946=CARTESIAN_POINT('',(0.00192321458409105,0.00664892745259185,0.0648560701607452));
#8947=CARTESIAN_POINT('',(0.0018277578783855,0.00631891354891091,0.0646880563434932));
#8948=CARTESIAN_POINT('',(0.00178143726732989,0.00615877352518998,0.0646065272057475));
#8949=CARTESIAN_POINT('',(-7.74387010911514E-7,1.33164530772256E-19,0.0658134199218398));
#8950=CARTESIAN_POINT('',(-1.26098455002256E-6,2.16840434497101E-19,0.0685420332613903));
#8951=CARTESIAN_POINT('',(-0.000952268591249256,0.00930116728696578,0.0685363531632868));
#8952=CARTESIAN_POINT('',(-0.00197105671229935,0.0091400058871733,0.0685363483680497));
#8953=CARTESIAN_POINT('',(5.89984805422868E-9,6.03224290309526E-10,0.0614710166879747));
#8954=CARTESIAN_POINT('',(-0.000585024310884059,0.00571415973158854,0.0658114751271767));
#8955=CARTESIAN_POINT('',(-7.74387010911514E-7,1.33164530772256E-19,0.0658134199218398));
#8956=CARTESIAN_POINT('',(-0.00121089996271831,0.00561504505510925,0.0658113670497124));
#8957=CARTESIAN_POINT('',(-0.0019710734995394,0.00914001592649186,0.0685363306974522));
#8958=CARTESIAN_POINT('',(-1.27634307477962E-6,2.20228566286118E-19,0.0686281567457065));
#8959=CARTESIAN_POINT('',(-0.000952147887628605,0.00930013261470025,0.0685355658894196));
#8960=CARTESIAN_POINT('',(-0.000960578080982897,0.00938267915635886,0.0684019064271658));
#8961=CARTESIAN_POINT('',(0.00094964075135387,0.00930013099106862,0.0685359055776567));
#8962=CARTESIAN_POINT('',(0.000317286369137213,0.00935957575966256,0.0685441425290567));
#8963=CARTESIAN_POINT('',(-0.000319809900143021,0.00935957696292099,0.0685440268695466));
#8964=CARTESIAN_POINT('',(-0.000952160636653029,0.00930013087790995,0.0685355665814372));
#8965=CARTESIAN_POINT('',(0.000958092834159452,0.00938268049931354,0.068402248596355));
#8966=CARTESIAN_POINT('',(0.000958104893595064,0.00938267926630428,0.0684022485984898));
#8967=CARTESIAN_POINT('',(0.000341536387432848,0.0105304375009207,0.066623204598432));
#8968=CARTESIAN_POINT('',(0.000497283176457488,0.0103495609557358,0.066906269931043));
#8969=CARTESIAN_POINT('',(0.000776758703342087,0.00997551894179968,0.0674816106576207));
#8970=CARTESIAN_POINT('',(0.000951673926825456,0.00958005207758827,0.0680870394497909));
#8971=CARTESIAN_POINT('',(0.000958105579789614,0.0093826793082507,0.0684022484189767));
#8972=CARTESIAN_POINT('',(0.000341536386368477,0.0105304374684709,0.0666232046507282));
#8973=CARTESIAN_POINT('',(0.000341530537929235,0.0105302712569547,0.066623472536771));
#8974=CARTESIAN_POINT('',(0.000113231667640607,0.0105378467169221,0.0666231886125522));
#8975=CARTESIAN_POINT('',(-0.000115066556573966,0.0105378277649207,0.06662317847812));
#8976=CARTESIAN_POINT('',(-0.000343364134714459,0.0105302120356136,0.0666234459549796));
#8977=CARTESIAN_POINT('',(-0.000343372082787885,0.0105304375294782,0.0666230825100164));
#8978=CARTESIAN_POINT('',(-0.000960575999648335,0.00938267937924481,0.0684019064113876));
#8979=CARTESIAN_POINT('',(-0.000954042179715107,0.00957979307023263,0.0680871132267447));
#8980=CARTESIAN_POINT('',(-0.000778416421724899,0.00997571343066493,0.0674810807177074));
#8981=CARTESIAN_POINT('',(-0.000499213821475938,0.0103495728740168,0.0669060734955417));
#8982=CARTESIAN_POINT('',(-0.0003433720458196,0.0105304363826498,0.0666230843582623));
#8983=CARTESIAN_POINT('',(-7.83818880698025E-7,1.35525271560688E-19,0.0658663094735696));
#8984=CARTESIAN_POINT('',(-0.000589906836407527,0.00576202515263298,0.065727365880474));
#8985=CARTESIAN_POINT('',(-0.000581843212702826,0.00600543673762309,0.0653386335895852));
#8986=CARTESIAN_POINT('',(-0.000402439546666228,0.00624457077240652,0.0649828018598906));
#8987=CARTESIAN_POINT('',(-0.000210865019987233,0.00646687527913589,0.0646349729309567));
#8988=CARTESIAN_POINT('',(-0.000589904151410678,0.00576202542738059,0.0657273658806062));
#8989=CARTESIAN_POINT('',(-0.000210865132395505,0.00646687876644726,0.064634967310754));
#8990=CARTESIAN_POINT('',(0.000209740796545463,0.00646726251193637,0.0646344243126033));
#8991=CARTESIAN_POINT('',(6.95356759074639E-5,0.00647135463202751,0.0646351513285806));
#8992=CARTESIAN_POINT('',(-7.06664676924232E-5,0.00647123333628429,0.0646353217751484));
#8993=CARTESIAN_POINT('',(-0.000210865631697841,0.00646689760609557,0.0646349369541687));
#8994=CARTESIAN_POINT('',(0.000209732804573538,0.00646687889167035,0.0646350423165886));
#8995=CARTESIAN_POINT('',(0.000209732646418427,0.00646687406904893,0.0646350500887375));
#8996=CARTESIAN_POINT('',(0.000400975693336841,0.00624479907645773,0.0649825888420984));
#8997=CARTESIAN_POINT('',(0.000580508242827038,0.00600398920707437,0.0653411530201057));
#8998=CARTESIAN_POINT('',(0.000588386259085721,0.00576202514379162,0.0657275764240674));
#8999=CARTESIAN_POINT('',(0.000588386947997467,0.00576202517027908,0.0657275762688801));
#9000=CARTESIAN_POINT('',(0.000588374850044103,0.00576202640722752,0.0657275762667391));
#9001=CARTESIAN_POINT('',(0.000586638378517917,0.00574509034022128,0.0657549980690301));
#9002=CARTESIAN_POINT('',(0.000584901906991731,0.00572815427321505,0.0657824198713211));
#9003=CARTESIAN_POINT('',(0.000583165435465544,0.00571121820620881,0.065809841673612));
#9004=CARTESIAN_POINT('',(-0.000585314499117225,0.00571703549298952,0.0658133156799613));
#9005=CARTESIAN_POINT('',(-0.000199402776669143,0.00575593314759342,0.0658133845001535));
#9006=CARTESIAN_POINT('',(0.000198026436163434,0.00575596385423492,0.0658134553742764));
#9007=CARTESIAN_POINT('',(0.000583764095047932,0.00571707378502152,0.0658135241634275));
#9008=CARTESIAN_POINT('',(-0.000584712216727603,0.00571121582962677,0.0658096373239788));
#9009=CARTESIAN_POINT('',(-0.000586438983897257,0.00572815275868606,0.065782213510219));
#9010=CARTESIAN_POINT('',(-0.000588165751066911,0.00574508968774536,0.0657547896964593));
#9011=CARTESIAN_POINT('',(-0.000589892518236565,0.00576202661680465,0.0657273658826996));
#9012=CARTESIAN_POINT('',(-0.000771975936577532,0.00754044895486395,0.0671190938273265));
#9013=CARTESIAN_POINT('',(-0.000776800221454295,0.00758757848050926,0.067075883596102));
#9014=CARTESIAN_POINT('',(0.000769924856702889,0.00754008540705952,0.0671200456920848));
#9015=CARTESIAN_POINT('',(0.000774804199316204,0.00758761246619997,0.067076185579846));
#9016=CARTESIAN_POINT('',(0.000342331252103991,0.0105550142363003,0.0666352314353323));
#9017=CARTESIAN_POINT('',(0.000337305611540146,0.0104000716109065,0.066559423614383));
#9018=CARTESIAN_POINT('',(0.000326546183150377,0.0100683529056174,0.0663971256170531));
#9019=CARTESIAN_POINT('',(0.000310053168190273,0.00955983887151531,0.0661483270840379));
#9020=CARTESIAN_POINT('',(0.000292849244206777,0.00902939805361342,0.0658888003446339));
#9021=CARTESIAN_POINT('',(0.000275650132395512,0.00849916262673791,0.0656293762406098));
#9022=CARTESIAN_POINT('',(0.000258443171421783,0.00796853271714642,0.0653697536233679));
#9023=CARTESIAN_POINT('',(0.000241246323551098,0.00743834342055703,0.0651103508203635));
#9024=CARTESIAN_POINT('',(0.000224380210393579,0.00691837395805876,0.0648559503217536));
#9025=CARTESIAN_POINT('',(0.000213255167468615,0.00657536401150215,0.0646881271418707));
#9026=CARTESIAN_POINT('',(0.000207862842510639,0.00640910611052337,0.0646067827395049));
#9027=CARTESIAN_POINT('',(0.000430875970412095,0.0104692703300961,0.0668032450663803));
#9028=CARTESIAN_POINT('',(0.000424539457503323,0.0103155643364221,0.0667249357589252));
#9029=CARTESIAN_POINT('',(0.000410975091139293,0.00998649600414593,0.066557287051394));
#9030=CARTESIAN_POINT('',(0.000390222755874433,0.00948212071124338,0.0663004124484424));
#9031=CARTESIAN_POINT('',(0.000368562403242793,0.00895597116782474,0.0660324192157495));
#9032=CARTESIAN_POINT('',(0.000346944755239209,0.008429847431148,0.0657645362124514));
#9033=CARTESIAN_POINT('',(0.000325261762301177,0.00790375019337055,0.0654965084158277));
#9034=CARTESIAN_POINT('',(0.00030357113555788,0.00737787750870299,0.0652285639429968));
#9035=CARTESIAN_POINT('',(0.000282459288924333,0.00686169783807252,0.0649659607380629));
#9036=CARTESIAN_POINT('',(0.000268435663315651,0.00652151948862077,0.0647926479450767));
#9037=CARTESIAN_POINT('',(0.000261637018258866,0.00635663871215246,0.0647086416126266));
#9038=CARTESIAN_POINT('',(0.000502433054943604,0.0103920561337681,0.0669454463157663));
#9039=CARTESIAN_POINT('',(0.000495050308105315,0.0102394682134395,0.0668650498670288));
#9040=CARTESIAN_POINT('',(0.000479245656588504,0.00991279301555448,0.0666929321077958));
#9041=CARTESIAN_POINT('',(0.000455048692392117,0.00941207134080411,0.0664291889578336));
#9042=CARTESIAN_POINT('',(0.000429796124231109,0.00888981922542179,0.0661540669768436));
#9043=CARTESIAN_POINT('',(0.000404571424923185,0.0083675342394404,0.0658789969025471));
#9044=CARTESIAN_POINT('',(0.000379294208490336,0.00784543910844712,0.065603883925244));
#9045=CARTESIAN_POINT('',(0.000354033947220052,0.00732332159054911,0.065328789971778));
#9046=CARTESIAN_POINT('',(0.000329344301174381,0.00681117106253434,0.0650591811211454));
#9047=CARTESIAN_POINT('',(0.000313007445632064,0.00647344948444797,0.0648812494814062));
#9048=CARTESIAN_POINT('',(0.000305088228598053,0.00630975669646455,0.0647950044169992));
#9049=CARTESIAN_POINT('',(0.000638488027046135,0.0102244183957131,0.067239200593715));
#9050=CARTESIAN_POINT('',(0.000629117911788399,0.0100742741873747,0.0671545099125331));
#9051=CARTESIAN_POINT('',(0.000609056529018091,0.00975283357463081,0.0669731945519559));
#9052=CARTESIAN_POINT('',(0.000578282353030427,0.00926021104076196,0.0666952448534917));
#9053=CARTESIAN_POINT('',(0.000546196779596449,0.0087463795430468,0.0664053669529086));
#9054=CARTESIAN_POINT('',(0.000514090025802557,0.00823255760950876,0.0661154269939));
#9055=CARTESIAN_POINT('',(0.00048203459688985,0.00771887583627191,0.0658257033488627));
#9056=CARTESIAN_POINT('',(0.00044997950824829,0.007205079491434,0.0655359130382795));
#9057=CARTESIAN_POINT('',(0.000418429099210092,0.00670151897002078,0.06525154769914));
#9058=CARTESIAN_POINT('',(0.000397691494127487,0.00636919950529625,0.0650641033477034));
#9059=CARTESIAN_POINT('',(0.000387640972522274,0.00620812143488208,0.0649732505487708));
#9060=CARTESIAN_POINT('',(0.000705041573970851,0.010130330949092,0.0673956654284659));
#9061=CARTESIAN_POINT('',(0.000694690898224391,0.0099815843026165,0.0673086780732852));
#9062=CARTESIAN_POINT('',(0.000672530760949312,0.00966313433943127,0.0671224462363849));
#9063=CARTESIAN_POINT('',(0.000638553625034575,0.00917505892178723,0.0668369731158512));
#9064=CARTESIAN_POINT('',(0.000603120785879827,0.00866594463984136,0.0665392245402604));
#9065=CARTESIAN_POINT('',(0.000567699634821367,0.00815687536833385,0.0662415252748758));
#9066=CARTESIAN_POINT('',(0.000532242616253844,0.0076478604863387,0.065943738921408));
#9067=CARTESIAN_POINT('',(0.00049701672721865,0.00713857505993056,0.0656466062738874));
#9068=CARTESIAN_POINT('',(0.00046152772358068,0.00664076680277019,0.0653527045804848));
#9069=CARTESIAN_POINT('',(0.000438719169354474,0.00631136301559472,0.0651604397131605));
#9070=CARTESIAN_POINT('',(0.000427672232956693,0.00615168587918861,0.0650672709783066));
#9071=CARTESIAN_POINT('',(0.000804978533986819,0.00995994005744193,0.0676647029922065));
#9072=CARTESIAN_POINT('',(0.000793158807369435,0.00981371296981394,0.0675737657154308));
#9073=CARTESIAN_POINT('',(0.000767854310183753,0.00950065484300095,0.0673790790317426));
#9074=CARTESIAN_POINT('',(0.000729076919188678,0.00902078326045581,0.06708068722987));
#9075=CARTESIAN_POINT('',(0.00068862093374661,0.0085202295045959,0.0667694086690263));
#9076=CARTESIAN_POINT('',(0.000648171670989955,0.00801980465975569,0.0664582021342846));
#9077=CARTESIAN_POINT('',(0.000607728860186192,0.00751916338032572,0.0661469277447672));
#9078=CARTESIAN_POINT('',(0.000567150060293636,0.00701907017220049,0.0658354133057682));
#9079=CARTESIAN_POINT('',(0.000528033598000223,0.00652740203473428,0.0655317063762026));
#9080=CARTESIAN_POINT('',(0.000501799053455492,0.0062038657427507,0.0653302294737826));
#9081=CARTESIAN_POINT('',(0.000489077069248288,0.00604705803242645,0.0652325572321488));
#9082=CARTESIAN_POINT('',(0.000844693334726815,0.00988067492627729,0.067785199598222));
#9083=CARTESIAN_POINT('',(0.000832291275751343,0.00973560976993697,0.0676924964970245));
#9084=CARTESIAN_POINT('',(0.000805739812071225,0.00942503963949209,0.0674940288135924));
#9085=CARTESIAN_POINT('',(0.000765044389767123,0.00894899277052142,0.0671898269596944));
#9086=CARTESIAN_POINT('',(0.000722590047502529,0.00845243024966056,0.0668724866512594));
#9087=CARTESIAN_POINT('',(0.000680157037326965,0.00795596316813383,0.0665552845798783));
#9088=CARTESIAN_POINT('',(0.000637673745684174,0.00745942341764627,0.0662377726824269));
#9089=CARTESIAN_POINT('',(0.000595340232931775,0.00696274065139139,0.0659211024575317));
#9090=CARTESIAN_POINT('',(0.00055335296517337,0.00647711651587576,0.0656081041134859));
#9091=CARTESIAN_POINT('',(0.00052595233384078,0.00615586419630339,0.0654031757186594));
#9092=CARTESIAN_POINT('',(0.000512675330363894,0.00600013969428383,0.0653038680123011));
#9093=CARTESIAN_POINT('',(0.000901734238323259,0.0097400217737075,0.0679916644740334));
#9094=CARTESIAN_POINT('',(0.000888494791469467,0.00959701592766789,0.0678959263067962));
#9095=CARTESIAN_POINT('',(0.000860150454137621,0.00929085524430543,0.0676909605593988));
#9096=CARTESIAN_POINT('',(0.000816703985074407,0.00882158499473712,0.0673767907081629));
#9097=CARTESIAN_POINT('',(0.000771386888444008,0.00833208805892509,0.0670490883720333));
#9098=CARTESIAN_POINT('',(0.000726079223055117,0.0078427082818462,0.0667214574597986));
#9099=CARTESIAN_POINT('',(0.000680760079569937,0.00735318659796077,0.0663937465424875));
#9100=CARTESIAN_POINT('',(0.000635465880631691,0.00686391402366791,0.0660661613606386));
#9101=CARTESIAN_POINT('',(0.000591013746357364,0.00638388648361198,0.0657449054737195));
#9102=CARTESIAN_POINT('',(0.000561711930705927,0.00606738460208919,0.065532997376057));
#9103=CARTESIAN_POINT('',(0.000547509565861985,0.00591397746787493,0.0654302851371784));
#9104=CARTESIAN_POINT('',(0.000921339538893951,0.00968183045213053,0.0680751398094446));
#9105=CARTESIAN_POINT('',(0.000907812144458098,0.00953967296209653,0.0679781765853161));
#9106=CARTESIAN_POINT('',(0.00087885128866357,0.00923532889544436,0.0677705879270176));
#9107=CARTESIAN_POINT('',(0.000834458448976852,0.00876885303418537,0.0674523927067016));
#9108=CARTESIAN_POINT('',(0.000788166274235661,0.00828224781487441,0.0671205456274561));
#9109=CARTESIAN_POINT('',(0.000741834149333977,0.00779588621229477,0.06678856020175));
#9110=CARTESIAN_POINT('',(0.000695675719804298,0.00730890039392118,0.0664572719554014));
#9111=CARTESIAN_POINT('',(0.000648841895772867,0.00682415900521975,0.0661232105963032));
#9112=CARTESIAN_POINT('',(0.000605457919401284,0.0063409909593837,0.0658062357549461));
#9113=CARTESIAN_POINT('',(0.000575232838720389,0.00602722083470284,0.0655904240948628));
#9114=CARTESIAN_POINT('',(0.000560560177582506,0.00587520502899003,0.0654857256154676));
#9115=CARTESIAN_POINT('',(0.00094637531807608,0.00958122325118054,0.0682159730344733));
#9116=CARTESIAN_POINT('',(0.000932479424963728,0.00944054094382448,0.0681169342610058));
#9117=CARTESIAN_POINT('',(0.000902729832425357,0.00913935510772348,0.0679049025324681));
#9118=CARTESIAN_POINT('',(0.000857132853332538,0.008677720513529,0.0675799095369143));
#9119=CARTESIAN_POINT('',(0.000809566919907845,0.0081961944714037,0.0672409479892872));
#9120=CARTESIAN_POINT('',(0.00076203093791716,0.00771481061908114,0.0669019621259424));
#9121=CARTESIAN_POINT('',(0.000714410592848622,0.00723315990150761,0.0665632633066971));
#9122=CARTESIAN_POINT('',(0.000667101634752892,0.00675242834918584,0.0662234897813023));
#9123=CARTESIAN_POINT('',(0.000619597602126473,0.00627802963148758,0.0658943932893707));
#9124=CARTESIAN_POINT('',(0.000588969163419204,0.00596696770391847,0.0656747415592315));
#9125=CARTESIAN_POINT('',(0.000574133391968485,0.00581622150199209,0.065568239965578));
#9126=CARTESIAN_POINT('',(0.00095360047653148,0.00954444684458856,0.0682667622987279));
#9127=CARTESIAN_POINT('',(0.000939597861686537,0.00940430477966719,0.0681669745287676));
#9128=CARTESIAN_POINT('',(0.00090961991888615,0.00910427507155485,0.06795334010272));
#9129=CARTESIAN_POINT('',(0.000863676386892469,0.00864439991516776,0.0676259125232442));
#9130=CARTESIAN_POINT('',(0.000815737864185495,0.00816474824238114,0.06728435899706));
#9131=CARTESIAN_POINT('',(0.000767869597214503,0.00768509910539135,0.0669429681349306));
#9132=CARTESIAN_POINT('',(0.000719769000457836,0.00720568287523113,0.066601197186267));
#9133=CARTESIAN_POINT('',(0.000672515813847221,0.00672541578256241,0.0662607088114361));
#9134=CARTESIAN_POINT('',(0.000623123548963247,0.00625782935550135,0.0659224090386139));
#9135=CARTESIAN_POINT('',(0.000592478150661611,0.00594724614236071,0.0657020594955233));
#9136=CARTESIAN_POINT('',(0.000577651357394591,0.00579667577093321,0.0655952948851985));
#9137=CARTESIAN_POINT('',(0.000959884652969717,0.00949465549071356,0.0683351938890412));
#9138=CARTESIAN_POINT('',(0.00094579085285987,0.00935523792415332,0.0682344082204963));
#9139=CARTESIAN_POINT('',(0.000915617518544144,0.00905676076854784,0.0680186355564744));
#9140=CARTESIAN_POINT('',(0.000869369891607043,0.00859930455047544,0.0676878816505551));
#9141=CARTESIAN_POINT('',(0.000821127991029253,0.0081220667609949,0.0673430028317657));
#9142=CARTESIAN_POINT('',(0.000772905240087381,0.00764522554105458,0.0669977543767421));
#9143=CARTESIAN_POINT('',(0.000724634918886596,0.0071672010961718,0.0666540481194824));
#9144=CARTESIAN_POINT('',(0.000676538070632983,0.00669343403543279,0.066304616668505));
#9145=CARTESIAN_POINT('',(0.000628772293669107,0.00621364173120321,0.0659830652229652));
#9146=CARTESIAN_POINT('',(0.00059764423932939,0.00590677000601407,0.0657576144755917));
#9147=CARTESIAN_POINT('',(0.000582561726160101,0.00575816326536181,0.0656481512369756));
#9148=CARTESIAN_POINT('',(0.000961505197564911,0.0094640077885736,0.068377271464801));
#9149=CARTESIAN_POINT('',(0.000947387143533556,0.0093250413408239,0.0682758657713833));
#9150=CARTESIAN_POINT('',(0.000917161874714617,0.00902753003521233,0.0680587657227538));
#9151=CARTESIAN_POINT('',(0.000870834395608804,0.00857155559805954,0.0677259779042326));
#9152=CARTESIAN_POINT('',(0.00082251338365615,0.00809585956895264,0.06737897652012));
#9153=CARTESIAN_POINT('',(0.000774195405572928,0.0076205710392235,0.0670316060363491));
#9154=CARTESIAN_POINT('',(0.000725893108794825,0.00714406245931006,0.0666857795335659));
#9155=CARTESIAN_POINT('',(0.000677521480612093,0.00667190612093881,0.0663342336834337));
#9156=CARTESIAN_POINT('',(0.000630376206354554,0.00619337623015766,0.066010557730934));
#9157=CARTESIAN_POINT('',(0.000599095480314299,0.00588753909576604,0.0657837465305744));
#9158=CARTESIAN_POINT('',(0.000583931099935834,0.00573943664913992,0.065673624450805));
#9159=CARTESIAN_POINT('',(0.000962251720599588,0.0094232824142409,0.0684322432138681));
#9160=CARTESIAN_POINT('',(0.000948122782212125,0.00928491748257019,0.068330029402722));
#9161=CARTESIAN_POINT('',(0.000917874236117832,0.00898869297605167,0.0681112005757624));
#9162=CARTESIAN_POINT('',(0.00087151174315878,0.00853466472326666,0.0677757979894323));
#9163=CARTESIAN_POINT('',(0.000823151460600411,0.00806107433063044,0.0674259442787499));
#9164=CARTESIAN_POINT('',(0.000774802067230994,0.00758759086432551,0.0670761696857027));
#9165=CARTESIAN_POINT('',(0.000726440797569246,0.00711399542983906,0.0667263119963928));
#9166=CARTESIAN_POINT('',(0.000678092416801875,0.00664051539050465,0.066376539651917));
#9167=CARTESIAN_POINT('',(0.000630691745858457,0.00617632334139316,0.0660336293451872));
#9168=CARTESIAN_POINT('',(0.00059941839763451,0.00587006306844205,0.065807386821316));
#9169=CARTESIAN_POINT('',(0.00058426005491239,0.00572161720662324,0.0656977259510264));
#9170=CARTESIAN_POINT('',(0.000275650063214012,0.00849914204854327,0.0656293650941557));
#9171=CARTESIAN_POINT('',(5.18627852178611E-6,0.000194059457582267,0.0858470223245655));
#9172=CARTESIAN_POINT('',(-0.000346306842209527,0.0106204334313876,0.0666671155329246));
#9173=CARTESIAN_POINT('',(-0.000340542875412996,0.0104436784968495,0.066580637953292));
#9174=CARTESIAN_POINT('',(-0.000329014679836301,0.0100901605939137,0.0664076788634506));
#9175=CARTESIAN_POINT('',(-0.000311718449517148,0.0095597083026001,0.066148151297937));
#9176=CARTESIAN_POINT('',(-0.000294423519409123,0.00902932621990164,0.0658886600835959));
#9177=CARTESIAN_POINT('',(-0.000277135359438303,0.00849924267642602,0.0656293183132135));
#9178=CARTESIAN_POINT('',(-0.000259828656054919,0.00796832096074687,0.0653695556188103));
#9179=CARTESIAN_POINT('',(-0.000242543710586546,0.0074383042067121,0.0651102451692932));
#9180=CARTESIAN_POINT('',(-0.000225243764045727,0.00690783158353479,0.0648507129251087));
#9181=CARTESIAN_POINT('',(-0.00021371581552094,0.00655430133599581,0.0646777465526175));
#9182=CARTESIAN_POINT('',(-0.000207951209617546,0.00637751684154652,0.0645912538891737));
#9183=CARTESIAN_POINT('',(-0.000964738109030389,0.00942331382441254,0.0684319228441834));
#9184=CARTESIAN_POINT('',(-0.000950570600851777,0.00928492723932648,0.0683296980780364));
#9185=CARTESIAN_POINT('',(-0.000920241499177204,0.00898867642970102,0.0681108606074815));
#9186=CARTESIAN_POINT('',(-0.000873759322230337,0.00853465389964803,0.0677754786691606));
#9187=CARTESIAN_POINT('',(-0.000825274184247662,0.00806106205090834,0.0674256412005566));
#9188=CARTESIAN_POINT('',(-0.000776796515671471,0.00758753933807656,0.0670758546358941));
#9189=CARTESIAN_POINT('',(-0.000728316349866654,0.0071140099064111,0.0667260633846335));
#9190=CARTESIAN_POINT('',(-0.000679840545499261,0.00664049934713983,0.0663762855983573));
#9191=CARTESIAN_POINT('',(-0.000632286777435724,0.00617601083534483,0.0660331733343341));
#9192=CARTESIAN_POINT('',(-0.000600899395163737,0.00586942490991525,0.0658067013813275));
#9193=CARTESIAN_POINT('',(-0.000585668526924087,0.005720652644792,0.0656968047921778));
#9194=CARTESIAN_POINT('',(-0.000964055978609819,0.00945948464067491,0.0683830653434374));
#9195=CARTESIAN_POINT('',(-0.000949898329464713,0.00932057457371158,0.068281546608718));
#9196=CARTESIAN_POINT('',(-0.000919590499021879,0.00902319802755965,0.0680642289030456));
#9197=CARTESIAN_POINT('',(-0.000873145324703512,0.00856731473817511,0.0677313976717905));
#9198=CARTESIAN_POINT('',(-0.000824685133018372,0.00809238926259965,0.0673833546553871));
#9199=CARTESIAN_POINT('',(-0.000776277484534885,0.00761521994208424,0.0670385179209139));
#9200=CARTESIAN_POINT('',(-0.000727810388840655,0.0071409836092199,0.0666896683386038));
#9201=CARTESIAN_POINT('',(-0.000679376419395725,0.00666541121588641,0.0663427278995443));
#9202=CARTESIAN_POINT('',(-0.000631846235095555,0.00619920361536831,0.0660017878531998));
#9203=CARTESIAN_POINT('',(-0.000600481607953286,0.00589145011100067,0.0657769032009739));
#9204=CARTESIAN_POINT('',(-0.00058526187907771,0.00574211082733836,0.0656677789356766));
#9205=CARTESIAN_POINT('',(-0.000962744445596151,0.00948553431933938,0.0683474244511169));
#9206=CARTESIAN_POINT('',(-0.000948604220918715,0.00934625287219359,0.0682464154409485));
#9207=CARTESIAN_POINT('',(-0.000918335035394767,0.00904807412256432,0.0680301991582972));
#9208=CARTESIAN_POINT('',(-0.000871984826082562,0.00859077062143773,0.0676993280869335));
#9209=CARTESIAN_POINT('',(-0.000823465336503748,0.00811526540876341,0.0673520624489695));
#9210=CARTESIAN_POINT('',(-0.000775591051294965,0.00763409123400345,0.067012778508403));
#9211=CARTESIAN_POINT('',(-0.000726231762973557,0.00716572369370455,0.066655822580045));
#9212=CARTESIAN_POINT('',(-0.000678152691762364,0.00668665670838446,0.0663137166209054));
#9213=CARTESIAN_POINT('',(-0.00063063983796999,0.00621941410760509,0.0659741259946543));
#9214=CARTESIAN_POINT('',(-0.000599341676972463,0.00591061988989843,0.065750674859599));
#9215=CARTESIAN_POINT('',(-0.000584154946141991,0.00576077075402032,0.0656422535648862));
#9216=CARTESIAN_POINT('',(-0.000956174016783003,0.00954253470692129,0.0682691308285817));
#9217=CARTESIAN_POINT('',(-0.000942135173854971,0.00940238697157354,0.0681693172552998));
#9218=CARTESIAN_POINT('',(-0.000912079851160446,0.00910237588366211,0.0679556298962944));
#9219=CARTESIAN_POINT('',(-0.000865973075369203,0.008642853865897,0.0676278310536909));
#9220=CARTESIAN_POINT('',(-0.000818077190937876,0.00816243959719344,0.0672872925533191));
#9221=CARTESIAN_POINT('',(-0.000769441307867105,0.00768604960270899,0.0669415361556479));
#9222=CARTESIAN_POINT('',(-0.000722274182842132,0.00720153922352716,0.0666065887649255));
#9223=CARTESIAN_POINT('',(-0.000673979106948556,0.00672356401645282,0.0662630802215817));
#9224=CARTESIAN_POINT('',(-0.000626885210406464,0.00625278095770355,0.0659282595412678));
#9225=CARTESIAN_POINT('',(-0.000595761435453235,0.00594243686145576,0.0657069553394991));
#9226=CARTESIAN_POINT('',(-0.000580657943262775,0.00579184629526994,0.065599562294931));
#9227=CARTESIAN_POINT('',(-0.000949808719384255,0.0095756250232708,0.0682234071948557));
#9228=CARTESIAN_POINT('',(-0.000935861472035782,0.00943500511536582,0.0681242511976239));
#9229=CARTESIAN_POINT('',(-0.000906003570172853,0.00913397549956076,0.0679119815978348));
#9230=CARTESIAN_POINT('',(-0.000860234940277322,0.00867268702017733,0.0675866230217012));
#9231=CARTESIAN_POINT('',(-0.000812535090892032,0.0081912932442778,0.0672474599885525));
#9232=CARTESIAN_POINT('',(-0.000764680923902368,0.00771070936316593,0.0669074479268528));
#9233=CARTESIAN_POINT('',(-0.000717429896089547,0.00722731033301334,0.0665710536569928));
#9234=CARTESIAN_POINT('',(-0.000669558820136465,0.00674692530057364,0.0662308800973883));
#9235=CARTESIAN_POINT('',(-0.000622743632062193,0.00627468549987872,0.0658980320813175));
#9236=CARTESIAN_POINT('',(-0.000591828576093775,0.00596323565522783,0.0656782656758278));
#9237=CARTESIAN_POINT('',(-0.000576826700973512,0.00581210656669655,0.0655716220459062));
#9238=CARTESIAN_POINT('',(-0.000931704527183871,0.00965198629112482,0.0681167267179009));
#9239=CARTESIAN_POINT('',(-0.000918021193528424,0.00951026048814111,0.0680191274335471));
#9240=CARTESIAN_POINT('',(-0.000888729843061288,0.00920685591832418,0.0678101991536193));
#9241=CARTESIAN_POINT('',(-0.000843871482556247,0.00874172786702991,0.0674901951747753));
#9242=CARTESIAN_POINT('',(-0.000796929775211602,0.00825712212926533,0.0671555254914079));
#9243=CARTESIAN_POINT('',(-0.000750555022211547,0.00777040044420342,0.0668241370273771));
#9244=CARTESIAN_POINT('',(-0.000703004307721789,0.00728837246095474,0.0664857522981335));
#9245=CARTESIAN_POINT('',(-0.000656412676868723,0.00680258945638487,0.0661531933011245));
#9246=CARTESIAN_POINT('',(-0.000610433810211803,0.00632679123633182,0.0658252658756596));
#9247=CARTESIAN_POINT('',(-0.000580138794811176,0.00601273482635934,0.0656091621689227));
#9248=CARTESIAN_POINT('',(-0.000565438718332052,0.00586033739887589,0.065504301497792));
#9249=CARTESIAN_POINT('',(-0.0009183011578864,0.00969639772196535,0.0680536720520043));
#9250=CARTESIAN_POINT('',(-0.000904816021028897,0.00955401712507352,0.0679570095519151));
#9251=CARTESIAN_POINT('',(-0.000875947885446045,0.00924921436417061,0.0677500800501738));
#9252=CARTESIAN_POINT('',(-0.000831709544199766,0.0087820381378317,0.067432962666232));
#9253=CARTESIAN_POINT('',(-0.000785536369842128,0.00829479694683804,0.0671020347942434));
#9254=CARTESIAN_POINT('',(-0.000739482905431861,0.00780735580386452,0.0667717097579107));
#9255=CARTESIAN_POINT('',(-0.000693013079517322,0.00732100725926608,0.066439369055757));
#9256=CARTESIAN_POINT('',(-0.000646981287166857,0.00683359520160659,0.0661091592648436));
#9257=CARTESIAN_POINT('',(-0.000601688000109221,0.00635549595862067,0.0657845107774402));
#9258=CARTESIAN_POINT('',(-0.000571823986885693,0.00604002980819858,0.0655704141823787));
#9259=CARTESIAN_POINT('',(-0.000557332764942889,0.00588694977400701,0.0654665253438822));
#9260=CARTESIAN_POINT('',(-0.000867722918217394,0.00983947788504232,0.0678471761759331));
#9261=CARTESIAN_POINT('',(-0.000854981619812418,0.00969500359198282,0.0677535528836212));
#9262=CARTESIAN_POINT('',(-0.000827706017018904,0.00938571540755476,0.0675531285010814));
#9263=CARTESIAN_POINT('',(-0.00078591264159913,0.00891157594525231,0.0672459524441113));
#9264=CARTESIAN_POINT('',(-0.000742249234911551,0.00841722116558455,0.0669253265986561));
#9265=CARTESIAN_POINT('',(-0.000698854125575147,0.00792239419996072,0.0666056372119615));
#9266=CARTESIAN_POINT('',(-0.00065447574719354,0.00742960008986618,0.0662826025927845));
#9267=CARTESIAN_POINT('',(-0.000611126539642706,0.00693476256447889,0.0659631045844523));
#9268=CARTESIAN_POINT('',(-0.000568314917478551,0.00644966544855031,0.0656486346723122));
#9269=CARTESIAN_POINT('',(-0.000540111993661319,0.00612951718740387,0.065441297451051));
#9270=CARTESIAN_POINT('',(-0.000526427135467246,0.00597416428176341,0.0653406891856475));
#9271=CARTESIAN_POINT('',(-0.000817281572943555,0.00994261007389101,0.0676920307433131));
#9272=CARTESIAN_POINT('',(-0.000805282248077251,0.00979661767920409,0.0676006901695708));
#9273=CARTESIAN_POINT('',(-0.000779594889476727,0.00948407764158994,0.0674051506984548));
#9274=CARTESIAN_POINT('',(-0.000740232025803436,0.00900490184152808,0.0671054128169591));
#9275=CARTESIAN_POINT('',(-0.000699129828943907,0.00850530523858995,0.0667927072662082));
#9276=CARTESIAN_POINT('',(-0.000658163337928335,0.00800551983068967,0.0664803765322875));
#9277=CARTESIAN_POINT('',(-0.000616727991042981,0.00750652838785152,0.0661667912310155));
#9278=CARTESIAN_POINT('',(-0.000575801341455863,0.00700678057745059,0.0658546047582428));
#9279=CARTESIAN_POINT('',(-0.000535455478542058,0.00651666662214504,0.0655477608434231));
#9280=CARTESIAN_POINT('',(-0.000508883907533486,0.00619318618755111,0.0653454238040607));
#9281=CARTESIAN_POINT('',(-0.00049599072279183,0.00603621604734708,0.0652472414487816));
#9282=CARTESIAN_POINT('',(-0.000707226002630674,0.0101296029011921,0.0673963742103528));
#9283=CARTESIAN_POINT('',(-0.000696839343748071,0.00998085353445072,0.0673093569350911));
#9284=CARTESIAN_POINT('',(-0.000674603353932501,0.00966241693289871,0.0671230716561122));
#9285=CARTESIAN_POINT('',(-0.000640504846419503,0.00917434842707079,0.0668374924351276));
#9286=CARTESIAN_POINT('',(-0.000604994263261238,0.00866523405991417,0.066539796547008));
#9287=CARTESIAN_POINT('',(-0.000569350785953166,0.00815634876275475,0.0662417321998138));
#9288=CARTESIAN_POINT('',(-0.000534189378481832,0.00764678076565821,0.0659450422875929));
#9289=CARTESIAN_POINT('',(-0.000498520836572269,0.00713809079701826,0.065646972162831));
#9290=CARTESIAN_POINT('',(-0.00046370551417994,0.00663857277156795,0.0653549660777896));
#9291=CARTESIAN_POINT('',(-0.000440680706748651,0.00630905122023114,0.0651621480291731));
#9292=CARTESIAN_POINT('',(-0.000429507202074667,0.0061491518478171,0.0650685810893582));
#9293=CARTESIAN_POINT('',(-0.000645629711826836,0.0102163854410325,0.0672520132490389));
#9294=CARTESIAN_POINT('',(-0.000636148404127114,0.0100663505923224,0.0671671104132574));
#9295=CARTESIAN_POINT('',(-0.000615849999732213,0.00974516628326046,0.0669853530750138));
#9296=CARTESIAN_POINT('',(-0.000584706507149112,0.00925299808594373,0.0667067520007523));
#9297=CARTESIAN_POINT('',(-0.000552304832576845,0.00873949383930795,0.0664163168866574));
#9298=CARTESIAN_POINT('',(-0.000519716130225328,0.00822625231563186,0.0661254595304969));
#9299=CARTESIAN_POINT('',(-0.00048778093467774,0.00771231493045048,0.0658361570019266));
#9300=CARTESIAN_POINT('',(-0.000455158240220431,0.00719923799642271,0.0655452584331871));
#9301=CARTESIAN_POINT('',(-0.000423398484688161,0.00669542398647897,0.0652604401418104));
#9302=CARTESIAN_POINT('',(-0.000402372977542274,0.0063630711076816,0.0650723018958019));
#9303=CARTESIAN_POINT('',(-0.000392169405428228,0.00620179787767785,0.0649810049788968));
#9304=CARTESIAN_POINT('',(-0.000508774212318784,0.0103856771299236,0.0669559435265814));
#9305=CARTESIAN_POINT('',(-0.00050130444182253,0.0102331586448421,0.0668753950968659));
#9306=CARTESIAN_POINT('',(-0.000485312066213663,0.00990665879091156,0.0667029599672609));
#9307=CARTESIAN_POINT('',(-0.000460763423665622,0.0094063786384706,0.0664386596464031));
#9308=CARTESIAN_POINT('',(-0.00043523284141437,0.00888437872145225,0.0661630780539681));
#9309=CARTESIAN_POINT('',(-0.000409559851691808,0.00836266334396423,0.0658872653682121));
#9310=CARTESIAN_POINT('',(-0.000384342261818668,0.00784030191697705,0.065612295058915));
#9311=CARTESIAN_POINT('',(-0.000358644999398004,0.00731872301416307,0.0653364601899772));
#9312=CARTESIAN_POINT('',(-0.000333646378901488,0.00680643397831165,0.0650661932305788));
#9313=CARTESIAN_POINT('',(-0.000317076064196169,0.00646859516403933,0.0648877138608018));
#9314=CARTESIAN_POINT('',(-0.000309034293679126,0.00630466132039298,0.064801104693764));
#9315=CARTESIAN_POINT('',(-0.000433369150221032,0.0104683915877371,0.0668040775239676));
#9316=CARTESIAN_POINT('',(-0.000427007495471973,0.0103146680902512,0.0667257690906907));
#9317=CARTESIAN_POINT('',(-0.000413387733959165,0.00998558709453116,0.0665581290371631));
#9318=CARTESIAN_POINT('',(-0.00039248637374478,0.00948131091369746,0.0663011723599179));
#9319=CARTESIAN_POINT('',(-0.000370725793101962,0.00895518432744814,0.0660331858901954));
#9320=CARTESIAN_POINT('',(-0.000348918395315839,0.00842933906292265,0.0657652141861191));
#9321=CARTESIAN_POINT('',(-0.00032720930747277,0.00790291317435148,0.0654972119211459));
#9322=CARTESIAN_POINT('',(-0.000305394093572557,0.00737723740648187,0.0652292939143516));
#9323=CARTESIAN_POINT('',(-0.000284105749525317,0.00686074537837693,0.0649663763057103));
#9324=CARTESIAN_POINT('',(-0.0002699970094472,0.00652024360595786,0.0647928820494983));
#9325=CARTESIAN_POINT('',(-0.000263149900274475,0.00635501905530304,0.0647086937488955));
#9326=CARTESIAN_POINT('',(-0.00034417369561961,0.0105550194035436,0.0666351116344871));
#9327=CARTESIAN_POINT('',(-0.000339120768394126,0.010400068732661,0.0665593018120746));
#9328=CARTESIAN_POINT('',(-0.000328303467234156,0.0100683486529614,0.0663970072158261));
#9329=CARTESIAN_POINT('',(-0.000311718449517148,0.0095597083026001,0.066148151297937));
#9330=CARTESIAN_POINT('',(-0.000294423519409123,0.00902932621990164,0.0658886600835959));
#9331=CARTESIAN_POINT('',(-0.000277135359438303,0.00849924267642602,0.0656293183132135));
#9332=CARTESIAN_POINT('',(-0.000259828656054919,0.00796832096074687,0.0653695556188103));
#9333=CARTESIAN_POINT('',(-0.000242543710586546,0.0074383042067121,0.0651102451692932));
#9334=CARTESIAN_POINT('',(-0.000225575324412543,0.00691799830266952,0.0648556869639521));
#9335=CARTESIAN_POINT('',(-0.000214378677098877,0.00657462942647274,0.0646876921663458));
#9336=CARTESIAN_POINT('',(-0.00020894549653221,0.00640800886475249,0.0646061722579282));
#9337=CARTESIAN_POINT('',(-7.74387010911514E-7,1.33164530772256E-19,0.0658134199218398));
#9338=CARTESIAN_POINT('',(-1.26098455002256E-6,2.16840434497101E-19,0.0685420332613903));
#9339=CARTESIAN_POINT('',(-0.00377994163134467,0.00855205793682748,0.0685358489002889));
#9340=CARTESIAN_POINT('',(-0.00469906510355612,0.00808396149904956,0.0685358618783919));
#9341=CARTESIAN_POINT('',(5.42468239105827E-9,2.39685373875038E-9,0.0614710166878899));
#9342=CARTESIAN_POINT('',(-0.00232220150574653,0.00525394558813774,0.0658111653338705));
#9343=CARTESIAN_POINT('',(-7.74387010911514E-7,1.33164530772256E-19,0.0658134199218398));
#9344=CARTESIAN_POINT('',(-0.00288681650390778,0.00496627571354883,0.0658110681811066));
#9345=CARTESIAN_POINT('',(-0.00469908417133597,0.00808396585849274,0.0685358442073877));
#9346=CARTESIAN_POINT('',(-1.27634307477962E-6,2.21922632180627E-19,0.0686281567457065));
#9347=CARTESIAN_POINT('',(-0.0037795070971995,0.00855111116111194,0.0685350616823875));
#9348=CARTESIAN_POINT('',(-0.00381303180472826,0.00862700514885175,0.068401397744993));
#9349=CARTESIAN_POINT('',(-0.00197079811775408,0.00913879463547583,0.0685353847715951));
#9350=CARTESIAN_POINT('',(-0.00259057238987687,0.00899992217645899,0.068543623966424));
#9351=CARTESIAN_POINT('',(-0.00319648732009254,0.00880304974332183,0.0685435138675274));
#9352=CARTESIAN_POINT('',(-0.0037795186855506,0.0085511055696992,0.0685350623746122));
#9353=CARTESIAN_POINT('',(-0.00198826774325203,0.00921990835489777,0.0684017231676379));
#9354=CARTESIAN_POINT('',(-0.0019882558930264,0.00921991090880689,0.0684017231697354));
#9355=CARTESIAN_POINT('',(-0.00292930865602118,0.0101208656748319,0.0666226213039337));
#9356=CARTESIAN_POINT('',(-0.00272529320236758,0.0099969858607585,0.0669056952443651));
#9357=CARTESIAN_POINT('',(-0.00234391586553219,0.00972764515753919,0.067481054143239));
#9358=CARTESIAN_POINT('',(-0.00205536090663686,0.00940561895875706,0.0680865032009465));
#9359=CARTESIAN_POINT('',(-0.00198825525337719,0.00921991116073618,0.068401722990214));
#9360=CARTESIAN_POINT('',(-0.00292930864700636,0.0101208656436443,0.0666226213562317));
#9361=CARTESIAN_POINT('',(-0.00292926284935829,0.0101207057745936,0.0666228892514855));
#9362=CARTESIAN_POINT('',(-0.00314872892131935,0.0100573622199197,0.0666226069024316));
#9363=CARTESIAN_POINT('',(-0.00336584757889376,0.00998679616499078,0.0666225987616673));
#9364=CARTESIAN_POINT('',(-0.00358061809118556,0.00990900536044859,0.066622868650828));
#9365=CARTESIAN_POINT('',(-0.00358069532851556,0.00990921734173962,0.0666225051935085));
#9366=CARTESIAN_POINT('',(-0.00381302989413686,0.00862700600399576,0.0684013977291843));
#9367=CARTESIAN_POINT('',(-0.0038677245939078,0.00881647397817838,0.0680865936255715));
#9368=CARTESIAN_POINT('',(-0.0038230354003661,0.00924725456300496,0.0674805377664285));
#9369=CARTESIAN_POINT('',(-0.00367302184850861,0.00968906268258367,0.066905507505794));
#9370=CARTESIAN_POINT('',(-0.00358069493898329,0.00990921626256664,0.0666225070418172));
#9371=CARTESIAN_POINT('',(-7.83818880698027E-7,1.37219337455197E-19,0.0658663094735696));
#9372=CARTESIAN_POINT('',(-0.00234163555766056,0.00529795489034344,0.0657270534921731));
#9373=CARTESIAN_POINT('',(-0.00240918151805409,0.00553192343906848,0.0653383077177184));
#9374=CARTESIAN_POINT('',(-0.00231245186589325,0.00581477259291704,0.0649824612446481));
#9375=CARTESIAN_POINT('',(-0.00219894649714691,0.0060853773581724,0.0646346183935291));
#9376=CARTESIAN_POINT('',(-0.00234163308897849,0.00529795598135359,0.0657270534922668));
#9377=CARTESIAN_POINT('',(-0.00219894768164293,0.00608538063975683,0.0646346127731352));
#9378=CARTESIAN_POINT('',(-0.00179904625061298,0.00621571995139254,0.0646340660827215));
#9379=CARTESIAN_POINT('',(-0.0019336537854085,0.00617628606464803,0.0646347940969244));
#9380=CARTESIAN_POINT('',(-0.0020669564669382,0.00613284587060256,0.0646349657738834));
#9381=CARTESIAN_POINT('',(-0.00219895397801402,0.00608539840136106,0.0646345824155166));
#9382=CARTESIAN_POINT('',(-0.00179893531164429,0.00621535267124023,0.0646346841079161));
#9383=CARTESIAN_POINT('',(-0.00179893397185462,0.00621534803621039,0.0646346918803321));
#9384=CARTESIAN_POINT('',(-0.00154842911331833,0.00606325866998679,0.064982241201937));
#9385=CARTESIAN_POINT('',(-0.00130327230069579,0.00588973324203066,0.0653408170828136));
#9386=CARTESIAN_POINT('',(-0.00122101222835763,0.00566206747860962,0.0657272537514342));
#9387=CARTESIAN_POINT('',(-0.00122101158134734,0.00566206771667758,0.0657272535962394));
#9388=CARTESIAN_POINT('',(-0.00122102346942281,0.00566206515461222,0.0657272535941358));
#9389=CARTESIAN_POINT('',(-0.00121744165888819,0.00564542290966764,0.0657546763448437));
#9390=CARTESIAN_POINT('',(-0.00121385984835357,0.00562878066472307,0.0657820990955516));
#9391=CARTESIAN_POINT('',(-0.00121027803781895,0.00561213841977849,0.0658095218462594));
#9392=CARTESIAN_POINT('',(-0.00232336616635227,0.00525659102809143,0.0658130057307092));
#9393=CARTESIAN_POINT('',(-0.00196836234412613,0.00541283817843227,0.0658130690390511));
#9394=CARTESIAN_POINT('',(-0.00159039419036959,0.00553567976496293,0.0658131364426552));
#9395=CARTESIAN_POINT('',(-0.00121151818419878,0.00561789260507947,0.065813204008158));
#9396=CARTESIAN_POINT('',(-0.0023209949548027,0.00525124211211365,0.0658093276901823));
#9397=CARTESIAN_POINT('',(-0.00232787076744335,0.00526681497721298,0.0657819029581859));
#9398=CARTESIAN_POINT('',(-0.00233474658008402,0.00528238784231231,0.0657544782261895));
#9399=CARTESIAN_POINT('',(-0.00234162239272467,0.00529796070741163,0.0657270534941931));
#9400=CARTESIAN_POINT('',(-0.0030643688786546,0.00693315068555095,0.0671186850215979));
#9401=CARTESIAN_POINT('',(-0.00308352049321439,0.00697648036083151,0.0670754722353601));
#9402=CARTESIAN_POINT('',(-0.00159782174518459,0.00740927852468482,0.0671196234484298));
#9403=CARTESIAN_POINT('',(-0.00160786750050475,0.00745598482672694,0.0670757606745768));
#9404=CARTESIAN_POINT('',(-0.00293614742854484,0.0101444858286199,0.0666346467795165));
#9405=CARTESIAN_POINT('',(-0.00289304653145814,0.00999556944919483,0.0665588475410417));
#9406=CARTESIAN_POINT('',(-0.00280077122373704,0.00967675242295556,0.0663965679180445));
#9407=CARTESIAN_POINT('',(-0.00265931536564306,0.00918801650471388,0.0661477975522789));
#9408=CARTESIAN_POINT('',(-0.00251175977985347,0.00867820670168782,0.0658883001946751));
#9409=CARTESIAN_POINT('',(-0.00236426308762858,0.00816859372983473,0.0656289054610905));
#9410=CARTESIAN_POINT('',(-0.00221665195680687,0.00765860314615993,0.0653693122360958));
#9411=CARTESIAN_POINT('',(-0.00206916736667459,0.007149034747586,0.065109938800969));
#9412=CARTESIAN_POINT('',(-0.00192452637516223,0.00664928846712948,0.0648555671041533));
#9413=CARTESIAN_POINT('',(-0.00182910955391939,0.006319619546724,0.0646877629240341));
#9414=CARTESIAN_POINT('',(-0.00178286073369536,0.00615982808390579,0.064606427730908));
#9415=CARTESIAN_POINT('',(-0.00282544153976681,0.0100903096089778,0.0668026643625978));
#9416=CARTESIAN_POINT('',(-0.00278396947474559,0.00994216411653201,0.0667243635809152));
#9417=CARTESIAN_POINT('',(-0.00269518078515461,0.00962500067646486,0.0665567331261517));
#9418=CARTESIAN_POINT('',(-0.00255905465225448,0.00913888428762099,0.0662998864995628));
#9419=CARTESIAN_POINT('',(-0.0024170633848019,0.00863177815042402,0.0660319224510985));
#9420=CARTESIAN_POINT('',(-0.00227503947851826,0.00812470975942717,0.065764068630234));
#9421=CARTESIAN_POINT('',(-0.00213308590630674,0.00761764636970705,0.0654960700151542));
#9422=CARTESIAN_POINT('',(-0.00199120898572872,0.00711079418830159,0.0652281547115591));
#9423=CARTESIAN_POINT('',(-0.00185177696519093,0.00661333975828934,0.0649655801366439));
#9424=CARTESIAN_POINT('',(-0.00175999182360045,0.00628546783294879,0.0647922862126872));
#9425=CARTESIAN_POINT('',(-0.00171550602490916,0.00612655136987469,0.0647082890258657));
#9426=CARTESIAN_POINT('',(-0.00273352745078718,0.0100389947355935,0.0669448692422777));
#9427=CARTESIAN_POINT('',(-0.0026933958988061,0.00989158917501232,0.0668644812668335));
#9428=CARTESIAN_POINT('',(-0.00260747732718985,0.0095760092085508,0.066692381648049));
#9429=CARTESIAN_POINT('',(-0.00247575620121887,0.00909230278968832,0.066428666303184));
#9430=CARTESIAN_POINT('',(-0.00233838564301659,0.00858779287834661,0.0661535733230099));
#9431=CARTESIAN_POINT('',(-0.00220097842283942,0.00808326032001699,0.0658785322510973));
#9432=CARTESIAN_POINT('',(-0.0020636798174586,0.00757889209346285,0.0656034482661743));
#9433=CARTESIAN_POINT('',(-0.00192635816899206,0.00707450781617874,0.0653283833061739));
#9434=CARTESIAN_POINT('',(-0.00179157385027954,0.00657977934163978,0.0650588028947627));
#9435=CARTESIAN_POINT('',(-0.00170274786487181,0.00625352886283246,0.064880890008864));
#9436=CARTESIAN_POINT('',(-0.00165969488254828,0.00609539584479852,0.0647946540344027));
#9437=CARTESIAN_POINT('',(-0.0025523311375839,0.0099216212583671,0.0672386315703467));
#9438=CARTESIAN_POINT('',(-0.00251484479633306,0.00977592543874802,0.0671539492451441));
#9439=CARTESIAN_POINT('',(-0.00243459211218343,0.00946400794946188,0.0669726517737186));
#9440=CARTESIAN_POINT('',(-0.00231162893449121,0.00898597101823778,0.0666947294914577));
#9441=CARTESIAN_POINT('',(-0.00218335893561916,0.00848735726232023,0.0664048801873143));
#9442=CARTESIAN_POINT('',(-0.00205511203541802,0.0079887460539647,0.0661149688244033));
#9443=CARTESIAN_POINT('',(-0.00192685963615644,0.00749028401815773,0.0658252737672914));
#9444=CARTESIAN_POINT('',(-0.00179857150812467,0.00699171311975879,0.0655355120509445));
#9445=CARTESIAN_POINT('',(-0.00167296649195607,0.00650303332145553,0.065251174737558));
#9446=CARTESIAN_POINT('',(-0.00158999512986139,0.0061805601271672,0.0650637488806904));
#9447=CARTESIAN_POINT('',(-0.00154977709057632,0.00602425499007308,0.0649729050462227));
#9448=CARTESIAN_POINT('',(-0.0024599616991444,0.00985271357824228,0.0673951010088826));
#9449=CARTESIAN_POINT('',(-0.00242383977665123,0.00970804378252582,0.0673081219412272));
#9450=CARTESIAN_POINT('',(-0.00234650724526408,0.00939832174825724,0.0671219078469974));
#9451=CARTESIAN_POINT('',(-0.00222799533398781,0.00892361919791852,0.0668364619200548));
#9452=CARTESIAN_POINT('',(-0.00210436640511562,0.00842845698508838,0.0665387417101777));
#9453=CARTESIAN_POINT('',(-0.00198074026962382,0.00793334119426662,0.0662410708079244));
#9454=CARTESIAN_POINT('',(-0.00185716505268354,0.00743826604247614,0.0659433128149037));
#9455=CARTESIAN_POINT('',(-0.0017332864213807,0.00694300504663506,0.0656462085407209));
#9456=CARTESIAN_POINT('',(-0.00161320469542456,0.00645857835856289,0.0653523345904702));
#9457=CARTESIAN_POINT('',(-0.00153310387483525,0.00613823791429103,0.0651600880751226));
#9458=CARTESIAN_POINT('',(-0.00149426637452888,0.00598295710788942,0.065066928236232));
#9459=CARTESIAN_POINT('',(-0.00231226466978092,0.00972155925491361,0.0676641470897451));
#9460=CARTESIAN_POINT('',(-0.00227831844970788,0.00957883152270971,0.0675732179744764));
#9461=CARTESIAN_POINT('',(-0.00220564247755632,0.0092732653029994,0.0673785487637862));
#9462=CARTESIAN_POINT('',(-0.00209423089182952,0.00880488099120103,0.0670801837453297));
#9463=CARTESIAN_POINT('',(-0.00197802448888141,0.00831630733934161,0.0667689331223149));
#9464=CARTESIAN_POINT('',(-0.00186185152860337,0.00782785837054068,0.0664577545182393));
#9465=CARTESIAN_POINT('',(-0.00174560554959591,0.00733920555023657,0.0661465080712591));
#9466=CARTESIAN_POINT('',(-0.0016296582651471,0.00685103194055089,0.0658350215457817));
#9467=CARTESIAN_POINT('',(-0.00151492377310959,0.00637132336663008,0.065531342052678));
#9468=CARTESIAN_POINT('',(-0.00143989433823855,0.00605550404502893,0.0653298832088089));
#9469=CARTESIAN_POINT('',(-0.00140353656517101,0.00590243435859248,0.0652322197196388));
#9470=CARTESIAN_POINT('',(-0.00225000042919405,0.00965845282382616,0.0677846477170347));
#9471=CARTESIAN_POINT('',(-0.00221696708120181,0.00951665010604266,0.0676919527183985));
#9472=CARTESIAN_POINT('',(-0.00214624584480862,0.00921306456929747,0.0674935023817469));
#9473=CARTESIAN_POINT('',(-0.00203784026602297,0.00874772475182912,0.0671893271172447));
#9474=CARTESIAN_POINT('',(-0.00192476771987163,0.00826232912976704,0.0668720145441433));
#9475=CARTESIAN_POINT('',(-0.00181170437928025,0.00777703087550142,0.0665548402026499));
#9476=CARTESIAN_POINT('',(-0.00169866640055829,0.00729164795404571,0.0662373560395302));
#9477=CARTESIAN_POINT('',(-0.00158544178669076,0.00680617534711677,0.0659207135555393));
#9478=CARTESIAN_POINT('',(-0.00147530521109231,0.00633132732094733,0.0656077423399573));
#9479=CARTESIAN_POINT('',(-0.0014020905468146,0.00601731965535935,0.0654028318880011));
#9480=CARTESIAN_POINT('',(-0.00136659534393569,0.00586510856072948,0.0653035328792604));
#9481=CARTESIAN_POINT('',(-0.00215228889433794,0.00954232171259431,0.0679911198456981));
#9482=CARTESIAN_POINT('',(-0.00212068828492428,0.00940221858095546,0.0678953896748525));
#9483=CARTESIAN_POINT('',(-0.0020530347100497,0.00910227229108122,0.0676904410469009));
#9484=CARTESIAN_POINT('',(-0.00194933953573938,0.00864252675215572,0.0673762974356458));
#9485=CARTESIAN_POINT('',(-0.00184117292616577,0.00816296569003522,0.0670486224704862));
#9486=CARTESIAN_POINT('',(-0.00173303355161085,0.00768351897084116,0.0667210189226826));
#9487=CARTESIAN_POINT('',(-0.00162486124106179,0.00720393373891838,0.0663933353777232));
#9488=CARTESIAN_POINT('',(-0.00151674218703256,0.00672459313951466,0.0660657775542802));
#9489=CARTESIAN_POINT('',(-0.00141067920980674,0.00625430565124399,0.0657445485089373));
#9490=CARTESIAN_POINT('',(-0.00134074058441182,0.00594422803783011,0.0655326581089653));
#9491=CARTESIAN_POINT('',(-0.00130684152879978,0.00579393475095323,0.0654299544480821));
#9492=CARTESIAN_POINT('',(-0.00211566176702547,0.00949304144808891,0.0680745982166362));
#9493=CARTESIAN_POINT('',(-0.00208459715776288,0.00935365610275265,0.0679776429446638));
#9494=CARTESIAN_POINT('',(-0.00201809126932424,0.00905524685881714,0.0677700713110869));
#9495=CARTESIAN_POINT('',(-0.00191615962529236,0.0085978662746735,0.0674519021850265));
#9496=CARTESIAN_POINT('',(-0.00180981392346298,0.00812075385426612,0.0671200823259129));
#9497=CARTESIAN_POINT('',(-0.00170358149699552,0.00764386077423631,0.0667881241072626));
#9498=CARTESIAN_POINT('',(-0.00159699098921206,0.0071664277429488,0.0664568631008515));
#9499=CARTESIAN_POINT('',(-0.00149173636246778,0.00669092042993157,0.0661228288639054));
#9500=CARTESIAN_POINT('',(-0.00138368707443055,0.0062179764580311,0.0658058810278601));
#9501=CARTESIAN_POINT('',(-0.00131547065146392,0.00591021138006746,0.0655900869229916));
#9502=CARTESIAN_POINT('',(-0.0012824488010162,0.00576109588622665,0.0654853969490272));
#9503=CARTESIAN_POINT('',(-0.00206076322091426,0.00940510255610994,0.068215436767135));
#9504=CARTESIAN_POINT('',(-0.00203050491311409,0.0092670062061424,0.0681164058677497));
#9505=CARTESIAN_POINT('',(-0.00196572506601366,0.00897135664005225,0.0679043909967828));
#9506=CARTESIAN_POINT('',(-0.00186643460105372,0.00851820790035524,0.0675794238392152));
#9507=CARTESIAN_POINT('',(-0.00176286980566909,0.00804553205937387,0.0672404892429481));
#9508=CARTESIAN_POINT('',(-0.00165932046363046,0.00757300070309293,0.0669015303228663));
#9509=CARTESIAN_POINT('',(-0.00155576889225581,0.00710018948907001,0.0665628584623263));
#9510=CARTESIAN_POINT('',(-0.0014522052025698,0.00662834861778992,0.0662231118422676));
#9511=CARTESIAN_POINT('',(-0.00135078408646867,0.00616247093718497,0.0658940419083719));
#9512=CARTESIAN_POINT('',(-0.00128378812518363,0.00585715665163242,0.0656744075877322));
#9513=CARTESIAN_POINT('',(-0.00125131371526408,0.00570919811952297,0.0655679144309714));
#9514=CARTESIAN_POINT('',(-0.00204252759572139,0.00937236161055552,0.068266227994902));
#9515=CARTESIAN_POINT('',(-0.00201253772387398,0.00923474604157208,0.0681664480701852));
#9516=CARTESIAN_POINT('',(-0.00194833229998048,0.00894012536610813,0.0679528304399927));
#9517=CARTESIAN_POINT('',(-0.00184991510134063,0.00848854272630505,0.0676254286045734));
#9518=CARTESIAN_POINT('',(-0.00174728384876835,0.00801753423724154,0.0672839019297137));
#9519=CARTESIAN_POINT('',(-0.00164458656404452,0.00754654987904416,0.0669425379181555));
#9520=CARTESIAN_POINT('',(-0.00154218220692749,0.0070757152136082,0.0666007938092567));
#9521=CARTESIAN_POINT('',(-0.00143870899509144,0.00660433326465059,0.0662603323136811));
#9522=CARTESIAN_POINT('',(-0.00134118872780239,0.00614435045443014,0.065922058739982));
#9523=CARTESIAN_POINT('',(-0.00127435682085099,0.00583948617409675,0.0657017265801593));
#9524=CARTESIAN_POINT('',(-0.00124192820448708,0.00569169762664613,0.0655949703969597));
#9525=CARTESIAN_POINT('',(-0.00202116521176679,0.00932695290737175,0.0683346622741336));
#9526=CARTESIAN_POINT('',(-0.00199148593585251,0.00918999814448802,0.0682338844117044));
#9527=CARTESIAN_POINT('',(-0.00192794608677197,0.00889679353707195,0.0680181284596891));
#9528=CARTESIAN_POINT('',(-0.00183056556361309,0.0084474172905063,0.0676874001671843));
#9529=CARTESIAN_POINT('',(-0.00172896874247069,0.00797861060872593,0.0673425480693496));
#9530=CARTESIAN_POINT('',(-0.00162747625244143,0.00751018698418408,0.0669973263132601));
#9531=CARTESIAN_POINT('',(-0.00152566338126793,0.00704062343081885,0.0666536468205518));
#9532=CARTESIAN_POINT('',(-0.00142500108157803,0.00657516218097301,0.0663042418980071));
#9533=CARTESIAN_POINT('',(-0.00132216225511712,0.0061040744270923,0.0659827173100027));
#9534=CARTESIAN_POINT('',(-0.00125693624964568,0.00580259055153018,0.0657572837455873));
#9535=CARTESIAN_POINT('',(-0.00122535760907808,0.0056565903574151,0.0656478288281218));
#9536=CARTESIAN_POINT('',(-0.00201015368887774,0.00929830830514181,0.0683767415246002));
#9537=CARTESIAN_POINT('',(-0.00198063687777864,0.00916177505270067,0.0682753436126507));
#9538=CARTESIAN_POINT('',(-0.00191744487381764,0.00886947290142247,0.0680582602232578));
#9539=CARTESIAN_POINT('',(-0.00182059817231079,0.00842148112449564,0.067725497937194));
#9540=CARTESIAN_POINT('',(-0.00171955300218013,0.00795411618023715,0.0673785231897673));
#9541=CARTESIAN_POINT('',(-0.00161863086767753,0.00748713970809431,0.0670311793202002));
#9542=CARTESIAN_POINT('',(-0.00151731681660867,0.00701900783014804,0.0666853794987154));
#9543=CARTESIAN_POINT('',(-0.00141741357028346,0.00655499344012041,0.0663338600906547));
#9544=CARTESIAN_POINT('',(-0.00131437469933959,0.0060852979415782,0.0660102109207095));
#9545=CARTESIAN_POINT('',(-0.00124961358754336,0.00578475076721539,0.0657834168476289));
#9546=CARTESIAN_POINT('',(-0.00121826863698993,0.00563920485055445,0.0656733030619354));
#9547=CARTESIAN_POINT('',(-0.00199685935051122,0.00925980989015745,0.0684317155113372));
#9548=CARTESIAN_POINT('',(-0.0019675387626844,0.00912384530551865,0.0683295094486075));
#9549=CARTESIAN_POINT('',(-0.00190476652442056,0.00883275968456094,0.0681106972101782));
#9550=CARTESIAN_POINT('',(-0.00180855450427919,0.00838660787499031,0.0677753200493659));
#9551=CARTESIAN_POINT('',(-0.00170819733526156,0.00792123321754942,0.0674254928596804));
#9552=CARTESIAN_POINT('',(-0.00160786285275334,0.00745596362239703,0.0670757447816426));
#9553=CARTESIAN_POINT('',(-0.00150750506447472,0.00699058386462066,0.066725913613616));
#9554=CARTESIAN_POINT('',(-0.00140717067793646,0.00652531784174606,0.0663761677839519));
#9555=CARTESIAN_POINT('',(-0.00130880517246291,0.00606917845908232,0.0660332834719138));
#9556=CARTESIAN_POINT('',(-0.00124390629190612,0.00576823116724411,0.0658070580985745));
#9557=CARTESIAN_POINT('',(-0.0012124494820968,0.00562236053448081,0.0656974055412319));
#9558=CARTESIAN_POINT('',(-0.00236425679431505,0.00816857413681611,0.065628894315771));
#9559=CARTESIAN_POINT('',(-5.52479834437297E-5,0.000187507460257873,0.0858470115449967));
#9560=CARTESIAN_POINT('',(-0.00361129709759106,0.00999390406671646,0.0666665332825191));
#9561=CARTESIAN_POINT('',(-0.00355119420686688,0.00982757653254513,0.0665800653932249));
#9562=CARTESIAN_POINT('',(-0.00343098569362384,0.00949491390428872,0.0664071256845008));
#9563=CARTESIAN_POINT('',(-0.00325061496573148,0.00899575432317272,0.0661476272002967));
#9564=CARTESIAN_POINT('',(-0.00307026717038555,0.00849666111463353,0.0658881650634074));
#9565=CARTESIAN_POINT('',(-0.002890018068819,0.00799784974991565,0.065628852354084));
#9566=CARTESIAN_POINT('',(-0.00270949231829417,0.00749824694309532,0.0653691187667681));
#9567=CARTESIAN_POINT('',(-0.00252926691324643,0.00699949810730052,0.0651098373746574));
#9568=CARTESIAN_POINT('',(-0.00234888636808509,0.00650032033755085,0.0648503342128705));
#9569=CARTESIAN_POINT('',(-0.0022286742750467,0.00616764589213458,0.064677387222179));
#9570=CARTESIAN_POINT('',(-0.00216856164184934,0.00600129044148074,0.064590904250697));
#9571=CARTESIAN_POINT('',(-0.0038295452912951,0.00866436714947639,0.0684314119590006));
#9572=CARTESIAN_POINT('',(-0.00377330649216073,0.00853712605334242,0.0683291946954874));
#9573=CARTESIAN_POINT('',(-0.00365291335896784,0.00826473493850931,0.0681103732861807));
#9574=CARTESIAN_POINT('',(-0.0034684025789663,0.00784727915309997,0.067775015962699));
#9575=CARTESIAN_POINT('',(-0.00327593949170008,0.00741182999201616,0.0674252041698895));
#9576=CARTESIAN_POINT('',(-0.003083504872876,0.00697644427771975,0.067075443277277));
#9577=CARTESIAN_POINT('',(-0.0028910658027717,0.0065410529448606,0.0667256776984147));
#9578=CARTESIAN_POINT('',(-0.00269863671264885,0.00610567821369867,0.0663759255835349));
#9579=CARTESIAN_POINT('',(-0.00250987255529012,0.00567859940201647,0.0660328385017634));
#9580=CARTESIAN_POINT('',(-0.00238527914443081,0.00539670561391857,0.0658063831703218));
#9581=CARTESIAN_POINT('',(-0.00232481961124005,0.00525991532265927,0.065696494646865));
#9582=CARTESIAN_POINT('',(-0.0038400735170242,0.00869897573745944,0.0683825524590956));
#9583=CARTESIAN_POINT('',(-0.0037836823357565,0.00857123377277367,0.0682810412559428));
#9584=CARTESIAN_POINT('',(-0.00366296157425961,0.00829776552945979,0.0680637396737383));
#9585=CARTESIAN_POINT('',(-0.00347791100186532,0.00787852876288501,0.0677309331601831));
#9586=CARTESIAN_POINT('',(-0.00328505954225038,0.00744180363736663,0.067382915893282));
#9587=CARTESIAN_POINT('',(-0.00309156469596663,0.00700292842844457,0.0670381050324174));
#9588=CARTESIAN_POINT('',(-0.0028989196200149,0.00656686080560059,0.0666892811615737));
#9589=CARTESIAN_POINT('',(-0.00270589320027789,0.00612951238237543,0.0663423665078937));
#9590=CARTESIAN_POINT('',(-0.00251662026374866,0.00570079145208284,0.066001451738738));
#9591=CARTESIAN_POINT('',(-0.0023916877064296,0.00541778028617804,0.0657765837726156));
#9592=CARTESIAN_POINT('',(-0.0023310635557827,0.00528044732855034,0.065667467604354));
#9593=CARTESIAN_POINT('',(-0.00384687565720103,0.00872415377600566,0.0683469101198521));
#9594=CARTESIAN_POINT('',(-0.00379038628924991,0.00859605325141041,0.0682459086618673));
#9595=CARTESIAN_POINT('',(-0.00366945439636491,0.00832181018601213,0.0680297085472269));
#9596=CARTESIAN_POINT('',(-0.00348405528861036,0.00790119348002465,0.0676988622726532));
#9597=CARTESIAN_POINT('',(-0.00329096829151926,0.00746393535865659,0.0673516224156206));
#9598=CARTESIAN_POINT('',(-0.00309674318431809,0.00702108679469528,0.0670123645740066));
#9599=CARTESIAN_POINT('',(-0.00290506306860997,0.0065908759812231,0.0666554340259263));
#9600=CARTESIAN_POINT('',(-0.00271129433105234,0.00615009460034938,0.0663133540478343));
#9601=CARTESIAN_POINT('',(-0.00252171805592864,0.00572038404525568,0.0659737887559574));
#9602=CARTESIAN_POINT('',(-0.00239652712607881,0.00543636264197771,0.0657503543649345));
#9603=CARTESIAN_POINT('',(-0.00233577681157663,0.00529853462786021,0.0656419411956411));
#9604=CARTESIAN_POINT('',(-0.00385824021286251,0.00878039042561668,0.0682686132989454));
#9605=CARTESIAN_POINT('',(-0.00380157957734674,0.00865143474917644,0.068168807326469));
#9606=CARTESIAN_POINT('',(-0.00368028487851281,0.00837538307862968,0.0679551362383126));
#9607=CARTESIAN_POINT('',(-0.00349443175727725,0.00795258138214551,0.0676273623168758));
#9608=CARTESIAN_POINT('',(-0.00330042092092652,0.00751046213718206,0.0672868498733934));
#9609=CARTESIAN_POINT('',(-0.00310694982760785,0.00707239858904483,0.0669411193043935));
#9610=CARTESIAN_POINT('',(-0.0029123663637121,0.00662615882059352,0.0666061982026387));
#9611=CARTESIAN_POINT('',(-0.00271872955927809,0.00618648245435859,0.0662627155782943));
#9612=CARTESIAN_POINT('',(-0.00252845771614766,0.00575327552159329,0.0659279204311094));
#9613=CARTESIAN_POINT('',(-0.00240295371721986,0.00546772632629092,0.0657066330603017));
#9614=CARTESIAN_POINT('',(-0.00234205346178194,0.00532916750455816,0.0655992481827362));
#9615=CARTESIAN_POINT('',(-0.00386241152613875,0.00881382565193376,0.0682228877862104));
#9616=CARTESIAN_POINT('',(-0.00380569209959322,0.00868439264435325,0.0681237394166027));
#9617=CARTESIAN_POINT('',(-0.003684270429079,0.00840731136795426,0.0679114861455121));
#9618=CARTESIAN_POINT('',(-0.00349819305834928,0.00798272530828736,0.067586152590838));
#9619=CARTESIAN_POINT('',(-0.00330406599004726,0.00753961399426114,0.0672470156702658));
#9620=CARTESIAN_POINT('',(-0.00311004242082039,0.00709732057592399,0.0669070296751657));
#9621=CARTESIAN_POINT('',(-0.00291572257373405,0.00665216361086192,0.0665706616322997));
#9622=CARTESIAN_POINT('',(-0.00272174436933576,0.0062100645251074,0.0662305141281894));
#9623=CARTESIAN_POINT('',(-0.0025312874529175,0.00577538613147896,0.0658976917279544));
#9624=CARTESIAN_POINT('',(-0.0024056402759201,0.00548872089398412,0.06567794221618));
#9625=CARTESIAN_POINT('',(-0.00234467025804618,0.00534961854696277,0.0655713067838235));
#9626=CARTESIAN_POINT('',(-0.00386878941412539,0.00889203815740087,0.0681162029433311));
#9627=CARTESIAN_POINT('',(-0.00381197925763712,0.00876147191307097,0.0680186113498456));
#9628=CARTESIAN_POINT('',(-0.00369036253754529,0.00848195703130799,0.0678096995344336));
#9629=CARTESIAN_POINT('',(-0.00350396443823547,0.00805343832812702,0.0674897207965748));
#9630=CARTESIAN_POINT('',(-0.00330956589429555,0.00760703822568499,0.067155077409397));
#9631=CARTESIAN_POINT('',(-0.0031150527209557,0.00715845072007259,0.0668237153631036));
#9632=CARTESIAN_POINT('',(-0.00292087151431556,0.0067146901966882,0.0664853567826864));
#9633=CARTESIAN_POINT('',(-0.00272644213588314,0.0062670623837106,0.0661528241497955));
#9634=CARTESIAN_POINT('',(-0.00253568103931029,0.00582874156579845,0.0658249225435538));
#9635=CARTESIAN_POINT('',(-0.00240981811493634,0.00553940593614173,0.0656088358795795));
#9636=CARTESIAN_POINT('',(-0.00234874320190449,0.00539900416444183,0.06550398347854));
#9637=CARTESIAN_POINT('',(-0.00386976538869856,0.00893841433214722,0.0680531457131454));
#9638=CARTESIAN_POINT('',(-0.00381294139430099,0.00880716414725013,0.0679564909417369));
#9639=CARTESIAN_POINT('',(-0.00369129512812888,0.00852618883630193,0.0677495779852531));
#9640=CARTESIAN_POINT('',(-0.00350485380648479,0.00809553076548637,0.0674324859605732));
#9641=CARTESIAN_POINT('',(-0.00331037181368777,0.00764638691452914,0.0671015845367093));
#9642=CARTESIAN_POINT('',(-0.00311594188851923,0.00719701593875173,0.0667712859605642));
#9643=CARTESIAN_POINT('',(-0.00292145359389577,0.006748812637479,0.0664389716547567));
#9644=CARTESIAN_POINT('',(-0.00272705326894303,0.00629946263279522,0.0661087883226171));
#9645=CARTESIAN_POINT('',(-0.00253623317075628,0.00585874173697871,0.0657841657872191));
#9646=CARTESIAN_POINT('',(-0.0024103445375808,0.00556793228809268,0.065570086316366));
#9647=CARTESIAN_POINT('',(-0.00234925732842939,0.00542681683279012,0.065466205787399));
#9648=CARTESIAN_POINT('',(-0.00386587502311619,0.009090109809489,0.0678466415111585));
#9649=CARTESIAN_POINT('',(-0.00380911149996724,0.00895663870997223,0.0677530260693933));
#9650=CARTESIAN_POINT('',(-0.00368759380718786,0.0086709057465444,0.0675526184931808));
#9651=CARTESIAN_POINT('',(-0.00350132611478414,0.00823287025665329,0.0672454682005234));
#9652=CARTESIAN_POINT('',(-0.00330703292304943,0.00777618598770203,0.0669248692170942));
#9653=CARTESIAN_POINT('',(-0.00311284899195024,0.00731896978638645,0.066605206720787));
#9654=CARTESIAN_POINT('',(-0.00291835807411473,0.00686399060806166,0.0662821988713949));
#9655=CARTESIAN_POINT('',(-0.00272421453673194,0.00640675018992902,0.0659627277544323));
#9656=CARTESIAN_POINT('',(-0.00253359226932814,0.0059586076057512,0.065648284201577));
#9657=CARTESIAN_POINT('',(-0.0024078366332958,0.00566283227259502,0.0654409643770312));
#9658=CARTESIAN_POINT('',(-0.00234681399438418,0.00551930618877625,0.0653403645534422));
#9659=CARTESIAN_POINT('',(-0.00384977069730448,0.00920377303272601,0.0676914899551684));
#9660=CARTESIAN_POINT('',(-0.00379324373365489,0.00906862897612968,0.067600157322104));
#9661=CARTESIAN_POINT('',(-0.00367223171562176,0.00877931279129513,0.0674046348503716));
#9662=CARTESIAN_POINT('',(-0.00348671932824552,0.00833573680003574,0.0671049230319305));
#9663=CARTESIAN_POINT('',(-0.00329324224849467,0.00787327624002268,0.0667922446544115));
#9664=CARTESIAN_POINT('',(-0.00309983589200169,0.0074105942010639,0.0664799411053111));
#9665=CARTESIAN_POINT('',(-0.00290622896482101,0.00694881208304455,0.0661663829410158));
#9666=CARTESIAN_POINT('',(-0.00271287211930344,0.00648615349770412,0.065854223651339));
#9667=CARTESIAN_POINT('',(-0.00252304470626618,0.00603247807449457,0.065547406393779));
#9668=CARTESIAN_POINT('',(-0.00239781092439072,0.0057330298158813,0.0653450869489905));
#9669=CARTESIAN_POINT('',(-0.00233704147989368,0.00558772114373127,0.0652469131315536));
#9670=CARTESIAN_POINT('',(-0.00380288300983798,0.00941560652776686,0.0673958221573888));
#9671=CARTESIAN_POINT('',(-0.00374703786921347,0.00927734233199156,0.0673088129888035));
#9672=CARTESIAN_POINT('',(-0.00362748624029461,0.00898135215998357,0.0671225450642624));
#9673=CARTESIAN_POINT('',(-0.00344423267957199,0.00852769270771336,0.0668369924423129));
#9674=CARTESIAN_POINT('',(-0.0032531325206386,0.0080544531395317,0.0665393243007059));
#9675=CARTESIAN_POINT('',(-0.0030619767551628,0.0075814724761088,0.0662412876862417));
#9676=CARTESIAN_POINT('',(-0.0028710685114643,0.00710769363443399,0.0659446255485779));
#9677=CARTESIAN_POINT('',(-0.00267994926791649,0.00663490648454166,0.0656465831455631));
#9678=CARTESIAN_POINT('',(-0.00249247582355159,0.00617057904583408,0.065354604284264));
#9679=CARTESIAN_POINT('',(-0.00236874848966801,0.00586428985814105,0.0651618041940739));
#9680=CARTESIAN_POINT('',(-0.00230870941587307,0.00571566416459634,0.0650682459685261));
#9681=CARTESIAN_POINT('',(-0.003771117475187,0.00951716797276531,0.0672514558763134));
#9682=CARTESIAN_POINT('',(-0.00371573615739309,0.00937740155861148,0.0671665612259466));
#9683=CARTESIAN_POINT('',(-0.00359717823293542,0.00907819966418105,0.0669848214104645));
#9684=CARTESIAN_POINT('',(-0.00341546824500703,0.00861972840833598,0.0667062471869425));
#9685=CARTESIAN_POINT('',(-0.00322596834988022,0.00814135351122085,0.0664158400883991));
#9686=CARTESIAN_POINT('',(-0.0030363717629376,0.00766328624998112,0.0661250107316803));
#9687=CARTESIAN_POINT('',(-0.00284718167844367,0.00718435532609978,0.0658357362466004));
#9688=CARTESIAN_POINT('',(-0.00265760362372519,0.00670645510078467,0.065544865667936));
#9689=CARTESIAN_POINT('',(-0.00247170872667958,0.00623709811205947,0.0652600748637007));
#9690=CARTESIAN_POINT('',(-0.0023490079529216,0.00592749861207203,0.0650719547495885));
#9691=CARTESIAN_POINT('',(-0.00228946681428647,0.00577726670176969,0.0649806666311225));
#9692=CARTESIAN_POINT('',(-0.00369327158427361,0.00972044829544338,0.0669553756305875));
#9693=CARTESIAN_POINT('',(-0.00363903590421952,0.00957769844352385,0.0668748355407039));
#9694=CARTESIAN_POINT('',(-0.00352293074419794,0.0092721110431795,0.0667024182643556));
#9695=CARTESIAN_POINT('',(-0.00334498622424781,0.00880388772692784,0.0664381452988051));
#9696=CARTESIAN_POINT('',(-0.00315939594941652,0.00831531050141134,0.0661625922500452));
#9697=CARTESIAN_POINT('',(-0.00297375816256348,0.00782704788266239,0.0658868080910414));
#9698=CARTESIAN_POINT('',(-0.00278835385378658,0.00733803015445815,0.0656118663480722));
#9699=CARTESIAN_POINT('',(-0.0026027351550251,0.00684990483029091,0.0653360599981539));
#9700=CARTESIAN_POINT('',(-0.00242065167953809,0.00637039910924304,0.0650658210519235));
#9701=CARTESIAN_POINT('',(-0.00230049288262838,0.00605420597669471,0.0648873601552294));
#9702=CARTESIAN_POINT('',(-0.00224218560558986,0.00590077589735882,0.0648007599521117));
#9703=CARTESIAN_POINT('',(-0.00364711595571398,0.00982240749587111,0.0668035044118801));
#9704=CARTESIAN_POINT('',(-0.00359356180660936,0.0096781693059004,0.0667252043945086));
#9705=CARTESIAN_POINT('',(-0.00347891556187524,0.00936939418001697,0.066557582357179));
#9706=CARTESIAN_POINT('',(-0.00330320503699375,0.00889624374740607,0.0663006532872746));
#9707=CARTESIAN_POINT('',(-0.00311992510215368,0.00840257725022736,0.0660326956215308));
#9708=CARTESIAN_POINT('',(-0.00293668757488536,0.00790919277401363,0.0657647527055215));
#9709=CARTESIAN_POINT('',(-0.00275336412296781,0.00741522571039098,0.0654967792614702));
#9710=CARTESIAN_POINT('',(-0.00257017153994824,0.00692200485334749,0.065228890033334));
#9711=CARTESIAN_POINT('',(-0.00239031801519476,0.00643735571567448,0.0649660007018494));
#9712=CARTESIAN_POINT('',(-0.00227167745907973,0.0061178695657643,0.0647925250869463));
#9713=CARTESIAN_POINT('',(-0.00221410754323504,0.0059628429138731,0.0647083458318146));
#9714=CARTESIAN_POINT('',(-0.0035890540293351,0.00993234904416255,0.0666345329703128));
#9715=CARTESIAN_POINT('',(-0.00353636535845156,0.00978653946158901,0.066558731642851));
#9716=CARTESIAN_POINT('',(-0.00342356893677173,0.00947438870440293,0.0663964552326857));
#9717=CARTESIAN_POINT('',(-0.00325061496573148,0.00899575432317272,0.0661476272002967));
#9718=CARTESIAN_POINT('',(-0.00307026717038555,0.00849666111463353,0.0658881650634074));
#9719=CARTESIAN_POINT('',(-0.002890018068819,0.00799784974991565,0.065628852354084));
#9720=CARTESIAN_POINT('',(-0.00270949231829417,0.00749824694309532,0.0653691187667681));
#9721=CARTESIAN_POINT('',(-0.00252926691324643,0.00699949810730052,0.0651098373746574));
#9722=CARTESIAN_POINT('',(-0.00235234343308693,0.00650988727835345,0.0648553076943381));
#9723=CARTESIAN_POINT('',(-0.00223558650599842,0.00618677476763458,0.0646873317214482));
#9724=CARTESIAN_POINT('',(-0.00217892994832376,0.0060299836494099,0.0646058209477691));
#9725=CARTESIAN_POINT('',(-7.74387010911514E-7,1.33164530772256E-19,0.0658134199218398));
#9726=CARTESIAN_POINT('',(-1.26098455002256E-6,2.16840434497101E-19,0.0685420332613903));
#9727=CARTESIAN_POINT('',(-0.00623773098592253,0.00696581357014115,0.0685354105991803));
#9728=CARTESIAN_POINT('',(-0.00696721960301328,0.00623660263512714,0.0685354573951397));
#9729=CARTESIAN_POINT('',(4.41851103397685E-9,3.95586246378925E-9,0.0614710166877105));
#9730=CARTESIAN_POINT('',(-0.00383214120776317,0.0042794386441286,0.0658108960641529));
#9731=CARTESIAN_POINT('',(-7.74387010911514E-7,1.33164530772256E-19,0.0658134199218398));
#9732=CARTESIAN_POINT('',(-0.0042802271023891,0.00383137270306871,0.0658108196921916));
#9733=CARTESIAN_POINT('',(-0.0069672390845374,0.00623660088796226,0.0685354397240617));
#9734=CARTESIAN_POINT('',(-1.27634307477962E-6,2.20228566286118E-19,0.0686281567457065));
#9735=CARTESIAN_POINT('',(-0.00623702514273926,0.0069650473679792,0.0685346234296618));
#9736=CARTESIAN_POINT('',(-0.00629236039931269,0.00702685976949574,0.0684009556027608));
#9737=CARTESIAN_POINT('',(-0.00469844485976489,0.00808288938723631,0.0685348983464307));
#9738=CARTESIAN_POINT('',(-0.00524497134357243,0.00775929350447817,0.0685431506036435));
#9739=CARTESIAN_POINT('',(-0.00576039375966087,0.00738481868039229,0.0685430566424067));
#9740=CARTESIAN_POINT('',(-0.00623703443608063,0.00696503846927048,0.0685346241222958));
#9741=CARTESIAN_POINT('',(-0.00474012381171888,0.00815462734182578,0.0684012324251896));
#9742=CARTESIAN_POINT('',(-0.00474011333068587,0.00815463343265885,0.0684012324270429));
#9743=CARTESIAN_POINT('',(-0.00591350249572373,0.00872059300027298,0.0666220891283566));
#9744=CARTESIAN_POINT('',(-0.00568119377229912,0.00866583613663391,0.0669051681143674));
#9745=CARTESIAN_POINT('',(-0.00523525653891805,0.00852756168876952,0.0674805385263006));
#9746=CARTESIAN_POINT('',(-0.00486131818248412,0.008310498323442,0.068086002810552));
#9747=CARTESIAN_POINT('',(-0.00474011280019218,0.00815463386991042,0.068401232247502));
#9748=CARTESIAN_POINT('',(-0.00591350247751307,0.00872059297340036,0.0666220891806563));
#9749=CARTESIAN_POINT('',(-0.00591340952144673,0.00872045509591216,0.0666223570843203));
#9750=CARTESIAN_POINT('',(-0.00610255992260119,0.00859239303506849,0.0666220801415032));
#9751=CARTESIAN_POINT('',(-0.00628724592711124,0.00845818737433108,0.0666220777845005));
#9752=CARTESIAN_POINT('',(-0.00646746614479692,0.00831783620050278,0.0666223538350649));
#9753=CARTESIAN_POINT('',(-0.00646760510451111,0.00831801391901458,0.0666219903667383));
#9754=CARTESIAN_POINT('',(-0.00629235884648617,0.00702686117319035,0.0684009555868883));
#9755=CARTESIAN_POINT('',(-0.00640292267251545,0.00719013698515378,0.0680861415200539));
#9756=CARTESIAN_POINT('',(-0.0064935339534081,0.00761360998930697,0.0674800615325828));
#9757=CARTESIAN_POINT('',(-0.00648738378322274,0.00808011952810995,0.0669050056165846));
#9758=CARTESIAN_POINT('',(-0.00646760440057726,0.00831801301313404,0.0666219922151031));
#9759=CARTESIAN_POINT('',(-7.83818880698027E-7,1.35525271560688E-19,0.0658663094735696));
#9760=CARTESIAN_POINT('',(-0.00386422297743842,0.00431528389036482,0.0657267819669699));
#9761=CARTESIAN_POINT('',(-0.00400075986684497,0.00451690693112082,0.0653380238892637));
#9762=CARTESIAN_POINT('',(-0.0039961665887963,0.00481578395812993,0.0649821609853813));
#9763=CARTESIAN_POINT('',(-0.00397183500190345,0.00510820030207381,0.0646343022317736));
#9764=CARTESIAN_POINT('',(-0.00386422096672293,0.00431528569084184,0.0657267819669818));
#9765=CARTESIAN_POINT('',(-0.0039718371424424,0.00510820305670694,0.0646342966112092));
#9766=CARTESIAN_POINT('',(-0.00363178533688181,0.00535573941453913,0.0646337392477254));
#9767=CARTESIAN_POINT('',(-0.00374761897559072,0.0052766395845456,0.0646344706099042));
#9768=CARTESIAN_POINT('',(-0.00386097360321949,0.00519413272105675,0.0646346458442284));
#9769=CARTESIAN_POINT('',(-0.00397184861901972,0.0051082180016379,0.0646342662526666));
#9770=CARTESIAN_POINT('',(-0.00363156633723968,0.00535542442644067,0.064634357292191));
#9771=CARTESIAN_POINT('',(-0.00363156363078886,0.00535542043271142,0.0646343650648507));
#9772=CARTESIAN_POINT('',(-0.00334632418771153,0.00528820425969033,0.064981920580724));
#9773=CARTESIAN_POINT('',(-0.00305954702753735,0.00519894915107253,0.065340503883817));
#9774=CARTESIAN_POINT('',(-0.0029109638336471,0.00500786719867749,0.0657269523799352));
#9775=CARTESIAN_POINT('',(-0.00291096329186944,0.00500786762502219,0.0657269522247216));
#9776=CARTESIAN_POINT('',(-0.00291097380637936,0.00500786151473583,0.065726952222863));
#9777=CARTESIAN_POINT('',(-0.00290242480504424,0.00499314215074143,0.0657543758593772));
#9778=CARTESIAN_POINT('',(-0.00289387580370913,0.00497842278674704,0.0657817994958913));
#9779=CARTESIAN_POINT('',(-0.00288532680237401,0.00496370342275264,0.0658092231324055));
#9780=CARTESIAN_POINT('',(-0.00383406636777691,0.00428159480854046,0.0658127363253707));
#9781=CARTESIAN_POINT('',(-0.00354472069334928,0.00453989689490499,0.0658127879248007));
#9782=CARTESIAN_POINT('',(-0.00322321175501742,0.00477352477094752,0.0658128452599518));
#9783=CARTESIAN_POINT('',(-0.00288828442482867,0.00496879295479285,0.0658129049880241));
#9784=CARTESIAN_POINT('',(-0.00383015827356263,0.00427724022911172,0.0658090585589183));
#9785=CARTESIAN_POINT('',(-0.00384150960051285,0.00428992464971262,0.0657816330287969));
#9786=CARTESIAN_POINT('',(-0.00385286092746307,0.00430260907031353,0.0657542074986756));
#9787=CARTESIAN_POINT('',(-0.00386421225441329,0.00431529349091444,0.0657267819685543));
#9788=CARTESIAN_POINT('',(-0.00505689864123788,0.00564718732103493,0.0671183296909012));
#9789=CARTESIAN_POINT('',(-0.0050885021377337,0.00568247573543867,0.0670751146841013));
#9790=CARTESIAN_POINT('',(-0.00380926103085314,0.00655319983683497,0.0671192290792831));
#9791=CARTESIAN_POINT('',(-0.00383324776993167,0.00659451344351292,0.0670753638193145));
#9792=CARTESIAN_POINT('',(-0.00592730568868095,0.00874094446724529,0.0666341133619643));
#9793=CARTESIAN_POINT('',(-0.00584029594674197,0.00861263130656852,0.066558321953817));
#9794=CARTESIAN_POINT('',(-0.00565401561985684,0.00833792399123617,0.0663960590948699));
#9795=CARTESIAN_POINT('',(-0.00536845323062369,0.0079168070657558,0.0661473144278292));
#9796=CARTESIAN_POINT('',(-0.00507057737354929,0.00747753201317952,0.0658878438770554));
#9797=CARTESIAN_POINT('',(-0.00477281835265567,0.00703842596471619,0.0656284759399678));
#9798=CARTESIAN_POINT('',(-0.00447483380398786,0.00659899613860151,0.065368909531281));
#9799=CARTESIAN_POINT('',(-0.00417710006695473,0.00615992874326726,0.0651095628903005));
#9800=CARTESIAN_POINT('',(-0.00388510599794998,0.00572932429272064,0.0648552174711709));
#9801=CARTESIAN_POINT('',(-0.00369248444626965,0.00544526668933399,0.064687430625711));
#9802=CARTESIAN_POINT('',(-0.00359912021766424,0.00530758316638957,0.0646061038347434));
#9803=CARTESIAN_POINT('',(-0.00580527822578443,0.00872363908001176,0.0668021329640382));
#9804=CARTESIAN_POINT('',(-0.00572005579053752,0.00859555560178513,0.066723839984422));
#9805=CARTESIAN_POINT('',(-0.0055376023740681,0.00832134322124841,0.0665562262330239));
#9806=CARTESIAN_POINT('',(-0.00525791826331633,0.00790107019557529,0.0662994052073355));
#9807=CARTESIAN_POINT('',(-0.00496616979224011,0.00746264654652506,0.0660314678652886));
#9808=CARTESIAN_POINT('',(-0.00467440194497007,0.00702426888827208,0.0657636407484764));
#9809=CARTESIAN_POINT('',(-0.00438270253359345,0.00658587424411348,0.0654956688377874));
#9810=CARTESIAN_POINT('',(-0.00409114128993718,0.00614765678893288,0.0652277802276128));
#9811=CARTESIAN_POINT('',(-0.00380480939585763,0.00571762190511726,0.0649652318495631));
#9812=CARTESIAN_POINT('',(-0.0036161970308711,0.00543415079235826,0.0647919551929443));
#9813=CARTESIAN_POINT('',(-0.00352477990193791,0.00529675449332015,0.0647079663754544));
#9814=CARTESIAN_POINT('',(-0.00570200680587732,0.00870324658690976,0.0669443398690873));
#9815=CARTESIAN_POINT('',(-0.00561828790759434,0.00857545246938067,0.0668639596666371));
#9816=CARTESIAN_POINT('',(-0.0054390534167707,0.0083018589002348,0.0666918766890147));
#9817=CARTESIAN_POINT('',(-0.00516430337828715,0.00788251629171925,0.0664281868507012));
#9818=CARTESIAN_POINT('',(-0.0048777516785358,0.00744513352966753,0.0661531204742146));
#9819=CARTESIAN_POINT('',(-0.00459115811332332,0.00700774056108402,0.0658781060069173));
#9820=CARTESIAN_POINT('',(-0.00430471862785683,0.00657047031512421,0.0656030486185018));
#9821=CARTESIAN_POINT('',(-0.00401825226733126,0.00613319192576645,0.0653280102556923));
#9822=CARTESIAN_POINT('',(-0.00373718290577135,0.00570431297476713,0.0650584559315031));
#9823=CARTESIAN_POINT('',(-0.003551885879771,0.00542146926522525,0.0648805602494237));
#9824=CARTESIAN_POINT('',(-0.00346207351847047,0.00528437517872347,0.0647943326136297));
#9825=CARTESIAN_POINT('',(-0.00549341103662461,0.00864762670425199,0.0672381070833406));
#9826=CARTESIAN_POINT('',(-0.00541273618477079,0.00852064099529905,0.0671534324600072));
#9827=CARTESIAN_POINT('',(-0.00524002196054205,0.0082487792865789,0.0669721514773811));
#9828=CARTESIAN_POINT('',(-0.00497535306985339,0.00783212154350692,0.0666942544657036));
#9829=CARTESIAN_POINT('',(-0.00469927839977214,0.00739753331786249,0.0664044315197797));
#9830=CARTESIAN_POINT('',(-0.00442322648453071,0.00696294037379189,0.0661145465151495));
#9831=CARTESIAN_POINT('',(-0.00414721543811182,0.0065284910124688,0.0658248778080496));
#9832=CARTESIAN_POINT('',(-0.00387113677064091,0.00609394915379182,0.065535142447402));
#9833=CARTESIAN_POINT('',(-0.0036006664595147,0.00566798546208879,0.0652508309680518));
#9834=CARTESIAN_POINT('',(-0.00342210467323544,0.00538692446129647,0.0650634221579619));
#9835=CARTESIAN_POINT('',(-0.00333555330903635,0.00525069249338309,0.0649725865861826));
#9836=CARTESIAN_POINT('',(-0.00538427020197403,0.0086106439544621,0.0673945795127438));
#9837=CARTESIAN_POINT('',(-0.00530521002824394,0.00848421229708316,0.0673076081023284));
#9838=CARTESIAN_POINT('',(-0.00513595142432003,0.00821353594240574,0.0671214104014073));
#9839=CARTESIAN_POINT('',(-0.00487654625424426,0.00779867345244665,0.066835989600162));
#9840=CARTESIAN_POINT('',(-0.00460595202079153,0.00736593323612205,0.066538295598819));
#9841=CARTESIAN_POINT('',(-0.00433537478962105,0.00693323630926624,0.0662406509025657));
#9842=CARTESIAN_POINT('',(-0.00406485854226184,0.00650056229292909,0.0659429191137502));
#9843=CARTESIAN_POINT('',(-0.00379399630743225,0.00606780532461425,0.0656458410513648));
#9844=CARTESIAN_POINT('',(-0.00353009315754473,0.00564417926505798,0.0653519927489953));
#9845=CARTESIAN_POINT('',(-0.00335492043238778,0.00536425931831816,0.0651597631879572));
#9846=CARTESIAN_POINT('',(-0.00326999855415488,0.00522857480915661,0.0650666115673599));
#9847=CARTESIAN_POINT('',(-0.00520327541365836,0.00853156449842818,0.0676636315316434));
#9848=CARTESIAN_POINT('',(-0.00512688455203917,0.00840630730651905,0.0675727099855887));
#9849=CARTESIAN_POINT('',(-0.00496333874263298,0.00813814394450171,0.0673780569798471));
#9850=CARTESIAN_POINT('',(-0.00471263871374242,0.00772709562331432,0.067079716800899));
#9851=CARTESIAN_POINT('',(-0.00445113958112912,0.00729832706859219,0.0667684920881455));
#9852=CARTESIAN_POINT('',(-0.00418971078419714,0.00686966676412086,0.0664573393877521));
#9853=CARTESIAN_POINT('',(-0.00392814954815664,0.00644083514563837,0.0661461188550505));
#9854=CARTESIAN_POINT('',(-0.00366702046965021,0.00601236696861382,0.0658346582200511));
#9855=CARTESIAN_POINT('',(-0.0034096607332801,0.00559157517577994,0.0655310041615123));
#9856=CARTESIAN_POINT('',(-0.00324070820587506,0.00531438742020212,0.0653295620670833));
#9857=CARTESIAN_POINT('',(-0.00315882792272152,0.00518003928506107,0.0652319066960078));
#9858=CARTESIAN_POINT('',(-0.00512455869421779,0.00849079406458114,0.0677841350929272));
#9859=CARTESIAN_POINT('',(-0.00504932185529949,0.00836613442336871,0.0676914476205003));
#9860=CARTESIAN_POINT('',(-0.00488824714176165,0.00809925054786464,0.067493013396714));
#9861=CARTESIAN_POINT('',(-0.00464134674512471,0.00769016848544557,0.0671888628301918));
#9862=CARTESIAN_POINT('',(-0.00438381009973471,0.00726345366761986,0.0668715760195809));
#9863=CARTESIAN_POINT('',(-0.00412631229886234,0.00683682861501462,0.0665544274352925));
#9864=CARTESIAN_POINT('',(-0.00386881245225684,0.00641011518480452,0.0662369690342653));
#9865=CARTESIAN_POINT('',(-0.00361110739809106,0.00598337417845427,0.065920352315679));
#9866=CARTESIAN_POINT('',(-0.00335962245085247,0.00556578369489323,0.0656074063069553));
#9867=CARTESIAN_POINT('',(-0.00319295567520955,0.00528975794141742,0.0654025125204484));
#9868=CARTESIAN_POINT('',(-0.00311216105023619,0.00515595973663667,0.0653032215900188));
#9869=CARTESIAN_POINT('',(-0.00499574481787003,0.00841055271698761,0.067990612768116));
#9870=CARTESIAN_POINT('',(-0.00492239576881755,0.00828706657043024,0.0678948900423296));
#9871=CARTESIAN_POINT('',(-0.00476536310715538,0.00802269550674579,0.0676899573534789));
#9872=CARTESIAN_POINT('',(-0.00452467121150459,0.00761747777504867,0.0673758381730461));
#9873=CARTESIAN_POINT('',(-0.00427360327677635,0.00719479536467843,0.0670481886916852));
#9874=CARTESIAN_POINT('',(-0.0040225965786204,0.00677221328874562,0.0667206106216168));
#9875=CARTESIAN_POINT('',(-0.00377151575298787,0.00634950965275291,0.0663929525617383));
#9876=CARTESIAN_POINT('',(-0.00352056117401753,0.00592702222587029,0.0660654202103598));
#9877=CARTESIAN_POINT('',(-0.00327435966067847,0.00551250980542241,0.0657442161561235));
#9878=CARTESIAN_POINT('',(-0.00311202297513693,0.00523920901735614,0.0655323422336303));
#9879=CARTESIAN_POINT('',(-0.003033338981887,0.00510674133189104,0.0654296465593095));
#9880=CARTESIAN_POINT('',(-0.00494568263934471,0.00837500740519936,0.068074093534946));
#9881=CARTESIAN_POINT('',(-0.0048730651541989,0.00825203821331715,0.0679771456731577));
#9882=CARTESIAN_POINT('',(-0.00471759895761671,0.00798877416803416,0.0677695899040005));
#9883=CARTESIAN_POINT('',(-0.00447931505500323,0.00758526045933976,0.0674514450938343));
#9884=CARTESIAN_POINT('',(-0.00423073554216669,0.00716434392578314,0.0671196505994807));
#9885=CARTESIAN_POINT('',(-0.00398233153929695,0.00674360098568595,0.0667877177344919));
#9886=CARTESIAN_POINT('',(-0.00373342013283097,0.00632245521305847,0.0664564821083713));
#9887=CARTESIAN_POINT('',(-0.00348637428019162,0.00590272794457783,0.0661224731572583));
#9888=CARTESIAN_POINT('',(-0.00323746281180214,0.00548630309777698,0.0658055504413681));
#9889=CARTESIAN_POINT('',(-0.00307747861677576,0.00521466925668699,0.0655897727015783));
#9890=CARTESIAN_POINT('',(-0.00299999283593622,0.00508305053820403,0.0654850906569305));
#9891=CARTESIAN_POINT('',(-0.00486629763685078,0.00830834489364459,0.0682149364521498));
#9892=CARTESIAN_POINT('',(-0.00479484529331802,0.00818635233397425,0.0681159128989561));
#9893=CARTESIAN_POINT('',(-0.00464187340815898,0.00792517927733549,0.0679039137554021));
#9894=CARTESIAN_POINT('',(-0.00440740906861313,0.00752487374805042,0.0675789707035858));
#9895=CARTESIAN_POINT('',(-0.00416284527129557,0.00710731691285447,0.0672400612518735));
#9896=CARTESIAN_POINT('',(-0.00391834081899829,0.00668989271408748,0.0669011274685191));
#9897=CARTESIAN_POINT('',(-0.00367374776818507,0.00627220305951317,0.0665624807601088));
#9898=CARTESIAN_POINT('',(-0.0034294430351853,0.00585543994126431,0.0662227592386027));
#9899=CARTESIAN_POINT('',(-0.00318901883117625,0.00544368665109094,0.0658937140933275));
#9900=CARTESIAN_POINT('',(-0.00303095266716159,0.00517400629707455,0.0656740960133679));
#9901=CARTESIAN_POINT('',(-0.00295434503829717,0.00504331864679258,0.0655676107269475));
#9902=CARTESIAN_POINT('',(-0.0048388374615407,0.00828284432099818,0.068265729324944));
#9903=CARTESIAN_POINT('',(-0.00476778897872512,0.00816122601866882,0.0681659567222683));
#9904=CARTESIAN_POINT('',(-0.00461568133319568,0.00790085390031062,0.0679523547678053));
#9905=CARTESIAN_POINT('',(-0.00438253144949953,0.00750176783223673,0.0676249769594595));
#9906=CARTESIAN_POINT('',(-0.0041393707216043,0.00708550811951498,0.0672834753454231));
#9907=CARTESIAN_POINT('',(-0.00389615465166831,0.00666929177063135,0.0669421363927819));
#9908=CARTESIAN_POINT('',(-0.00365326342673094,0.00625312724747053,0.0666004173371081));
#9909=CARTESIAN_POINT('',(-0.00340918655183504,0.00583677259169917,0.0662599809155859));
#9910=CARTESIAN_POINT('',(-0.00317429381028251,0.00542941972067237,0.0659217318397176));
#9911=CARTESIAN_POINT('',(-0.00301652272437835,0.0051601166130196,0.0657014158972094));
#9912=CARTESIAN_POINT('',(-0.00294001117362529,0.00502957646227369,0.0655946675753829));
#9913=CARTESIAN_POINT('',(-0.00480448916359608,0.00824626318875431,0.0683341659199724));
#9914=CARTESIAN_POINT('',(-0.0047339402666685,0.00812517731595809,0.0682333953458814));
#9915=CARTESIAN_POINT('',(-0.00458290319082447,0.00786594616658194,0.0680176549973724));
#9916=CARTESIAN_POINT('',(-0.00435142102806333,0.0074686379695253,0.0676869506194057));
#9917=CARTESIAN_POINT('',(-0.00410992446975495,0.00705415245982598,0.0673421234700922));
#9918=CARTESIAN_POINT('',(-0.00386864550419992,0.00663999899875206,0.0669969266423259));
#9919=CARTESIAN_POINT('',(-0.00362670959415739,0.00622486048914942,0.0666532721379605));
#9920=CARTESIAN_POINT('',(-0.00338713557413455,0.00581326764039089,0.0663038919877426));
#9921=CARTESIAN_POINT('',(-0.00314375311214586,0.00539699778847026,0.0659823924630867));
#9922=CARTESIAN_POINT('',(-0.00298855388729093,0.00513041310483684,0.0657569749437248));
#9923=CARTESIAN_POINT('',(-0.00291340331956782,0.00500131097350209,0.0656475277965037));
#9924=CARTESIAN_POINT('',(-0.00478516528151006,0.00822242561967934,0.068376246652794));
#9925=CARTESIAN_POINT('',(-0.00471490114628,0.00810169038857881,0.0682748560073733));
#9926=CARTESIAN_POINT('',(-0.00456447375349685,0.00784320996278992,0.0680577881747927));
#9927=CARTESIAN_POINT('',(-0.00433392709218401,0.00744705340255689,0.0677250497316349));
#9928=CARTESIAN_POINT('',(-0.00409340068802769,0.00703376848021386,0.0673780998580972));
#9929=CARTESIAN_POINT('',(-0.00385311133896928,0.00662081497636707,0.0670307808420858));
#9930=CARTESIAN_POINT('',(-0.00361209222855978,0.00620688381026794,0.0666850059344051));
#9931=CARTESIAN_POINT('',(-0.00337368719699644,0.0057964323300582,0.0663335112255668));
#9932=CARTESIAN_POINT('',(-0.00313054469340795,0.0053815482917132,0.0660098870405038));
#9933=CARTESIAN_POINT('',(-0.00297607705342284,0.00511571072884112,0.0657831089649172));
#9934=CARTESIAN_POINT('',(-0.00290128911181142,0.00498696839054614,0.0656730029264748));
#9935=CARTESIAN_POINT('',(-0.0047606254298804,0.00818992265713622,0.0684312226449594));
#9936=CARTESIAN_POINT('',(-0.00469072363503099,0.00806966758039473,0.0683290238191347));
#9937=CARTESIAN_POINT('',(-0.00454107137659766,0.00781221433368995,0.0681102270741443));
#9938=CARTESIAN_POINT('',(-0.0043116968914843,0.0074176114149769,0.0677748736603858));
#9939=CARTESIAN_POINT('',(-0.00407243982281478,0.00700600660665756,0.0674250712409191));
#9940=CARTESIAN_POINT('',(-0.0038332367970205,0.00659449471235512,0.0670753479275082));
#9941=CARTESIAN_POINT('',(-0.00359397756327372,0.00618288524447141,0.0667255415299761));
#9942=CARTESIAN_POINT('',(-0.00335477573266646,0.00577137671807459,0.0663758204647428));
#9943=CARTESIAN_POINT('',(-0.00312026676599894,0.00536794010274365,0.0660329604313639));
#9944=CARTESIAN_POINT('',(-0.00296554446200216,0.00510176460976653,0.0658067510763648));
#9945=CARTESIAN_POINT('',(-0.00289054979714964,0.00497274803993407,0.0656971062831906));
#9946=CARTESIAN_POINT('',(-0.00477280631268592,0.00703840927477477,0.0656284647956732));
#9947=CARTESIAN_POINT('',(-0.000110699703587571,0.000162600925644003,0.0858470016550336));
#9948=CARTESIAN_POINT('',(-0.00652287913753211,0.00838910174037106,0.0666660140559086));
#9949=CARTESIAN_POINT('',(-0.0064143191029873,0.00824948290448326,0.0665795548080466));
#9950=CARTESIAN_POINT('',(-0.00619719409963048,0.00797023888675679,0.0664066323825794));
#9951=CARTESIAN_POINT('',(-0.00587140028727691,0.00755123323348733,0.066147159831883));
#9952=CARTESIAN_POINT('',(-0.00554564879564221,0.00713228361974609,0.0658877236250439));
#9953=CARTESIAN_POINT('',(-0.00522007826320304,0.00671357156558768,0.0656284368311001));
#9954=CARTESIAN_POINT('',(-0.00489400004923963,0.00629419227129516,0.0653687292003643));
#9955=CARTESIAN_POINT('',(-0.00456847137630203,0.00587553236477541,0.0651094737203943));
#9956=CARTESIAN_POINT('',(-0.00424266260653316,0.0054565124465325,0.0648499964930316));
#9957=CARTESIAN_POINT('',(-0.00402553054682192,0.00517725829583545,0.0646770667862171));
#9958=CARTESIAN_POINT('',(-0.00391695261983548,0.00503761591955363,0.0645905924576207));
#9959=CARTESIAN_POINT('',(-0.00631961141326671,0.00705729184975383,0.0684309679019296));
#9960=CARTESIAN_POINT('',(-0.00622680458416196,0.00695365148760237,0.0683287571596458));
#9961=CARTESIAN_POINT('',(-0.00602812851796395,0.00673178360774199,0.068109949710647));
#9962=CARTESIAN_POINT('',(-0.00572364448093634,0.00639175804783766,0.0677746137821687));
#9963=CARTESIAN_POINT('',(-0.00540603696531057,0.0060370763722493,0.0674248243065451));
#9964=CARTESIAN_POINT('',(-0.00508847613136175,0.00568244624371424,0.0670750857278704));
#9965=CARTESIAN_POINT('',(-0.00477090932772162,0.00532781214687145,0.0667253424632167));
#9966=CARTESIAN_POINT('',(-0.00445335714593191,0.00497319075593912,0.0663756126617177));
#9967=CARTESIAN_POINT('',(-0.00414185416057092,0.00462532709409024,0.0660325474681379));
#9968=CARTESIAN_POINT('',(-0.00393624683880726,0.00439571917137258,0.0658061065840235));
#9969=CARTESIAN_POINT('',(-0.00383647492258266,0.00428430084075972,0.0656962250712004));
#9970=CARTESIAN_POINT('',(-0.0063403185661822,0.00708695047973356,0.0683821065868019));
#9971=CARTESIAN_POINT('',(-0.00624721204232697,0.00698288089085938,0.0682806019311489));
#9972=CARTESIAN_POINT('',(-0.00604789154535992,0.00676008992740442,0.0680633143657484));
#9973=CARTESIAN_POINT('',(-0.00574234380408473,0.00641853749934605,0.0677305293406264));
#9974=CARTESIAN_POINT('',(-0.00542397264538004,0.00606276242201337,0.0673825344578337));
#9975=CARTESIAN_POINT('',(-0.00510432520527601,0.00570514148795734,0.0670377460939425));
#9976=CARTESIAN_POINT('',(-0.00478635350155624,0.00534992791231947,0.0666889445727765));
#9977=CARTESIAN_POINT('',(-0.00446762334592998,0.00499361417005356,0.0663420523360244));
#9978=CARTESIAN_POINT('',(-0.00415512905923372,0.00464434610171791,0.0660011595411092));
#9979=CARTESIAN_POINT('',(-0.00394885391514781,0.00441378037904945,0.0657763060809272));
#9980=CARTESIAN_POINT('',(-0.0038487577520324,0.00430189685420398,0.0656671969517663));
#9981=CARTESIAN_POINT('',(-0.00635456791651271,0.00710879227632292,0.0683464629194868));
#9982=CARTESIAN_POINT('',(-0.00626125721491761,0.00700441204615442,0.0682454680279033));
#9983=CARTESIAN_POINT('',(-0.00606149649649367,0.00678094948699213,0.0680292819709207));
#9984=CARTESIAN_POINT('',(-0.00575519087077875,0.00643819246993471,0.0676984572577801));
#9985=CARTESIAN_POINT('',(-0.00543643100463466,0.0060819833113489,0.067351239812171));
#9986=CARTESIAN_POINT('',(-0.00511486125938075,0.00572080946113416,0.0670120046801093));
#9987=CARTESIAN_POINT('',(-0.00479961707023364,0.00537086740636635,0.0666550961673878));
#9988=CARTESIAN_POINT('',(-0.0044791201283661,0.00501151838260336,0.0663130387889187));
#9989=CARTESIAN_POINT('',(-0.00416603155042418,0.00466140293629743,0.0659734955231683));
#9990=CARTESIAN_POINT('',(-0.00395919851145962,0.0044299563412945,0.0657500756915));
#9991=CARTESIAN_POINT('',(-0.00385882938465712,0.00431764101526367,0.0656416695874864));
#9992=CARTESIAN_POINT('',(-0.00638275364801993,0.00715876035287535,0.0682681630988356));
#9993=CARTESIAN_POINT('',(-0.0062890158152769,0.00705361981543963,0.0681683637383891));
#9994=CARTESIAN_POINT('',(-0.00608835118024617,0.00682854942313573,0.0679547068043875));
#9995=CARTESIAN_POINT('',(-0.00578093858968163,0.00648385482381702,0.0676269545608256));
#9996=CARTESIAN_POINT('',(-0.00545979798912732,0.0061233083147166,0.0672864647885769));
#9997=CARTESIAN_POINT('',(-0.00514042394838039,0.00576645192518648,0.0669407566720305));
#9998=CARTESIAN_POINT('',(-0.004817465483706,0.00540216382513699,0.0666058584635742));
#9999=CARTESIAN_POINT('',(-0.00449743547375006,0.00504382488587392,0.0662623983791118));
#10000=CARTESIAN_POINT('',(-0.00418260497285422,0.00469059939200187,0.0659276254446514));
#10001=CARTESIAN_POINT('',(-0.00397500209255015,0.00445779664241934,0.0657063527146551));
#10002=CARTESIAN_POINT('',(-0.00387426454044938,0.00434483266800696,0.0655989749413321));
#10003=CARTESIAN_POINT('',(-0.00639705245657811,0.00718926761625116,0.0682224357800498));
#10004=CARTESIAN_POINT('',(-0.00630311121255075,0.00708369131358989,0.0681232940482624));
#10005=CARTESIAN_POINT('',(-0.00610200766695003,0.00685768102246968,0.0679110549869551));
#10006=CARTESIAN_POINT('',(-0.00579383042520354,0.00651135882430454,0.0675857432065265));
#10007=CARTESIAN_POINT('',(-0.00547227272730505,0.00614990479490659,0.0672466290108416));
#10008=CARTESIAN_POINT('',(-0.00515106619912924,0.00578919660077043,0.0669066656964614));
#10009=CARTESIAN_POINT('',(-0.00482869304095404,0.0054258567661301,0.0665703204895264));
#10010=CARTESIAN_POINT('',(-0.00450758970795409,0.00506531936585989,0.0662301956558231));
#10011=CARTESIAN_POINT('',(-0.00419212850271399,0.00471075172904874,0.0658973955477826));
#10012=CARTESIAN_POINT('',(-0.00398404458939787,0.00447693188947012,0.0656776607370699));
#10013=CARTESIAN_POINT('',(-0.00388307273727055,0.0043634725908682,0.0655710324382979));
#10014=CARTESIAN_POINT('',(-0.00642728625033306,0.00726167537435767,0.0681157466829125));
#10015=CARTESIAN_POINT('',(-0.00633290854118143,0.0071550494223851,0.0680181617889027));
#10016=CARTESIAN_POINT('',(-0.00613086749617028,0.00692678509279773,0.0678092643156762));
#10017=CARTESIAN_POINT('',(-0.00582117001649559,0.00657682213406278,0.0674893075659731));
#10018=CARTESIAN_POINT('',(-0.00549833787764729,0.00621232441922275,0.0671546870825429));
#10019=CARTESIAN_POINT('',(-0.00517472080365868,0.00584578196360213,0.0668233480595337));
#10020=CARTESIAN_POINT('',(-0.00485291100721293,0.00548372727197224,0.0664850122393064));
#10021=CARTESIAN_POINT('',(-0.00452967017802894,0.00511807157972753,0.0661525025775467));
#10022=CARTESIAN_POINT('',(-0.00421279415223321,0.00476013405957426,0.0658246234615616));
#10023=CARTESIAN_POINT('',(-0.0040036798863918,0.00452384139758399,0.0656085516439187));
#10024=CARTESIAN_POINT('',(-0.00390220674430123,0.00440917878531832,0.0655037064471534));
#10025=CARTESIAN_POINT('',(-0.00644254493284128,0.00730547666990386,0.068052686905671));
#10026=CARTESIAN_POINT('',(-0.00634794272197751,0.00719820457957305,0.0679560388713062));
#10027=CARTESIAN_POINT('',(-0.00614542229699036,0.00696856053968527,0.0677491403372274));
#10028=CARTESIAN_POINT('',(-0.00583502263468286,0.0066165764369357,0.0674320704182165));
#10029=CARTESIAN_POINT('',(-0.00551126329900955,0.00624949525551583,0.0671011920485671));
#10030=CARTESIAN_POINT('',(-0.00518748330242728,0.0058821820089953,0.0667709165396061));
#10031=CARTESIAN_POINT('',(-0.00486400860686096,0.0055159972129929,0.0664386252361289));
#10032=CARTESIAN_POINT('',(-0.00454026324318693,0.00514869477054885,0.066108464970276));
#10033=CARTESIAN_POINT('',(-0.00422258946729352,0.00478849305386733,0.0657838650568766));
#10034=CARTESIAN_POINT('',(-0.00401299533326671,0.00455080676156291,0.0655698005133459));
#10035=CARTESIAN_POINT('',(-0.00391128996499581,0.0044354692491236,0.0654659272278735));
#10036=CARTESIAN_POINT('',(-0.00648571965261836,0.0074509384512637,0.0678461743104997));
#10037=CARTESIAN_POINT('',(-0.00639048867950788,0.0073415356264582,0.0677525657286902));
#10038=CARTESIAN_POINT('',(-0.00618662039641775,0.00710732741730953,0.0675521728381769));
#10039=CARTESIAN_POINT('',(-0.00587410620427131,0.00674827386555301,0.0672450450592392));
#10040=CARTESIAN_POINT('',(-0.00554819640173246,0.0063739635454696,0.0669244695471894));
#10041=CARTESIAN_POINT('',(-0.00522222614426916,0.00599911361585964,0.0666048305525272));
#10042=CARTESIAN_POINT('',(-0.00489665517398059,0.00562648590130537,0.0662818460788293));
#10043=CARTESIAN_POINT('',(-0.00457071585148705,0.00525160046833552,0.0659623984651985));
#10044=CARTESIAN_POINT('',(-0.00425093688489887,0.00488427973444081,0.0656479779450431));
#10045=CARTESIAN_POINT('',(-0.004039934755064,0.00464182987967216,0.0654406733226271));
#10046=CARTESIAN_POINT('',(-0.00393754590020825,0.00452417995076431,0.0653400808759348));
#10047=CARTESIAN_POINT('',(-0.00650552604145884,0.00756400656066033,0.0676910163505003));
#10048=CARTESIAN_POINT('',(-0.00641000309756659,0.00745293968401826,0.0675996906716451));
#10049=CARTESIAN_POINT('',(-0.0062055085060861,0.0072151676359193,0.06740418308748));
#10050=CARTESIAN_POINT('',(-0.00589200060758028,0.00685061176206253,0.0671044940946625));
#10051=CARTESIAN_POINT('',(-0.00556508207072115,0.0064705561067408,0.0667918395139504));
#10052=CARTESIAN_POINT('',(-0.0052381623581919,0.00609026797839214,0.0664795597744786));
#10053=CARTESIAN_POINT('',(-0.00491132997151179,0.00571089763632852,0.0661660253684711));
#10054=CARTESIAN_POINT('',(-0.00458446459554406,0.00533061652191361,0.0658538898875624));
#10055=CARTESIAN_POINT('',(-0.00426373190568472,0.00495778854216639,0.0655470959745286));
#10056=CARTESIAN_POINT('',(-0.00405209113592396,0.00471168454146554,0.0653447919388225));
#10057=CARTESIAN_POINT('',(-0.00394939225436149,0.00459226116262463,0.0652466255987223));
#10058=CARTESIAN_POINT('',(-0.00652639076895512,0.00777994498501561,0.0673953364703352));
#10059=CARTESIAN_POINT('',(-0.006430552139015,0.00766570022303216,0.0673083344338463));
#10060=CARTESIAN_POINT('',(-0.00622538416547138,0.00742113006088914,0.067122081777391));
#10061=CARTESIAN_POINT('',(-0.00591090870159602,0.00704628701019613,0.0668365525564322));
#10062=CARTESIAN_POINT('',(-0.00558291998513088,0.00665524622717699,0.0665389088263584));
#10063=CARTESIAN_POINT('',(-0.00525495838645415,0.00626446884027651,0.066240896608675));
#10064=CARTESIAN_POINT('',(-0.00492698555633323,0.00587285592805783,0.065944258913936));
#10065=CARTESIAN_POINT('',(-0.00459911849099228,0.00548225129724637,0.0656462408973568));
#10066=CARTESIAN_POINT('',(-0.00427733303413261,0.00509856605014173,0.0653542859881121));
#10067=CARTESIAN_POINT('',(-0.00406501110133046,0.00484549094582615,0.065161501697124));
#10068=CARTESIAN_POINT('',(-0.00396198186790493,0.00472268744957107,0.0650679511380732));
#10069=CARTESIAN_POINT('',(-0.0065275629021088,0.00788634379331549,0.0672509643154381));
#10070=CARTESIAN_POINT('',(-0.00643170120134986,0.00777052712414517,0.0671660768839963));
#10071=CARTESIAN_POINT('',(-0.00622648585963896,0.00752259561043524,0.0669843525222558));
#10072=CARTESIAN_POINT('',(-0.00591199155258435,0.00714269965694105,0.0667058019783524));
#10073=CARTESIAN_POINT('',(-0.00558393793693137,0.00674628077731009,0.0664154195882932));
#10074=CARTESIAN_POINT('',(-0.00525588742292328,0.00635018433292733,0.0661246149222622));
#10075=CARTESIAN_POINT('',(-0.00492795664286028,0.00595314096608349,0.06583536517901));
#10076=CARTESIAN_POINT('',(-0.00459997537062351,0.00555719765326156,0.0655445192819902));
#10077=CARTESIAN_POINT('',(-0.00427813704781432,0.00516824161801376,0.0652597527207414));
#10078=CARTESIAN_POINT('',(-0.00406576852981879,0.00491170125300161,0.0650716485972071));
#10079=CARTESIAN_POINT('',(-0.00396271653241946,0.00478721640850835,0.0649803682380951));
#10080=CARTESIAN_POINT('',(-0.00651634154926212,0.00810371425545948,0.0669548721884626));
#10081=CARTESIAN_POINT('',(-0.00642064751979345,0.00798470638680446,0.066874339491906));
#10082=CARTESIAN_POINT('',(-0.00621579174724118,0.00772994446394468,0.066701938042582));
#10083=CARTESIAN_POINT('',(-0.00590186518552585,0.00733961094438071,0.0664376893269045));
#10084=CARTESIAN_POINT('',(-0.00557437727657771,0.00693228175331729,0.0661621615829537));
#10085=CARTESIAN_POINT('',(-0.00524694139783061,0.00652526644035627,0.0658864027110074));
#10086=CARTESIAN_POINT('',(-0.00491949423563177,0.00611746087335847,0.0656114862987444));
#10087=CARTESIAN_POINT('',(-0.00459211893690318,0.00571057023553655,0.0653357052284845));
#10088=CARTESIAN_POINT('',(-0.00427076948771135,0.00531078519018125,0.0650654911177553));
#10089=CARTESIAN_POINT('',(-0.00405878107318922,0.00504718892621785,0.0648870465971689));
#10090=CARTESIAN_POINT('',(-0.00395591430025382,0.00491928141636806,0.0648004543404102));
#10091=CARTESIAN_POINT('',(-0.00650395073749248,0.00821493772157204,0.0668029949484269));
#10092=CARTESIAN_POINT('',(-0.00640844498028325,0.00809430387811744,0.066724702412346));
#10093=CARTESIAN_POINT('',(-0.00620399169912842,0.00783605968275491,0.0665570963904342));
#10094=CARTESIAN_POINT('',(-0.00589066729441861,0.00744035025934366,0.0663001918614109));
#10095=CARTESIAN_POINT('',(-0.0055638040442637,0.00702746736755614,0.066032259801086));
#10096=CARTESIAN_POINT('',(-0.00523706827550461,0.00661483958979776,0.0657643424753245));
#10097=CARTESIAN_POINT('',(-0.00491007075787417,0.00620168428898192,0.0654963946528758));
#10098=CARTESIAN_POINT('',(-0.00458342829520779,0.00578919823672374,0.0652285310063629));
#10099=CARTESIAN_POINT('',(-0.00426261031622315,0.00538383282382723,0.064965666813272));
#10100=CARTESIAN_POINT('',(-0.00405104827970542,0.00511663582677006,0.0647922077691902));
#10101=CARTESIAN_POINT('',(-0.00394838943202534,0.0049869821624638,0.0647080365548324));
#10102=CARTESIAN_POINT('',(-0.00648270289543052,0.00833743115759388,0.066634016941751));
#10103=CARTESIAN_POINT('',(-0.00638753469172208,0.00821503552118678,0.0665582231897254));
#10104=CARTESIAN_POINT('',(-0.00618379761607473,0.00795300957750982,0.0663959629971376));
#10105=CARTESIAN_POINT('',(-0.00587140028727691,0.00755123323348733,0.066147159831883));
#10106=CARTESIAN_POINT('',(-0.00554564879564221,0.00713228361974609,0.0658877236250439));
#10107=CARTESIAN_POINT('',(-0.00522007826320304,0.00671357156558768,0.0656284368311001));
#10108=CARTESIAN_POINT('',(-0.00489400004923963,0.00629419227129516,0.0653687292003643));
#10109=CARTESIAN_POINT('',(-0.00456847137630203,0.00587553236477541,0.0651094737203943));
#10110=CARTESIAN_POINT('',(-0.00424890686139033,0.00546454313018044,0.0648549694774557));
#10111=CARTESIAN_POINT('',(-0.00403801570343744,0.00519331548874591,0.0646870102916585));
#10112=CARTESIAN_POINT('',(-0.00393568028421467,0.0050617016210966,0.0646055076639565));
#10113=CARTESIAN_POINT('',(-7.74387010911514E-7,1.33164530772256E-19,0.0658134199218398));
#10114=CARTESIAN_POINT('',(-1.26098455002256E-6,2.16840434497101E-19,0.0685420332613903));
#10115=CARTESIAN_POINT('',(-0.00808505110853139,0.00469770683753241,0.0685350811639274));
#10116=CARTESIAN_POINT('',(-0.00855349744510233,0.00377876165231283,0.0685351745119319));
#10117=CARTESIAN_POINT('',(2.979824962577E-9,5.12764372844686E-9,0.0614710166874539));
#10118=CARTESIAN_POINT('',(-0.00496703999853206,0.00288603042902986,0.0658106936760202));
#10119=CARTESIAN_POINT('',(-7.74387010911514E-7,1.33164530772256E-19,0.0658134199218398));
#10120=CARTESIAN_POINT('',(-0.00525473502032041,0.00232142823766891,0.0658106459067938));
#10121=CARTESIAN_POINT('',(-0.00855351543307494,0.00377875396956456,0.0685351568411202));
#10122=CARTESIAN_POINT('',(-1.27634307477962E-6,2.21075599233372E-19,0.0686281567457065));
#10123=CARTESIAN_POINT('',(-0.0080841430354154,0.00469719621013013,0.0685342940304729));
#10124=CARTESIAN_POINT('',(-0.00815586990740018,0.00473887639689062,0.0684006232804315));
#10125=CARTESIAN_POINT('',(-0.00696629840693822,0.00623577460897227,0.0685344939168477));
#10126=CARTESIAN_POINT('',(-0.00738607942807709,0.0057591311221027,0.0685427687767608));
#10127=CARTESIAN_POINT('',(-0.0077605561927567,0.00524371011196886,0.0685426999505646));
#10128=CARTESIAN_POINT('',(-0.00808414912406213,0.00469718487519298,0.0685342947236783));
#10129=CARTESIAN_POINT('',(-0.00702810452595089,0.00629111458790628,0.0684008244063));
#10130=CARTESIAN_POINT('',(-0.00702809644006704,0.00629112361945014,0.0684008244077261));
#10131=CARTESIAN_POINT('',(-0.00831893144654364,0.00646668792290311,0.0666216601647541));
#10132=CARTESIAN_POINT('',(-0.00808107439058189,0.00648641399302491,0.0669047401402071));
#10133=CARTESIAN_POINT('',(-0.00761423874654951,0.00649274106688718,0.0674801142789838));
#10134=CARTESIAN_POINT('',(-0.00719153125230254,0.00640188820958186,0.0680855872603057));
#10135=CARTESIAN_POINT('',(-0.00702809607065416,0.00629112419922277,0.0684008242281565));
#10136=CARTESIAN_POINT('',(-0.00831893142092063,0.00646668790297603,0.0666216602170551));
#10137=CARTESIAN_POINT('',(-0.00831880041029997,0.00646658551345978,0.0666219281275052));
#10138=CARTESIAN_POINT('',(-0.00845911977724873,0.00628634055322237,0.0666216598927969));
#10139=CARTESIAN_POINT('',(-0.00859329477632365,0.00610163227181511,0.0666216665434944));
#10140=CARTESIAN_POINT('',(-0.00872132349420796,0.00591245927947924,0.0666219519014439));
#10141=CARTESIAN_POINT('',(-0.00872151056761693,0.0059125853388856,0.0666215884245372));
#10142=CARTESIAN_POINT('',(-0.00815586886433975,0.00473887821173242,0.0684006232644681));
#10143=CARTESIAN_POINT('',(-0.00831147356384026,0.00485997928739221,0.06808580116543));
#10144=CARTESIAN_POINT('',(-0.00852850507602166,0.0052346922227156,0.0674796986332573));
#10145=CARTESIAN_POINT('',(-0.00866681027063585,0.00568023797672171,0.0669046169563263));
#10146=CARTESIAN_POINT('',(-0.0087215096182197,0.00591258469497138,0.0666215902729457));
#10147=CARTESIAN_POINT('',(-7.83818880698026E-7,1.35525271560688E-19,0.0658663094735696));
#10148=CARTESIAN_POINT('',(-0.00500862763060292,0.0029102028368465,0.065726577883643));
#10149=CARTESIAN_POINT('',(-0.00520078348111735,0.00305974410161393,0.0653378098873276));
#10150=CARTESIAN_POINT('',(-0.00528876998716749,0.00334539283598119,0.0649819304735593));
#10151=CARTESIAN_POINT('',(-0.00535598785497073,0.00363099700948394,0.0646340553938057));
#10152=CARTESIAN_POINT('',(-0.00500862627467683,0.00291020517054716,0.0657265778835382));
#10153=CARTESIAN_POINT('',(-0.00535599074192363,0.00363099896752308,0.0646340497731081));
#10154=CARTESIAN_POINT('',(-0.00510907519105282,0.00397150178815973,0.064633475800502));
#10155=CARTESIAN_POINT('',(-0.00519479634318532,0.00386047885739784,0.0646342125326839));
#10156=CARTESIAN_POINT('',(-0.00527710697958457,0.00374698167112307,0.0646343933031277));
#10157=CARTESIAN_POINT('',(-0.00535600627476996,0.00363100963286674,0.0646340194138421));
#10158=CARTESIAN_POINT('',(-0.00510876957873619,0.00397126992534504,0.0646340938604135));
#10159=CARTESIAN_POINT('',(-0.00510876577068615,0.00397126696385043,0.0646341016332697));
#10160=CARTESIAN_POINT('',(-0.00481671903328966,0.00399550357136979,0.0649816583630976));
#10161=CARTESIAN_POINT('',(-0.00451639953074889,0.00399925569399875,0.0653402440812159));
#10162=CARTESIAN_POINT('',(-0.00431604431907177,0.00386346198547634,0.0657267018099125));
#10163=CARTESIAN_POINT('',(-0.004316043935557,0.00386346255836419,0.0657267016546707));
#10164=CARTESIAN_POINT('',(-0.00431605204726786,0.00386345349797424,0.0657267016532406));
#10165=CARTESIAN_POINT('',(-0.00430337316963657,0.00385209784883363,0.0657541260262415));
#10166=CARTESIAN_POINT('',(-0.00429069429200529,0.00384074219969303,0.0657815503992424));
#10167=CARTESIAN_POINT('',(-0.004278015414374,0.00382938655055243,0.0658089747722434));
#10168=CARTESIAN_POINT('',(-0.00496953724200847,0.00288748625750437,0.0658125338352175));
#10169=CARTESIAN_POINT('',(-0.00477417288598219,0.00322255887198277,0.0658125686748239));
#10170=CARTESIAN_POINT('',(-0.00454059469804341,0.00354410391324902,0.0658126103291579));
#10171=CARTESIAN_POINT('',(-0.00428240106449151,0.00383331323047493,0.0658126563731997));
#10172=CARTESIAN_POINT('',(-0.00496447475240802,0.00288455227119925,0.0658088562746301));
#10173=CARTESIAN_POINT('',(-0.00497918996798299,0.00289310660783576,0.0657814301446216));
#10174=CARTESIAN_POINT('',(-0.00499390518355796,0.00290166094447228,0.0657540040146132));
#10175=CARTESIAN_POINT('',(-0.00500862039913293,0.00291021528110879,0.0657265778846048));
#10176=CARTESIAN_POINT('',(-0.00655452252839454,0.00380843791526834,0.0671180626174806));
#10177=CARTESIAN_POINT('',(-0.00659548358211814,0.00383223079292459,0.0670748459419341));
#10178=CARTESIAN_POINT('',(-0.00564792191501802,0.00505564829012765,0.0671189011882446));
#10179=CARTESIAN_POINT('',(-0.00568350088305699,0.00508752513777097,0.0670750338610171));
#10180=CARTESIAN_POINT('',(-0.00833834811717711,0.00648177855967548,0.0666336833973023));
#10181=CARTESIAN_POINT('',(-0.00821594532684922,0.00638662880392442,0.0665578983008481));
#10182=CARTESIAN_POINT('',(-0.00795389156399415,0.00618292146552214,0.0663956489546869));
#10183=CARTESIAN_POINT('',(-0.00755217113685391,0.00587064539156325,0.0661469250022759));
#10184=CARTESIAN_POINT('',(-0.00713312864247922,0.00554490439219218,0.0658874760593228));
#10185=CARTESIAN_POINT('',(-0.0067142494919536,0.00521928802657394,0.0656281297217621));
#10186=CARTESIAN_POINT('',(-0.00629505579724101,0.00489343341108712,0.0653685849284764));
#10187=CARTESIAN_POINT('',(-0.00587621263775516,0.00456784599481029,0.0651092598851134));
#10188=CARTESIAN_POINT('',(-0.00546544346432973,0.00424853393799069,0.0648549356473188));
#10189=CARTESIAN_POINT('',(-0.00519446939222265,0.00403789318898807,0.0646871627745766));
#10190=CARTESIAN_POINT('',(-0.0050631274764812,0.00393579502844074,0.0646058427562245));
#10191=CARTESIAN_POINT('',(-0.00821694691107033,0.0065030379767267,0.0668017028876949));
#10192=CARTESIAN_POINT('',(-0.00809631490436648,0.00640755421597809,0.0667234162227184));
#10193=CARTESIAN_POINT('',(-0.00783805364616258,0.00620313471332873,0.0665558159902417));
#10194=CARTESIAN_POINT('',(-0.0074421845029719,0.00588984430279361,0.0662990156839972));
#10195=CARTESIAN_POINT('',(-0.00702923252324308,0.00556301910333633,0.0660310999563463));
#10196=CARTESIAN_POINT('',(-0.00661627632855862,0.00523624363737379,0.0657632944512262));
#10197=CARTESIAN_POINT('',(-0.00620337997007944,0.00490943086102203,0.0654953441537629));
#10198=CARTESIAN_POINT('',(-0.00579066977204286,0.00458274390981992,0.0652274771482555));
#10199=CARTESIAN_POINT('',(-0.00538546158118502,0.00426222338285803,0.0649649499695868));
#10200=CARTESIAN_POINT('',(-0.00511848165986649,0.0040509012102568,0.0647916872883669));
#10201=CARTESIAN_POINT('',(-0.00498908027979146,0.00394847438230084,0.0647077052446632));
#10202=CARTESIAN_POINT('',(-0.00811242956843873,0.00651556402321466,0.0669439100149311));
#10203=CARTESIAN_POINT('',(-0.00799331690951826,0.00641989072735535,0.0668635361243012));
#10204=CARTESIAN_POINT('',(-0.00773830821575517,0.00621506480031162,0.0666914666596012));
#10205=CARTESIAN_POINT('',(-0.00734741910891159,0.00590113417839628,0.0664277975325348));
#10206=CARTESIAN_POINT('',(-0.00693973114196637,0.00557369263780907,0.0661527527584528));
#10207=CARTESIAN_POINT('',(-0.0065320002050628,0.00524625433023263,0.0658777598937572));
#10208=CARTESIAN_POINT('',(-0.00612445372970702,0.00491888512318264,0.0656027241025253));
#10209=CARTESIAN_POINT('',(-0.00571687917836888,0.00459151647719928,0.0653277073371136));
#10210=CARTESIAN_POINT('',(-0.00531703309509414,0.00427046870963878,0.0650581741945479));
#10211=CARTESIAN_POINT('',(-0.00505340008646503,0.0040587184823403,0.0648802924822369));
#10212=CARTESIAN_POINT('',(-0.00492561830037407,0.00395608305174814,0.064794071617585));
#10213=CARTESIAN_POINT('',(-0.00789685827784926,0.00652714219676653,0.0672376784731392));
#10214=CARTESIAN_POINT('',(-0.00778089045362794,0.00643129684443352,0.0671530101436523));
#10215=CARTESIAN_POINT('',(-0.00753261799592133,0.0062261026345008,0.0669717426354345));
#10216=CARTESIAN_POINT('',(-0.00715214617542948,0.00591160944249805,0.0666938662750601));
#10217=CARTESIAN_POINT('',(-0.00675528588626952,0.00558358727060704,0.0664040648690092));
#10218=CARTESIAN_POINT('',(-0.00635844577963278,0.00525555357617408,0.0661142014047108));
#10219=CARTESIAN_POINT('',(-0.00596168891295235,0.00492764381980786,0.0658245542303866));
#10220=CARTESIAN_POINT('',(-0.00556483915099406,0.0045996669856113,0.0655348404070219));
#10221=CARTESIAN_POINT('',(-0.00517597409956572,0.00427811569451597,0.0652505500411759));
#10222=CARTESIAN_POINT('',(-0.00491929748883142,0.00406597909624433,0.065063155161415));
#10223=CARTESIAN_POINT('',(-0.00479488346436039,0.00396315563171499,0.0649723263417383));
#10224=CARTESIAN_POINT('',(-0.00778163224340563,0.00652570450653498,0.0673941519877248));
#10225=CARTESIAN_POINT('',(-0.00766737126064078,0.00642988699901899,0.0673071868547203));
#10226=CARTESIAN_POINT('',(-0.00742275154477212,0.00622475201144163,0.0671210025930546));
#10227=CARTESIAN_POINT('',(-0.00704784051812073,0.00591033921289631,0.0668356023901347));
#10228=CARTESIAN_POINT('',(-0.00665676343151366,0.00558238062052947,0.0665379298746721));
#10229=CARTESIAN_POINT('',(-0.00626571589264962,0.00525445794761702,0.066240306662062));
#10230=CARTESIAN_POINT('',(-0.00587473343181611,0.00492653821406941,0.0659425963561595));
#10231=CARTESIAN_POINT('',(-0.00548339628947922,0.00459864654053458,0.0656455397782375));
#10232=CARTESIAN_POINT('',(-0.00510149926436024,0.00427728857977988,0.0653517125178854));
#10233=CARTESIAN_POINT('',(-0.00484839840530753,0.00406518964527594,0.0651594968538835));
#10234=CARTESIAN_POINT('',(-0.0047257032679259,0.00396238317848076,0.0650663519694458));
#10235=CARTESIAN_POINT('',(-0.00758506142317846,0.00650644076593138,0.0676632067843207));
#10236=CARTESIAN_POINT('',(-0.00747370200240117,0.00641091516097929,0.0675722914742593));
#10237=CARTESIAN_POINT('',(-0.00723529196062081,0.00620640435493318,0.067377651819164));
#10238=CARTESIAN_POINT('',(-0.00686983854542115,0.00589292829797666,0.0670793321043521));
#10239=CARTESIAN_POINT('',(-0.00648863860656126,0.00556593569393422,0.0667681287380154));
#10240=CARTESIAN_POINT('',(-0.00610753901270468,0.0052390243110461,0.0664569973786873));
#10241=CARTESIAN_POINT('',(-0.0057262605222387,0.00491199092104787,0.0661457981953358));
#10242=CARTESIAN_POINT('',(-0.00534550534550174,0.00458516962716494,0.0658343588934305));
#10243=CARTESIAN_POINT('',(-0.00497070722744116,0.00426448464792938,0.0655307257778471));
#10244=CARTESIAN_POINT('',(-0.00472436634108177,0.00405306152717152,0.0653292974841953));
#10245=CARTESIAN_POINT('',(-0.00460497685549218,0.00395058587485197,0.0652316488021898));
#10246=CARTESIAN_POINT('',(-0.00749759966913872,0.00649199722345401,0.067783711905119));
#10247=CARTESIAN_POINT('',(-0.00738752242707691,0.00639668321304935,0.0676910306458312));
#10248=CARTESIAN_POINT('',(-0.00715185788719568,0.00619262545201002,0.067492609723756));
#10249=CARTESIAN_POINT('',(-0.00679062569366735,0.00587984494715216,0.0671884795461874));
#10250=CARTESIAN_POINT('',(-0.00641382889079,0.00555358075302856,0.0668712140034118));
#10251=CARTESIAN_POINT('',(-0.00603709677142898,0.00522738993470423,0.0665540866823508));
#10252=CARTESIAN_POINT('',(-0.00566033539357459,0.00490111567937599,0.0662366495494039));
#10253=CARTESIAN_POINT('',(-0.00528337033758304,0.00457487865658543,0.0659200540986252));
#10254=CARTESIAN_POINT('',(-0.00491514865386918,0.00425542238168771,0.0656071289077315));
#10255=CARTESIAN_POINT('',(-0.00467134069488572,0.0040443978642588,0.0654022488779227));
#10256=CARTESIAN_POINT('',(-0.00455315365513347,0.003942109649838,0.0653029646157362));
#10257=CARTESIAN_POINT('',(-0.00735029625495528,0.00645550022167561,0.0679901928775736));
#10258=CARTESIAN_POINT('',(-0.00724237701104296,0.00636071874460335,0.0678944763167398));
#10259=CARTESIAN_POINT('',(-0.00701133313576751,0.00615780138880364,0.0676895568264153));
#10260=CARTESIAN_POINT('',(-0.00665719963440646,0.00584677699923136,0.067375457876187));
#10261=CARTESIAN_POINT('',(-0.00628780093293118,0.00552234833993996,0.0670478294969219));
#10262=CARTESIAN_POINT('',(-0.00591849147656618,0.00519799618516316,0.0667202725239544));
#10263=CARTESIAN_POINT('',(-0.00554907395595953,0.00487355132214088,0.0663926355672288));
#10264=CARTESIAN_POINT('',(-0.0051798433164493,0.00454927308076563,0.0660651243081902));
#10265=CARTESIAN_POINT('',(-0.00481759757870127,0.00423111109193183,0.0657439409482873));
#10266=CARTESIAN_POINT('',(-0.0045787497798151,0.00402133971454766,0.0655320806701309));
#10267=CARTESIAN_POINT('',(-0.00446298119347641,0.00391966449050431,0.0654293916091589));
#10268=CARTESIAN_POINT('',(-0.00729170091716627,0.0064371692853811,0.0680736751661342));
#10269=CARTESIAN_POINT('',(-0.00718463716895983,0.00634265332823112,0.0679767334471975));
#10270=CARTESIAN_POINT('',(-0.00695542515510771,0.00614030460062142,0.0677691908292379));
#10271=CARTESIAN_POINT('',(-0.00660410832814166,0.00583015650062859,0.0674510661763956));
#10272=CARTESIAN_POINT('',(-0.00623762190628402,0.00550663809692521,0.0671192927085505));
#10273=CARTESIAN_POINT('',(-0.00587135604644473,0.00518323054722577,0.0667873808620361));
#10274=CARTESIAN_POINT('',(-0.00550448314109792,0.00485959671577824,0.0664561662721592));
#10275=CARTESIAN_POINT('',(-0.00513982280055228,0.00453673532128492,0.0661221782954069));
#10276=CARTESIAN_POINT('',(-0.00477440880752452,0.00421759216499105,0.0658052763555794));
#10277=CARTESIAN_POINT('',(-0.00453831344093904,0.00400867897372487,0.0655895121888043));
#10278=CARTESIAN_POINT('',(-0.00442394675020661,0.00390744078780642,0.0654848367211821));
#10279=CARTESIAN_POINT('',(-0.0071956026737939,0.00639830854534654,0.0682145210638343));
#10280=CARTESIAN_POINT('',(-0.00708994881894173,0.00630436125768608,0.0681155036098452));
#10281=CARTESIAN_POINT('',(-0.0068637551484595,0.0061032301489822,0.0679035175240374));
#10282=CARTESIAN_POINT('',(-0.00651706226445083,0.00579495252440814,0.0675785944860989));
#10283=CARTESIAN_POINT('',(-0.00615543315678375,0.00547338806731612,0.0672397059108116));
#10284=CARTESIAN_POINT('',(-0.00579390147628262,0.00515193141500381,0.0669007929970911));
#10285=CARTESIAN_POINT('',(-0.00543220350573665,0.00483024969348279,0.0665621671721694));
#10286=CARTESIAN_POINT('',(-0.00507106604781115,0.00450936000603875,0.0662224664856111));
#10287=CARTESIAN_POINT('',(-0.00471516740744973,0.004192036387193,0.065893441933058));
#10288=CARTESIAN_POINT('',(-0.00448149982393471,0.00398438815673738,0.0656738373352084));
#10289=CARTESIAN_POINT('',(-0.00436825600551535,0.00388376400604692,0.0655673585821722));
#10290=CARTESIAN_POINT('',(-0.00716160682822356,0.0063825445193317,0.068265315102144));
#10291=CARTESIAN_POINT('',(-0.00705645271307773,0.00628882833045296,0.0681655485815747));
#10292=CARTESIAN_POINT('',(-0.00683132847287484,0.00608819180626465,0.067951959648266));
#10293=CARTESIAN_POINT('',(-0.00648626252365075,0.00578066763485917,0.067624601798073));
#10294=CARTESIAN_POINT('',(-0.00612636862455992,0.00545990309941235,0.0672831210012309));
#10295=CARTESIAN_POINT('',(-0.00576643549364293,0.00513919691602102,0.0669418028629109));
#10296=CARTESIAN_POINT('',(-0.00540682732039043,0.00481843961825106,0.0666001046215383));
#10297=CARTESIAN_POINT('',(-0.0050460327840051,0.00449786795028631,0.0662596890144444));
#10298=CARTESIAN_POINT('',(-0.00469675460100985,0.00418301955566362,0.0659214603370964));
#10299=CARTESIAN_POINT('',(-0.00446348422289961,0.00397563888521359,0.0657011578584854));
#10300=CARTESIAN_POINT('',(-0.00435037735776105,0.0038751253106541,0.0655944160627539));
#10301=CARTESIAN_POINT('',(-0.0071176360615548,0.0063583717741275,0.0683337534131611));
#10302=CARTESIAN_POINT('',(-0.00701312160188496,0.00626500752030298,0.0682329888961976));
#10303=CARTESIAN_POINT('',(-0.00678936809409483,0.00606512518003731,0.0680172615153145));
#10304=CARTESIAN_POINT('',(-0.00644643760505051,0.00575877632702657,0.067686577012088));
#10305=CARTESIAN_POINT('',(-0.00608867465514291,0.00543918471898803,0.0673417705967272));
#10306=CARTESIAN_POINT('',(-0.00573122125368161,0.00511984164772881,0.0669965944865151));
#10307=CARTESIAN_POINT('',(-0.00537283867761444,0.00479976483164873,0.0666529607482511));
#10308=CARTESIAN_POINT('',(-0.00501779801191025,0.00448232995975,0.066303601189366));
#10309=CARTESIAN_POINT('',(-0.00465769027256135,0.00416162540321805,0.0659821224804967));
#10310=CARTESIAN_POINT('',(-0.00442770587434415,0.00395603507775208,0.0657567182976822));
#10311=CARTESIAN_POINT('',(-0.00431633772986035,0.00385646842532014,0.0656472776091936));
#10312=CARTESIAN_POINT('',(-0.00709189211100251,0.00634167462555466,0.0683758352908826));
#10313=CARTESIAN_POINT('',(-0.00698775682463022,0.0062485558214267,0.068274450685753));
#10314=CARTESIAN_POINT('',(-0.00676481513464533,0.00604919898614237,0.0680573957847512));
#10315=CARTESIAN_POINT('',(-0.0064231302179414,0.00574365620690381,0.0677246771610383));
#10316=CARTESIAN_POINT('',(-0.0060666609228264,0.00542490651420056,0.067377747963763));
#10317=CARTESIAN_POINT('',(-0.00571051949123139,0.00510639874482259,0.0670304496078201));
#10318=CARTESIAN_POINT('',(-0.00535338191457824,0.00478718675713639,0.0666846954077123));
#10319=CARTESIAN_POINT('',(-0.00499980570678437,0.00447047603741108,0.0663332212375155));
#10320=CARTESIAN_POINT('',(-0.0046403544028307,0.00415101519960358,0.066009617793968));
#10321=CARTESIAN_POINT('',(-0.00441129664430558,0.00394590928107536,0.0657828530201445));
#10322=CARTESIAN_POINT('',(-0.00430038455415992,0.00384657271821927,0.0656727534237734));
#10323=CARTESIAN_POINT('',(-0.00705850983736869,0.00631834873188796,0.0684308128599299));
#10324=CARTESIAN_POINT('',(-0.00695486752597769,0.00622557456782163,0.0683286200511001));
#10325=CARTESIAN_POINT('',(-0.00673298043326638,0.0060269550129395,0.0681098361878514));
#10326=CARTESIAN_POINT('',(-0.00639289040117836,0.00572252746812789,0.0677745025181556));
#10327=CARTESIAN_POINT('',(-0.00603814747473149,0.00540498325538772,0.0674247206934479));
#10328=CARTESIAN_POINT('',(-0.0056834846588136,0.00508751071332151,0.0670750179701473));
#10329=CARTESIAN_POINT('',(-0.00532873823333663,0.00476996273789873,0.0667252321676122));
#10330=CARTESIAN_POINT('',(-0.00497407759486881,0.00445249302969189,0.0663755316923141));
#10331=CARTESIAN_POINT('',(-0.00462637455277925,0.00414125036851054,0.0660326918449973));
#10332=CARTESIAN_POINT('',(-0.00439697017320614,0.00393590178620082,0.0658064958081601));
#10333=CARTESIAN_POINT('',(-0.00428577673939634,0.0038363683200657,0.0656968574703644));
#10334=CARTESIAN_POINT('',(-0.00671423288368917,0.00521927587343747,0.0656281185782821));
#10335=CARTESIAN_POINT('',(-0.000155740880197939,0.00012177787863496,0.0858469936239864));
#10336=CARTESIAN_POINT('',(-0.0087960470257783,0.00596311568536935,0.0666656086786115));
#10337=CARTESIAN_POINT('',(-0.00864965495037785,0.00586387241220341,0.0665791561773917));
#10338=CARTESIAN_POINT('',(-0.00835686414576902,0.00566538135506944,0.0664062472455157));
#10339=CARTESIAN_POINT('',(-0.00791753368679551,0.00536754482237257,0.0661467949419727));
#10340=CARTESIAN_POINT('',(-0.00747826079470104,0.00506974851061587,0.0658873789795681));
#10341=CARTESIAN_POINT('',(-0.00703923341628014,0.00477212222021638,0.0656281124185467));
#10342=CARTESIAN_POINT('',(-0.006599517011826,0.00447401820576439,0.0653684250530727));
#10343=CARTESIAN_POINT('',(-0.00616054555893653,0.00417642857714493,0.0651091898035167));
#10344=CARTESIAN_POINT('',(-0.00572119646645574,0.00387858309948985,0.0648497328239631));
#10345=CARTESIAN_POINT('',(-0.00542839581953143,0.00368008458546031,0.0646768166112365));
#10346=CARTESIAN_POINT('',(-0.00528197945289443,0.00358082445228663,0.0645903490304234));
#10347=CARTESIAN_POINT('',(-0.00819119145361584,0.00475939965273376,0.0684306341403708));
#10348=CARTESIAN_POINT('',(-0.00807089938908404,0.00468950506531707,0.0683284282995684));
#10349=CARTESIAN_POINT('',(-0.00781338436730592,0.00453987839435455,0.0681096313434052));
#10350=CARTESIAN_POINT('',(-0.00741872623758135,0.00431056713085601,0.0677743114958025));
#10351=CARTESIAN_POINT('',(-0.00700705782310036,0.00407137165438226,0.0674245387941942));
#10352=CARTESIAN_POINT('',(-0.00659544973489196,0.00383221077944296,0.0670748169871015));
#10353=CARTESIAN_POINT('',(-0.00618383474285432,0.00359304797489652,0.0667250904941964));
#10354=CARTESIAN_POINT('',(-0.00577223758348252,0.00335389273673076,0.0663753774638734));
#10355=CARTESIAN_POINT('',(-0.00536848186306878,0.00311929554364562,0.0660323287218565));
#10356=CARTESIAN_POINT('',(-0.00510198295414015,0.00296444910955627,0.0658058986966263));
#10357=CARTESIAN_POINT('',(-0.00497266310675581,0.00288930914208738,0.0656960224531283));
#10358=CARTESIAN_POINT('',(-0.0082200497204407,0.00478120513136392,0.0683817713716432));
#10359=CARTESIAN_POINT('',(-0.00809933999707626,0.0047109949747558,0.0682802716385084));
#10360=CARTESIAN_POINT('',(-0.00784092684996732,0.00456068962293863,0.068062994611185));
#10361=CARTESIAN_POINT('',(-0.00744478527144946,0.00433025506479071,0.0677302257417923));
#10362=CARTESIAN_POINT('',(-0.00703205272518915,0.00409025577904378,0.0673822476866015));
#10363=CARTESIAN_POINT('',(-0.00661753599008476,0.00384889554857075,0.0670374762408881));
#10364=CARTESIAN_POINT('',(-0.00620535685461428,0.00360930679984092,0.0666886915198688));
#10365=CARTESIAN_POINT('',(-0.00579211643499989,0.00336890621021108,0.0663418161372679));
#10366=CARTESIAN_POINT('',(-0.0053869839644866,0.00313327979585477,0.0660009398626532));
#10367=CARTESIAN_POINT('',(-0.00511955395618361,0.00297772889580329,0.0657760973083061));
#10368=CARTESIAN_POINT('',(-0.00498978198550059,0.00290224674269027,0.0656669934712746));
#10369=CARTESIAN_POINT('',(-0.00824035083307048,0.00479757265876552,0.0683461266251085));
#10370=CARTESIAN_POINT('',(-0.00811935093614747,0.00472713018721249,0.0682451366713792));
#10371=CARTESIAN_POINT('',(-0.00786031158868317,0.00457632220653216,0.0680289611856397));
#10372=CARTESIAN_POINT('',(-0.00746307699787302,0.00434497632336295,0.0676981526879921));
#10373=CARTESIAN_POINT('',(-0.0070498406371725,0.00410468436185691,0.067350952090512));
#10374=CARTESIAN_POINT('',(-0.00663239781824035,0.00386053943829393,0.0670117340556334));
#10375=CARTESIAN_POINT('',(-0.00622444162203175,0.00362512090874083,0.0666548420763774));
#10376=CARTESIAN_POINT('',(-0.00580858297749598,0.00338237982826638,0.0663128017038978));
#10377=CARTESIAN_POINT('',(-0.00540262346000958,0.00314613123003036,0.0659732749999555));
#10378=CARTESIAN_POINT('',(-0.00513439067014203,0.00298991504860461,0.0657498661177931));
#10379=CARTESIAN_POINT('',(-0.00500422566779905,0.00291410661731924,0.0656414653273208));
#10380=CARTESIAN_POINT('',(-0.00828259735790274,0.00483638093877834,0.0682678242969759));
#10381=CARTESIAN_POINT('',(-0.00816095629768953,0.00476534742870852,0.0681680299125521));
#10382=CARTESIAN_POINT('',(-0.00790056044876237,0.00461328977280383,0.0679543836305037));
#10383=CARTESIAN_POINT('',(-0.00750167435279676,0.00438044337966037,0.0676266476995435));
#10384=CARTESIAN_POINT('',(-0.00708483352284008,0.00413676241080898,0.0672861749936542));
#10385=CARTESIAN_POINT('',(-0.0066708130551962,0.00389604476965784,0.0669404837555412));
#10386=CARTESIAN_POINT('',(-0.00625108716735274,0.00364936739538747,0.0666056028037586));
#10387=CARTESIAN_POINT('',(-0.0058359847224831,0.00340744259516552,0.0662621596737001));
#10388=CARTESIAN_POINT('',(-0.00542740752191806,0.00316877471259362,0.0659274034572234));
#10389=CARTESIAN_POINT('',(-0.00515802351336166,0.00301150676389222,0.0657061417447446));
#10390=CARTESIAN_POINT('',(-0.00502730768334277,0.00293519533768197,0.065598769317491));
#10391=CARTESIAN_POINT('',(-0.00830562319654919,0.00486097397571705,0.0682220954218863));
#10392=CARTESIAN_POINT('',(-0.00818365402758998,0.00478958892207284,0.068122958688359));
#10393=CARTESIAN_POINT('',(-0.00792255031757728,0.00463677307823255,0.0679107303269673));
#10394=CARTESIAN_POINT('',(-0.00752243406072638,0.0044026151712942,0.0675854349421554));
#10395=CARTESIAN_POINT('',(-0.00710491612043797,0.0041582000653203,0.0672463378591984));
#10396=CARTESIAN_POINT('',(-0.00668796263075918,0.00391438572662896,0.0669063916195115));
#10397=CARTESIAN_POINT('',(-0.00626908641996903,0.00366842925696245,0.0665700636221046));
#10398=CARTESIAN_POINT('',(-0.00585228385153137,0.00342474545492676,0.0662299558545835));
#10399=CARTESIAN_POINT('',(-0.00544269208773756,0.00318499612564197,0.0658971725329808));
#10400=CARTESIAN_POINT('',(-0.00517253630493436,0.00302690959899613,0.0656774487916339));
#10401=CARTESIAN_POINT('',(-0.00504144458529975,0.00295019953547822,0.0655708258641811));
#10402=CARTESIAN_POINT('',(-0.00835675153938325,0.00492048921060499,0.068115402598594));
#10403=CARTESIAN_POINT('',(-0.00823404292154097,0.0048482408420755,0.0680178227568758));
#10404=CARTESIAN_POINT('',(-0.00797135108958817,0.00469357116765484,0.0678089360995914));
#10405=CARTESIAN_POINT('',(-0.0075686639904159,0.0044564207661022,0.0674889959328608));
#10406=CARTESIAN_POINT('',(-0.00714899347346523,0.0042095050147976,0.0671543927187578));
#10407=CARTESIAN_POINT('',(-0.00672794460783414,0.00396088733857638,0.0668230710709));
#10408=CARTESIAN_POINT('',(-0.00631000129953842,0.0037159789145011,0.0664847523943001));
#10409=CARTESIAN_POINT('',(-0.00588958427871235,0.00346808826981921,0.0661522600621103));
#10410=CARTESIAN_POINT('',(-0.00547760563235351,0.00322557146579475,0.0658243979059123));
#10411=CARTESIAN_POINT('',(-0.00520570581389952,0.00306545174357431,0.0656083372849072));
#10412=CARTESIAN_POINT('',(-0.00507376551037548,0.00298775226613282,0.0655034975213946));
#10413=CARTESIAN_POINT('',(-0.00838479820292479,0.00495742805096139,0.0680523405408535));
#10414=CARTESIAN_POINT('',(-0.00826167641171272,0.00488463459480702,0.0679556975924265));
#10415=CARTESIAN_POINT('',(-0.00799810232583293,0.00472880098462799,0.0677488099461347));
#10416=CARTESIAN_POINT('',(-0.00759412286864905,0.00448994550633896,0.0674317567153431));
#10417=CARTESIAN_POINT('',(-0.00717277223271153,0.00424085945809882,0.0671008957492906));
#10418=CARTESIAN_POINT('',(-0.00675133024028497,0.00399155912062647,0.0667706376565337));
#10419=CARTESIAN_POINT('',(-0.00633052729916722,0.0037432375490866,0.0664383637097425));
#10420=CARTESIAN_POINT('',(-0.00590912158424283,0.00349393679109531,0.0661082208598003));
#10421=CARTESIAN_POINT('',(-0.00549568458588068,0.00324951330725049,0.0657836380239941));
#10422=CARTESIAN_POINT('',(-0.00522289774773697,0.00308821656187621,0.0655695847497091));
#10423=CARTESIAN_POINT('',(-0.00509052803685366,0.0030099470316214,0.065465716932653));
#10424=CARTESIAN_POINT('',(-0.0084708081608574,0.00508241732368795,0.0678458203068126));
#10425=CARTESIAN_POINT('',(-0.00834642997458854,0.00500779188433998,0.0677522169228675));
#10426=CARTESIAN_POINT('',(-0.00808016365041269,0.00484803436080648,0.0675518351598865));
#10427=CARTESIAN_POINT('',(-0.00767198866277062,0.00460310941050367,0.067244724440276));
#10428=CARTESIAN_POINT('',(-0.00724635897456301,0.00434781314139123,0.0669241667114168));
#10429=CARTESIAN_POINT('',(-0.00682050504996815,0.00409202240633014,0.0666045455291525));
#10430=CARTESIAN_POINT('',(-0.00639571754304987,0.00383822155249691,0.0662815787488822));
#10431=CARTESIAN_POINT('',(-0.00596988206988864,0.00358238750284934,0.0659621489498756));
#10432=CARTESIAN_POINT('',(-0.00555224310777516,0.00333184453194538,0.0656477458812338));
#10433=CARTESIAN_POINT('',(-0.00527664522331096,0.00316645283659646,0.0654404527782715));
#10434=CARTESIAN_POINT('',(-0.00514291093071647,0.00308619545735628,0.0653398659214563));
#10435=CARTESIAN_POINT('',(-0.00852458376858534,0.00518382242490462,0.0676906562890335));
#10436=CARTESIAN_POINT('',(-0.00839941370123815,0.00510770472795097,0.0675993358971924));
#10437=CARTESIAN_POINT('',(-0.00813145047824185,0.00494475160131078,0.0674038396314797));
#10438=CARTESIAN_POINT('',(-0.00772063017360633,0.00469490111379984,0.0671041679925234));
#10439=CARTESIAN_POINT('',(-0.007292265784985,0.0044344528587158,0.0667915315027958));
#10440=CARTESIAN_POINT('',(-0.00686382844339171,0.00417378389260321,0.0664792698671088));
#10441=CARTESIAN_POINT('',(-0.00643575775422025,0.0039139607388051,0.0661657535150733));
#10442=CARTESIAN_POINT('',(-0.00600737425845175,0.00365328166036898,0.0658536361380369));
#10443=CARTESIAN_POINT('',(-0.00558712648563768,0.00339779612438701,0.0655468599716709));
#10444=CARTESIAN_POINT('',(-0.00530979206898034,0.00322912675589458,0.0653445676512072));
#10445=CARTESIAN_POINT('',(-0.00517521491848188,0.00314727866275535,0.0652464069960045));
#10446=CARTESIAN_POINT('',(-0.00861115336472539,0.00538272822106698,0.0673949646916248));
#10447=CARTESIAN_POINT('',(-0.00848470107928118,0.00530368596616837,0.0673079681145131));
#10448=CARTESIAN_POINT('',(-0.00821399677992734,0.00513447604538137,0.0671217271452449));
#10449=CARTESIAN_POINT('',(-0.00779907747711347,0.00487514164575248,0.0668362158365803));
#10450=CARTESIAN_POINT('',(-0.00736630082712979,0.00460457744427912,0.0665385907934893));
#10451=CARTESIAN_POINT('',(-0.00693363135835494,0.00433425534723704,0.0662405972485109));
#10452=CARTESIAN_POINT('',(-0.00650069302832051,0.00406314216485007,0.0659439782724204));
#10453=CARTESIAN_POINT('',(-0.00606816685060673,0.00379295515588577,0.0656459789198512));
#10454=CARTESIAN_POINT('',(-0.00564356288631989,0.00352746988566299,0.0653540423463786));
#10455=CARTESIAN_POINT('',(-0.00536342653874991,0.00335238161921318,0.0651612701488326));
#10456=CARTESIAN_POINT('',(-0.00522749073153885,0.00326742118208343,0.0650677254580585));
#10457=CARTESIAN_POINT('',(-0.00864514590892059,0.00548354933598778,0.0672505866838166));
#10458=CARTESIAN_POINT('',(-0.00851818595425379,0.00540301935432154,0.067165704798171));
#10459=CARTESIAN_POINT('',(-0.00824639792987769,0.00523062748533448,0.0669839923084329));
#10460=CARTESIAN_POINT('',(-0.00782989933423472,0.0049664936970099,0.0667054599551007));
#10461=CARTESIAN_POINT('',(-0.00739539910160959,0.00469083507681414,0.0664150965478198));
#10462=CARTESIAN_POINT('',(-0.00696100145310804,0.00441548212903074,0.0661243108468262));
#10463=CARTESIAN_POINT('',(-0.00652642507679882,0.00413919169033489,0.0658350801218365));
#10464=CARTESIAN_POINT('',(-0.00609214060102925,0.00386396298016441,0.0655442531820198));
#10465=CARTESIAN_POINT('',(-0.00566585765789351,0.0035934816251401,0.0652595052465303));
#10466=CARTESIAN_POINT('',(-0.00538460622159283,0.00341511235345245,0.0650714134069858));
#10467=CARTESIAN_POINT('',(-0.00524812921919999,0.00332856001868419,0.0649801390086029));
#10468=CARTESIAN_POINT('',(-0.00870164234962628,0.00569373220225401,0.0669544824806296));
#10469=CARTESIAN_POINT('',(-0.00857385576298424,0.00561011563622401,0.0668739555071848));
#10470=CARTESIAN_POINT('',(-0.00830029907809967,0.00543111706288898,0.0667015663093933));
#10471=CARTESIAN_POINT('',(-0.00788111517994658,0.00515688190452115,0.066437336364408));
#10472=CARTESIAN_POINT('',(-0.00744378162443109,0.00487067296716147,0.0661618282093892));
#10473=CARTESIAN_POINT('',(-0.00700659454422635,0.00458474645466343,0.0658860889095324));
#10474=CARTESIAN_POINT('',(-0.00656915253825106,0.00429807189911828,0.065611192112808));
#10475=CARTESIAN_POINT('',(-0.00613206159961018,0.00401224523824547,0.0653354306082958));
#10476=CARTESIAN_POINT('',(-0.00570289738182852,0.00373131461428828,0.0650652357243293));
#10477=CARTESIAN_POINT('',(-0.0054198271370724,0.00354611785780972,0.0648868038798679));
#10478=CARTESIAN_POINT('',(-0.00528246867278735,0.00345625339569414,0.064800217774062));
#10479=CARTESIAN_POINT('',(-0.00872422660237775,0.00580333260624883,0.0668025990034403));
#10480=CARTESIAN_POINT('',(-0.00859611663901016,0.00571811159041307,0.0667243122817143));
#10481=CARTESIAN_POINT('',(-0.00832186670668248,0.00553567706670662,0.0665567187067397));
#10482=CARTESIAN_POINT('',(-0.007901594312353,0.00525614344792818,0.0662998332499051));
#10483=CARTESIAN_POINT('',(-0.00746313872107246,0.00496446001570427,0.0660319210900029));
#10484=CARTESIAN_POINT('',(-0.00702488320650218,0.00467297981823501,0.0657640236517179));
#10485=CARTESIAN_POINT('',(-0.0065862157401085,0.00438107879969208,0.0654960957435317));
#10486=CARTESIAN_POINT('',(-0.00614809276096177,0.00408970456097357,0.0652282519774995));
#10487=CARTESIAN_POINT('',(-0.00571770963715829,0.00380330286381476,0.0649654073233184));
#10488=CARTESIAN_POINT('',(-0.00543393225779587,0.0036145501233535,0.0647919611575025));
#10489=CARTESIAN_POINT('',(-0.0052962319719181,0.00352296085064466,0.0647077961921348));
#10490=CARTESIAN_POINT('',(-0.00874186978165533,0.00592638741902129,0.0666336140612727));
#10491=CARTESIAN_POINT('',(-0.00861353644860036,0.0058393866664527,0.0665578262236323));
#10492=CARTESIAN_POINT('',(-0.00833879909036893,0.00565313446129405,0.066395578692627));
#10493=CARTESIAN_POINT('',(-0.00791753368679551,0.00536754482237257,0.0661467949419727));
#10494=CARTESIAN_POINT('',(-0.00747826079470104,0.00506974851061587,0.0658873789795681));
#10495=CARTESIAN_POINT('',(-0.00703923341628014,0.00477212222021638,0.0656281124185467));
#10496=CARTESIAN_POINT('',(-0.006599517011826,0.00447401820576439,0.0653684250530727));
#10497=CARTESIAN_POINT('',(-0.00616054555893653,0.00417642857714493,0.0651091898035167));
#10498=CARTESIAN_POINT('',(-0.00572961676682598,0.00388429142671459,0.0648547054203298));
#10499=CARTESIAN_POINT('',(-0.00544523194130793,0.00369149830586209,0.064686759340764));
#10500=CARTESIAN_POINT('',(-0.00530723354132858,0.0035979449711614,0.0646052630728926));
#10501=CARTESIAN_POINT('',(-7.74387010911514E-7,1.33164530772256E-19,0.0658134199218398));
#10502=CARTESIAN_POINT('',(-1.26098455002256E-6,2.16840434497101E-19,0.0685420332613903));
#10503=CARTESIAN_POINT('',(-0.00914107343453415,0.00196975582881785,0.068534892841948));
#10504=CARTESIAN_POINT('',(-0.00930262270239196,0.000951029150789576,0.0685350409193479));
#10505=CARTESIAN_POINT('',(1.24945292851222E-9,5.79749559043243E-9,0.0614710166871453));
#10506=CARTESIAN_POINT('',(-0.00561580607710792,0.0012101174473813,0.0658105779806328));
#10507=CARTESIAN_POINT('',(-7.74387010911514E-7,1.33164530772256E-19,0.0658134199218398));
#10508=CARTESIAN_POINT('',(-0.00571494863289868,0.000584246202024476,0.0658105638362387));
#10509=CARTESIAN_POINT('',(-0.00930263743571656,0.000951016284498833,0.0685350232491166));
#10510=CARTESIAN_POINT('',(-1.27634307477962E-6,2.20228566286118E-19,0.0686281567457065));
#10511=CARTESIAN_POINT('',(-0.0091400520062657,0.00196955075994311,0.0685341057287083));
#10512=CARTESIAN_POINT('',(-0.00922114703450494,0.0019870187848645,0.0684004333080301));
#10513=CARTESIAN_POINT('',(-0.00855236545301195,0.00377825876478557,0.0685342110712315));
#10514=CARTESIAN_POINT('',(-0.00880431006610203,0.00319522485926968,0.0685425158616526));
#10515=CARTESIAN_POINT('',(-0.00900118478447709,0.00258931066270911,0.0685424787074847));
#10516=CARTESIAN_POINT('',(-0.00914005429423074,0.00196953809832019,0.0685341064225915));
#10517=CARTESIAN_POINT('',(-0.00862824639234001,0.00381178370534978,0.0684005390507008));
#10518=CARTESIAN_POINT('',(-0.00862824149310799,0.00381179479353396,0.0684005390515587));
#10519=CARTESIAN_POINT('',(-0.00991013536316565,0.00357977837557538,0.0666213764030723));
#10520=CARTESIAN_POINT('',(-0.00969001802134691,0.00367205645427489,0.0669044532149765));
#10521=CARTESIAN_POINT('',(-0.00924799113459989,0.00382236571179086,0.0674798229295719));
#10522=CARTESIAN_POINT('',(-0.0088179026252691,0.00386661667318992,0.0680852972271609));
#10523=CARTESIAN_POINT('',(-0.00862824132093349,0.00381179545907545,0.0684005388719539));
#10524=CARTESIAN_POINT('',(-0.00991013533263937,0.00357977836454442,0.0666213764553742));
#10525=CARTESIAN_POINT('',(-0.00990997909637309,0.00357972148559927,0.0666216443703227));
#10526=CARTESIAN_POINT('',(-0.00998773198757112,0.00336493725851675,0.0666213872931841));
#10527=CARTESIAN_POINT('',(-0.010058261997983,0.00314780688996209,0.066621405293784));
#10528=CARTESIAN_POINT('',(-0.0101215668785107,0.00292832964965416,0.0666217021940285));
#10529=CARTESIAN_POINT('',(-0.0101217837472214,0.00292839171038209,0.0666213387118082));
#10530=CARTESIAN_POINT('',(-0.00922114660331232,0.00198702083320413,0.0684004332919577));
#10531=CARTESIAN_POINT('',(-0.0094065550089834,0.00205409295551391,0.0680856058779818));
#10532=CARTESIAN_POINT('',(-0.00972875161624766,0.00234336630911943,0.0674794845915665));
#10533=CARTESIAN_POINT('',(-0.00999796386120277,0.00272433515562678,0.066904379569793));
#10534=CARTESIAN_POINT('',(-0.0101217826453267,0.00292839139146502,0.066621340560244));
#10535=CARTESIAN_POINT('',(-7.83818880698026E-7,1.34678238613434E-19,0.0658663094735696));
#10536=CARTESIAN_POINT('',(-0.00566282721616622,0.00122025085308218,0.0657264612192906));
#10537=CARTESIAN_POINT('',(-0.00589178568845009,0.00130307220095039,0.0653376866599107));
#10538=CARTESIAN_POINT('',(-0.00606373303427662,0.0015475313543242,0.0649817922732851));
#10539=CARTESIAN_POINT('',(-0.00621591453113052,0.00179836643096202,0.0646339020418454));
#10540=CARTESIAN_POINT('',(-0.00566282664775703,0.00122025349156759,0.0657264612190453));
#10541=CARTESIAN_POINT('',(-0.0062159178818042,0.00179836740074067,0.0646338964210651));
#10542=CARTESIAN_POINT('',(-0.0060863083893159,0.00219850589567507,0.0646333015291013));
#10543=CARTESIAN_POINT('',(-0.00613352608437443,0.00206642756215011,0.06463404512766));
#10544=CARTESIAN_POINT('',(-0.00617673559437336,0.0019330499484634,0.0646342328710637));
#10545=CARTESIAN_POINT('',(-0.00621593594992638,0.00179837274249883,0.064633866061347));
#10546=CARTESIAN_POINT('',(-0.00608594609057595,0.00219837985449206,0.0646339195991215));
#10547=CARTESIAN_POINT('',(-0.00608594155382083,0.00219837821512381,0.0646339273721076));
#10548=CARTESIAN_POINT('',(-0.00581568115772427,0.00231169515517313,0.064981480216746));
#10549=CARTESIAN_POINT('',(-0.00553122293682785,0.00240808722514348,0.0653400631062991));
#10550=CARTESIAN_POINT('',(-0.00529871461694689,0.00234087419481428,0.0657265265689057));
#10551=CARTESIAN_POINT('',(-0.00529871442923338,0.00234087485816703,0.065726526413629));
#10552=CARTESIAN_POINT('',(-0.00529871934411444,0.00234086373456757,0.065726526412769));
#10553=CARTESIAN_POINT('',(-0.00528315216575771,0.0023339833703381,0.0657539513008447));
#10554=CARTESIAN_POINT('',(-0.00526758498740097,0.00232710300610863,0.0657813761889205));
#10555=CARTESIAN_POINT('',(-0.00525201780904423,0.00232022264187916,0.0658088010769963));
#10556=CARTESIAN_POINT('',(-0.00561863098858639,0.00121073043328403,0.0658124180813966));
#10557=CARTESIAN_POINT('',(-0.00553637157531282,0.00158977433378296,0.065812432750836));
#10558=CARTESIAN_POINT('',(-0.00541358839823753,0.00196776147129772,0.0658124546469365));
#10559=CARTESIAN_POINT('',(-0.00525740225311536,0.00232260209889434,0.0658124824998362));
#10560=CARTESIAN_POINT('',(-0.00561290959114187,0.00120950423912437,0.0658087406383132));
#10561=CARTESIAN_POINT('',(-0.00562954778880059,0.00121309113372494,0.0657813141653766));
#10562=CARTESIAN_POINT('',(-0.00564618598645931,0.0012166780283255,0.06575388769244));
#10563=CARTESIAN_POINT('',(-0.00566282418411803,0.00122026492292607,0.0657264612195034));
#10564=CARTESIAN_POINT('',(-0.0074106426794905,0.00159689207140803,0.0671179099443435));
#10565=CARTESIAN_POINT('',(-0.00745695098283423,0.00160686039967706,0.0670746923152143));
#10566=CARTESIAN_POINT('',(-0.00693382345963349,0.00306321466400973,0.0671186718715737));
#10567=CARTESIAN_POINT('',(-0.00697751117369653,0.00308253442467204,0.0670748030983019));
#10568=CARTESIAN_POINT('',(-0.00993326508241175,0.00358813100547788,0.0666333989734672));
#10569=CARTESIAN_POINT('',(-0.00978744955833246,0.00353545857569276,0.0665576180522395));
#10570=CARTESIAN_POINT('',(-0.00947527117455885,0.00342269150781586,0.066395377644874));
#10571=CARTESIAN_POINT('',(-0.0089967115608146,0.00324982404325289,0.0661466673953057));
#10572=CARTESIAN_POINT('',(-0.0084975166978007,0.00306950289567646,0.0658872327460396));
#10573=CARTESIAN_POINT('',(-0.00799851569886175,0.00288924981147265,0.0656279006967233));
#10574=CARTESIAN_POINT('',(-0.00749914192563435,0.00270886732674014,0.0653683702020663));
#10575=CARTESIAN_POINT('',(-0.00700018410223255,0.00252863065432682,0.0651090594456665));
#10576=CARTESIAN_POINT('',(-0.00651084433223366,0.00235186748013368,0.0648547492194794));
#10577=CARTESIAN_POINT('',(-0.00618803964032402,0.00223526256964785,0.064686985589766));
#10578=CARTESIAN_POINT('',(-0.00603157527931487,0.00217874385081171,0.0646056700515357));
#10579=CARTESIAN_POINT('',(-0.00982437666162498,0.0036458742069498,0.0668014162324369));
#10580=CARTESIAN_POINT('',(-0.00968014201780012,0.00359233677945576,0.0667231337765526));
#10581=CARTESIAN_POINT('',(-0.00937135040273896,0.0034777201598875,0.066555542555227));
#10582=CARTESIAN_POINT('',(-0.00889804217300592,0.00330207941269621,0.0662987560588062));
#10583=CARTESIAN_POINT('',(-0.00840430462349697,0.00311884459047983,0.066030854737762));
#10584=CARTESIAN_POINT('',(-0.00791057843478385,0.00293565837619467,0.0657630636364711));
#10585=CARTESIAN_POINT('',(-0.00741689762287584,0.00275241817923758,0.0654951277454156));
#10586=CARTESIAN_POINT('',(-0.00692343274290606,0.00256924012695945,0.0652272751410067));
#10587=CARTESIAN_POINT('',(-0.00643900827222191,0.00238960873922813,0.0649647620890909));
#10588=CARTESIAN_POINT('',(-0.00611979162406809,0.00227112119340704,0.0647915087233218));
#10589=CARTESIAN_POINT('',(-0.00596507123510486,0.00221369008810325,0.0647075311947932));
#10590=CARTESIAN_POINT('',(-0.00972884676406899,0.00369009265632339,0.0669436217569291));
#10591=CARTESIAN_POINT('',(-0.00958599851806946,0.00363590535092762,0.0668632520991006));
#10592=CARTESIAN_POINT('',(-0.0092801746445685,0.00351989685483123,0.0666911916963446));
#10593=CARTESIAN_POINT('',(-0.00881140481471699,0.00334210793607241,0.0664275364578595));
#10594=CARTESIAN_POINT('',(-0.00832248311677201,0.00315665987636174,0.0661525061703056));
#10595=CARTESIAN_POINT('',(-0.00783352155147641,0.0029712281727348,0.0658775277915847));
#10596=CARTESIAN_POINT('',(-0.00734475677240011,0.00278580518349608,0.0656025064841296));
#10597=CARTESIAN_POINT('',(-0.00685596546502297,0.00260039140486744,0.0653275042022187));
#10598=CARTESIAN_POINT('',(-0.00637647767425345,0.0024186012131059,0.0650579852622731));
#10599=CARTESIAN_POINT('',(-0.00606031181273808,0.00229867205564939,0.0648801129182214));
#10600=CARTESIAN_POINT('',(-0.00590706726789025,0.00224054195201631,0.0647938965943798));
#10601=CARTESIAN_POINT('',(-0.0095274066994852,0.00376773553378777,0.0672373876950953));
#10602=CARTESIAN_POINT('',(-0.00938749616316778,0.00371241254895488,0.0671527236353467));
#10603=CARTESIAN_POINT('',(-0.00908796494492248,0.00359397167674993,0.0669714652681774));
#10604=CARTESIAN_POINT('',(-0.00862892857543631,0.00341242782065254,0.0666936029183319));
#10605=CARTESIAN_POINT('',(-0.00815012505728646,0.0032230807981645,0.0664038161253348));
#10606=CARTESIAN_POINT('',(-0.00767133717265398,0.00303371657692542,0.0661139672749015));
#10607=CARTESIAN_POINT('',(-0.00719266675478057,0.00284444451715082,0.0658243347083386));
#10608=CARTESIAN_POINT('',(-0.00671388725947675,0.00265513736511481,0.065534635495621));
#10609=CARTESIAN_POINT('',(-0.00624468732448722,0.00246947415537916,0.0652503594560103));
#10610=CARTESIAN_POINT('',(-0.00593501791230305,0.00234702736790964,0.0650629740265318));
#10611=CARTESIAN_POINT('',(-0.00578491815319429,0.00228767748388567,0.0649721497874291));
#10612=CARTESIAN_POINT('',(-0.00941737732342036,0.0038019836342514,0.0673938602829533));
#10613=CARTESIAN_POINT('',(-0.00927909867426972,0.00374615956183384,0.0673068994330538));
#10614=CARTESIAN_POINT('',(-0.00898305967775717,0.00362664598320012,0.0671207243410624));
#10615=CARTESIAN_POINT('',(-0.00852933671477227,0.00344345979143295,0.0668353381927884));
#10616=CARTESIAN_POINT('',(-0.00805605292755724,0.00325238569506662,0.0665376803373649));
#10617=CARTESIAN_POINT('',(-0.00758280834206778,0.0030613366320938,0.0662400717830723));
#10618=CARTESIAN_POINT('',(-0.00710962655701693,0.00287027024960651,0.0659423761358934));
#10619=CARTESIAN_POINT('',(-0.00663611612653704,0.00267934019241289,0.065645334212052));
#10620=CARTESIAN_POINT('',(-0.00617360283750587,0.00249170708669101,0.0653515213281141));
#10621=CARTESIAN_POINT('',(-0.00586734576393222,0.00236819088591238,0.0651593151435363));
#10622=CARTESIAN_POINT('',(-0.00571888599596693,0.00230832587474825,0.0650661748537422));
#10623=CARTESIAN_POINT('',(-0.00922447688885051,0.00384442127822677,0.0676629144250041));
#10624=CARTESIAN_POINT('',(-0.00908904795751381,0.00378797797201044,0.0675720034072932));
#10625=CARTESIAN_POINT('',(-0.0087991075209143,0.00366713866454195,0.0673773729416872));
#10626=CARTESIAN_POINT('',(-0.00835466863724596,0.00348192009238731,0.0670790673124675));
#10627=CARTESIAN_POINT('',(-0.00789107696447808,0.00328871175339965,0.0667678786391671));
#10628=CARTESIAN_POINT('',(-0.00742760582482469,0.00309554965597737,0.0664567619692752));
#10629=CARTESIAN_POINT('',(-0.00696392684152308,0.00290232680125204,0.066145577480522));
#10630=CARTESIAN_POINT('',(-0.00650081109836157,0.00270914393585385,0.0658341528660949));
#10631=CARTESIAN_POINT('',(-0.00604525714829382,0.00251995665032782,0.0655305341518151));
#10632=CARTESIAN_POINT('',(-0.00574563794833058,0.0023949937325212,0.0653291153593616));
#10633=CARTESIAN_POINT('',(-0.00560042423003131,0.00233442159386205,0.0652314712826287));
#10634=CARTESIAN_POINT('',(-0.00913683356938292,0.00385771846169083,0.0677834195781813));
#10635=CARTESIAN_POINT('',(-0.00900268943336717,0.00380108008152409,0.0676907426107773));
#10636=CARTESIAN_POINT('',(-0.00871550008984418,0.00367982303035408,0.0674923308771943));
#10637=CARTESIAN_POINT('',(-0.00827529071326055,0.00349396121814281,0.0671882147837403));
#10638=CARTESIAN_POINT('',(-0.0078161117097964,0.00330008466025846,0.066870963932301));
#10639=CARTESIAN_POINT('',(-0.00735701689958706,0.00310625790621769,0.066553851299097));
#10640=CARTESIAN_POINT('',(-0.00689786847674106,0.00291236082316924,0.0662364288583503));
#10641=CARTESIAN_POINT('',(-0.0064385378573082,0.0027185621367561,0.0659198480959409));
#10642=CARTESIAN_POINT('',(-0.00598961807740281,0.00252851067649145,0.0656069372960547));
#10643=CARTESIAN_POINT('',(-0.00569253097960309,0.00240314394516965,0.0654020667675913));
#10644=CARTESIAN_POINT('',(-0.00554851876247436,0.00234237840422022,0.0653027871108458));
#10645=CARTESIAN_POINT('',(-0.00898546330580731,0.00386853838655119,0.0679899012758829));
#10646=CARTESIAN_POINT('',(-0.00885353608335172,0.00381173945032124,0.0678941889964265));
#10647=CARTESIAN_POINT('',(-0.00857109360089222,0.00369013876700032,0.0676892786720894));
#10648=CARTESIAN_POINT('',(-0.00813817806421213,0.00350375295383854,0.0673751937711748));
#10649=CARTESIAN_POINT('',(-0.00768660219430553,0.0033093353832248,0.0670475800466822));
#10650=CARTESIAN_POINT('',(-0.00723513484336078,0.00311496299840792,0.0667200377250502));
#10651=CARTESIAN_POINT('',(-0.00678353606809363,0.00292053583208898,0.0663924154238259));
#10652=CARTESIAN_POINT('',(-0.00633216651732816,0.00272620938986628,0.0660649188127374));
#10653=CARTESIAN_POINT('',(-0.00588933008408824,0.00253554174487853,0.065743749824689));
#10654=CARTESIAN_POINT('',(-0.0055973475595179,0.00240983366215796,0.0655318990221246));
#10655=CARTESIAN_POINT('',(-0.00545582482299463,0.00234890357887866,0.0654292145539272));
#10656=CARTESIAN_POINT('',(-0.00892407198578652,0.00386921618551406,0.068073384063055));
#10657=CARTESIAN_POINT('',(-0.00879304042757165,0.00381240534351355,0.0679764466183324));
#10658=CARTESIAN_POINT('',(-0.00851251584173492,0.00369077923688207,0.0677689131510175));
#10659=CARTESIAN_POINT('',(-0.00808254987482762,0.00350435620254699,0.0674508025237894));
#10660=CARTESIAN_POINT('',(-0.00763402499569563,0.00330990416413658,0.0671190436859804));
#10661=CARTESIAN_POINT('',(-0.00718574413807157,0.00311548938911239,0.0667871464653184));
#10662=CARTESIAN_POINT('',(-0.00673681602704214,0.00292104703315637,0.0664559465084643));
#10663=CARTESIAN_POINT('',(-0.00629023086212361,0.00272665543545099,0.0661219731414837));
#10664=CARTESIAN_POINT('',(-0.00584407807900394,0.00253603392540328,0.0658050855999206));
#10665=CARTESIAN_POINT('',(-0.00555497843312992,0.00241029126270583,0.0655893308854748));
#10666=CARTESIAN_POINT('',(-0.00541492401342829,0.00234934350835751,0.0654846599987822));
#10667=CARTESIAN_POINT('',(-0.00882066972550516,0.003861961176993,0.068214231263291));
#10668=CARTESIAN_POINT('',(-0.00869115476597063,0.00380525537642787,0.068115218064487));
#10669=CARTESIAN_POINT('',(-0.00841387702141425,0.00368385432994166,0.0679032410885756));
#10670=CARTESIAN_POINT('',(-0.0079888866349401,0.0034977809718684,0.0675783320135432));
#10671=CARTESIAN_POINT('',(-0.00754558507672591,0.0033036858624118,0.0672394580030214));
#10672=CARTESIAN_POINT('',(-0.00710240949054895,0.00310966317340268,0.066900559648976));
#10673=CARTESIAN_POINT('',(-0.00665900620543745,0.00291547783312578,0.0665619483946805));
#10674=CARTESIAN_POINT('',(-0.00621638074211144,0.0027218724948635,0.0662222622399954));
#10675=CARTESIAN_POINT('',(-0.00577983975934106,0.00253004039408164,0.0658932520685072));
#10676=CARTESIAN_POINT('',(-0.0054934399332417,0.00240475034275411,0.0656736568744741));
#10677=CARTESIAN_POINT('',(-0.00535464316015034,0.00234403948461441,0.0655671826783331));
#10678=CARTESIAN_POINT('',(-0.00878346684647329,0.0038574767903105,0.0682650258735156));
#10679=CARTESIAN_POINT('',(-0.00865449857455553,0.00380083630840891,0.0681652635997591));
#10680=CARTESIAN_POINT('',(-0.00837839073966481,0.00367957507929488,0.0679516837584281));
#10681=CARTESIAN_POINT('',(-0.00795518046870009,0.00349371541310189,0.0676243398438244));
#10682=CARTESIAN_POINT('',(-0.00751377635866543,0.00329984472255745,0.0672828735828153));
#10683=CARTESIAN_POINT('',(-0.00707235297014305,0.00310604166038014,0.0669415699767702));
#10684=CARTESIAN_POINT('',(-0.00663122283619648,0.00291208954715427,0.066599886273326));
#10685=CARTESIAN_POINT('',(-0.0061890217778185,0.00271868065541067,0.0662594851835742));
#10686=CARTESIAN_POINT('',(-0.00575954203017994,0.0025271562917355,0.0659212708086864));
#10687=CARTESIAN_POINT('',(-0.00547360264336593,0.00240199792341798,0.0657009777226155));
#10688=CARTESIAN_POINT('',(-0.00533497028819214,0.00234134989404204,0.0655942404788813));
#10689=CARTESIAN_POINT('',(-0.00873417897062865,0.00384807862886797,0.0683334651327404));
#10690=CARTESIAN_POINT('',(-0.00860592779242078,0.00379157513768651,0.0682327048487801));
#10691=CARTESIAN_POINT('',(-0.008331356638506,0.00367060748265867,0.0680169865302808));
#10692=CARTESIAN_POINT('',(-0.0079105404751803,0.00348520553388449,0.0676863159165186));
#10693=CARTESIAN_POINT('',(-0.00747152544372561,0.00329179168082721,0.0673415239909583));
#10694=CARTESIAN_POINT('',(-0.0070328816091989,0.00309851852419153,0.0669963623595528));
#10695=CARTESIAN_POINT('',(-0.00659312735095357,0.00290483475049825,0.0666527431324178));
#10696=CARTESIAN_POINT('',(-0.00615736779400239,0.00271263059241957,0.0663033979682487));
#10697=CARTESIAN_POINT('',(-0.00571577901888168,0.00251888412774968,0.0659819337900097));
#10698=CARTESIAN_POINT('',(-0.00543351798715105,0.0023944127739398,0.0657565389297623));
#10699=CARTESIAN_POINT('',(-0.00529683184505743,0.00233412787807237,0.0656471027562687));
#10700=CARTESIAN_POINT('',(-0.00870453568337349,0.00384015633403545,0.0683755477058362));
#10701=CARTESIAN_POINT('',(-0.00857672096311572,0.00378376907422495,0.0682741673234941));
#10702=CARTESIAN_POINT('',(-0.0083030842721964,0.00366305026548356,0.0680571214630048));
#10703=CARTESIAN_POINT('',(-0.00788370179129971,0.00347802992331306,0.0677244166952102));
#10704=CARTESIAN_POINT('',(-0.00744617724628168,0.00328501690103108,0.0673775019526341));
#10705=CARTESIAN_POINT('',(-0.00700903927319687,0.00309213262576276,0.0670302180409208));
#10706=CARTESIAN_POINT('',(-0.00657073630791791,0.00289888650992492,0.0666844783151535));
#10707=CARTESIAN_POINT('',(-0.00613659329007533,0.00270691840258409,0.0663330185125517));
#10708=CARTESIAN_POINT('',(-0.00569601313378674,0.00251415181793323,0.066009429536829));
#10709=CARTESIAN_POINT('',(-0.00541478306687308,0.00238985474011138,0.0657826740669683));
#10710=CARTESIAN_POINT('',(-0.00527860175406721,0.00232964770758506,0.065672578976894));
#10711=CARTESIAN_POINT('',(-0.00866557963686907,0.00382829081023833,0.0684305262688625));
#10712=CARTESIAN_POINT('',(-0.00853834025626055,0.00377207894042158,0.0683283376681319));
#10713=CARTESIAN_POINT('',(-0.0082659343640316,0.00365173534325777,0.0681095628139734));
#10714=CARTESIAN_POINT('',(-0.0078484133121047,0.00346728266150516,0.0677742429526626));
#10715=CARTESIAN_POINT('',(-0.00741290313015156,0.00327488248434781,0.0674244755312957));
#10716=CARTESIAN_POINT('',(-0.00697749128598546,0.00308252571889652,0.0670747872080855));
#10717=CARTESIAN_POINT('',(-0.00654197661348936,0.0028901230442559,0.0667250158090679));
#10718=CARTESIAN_POINT('',(-0.00610656771593166,0.00269776830121986,0.0663753297337229));
#10719=CARTESIAN_POINT('',(-0.0056797002089638,0.00250918619441966,0.066032504003919));
#10720=CARTESIAN_POINT('',(-0.00539806550357604,0.00238476547276152,0.0658063172813908));
#10721=CARTESIAN_POINT('',(-0.00526155577461208,0.00232445813947948,0.0656966834582863));
#10722=CARTESIAN_POINT('',(-0.00799849614784071,0.00288924338477481,0.0656278895537682));
#10723=CARTESIAN_POINT('',(-0.000185962569933317,6.90343648097505E-5,0.0858469882348888));
#10724=CARTESIAN_POINT('',(-0.0102082872513361,0.00295341831961367,0.0666653568317821));
#10725=CARTESIAN_POINT('',(-0.0100383915017953,0.0029042652322156,0.0665789085220062));
#10726=CARTESIAN_POINT('',(-0.00969859228061741,0.00280595682331492,0.0664060079732087));
#10727=CARTESIAN_POINT('',(-0.00918872537089272,0.00265844372616016,0.0661465682485324));
#10728=CARTESIAN_POINT('',(-0.00867892563979458,0.00251095109425166,0.0658871648632804));
#10729=CARTESIAN_POINT('',(-0.00816941194686786,0.00236354430259968,0.0656279108721848));
#10730=CARTESIAN_POINT('',(-0.00765909532271992,0.00221589606593559,0.0653682360969494));
#10731=CARTESIAN_POINT('',(-0.00714964614752057,0.00206850686149456,0.065109013415787));
#10732=CARTESIAN_POINT('',(-0.00663975875209245,0.00192099101499164,0.0648495690154303));
#10733=CARTESIAN_POINT('',(-0.00629994786594533,0.00182267855520331,0.0646766611861072));
#10734=CARTESIAN_POINT('',(-0.00613002380390519,0.00177351693855881,0.0645901977974552));
#10735=CARTESIAN_POINT('',(-0.00926108211792812,0.0019956242570168,0.0684304433452306));
#10736=CARTESIAN_POINT('',(-0.00912507805885709,0.00196631721353546,0.0683282403063709));
#10737=CARTESIAN_POINT('',(-0.0088339276258512,0.00190357825253493,0.068109449348459));
#10738=CARTESIAN_POINT('',(-0.00838772143623185,0.00180742786961898,0.0677741386934958));
#10739=CARTESIAN_POINT('',(-0.00792228298854074,0.00170713271206995,0.0674243755807748));
#10740=CARTESIAN_POINT('',(-0.00745691260745059,0.00160685182349726,0.0670746633611891));
#10741=CARTESIAN_POINT('',(-0.00699153506410637,0.00150657123290144,0.0667249464558371));
#10742=CARTESIAN_POINT('',(-0.00652617681889291,0.00140629232850644,0.0663752430128058));
#10743=CARTESIAN_POINT('',(-0.00606968479684547,0.00130792561197896,0.0660322036753293));
#10744=CARTESIAN_POINT('',(-0.00576837711729961,0.00124299811436514,0.0658057798575972));
#10745=CARTESIAN_POINT('',(-0.0056221661480041,0.00121149173358701,0.0656959066263173));
#10746=CARTESIAN_POINT('',(-0.00929526579756372,0.00200744211212138,0.0683815796268146));
#10747=CARTESIAN_POINT('',(-0.0091587670112592,0.00197796404709105,0.0682800827093661));
#10748=CARTESIAN_POINT('',(-0.00886655269965525,0.00191485724198652,0.0680628117098529));
#10749=CARTESIAN_POINT('',(-0.00841858857152667,0.00181809709383254,0.0677300520820501));
#10750=CARTESIAN_POINT('',(-0.00795188969931324,0.00171736640193362,0.0673820836507517));
#10751=CARTESIAN_POINT('',(-0.00748307343561631,0.0016158928960579,0.0670373218883512));
#10752=CARTESIAN_POINT('',(-0.00701702774421398,0.00151538159027477,0.0666885467734323));
#10753=CARTESIAN_POINT('',(-0.00654972185564347,0.00141442623796335,0.0663416810324043));
#10754=CARTESIAN_POINT('',(-0.00609160243854334,0.00131550623272935,0.0660008142070279));
#10755=CARTESIAN_POINT('',(-0.00578919155277365,0.00125019656117875,0.065775977890871));
#10756=CARTESIAN_POINT('',(-0.00564244485423215,0.00121850449885995,0.0656668770809671));
#10757=CARTESIAN_POINT('',(-0.00931963083597937,0.00201673320271387,0.0683459341555541));
#10758=CARTESIAN_POINT('',(-0.00918278429340522,0.00198712388969348,0.0682449470277798));
#10759=CARTESIAN_POINT('',(-0.00888981911862814,0.0019237326233851,0.0680287775920819));
#10760=CARTESIAN_POINT('',(-0.00844053387623083,0.00182644362103027,0.0676979783767019));
#10761=CARTESIAN_POINT('',(-0.00797326541301406,0.00172559030800874,0.0673507874148443));
#10762=CARTESIAN_POINT('',(-0.00750080580921679,0.00162237291727358,0.067011579191188));
#10763=CARTESIAN_POINT('',(-0.0070400649695379,0.0015245223188652,0.0666546966250934));
#10764=CARTESIAN_POINT('',(-0.00656954579185679,0.00142215036991268,0.0663126660003053));
#10765=CARTESIAN_POINT('',(-0.00611044755273221,0.00132289427858271,0.0659731487726676));
#10766=CARTESIAN_POINT('',(-0.00580706760558901,0.00125720003899422,0.0657497461583482));
#10767=CARTESIAN_POINT('',(-0.00565984629236334,0.00122531915989692,0.0656413484095524));
#10768=CARTESIAN_POINT('',(-0.00937180140319805,0.00204058286134624,0.0682676300576528));
#10769=CARTESIAN_POINT('',(-0.00923416244758974,0.00201060963352756,0.0681678385261566));
#10770=CARTESIAN_POINT('',(-0.0089395210144546,0.00194644917683,0.0679541983511725));
#10771=CARTESIAN_POINT('',(-0.00848820144105787,0.0018482436171589,0.0676264717707498));
#10772=CARTESIAN_POINT('',(-0.00801645772173665,0.00174528137961286,0.0672860088557716));
#10773=CARTESIAN_POINT('',(-0.00754831199943224,0.001644265606735,0.0669403272698932));
#10774=CARTESIAN_POINT('',(-0.00707289853562737,0.00153934545833964,0.0666054562489559));
#10775=CARTESIAN_POINT('',(-0.00660335077879023,0.00143751608219374,0.0662620228282083));
#10776=CARTESIAN_POINT('',(-0.00614101541678748,0.00133676828616506,0.0659272761985018));
#10777=CARTESIAN_POINT('',(-0.0058362156003905,0.00127042962091391,0.0657060208017749));
#10778=CARTESIAN_POINT('',(-0.00568831499391177,0.00123824063699623,0.0655986514391071));
#10779=CARTESIAN_POINT('',(-0.00940129954422924,0.00205685433404253,0.0682219000283482));
#10780=CARTESIAN_POINT('',(-0.00926323991146256,0.00202664819583502,0.0681227661642564));
#10781=CARTESIAN_POINT('',(-0.00896769098185084,0.00196198547880032,0.0679105439455303));
#10782=CARTESIAN_POINT('',(-0.00851479619718308,0.00186291287049396,0.0675852579727891));
#10783=CARTESIAN_POINT('',(-0.00804218165883077,0.00175946174145702,0.0672461707152877));
#10784=CARTESIAN_POINT('',(-0.00757028958479519,0.00165640750443598,0.0669062342728775));
#10785=CARTESIAN_POINT('',(-0.00709590697103027,0.00155191033267375,0.0665699161740073));
#10786=CARTESIAN_POINT('',(-0.00662419876825925,0.00144893359726073,0.0662298181978868));
#10787=CARTESIAN_POINT('',(-0.00616056433109727,0.00134747091028448,0.0658970445137918));
#10788=CARTESIAN_POINT('',(-0.00585477757270419,0.00128059230725313,0.065677327126568));
#10789=CARTESIAN_POINT('',(-0.00570639629479748,0.00124814039430679,0.065570707282387));
#10790=CARTESIAN_POINT('',(-0.00946831577540849,0.00209765127985403,0.068115204371746));
#10791=CARTESIAN_POINT('',(-0.00932928611958393,0.00206685266846329,0.0680176274405819));
#10792=CARTESIAN_POINT('',(-0.00903165396027194,0.00200091779458865,0.0678087470142563));
#10793=CARTESIAN_POINT('',(-0.00857538947432262,0.0018997938838463,0.0674888164020581));
#10794=CARTESIAN_POINT('',(-0.00809995501123689,0.00179462993017802,0.0671542231324198));
#10795=CARTESIAN_POINT('',(-0.00762268376558281,0.00168827346372592,0.0668229115107799));
#10796=CARTESIAN_POINT('',(-0.00714951224133418,0.00158448465013108,0.0664846026831071));
#10797=CARTESIAN_POINT('',(-0.00667306657067977,0.00147862431646915,0.066152120342587));
#10798=CARTESIAN_POINT('',(-0.00620630691953724,0.00137526746306536,0.0658242679555643));
#10799=CARTESIAN_POINT('',(-0.00589823322466797,0.0013069943146454,0.0656082137854985));
#10800=CARTESIAN_POINT('',(-0.00574873916537404,0.00127386373824416,0.0655033771523725));
#10801=CARTESIAN_POINT('',(-0.00950640391639896,0.00212411183395853,0.0680521405232943));
#10802=CARTESIAN_POINT('',(-0.0093668128761886,0.00209292254265084,0.0679555005118521));
#10803=CARTESIAN_POINT('',(-0.00906798198505264,0.00202615344170148,0.0677486191529571));
#10804=CARTESIAN_POINT('',(-0.00860996152111075,0.00192380742629192,0.067431575559376));
#10805=CARTESIAN_POINT('',(-0.0081322585439495,0.00181709878911779,0.0671007246427175));
#10806=CARTESIAN_POINT('',(-0.00765440246785247,0.00171021461470301,0.0667704766103652));
#10807=CARTESIAN_POINT('',(-0.00717745660337507,0.00160406371320612,0.0664382126756222));
#10808=CARTESIAN_POINT('',(-0.0066996349002913,0.0014971679348403,0.0661080798864244));
#10809=CARTESIAN_POINT('',(-0.00623089910613517,0.00139244855742946,0.0657835069121318));
#10810=CARTESIAN_POINT('',(-0.00592161810277745,0.00132333020824307,0.0655694601459039));
#10811=CARTESIAN_POINT('',(-0.00577153950529477,0.00128979022712998,0.0654655954868989));
#10812=CARTESIAN_POINT('',(-0.00962682625372187,0.00221639377718588,0.0678456141524443));
#10813=CARTESIAN_POINT('',(-0.00948547422340232,0.00218385058124481,0.0677520137954692));
#10814=CARTESIAN_POINT('',(-0.00918287036237999,0.00211418192282608,0.0675516385126135));
#10815=CARTESIAN_POINT('',(-0.00871898422866052,0.00200736053460511,0.0672445377280517));
#10816=CARTESIAN_POINT('',(-0.00823529265711804,0.00189606849403806,0.0669239903534516));
#10817=CARTESIAN_POINT('',(-0.00775123503389342,0.00178437553287247,0.0666043795507366));
#10818=CARTESIAN_POINT('',(-0.00726880651205637,0.00167424533566799,0.0662814230496713));
#10819=CARTESIAN_POINT('',(-0.00678475305391529,0.00156250548862285,0.0659620036327617));
#10820=CARTESIAN_POINT('',(-0.00631013001812828,0.00145326517233725,0.0656476107261716));
#10821=CARTESIAN_POINT('',(-0.00599691020073617,0.00138112132790053,0.0654403243323828));
#10822=CARTESIAN_POINT('',(-0.00584491955845073,0.00134611264979409,0.0653397407312486));
#10823=CARTESIAN_POINT('',(-0.00970930444075033,0.00229620963238462,0.0676904450160931));
#10824=CARTESIAN_POINT('',(-0.00956673817374341,0.00226249204564038,0.0675991277265413));
#10825=CARTESIAN_POINT('',(-0.00926153301302761,0.00219030882785571,0.0674036381022367));
#10826=CARTESIAN_POINT('',(-0.00879360902358969,0.0020796208332189,0.0671039766466627));
#10827=CARTESIAN_POINT('',(-0.00830572461533755,0.00196427446822987,0.0667913507712258));
#10828=CARTESIAN_POINT('',(-0.00781770262450012,0.00184874075894392,0.066479099761355));
#10829=CARTESIAN_POINT('',(-0.00733029070026197,0.00173389809399946,0.0661655939917271));
#10830=CARTESIAN_POINT('',(-0.00684231679622652,0.00161833813599738,0.0658534872415339));
#10831=CARTESIAN_POINT('',(-0.00636368536400709,0.00150520374811498,0.0655467214868098));
#10832=CARTESIAN_POINT('',(-0.00604780119331463,0.00143047954480761,0.0653444360409792));
#10833=CARTESIAN_POINT('',(-0.00589451740908209,0.00139421859899571,0.0652462787217575));
#10834=CARTESIAN_POINT('',(-0.00985309970887958,0.0024586125151675,0.067394743213548));
#10835=CARTESIAN_POINT('',(-0.00970841027964147,0.00242250997398299,0.0673077498886923));
#10836=CARTESIAN_POINT('',(-0.00939866482548071,0.0023452237405535,0.0671215158816895));
#10837=CARTESIAN_POINT('',(-0.00892391189073124,0.00222678344991343,0.0668360152432424));
#10838=CARTESIAN_POINT('',(-0.00842870530427553,0.0021031805391577,0.0665384013333718));
#10839=CARTESIAN_POINT('',(-0.0079336754643732,0.00197977474227729,0.066240418909208));
#10840=CARTESIAN_POINT('',(-0.00743814547540332,0.00185569973697067,0.065943811095178));
#10841=CARTESIAN_POINT('',(-0.006943293657859,0.00173237813679456,0.0656458228572297));
#10842=CARTESIAN_POINT('',(-0.00645742928309823,0.00161108039144769,0.0653538972084142));
#10843=CARTESIAN_POINT('',(-0.00613689685231947,0.00153111782229545,0.0651611322147597));
#10844=CARTESIAN_POINT('',(-0.00598135918188364,0.00149231696383146,0.0650675910196141));
#10845=CARTESIAN_POINT('',(-0.00991658271684717,0.00254398686351877,0.067250359946663));
#10846=CARTESIAN_POINT('',(-0.00977095075109649,0.00250662640504748,0.067165481390824));
#10847=CARTESIAN_POINT('',(-0.00945919137666165,0.00242664909804453,0.0669837760292341));
#10848=CARTESIAN_POINT('',(-0.00898145341344092,0.0023041327304191,0.0667052545968065));
#10849=CARTESIAN_POINT('',(-0.00848303340392407,0.00217621775602983,0.0664149025884312));
#10850=CARTESIAN_POINT('',(-0.00798480541198937,0.00204856176987165,0.0661241282703945));
#10851=CARTESIAN_POINT('',(-0.00748611775276092,0.00192006949249199,0.0658349089784621));
#10852=CARTESIAN_POINT('',(-0.00698803578566379,0.00179249668875565,0.0655440934157437));
#10853=CARTESIAN_POINT('',(-0.00649903079478457,0.00166696661353904,0.0652593566655671));
#10854=CARTESIAN_POINT('',(-0.00617642400609041,0.00158422846226046,0.065071272200982));
#10855=CARTESIAN_POINT('',(-0.00601987972484923,0.00154408098278989,0.0649800013812259));
#10856=CARTESIAN_POINT('',(-0.0100352615171403,0.00272640797052693,0.0669542446544064));
#10857=CARTESIAN_POINT('',(-0.00988788960866432,0.00268636767919586,0.0668737211736403));
#10858=CARTESIAN_POINT('',(-0.00957240663561236,0.00260065408290002,0.066701339452624));
#10859=CARTESIAN_POINT('',(-0.00908899342781052,0.0024693613337381,0.0664371209617437));
#10860=CARTESIAN_POINT('',(-0.00858461867050279,0.00233228877500584,0.0661616247622788));
#10861=CARTESIAN_POINT('',(-0.0080804704915571,0.00219543954218125,0.065885897403691));
#10862=CARTESIAN_POINT('',(-0.00757584871313884,0.00205795770096458,0.0656110125872321));
#10863=CARTESIAN_POINT('',(-0.0070718228259089,0.00192117372207856,0.0653352630193255));
#10864=CARTESIAN_POINT('',(-0.00657684870539163,0.00178659696635118,0.0650650798713336));
#10865=CARTESIAN_POINT('',(-0.00625040240257952,0.00169792806622324,0.0648866557621869));
#10866=CARTESIAN_POINT('',(-0.0060919963385591,0.00165490321151629,0.0648000734098298));
#10867=CARTESIAN_POINT('',(-0.0100906074791431,0.0028236568612301,0.0668023553347744));
#10868=CARTESIAN_POINT('',(-0.00994243223842911,0.00278219069981292,0.0667240721913183));
#10869=CARTESIAN_POINT('',(-0.00962522822269516,0.00269342381003902,0.0665564862764071));
#10870=CARTESIAN_POINT('',(-0.00913914254332912,0.00255742869412468,0.0662996125561502));
#10871=CARTESIAN_POINT('',(-0.00863200902097109,0.00241549672808843,0.0660317126436821));
#10872=CARTESIAN_POINT('',(-0.00812512858599295,0.00227369622349853,0.0657638274433778));
#10873=CARTESIAN_POINT('',(-0.0076177263204209,0.00213162279271749,0.0654959117927672));
#10874=CARTESIAN_POINT('',(-0.00711100467764381,0.0019898821081481,0.0652280802600333));
#10875=CARTESIAN_POINT('',(-0.00661318071819396,0.00185047912032287,0.0649652476326734));
#10876=CARTESIAN_POINT('',(-0.00628496307445642,0.00175864706981153,0.0647918093919537));
#10877=CARTESIAN_POINT('',(-0.00612569894413749,0.00171408758485286,0.0647076482720973));
#10878=CARTESIAN_POINT('',(-0.0101454116926445,0.00293522758830571,0.0666333637656262));
#10879=CARTESIAN_POINT('',(-0.00999647406765685,0.00289213795940694,0.0665575796023787));
#10880=CARTESIAN_POINT('',(-0.00967762680057221,0.00279989115630297,0.0663953399375569));
#10881=CARTESIAN_POINT('',(-0.00918872537089272,0.00265844372616016,0.0661465682485324));
#10882=CARTESIAN_POINT('',(-0.00867892563979458,0.00251095109425166,0.0658871648632804));
#10883=CARTESIAN_POINT('',(-0.00816941194686786,0.00236354430259968,0.0656279108721848));
#10884=CARTESIAN_POINT('',(-0.00765909532271992,0.00221589606593559,0.0653682360969494));
#10885=CARTESIAN_POINT('',(-0.00714964614752057,0.00206850686149456,0.065109013415787));
#10886=CARTESIAN_POINT('',(-0.00664953094713732,0.00192381821495218,0.0648545413707117));
#10887=CARTESIAN_POINT('',(-0.00631948708959509,0.00182833154861943,0.0646866034335867));
#10888=CARTESIAN_POINT('',(-0.00615933253068578,0.00178199639909227,0.0646051111168549));
#10889=CARTESIAN_POINT('',(-7.74387010911514E-7,1.33164530772256E-19,0.0658134199218398));
#10890=CARTESIAN_POINT('',(-1.26098455002256E-6,2.16840434497101E-19,0.0685420332613903));
#10891=CARTESIAN_POINT('',(-0.00930242714092148,-0.000951008604517256,0.0685348640675096));
#10892=CARTESIAN_POINT('',(-6.03224282976819E-10,5.89984814063705E-9,0.0614710166868149));
#10893=CARTESIAN_POINT('',(-0.00571493369950067,-0.000584250261400982,0.0658105603030614));
#10894=CARTESIAN_POINT('',(-7.74387010911514E-7,1.33164530772256E-19,0.0658134199218398));
#10895=CARTESIAN_POINT('',(-0.00287388685999366,2.12909422536363E-19,0.0658129075555625));
#10896=CARTESIAN_POINT('',(0.,-1.22464679914735E-19,0.0658134200599374));
#10897=CARTESIAN_POINT('',(-0.002,3.4379996401839E-16,0.0658130633970625));
#10898=CARTESIAN_POINT('',(-0.00571780978909356,-0.000584540121401114,0.0658124003946985));
#10899=CARTESIAN_POINT('',(-0.00575670744307894,-0.000198628392816631,0.065812393458024));
#10900=CARTESIAN_POINT('',(-0.00575673814971995,0.000198800826335489,0.065812393452548));
#10901=CARTESIAN_POINT('',(-0.00571784808112494,0.000584538491353621,0.0658124003878699));
#10902=CARTESIAN_POINT('',(-1.73514699245044E-18,7.22223729145214E-35,0.0614710166869134));
#10903=CARTESIAN_POINT('',(-0.00930139070473749,0.000950900628024924,0.0685340774964816));
#10904=CARTESIAN_POINT('',(-0.00936083696140367,0.000318547724770721,0.0685424166154113));
#10905=CARTESIAN_POINT('',(-0.00936083816429734,-0.00031854855500473,0.0685424145699803));
#10906=CARTESIAN_POINT('',(-0.00930139059160644,-0.000950900790195017,0.0685340776512577));
#10907=CARTESIAN_POINT('',(-0.000198406465561296,9.53328643668052E-6,0.0858469860109527));
#10908=CARTESIAN_POINT('',(-0.00849988346885707,0.000276391623068015,0.0656278001406465));
#10909=CARTESIAN_POINT('',(-0.0105313560872207,0.000342455178008727,0.0666212656721841));
#10910=CARTESIAN_POINT('',(-0.00646744302739099,0.000210297046468292,0.0646338515662244));
#10911=CARTESIAN_POINT('',(-0.00646782653744148,0.000210304928230559,0.0646332334924213));
#10912=CARTESIAN_POINT('',(-0.00647191879157608,7.0099939471766E-5,0.0646339847816019));
#10913=CARTESIAN_POINT('',(-0.00647179753068917,-7.01021715027751E-5,0.0646341802522447));
#10914=CARTESIAN_POINT('',(-0.00646746173640177,-0.000210301401904545,0.0646338212063928));
#10915=CARTESIAN_POINT('',(-0.00646744290216791,-0.000210300897188699,0.0646338515662467));
#10916=CARTESIAN_POINT('',(-0.0106213599012718,-0.000345380208941229,0.0666652831679426));
#10917=CARTESIAN_POINT('',(-0.0104445895476903,-0.00033963166390719,0.0665788360841248));
#10918=CARTESIAN_POINT('',(-0.0100910408059671,-0.000328134312556428,0.0664059379872991));
#10919=CARTESIAN_POINT('',(-0.00956054224061585,-0.000310884364435386,0.0661465019418955));
#10920=CARTESIAN_POINT('',(-0.00903011389036121,-0.000293635710042894,0.0658871022353748));
#10921=CARTESIAN_POINT('',(-0.00849998410597544,-0.000276393799136944,0.0656278519207765));
#10922=CARTESIAN_POINT('',(-0.0079690160743349,-0.000259133419882709,0.0653681808283363));
#10923=CARTESIAN_POINT('',(-0.00743895308497452,-0.00024189471789366,0.0651089618232649));
#10924=CARTESIAN_POINT('',(-0.0069084341869254,-0.000224641054385365,0.0648495211021538));
#10925=CARTESIAN_POINT('',(-0.00655487309930045,-0.000213143951385233,0.0646766157249239));
#10926=CARTESIAN_POINT('',(-0.00637807318311839,-0.000207394769934257,0.0645901535624529));
#10927=CARTESIAN_POINT('',(-0.010531356148228,-0.000342453302038399,0.0666212656721732));
#10928=CARTESIAN_POINT('',(-0.0105311899234785,0.000342449377342029,0.0666215335889043));
#10929=CARTESIAN_POINT('',(-0.0105387653399543,0.000114150460051013,0.0666212890266144));
#10930=CARTESIAN_POINT('',(-0.0105387463934068,-0.000114147762340649,0.0666213196083107));
#10931=CARTESIAN_POINT('',(-0.0105311307191805,-0.000342445289151441,0.0666216291559199));
#10932=CARTESIAN_POINT('',(-0.00942455505361418,-0.000963496745308731,0.068430414192867));
#10933=CARTESIAN_POINT('',(-0.00928615024038915,-0.0009493474672446,0.0683282115821373));
#10934=CARTESIAN_POINT('',(-0.00898986040891042,-0.000919057391652367,0.0681094215407416));
#10935=CARTESIAN_POINT('',(-0.00853577807545739,-0.000872635024586823,0.0677741122903425));
#10936=CARTESIAN_POINT('',(-0.00806212384568971,-0.000824212274392773,0.0674243506427538));
#10937=CARTESIAN_POINT('',(-0.00758853876090685,-0.000775796984527317,0.0670746398881079));
#10938=CARTESIAN_POINT('',(-0.00711494695645458,-0.000727379198269041,0.0667249244476169));
#10939=CARTESIAN_POINT('',(-0.00664137402679756,-0.00067896577104689,0.0663752224695221));
#10940=CARTESIAN_POINT('',(-0.0061768243331748,-0.000631473191441788,0.0660321845689818));
#10941=CARTESIAN_POINT('',(-0.00587019802455442,-0.000600126196737173,0.0658057616997284));
#10942=CARTESIAN_POINT('',(-0.00572140616329633,-0.000584914926756115,0.0656958889287027));
#10943=CARTESIAN_POINT('',(-0.00946071715645165,-0.000962823327727208,0.0683815501216359));
#10944=CARTESIAN_POINT('',(-0.00932178898726559,-0.000948683782788829,0.0682800536374228));
#10945=CARTESIAN_POINT('',(-0.00902437369030081,-0.000918414707406144,0.0680627835654089));
#10946=CARTESIAN_POINT('',(-0.00856843105241823,-0.000872028888097262,0.067730025360425));
#10947=CARTESIAN_POINT('',(-0.00809344351584401,-0.000823630764193115,0.0673820584072561));
#10948=CARTESIAN_POINT('',(-0.00761621270614803,-0.000775284611708931,0.0670372981454337));
#10949=CARTESIAN_POINT('',(-0.00714191416843771,-0.000726879727631859,0.0666885245022568));
#10950=CARTESIAN_POINT('',(-0.00666627991074077,-0.000678507629343306,0.0663416602464387));
#10951=CARTESIAN_POINT('',(-0.00620001151579768,-0.0006310382461265,0.0660007948742813));
#10952=CARTESIAN_POINT('',(-0.00589221791132416,-0.000599713723485618,0.0657759595180323));
#10953=CARTESIAN_POINT('',(-0.005742859169266,-0.000584513455138835,0.065666859173938));
#10954=CARTESIAN_POINT('',(-0.00948676047876883,-0.000961518150625854,0.0683459043510847));
#10955=CARTESIAN_POINT('',(-0.00934746102030668,-0.000947395939254956,0.0682449176607424));
#10956=CARTESIAN_POINT('',(-0.00904924371629689,-0.000917165312372195,0.0680287491616643));
#10957=CARTESIAN_POINT('',(-0.00859188121625599,-0.000870874108509841,0.0676979513867132));
#10958=CARTESIAN_POINT('',(-0.00811631408122125,-0.00082241654808195,0.0673507619047697));
#10959=CARTESIAN_POINT('',(-0.00763507940759906,-0.000774602768626284,0.0670115552459842));
#10960=CARTESIAN_POINT('',(-0.00716664821671617,-0.000725307137552543,0.066654674051321));
#10961=CARTESIAN_POINT('',(-0.00668752022923922,-0.000677289075352344,0.0663126449617542));
#10962=CARTESIAN_POINT('',(-0.00622021707469588,-0.000629836781999038,0.065973129197311));
#10963=CARTESIAN_POINT('',(-0.00591138301254318,-0.000598578469860667,0.0657497275556317));
#10964=CARTESIAN_POINT('',(-0.00576151454364014,-0.00058341107419671,0.0656413302789069));
#10965=CARTESIAN_POINT('',(-0.00954374690302161,-0.000954961684131211,0.0682675993943646));
#10966=CARTESIAN_POINT('',(-0.00940358136955846,-0.00094094064132413,0.0681678083134368));
#10967=CARTESIAN_POINT('',(-0.00910353217828904,-0.00091092342628081,0.067954169102826));
#10968=CARTESIAN_POINT('',(-0.00864395170952759,-0.000864875108060584,0.0676264439955805));
#10969=CARTESIAN_POINT('',(-0.00816347671822157,-0.000817039953110167,0.0672859826376627));
#10970=CARTESIAN_POINT('',(-0.00768702507053206,-0.000768465730047185,0.0669403025329918));
#10971=CARTESIAN_POINT('',(-0.00720245496590668,-0.00072135833742093,0.0666054331449715));
#10972=CARTESIAN_POINT('',(-0.00672441850652639,-0.000673124520666635,0.0662620012380263));
#10973=CARTESIAN_POINT('',(-0.00625357574471408,-0.000626090333925648,0.0659272561254567));
#10974=CARTESIAN_POINT('',(-0.00594319218691612,-0.000595006024963108,0.0657060017244864));
#10975=CARTESIAN_POINT('',(-0.00579258247108911,-0.000579921684568517,0.0655986328449381));
#10976=CARTESIAN_POINT('',(-0.00957682906468146,-0.000948604540794877,0.0682218687259165));
#10977=CARTESIAN_POINT('',(-0.00943619147593799,-0.000934674976299418,0.0681227353215553));
#10978=CARTESIAN_POINT('',(-0.00913512400962842,-0.00090485492925352,0.0679105140869577));
#10979=CARTESIAN_POINT('',(-0.00867377751446371,-0.000859144321747408,0.0675852296214223));
#10980=CARTESIAN_POINT('',(-0.00819232326127257,-0.000811504956550868,0.0672461439403199));
#10981=CARTESIAN_POINT('',(-0.00771167875144285,-0.000763711425160887,0.0669062090587442));
#10982=CARTESIAN_POINT('',(-0.00722821973780234,-0.000716520387772151,0.0665698925784814));
#10983=CARTESIAN_POINT('',(-0.00674777404784092,-0.000668709976219175,0.0662297961605295));
#10984=CARTESIAN_POINT('',(-0.00627547489590301,-0.00062195414615353,0.0658970240216255));
#10985=CARTESIAN_POINT('',(-0.00596398586396358,-0.000591078281935066,0.0656773076512964));
#10986=CARTESIAN_POINT('',(-0.0058128377594471,-0.000576095424964867,0.0655706883005276));
#10987=CARTESIAN_POINT('',(-0.0096531713062633,-0.00093051937336487,0.0681151714061934));
#10988=CARTESIAN_POINT('',(-0.00951142810007792,-0.0009168534449474,0.0680175949589407));
#10989=CARTESIAN_POINT('',(-0.00920798627567462,-0.000887599353425922,0.0678087155686609));
#10990=CARTESIAN_POINT('',(-0.00874280116358206,-0.000842798060402809,0.0674887865472909));
#10991=CARTESIAN_POINT('',(-0.00825813574990657,-0.000795916035929346,0.0671541949238213));
#10992=CARTESIAN_POINT('',(-0.00777135497412996,-0.000749600380646907,0.0668228849980295));
#10993=CARTESIAN_POINT('',(-0.00728926665240057,-0.000702110011547476,0.066484577760502));
#10994=CARTESIAN_POINT('',(-0.00680342434835135,-0.000655577687158299,0.0661520970956971));
#10995=CARTESIAN_POINT('',(-0.00632756765463445,-0.000609657301000726,0.065824246330963));
#10996=CARTESIAN_POINT('',(-0.00601347271060892,-0.000579400824165872,0.0656081932346753));
#10997=CARTESIAN_POINT('',(-0.00586105658512763,-0.000564719447874413,0.0655033571226456));
#10998=CARTESIAN_POINT('',(-0.00969757149134253,-0.000917127248909555,0.0680521064321059));
#10999=CARTESIAN_POINT('',(-0.00955517365832381,-0.000903659350228797,0.0679554669212031));
#11000=CARTESIAN_POINT('',(-0.00925033399931522,-0.00087482811713989,0.0677485866338603));
#11001=CARTESIAN_POINT('',(-0.00878310122700092,-0.000830646328595071,0.0674315446831234));
#11002=CARTESIAN_POINT('',(-0.00829580102744526,-0.000784532169813803,0.0671006954779513));
#11003=CARTESIAN_POINT('',(-0.00780830098342129,-0.000738537613473457,0.0667704491654217));
#11004=CARTESIAN_POINT('',(-0.00732189317828521,-0.000692127055092035,0.0664381869180402));
#11005=CARTESIAN_POINT('',(-0.00683442224012737,-0.000646154150259264,0.0661080558496043));
#11006=CARTESIAN_POINT('',(-0.00635626510827372,-0.000600918758952345,0.0657834845554325));
#11007=CARTESIAN_POINT('',(-0.00604076078176579,-0.000571092926356632,0.0655694388990187));
#11008=CARTESIAN_POINT('',(-0.00588766222290219,-0.000556620231289863,0.0654655747785678));
#11009=CARTESIAN_POINT('',(-0.00984061482583064,-0.00086658583475062,0.067845576027221));
#11010=CARTESIAN_POINT('',(-0.00969612383868748,-0.000853861232524278,0.0677519762300205));
#11011=CARTESIAN_POINT('',(-0.00938679991634292,-0.000826621372132147,0.067551602145563));
#11012=CARTESIAN_POINT('',(-0.00891260568110462,-0.000784882776523854,0.0672445031992598));
#11013=CARTESIAN_POINT('',(-0.00841819373024295,-0.000741276548197566,0.0669239577364403));
#11014=CARTESIAN_POINT('',(-0.00792330976044128,-0.000697938450218153,0.0666043488644033));
#11015=CARTESIAN_POINT('',(-0.0074304580495452,-0.000653617679769279,0.0662813942221203));
#11016=CARTESIAN_POINT('',(-0.00693556355411048,-0.000610325449445929,0.0659619767385084));
#11017=CARTESIAN_POINT('',(-0.00645041036466425,-0.000567569907833101,0.0656475857097758));
#11018=CARTESIAN_POINT('',(-0.00613022513296806,-0.000539403959208444,0.0654403005581393));
#11019=CARTESIAN_POINT('',(-0.00597485428774665,-0.000525737042848277,0.0653397175598015));
#11020=CARTESIAN_POINT('',(-0.00994371934412815,-0.000816172157586426,0.0676904032125464));
#11021=CARTESIAN_POINT('',(-0.00979771066248578,-0.000804189121806481,0.0675990865368853));
#11022=CARTESIAN_POINT('',(-0.00948513575819059,-0.000778536634448823,0.0674035982268378));
#11023=CARTESIAN_POINT('',(-0.00900590651181075,-0.000739227224087861,0.0671039387873465));
#11024=CARTESIAN_POINT('',(-0.008506254150281,-0.00069818079311138,0.0667913150105056));
#11025=CARTESIAN_POINT('',(-0.00800641305063803,-0.000657270001135075,0.0664790661083534));
#11026=CARTESIAN_POINT('',(-0.00750736569230088,-0.00061589057702524,0.0661655624136893));
#11027=CARTESIAN_POINT('',(-0.00700756221588424,-0.000575019600750458,0.0658534577730807));
#11028=CARTESIAN_POINT('',(-0.00651739354717426,-0.000534728458393729,0.0655466940758086));
#11029=CARTESIAN_POINT('',(-0.00619387703382505,-0.00050819297086218,0.0653444099910646));
#11030=CARTESIAN_POINT('',(-0.00603688938670698,-0.00049531729532581,0.065246253332358));
#11031=CARTESIAN_POINT('',(-0.010130659440103,-0.000706169313877223,0.0673946937159221));
#11032=CARTESIAN_POINT('',(-0.00998189455748133,-0.000695798173075314,0.067307701117848));
#11033=CARTESIAN_POINT('',(-0.00966342473976513,-0.000673595404134371,0.0671214686666734));
#11034=CARTESIAN_POINT('',(-0.00917530531286224,-0.000639547824915752,0.066835970411892));
#11035=CARTESIAN_POINT('',(-0.0086661378641378,-0.000604090330856952,0.0665383589916821));
#11036=CARTESIAN_POINT('',(-0.00815719941969485,-0.000568500008358295,0.0662403790478597));
#11037=CARTESIAN_POINT('',(-0.00764757852044594,-0.000533391510583748,0.065943773746682));
#11038=CARTESIAN_POINT('',(-0.00713883540348823,-0.000497776124514319,0.0656457879859891));
#11039=CARTESIAN_POINT('',(-0.00663926531101033,-0.000463012876539654,0.0653538647813339));
#11040=CARTESIAN_POINT('',(-0.00630970937866235,-0.000440022454993715,0.0651611013968535));
#11041=CARTESIAN_POINT('',(-0.00614979332250918,-0.000428865636424011,0.0650675609825117));
#11042=CARTESIAN_POINT('',(-0.0102174162325076,-0.000644598768150166,0.0672503062985896));
#11043=CARTESIAN_POINT('',(-0.0100673662450375,-0.000635132601445717,0.0671654285306229));
#11044=CARTESIAN_POINT('',(-0.00974614952739084,-0.000614866610420464,0.0669837248555746));
#11045=CARTESIAN_POINT('',(-0.00925393165358121,-0.000583772801661839,0.0667052060053703));
#11046=CARTESIAN_POINT('',(-0.00874037562037051,-0.000551422921315353,0.0664148566962238));
#11047=CARTESIAN_POINT('',(-0.00822708223481034,-0.000518886088491626,0.0661240850648204));
#11048=CARTESIAN_POINT('',(-0.00771309326505136,-0.000487002485186802,0.0658348685015927));
#11049=CARTESIAN_POINT('',(-0.00719996446178631,-0.000454431667607321,0.0655440556221982));
#11050=CARTESIAN_POINT('',(-0.00669609966679002,-0.000422722704634572,0.0652593215219919));
#11051=CARTESIAN_POINT('',(-0.00636371324164597,-0.00040173074878633,0.0650712388014234));
#11052=CARTESIAN_POINT('',(-0.00620242373277222,-0.0003915434579447,0.0649799688278906));
#11053=CARTESIAN_POINT('',(-0.010386655115817,-0.000507796069356615,0.0669541819898808));
#11054=CARTESIAN_POINT('',(-0.0102341222686064,-0.000500340663296167,0.0668736594294724));
#11055=CARTESIAN_POINT('',(-0.00990759166875542,-0.000484379038545637,0.0667012796785952));
#11056=CARTESIAN_POINT('',(-0.00940726439043412,-0.000459877529443336,0.0664370642040255));
#11057=CARTESIAN_POINT('',(-0.00888521533604424,-0.000434396092458781,0.0661615711564434));
#11058=CARTESIAN_POINT('',(-0.00836345077996443,-0.000408772289216385,0.0658858469394094));
#11059=CARTESIAN_POINT('',(-0.00784104032463241,-0.000383603735593967,0.0656109652952308));
#11060=CARTESIAN_POINT('',(-0.00731941223926775,-0.000357955663609814,0.0653352188663495));
#11061=CARTESIAN_POINT('',(-0.00680707501367342,-0.000333005240605402,0.065065038814745));
#11062=CARTESIAN_POINT('',(-0.00646920437576456,-0.000316466754645633,0.0648866167429165));
#11063=CARTESIAN_POINT('',(-0.00630525508933241,-0.00030844042939347,0.0648000353790902));
#11064=CARTESIAN_POINT('',(-0.0104693424874356,-0.00043241809094,0.066802287794416));
#11065=CARTESIAN_POINT('',(-0.0103156050273367,-0.000426070401147348,0.0667240056428784));
#11066=CARTESIAN_POINT('',(-0.00998649414092549,-0.000412480535342354,0.0665564218513366));
#11067=CARTESIAN_POINT('',(-0.00948217214399347,-0.000391624998913212,0.0662995513831884));
#11068=CARTESIAN_POINT('',(-0.00895599777500724,-0.000369912209028015,0.0660316548663019));
#11069=CARTESIAN_POINT('',(-0.00843010473037205,-0.00034815259936708,0.0657637730565436));
#11070=CARTESIAN_POINT('',(-0.00790363105625359,-0.000326491305097602,0.0654958608069647));
#11071=CARTESIAN_POINT('',(-0.00737790751784724,-0.000304723869746788,0.0652280326628661));
#11072=CARTESIAN_POINT('',(-0.00686136861080446,-0.000283482412512391,0.0649652033729697));
#11073=CARTESIAN_POINT('',(-0.00652083590387191,-0.000269404612138227,0.0647917673284129));
#11074=CARTESIAN_POINT('',(-0.0063555963422064,-0.000262572516494803,0.0647076072741638));
#11075=CARTESIAN_POINT('',(-0.010555940167099,-0.000343252769686352,0.0666332905554932));
#11076=CARTESIAN_POINT('',(-0.0104009759792454,-0.000338213361815605,0.0665575074669714));
#11077=CARTESIAN_POINT('',(-0.0100692269622488,-0.000327425003055822,0.0663952701029372));
#11078=CARTESIAN_POINT('',(-0.00956054224061585,-0.000310884364435386,0.0661465019418955));
#11079=CARTESIAN_POINT('',(-0.00903011389036121,-0.000293635710042894,0.0658871022353748));
#11080=CARTESIAN_POINT('',(-0.00849998410597544,-0.000276393799136944,0.0656278519207765));
#11081=CARTESIAN_POINT('',(-0.0079690160743349,-0.000259133419882709,0.0653681808283363));
#11082=CARTESIAN_POINT('',(-0.00743895308497452,-0.00024189471789366,0.0651089618232649));
#11083=CARTESIAN_POINT('',(-0.00691860179293647,-0.000224971727719425,0.064854493386921));
#11084=CARTESIAN_POINT('',(-0.00657520296309075,-0.000213805039337065,0.0646865578314074));
#11085=CARTESIAN_POINT('',(-0.00640856786628518,-0.000208386396419008,0.0646050666703593));
#11086=CARTESIAN_POINT('',(-0.00576278412061688,-0.000589147786169442,0.0657264433938321));
#11087=CARTESIAN_POINT('',(-0.00600612637829403,-0.000581153485780067,0.0653376662693711));
#11088=CARTESIAN_POINT('',(-0.00624519694758777,-0.000401813278579148,0.0649817599125645));
#11089=CARTESIAN_POINT('',(-0.00646743941585884,-0.000210300783778171,0.0646338571870511));
#11090=CARTESIAN_POINT('',(-0.00576278439536442,-0.000589145101172613,0.0657264433934365));
#11091=CARTESIAN_POINT('',(-0.00758857790850357,-0.000775800685145567,0.0670746688419954));
#11092=CARTESIAN_POINT('',(-0.00938391503320375,-0.000959342070198101,0.0684004042813789));
#11093=CARTESIAN_POINT('',(-0.00938391525608681,-0.000959339988866386,0.0684004042651898));
#11094=CARTESIAN_POINT('',(-0.00958097280621319,-0.000952862306557289,0.0680855747738052));
#11095=CARTESIAN_POINT('',(-0.00997678508011967,-0.000777344626006411,0.0674794403594023));
#11096=CARTESIAN_POINT('',(-0.0103505419667863,-0.000498244572060013,0.0669043166940326));
#11097=CARTESIAN_POINT('',(-0.0105313550017292,-0.000342453264740515,0.0666212675206169));
#11098=CARTESIAN_POINT('',(-0.0105559349993878,0.000343252188485354,0.0666332879318459));
#11099=CARTESIAN_POINT('',(-0.0104009788577003,0.000338213029083956,0.0665575086406777));
#11100=CARTESIAN_POINT('',(-0.0100692312151939,0.000327424658030573,0.0663952717231261));
#11101=CARTESIAN_POINT('',(-0.00956067282110352,0.000310887274733401,0.0661465668232834));
#11102=CARTESIAN_POINT('',(-0.0090301857304083,0.000293637069247705,0.0658871377544054));
#11103=CARTESIAN_POINT('',(-0.00849990404903914,0.000276391694237277,0.0656278112834181));
#11104=CARTESIAN_POINT('',(-0.00796922784955939,0.000259138434663364,0.0653682863709678));
#11105=CARTESIAN_POINT('',(-0.00743899230227419,0.000241895327392121,0.0651089811923694));
#11106=CARTESIAN_POINT('',(-0.0069189774809752,0.000224983846896905,0.0648546764365082));
#11107=CARTESIAN_POINT('',(-0.00657593761207866,0.00021382887600041,0.0646869164153631));
#11108=CARTESIAN_POINT('',(-0.00640966520765132,0.000208422044864205,0.0646056026262153));
#11109=CARTESIAN_POINT('',(-0.0104702210538424,0.000431826867497366,0.066801301058078));
#11110=CARTESIAN_POINT('',(-0.0103165010978032,0.000425476389678208,0.0667230202937232));
#11111=CARTESIAN_POINT('',(-0.00998740287415685,0.000411882126495339,0.0665554326937042));
#11112=CARTESIAN_POINT('',(-0.00948298178111862,0.000391083982743999,0.066298651745685));
#11113=CARTESIAN_POINT('',(-0.00895678445513826,0.000369375838839127,0.0660307562132395));
#11114=CARTESIAN_POINT('',(-0.00843061295555539,0.000347710419218996,0.0657629708979675));
#11115=CARTESIAN_POINT('',(-0.00790446792905228,0.000325979628844257,0.065495040796302));
#11116=CARTESIAN_POINT('',(-0.00737854747051497,0.000304241219523624,0.0652271939797431));
#11117=CARTESIAN_POINT('',(-0.00686232097835819,0.000283082542819505,0.0649646865991275));
#11118=CARTESIAN_POINT('',(-0.00652211172764309,0.000269028010314802,0.0647914369769994));
#11119=CARTESIAN_POINT('',(-0.00635721597304323,0.000262214384396339,0.0647074612630584));
#11120=CARTESIAN_POINT('',(-0.010393032215419,0.000503409309843851,0.0669435033117828));
#11121=CARTESIAN_POINT('',(-0.0102404299605377,0.000496012225908912,0.0668631353934007));
#11122=CARTESIAN_POINT('',(-0.00991372407434332,0.000480176880636484,0.0666910787145642));
#11123=CARTESIAN_POINT('',(-0.00941295537463091,0.000455932883130548,0.0664274291824834));
#11124=CARTESIAN_POINT('',(-0.00889065420545924,0.000430631252473516,0.0661524048475386));
#11125=CARTESIAN_POINT('',(-0.00836832017494474,0.00040535749992572,0.0658774324201774));
#11126=CARTESIAN_POINT('',(-0.00784617599176604,0.00038003122260288,0.0656024170653194));
#11127=CARTESIAN_POINT('',(-0.00732400942507498,0.000354721903834883,0.0653274207352665));
#11128=CARTESIAN_POINT('',(-0.00681181082625678,0.000329984178448683,0.0650579076286864));
#11129=CARTESIAN_POINT('',(-0.00647405752325601,0.00031361559236156,0.0648800391343541));
#11130=CARTESIAN_POINT('',(-0.00631034935792152,0.000305680995247408,0.064793824676505));
#11131=CARTESIAN_POINT('',(-0.0102254468613238,0.000639516665404778,0.0672372632125899));
#11132=CARTESIAN_POINT('',(-0.0100752875526604,0.000630131447285361,0.0671526009805196));
#11133=CARTESIAN_POINT('',(-0.00975381461143787,0.000610037730605679,0.0669713465262492));
#11134=CARTESIAN_POINT('',(-0.00926114251921321,0.000579213987938876,0.0666934901747105));
#11135=CARTESIAN_POINT('',(-0.00874725933634785,0.000547076720673217,0.0664037096375205));
#11136=CARTESIAN_POINT('',(-0.00823338570659316,0.000514918261981011,0.0661138670439785));
#11137=CARTESIAN_POINT('',(-0.00771965227571138,0.000482811166744755,0.0658242407302531));
#11138=CARTESIAN_POINT('',(-0.00720580426134179,0.000450704399891078,0.065534547771355));
#11139=CARTESIAN_POINT('',(-0.006702193037661,0.00041910328007568,0.0652502778683588));
#11140=CARTESIAN_POINT('',(-0.00636984015166063,0.000398332248102721,0.0650628964840569));
#11141=CARTESIAN_POINT('',(-0.00620874588221769,0.00038826552474735,0.064972074205621));
#11142=CARTESIAN_POINT('',(-0.0101313873166803,0.000706098113869672,0.0673937329525249));
#11143=CARTESIAN_POINT('',(-0.00998262516031954,0.000695731925707955,0.0673067739721642));
#11144=CARTESIAN_POINT('',(-0.00966414199191261,0.000673538577794599,0.0671206028826743));
#11145=CARTESIAN_POINT('',(-0.00917601567427969,0.000639510533589001,0.0668352228696));
#11146=CARTESIAN_POINT('',(-0.00866684830362632,0.00060402459706703,0.0665375714133475));
#11147=CARTESIAN_POINT('',(-0.00815772595220377,0.000568550357434722,0.0662399692571884));
#11148=CARTESIAN_POINT('',(-0.00764865797476332,0.000533040234763377,0.0659422800096459));
#11149=CARTESIAN_POINT('',(-0.00713931956948315,0.000497761358197007,0.0656452444750587));
#11150=CARTESIAN_POINT('',(-0.0066414589094573,0.000462219943212727,0.0653514378946683));
#11151=CARTESIAN_POINT('',(-0.00631202084137599,0.000439377102479583,0.0651592358439905));
#11152=CARTESIAN_POINT('',(-0.00615232709294636,0.000428313551343313,0.0650660975575684));
#11153=CARTESIAN_POINT('',(-0.00996104440241529,0.000806083050151246,0.0676627830718606));
#11154=CARTESIAN_POINT('',(-0.00981480110051359,0.00079424710674678,0.067571873982692));
#11155=CARTESIAN_POINT('',(-0.00950170826072823,0.000768907891207861,0.0673772476458874));
#11156=CARTESIAN_POINT('',(-0.00902178347440949,0.000730077288191279,0.0670789483449196));
#11157=CARTESIAN_POINT('',(-0.00852117421704406,0.000689565792640181,0.0667677662730183));
#11158=CARTESIAN_POINT('',(-0.00802069388354057,0.000649061032618908,0.0664566562030291));
#11159=CARTESIAN_POINT('',(-0.00751999710334993,0.000608562712449784,0.0661454783157129));
#11160=CARTESIAN_POINT('',(-0.00701984835165127,0.000567928360385661,0.0658340603054354));
#11161=CARTESIAN_POINT('',(-0.00652812606275549,0.000528757738221787,0.0655304480411074));
#11162=CARTESIAN_POINT('',(-0.00620455384708632,0.000502487264429161,0.0653290335202298));
#11163=CARTESIAN_POINT('',(-0.00604772872162937,0.000489747862393276,0.0652313915141756));
#11164=CARTESIAN_POINT('',(-0.00988180075958031,0.000845819338592354,0.0677832867271114));
#11165=CARTESIAN_POINT('',(-0.00973671907406432,0.000833400747937056,0.0676906117102163));
#11166=CARTESIAN_POINT('',(-0.00942611355637608,0.000806813891652422,0.0674922041524733));
#11167=CARTESIAN_POINT('',(-0.00895001244751708,0.000766064221242398,0.0671880944596436));
#11168=CARTESIAN_POINT('',(-0.00845339334415066,0.000723553287900406,0.0668708502849511));
#11169=CARTESIAN_POINT('',(-0.00795686970476818,0.000681063711299117,0.066553744326484));
#11170=CARTESIAN_POINT('',(-0.0074602733411759,0.000638523797979672,0.0662363285638824));
#11171=CARTESIAN_POINT('',(-0.00696353411191048,0.000596133813644912,0.0659197544726042));
#11172=CARTESIAN_POINT('',(-0.00647785416800923,0.000554090729110421,0.0656068502282109));
#11173=CARTESIAN_POINT('',(-0.00615656530924246,0.000526653553038886,0.0654019840156823));
#11174=CARTESIAN_POINT('',(-0.00600082310043586,0.000513358840087375,0.065302706450763));
#11175=CARTESIAN_POINT('',(-0.00974118442660995,0.000902897060459289,0.0679897665070491));
#11176=CARTESIAN_POINT('',(-0.00959816151014088,0.000889640540691307,0.0678940562063037));
#11177=CARTESIAN_POINT('',(-0.0092919642807129,0.000861259651974384,0.0676891501181849));
#11178=CARTESIAN_POINT('',(-0.00882263801362877,0.000817757157241727,0.0673750717104481));
#11179=CARTESIAN_POINT('',(-0.00833308264741464,0.000772381621704186,0.0670474647588937));
#11180=CARTESIAN_POINT('',(-0.0078436444526686,0.000727015530145128,0.0667199292086569));
#11181=CARTESIAN_POINT('',(-0.00735406433685123,0.000681637946222545,0.0663923136806996));
#11182=CARTESIAN_POINT('',(-0.00686473335304425,0.000636285329269084,0.0660648238393281));
#11183=CARTESIAN_POINT('',(-0.00638464853201267,0.000591775905678398,0.0657436614938382));
#11184=CARTESIAN_POINT('',(-0.00606810886657998,0.000562436300617827,0.065531815070584));
#11185=CARTESIAN_POINT('',(-0.00591468341843611,0.000548215619178805,0.0654291327250143));
#11186=CARTESIAN_POINT('',(-0.00968300799161088,0.000922517246994557,0.0680732487209062));
#11187=CARTESIAN_POINT('',(-0.00954083321267693,0.000908972561182938,0.0679763132633701));
#11188=CARTESIAN_POINT('',(-0.00923645213220251,0.000879974686265673,0.0677687840504182));
#11189=CARTESIAN_POINT('',(-0.00876991953556354,0.000835525103074717,0.0674506799441697));
#11190=CARTESIAN_POINT('',(-0.00828325514669752,0.000789173750303903,0.0671189279078343));
#11191=CARTESIAN_POINT('',(-0.0077968343498887,0.000742782422701708,0.0667870374887225));
#11192=CARTESIAN_POINT('',(-0.00730978946161933,0.000696564914797751,0.066455844329288));
#11193=CARTESIAN_POINT('',(-0.00682498850847473,0.000649671517869608,0.0661218777773839));
#11194=CARTESIAN_POINT('',(-0.00634176394512397,0.000606231015609677,0.0658049968468846));
#11195=CARTESIAN_POINT('',(-0.00602795534039128,0.000575967449406442,0.065589246538823));
#11196=CARTESIAN_POINT('',(-0.00587592086653257,0.000561276117471838,0.0654845777885508));
#11197=CARTESIAN_POINT('',(-0.00958242590645513,0.000947578140769653,0.0682140954182162));
#11198=CARTESIAN_POINT('',(-0.0094417259400517,0.000933664586151703,0.0681150842140506));
#11199=CARTESIAN_POINT('',(-0.00914050229776423,0.000903877182164046,0.0679031115084456));
#11200=CARTESIAN_POINT('',(-0.00867880975589408,0.000858222247329127,0.0675782089785613));
#11201=CARTESIAN_POINT('',(-0.00819722327544014,0.000810595867161712,0.0672393417954448));
#11202=CARTESIAN_POINT('',(-0.00771577898044946,0.000762999434091572,0.0669004502659131));
#11203=CARTESIAN_POINT('',(-0.00723406787140374,0.000715318689133906,0.066561845843107));
#11204=CARTESIAN_POINT('',(-0.00675327573593136,0.000667949139490208,0.0662221664947393));
#11205=CARTESIAN_POINT('',(-0.00627881833903867,0.000620386419369617,0.0658931630849398));
#11206=CARTESIAN_POINT('',(-0.0059677172465823,0.000589718810341221,0.0656735722959191));
#11207=CARTESIAN_POINT('',(-0.00581695205494307,0.00057486404654442,0.0655671002341234));
#11208=CARTESIAN_POINT('',(-0.00954565855754036,0.000954812356432523,0.0682648899507721));
#11209=CARTESIAN_POINT('',(-0.00940549869999681,0.000940791946514061,0.0681651296728272));
#11210=CARTESIAN_POINT('',(-0.00910543089987554,0.000910775906456672,0.0679515541043113));
#11211=CARTESIAN_POINT('',(-0.00864549736163299,0.000864773984563558,0.0676242167386205));
#11212=CARTESIAN_POINT('',(-0.00816578478826853,0.000816774552888531,0.0672827573092148));
#11213=CARTESIAN_POINT('',(-0.00768607477970673,0.000768845405956484,0.0669414605308776));
#11214=CARTESIAN_POINT('',(-0.00720659761019682,0.00072068386146108,0.0665997836659154));
#11215=CARTESIAN_POINT('',(-0.0067262698068882,0.000673369955821485,0.0662593893753609));
#11216=CARTESIAN_POINT('',(-0.00625862305935019,0.000623917362239081,0.0659211818068491));
#11217=CARTESIAN_POINT('',(-0.00594800055687323,0.000593232669174602,0.0657008931225537));
#11218=CARTESIAN_POINT('',(-0.00579741114882566,0.000578386836657216,0.0655941580111379));
#11219=CARTESIAN_POINT('',(-0.00949587940776073,0.000961108736274509,0.0683333292976065));
#11220=CARTESIAN_POINT('',(-0.009356443870613,0.000946996963135907,0.068232571008169));
#11221=CARTESIAN_POINT('',(-0.00905792824166508,0.000916785150251241,0.0680168569597224));
#11222=CARTESIAN_POINT('',(-0.00860041304851987,0.000870478540230975,0.0676861928905509));
#11223=CARTESIAN_POINT('',(-0.00812311376542856,0.000822175137685756,0.0673414077922763));
#11224=CARTESIAN_POINT('',(-0.00764621098595279,0.00077389081885839,0.0669962529836434));
#11225=CARTESIAN_POINT('',(-0.00716812525657723,0.000725559204795208,0.0666526405922148));
#11226=CARTESIAN_POINT('',(-0.00669429589029023,0.000677400042694431,0.0663033022170895));
#11227=CARTESIAN_POINT('',(-0.00621444625247923,0.000629576923759493,0.0659818448619651));
#11228=CARTESIAN_POINT('',(-0.00590753432820505,0.000598408664959529,0.0657564543977469));
#11229=CARTESIAN_POINT('',(-0.00575890806965937,0.000583306631293688,0.0656470203535513));
#11230=CARTESIAN_POINT('',(-0.00946523920981089,0.000962736784598385,0.0683754120484829));
#11231=CARTESIAN_POINT('',(-0.00932625468089739,0.000948600646968735,0.0682740336580688));
#11232=CARTESIAN_POINT('',(-0.00902870466521527,0.000918336662867282,0.068056992062077));
#11233=CARTESIAN_POINT('',(-0.0085726708902581,0.000871949837969021,0.0677242938303604));
#11234=CARTESIAN_POINT('',(-0.00809691298899832,0.000823566945530077,0.0673773859059937));
#11235=CARTESIAN_POINT('',(-0.00762156252128764,0.000775187021138444,0.0670301088087695));
#11236=CARTESIAN_POINT('',(-0.00714499227875191,0.000726823053392027,0.0666843759072607));
#11237=CARTESIAN_POINT('',(-0.00667277325775197,0.000678388734302664,0.0663329228948073));
#11238=CARTESIAN_POINT('',(-0.00619418565448323,0.000631185739197824,0.0660093406970073));
#11239=CARTESIAN_POINT('',(-0.00588830807838344,0.000599864566088217,0.0657825896225723));
#11240=CARTESIAN_POINT('',(-0.00574018599636642,0.000584680547722413,0.0656724966619126));
#11241=CARTESIAN_POINT('',(-0.00942452363929274,0.000963493110812067,0.0684303909252876));
#11242=CARTESIAN_POINT('',(-0.00928614048233622,0.000949345944713689,0.0683282043118426));
#11243=CARTESIAN_POINT('',(-0.00898987695743192,0.00091905837504173,0.0681094337122501));
#11244=CARTESIAN_POINT('',(-0.00853578890051741,0.000872636069995493,0.0677741203719859));
#11245=CARTESIAN_POINT('',(-0.00806213612703659,0.00082421339829197,0.0674243597526422));
#11246=CARTESIAN_POINT('',(-0.00758859029399418,0.000775801629886385,0.0670746782299209));
#11247=CARTESIAN_POINT('',(-0.00711493247795372,0.000727377970369983,0.0667249136330249));
#11248=CARTESIAN_POINT('',(-0.00664139007228273,0.000678967214967421,0.0663752343580833));
#11249=CARTESIAN_POINT('',(-0.00617713688037386,0.000631505393090778,0.0660324152953223));
#11250=CARTESIAN_POINT('',(-0.00587083626713397,0.000600191699210256,0.065806232971501));
#11251=CARTESIAN_POINT('',(-0.00572237085217766,0.00058501380074885,0.0656966012804712));
#11252=CARTESIAN_POINT('',(-0.00646743820615567,0.000210296889699202,0.0646338593392612));
#11253=CARTESIAN_POINT('',(-0.00624542518809724,0.000401601910661049,0.0649814035798753));
#11254=CARTESIAN_POINT('',(-0.00600467926009676,0.000581198400560808,0.0653399786741524));
#11255=CARTESIAN_POINT('',(-0.00576278411184986,0.000589145328134249,0.0657264438107256));
#11256=CARTESIAN_POINT('',(-0.00576278413830962,0.00058914601701831,0.0657264436554107));
#11257=CARTESIAN_POINT('',(-0.0105313561196612,0.000342455179063772,0.0666212656198818));
#11258=CARTESIAN_POINT('',(-0.0103505300518455,0.000498252445058721,0.0669043354249166));
#11259=CARTESIAN_POINT('',(-0.00997659063630458,0.000777830568836566,0.0674796929973755));
#11260=CARTESIAN_POINT('',(-0.00958123173980218,0.000952853756523633,0.0680851611015827));
#11261=CARTESIAN_POINT('',(-0.0093839151850653,0.000959341621053215,0.0684004041115474));
#11262=CARTESIAN_POINT('',(-0.00938391514315092,0.000959340934890689,0.0684004042911904));
#11263=CARTESIAN_POINT('',(-0.00758861189870265,0.000775803764805987,0.0670746941198312));
#11264=CARTESIAN_POINT('',(-0.00754109266210972,0.000770932243906997,0.0671185635763839));
#11265=CARTESIAN_POINT('',(-0.00576278537525806,0.000589133919064759,0.0657264436552066));
#11266=CARTESIAN_POINT('',(-0.0057458541987456,0.000587402337735525,0.0657538687865261));
#11267=CARTESIAN_POINT('',(-0.00572892302223314,0.000585670756406292,0.0657812939178456));
#11268=CARTESIAN_POINT('',(-0.00571199184572068,0.000583939175077058,0.0658087190491651));
#11269=CARTESIAN_POINT('',(-0.00938391637616017,0.000959328875454886,0.0684004042909863));
#11270=CARTESIAN_POINT('',(-0.00754145608919665,-0.00077096869460299,0.0671178866162001));
#11271=CARTESIAN_POINT('',(-0.00571198946983771,-0.000583938494987572,0.065808722969256));
#11272=CARTESIAN_POINT('',(-0.00572892150815463,-0.000585670152657819,0.0657812964439184));
#11273=CARTESIAN_POINT('',(-0.00574585354647155,-0.000587401810328067,0.0657538699185808));
#11274=CARTESIAN_POINT('',(-0.00576278558478847,-0.000589133467998314,0.0657264433932432));
#11275=CARTESIAN_POINT('',(-0.00930139232827289,-0.000950888041294199,0.0685340769566567));
#11276=CARTESIAN_POINT('',(-1.27634307477962E-6,2.19481505064936E-19,0.0686281567457065));
#11277=CARTESIAN_POINT('',(-7.83818880698026E-7,1.34786446554328E-19,0.0658663094735696));
#11278=CARTESIAN_POINT('',(-2.21211047823295E-6,0.00360000000000005,0.06767513307799));
#11279=CARTESIAN_POINT('',(-0.00208067301346151,0.00360000000000007,0.0676747624230695));
#11280=CARTESIAN_POINT('',(-0.00208067301346151,0.00360000000000007,0.0676747624230695));
#11281=CARTESIAN_POINT('',(-2.21211047823295E-6,0.00360000000000005,0.06767513307799));
#11282=CARTESIAN_POINT('',(0.00207624879250503,0.00360000000000005,0.0676755037329106));
#11283=CARTESIAN_POINT('',(0.00207624879250503,0.00360000000000005,0.0676755037329106));
#11284=CARTESIAN_POINT('',(-0.00311990346495314,0.00180000000000005,0.0676745770956092));
#11285=CARTESIAN_POINT('',(-0.00415913391644476,3.33361763890309E-17,0.067674391768149));
#11286=CARTESIAN_POINT('',(-0.00415913391644476,3.33361763890309E-17,0.067674391768149));
#11287=CARTESIAN_POINT('',(-0.00311990346495314,0.00180000000000005,0.0676745770956092));
#11288=CARTESIAN_POINT('',(-0.00311990346495317,-0.0018,0.0676745770956092));
#11289=CARTESIAN_POINT('',(-0.00208067301346153,-0.0036,0.0676747624230695));
#11290=CARTESIAN_POINT('',(-0.00208067301346153,-0.0036,0.0676747624230695));
#11291=CARTESIAN_POINT('',(-0.00311990346495317,-0.0018,0.0676745770956092));
#11292=CARTESIAN_POINT('',(-2.21211047826245E-6,-0.00360000000000005,0.06767513307799));
#11293=CARTESIAN_POINT('',(0.00207624879250501,-0.00360000000000005,0.0676755037329106));
#11294=CARTESIAN_POINT('',(0.00207624879250501,-0.00360000000000005,0.0676755037329106));
#11295=CARTESIAN_POINT('',(-2.21211047826245E-6,-0.00360000000000005,0.06767513307799));
#11296=CARTESIAN_POINT('',(0.00311547924399664,-0.0018,0.0676756890603708));
#11297=CARTESIAN_POINT('',(0.00415470969548827,1.8374186408731E-17,0.0676758743878311));
#11298=CARTESIAN_POINT('',(0.00415470969548827,1.8374186408731E-17,0.0676758743878311));
#11299=CARTESIAN_POINT('',(0.00311547924399664,-0.0018,0.0676756890603708));
#11300=CARTESIAN_POINT('',(0.00311547924399665,0.00180000000000003,0.0676756890603708));
#11301=CARTESIAN_POINT('',(0.00311547924399665,0.00180000000000003,0.0676756890603708));
#11302=CARTESIAN_POINT('',(-1.10638902934818E-6,3.40608288483645E-19,0.0676751332751749));
#11303=CARTESIAN_POINT('',(0.,-1.22464679914735E-19,0.0676751334724789));
#11304=CARTESIAN_POINT('',(-0.002,3.4379996401839E-16,0.067674776809604));
#11305=CARTESIAN_POINT('',(0.,-1.22464679914735E-19,0.0676774901353538));
#11306=MECHANICAL_DESIGN_GEOMETRIC_PRESENTATION_REPRESENTATION('',(#2804),
#11307);
#11307=(
GEOMETRIC_REPRESENTATION_CONTEXT(3)
GLOBAL_UNCERTAINTY_ASSIGNED_CONTEXT((#11308))
GLOBAL_UNIT_ASSIGNED_CONTEXT((#11311,#11310,#11309))
REPRESENTATION_CONTEXT('Bevel 1M 20T 59deg','TOP_LEVEL_ASSEMBLY_PART')
);
#11308=UNCERTAINTY_MEASURE_WITH_UNIT(LENGTH_MEASURE(3.39461543195608E-5),
#11311,'DISTANCE_ACCURACY_VALUE','Maximum Tolerance applied to model');
#11309=(
NAMED_UNIT(*)
SI_UNIT($,.STERADIAN.)
SOLID_ANGLE_UNIT()
);
#11310=(
NAMED_UNIT(*)
PLANE_ANGLE_UNIT()
SI_UNIT($,.RADIAN.)
);
#11311=(
LENGTH_UNIT()
NAMED_UNIT(*)
SI_UNIT($,.METRE.)
);
#11312=PRODUCT_DEFINITION_SHAPE('','',#11313);
#11313=PRODUCT_DEFINITION('','',#11315,#11314);
#11314=PRODUCT_DEFINITION_CONTEXT('',#11321,'design');
#11315=PRODUCT_DEFINITION_FORMATION_WITH_SPECIFIED_SOURCE('','',#11317,
 .NOT_KNOWN.);
#11316=PRODUCT_RELATED_PRODUCT_CATEGORY('','',(#11317));
#11317=PRODUCT('Bevel 1M 20T 59deg','Bevel 1M 20T 59deg',
'Bevel 1M 20T 59deg',(#11319));
#11318=PRODUCT_CATEGORY('','');
#11319=PRODUCT_CONTEXT('',#11321,'mechanical');
#11320=APPLICATION_PROTOCOL_DEFINITION('international standard',
'ap242_managed_model_based_3d_engineering',2020,#11321);
#11321=APPLICATION_CONTEXT('managed model based 3d engineering');
ENDSEC;
END-ISO-10303-21;
