ISO-10303-21;
HEADER;
/* Generated by software containing ST-Developer
 * from STEP Tools, Inc. (www.steptools.com) 
 */
/* OPTION: using custom renumber hook */

FILE_DESCRIPTION(
/* description */ ('STEP AP242 Edition 2',
'CAx-IF Rec.Pracs.---Representation and Presentation of Product Manufa
cturing Information (PMI)---4.0---2014-10-13',
'CAx-IF Rec.Pracs.---3D Tessellated Geometry---0.4---2014-09-14','2;1',
'CAx-IF Rec.Pracs.---User Defined Attributes---1.5---2016-08-15'),
/* implementation_level */ '2;1');

FILE_NAME(
/* name */ 'Part Studio 1 - Part 2',
/* time_stamp */ '2026-08-31T04:40:45Z',
/* author */ (''),
/* organization */ (''),
/* preprocessor_version */ 'ST-DEVELOPER v20',
/* originating_system */ 'ONSHAPE BY PTC INC, 1.220',
/* authorisation */ '  ');

FILE_SCHEMA (('AP242_MANAGED_MODEL_BASED_3D_ENGINEERING_MIM_LF { 1 0 10303 442 3 1 4 }'));
ENDSEC;

DATA;
#10=SHAPE_REPRESENTATION_RELATIONSHIP('','',#1511,#11);
#11=ADVANCED_BREP_SHAPE_REPRESENTATION('',(#1509),#2545);
#12=CYLINDRICAL_SURFACE('',#1579,0.01);
#13=CYLINDRICAL_SURFACE('',#1581,0.01);
#14=CYLINDRICAL_SURFACE('',#1583,0.01);
#15=CYLINDRICAL_SURFACE('',#1584,0.01);
#16=CYLINDRICAL_SURFACE('',#1585,0.002);
#17=CYLINDRICAL_SURFACE('',#1586,0.002);
#18=CYLINDRICAL_SURFACE('',#1587,0.002);
#19=CYLINDRICAL_SURFACE('',#1588,0.002);
#20=CYLINDRICAL_SURFACE('',#1589,0.002);
#21=CYLINDRICAL_SURFACE('',#1598,0.002);
#22=CYLINDRICAL_SURFACE('',#1599,0.002);
#23=CYLINDRICAL_SURFACE('',#1604,0.002);
#24=CYLINDRICAL_SURFACE('',#1605,0.00175);
#25=CYLINDRICAL_SURFACE('',#1606,0.00175);
#26=CYLINDRICAL_SURFACE('',#1607,0.00175);
#27=CYLINDRICAL_SURFACE('',#1608,0.00175);
#28=CYLINDRICAL_SURFACE('',#1609,0.00175);
#29=CYLINDRICAL_SURFACE('',#1610,0.00175);
#30=CYLINDRICAL_SURFACE('',#1611,0.00175);
#31=CYLINDRICAL_SURFACE('',#1612,0.00175);
#32=CYLINDRICAL_SURFACE('',#1613,0.00275);
#33=CYLINDRICAL_SURFACE('',#1617,0.00275);
#34=CYLINDRICAL_SURFACE('',#1621,0.00275);
#35=CYLINDRICAL_SURFACE('',#1625,0.00275);
#36=CYLINDRICAL_SURFACE('',#1631,0.00245);
#37=CYLINDRICAL_SURFACE('',#1634,0.00245);
#38=CYLINDRICAL_SURFACE('',#1637,0.00245);
#39=CYLINDRICAL_SURFACE('',#1640,0.00245);
#40=CYLINDRICAL_SURFACE('',#1641,0.00225);
#41=CYLINDRICAL_SURFACE('',#1642,0.00225);
#42=CYLINDRICAL_SURFACE('',#1643,0.00225);
#43=CYLINDRICAL_SURFACE('',#1644,0.00225);
#44=CYLINDRICAL_SURFACE('',#1645,0.00225);
#45=CYLINDRICAL_SURFACE('',#1646,0.00225);
#46=CYLINDRICAL_SURFACE('',#1651,0.00275);
#47=CYLINDRICAL_SURFACE('',#1655,0.00275);
#48=CYLINDRICAL_SURFACE('',#1659,0.00275);
#49=CYLINDRICAL_SURFACE('',#1663,0.00275);
#50=CYLINDRICAL_SURFACE('',#1667,0.00275);
#51=CYLINDRICAL_SURFACE('',#1671,0.00275);
#52=CYLINDRICAL_SURFACE('',#1677,0.00245);
#53=CYLINDRICAL_SURFACE('',#1680,0.00245);
#54=CYLINDRICAL_SURFACE('',#1683,0.00245);
#55=CYLINDRICAL_SURFACE('',#1686,0.00245);
#56=CYLINDRICAL_SURFACE('',#1689,0.00245);
#57=CYLINDRICAL_SURFACE('',#1692,0.00245);
#58=CIRCLE('',#1514,0.00275);
#59=CIRCLE('',#1515,0.00225);
#60=CIRCLE('',#1516,0.00225);
#61=CIRCLE('',#1517,0.00225);
#62=CIRCLE('',#1518,0.00225);
#63=CIRCLE('',#1519,0.00225);
#64=CIRCLE('',#1520,0.00225);
#65=CIRCLE('',#1521,0.00275);
#66=CIRCLE('',#1522,0.00275);
#67=CIRCLE('',#1523,0.00275);
#68=CIRCLE('',#1524,0.00275);
#69=CIRCLE('',#1525,0.00175);
#70=CIRCLE('',#1526,0.00175);
#71=CIRCLE('',#1527,0.00175);
#72=CIRCLE('',#1528,0.00175);
#73=CIRCLE('',#1529,0.00175);
#74=CIRCLE('',#1530,0.00175);
#75=CIRCLE('',#1531,0.00175);
#76=CIRCLE('',#1532,0.00175);
#77=CIRCLE('',#1533,0.002);
#78=CIRCLE('',#1534,0.002);
#79=CIRCLE('',#1535,0.002);
#80=CIRCLE('',#1536,0.002);
#81=CIRCLE('',#1537,0.002);
#82=CIRCLE('',#1538,0.002);
#83=CIRCLE('',#1539,0.002);
#84=CIRCLE('',#1540,0.002);
#85=CIRCLE('',#1541,0.01);
#86=CIRCLE('',#1542,0.01);
#87=CIRCLE('',#1543,0.01);
#88=CIRCLE('',#1544,0.01);
#89=CIRCLE('',#1545,0.00275);
#90=CIRCLE('',#1546,0.00275);
#91=CIRCLE('',#1547,0.00275);
#92=CIRCLE('',#1548,0.00275);
#93=CIRCLE('',#1549,0.00275);
#94=CIRCLE('',#1551,0.00225);
#95=CIRCLE('',#1552,0.00225);
#96=CIRCLE('',#1553,0.00225);
#97=CIRCLE('',#1554,0.00225);
#98=CIRCLE('',#1555,0.00225);
#99=CIRCLE('',#1556,0.00225);
#100=CIRCLE('',#1557,0.00175);
#101=CIRCLE('',#1558,0.00175);
#102=CIRCLE('',#1559,0.00175);
#103=CIRCLE('',#1560,0.00175);
#104=CIRCLE('',#1561,0.00175);
#105=CIRCLE('',#1562,0.00175);
#106=CIRCLE('',#1563,0.00175);
#107=CIRCLE('',#1564,0.00175);
#108=CIRCLE('',#1565,0.002);
#109=CIRCLE('',#1566,0.01);
#110=CIRCLE('',#1567,0.01);
#111=CIRCLE('',#1568,0.01);
#112=CIRCLE('',#1569,0.01);
#113=CIRCLE('',#1570,0.002);
#114=CIRCLE('',#1571,0.002);
#115=CIRCLE('',#1572,0.002);
#116=CIRCLE('',#1573,0.002);
#117=CIRCLE('',#1574,0.002);
#118=CIRCLE('',#1575,0.002);
#119=CIRCLE('',#1576,0.002);
#120=CIRCLE('',#1614,0.00275);
#121=CIRCLE('',#1616,0.00245);
#122=CIRCLE('',#1618,0.00275);
#123=CIRCLE('',#1620,0.00245);
#124=CIRCLE('',#1622,0.00275);
#125=CIRCLE('',#1624,0.00245);
#126=CIRCLE('',#1626,0.00275);
#127=CIRCLE('',#1628,0.00245);
#128=CIRCLE('',#1630,0.00245);
#129=CIRCLE('',#1633,0.00245);
#130=CIRCLE('',#1636,0.00245);
#131=CIRCLE('',#1639,0.00245);
#132=CIRCLE('',#1652,0.00275);
#133=CIRCLE('',#1654,0.00245);
#134=CIRCLE('',#1656,0.00275);
#135=CIRCLE('',#1658,0.00245);
#136=CIRCLE('',#1660,0.00275);
#137=CIRCLE('',#1662,0.00245);
#138=CIRCLE('',#1664,0.00275);
#139=CIRCLE('',#1666,0.00245);
#140=CIRCLE('',#1668,0.00275);
#141=CIRCLE('',#1670,0.00245);
#142=CIRCLE('',#1672,0.00275);
#143=CIRCLE('',#1674,0.00245);
#144=CIRCLE('',#1676,0.00245);
#145=CIRCLE('',#1679,0.00245);
#146=CIRCLE('',#1682,0.00245);
#147=CIRCLE('',#1685,0.00245);
#148=CIRCLE('',#1688,0.00245);
#149=CIRCLE('',#1691,0.00245);
#150=ORIENTED_EDGE('',*,*,#486,.F.);
#151=ORIENTED_EDGE('',*,*,#487,.T.);
#152=ORIENTED_EDGE('',*,*,#488,.T.);
#153=ORIENTED_EDGE('',*,*,#489,.F.);
#154=ORIENTED_EDGE('',*,*,#490,.T.);
#155=ORIENTED_EDGE('',*,*,#491,.F.);
#156=ORIENTED_EDGE('',*,*,#492,.T.);
#157=ORIENTED_EDGE('',*,*,#493,.T.);
#158=ORIENTED_EDGE('',*,*,#494,.F.);
#159=ORIENTED_EDGE('',*,*,#495,.F.);
#160=ORIENTED_EDGE('',*,*,#496,.F.);
#161=ORIENTED_EDGE('',*,*,#497,.F.);
#162=ORIENTED_EDGE('',*,*,#498,.F.);
#163=ORIENTED_EDGE('',*,*,#499,.F.);
#164=ORIENTED_EDGE('',*,*,#500,.F.);
#165=ORIENTED_EDGE('',*,*,#501,.F.);
#166=ORIENTED_EDGE('',*,*,#502,.F.);
#167=ORIENTED_EDGE('',*,*,#503,.F.);
#168=ORIENTED_EDGE('',*,*,#504,.F.);
#169=ORIENTED_EDGE('',*,*,#505,.F.);
#170=ORIENTED_EDGE('',*,*,#506,.F.);
#171=ORIENTED_EDGE('',*,*,#507,.F.);
#172=ORIENTED_EDGE('',*,*,#508,.F.);
#173=ORIENTED_EDGE('',*,*,#509,.F.);
#174=ORIENTED_EDGE('',*,*,#510,.F.);
#175=ORIENTED_EDGE('',*,*,#511,.F.);
#176=ORIENTED_EDGE('',*,*,#512,.F.);
#177=ORIENTED_EDGE('',*,*,#513,.F.);
#178=ORIENTED_EDGE('',*,*,#514,.F.);
#179=ORIENTED_EDGE('',*,*,#515,.F.);
#180=ORIENTED_EDGE('',*,*,#516,.F.);
#181=ORIENTED_EDGE('',*,*,#517,.F.);
#182=ORIENTED_EDGE('',*,*,#518,.F.);
#183=ORIENTED_EDGE('',*,*,#519,.F.);
#184=ORIENTED_EDGE('',*,*,#520,.F.);
#185=ORIENTED_EDGE('',*,*,#521,.T.);
#186=ORIENTED_EDGE('',*,*,#522,.T.);
#187=ORIENTED_EDGE('',*,*,#523,.T.);
#188=ORIENTED_EDGE('',*,*,#524,.F.);
#189=ORIENTED_EDGE('',*,*,#525,.F.);
#190=ORIENTED_EDGE('',*,*,#526,.F.);
#191=ORIENTED_EDGE('',*,*,#527,.F.);
#192=ORIENTED_EDGE('',*,*,#528,.F.);
#193=ORIENTED_EDGE('',*,*,#529,.F.);
#194=ORIENTED_EDGE('',*,*,#530,.T.);
#195=ORIENTED_EDGE('',*,*,#531,.F.);
#196=ORIENTED_EDGE('',*,*,#532,.T.);
#197=ORIENTED_EDGE('',*,*,#533,.F.);
#198=ORIENTED_EDGE('',*,*,#534,.T.);
#199=ORIENTED_EDGE('',*,*,#535,.F.);
#200=ORIENTED_EDGE('',*,*,#536,.T.);
#201=ORIENTED_EDGE('',*,*,#537,.T.);
#202=ORIENTED_EDGE('',*,*,#538,.T.);
#203=ORIENTED_EDGE('',*,*,#539,.F.);
#204=ORIENTED_EDGE('',*,*,#540,.F.);
#205=ORIENTED_EDGE('',*,*,#541,.F.);
#206=ORIENTED_EDGE('',*,*,#542,.T.);
#207=ORIENTED_EDGE('',*,*,#543,.F.);
#208=ORIENTED_EDGE('',*,*,#544,.F.);
#209=ORIENTED_EDGE('',*,*,#545,.T.);
#210=ORIENTED_EDGE('',*,*,#546,.T.);
#211=ORIENTED_EDGE('',*,*,#547,.F.);
#212=ORIENTED_EDGE('',*,*,#548,.F.);
#213=ORIENTED_EDGE('',*,*,#549,.T.);
#214=ORIENTED_EDGE('',*,*,#550,.T.);
#215=ORIENTED_EDGE('',*,*,#551,.F.);
#216=ORIENTED_EDGE('',*,*,#552,.F.);
#217=ORIENTED_EDGE('',*,*,#553,.T.);
#218=ORIENTED_EDGE('',*,*,#554,.F.);
#219=ORIENTED_EDGE('',*,*,#555,.F.);
#220=ORIENTED_EDGE('',*,*,#556,.F.);
#221=ORIENTED_EDGE('',*,*,#557,.F.);
#222=ORIENTED_EDGE('',*,*,#558,.F.);
#223=ORIENTED_EDGE('',*,*,#559,.F.);
#224=ORIENTED_EDGE('',*,*,#560,.F.);
#225=ORIENTED_EDGE('',*,*,#561,.F.);
#226=ORIENTED_EDGE('',*,*,#562,.F.);
#227=ORIENTED_EDGE('',*,*,#563,.F.);
#228=ORIENTED_EDGE('',*,*,#564,.F.);
#229=ORIENTED_EDGE('',*,*,#565,.F.);
#230=ORIENTED_EDGE('',*,*,#566,.F.);
#231=ORIENTED_EDGE('',*,*,#567,.F.);
#232=ORIENTED_EDGE('',*,*,#568,.F.);
#233=ORIENTED_EDGE('',*,*,#569,.T.);
#234=ORIENTED_EDGE('',*,*,#570,.T.);
#235=ORIENTED_EDGE('',*,*,#571,.T.);
#236=ORIENTED_EDGE('',*,*,#572,.F.);
#237=ORIENTED_EDGE('',*,*,#573,.T.);
#238=ORIENTED_EDGE('',*,*,#574,.F.);
#239=ORIENTED_EDGE('',*,*,#575,.T.);
#240=ORIENTED_EDGE('',*,*,#576,.T.);
#241=ORIENTED_EDGE('',*,*,#577,.F.);
#242=ORIENTED_EDGE('',*,*,#578,.F.);
#243=ORIENTED_EDGE('',*,*,#579,.F.);
#244=ORIENTED_EDGE('',*,*,#580,.F.);
#245=ORIENTED_EDGE('',*,*,#581,.F.);
#246=ORIENTED_EDGE('',*,*,#582,.T.);
#247=ORIENTED_EDGE('',*,*,#583,.F.);
#248=ORIENTED_EDGE('',*,*,#584,.T.);
#249=ORIENTED_EDGE('',*,*,#585,.T.);
#250=ORIENTED_EDGE('',*,*,#586,.F.);
#251=ORIENTED_EDGE('',*,*,#587,.F.);
#252=ORIENTED_EDGE('',*,*,#588,.F.);
#253=ORIENTED_EDGE('',*,*,#589,.F.);
#254=ORIENTED_EDGE('',*,*,#590,.F.);
#255=ORIENTED_EDGE('',*,*,#591,.F.);
#256=ORIENTED_EDGE('',*,*,#592,.T.);
#257=ORIENTED_EDGE('',*,*,#593,.T.);
#258=ORIENTED_EDGE('',*,*,#594,.F.);
#259=ORIENTED_EDGE('',*,*,#595,.F.);
#260=ORIENTED_EDGE('',*,*,#571,.F.);
#261=ORIENTED_EDGE('',*,*,#596,.T.);
#262=ORIENTED_EDGE('',*,*,#529,.T.);
#263=ORIENTED_EDGE('',*,*,#597,.T.);
#264=ORIENTED_EDGE('',*,*,#533,.T.);
#265=ORIENTED_EDGE('',*,*,#598,.T.);
#266=ORIENTED_EDGE('',*,*,#575,.F.);
#267=ORIENTED_EDGE('',*,*,#599,.F.);
#268=ORIENTED_EDGE('',*,*,#574,.T.);
#269=ORIENTED_EDGE('',*,*,#600,.F.);
#270=ORIENTED_EDGE('',*,*,#534,.F.);
#271=ORIENTED_EDGE('',*,*,#599,.T.);
#272=ORIENTED_EDGE('',*,*,#573,.F.);
#273=ORIENTED_EDGE('',*,*,#601,.F.);
#274=ORIENTED_EDGE('',*,*,#535,.T.);
#275=ORIENTED_EDGE('',*,*,#600,.T.);
#276=ORIENTED_EDGE('',*,*,#572,.T.);
#277=ORIENTED_EDGE('',*,*,#597,.F.);
#278=ORIENTED_EDGE('',*,*,#536,.F.);
#279=ORIENTED_EDGE('',*,*,#601,.T.);
#280=ORIENTED_EDGE('',*,*,#531,.T.);
#281=ORIENTED_EDGE('',*,*,#602,.T.);
#282=ORIENTED_EDGE('',*,*,#569,.F.);
#283=ORIENTED_EDGE('',*,*,#603,.T.);
#284=ORIENTED_EDGE('',*,*,#570,.F.);
#285=ORIENTED_EDGE('',*,*,#602,.F.);
#286=ORIENTED_EDGE('',*,*,#530,.F.);
#287=ORIENTED_EDGE('',*,*,#596,.F.);
#288=ORIENTED_EDGE('',*,*,#576,.F.);
#289=ORIENTED_EDGE('',*,*,#598,.F.);
#290=ORIENTED_EDGE('',*,*,#532,.F.);
#291=ORIENTED_EDGE('',*,*,#603,.F.);
#292=ORIENTED_EDGE('',*,*,#577,.T.);
#293=ORIENTED_EDGE('',*,*,#528,.T.);
#294=ORIENTED_EDGE('',*,*,#578,.T.);
#295=ORIENTED_EDGE('',*,*,#527,.T.);
#296=ORIENTED_EDGE('',*,*,#579,.T.);
#297=ORIENTED_EDGE('',*,*,#526,.T.);
#298=ORIENTED_EDGE('',*,*,#580,.T.);
#299=ORIENTED_EDGE('',*,*,#525,.T.);
#300=ORIENTED_EDGE('',*,*,#581,.T.);
#301=ORIENTED_EDGE('',*,*,#524,.T.);
#302=ORIENTED_EDGE('',*,*,#583,.T.);
#303=ORIENTED_EDGE('',*,*,#604,.T.);
#304=ORIENTED_EDGE('',*,*,#520,.T.);
#305=ORIENTED_EDGE('',*,*,#605,.F.);
#306=ORIENTED_EDGE('',*,*,#606,.T.);
#307=ORIENTED_EDGE('',*,*,#521,.F.);
#308=ORIENTED_EDGE('',*,*,#604,.F.);
#309=ORIENTED_EDGE('',*,*,#582,.F.);
#310=ORIENTED_EDGE('',*,*,#605,.T.);
#311=ORIENTED_EDGE('',*,*,#523,.F.);
#312=ORIENTED_EDGE('',*,*,#607,.F.);
#313=ORIENTED_EDGE('',*,*,#584,.F.);
#314=ORIENTED_EDGE('',*,*,#607,.T.);
#315=ORIENTED_EDGE('',*,*,#522,.F.);
#316=ORIENTED_EDGE('',*,*,#606,.F.);
#317=ORIENTED_EDGE('',*,*,#585,.F.);
#318=ORIENTED_EDGE('',*,*,#587,.T.);
#319=ORIENTED_EDGE('',*,*,#608,.T.);
#320=ORIENTED_EDGE('',*,*,#516,.T.);
#321=ORIENTED_EDGE('',*,*,#609,.F.);
#322=ORIENTED_EDGE('',*,*,#588,.T.);
#323=ORIENTED_EDGE('',*,*,#609,.T.);
#324=ORIENTED_EDGE('',*,*,#519,.T.);
#325=ORIENTED_EDGE('',*,*,#610,.F.);
#326=ORIENTED_EDGE('',*,*,#586,.T.);
#327=ORIENTED_EDGE('',*,*,#611,.T.);
#328=ORIENTED_EDGE('',*,*,#517,.T.);
#329=ORIENTED_EDGE('',*,*,#608,.F.);
#330=ORIENTED_EDGE('',*,*,#589,.T.);
#331=ORIENTED_EDGE('',*,*,#610,.T.);
#332=ORIENTED_EDGE('',*,*,#518,.T.);
#333=ORIENTED_EDGE('',*,*,#611,.F.);
#334=ORIENTED_EDGE('',*,*,#590,.T.);
#335=ORIENTED_EDGE('',*,*,#515,.T.);
#336=ORIENTED_EDGE('',*,*,#591,.T.);
#337=ORIENTED_EDGE('',*,*,#514,.T.);
#338=ORIENTED_EDGE('',*,*,#612,.T.);
#339=ORIENTED_EDGE('',*,*,#538,.F.);
#340=ORIENTED_EDGE('',*,*,#613,.F.);
#341=ORIENTED_EDGE('',*,*,#592,.F.);
#342=ORIENTED_EDGE('',*,*,#613,.T.);
#343=ORIENTED_EDGE('',*,*,#537,.F.);
#344=ORIENTED_EDGE('',*,*,#614,.F.);
#345=ORIENTED_EDGE('',*,*,#593,.F.);
#346=ORIENTED_EDGE('',*,*,#595,.T.);
#347=ORIENTED_EDGE('',*,*,#615,.T.);
#348=ORIENTED_EDGE('',*,*,#539,.T.);
#349=ORIENTED_EDGE('',*,*,#612,.F.);
#350=ORIENTED_EDGE('',*,*,#594,.T.);
#351=ORIENTED_EDGE('',*,*,#614,.T.);
#352=ORIENTED_EDGE('',*,*,#540,.T.);
#353=ORIENTED_EDGE('',*,*,#615,.F.);
#354=ORIENTED_EDGE('',*,*,#568,.T.);
#355=ORIENTED_EDGE('',*,*,#513,.T.);
#356=ORIENTED_EDGE('',*,*,#567,.T.);
#357=ORIENTED_EDGE('',*,*,#512,.T.);
#358=ORIENTED_EDGE('',*,*,#566,.T.);
#359=ORIENTED_EDGE('',*,*,#511,.T.);
#360=ORIENTED_EDGE('',*,*,#565,.T.);
#361=ORIENTED_EDGE('',*,*,#510,.T.);
#362=ORIENTED_EDGE('',*,*,#564,.T.);
#363=ORIENTED_EDGE('',*,*,#509,.T.);
#364=ORIENTED_EDGE('',*,*,#563,.T.);
#365=ORIENTED_EDGE('',*,*,#508,.T.);
#366=ORIENTED_EDGE('',*,*,#562,.T.);
#367=ORIENTED_EDGE('',*,*,#507,.T.);
#368=ORIENTED_EDGE('',*,*,#561,.T.);
#369=ORIENTED_EDGE('',*,*,#506,.T.);
#370=ORIENTED_EDGE('',*,*,#560,.T.);
#371=ORIENTED_EDGE('',*,*,#505,.T.);
#372=ORIENTED_EDGE('',*,*,#616,.F.);
#373=ORIENTED_EDGE('',*,*,#504,.T.);
#374=ORIENTED_EDGE('',*,*,#617,.F.);
#375=ORIENTED_EDGE('',*,*,#616,.T.);
#376=ORIENTED_EDGE('',*,*,#618,.F.);
#377=ORIENTED_EDGE('',*,*,#503,.T.);
#378=ORIENTED_EDGE('',*,*,#619,.F.);
#379=ORIENTED_EDGE('',*,*,#618,.T.);
#380=ORIENTED_EDGE('',*,*,#620,.F.);
#381=ORIENTED_EDGE('',*,*,#502,.T.);
#382=ORIENTED_EDGE('',*,*,#621,.F.);
#383=ORIENTED_EDGE('',*,*,#620,.T.);
#384=ORIENTED_EDGE('',*,*,#622,.F.);
#385=ORIENTED_EDGE('',*,*,#501,.T.);
#386=ORIENTED_EDGE('',*,*,#623,.F.);
#387=ORIENTED_EDGE('',*,*,#622,.T.);
#388=ORIENTED_EDGE('',*,*,#624,.T.);
#389=ORIENTED_EDGE('',*,*,#624,.F.);
#390=ORIENTED_EDGE('',*,*,#617,.T.);
#391=ORIENTED_EDGE('',*,*,#625,.T.);
#392=ORIENTED_EDGE('',*,*,#625,.F.);
#393=ORIENTED_EDGE('',*,*,#619,.T.);
#394=ORIENTED_EDGE('',*,*,#626,.T.);
#395=ORIENTED_EDGE('',*,*,#626,.F.);
#396=ORIENTED_EDGE('',*,*,#621,.T.);
#397=ORIENTED_EDGE('',*,*,#627,.T.);
#398=ORIENTED_EDGE('',*,*,#627,.F.);
#399=ORIENTED_EDGE('',*,*,#623,.T.);
#400=ORIENTED_EDGE('',*,*,#559,.T.);
#401=ORIENTED_EDGE('',*,*,#500,.T.);
#402=ORIENTED_EDGE('',*,*,#558,.T.);
#403=ORIENTED_EDGE('',*,*,#499,.T.);
#404=ORIENTED_EDGE('',*,*,#557,.T.);
#405=ORIENTED_EDGE('',*,*,#498,.T.);
#406=ORIENTED_EDGE('',*,*,#556,.T.);
#407=ORIENTED_EDGE('',*,*,#497,.T.);
#408=ORIENTED_EDGE('',*,*,#555,.T.);
#409=ORIENTED_EDGE('',*,*,#496,.T.);
#410=ORIENTED_EDGE('',*,*,#554,.T.);
#411=ORIENTED_EDGE('',*,*,#495,.T.);
#412=ORIENTED_EDGE('',*,*,#551,.T.);
#413=ORIENTED_EDGE('',*,*,#628,.T.);
#414=ORIENTED_EDGE('',*,*,#491,.T.);
#415=ORIENTED_EDGE('',*,*,#629,.F.);
#416=ORIENTED_EDGE('',*,*,#630,.T.);
#417=ORIENTED_EDGE('',*,*,#492,.F.);
#418=ORIENTED_EDGE('',*,*,#628,.F.);
#419=ORIENTED_EDGE('',*,*,#550,.F.);
#420=ORIENTED_EDGE('',*,*,#552,.T.);
#421=ORIENTED_EDGE('',*,*,#629,.T.);
#422=ORIENTED_EDGE('',*,*,#494,.T.);
#423=ORIENTED_EDGE('',*,*,#631,.F.);
#424=ORIENTED_EDGE('',*,*,#631,.T.);
#425=ORIENTED_EDGE('',*,*,#493,.F.);
#426=ORIENTED_EDGE('',*,*,#630,.F.);
#427=ORIENTED_EDGE('',*,*,#553,.F.);
#428=ORIENTED_EDGE('',*,*,#632,.T.);
#429=ORIENTED_EDGE('',*,*,#545,.F.);
#430=ORIENTED_EDGE('',*,*,#632,.F.);
#431=ORIENTED_EDGE('',*,*,#633,.T.);
#432=ORIENTED_EDGE('',*,*,#634,.F.);
#433=ORIENTED_EDGE('',*,*,#544,.T.);
#434=ORIENTED_EDGE('',*,*,#635,.F.);
#435=ORIENTED_EDGE('',*,*,#634,.T.);
#436=ORIENTED_EDGE('',*,*,#636,.F.);
#437=ORIENTED_EDGE('',*,*,#543,.T.);
#438=ORIENTED_EDGE('',*,*,#637,.F.);
#439=ORIENTED_EDGE('',*,*,#636,.T.);
#440=ORIENTED_EDGE('',*,*,#638,.T.);
#441=ORIENTED_EDGE('',*,*,#490,.F.);
#442=ORIENTED_EDGE('',*,*,#638,.F.);
#443=ORIENTED_EDGE('',*,*,#639,.T.);
#444=ORIENTED_EDGE('',*,*,#640,.T.);
#445=ORIENTED_EDGE('',*,*,#542,.F.);
#446=ORIENTED_EDGE('',*,*,#640,.F.);
#447=ORIENTED_EDGE('',*,*,#641,.T.);
#448=ORIENTED_EDGE('',*,*,#642,.F.);
#449=ORIENTED_EDGE('',*,*,#541,.T.);
#450=ORIENTED_EDGE('',*,*,#643,.F.);
#451=ORIENTED_EDGE('',*,*,#642,.T.);
#452=ORIENTED_EDGE('',*,*,#644,.F.);
#453=ORIENTED_EDGE('',*,*,#644,.T.);
#454=ORIENTED_EDGE('',*,*,#633,.F.);
#455=ORIENTED_EDGE('',*,*,#645,.T.);
#456=ORIENTED_EDGE('',*,*,#645,.F.);
#457=ORIENTED_EDGE('',*,*,#635,.T.);
#458=ORIENTED_EDGE('',*,*,#646,.T.);
#459=ORIENTED_EDGE('',*,*,#646,.F.);
#460=ORIENTED_EDGE('',*,*,#637,.T.);
#461=ORIENTED_EDGE('',*,*,#647,.F.);
#462=ORIENTED_EDGE('',*,*,#647,.T.);
#463=ORIENTED_EDGE('',*,*,#639,.F.);
#464=ORIENTED_EDGE('',*,*,#648,.F.);
#465=ORIENTED_EDGE('',*,*,#648,.T.);
#466=ORIENTED_EDGE('',*,*,#641,.F.);
#467=ORIENTED_EDGE('',*,*,#649,.T.);
#468=ORIENTED_EDGE('',*,*,#649,.F.);
#469=ORIENTED_EDGE('',*,*,#643,.T.);
#470=ORIENTED_EDGE('',*,*,#650,.T.);
#471=ORIENTED_EDGE('',*,*,#488,.F.);
#472=ORIENTED_EDGE('',*,*,#651,.F.);
#473=ORIENTED_EDGE('',*,*,#549,.F.);
#474=ORIENTED_EDGE('',*,*,#548,.T.);
#475=ORIENTED_EDGE('',*,*,#652,.T.);
#476=ORIENTED_EDGE('',*,*,#489,.T.);
#477=ORIENTED_EDGE('',*,*,#650,.F.);
#478=ORIENTED_EDGE('',*,*,#651,.T.);
#479=ORIENTED_EDGE('',*,*,#487,.F.);
#480=ORIENTED_EDGE('',*,*,#653,.F.);
#481=ORIENTED_EDGE('',*,*,#546,.F.);
#482=ORIENTED_EDGE('',*,*,#547,.T.);
#483=ORIENTED_EDGE('',*,*,#653,.T.);
#484=ORIENTED_EDGE('',*,*,#486,.T.);
#485=ORIENTED_EDGE('',*,*,#652,.F.);
#486=EDGE_CURVE('',#654,#655,#794,.T.);
#487=EDGE_CURVE('',#654,#656,#795,.T.);
#488=EDGE_CURVE('',#656,#657,#796,.T.);
#489=EDGE_CURVE('',#655,#657,#797,.T.);
#490=EDGE_CURVE('',#658,#658,#58,.T.);
#491=EDGE_CURVE('',#659,#660,#798,.T.);
#492=EDGE_CURVE('',#659,#661,#799,.T.);
#493=EDGE_CURVE('',#661,#662,#800,.T.);
#494=EDGE_CURVE('',#660,#662,#801,.T.);
#495=EDGE_CURVE('',#663,#663,#59,.T.);
#496=EDGE_CURVE('',#664,#664,#60,.T.);
#497=EDGE_CURVE('',#665,#665,#61,.T.);
#498=EDGE_CURVE('',#666,#666,#62,.T.);
#499=EDGE_CURVE('',#667,#667,#63,.T.);
#500=EDGE_CURVE('',#668,#668,#64,.T.);
#501=EDGE_CURVE('',#669,#669,#65,.T.);
#502=EDGE_CURVE('',#670,#670,#66,.T.);
#503=EDGE_CURVE('',#671,#671,#67,.T.);
#504=EDGE_CURVE('',#672,#672,#68,.T.);
#505=EDGE_CURVE('',#673,#673,#69,.T.);
#506=EDGE_CURVE('',#674,#674,#70,.T.);
#507=EDGE_CURVE('',#675,#675,#71,.T.);
#508=EDGE_CURVE('',#676,#676,#72,.T.);
#509=EDGE_CURVE('',#677,#677,#73,.T.);
#510=EDGE_CURVE('',#678,#678,#74,.T.);
#511=EDGE_CURVE('',#679,#679,#75,.T.);
#512=EDGE_CURVE('',#680,#680,#76,.T.);
#513=EDGE_CURVE('',#681,#681,#77,.T.);
#514=EDGE_CURVE('',#682,#682,#78,.T.);
#515=EDGE_CURVE('',#683,#683,#79,.T.);
#516=EDGE_CURVE('',#684,#685,#802,.T.);
#517=EDGE_CURVE('',#686,#684,#803,.T.);
#518=EDGE_CURVE('',#687,#686,#804,.T.);
#519=EDGE_CURVE('',#685,#687,#805,.T.);
#520=EDGE_CURVE('',#688,#689,#806,.T.);
#521=EDGE_CURVE('',#688,#690,#807,.T.);
#522=EDGE_CURVE('',#690,#691,#808,.T.);
#523=EDGE_CURVE('',#691,#689,#809,.T.);
#524=EDGE_CURVE('',#692,#692,#80,.T.);
#525=EDGE_CURVE('',#693,#693,#81,.T.);
#526=EDGE_CURVE('',#694,#694,#82,.T.);
#527=EDGE_CURVE('',#695,#695,#83,.T.);
#528=EDGE_CURVE('',#696,#696,#84,.T.);
#529=EDGE_CURVE('',#697,#698,#810,.T.);
#530=EDGE_CURVE('',#697,#699,#85,.T.);
#531=EDGE_CURVE('',#700,#699,#811,.T.);
#532=EDGE_CURVE('',#700,#701,#86,.T.);
#533=EDGE_CURVE('',#702,#701,#812,.T.);
#534=EDGE_CURVE('',#702,#703,#87,.T.);
#535=EDGE_CURVE('',#704,#703,#813,.T.);
#536=EDGE_CURVE('',#704,#698,#88,.T.);
#537=EDGE_CURVE('',#705,#706,#814,.T.);
#538=EDGE_CURVE('',#706,#707,#815,.T.);
#539=EDGE_CURVE('',#708,#707,#816,.T.);
#540=EDGE_CURVE('',#705,#708,#817,.T.);
#541=EDGE_CURVE('',#709,#709,#89,.T.);
#542=EDGE_CURVE('',#710,#710,#90,.T.);
#543=EDGE_CURVE('',#711,#711,#91,.T.);
#544=EDGE_CURVE('',#712,#712,#92,.T.);
#545=EDGE_CURVE('',#713,#713,#93,.T.);
#546=EDGE_CURVE('',#714,#715,#818,.T.);
#547=EDGE_CURVE('',#716,#715,#819,.T.);
#548=EDGE_CURVE('',#717,#716,#820,.T.);
#549=EDGE_CURVE('',#717,#714,#821,.T.);
#550=EDGE_CURVE('',#718,#719,#822,.T.);
#551=EDGE_CURVE('',#720,#719,#823,.T.);
#552=EDGE_CURVE('',#721,#720,#824,.T.);
#553=EDGE_CURVE('',#721,#718,#825,.T.);
#554=EDGE_CURVE('',#722,#722,#94,.F.);
#555=EDGE_CURVE('',#723,#723,#95,.F.);
#556=EDGE_CURVE('',#724,#724,#96,.F.);
#557=EDGE_CURVE('',#725,#725,#97,.F.);
#558=EDGE_CURVE('',#726,#726,#98,.F.);
#559=EDGE_CURVE('',#727,#727,#99,.F.);
#560=EDGE_CURVE('',#728,#728,#100,.F.);
#561=EDGE_CURVE('',#729,#729,#101,.F.);
#562=EDGE_CURVE('',#730,#730,#102,.F.);
#563=EDGE_CURVE('',#731,#731,#103,.F.);
#564=EDGE_CURVE('',#732,#732,#104,.F.);
#565=EDGE_CURVE('',#733,#733,#105,.F.);
#566=EDGE_CURVE('',#734,#734,#106,.F.);
#567=EDGE_CURVE('',#735,#735,#107,.F.);
#568=EDGE_CURVE('',#736,#736,#108,.F.);
#569=EDGE_CURVE('',#737,#738,#826,.T.);
#570=EDGE_CURVE('',#738,#739,#109,.F.);
#571=EDGE_CURVE('',#739,#740,#827,.T.);
#572=EDGE_CURVE('',#741,#740,#110,.T.);
#573=EDGE_CURVE('',#741,#742,#828,.T.);
#574=EDGE_CURVE('',#743,#742,#111,.T.);
#575=EDGE_CURVE('',#743,#744,#829,.T.);
#576=EDGE_CURVE('',#744,#737,#112,.F.);
#577=EDGE_CURVE('',#745,#745,#113,.F.);
#578=EDGE_CURVE('',#746,#746,#114,.F.);
#579=EDGE_CURVE('',#747,#747,#115,.F.);
#580=EDGE_CURVE('',#748,#748,#116,.F.);
#581=EDGE_CURVE('',#749,#749,#117,.F.);
#582=EDGE_CURVE('',#750,#751,#830,.T.);
#583=EDGE_CURVE('',#752,#751,#831,.T.);
#584=EDGE_CURVE('',#752,#753,#832,.T.);
#585=EDGE_CURVE('',#753,#750,#833,.T.);
#586=EDGE_CURVE('',#754,#755,#834,.T.);
#587=EDGE_CURVE('',#756,#754,#835,.T.);
#588=EDGE_CURVE('',#757,#756,#836,.T.);
#589=EDGE_CURVE('',#755,#757,#837,.T.);
#590=EDGE_CURVE('',#758,#758,#118,.F.);
#591=EDGE_CURVE('',#759,#759,#119,.F.);
#592=EDGE_CURVE('',#760,#761,#838,.T.);
#593=EDGE_CURVE('',#761,#762,#839,.T.);
#594=EDGE_CURVE('',#763,#762,#840,.T.);
#595=EDGE_CURVE('',#760,#763,#841,.T.);
#596=EDGE_CURVE('',#739,#697,#842,.T.);
#597=EDGE_CURVE('',#698,#740,#843,.T.);
#598=EDGE_CURVE('',#701,#744,#844,.F.);
#599=EDGE_CURVE('',#702,#743,#845,.T.);
#600=EDGE_CURVE('',#703,#742,#846,.T.);
#601=EDGE_CURVE('',#704,#741,#847,.T.);
#602=EDGE_CURVE('',#699,#738,#848,.F.);
#603=EDGE_CURVE('',#737,#700,#849,.T.);
#604=EDGE_CURVE('',#751,#688,#850,.T.);
#605=EDGE_CURVE('',#752,#689,#851,.T.);
#606=EDGE_CURVE('',#750,#690,#852,.T.);
#607=EDGE_CURVE('',#753,#691,#853,.T.);
#608=EDGE_CURVE('',#754,#684,#854,.T.);
#609=EDGE_CURVE('',#756,#685,#855,.T.);
#610=EDGE_CURVE('',#757,#687,#856,.T.);
#611=EDGE_CURVE('',#755,#686,#857,.T.);
#612=EDGE_CURVE('',#760,#707,#858,.T.);
#613=EDGE_CURVE('',#761,#706,#859,.T.);
#614=EDGE_CURVE('',#762,#705,#860,.T.);
#615=EDGE_CURVE('',#763,#708,#861,.T.);
#616=EDGE_CURVE('',#764,#764,#120,.T.);
#617=EDGE_CURVE('',#765,#765,#121,.T.);
#618=EDGE_CURVE('',#766,#766,#122,.T.);
#619=EDGE_CURVE('',#767,#767,#123,.T.);
#620=EDGE_CURVE('',#768,#768,#124,.T.);
#621=EDGE_CURVE('',#769,#769,#125,.T.);
#622=EDGE_CURVE('',#770,#770,#126,.T.);
#623=EDGE_CURVE('',#771,#771,#127,.T.);
#624=EDGE_CURVE('',#772,#772,#128,.T.);
#625=EDGE_CURVE('',#773,#773,#129,.T.);
#626=EDGE_CURVE('',#774,#774,#130,.T.);
#627=EDGE_CURVE('',#775,#775,#131,.T.);
#628=EDGE_CURVE('',#719,#659,#862,.T.);
#629=EDGE_CURVE('',#720,#660,#863,.T.);
#630=EDGE_CURVE('',#718,#661,#864,.T.);
#631=EDGE_CURVE('',#721,#662,#865,.T.);
#632=EDGE_CURVE('',#776,#776,#132,.T.);
#633=EDGE_CURVE('',#777,#777,#133,.T.);
#634=EDGE_CURVE('',#778,#778,#134,.T.);
#635=EDGE_CURVE('',#779,#779,#135,.T.);
#636=EDGE_CURVE('',#780,#780,#136,.T.);
#637=EDGE_CURVE('',#781,#781,#137,.T.);
#638=EDGE_CURVE('',#782,#782,#138,.T.);
#639=EDGE_CURVE('',#783,#783,#139,.T.);
#640=EDGE_CURVE('',#784,#784,#140,.T.);
#641=EDGE_CURVE('',#785,#785,#141,.T.);
#642=EDGE_CURVE('',#786,#786,#142,.T.);
#643=EDGE_CURVE('',#787,#787,#143,.T.);
#644=EDGE_CURVE('',#788,#788,#144,.T.);
#645=EDGE_CURVE('',#789,#789,#145,.T.);
#646=EDGE_CURVE('',#790,#790,#146,.T.);
#647=EDGE_CURVE('',#791,#791,#147,.T.);
#648=EDGE_CURVE('',#792,#792,#148,.T.);
#649=EDGE_CURVE('',#793,#793,#149,.T.);
#650=EDGE_CURVE('',#717,#657,#866,.T.);
#651=EDGE_CURVE('',#714,#656,#867,.T.);
#652=EDGE_CURVE('',#716,#655,#868,.T.);
#653=EDGE_CURVE('',#715,#654,#869,.T.);
#654=VERTEX_POINT('',#2146);
#655=VERTEX_POINT('',#2147);
#656=VERTEX_POINT('',#2149);
#657=VERTEX_POINT('',#2151);
#658=VERTEX_POINT('',#2154);
#659=VERTEX_POINT('',#2156);
#660=VERTEX_POINT('',#2157);
#661=VERTEX_POINT('',#2159);
#662=VERTEX_POINT('',#2161);
#663=VERTEX_POINT('',#2164);
#664=VERTEX_POINT('',#2166);
#665=VERTEX_POINT('',#2168);
#666=VERTEX_POINT('',#2170);
#667=VERTEX_POINT('',#2172);
#668=VERTEX_POINT('',#2174);
#669=VERTEX_POINT('',#2176);
#670=VERTEX_POINT('',#2178);
#671=VERTEX_POINT('',#2180);
#672=VERTEX_POINT('',#2182);
#673=VERTEX_POINT('',#2184);
#674=VERTEX_POINT('',#2186);
#675=VERTEX_POINT('',#2188);
#676=VERTEX_POINT('',#2190);
#677=VERTEX_POINT('',#2192);
#678=VERTEX_POINT('',#2194);
#679=VERTEX_POINT('',#2196);
#680=VERTEX_POINT('',#2198);
#681=VERTEX_POINT('',#2200);
#682=VERTEX_POINT('',#2202);
#683=VERTEX_POINT('',#2204);
#684=VERTEX_POINT('',#2206);
#685=VERTEX_POINT('',#2207);
#686=VERTEX_POINT('',#2209);
#687=VERTEX_POINT('',#2211);
#688=VERTEX_POINT('',#2214);
#689=VERTEX_POINT('',#2215);
#690=VERTEX_POINT('',#2217);
#691=VERTEX_POINT('',#2219);
#692=VERTEX_POINT('',#2222);
#693=VERTEX_POINT('',#2224);
#694=VERTEX_POINT('',#2226);
#695=VERTEX_POINT('',#2228);
#696=VERTEX_POINT('',#2230);
#697=VERTEX_POINT('',#2232);
#698=VERTEX_POINT('',#2233);
#699=VERTEX_POINT('',#2235);
#700=VERTEX_POINT('',#2237);
#701=VERTEX_POINT('',#2239);
#702=VERTEX_POINT('',#2241);
#703=VERTEX_POINT('',#2243);
#704=VERTEX_POINT('',#2245);
#705=VERTEX_POINT('',#2248);
#706=VERTEX_POINT('',#2249);
#707=VERTEX_POINT('',#2251);
#708=VERTEX_POINT('',#2253);
#709=VERTEX_POINT('',#2256);
#710=VERTEX_POINT('',#2258);
#711=VERTEX_POINT('',#2260);
#712=VERTEX_POINT('',#2262);
#713=VERTEX_POINT('',#2264);
#714=VERTEX_POINT('',#2267);
#715=VERTEX_POINT('',#2268);
#716=VERTEX_POINT('',#2270);
#717=VERTEX_POINT('',#2272);
#718=VERTEX_POINT('',#2275);
#719=VERTEX_POINT('',#2276);
#720=VERTEX_POINT('',#2278);
#721=VERTEX_POINT('',#2280);
#722=VERTEX_POINT('',#2283);
#723=VERTEX_POINT('',#2285);
#724=VERTEX_POINT('',#2287);
#725=VERTEX_POINT('',#2289);
#726=VERTEX_POINT('',#2291);
#727=VERTEX_POINT('',#2293);
#728=VERTEX_POINT('',#2295);
#729=VERTEX_POINT('',#2297);
#730=VERTEX_POINT('',#2299);
#731=VERTEX_POINT('',#2301);
#732=VERTEX_POINT('',#2303);
#733=VERTEX_POINT('',#2305);
#734=VERTEX_POINT('',#2307);
#735=VERTEX_POINT('',#2309);
#736=VERTEX_POINT('',#2311);
#737=VERTEX_POINT('',#2313);
#738=VERTEX_POINT('',#2314);
#739=VERTEX_POINT('',#2316);
#740=VERTEX_POINT('',#2318);
#741=VERTEX_POINT('',#2320);
#742=VERTEX_POINT('',#2322);
#743=VERTEX_POINT('',#2324);
#744=VERTEX_POINT('',#2326);
#745=VERTEX_POINT('',#2329);
#746=VERTEX_POINT('',#2331);
#747=VERTEX_POINT('',#2333);
#748=VERTEX_POINT('',#2335);
#749=VERTEX_POINT('',#2337);
#750=VERTEX_POINT('',#2339);
#751=VERTEX_POINT('',#2340);
#752=VERTEX_POINT('',#2342);
#753=VERTEX_POINT('',#2344);
#754=VERTEX_POINT('',#2347);
#755=VERTEX_POINT('',#2348);
#756=VERTEX_POINT('',#2350);
#757=VERTEX_POINT('',#2352);
#758=VERTEX_POINT('',#2355);
#759=VERTEX_POINT('',#2357);
#760=VERTEX_POINT('',#2359);
#761=VERTEX_POINT('',#2360);
#762=VERTEX_POINT('',#2362);
#763=VERTEX_POINT('',#2364);
#764=VERTEX_POINT('',#2424);
#765=VERTEX_POINT('',#2427);
#766=VERTEX_POINT('',#2430);
#767=VERTEX_POINT('',#2433);
#768=VERTEX_POINT('',#2436);
#769=VERTEX_POINT('',#2439);
#770=VERTEX_POINT('',#2442);
#771=VERTEX_POINT('',#2445);
#772=VERTEX_POINT('',#2448);
#773=VERTEX_POINT('',#2452);
#774=VERTEX_POINT('',#2456);
#775=VERTEX_POINT('',#2460);
#776=VERTEX_POINT('',#2478);
#777=VERTEX_POINT('',#2481);
#778=VERTEX_POINT('',#2484);
#779=VERTEX_POINT('',#2487);
#780=VERTEX_POINT('',#2490);
#781=VERTEX_POINT('',#2493);
#782=VERTEX_POINT('',#2496);
#783=VERTEX_POINT('',#2499);
#784=VERTEX_POINT('',#2502);
#785=VERTEX_POINT('',#2505);
#786=VERTEX_POINT('',#2508);
#787=VERTEX_POINT('',#2511);
#788=VERTEX_POINT('',#2514);
#789=VERTEX_POINT('',#2518);
#790=VERTEX_POINT('',#2522);
#791=VERTEX_POINT('',#2526);
#792=VERTEX_POINT('',#2530);
#793=VERTEX_POINT('',#2534);
#794=LINE('',#2145,#870);
#795=LINE('',#2148,#871);
#796=LINE('',#2150,#872);
#797=LINE('',#2152,#873);
#798=LINE('',#2155,#874);
#799=LINE('',#2158,#875);
#800=LINE('',#2160,#876);
#801=LINE('',#2162,#877);
#802=LINE('',#2205,#878);
#803=LINE('',#2208,#879);
#804=LINE('',#2210,#880);
#805=LINE('',#2212,#881);
#806=LINE('',#2213,#882);
#807=LINE('',#2216,#883);
#808=LINE('',#2218,#884);
#809=LINE('',#2220,#885);
#810=LINE('',#2231,#886);
#811=LINE('',#2236,#887);
#812=LINE('',#2240,#888);
#813=LINE('',#2244,#889);
#814=LINE('',#2247,#890);
#815=LINE('',#2250,#891);
#816=LINE('',#2252,#892);
#817=LINE('',#2254,#893);
#818=LINE('',#2266,#894);
#819=LINE('',#2269,#895);
#820=LINE('',#2271,#896);
#821=LINE('',#2273,#897);
#822=LINE('',#2274,#898);
#823=LINE('',#2277,#899);
#824=LINE('',#2279,#900);
#825=LINE('',#2281,#901);
#826=LINE('',#2312,#902);
#827=LINE('',#2317,#903);
#828=LINE('',#2321,#904);
#829=LINE('',#2325,#905);
#830=LINE('',#2338,#906);
#831=LINE('',#2341,#907);
#832=LINE('',#2343,#908);
#833=LINE('',#2345,#909);
#834=LINE('',#2346,#910);
#835=LINE('',#2349,#911);
#836=LINE('',#2351,#912);
#837=LINE('',#2353,#913);
#838=LINE('',#2358,#914);
#839=LINE('',#2361,#915);
#840=LINE('',#2363,#916);
#841=LINE('',#2365,#917);
#842=LINE('',#2367,#918);
#843=LINE('',#2368,#919);
#844=LINE('',#2370,#920);
#845=LINE('',#2371,#921);
#846=LINE('',#2373,#922);
#847=LINE('',#2375,#923);
#848=LINE('',#2378,#924);
#849=LINE('',#2379,#925);
#850=LINE('',#2388,#926);
#851=LINE('',#2389,#927);
#852=LINE('',#2391,#928);
#853=LINE('',#2393,#929);
#854=LINE('',#2396,#930);
#855=LINE('',#2397,#931);
#856=LINE('',#2399,#932);
#857=LINE('',#2401,#933);
#858=LINE('',#2406,#934);
#859=LINE('',#2407,#935);
#860=LINE('',#2409,#936);
#861=LINE('',#2411,#937);
#862=LINE('',#2469,#938);
#863=LINE('',#2470,#939);
#864=LINE('',#2472,#940);
#865=LINE('',#2474,#941);
#866=LINE('',#2537,#942);
#867=LINE('',#2538,#943);
#868=LINE('',#2540,#944);
#869=LINE('',#2542,#945);
#870=VECTOR('',#1701,1.);
#871=VECTOR('',#1702,1.);
#872=VECTOR('',#1703,1.);
#873=VECTOR('',#1704,1.);
#874=VECTOR('',#1707,1.);
#875=VECTOR('',#1708,1.);
#876=VECTOR('',#1709,1.);
#877=VECTOR('',#1710,1.);
#878=VECTOR('',#1753,1.);
#879=VECTOR('',#1754,1.);
#880=VECTOR('',#1755,1.);
#881=VECTOR('',#1756,1.);
#882=VECTOR('',#1757,1.);
#883=VECTOR('',#1758,1.);
#884=VECTOR('',#1759,1.);
#885=VECTOR('',#1760,1.);
#886=VECTOR('',#1771,1.);
#887=VECTOR('',#1774,1.);
#888=VECTOR('',#1777,1.);
#889=VECTOR('',#1780,1.);
#890=VECTOR('',#1783,1.);
#891=VECTOR('',#1784,1.);
#892=VECTOR('',#1785,1.);
#893=VECTOR('',#1786,1.);
#894=VECTOR('',#1799,1.);
#895=VECTOR('',#1800,1.);
#896=VECTOR('',#1801,1.);
#897=VECTOR('',#1802,1.);
#898=VECTOR('',#1803,1.);
#899=VECTOR('',#1804,1.);
#900=VECTOR('',#1805,1.);
#901=VECTOR('',#1806,1.);
#902=VECTOR('',#1837,1.);
#903=VECTOR('',#1840,1.);
#904=VECTOR('',#1843,1.);
#905=VECTOR('',#1846,1.);
#906=VECTOR('',#1859,1.);
#907=VECTOR('',#1860,1.);
#908=VECTOR('',#1861,1.);
#909=VECTOR('',#1862,1.);
#910=VECTOR('',#1863,1.);
#911=VECTOR('',#1864,1.);
#912=VECTOR('',#1865,1.);
#913=VECTOR('',#1866,1.);
#914=VECTOR('',#1871,1.);
#915=VECTOR('',#1872,1.);
#916=VECTOR('',#1873,1.);
#917=VECTOR('',#1874,1.);
#918=VECTOR('',#1877,1.);
#919=VECTOR('',#1878,1.);
#920=VECTOR('',#1881,1.);
#921=VECTOR('',#1882,1.);
#922=VECTOR('',#1885,1.);
#923=VECTOR('',#1888,1.);
#924=VECTOR('',#1893,1.);
#925=VECTOR('',#1894,1.);
#926=VECTOR('',#1911,1.);
#927=VECTOR('',#1912,1.);
#928=VECTOR('',#1915,1.);
#929=VECTOR('',#1918,1.);
#930=VECTOR('',#1923,1.);
#931=VECTOR('',#1924,1.);
#932=VECTOR('',#1927,1.);
#933=VECTOR('',#1930,1.);
#934=VECTOR('',#1939,1.);
#935=VECTOR('',#1940,1.);
#936=VECTOR('',#1943,1.);
#937=VECTOR('',#1946,1.);
#938=VECTOR('',#2037,1.);
#939=VECTOR('',#2038,1.);
#940=VECTOR('',#2041,1.);
#941=VECTOR('',#2044,1.);
#942=VECTOR('',#2133,1.);
#943=VECTOR('',#2134,1.);
#944=VECTOR('',#2137,1.);
#945=VECTOR('',#2140,1.);
#946=EDGE_LOOP('',(#150,#151,#152,#153));
#947=EDGE_LOOP('',(#154));
#948=EDGE_LOOP('',(#155,#156,#157,#158));
#949=EDGE_LOOP('',(#159));
#950=EDGE_LOOP('',(#160));
#951=EDGE_LOOP('',(#161));
#952=EDGE_LOOP('',(#162));
#953=EDGE_LOOP('',(#163));
#954=EDGE_LOOP('',(#164));
#955=EDGE_LOOP('',(#165));
#956=EDGE_LOOP('',(#166));
#957=EDGE_LOOP('',(#167));
#958=EDGE_LOOP('',(#168));
#959=EDGE_LOOP('',(#169));
#960=EDGE_LOOP('',(#170));
#961=EDGE_LOOP('',(#171));
#962=EDGE_LOOP('',(#172));
#963=EDGE_LOOP('',(#173));
#964=EDGE_LOOP('',(#174));
#965=EDGE_LOOP('',(#175));
#966=EDGE_LOOP('',(#176));
#967=EDGE_LOOP('',(#177));
#968=EDGE_LOOP('',(#178));
#969=EDGE_LOOP('',(#179));
#970=EDGE_LOOP('',(#180,#181,#182,#183));
#971=EDGE_LOOP('',(#184,#185,#186,#187));
#972=EDGE_LOOP('',(#188));
#973=EDGE_LOOP('',(#189));
#974=EDGE_LOOP('',(#190));
#975=EDGE_LOOP('',(#191));
#976=EDGE_LOOP('',(#192));
#977=EDGE_LOOP('',(#193,#194,#195,#196,#197,#198,#199,#200));
#978=EDGE_LOOP('',(#201,#202,#203,#204));
#979=EDGE_LOOP('',(#205));
#980=EDGE_LOOP('',(#206));
#981=EDGE_LOOP('',(#207));
#982=EDGE_LOOP('',(#208));
#983=EDGE_LOOP('',(#209));
#984=EDGE_LOOP('',(#210,#211,#212,#213));
#985=EDGE_LOOP('',(#214,#215,#216,#217));
#986=EDGE_LOOP('',(#218));
#987=EDGE_LOOP('',(#219));
#988=EDGE_LOOP('',(#220));
#989=EDGE_LOOP('',(#221));
#990=EDGE_LOOP('',(#222));
#991=EDGE_LOOP('',(#223));
#992=EDGE_LOOP('',(#224));
#993=EDGE_LOOP('',(#225));
#994=EDGE_LOOP('',(#226));
#995=EDGE_LOOP('',(#227));
#996=EDGE_LOOP('',(#228));
#997=EDGE_LOOP('',(#229));
#998=EDGE_LOOP('',(#230));
#999=EDGE_LOOP('',(#231));
#1000=EDGE_LOOP('',(#232));
#1001=EDGE_LOOP('',(#233,#234,#235,#236,#237,#238,#239,#240));
#1002=EDGE_LOOP('',(#241));
#1003=EDGE_LOOP('',(#242));
#1004=EDGE_LOOP('',(#243));
#1005=EDGE_LOOP('',(#244));
#1006=EDGE_LOOP('',(#245));
#1007=EDGE_LOOP('',(#246,#247,#248,#249));
#1008=EDGE_LOOP('',(#250,#251,#252,#253));
#1009=EDGE_LOOP('',(#254));
#1010=EDGE_LOOP('',(#255));
#1011=EDGE_LOOP('',(#256,#257,#258,#259));
#1012=EDGE_LOOP('',(#260,#261,#262,#263));
#1013=EDGE_LOOP('',(#264,#265,#266,#267));
#1014=EDGE_LOOP('',(#268,#269,#270,#271));
#1015=EDGE_LOOP('',(#272,#273,#274,#275));
#1016=EDGE_LOOP('',(#276,#277,#278,#279));
#1017=EDGE_LOOP('',(#280,#281,#282,#283));
#1018=EDGE_LOOP('',(#284,#285,#286,#287));
#1019=EDGE_LOOP('',(#288,#289,#290,#291));
#1020=EDGE_LOOP('',(#292));
#1021=EDGE_LOOP('',(#293));
#1022=EDGE_LOOP('',(#294));
#1023=EDGE_LOOP('',(#295));
#1024=EDGE_LOOP('',(#296));
#1025=EDGE_LOOP('',(#297));
#1026=EDGE_LOOP('',(#298));
#1027=EDGE_LOOP('',(#299));
#1028=EDGE_LOOP('',(#300));
#1029=EDGE_LOOP('',(#301));
#1030=EDGE_LOOP('',(#302,#303,#304,#305));
#1031=EDGE_LOOP('',(#306,#307,#308,#309));
#1032=EDGE_LOOP('',(#310,#311,#312,#313));
#1033=EDGE_LOOP('',(#314,#315,#316,#317));
#1034=EDGE_LOOP('',(#318,#319,#320,#321));
#1035=EDGE_LOOP('',(#322,#323,#324,#325));
#1036=EDGE_LOOP('',(#326,#327,#328,#329));
#1037=EDGE_LOOP('',(#330,#331,#332,#333));
#1038=EDGE_LOOP('',(#334));
#1039=EDGE_LOOP('',(#335));
#1040=EDGE_LOOP('',(#336));
#1041=EDGE_LOOP('',(#337));
#1042=EDGE_LOOP('',(#338,#339,#340,#341));
#1043=EDGE_LOOP('',(#342,#343,#344,#345));
#1044=EDGE_LOOP('',(#346,#347,#348,#349));
#1045=EDGE_LOOP('',(#350,#351,#352,#353));
#1046=EDGE_LOOP('',(#354));
#1047=EDGE_LOOP('',(#355));
#1048=EDGE_LOOP('',(#356));
#1049=EDGE_LOOP('',(#357));
#1050=EDGE_LOOP('',(#358));
#1051=EDGE_LOOP('',(#359));
#1052=EDGE_LOOP('',(#360));
#1053=EDGE_LOOP('',(#361));
#1054=EDGE_LOOP('',(#362));
#1055=EDGE_LOOP('',(#363));
#1056=EDGE_LOOP('',(#364));
#1057=EDGE_LOOP('',(#365));
#1058=EDGE_LOOP('',(#366));
#1059=EDGE_LOOP('',(#367));
#1060=EDGE_LOOP('',(#368));
#1061=EDGE_LOOP('',(#369));
#1062=EDGE_LOOP('',(#370));
#1063=EDGE_LOOP('',(#371));
#1064=EDGE_LOOP('',(#372));
#1065=EDGE_LOOP('',(#373));
#1066=EDGE_LOOP('',(#374));
#1067=EDGE_LOOP('',(#375));
#1068=EDGE_LOOP('',(#376));
#1069=EDGE_LOOP('',(#377));
#1070=EDGE_LOOP('',(#378));
#1071=EDGE_LOOP('',(#379));
#1072=EDGE_LOOP('',(#380));
#1073=EDGE_LOOP('',(#381));
#1074=EDGE_LOOP('',(#382));
#1075=EDGE_LOOP('',(#383));
#1076=EDGE_LOOP('',(#384));
#1077=EDGE_LOOP('',(#385));
#1078=EDGE_LOOP('',(#386));
#1079=EDGE_LOOP('',(#387));
#1080=EDGE_LOOP('',(#388));
#1081=EDGE_LOOP('',(#389));
#1082=EDGE_LOOP('',(#390));
#1083=EDGE_LOOP('',(#391));
#1084=EDGE_LOOP('',(#392));
#1085=EDGE_LOOP('',(#393));
#1086=EDGE_LOOP('',(#394));
#1087=EDGE_LOOP('',(#395));
#1088=EDGE_LOOP('',(#396));
#1089=EDGE_LOOP('',(#397));
#1090=EDGE_LOOP('',(#398));
#1091=EDGE_LOOP('',(#399));
#1092=EDGE_LOOP('',(#400));
#1093=EDGE_LOOP('',(#401));
#1094=EDGE_LOOP('',(#402));
#1095=EDGE_LOOP('',(#403));
#1096=EDGE_LOOP('',(#404));
#1097=EDGE_LOOP('',(#405));
#1098=EDGE_LOOP('',(#406));
#1099=EDGE_LOOP('',(#407));
#1100=EDGE_LOOP('',(#408));
#1101=EDGE_LOOP('',(#409));
#1102=EDGE_LOOP('',(#410));
#1103=EDGE_LOOP('',(#411));
#1104=EDGE_LOOP('',(#412,#413,#414,#415));
#1105=EDGE_LOOP('',(#416,#417,#418,#419));
#1106=EDGE_LOOP('',(#420,#421,#422,#423));
#1107=EDGE_LOOP('',(#424,#425,#426,#427));
#1108=EDGE_LOOP('',(#428));
#1109=EDGE_LOOP('',(#429));
#1110=EDGE_LOOP('',(#430));
#1111=EDGE_LOOP('',(#431));
#1112=EDGE_LOOP('',(#432));
#1113=EDGE_LOOP('',(#433));
#1114=EDGE_LOOP('',(#434));
#1115=EDGE_LOOP('',(#435));
#1116=EDGE_LOOP('',(#436));
#1117=EDGE_LOOP('',(#437));
#1118=EDGE_LOOP('',(#438));
#1119=EDGE_LOOP('',(#439));
#1120=EDGE_LOOP('',(#440));
#1121=EDGE_LOOP('',(#441));
#1122=EDGE_LOOP('',(#442));
#1123=EDGE_LOOP('',(#443));
#1124=EDGE_LOOP('',(#444));
#1125=EDGE_LOOP('',(#445));
#1126=EDGE_LOOP('',(#446));
#1127=EDGE_LOOP('',(#447));
#1128=EDGE_LOOP('',(#448));
#1129=EDGE_LOOP('',(#449));
#1130=EDGE_LOOP('',(#450));
#1131=EDGE_LOOP('',(#451));
#1132=EDGE_LOOP('',(#452));
#1133=EDGE_LOOP('',(#453));
#1134=EDGE_LOOP('',(#454));
#1135=EDGE_LOOP('',(#455));
#1136=EDGE_LOOP('',(#456));
#1137=EDGE_LOOP('',(#457));
#1138=EDGE_LOOP('',(#458));
#1139=EDGE_LOOP('',(#459));
#1140=EDGE_LOOP('',(#460));
#1141=EDGE_LOOP('',(#461));
#1142=EDGE_LOOP('',(#462));
#1143=EDGE_LOOP('',(#463));
#1144=EDGE_LOOP('',(#464));
#1145=EDGE_LOOP('',(#465));
#1146=EDGE_LOOP('',(#466));
#1147=EDGE_LOOP('',(#467));
#1148=EDGE_LOOP('',(#468));
#1149=EDGE_LOOP('',(#469));
#1150=EDGE_LOOP('',(#470,#471,#472,#473));
#1151=EDGE_LOOP('',(#474,#475,#476,#477));
#1152=EDGE_LOOP('',(#478,#479,#480,#481));
#1153=EDGE_LOOP('',(#482,#483,#484,#485));
#1154=FACE_BOUND('',#946,.T.);
#1155=FACE_BOUND('',#947,.T.);
#1156=FACE_BOUND('',#948,.T.);
#1157=FACE_BOUND('',#949,.T.);
#1158=FACE_BOUND('',#950,.T.);
#1159=FACE_BOUND('',#951,.T.);
#1160=FACE_BOUND('',#952,.T.);
#1161=FACE_BOUND('',#953,.T.);
#1162=FACE_BOUND('',#954,.T.);
#1163=FACE_BOUND('',#955,.T.);
#1164=FACE_BOUND('',#956,.T.);
#1165=FACE_BOUND('',#957,.T.);
#1166=FACE_BOUND('',#958,.T.);
#1167=FACE_BOUND('',#959,.T.);
#1168=FACE_BOUND('',#960,.T.);
#1169=FACE_BOUND('',#961,.T.);
#1170=FACE_BOUND('',#962,.T.);
#1171=FACE_BOUND('',#963,.T.);
#1172=FACE_BOUND('',#964,.T.);
#1173=FACE_BOUND('',#965,.T.);
#1174=FACE_BOUND('',#966,.T.);
#1175=FACE_BOUND('',#967,.T.);
#1176=FACE_BOUND('',#968,.T.);
#1177=FACE_BOUND('',#969,.T.);
#1178=FACE_BOUND('',#970,.T.);
#1179=FACE_BOUND('',#971,.T.);
#1180=FACE_BOUND('',#972,.T.);
#1181=FACE_BOUND('',#973,.T.);
#1182=FACE_BOUND('',#974,.T.);
#1183=FACE_BOUND('',#975,.T.);
#1184=FACE_BOUND('',#976,.T.);
#1185=FACE_BOUND('',#977,.T.);
#1186=FACE_BOUND('',#978,.T.);
#1187=FACE_BOUND('',#979,.T.);
#1188=FACE_BOUND('',#980,.T.);
#1189=FACE_BOUND('',#981,.T.);
#1190=FACE_BOUND('',#982,.T.);
#1191=FACE_BOUND('',#983,.T.);
#1192=FACE_BOUND('',#984,.T.);
#1193=FACE_BOUND('',#985,.T.);
#1194=FACE_BOUND('',#986,.T.);
#1195=FACE_BOUND('',#987,.T.);
#1196=FACE_BOUND('',#988,.T.);
#1197=FACE_BOUND('',#989,.T.);
#1198=FACE_BOUND('',#990,.T.);
#1199=FACE_BOUND('',#991,.T.);
#1200=FACE_BOUND('',#992,.T.);
#1201=FACE_BOUND('',#993,.T.);
#1202=FACE_BOUND('',#994,.T.);
#1203=FACE_BOUND('',#995,.T.);
#1204=FACE_BOUND('',#996,.T.);
#1205=FACE_BOUND('',#997,.T.);
#1206=FACE_BOUND('',#998,.T.);
#1207=FACE_BOUND('',#999,.T.);
#1208=FACE_BOUND('',#1000,.T.);
#1209=FACE_BOUND('',#1001,.T.);
#1210=FACE_BOUND('',#1002,.T.);
#1211=FACE_BOUND('',#1003,.T.);
#1212=FACE_BOUND('',#1004,.T.);
#1213=FACE_BOUND('',#1005,.T.);
#1214=FACE_BOUND('',#1006,.T.);
#1215=FACE_BOUND('',#1007,.T.);
#1216=FACE_BOUND('',#1008,.T.);
#1217=FACE_BOUND('',#1009,.T.);
#1218=FACE_BOUND('',#1010,.T.);
#1219=FACE_BOUND('',#1011,.T.);
#1220=FACE_BOUND('',#1012,.T.);
#1221=FACE_BOUND('',#1013,.T.);
#1222=FACE_BOUND('',#1014,.T.);
#1223=FACE_BOUND('',#1015,.T.);
#1224=FACE_BOUND('',#1016,.T.);
#1225=FACE_BOUND('',#1017,.T.);
#1226=FACE_BOUND('',#1018,.T.);
#1227=FACE_BOUND('',#1019,.T.);
#1228=FACE_BOUND('',#1020,.T.);
#1229=FACE_BOUND('',#1021,.T.);
#1230=FACE_BOUND('',#1022,.T.);
#1231=FACE_BOUND('',#1023,.T.);
#1232=FACE_BOUND('',#1024,.T.);
#1233=FACE_BOUND('',#1025,.T.);
#1234=FACE_BOUND('',#1026,.T.);
#1235=FACE_BOUND('',#1027,.T.);
#1236=FACE_BOUND('',#1028,.T.);
#1237=FACE_BOUND('',#1029,.T.);
#1238=FACE_BOUND('',#1030,.T.);
#1239=FACE_BOUND('',#1031,.T.);
#1240=FACE_BOUND('',#1032,.T.);
#1241=FACE_BOUND('',#1033,.T.);
#1242=FACE_BOUND('',#1034,.T.);
#1243=FACE_BOUND('',#1035,.T.);
#1244=FACE_BOUND('',#1036,.T.);
#1245=FACE_BOUND('',#1037,.T.);
#1246=FACE_BOUND('',#1038,.T.);
#1247=FACE_BOUND('',#1039,.T.);
#1248=FACE_BOUND('',#1040,.T.);
#1249=FACE_BOUND('',#1041,.T.);
#1250=FACE_BOUND('',#1042,.T.);
#1251=FACE_BOUND('',#1043,.T.);
#1252=FACE_BOUND('',#1044,.T.);
#1253=FACE_BOUND('',#1045,.T.);
#1254=FACE_BOUND('',#1046,.T.);
#1255=FACE_BOUND('',#1047,.T.);
#1256=FACE_BOUND('',#1048,.T.);
#1257=FACE_BOUND('',#1049,.T.);
#1258=FACE_BOUND('',#1050,.T.);
#1259=FACE_BOUND('',#1051,.T.);
#1260=FACE_BOUND('',#1052,.T.);
#1261=FACE_BOUND('',#1053,.T.);
#1262=FACE_BOUND('',#1054,.T.);
#1263=FACE_BOUND('',#1055,.T.);
#1264=FACE_BOUND('',#1056,.T.);
#1265=FACE_BOUND('',#1057,.T.);
#1266=FACE_BOUND('',#1058,.T.);
#1267=FACE_BOUND('',#1059,.T.);
#1268=FACE_BOUND('',#1060,.T.);
#1269=FACE_BOUND('',#1061,.T.);
#1270=FACE_BOUND('',#1062,.T.);
#1271=FACE_BOUND('',#1063,.T.);
#1272=FACE_BOUND('',#1064,.T.);
#1273=FACE_BOUND('',#1065,.T.);
#1274=FACE_BOUND('',#1066,.T.);
#1275=FACE_BOUND('',#1067,.T.);
#1276=FACE_BOUND('',#1068,.T.);
#1277=FACE_BOUND('',#1069,.T.);
#1278=FACE_BOUND('',#1070,.T.);
#1279=FACE_BOUND('',#1071,.T.);
#1280=FACE_BOUND('',#1072,.T.);
#1281=FACE_BOUND('',#1073,.T.);
#1282=FACE_BOUND('',#1074,.T.);
#1283=FACE_BOUND('',#1075,.T.);
#1284=FACE_BOUND('',#1076,.T.);
#1285=FACE_BOUND('',#1077,.T.);
#1286=FACE_BOUND('',#1078,.T.);
#1287=FACE_BOUND('',#1079,.T.);
#1288=FACE_BOUND('',#1080,.T.);
#1289=FACE_BOUND('',#1081,.T.);
#1290=FACE_BOUND('',#1082,.T.);
#1291=FACE_BOUND('',#1083,.T.);
#1292=FACE_BOUND('',#1084,.T.);
#1293=FACE_BOUND('',#1085,.T.);
#1294=FACE_BOUND('',#1086,.T.);
#1295=FACE_BOUND('',#1087,.T.);
#1296=FACE_BOUND('',#1088,.T.);
#1297=FACE_BOUND('',#1089,.T.);
#1298=FACE_BOUND('',#1090,.T.);
#1299=FACE_BOUND('',#1091,.T.);
#1300=FACE_BOUND('',#1092,.T.);
#1301=FACE_BOUND('',#1093,.T.);
#1302=FACE_BOUND('',#1094,.T.);
#1303=FACE_BOUND('',#1095,.T.);
#1304=FACE_BOUND('',#1096,.T.);
#1305=FACE_BOUND('',#1097,.T.);
#1306=FACE_BOUND('',#1098,.T.);
#1307=FACE_BOUND('',#1099,.T.);
#1308=FACE_BOUND('',#1100,.T.);
#1309=FACE_BOUND('',#1101,.T.);
#1310=FACE_BOUND('',#1102,.T.);
#1311=FACE_BOUND('',#1103,.T.);
#1312=FACE_BOUND('',#1104,.T.);
#1313=FACE_BOUND('',#1105,.T.);
#1314=FACE_BOUND('',#1106,.T.);
#1315=FACE_BOUND('',#1107,.T.);
#1316=FACE_BOUND('',#1108,.T.);
#1317=FACE_BOUND('',#1109,.T.);
#1318=FACE_BOUND('',#1110,.T.);
#1319=FACE_BOUND('',#1111,.T.);
#1320=FACE_BOUND('',#1112,.T.);
#1321=FACE_BOUND('',#1113,.T.);
#1322=FACE_BOUND('',#1114,.T.);
#1323=FACE_BOUND('',#1115,.T.);
#1324=FACE_BOUND('',#1116,.T.);
#1325=FACE_BOUND('',#1117,.T.);
#1326=FACE_BOUND('',#1118,.T.);
#1327=FACE_BOUND('',#1119,.T.);
#1328=FACE_BOUND('',#1120,.T.);
#1329=FACE_BOUND('',#1121,.T.);
#1330=FACE_BOUND('',#1122,.T.);
#1331=FACE_BOUND('',#1123,.T.);
#1332=FACE_BOUND('',#1124,.T.);
#1333=FACE_BOUND('',#1125,.T.);
#1334=FACE_BOUND('',#1126,.T.);
#1335=FACE_BOUND('',#1127,.T.);
#1336=FACE_BOUND('',#1128,.T.);
#1337=FACE_BOUND('',#1129,.T.);
#1338=FACE_BOUND('',#1130,.T.);
#1339=FACE_BOUND('',#1131,.T.);
#1340=FACE_BOUND('',#1132,.T.);
#1341=FACE_BOUND('',#1133,.T.);
#1342=FACE_BOUND('',#1134,.T.);
#1343=FACE_BOUND('',#1135,.T.);
#1344=FACE_BOUND('',#1136,.T.);
#1345=FACE_BOUND('',#1137,.T.);
#1346=FACE_BOUND('',#1138,.T.);
#1347=FACE_BOUND('',#1139,.T.);
#1348=FACE_BOUND('',#1140,.T.);
#1349=FACE_BOUND('',#1141,.T.);
#1350=FACE_BOUND('',#1142,.T.);
#1351=FACE_BOUND('',#1143,.T.);
#1352=FACE_BOUND('',#1144,.T.);
#1353=FACE_BOUND('',#1145,.T.);
#1354=FACE_BOUND('',#1146,.T.);
#1355=FACE_BOUND('',#1147,.T.);
#1356=FACE_BOUND('',#1148,.T.);
#1357=FACE_BOUND('',#1149,.T.);
#1358=FACE_BOUND('',#1150,.T.);
#1359=FACE_BOUND('',#1151,.T.);
#1360=FACE_BOUND('',#1152,.T.);
#1361=FACE_BOUND('',#1153,.T.);
#1362=PLANE('',#1513);
#1363=PLANE('',#1550);
#1364=PLANE('',#1577);
#1365=PLANE('',#1578);
#1366=PLANE('',#1580);
#1367=PLANE('',#1582);
#1368=PLANE('',#1590);
#1369=PLANE('',#1591);
#1370=PLANE('',#1592);
#1371=PLANE('',#1593);
#1372=PLANE('',#1594);
#1373=PLANE('',#1595);
#1374=PLANE('',#1596);
#1375=PLANE('',#1597);
#1376=PLANE('',#1600);
#1377=PLANE('',#1601);
#1378=PLANE('',#1602);
#1379=PLANE('',#1603);
#1380=PLANE('',#1615);
#1381=PLANE('',#1619);
#1382=PLANE('',#1623);
#1383=PLANE('',#1627);
#1384=PLANE('',#1629);
#1385=PLANE('',#1632);
#1386=PLANE('',#1635);
#1387=PLANE('',#1638);
#1388=PLANE('',#1647);
#1389=PLANE('',#1648);
#1390=PLANE('',#1649);
#1391=PLANE('',#1650);
#1392=PLANE('',#1653);
#1393=PLANE('',#1657);
#1394=PLANE('',#1661);
#1395=PLANE('',#1665);
#1396=PLANE('',#1669);
#1397=PLANE('',#1673);
#1398=PLANE('',#1675);
#1399=PLANE('',#1678);
#1400=PLANE('',#1681);
#1401=PLANE('',#1684);
#1402=PLANE('',#1687);
#1403=PLANE('',#1690);
#1404=PLANE('',#1693);
#1405=PLANE('',#1694);
#1406=PLANE('',#1695);
#1407=PLANE('',#1696);
#1408=ADVANCED_FACE('',(#1154,#1155,#1156,#1157,#1158,#1159,#1160,#1161,
#1162,#1163,#1164,#1165,#1166,#1167,#1168,#1169,#1170,#1171,#1172,#1173,
#1174,#1175,#1176,#1177,#1178,#1179,#1180,#1181,#1182,#1183,#1184,#1185,
#1186,#1187,#1188,#1189,#1190,#1191),#1362,.T.);
#1409=ADVANCED_FACE('',(#1192,#1193,#1194,#1195,#1196,#1197,#1198,#1199,
#1200,#1201,#1202,#1203,#1204,#1205,#1206,#1207,#1208,#1209,#1210,#1211,
#1212,#1213,#1214,#1215,#1216,#1217,#1218,#1219),#1363,.F.);
#1410=ADVANCED_FACE('',(#1220),#1364,.T.);
#1411=ADVANCED_FACE('',(#1221),#1365,.T.);
#1412=ADVANCED_FACE('',(#1222),#12,.T.);
#1413=ADVANCED_FACE('',(#1223),#1366,.T.);
#1414=ADVANCED_FACE('',(#1224),#13,.T.);
#1415=ADVANCED_FACE('',(#1225),#1367,.F.);
#1416=ADVANCED_FACE('',(#1226),#14,.T.);
#1417=ADVANCED_FACE('',(#1227),#15,.T.);
#1418=ADVANCED_FACE('',(#1228,#1229),#16,.F.);
#1419=ADVANCED_FACE('',(#1230,#1231),#17,.F.);
#1420=ADVANCED_FACE('',(#1232,#1233),#18,.F.);
#1421=ADVANCED_FACE('',(#1234,#1235),#19,.F.);
#1422=ADVANCED_FACE('',(#1236,#1237),#20,.F.);
#1423=ADVANCED_FACE('',(#1238),#1368,.F.);
#1424=ADVANCED_FACE('',(#1239),#1369,.T.);
#1425=ADVANCED_FACE('',(#1240),#1370,.T.);
#1426=ADVANCED_FACE('',(#1241),#1371,.T.);
#1427=ADVANCED_FACE('',(#1242),#1372,.F.);
#1428=ADVANCED_FACE('',(#1243),#1373,.F.);
#1429=ADVANCED_FACE('',(#1244),#1374,.F.);
#1430=ADVANCED_FACE('',(#1245),#1375,.F.);
#1431=ADVANCED_FACE('',(#1246,#1247),#21,.F.);
#1432=ADVANCED_FACE('',(#1248,#1249),#22,.F.);
#1433=ADVANCED_FACE('',(#1250),#1376,.T.);
#1434=ADVANCED_FACE('',(#1251),#1377,.T.);
#1435=ADVANCED_FACE('',(#1252),#1378,.F.);
#1436=ADVANCED_FACE('',(#1253),#1379,.F.);
#1437=ADVANCED_FACE('',(#1254,#1255),#23,.F.);
#1438=ADVANCED_FACE('',(#1256,#1257),#24,.F.);
#1439=ADVANCED_FACE('',(#1258,#1259),#25,.F.);
#1440=ADVANCED_FACE('',(#1260,#1261),#26,.F.);
#1441=ADVANCED_FACE('',(#1262,#1263),#27,.F.);
#1442=ADVANCED_FACE('',(#1264,#1265),#28,.F.);
#1443=ADVANCED_FACE('',(#1266,#1267),#29,.F.);
#1444=ADVANCED_FACE('',(#1268,#1269),#30,.F.);
#1445=ADVANCED_FACE('',(#1270,#1271),#31,.F.);
#1446=ADVANCED_FACE('',(#1272,#1273),#32,.F.);
#1447=ADVANCED_FACE('',(#1274,#1275),#1380,.T.);
#1448=ADVANCED_FACE('',(#1276,#1277),#33,.F.);
#1449=ADVANCED_FACE('',(#1278,#1279),#1381,.T.);
#1450=ADVANCED_FACE('',(#1280,#1281),#34,.F.);
#1451=ADVANCED_FACE('',(#1282,#1283),#1382,.T.);
#1452=ADVANCED_FACE('',(#1284,#1285),#35,.F.);
#1453=ADVANCED_FACE('',(#1286,#1287),#1383,.T.);
#1454=ADVANCED_FACE('',(#1288),#1384,.T.);
#1455=ADVANCED_FACE('',(#1289,#1290),#36,.F.);
#1456=ADVANCED_FACE('',(#1291),#1385,.T.);
#1457=ADVANCED_FACE('',(#1292,#1293),#37,.F.);
#1458=ADVANCED_FACE('',(#1294),#1386,.T.);
#1459=ADVANCED_FACE('',(#1295,#1296),#38,.F.);
#1460=ADVANCED_FACE('',(#1297),#1387,.T.);
#1461=ADVANCED_FACE('',(#1298,#1299),#39,.F.);
#1462=ADVANCED_FACE('',(#1300,#1301),#40,.F.);
#1463=ADVANCED_FACE('',(#1302,#1303),#41,.F.);
#1464=ADVANCED_FACE('',(#1304,#1305),#42,.F.);
#1465=ADVANCED_FACE('',(#1306,#1307),#43,.F.);
#1466=ADVANCED_FACE('',(#1308,#1309),#44,.F.);
#1467=ADVANCED_FACE('',(#1310,#1311),#45,.F.);
#1468=ADVANCED_FACE('',(#1312),#1388,.F.);
#1469=ADVANCED_FACE('',(#1313),#1389,.T.);
#1470=ADVANCED_FACE('',(#1314),#1390,.F.);
#1471=ADVANCED_FACE('',(#1315),#1391,.T.);
#1472=ADVANCED_FACE('',(#1316,#1317),#46,.F.);
#1473=ADVANCED_FACE('',(#1318,#1319),#1392,.T.);
#1474=ADVANCED_FACE('',(#1320,#1321),#47,.F.);
#1475=ADVANCED_FACE('',(#1322,#1323),#1393,.T.);
#1476=ADVANCED_FACE('',(#1324,#1325),#48,.F.);
#1477=ADVANCED_FACE('',(#1326,#1327),#1394,.T.);
#1478=ADVANCED_FACE('',(#1328,#1329),#49,.F.);
#1479=ADVANCED_FACE('',(#1330,#1331),#1395,.T.);
#1480=ADVANCED_FACE('',(#1332,#1333),#50,.F.);
#1481=ADVANCED_FACE('',(#1334,#1335),#1396,.T.);
#1482=ADVANCED_FACE('',(#1336,#1337),#51,.F.);
#1483=ADVANCED_FACE('',(#1338,#1339),#1397,.T.);
#1484=ADVANCED_FACE('',(#1340),#1398,.T.);
#1485=ADVANCED_FACE('',(#1341,#1342),#52,.F.);
#1486=ADVANCED_FACE('',(#1343),#1399,.T.);
#1487=ADVANCED_FACE('',(#1344,#1345),#53,.F.);
#1488=ADVANCED_FACE('',(#1346),#1400,.T.);
#1489=ADVANCED_FACE('',(#1347,#1348),#54,.F.);
#1490=ADVANCED_FACE('',(#1349),#1401,.T.);
#1491=ADVANCED_FACE('',(#1350,#1351),#55,.F.);
#1492=ADVANCED_FACE('',(#1352),#1402,.T.);
#1493=ADVANCED_FACE('',(#1353,#1354),#56,.F.);
#1494=ADVANCED_FACE('',(#1355),#1403,.T.);
#1495=ADVANCED_FACE('',(#1356,#1357),#57,.F.);
#1496=ADVANCED_FACE('',(#1358),#1404,.T.);
#1497=ADVANCED_FACE('',(#1359),#1405,.F.);
#1498=ADVANCED_FACE('',(#1360),#1406,.T.);
#1499=ADVANCED_FACE('',(#1361),#1407,.F.);
#1500=CLOSED_SHELL('',(#1408,#1409,#1410,#1411,#1412,#1413,#1414,#1415,
#1416,#1417,#1418,#1419,#1420,#1421,#1422,#1423,#1424,#1425,#1426,#1427,
#1428,#1429,#1430,#1431,#1432,#1433,#1434,#1435,#1436,#1437,#1438,#1439,
#1440,#1441,#1442,#1443,#1444,#1445,#1446,#1447,#1448,#1449,#1450,#1451,
#1452,#1453,#1454,#1455,#1456,#1457,#1458,#1459,#1460,#1461,#1462,#1463,
#1464,#1465,#1466,#1467,#1468,#1469,#1470,#1471,#1472,#1473,#1474,#1475,
#1476,#1477,#1478,#1479,#1480,#1481,#1482,#1483,#1484,#1485,#1486,#1487,
#1488,#1489,#1490,#1491,#1492,#1493,#1494,#1495,#1496,#1497,#1498,#1499));
#1501=STYLED_ITEM('',(#1502),#1509);
#1502=PRESENTATION_STYLE_ASSIGNMENT((#1503));
#1503=SURFACE_STYLE_USAGE(.BOTH.,#1504);
#1504=SURFACE_SIDE_STYLE('',(#1505));
#1505=SURFACE_STYLE_FILL_AREA(#1506);
#1506=FILL_AREA_STYLE('',(#1507));
#1507=FILL_AREA_STYLE_COLOUR('',#1508);
#1508=COLOUR_RGB('',0.647058823529412,0.647058823529412,0.647058823529412);
#1509=MANIFOLD_SOLID_BREP('Part 2',#1500);
#1510=SHAPE_DEFINITION_REPRESENTATION(#2550,#1511);
#1511=SHAPE_REPRESENTATION('Part 2',(#1512),#2545);
#1512=AXIS2_PLACEMENT_3D('',#2143,#1697,#1698);
#1513=AXIS2_PLACEMENT_3D('',#2144,#1699,#1700);
#1514=AXIS2_PLACEMENT_3D('',#2153,#1705,#1706);
#1515=AXIS2_PLACEMENT_3D('',#2163,#1711,#1712);
#1516=AXIS2_PLACEMENT_3D('',#2165,#1713,#1714);
#1517=AXIS2_PLACEMENT_3D('',#2167,#1715,#1716);
#1518=AXIS2_PLACEMENT_3D('',#2169,#1717,#1718);
#1519=AXIS2_PLACEMENT_3D('',#2171,#1719,#1720);
#1520=AXIS2_PLACEMENT_3D('',#2173,#1721,#1722);
#1521=AXIS2_PLACEMENT_3D('',#2175,#1723,#1724);
#1522=AXIS2_PLACEMENT_3D('',#2177,#1725,#1726);
#1523=AXIS2_PLACEMENT_3D('',#2179,#1727,#1728);
#1524=AXIS2_PLACEMENT_3D('',#2181,#1729,#1730);
#1525=AXIS2_PLACEMENT_3D('',#2183,#1731,#1732);
#1526=AXIS2_PLACEMENT_3D('',#2185,#1733,#1734);
#1527=AXIS2_PLACEMENT_3D('',#2187,#1735,#1736);
#1528=AXIS2_PLACEMENT_3D('',#2189,#1737,#1738);
#1529=AXIS2_PLACEMENT_3D('',#2191,#1739,#1740);
#1530=AXIS2_PLACEMENT_3D('',#2193,#1741,#1742);
#1531=AXIS2_PLACEMENT_3D('',#2195,#1743,#1744);
#1532=AXIS2_PLACEMENT_3D('',#2197,#1745,#1746);
#1533=AXIS2_PLACEMENT_3D('',#2199,#1747,#1748);
#1534=AXIS2_PLACEMENT_3D('',#2201,#1749,#1750);
#1535=AXIS2_PLACEMENT_3D('',#2203,#1751,#1752);
#1536=AXIS2_PLACEMENT_3D('',#2221,#1761,#1762);
#1537=AXIS2_PLACEMENT_3D('',#2223,#1763,#1764);
#1538=AXIS2_PLACEMENT_3D('',#2225,#1765,#1766);
#1539=AXIS2_PLACEMENT_3D('',#2227,#1767,#1768);
#1540=AXIS2_PLACEMENT_3D('',#2229,#1769,#1770);
#1541=AXIS2_PLACEMENT_3D('',#2234,#1772,#1773);
#1542=AXIS2_PLACEMENT_3D('',#2238,#1775,#1776);
#1543=AXIS2_PLACEMENT_3D('',#2242,#1778,#1779);
#1544=AXIS2_PLACEMENT_3D('',#2246,#1781,#1782);
#1545=AXIS2_PLACEMENT_3D('',#2255,#1787,#1788);
#1546=AXIS2_PLACEMENT_3D('',#2257,#1789,#1790);
#1547=AXIS2_PLACEMENT_3D('',#2259,#1791,#1792);
#1548=AXIS2_PLACEMENT_3D('',#2261,#1793,#1794);
#1549=AXIS2_PLACEMENT_3D('',#2263,#1795,#1796);
#1550=AXIS2_PLACEMENT_3D('',#2265,#1797,#1798);
#1551=AXIS2_PLACEMENT_3D('',#2282,#1807,#1808);
#1552=AXIS2_PLACEMENT_3D('',#2284,#1809,#1810);
#1553=AXIS2_PLACEMENT_3D('',#2286,#1811,#1812);
#1554=AXIS2_PLACEMENT_3D('',#2288,#1813,#1814);
#1555=AXIS2_PLACEMENT_3D('',#2290,#1815,#1816);
#1556=AXIS2_PLACEMENT_3D('',#2292,#1817,#1818);
#1557=AXIS2_PLACEMENT_3D('',#2294,#1819,#1820);
#1558=AXIS2_PLACEMENT_3D('',#2296,#1821,#1822);
#1559=AXIS2_PLACEMENT_3D('',#2298,#1823,#1824);
#1560=AXIS2_PLACEMENT_3D('',#2300,#1825,#1826);
#1561=AXIS2_PLACEMENT_3D('',#2302,#1827,#1828);
#1562=AXIS2_PLACEMENT_3D('',#2304,#1829,#1830);
#1563=AXIS2_PLACEMENT_3D('',#2306,#1831,#1832);
#1564=AXIS2_PLACEMENT_3D('',#2308,#1833,#1834);
#1565=AXIS2_PLACEMENT_3D('',#2310,#1835,#1836);
#1566=AXIS2_PLACEMENT_3D('',#2315,#1838,#1839);
#1567=AXIS2_PLACEMENT_3D('',#2319,#1841,#1842);
#1568=AXIS2_PLACEMENT_3D('',#2323,#1844,#1845);
#1569=AXIS2_PLACEMENT_3D('',#2327,#1847,#1848);
#1570=AXIS2_PLACEMENT_3D('',#2328,#1849,#1850);
#1571=AXIS2_PLACEMENT_3D('',#2330,#1851,#1852);
#1572=AXIS2_PLACEMENT_3D('',#2332,#1853,#1854);
#1573=AXIS2_PLACEMENT_3D('',#2334,#1855,#1856);
#1574=AXIS2_PLACEMENT_3D('',#2336,#1857,#1858);
#1575=AXIS2_PLACEMENT_3D('',#2354,#1867,#1868);
#1576=AXIS2_PLACEMENT_3D('',#2356,#1869,#1870);
#1577=AXIS2_PLACEMENT_3D('',#2366,#1875,#1876);
#1578=AXIS2_PLACEMENT_3D('',#2369,#1879,#1880);
#1579=AXIS2_PLACEMENT_3D('',#2372,#1883,#1884);
#1580=AXIS2_PLACEMENT_3D('',#2374,#1886,#1887);
#1581=AXIS2_PLACEMENT_3D('',#2376,#1889,#1890);
#1582=AXIS2_PLACEMENT_3D('',#2377,#1891,#1892);
#1583=AXIS2_PLACEMENT_3D('',#2380,#1895,#1896);
#1584=AXIS2_PLACEMENT_3D('',#2381,#1897,#1898);
#1585=AXIS2_PLACEMENT_3D('',#2382,#1899,#1900);
#1586=AXIS2_PLACEMENT_3D('',#2383,#1901,#1902);
#1587=AXIS2_PLACEMENT_3D('',#2384,#1903,#1904);
#1588=AXIS2_PLACEMENT_3D('',#2385,#1905,#1906);
#1589=AXIS2_PLACEMENT_3D('',#2386,#1907,#1908);
#1590=AXIS2_PLACEMENT_3D('',#2387,#1909,#1910);
#1591=AXIS2_PLACEMENT_3D('',#2390,#1913,#1914);
#1592=AXIS2_PLACEMENT_3D('',#2392,#1916,#1917);
#1593=AXIS2_PLACEMENT_3D('',#2394,#1919,#1920);
#1594=AXIS2_PLACEMENT_3D('',#2395,#1921,#1922);
#1595=AXIS2_PLACEMENT_3D('',#2398,#1925,#1926);
#1596=AXIS2_PLACEMENT_3D('',#2400,#1928,#1929);
#1597=AXIS2_PLACEMENT_3D('',#2402,#1931,#1932);
#1598=AXIS2_PLACEMENT_3D('',#2403,#1933,#1934);
#1599=AXIS2_PLACEMENT_3D('',#2404,#1935,#1936);
#1600=AXIS2_PLACEMENT_3D('',#2405,#1937,#1938);
#1601=AXIS2_PLACEMENT_3D('',#2408,#1941,#1942);
#1602=AXIS2_PLACEMENT_3D('',#2410,#1944,#1945);
#1603=AXIS2_PLACEMENT_3D('',#2412,#1947,#1948);
#1604=AXIS2_PLACEMENT_3D('',#2413,#1949,#1950);
#1605=AXIS2_PLACEMENT_3D('',#2414,#1951,#1952);
#1606=AXIS2_PLACEMENT_3D('',#2415,#1953,#1954);
#1607=AXIS2_PLACEMENT_3D('',#2416,#1955,#1956);
#1608=AXIS2_PLACEMENT_3D('',#2417,#1957,#1958);
#1609=AXIS2_PLACEMENT_3D('',#2418,#1959,#1960);
#1610=AXIS2_PLACEMENT_3D('',#2419,#1961,#1962);
#1611=AXIS2_PLACEMENT_3D('',#2420,#1963,#1964);
#1612=AXIS2_PLACEMENT_3D('',#2421,#1965,#1966);
#1613=AXIS2_PLACEMENT_3D('',#2422,#1967,#1968);
#1614=AXIS2_PLACEMENT_3D('',#2423,#1969,#1970);
#1615=AXIS2_PLACEMENT_3D('',#2425,#1971,#1972);
#1616=AXIS2_PLACEMENT_3D('',#2426,#1973,#1974);
#1617=AXIS2_PLACEMENT_3D('',#2428,#1975,#1976);
#1618=AXIS2_PLACEMENT_3D('',#2429,#1977,#1978);
#1619=AXIS2_PLACEMENT_3D('',#2431,#1979,#1980);
#1620=AXIS2_PLACEMENT_3D('',#2432,#1981,#1982);
#1621=AXIS2_PLACEMENT_3D('',#2434,#1983,#1984);
#1622=AXIS2_PLACEMENT_3D('',#2435,#1985,#1986);
#1623=AXIS2_PLACEMENT_3D('',#2437,#1987,#1988);
#1624=AXIS2_PLACEMENT_3D('',#2438,#1989,#1990);
#1625=AXIS2_PLACEMENT_3D('',#2440,#1991,#1992);
#1626=AXIS2_PLACEMENT_3D('',#2441,#1993,#1994);
#1627=AXIS2_PLACEMENT_3D('',#2443,#1995,#1996);
#1628=AXIS2_PLACEMENT_3D('',#2444,#1997,#1998);
#1629=AXIS2_PLACEMENT_3D('',#2446,#1999,#2000);
#1630=AXIS2_PLACEMENT_3D('',#2447,#2001,#2002);
#1631=AXIS2_PLACEMENT_3D('',#2449,#2003,#2004);
#1632=AXIS2_PLACEMENT_3D('',#2450,#2005,#2006);
#1633=AXIS2_PLACEMENT_3D('',#2451,#2007,#2008);
#1634=AXIS2_PLACEMENT_3D('',#2453,#2009,#2010);
#1635=AXIS2_PLACEMENT_3D('',#2454,#2011,#2012);
#1636=AXIS2_PLACEMENT_3D('',#2455,#2013,#2014);
#1637=AXIS2_PLACEMENT_3D('',#2457,#2015,#2016);
#1638=AXIS2_PLACEMENT_3D('',#2458,#2017,#2018);
#1639=AXIS2_PLACEMENT_3D('',#2459,#2019,#2020);
#1640=AXIS2_PLACEMENT_3D('',#2461,#2021,#2022);
#1641=AXIS2_PLACEMENT_3D('',#2462,#2023,#2024);
#1642=AXIS2_PLACEMENT_3D('',#2463,#2025,#2026);
#1643=AXIS2_PLACEMENT_3D('',#2464,#2027,#2028);
#1644=AXIS2_PLACEMENT_3D('',#2465,#2029,#2030);
#1645=AXIS2_PLACEMENT_3D('',#2466,#2031,#2032);
#1646=AXIS2_PLACEMENT_3D('',#2467,#2033,#2034);
#1647=AXIS2_PLACEMENT_3D('',#2468,#2035,#2036);
#1648=AXIS2_PLACEMENT_3D('',#2471,#2039,#2040);
#1649=AXIS2_PLACEMENT_3D('',#2473,#2042,#2043);
#1650=AXIS2_PLACEMENT_3D('',#2475,#2045,#2046);
#1651=AXIS2_PLACEMENT_3D('',#2476,#2047,#2048);
#1652=AXIS2_PLACEMENT_3D('',#2477,#2049,#2050);
#1653=AXIS2_PLACEMENT_3D('',#2479,#2051,#2052);
#1654=AXIS2_PLACEMENT_3D('',#2480,#2053,#2054);
#1655=AXIS2_PLACEMENT_3D('',#2482,#2055,#2056);
#1656=AXIS2_PLACEMENT_3D('',#2483,#2057,#2058);
#1657=AXIS2_PLACEMENT_3D('',#2485,#2059,#2060);
#1658=AXIS2_PLACEMENT_3D('',#2486,#2061,#2062);
#1659=AXIS2_PLACEMENT_3D('',#2488,#2063,#2064);
#1660=AXIS2_PLACEMENT_3D('',#2489,#2065,#2066);
#1661=AXIS2_PLACEMENT_3D('',#2491,#2067,#2068);
#1662=AXIS2_PLACEMENT_3D('',#2492,#2069,#2070);
#1663=AXIS2_PLACEMENT_3D('',#2494,#2071,#2072);
#1664=AXIS2_PLACEMENT_3D('',#2495,#2073,#2074);
#1665=AXIS2_PLACEMENT_3D('',#2497,#2075,#2076);
#1666=AXIS2_PLACEMENT_3D('',#2498,#2077,#2078);
#1667=AXIS2_PLACEMENT_3D('',#2500,#2079,#2080);
#1668=AXIS2_PLACEMENT_3D('',#2501,#2081,#2082);
#1669=AXIS2_PLACEMENT_3D('',#2503,#2083,#2084);
#1670=AXIS2_PLACEMENT_3D('',#2504,#2085,#2086);
#1671=AXIS2_PLACEMENT_3D('',#2506,#2087,#2088);
#1672=AXIS2_PLACEMENT_3D('',#2507,#2089,#2090);
#1673=AXIS2_PLACEMENT_3D('',#2509,#2091,#2092);
#1674=AXIS2_PLACEMENT_3D('',#2510,#2093,#2094);
#1675=AXIS2_PLACEMENT_3D('',#2512,#2095,#2096);
#1676=AXIS2_PLACEMENT_3D('',#2513,#2097,#2098);
#1677=AXIS2_PLACEMENT_3D('',#2515,#2099,#2100);
#1678=AXIS2_PLACEMENT_3D('',#2516,#2101,#2102);
#1679=AXIS2_PLACEMENT_3D('',#2517,#2103,#2104);
#1680=AXIS2_PLACEMENT_3D('',#2519,#2105,#2106);
#1681=AXIS2_PLACEMENT_3D('',#2520,#2107,#2108);
#1682=AXIS2_PLACEMENT_3D('',#2521,#2109,#2110);
#1683=AXIS2_PLACEMENT_3D('',#2523,#2111,#2112);
#1684=AXIS2_PLACEMENT_3D('',#2524,#2113,#2114);
#1685=AXIS2_PLACEMENT_3D('',#2525,#2115,#2116);
#1686=AXIS2_PLACEMENT_3D('',#2527,#2117,#2118);
#1687=AXIS2_PLACEMENT_3D('',#2528,#2119,#2120);
#1688=AXIS2_PLACEMENT_3D('',#2529,#2121,#2122);
#1689=AXIS2_PLACEMENT_3D('',#2531,#2123,#2124);
#1690=AXIS2_PLACEMENT_3D('',#2532,#2125,#2126);
#1691=AXIS2_PLACEMENT_3D('',#2533,#2127,#2128);
#1692=AXIS2_PLACEMENT_3D('',#2535,#2129,#2130);
#1693=AXIS2_PLACEMENT_3D('',#2536,#2131,#2132);
#1694=AXIS2_PLACEMENT_3D('',#2539,#2135,#2136);
#1695=AXIS2_PLACEMENT_3D('',#2541,#2138,#2139);
#1696=AXIS2_PLACEMENT_3D('',#2543,#2141,#2142);
#1697=DIRECTION('',(0.,0.,1.));
#1698=DIRECTION('',(1.,0.,0.));
#1699=DIRECTION('',(0.,0.,1.));
#1700=DIRECTION('',(1.,0.,0.));
#1701=DIRECTION('',(0.,-1.,0.));
#1702=DIRECTION('',(1.,0.,0.));
#1703=DIRECTION('',(0.,-1.,0.));
#1704=DIRECTION('',(1.,0.,0.));
#1705=DIRECTION('',(0.,0.,-1.));
#1706=DIRECTION('',(1.,0.,0.));
#1707=DIRECTION('',(0.,1.,0.));
#1708=DIRECTION('',(-1.,0.,0.));
#1709=DIRECTION('',(0.,1.,0.));
#1710=DIRECTION('',(-1.,0.,0.));
#1711=DIRECTION('',(0.,0.,1.));
#1712=DIRECTION('',(1.,0.,0.));
#1713=DIRECTION('',(0.,0.,1.));
#1714=DIRECTION('',(1.,0.,0.));
#1715=DIRECTION('',(0.,0.,1.));
#1716=DIRECTION('',(1.,0.,0.));
#1717=DIRECTION('',(0.,0.,1.));
#1718=DIRECTION('',(1.,0.,0.));
#1719=DIRECTION('',(0.,0.,1.));
#1720=DIRECTION('',(1.,0.,0.));
#1721=DIRECTION('',(0.,0.,1.));
#1722=DIRECTION('',(1.,0.,0.));
#1723=DIRECTION('',(0.,0.,1.));
#1724=DIRECTION('',(1.,0.,0.));
#1725=DIRECTION('',(0.,0.,1.));
#1726=DIRECTION('',(1.,0.,0.));
#1727=DIRECTION('',(0.,0.,1.));
#1728=DIRECTION('',(1.,0.,0.));
#1729=DIRECTION('',(0.,0.,1.));
#1730=DIRECTION('',(1.,0.,0.));
#1731=DIRECTION('',(0.,0.,1.));
#1732=DIRECTION('',(1.,0.,0.));
#1733=DIRECTION('',(0.,0.,1.));
#1734=DIRECTION('',(1.,0.,0.));
#1735=DIRECTION('',(0.,0.,1.));
#1736=DIRECTION('',(1.,0.,0.));
#1737=DIRECTION('',(0.,0.,1.));
#1738=DIRECTION('',(1.,0.,0.));
#1739=DIRECTION('',(0.,0.,1.));
#1740=DIRECTION('',(1.,0.,0.));
#1741=DIRECTION('',(0.,0.,1.));
#1742=DIRECTION('',(1.,0.,0.));
#1743=DIRECTION('',(0.,0.,1.));
#1744=DIRECTION('',(1.,0.,0.));
#1745=DIRECTION('',(0.,0.,1.));
#1746=DIRECTION('',(1.,0.,0.));
#1747=DIRECTION('',(0.,0.,1.));
#1748=DIRECTION('',(1.,0.,0.));
#1749=DIRECTION('',(0.,0.,1.));
#1750=DIRECTION('',(1.,0.,0.));
#1751=DIRECTION('',(0.,0.,1.));
#1752=DIRECTION('',(1.,0.,0.));
#1753=DIRECTION('',(-1.,1.04988481676255E-13,0.));
#1754=DIRECTION('',(1.05818132034599E-13,1.,0.));
#1755=DIRECTION('',(1.,-1.04988481676486E-13,0.));
#1756=DIRECTION('',(-1.04950770296611E-13,-1.,0.));
#1757=DIRECTION('',(0.,-1.,0.));
#1758=DIRECTION('',(1.,0.,0.));
#1759=DIRECTION('',(0.,-1.,0.));
#1760=DIRECTION('',(-1.,0.,0.));
#1761=DIRECTION('',(0.,0.,1.));
#1762=DIRECTION('',(1.,0.,0.));
#1763=DIRECTION('',(0.,0.,1.));
#1764=DIRECTION('',(1.,0.,0.));
#1765=DIRECTION('',(0.,0.,1.));
#1766=DIRECTION('',(1.,0.,0.));
#1767=DIRECTION('',(0.,0.,1.));
#1768=DIRECTION('',(1.,0.,0.));
#1769=DIRECTION('',(0.,0.,1.));
#1770=DIRECTION('',(1.,0.,0.));
#1771=DIRECTION('',(1.,0.,0.));
#1772=DIRECTION('',(0.,0.,1.));
#1773=DIRECTION('',(1.,0.,0.));
#1774=DIRECTION('',(0.,1.,0.));
#1775=DIRECTION('',(0.,0.,1.));
#1776=DIRECTION('',(1.,0.,0.));
#1777=DIRECTION('',(-1.,-1.06752213906265E-16,0.));
#1778=DIRECTION('',(0.,0.,1.));
#1779=DIRECTION('',(1.,0.,0.));
#1780=DIRECTION('',(0.,-1.,0.));
#1781=DIRECTION('',(0.,0.,1.));
#1782=DIRECTION('',(1.,0.,0.));
#1783=DIRECTION('',(1.,0.,0.));
#1784=DIRECTION('',(0.,-1.,0.));
#1785=DIRECTION('',(1.,0.,0.));
#1786=DIRECTION('',(0.,-1.,0.));
#1787=DIRECTION('',(0.,0.,1.));
#1788=DIRECTION('',(1.,0.,0.));
#1789=DIRECTION('',(0.,0.,-1.));
#1790=DIRECTION('',(1.,0.,0.));
#1791=DIRECTION('',(0.,0.,1.));
#1792=DIRECTION('',(1.,0.,0.));
#1793=DIRECTION('',(0.,0.,1.));
#1794=DIRECTION('',(1.,0.,0.));
#1795=DIRECTION('',(0.,0.,-1.));
#1796=DIRECTION('',(1.,0.,0.));
#1797=DIRECTION('',(0.,0.,1.));
#1798=DIRECTION('',(1.,0.,0.));
#1799=DIRECTION('',(-1.,0.,0.));
#1800=DIRECTION('',(0.,1.,0.));
#1801=DIRECTION('',(-1.,0.,0.));
#1802=DIRECTION('',(0.,1.,0.));
#1803=DIRECTION('',(1.,0.,0.));
#1804=DIRECTION('',(0.,-1.,0.));
#1805=DIRECTION('',(1.,0.,0.));
#1806=DIRECTION('',(0.,-1.,0.));
#1807=DIRECTION('',(0.,0.,1.));
#1808=DIRECTION('',(1.,0.,0.));
#1809=DIRECTION('',(0.,0.,1.));
#1810=DIRECTION('',(1.,0.,0.));
#1811=DIRECTION('',(0.,0.,1.));
#1812=DIRECTION('',(1.,0.,0.));
#1813=DIRECTION('',(0.,0.,1.));
#1814=DIRECTION('',(1.,0.,0.));
#1815=DIRECTION('',(0.,0.,1.));
#1816=DIRECTION('',(1.,0.,0.));
#1817=DIRECTION('',(0.,0.,1.));
#1818=DIRECTION('',(1.,0.,0.));
#1819=DIRECTION('',(0.,0.,1.));
#1820=DIRECTION('',(1.,0.,0.));
#1821=DIRECTION('',(0.,0.,1.));
#1822=DIRECTION('',(1.,0.,0.));
#1823=DIRECTION('',(0.,0.,1.));
#1824=DIRECTION('',(1.,0.,0.));
#1825=DIRECTION('',(0.,0.,1.));
#1826=DIRECTION('',(1.,0.,0.));
#1827=DIRECTION('',(0.,0.,1.));
#1828=DIRECTION('',(1.,0.,0.));
#1829=DIRECTION('',(0.,0.,1.));
#1830=DIRECTION('',(1.,0.,0.));
#1831=DIRECTION('',(0.,0.,1.));
#1832=DIRECTION('',(1.,0.,0.));
#1833=DIRECTION('',(0.,0.,1.));
#1834=DIRECTION('',(1.,0.,0.));
#1835=DIRECTION('',(0.,0.,1.));
#1836=DIRECTION('',(1.,0.,0.));
#1837=DIRECTION('',(0.,1.,0.));
#1838=DIRECTION('',(0.,0.,1.));
#1839=DIRECTION('',(1.,0.,0.));
#1840=DIRECTION('',(1.,0.,0.));
#1841=DIRECTION('',(0.,0.,1.));
#1842=DIRECTION('',(1.,0.,0.));
#1843=DIRECTION('',(0.,-1.,0.));
#1844=DIRECTION('',(0.,0.,1.));
#1845=DIRECTION('',(1.,0.,0.));
#1846=DIRECTION('',(-1.,-1.06752213906265E-16,0.));
#1847=DIRECTION('',(0.,0.,1.));
#1848=DIRECTION('',(1.,0.,0.));
#1849=DIRECTION('',(0.,0.,1.));
#1850=DIRECTION('',(1.,0.,0.));
#1851=DIRECTION('',(0.,0.,1.));
#1852=DIRECTION('',(1.,0.,0.));
#1853=DIRECTION('',(0.,0.,1.));
#1854=DIRECTION('',(1.,0.,0.));
#1855=DIRECTION('',(0.,0.,1.));
#1856=DIRECTION('',(1.,0.,0.));
#1857=DIRECTION('',(0.,0.,1.));
#1858=DIRECTION('',(1.,0.,0.));
#1859=DIRECTION('',(-1.,0.,0.));
#1860=DIRECTION('',(0.,1.,0.));
#1861=DIRECTION('',(1.,0.,0.));
#1862=DIRECTION('',(0.,1.,0.));
#1863=DIRECTION('',(-1.058181320346E-13,-1.,0.));
#1864=DIRECTION('',(1.,-1.04988481676255E-13,0.));
#1865=DIRECTION('',(1.04950770296611E-13,1.,0.));
#1866=DIRECTION('',(-1.,1.04988481676486E-13,0.));
#1867=DIRECTION('',(0.,0.,1.));
#1868=DIRECTION('',(1.,0.,0.));
#1869=DIRECTION('',(0.,0.,1.));
#1870=DIRECTION('',(1.,0.,0.));
#1871=DIRECTION('',(0.,1.,0.));
#1872=DIRECTION('',(-1.,0.,0.));
#1873=DIRECTION('',(0.,1.,0.));
#1874=DIRECTION('',(-1.,0.,0.));
#1875=DIRECTION('',(0.,1.,0.));
#1876=DIRECTION('',(0.,0.,1.));
#1877=DIRECTION('',(0.,0.,1.));
#1878=DIRECTION('',(0.,0.,-1.));
#1879=DIRECTION('',(1.06752213906265E-16,-1.,0.));
#1880=DIRECTION('',(1.,1.06752213906265E-16,0.));
#1881=DIRECTION('',(0.,0.,1.));
#1882=DIRECTION('',(0.,0.,-1.));
#1883=DIRECTION('',(0.,0.,-1.));
#1884=DIRECTION('',(-1.,0.,0.));
#1885=DIRECTION('',(0.,0.,-1.));
#1886=DIRECTION('',(1.,0.,0.));
#1887=DIRECTION('',(0.,0.,-1.));
#1888=DIRECTION('',(0.,0.,-1.));
#1889=DIRECTION('',(0.,0.,-1.));
#1890=DIRECTION('',(-1.,0.,0.));
#1891=DIRECTION('',(1.,0.,0.));
#1892=DIRECTION('',(0.,0.,-1.));
#1893=DIRECTION('',(0.,0.,1.));
#1894=DIRECTION('',(0.,0.,1.));
#1895=DIRECTION('',(0.,0.,-1.));
#1896=DIRECTION('',(-1.,0.,0.));
#1897=DIRECTION('',(0.,0.,-1.));
#1898=DIRECTION('',(-1.,0.,0.));
#1899=DIRECTION('',(0.,0.,1.));
#1900=DIRECTION('',(1.,0.,0.));
#1901=DIRECTION('',(0.,0.,1.));
#1902=DIRECTION('',(1.,0.,0.));
#1903=DIRECTION('',(0.,0.,1.));
#1904=DIRECTION('',(1.,0.,0.));
#1905=DIRECTION('',(0.,0.,1.));
#1906=DIRECTION('',(1.,0.,0.));
#1907=DIRECTION('',(0.,0.,1.));
#1908=DIRECTION('',(1.,0.,0.));
#1909=DIRECTION('',(-1.,0.,0.));
#1910=DIRECTION('',(0.,0.,1.));
#1911=DIRECTION('',(0.,0.,1.));
#1912=DIRECTION('',(0.,0.,1.));
#1913=DIRECTION('',(0.,-1.,0.));
#1914=DIRECTION('',(0.,0.,-1.));
#1915=DIRECTION('',(0.,0.,1.));
#1916=DIRECTION('',(0.,1.,0.));
#1917=DIRECTION('',(0.,0.,1.));
#1918=DIRECTION('',(0.,0.,1.));
#1919=DIRECTION('',(-1.,0.,0.));
#1920=DIRECTION('',(0.,0.,1.));
#1921=DIRECTION('',(1.04988481676255E-13,1.,0.));
#1922=DIRECTION('',(-1.,1.04988481676255E-13,0.));
#1923=DIRECTION('',(0.,0.,1.));
#1924=DIRECTION('',(0.,0.,1.));
#1925=DIRECTION('',(-1.,1.04950770296611E-13,0.));
#1926=DIRECTION('',(-1.04950770296611E-13,-1.,0.));
#1927=DIRECTION('',(0.,0.,1.));
#1928=DIRECTION('',(1.,-1.05818132034599E-13,0.));
#1929=DIRECTION('',(1.058181320346E-13,1.,0.));
#1930=DIRECTION('',(0.,0.,1.));
#1931=DIRECTION('',(-1.04988481676486E-13,-1.,0.));
#1932=DIRECTION('',(1.,-1.04988481676486E-13,0.));
#1933=DIRECTION('',(0.,0.,1.));
#1934=DIRECTION('',(1.,0.,0.));
#1935=DIRECTION('',(0.,0.,1.));
#1936=DIRECTION('',(1.,0.,0.));
#1937=DIRECTION('',(-1.,0.,0.));
#1938=DIRECTION('',(0.,0.,1.));
#1939=DIRECTION('',(0.,0.,1.));
#1940=DIRECTION('',(0.,0.,1.));
#1941=DIRECTION('',(0.,-1.,0.));
#1942=DIRECTION('',(0.,0.,-1.));
#1943=DIRECTION('',(0.,0.,1.));
#1944=DIRECTION('',(0.,-1.,0.));
#1945=DIRECTION('',(0.,0.,-1.));
#1946=DIRECTION('',(0.,0.,1.));
#1947=DIRECTION('',(-1.,0.,0.));
#1948=DIRECTION('',(0.,0.,1.));
#1949=DIRECTION('',(0.,0.,1.));
#1950=DIRECTION('',(1.,0.,0.));
#1951=DIRECTION('',(0.,0.,1.));
#1952=DIRECTION('',(1.,0.,0.));
#1953=DIRECTION('',(0.,0.,1.));
#1954=DIRECTION('',(1.,0.,0.));
#1955=DIRECTION('',(0.,0.,1.));
#1956=DIRECTION('',(1.,0.,0.));
#1957=DIRECTION('',(0.,0.,1.));
#1958=DIRECTION('',(1.,0.,0.));
#1959=DIRECTION('',(0.,0.,1.));
#1960=DIRECTION('',(1.,0.,0.));
#1961=DIRECTION('',(0.,0.,1.));
#1962=DIRECTION('',(1.,0.,0.));
#1963=DIRECTION('',(0.,0.,1.));
#1964=DIRECTION('',(1.,0.,0.));
#1965=DIRECTION('',(0.,0.,1.));
#1966=DIRECTION('',(1.,0.,0.));
#1967=DIRECTION('',(0.,0.,1.));
#1968=DIRECTION('',(1.,0.,0.));
#1969=DIRECTION('',(0.,0.,1.));
#1970=DIRECTION('',(1.,0.,0.));
#1971=DIRECTION('',(0.,0.,1.));
#1972=DIRECTION('',(1.,0.,0.));
#1973=DIRECTION('',(0.,0.,1.));
#1974=DIRECTION('',(1.,0.,0.));
#1975=DIRECTION('',(0.,0.,1.));
#1976=DIRECTION('',(1.,0.,0.));
#1977=DIRECTION('',(0.,0.,1.));
#1978=DIRECTION('',(1.,0.,0.));
#1979=DIRECTION('',(0.,0.,1.));
#1980=DIRECTION('',(1.,0.,0.));
#1981=DIRECTION('',(0.,0.,1.));
#1982=DIRECTION('',(1.,0.,0.));
#1983=DIRECTION('',(0.,0.,1.));
#1984=DIRECTION('',(1.,0.,0.));
#1985=DIRECTION('',(0.,0.,1.));
#1986=DIRECTION('',(1.,0.,0.));
#1987=DIRECTION('',(0.,0.,1.));
#1988=DIRECTION('',(1.,0.,0.));
#1989=DIRECTION('',(0.,0.,1.));
#1990=DIRECTION('',(1.,0.,0.));
#1991=DIRECTION('',(0.,0.,1.));
#1992=DIRECTION('',(1.,0.,0.));
#1993=DIRECTION('',(0.,0.,1.));
#1994=DIRECTION('',(1.,0.,0.));
#1995=DIRECTION('',(0.,0.,1.));
#1996=DIRECTION('',(1.,0.,0.));
#1997=DIRECTION('',(0.,0.,1.));
#1998=DIRECTION('',(1.,0.,0.));
#1999=DIRECTION('',(0.,0.,1.));
#2000=DIRECTION('',(1.,0.,0.));
#2001=DIRECTION('',(0.,0.,1.));
#2002=DIRECTION('',(1.,0.,0.));
#2003=DIRECTION('',(0.,0.,1.));
#2004=DIRECTION('',(1.,0.,0.));
#2005=DIRECTION('',(0.,0.,1.));
#2006=DIRECTION('',(1.,0.,0.));
#2007=DIRECTION('',(0.,0.,1.));
#2008=DIRECTION('',(1.,0.,0.));
#2009=DIRECTION('',(0.,0.,1.));
#2010=DIRECTION('',(1.,0.,0.));
#2011=DIRECTION('',(0.,0.,1.));
#2012=DIRECTION('',(1.,0.,0.));
#2013=DIRECTION('',(0.,0.,1.));
#2014=DIRECTION('',(1.,0.,0.));
#2015=DIRECTION('',(0.,0.,1.));
#2016=DIRECTION('',(1.,0.,0.));
#2017=DIRECTION('',(0.,0.,1.));
#2018=DIRECTION('',(1.,0.,0.));
#2019=DIRECTION('',(0.,0.,1.));
#2020=DIRECTION('',(1.,0.,0.));
#2021=DIRECTION('',(0.,0.,1.));
#2022=DIRECTION('',(1.,0.,0.));
#2023=DIRECTION('',(0.,0.,1.));
#2024=DIRECTION('',(1.,0.,0.));
#2025=DIRECTION('',(0.,0.,1.));
#2026=DIRECTION('',(1.,0.,0.));
#2027=DIRECTION('',(0.,0.,1.));
#2028=DIRECTION('',(1.,0.,0.));
#2029=DIRECTION('',(0.,0.,1.));
#2030=DIRECTION('',(1.,0.,0.));
#2031=DIRECTION('',(0.,0.,1.));
#2032=DIRECTION('',(1.,0.,0.));
#2033=DIRECTION('',(0.,0.,1.));
#2034=DIRECTION('',(1.,0.,0.));
#2035=DIRECTION('',(1.,0.,0.));
#2036=DIRECTION('',(0.,0.,-1.));
#2037=DIRECTION('',(0.,0.,1.));
#2038=DIRECTION('',(0.,0.,1.));
#2039=DIRECTION('',(0.,1.,0.));
#2040=DIRECTION('',(0.,0.,1.));
#2041=DIRECTION('',(0.,0.,1.));
#2042=DIRECTION('',(0.,1.,0.));
#2043=DIRECTION('',(0.,0.,1.));
#2044=DIRECTION('',(0.,0.,1.));
#2045=DIRECTION('',(1.,0.,0.));
#2046=DIRECTION('',(0.,0.,-1.));
#2047=DIRECTION('',(0.,0.,1.));
#2048=DIRECTION('',(1.,0.,0.));
#2049=DIRECTION('',(0.,0.,-1.));
#2050=DIRECTION('',(1.,0.,0.));
#2051=DIRECTION('',(0.,0.,1.));
#2052=DIRECTION('',(1.,0.,0.));
#2053=DIRECTION('',(0.,0.,-1.));
#2054=DIRECTION('',(1.,0.,0.));
#2055=DIRECTION('',(0.,0.,1.));
#2056=DIRECTION('',(1.,0.,0.));
#2057=DIRECTION('',(0.,0.,1.));
#2058=DIRECTION('',(1.,0.,0.));
#2059=DIRECTION('',(0.,0.,1.));
#2060=DIRECTION('',(1.,0.,0.));
#2061=DIRECTION('',(0.,0.,1.));
#2062=DIRECTION('',(1.,0.,0.));
#2063=DIRECTION('',(0.,0.,1.));
#2064=DIRECTION('',(1.,0.,0.));
#2065=DIRECTION('',(0.,0.,1.));
#2066=DIRECTION('',(1.,0.,0.));
#2067=DIRECTION('',(0.,0.,1.));
#2068=DIRECTION('',(1.,0.,0.));
#2069=DIRECTION('',(0.,0.,1.));
#2070=DIRECTION('',(1.,0.,0.));
#2071=DIRECTION('',(0.,0.,1.));
#2072=DIRECTION('',(1.,0.,0.));
#2073=DIRECTION('',(0.,0.,-1.));
#2074=DIRECTION('',(1.,0.,0.));
#2075=DIRECTION('',(0.,0.,1.));
#2076=DIRECTION('',(1.,0.,0.));
#2077=DIRECTION('',(0.,0.,-1.));
#2078=DIRECTION('',(1.,0.,0.));
#2079=DIRECTION('',(0.,0.,1.));
#2080=DIRECTION('',(1.,0.,0.));
#2081=DIRECTION('',(0.,0.,-1.));
#2082=DIRECTION('',(1.,0.,0.));
#2083=DIRECTION('',(0.,0.,1.));
#2084=DIRECTION('',(1.,0.,0.));
#2085=DIRECTION('',(0.,0.,-1.));
#2086=DIRECTION('',(1.,0.,0.));
#2087=DIRECTION('',(0.,0.,1.));
#2088=DIRECTION('',(1.,0.,0.));
#2089=DIRECTION('',(0.,0.,1.));
#2090=DIRECTION('',(1.,0.,0.));
#2091=DIRECTION('',(0.,0.,1.));
#2092=DIRECTION('',(1.,0.,0.));
#2093=DIRECTION('',(0.,0.,1.));
#2094=DIRECTION('',(1.,0.,0.));
#2095=DIRECTION('',(0.,0.,1.));
#2096=DIRECTION('',(1.,0.,0.));
#2097=DIRECTION('',(0.,0.,-1.));
#2098=DIRECTION('',(1.,0.,0.));
#2099=DIRECTION('',(0.,0.,1.));
#2100=DIRECTION('',(1.,0.,0.));
#2101=DIRECTION('',(0.,0.,1.));
#2102=DIRECTION('',(1.,0.,0.));
#2103=DIRECTION('',(0.,0.,1.));
#2104=DIRECTION('',(1.,0.,0.));
#2105=DIRECTION('',(0.,0.,1.));
#2106=DIRECTION('',(1.,0.,0.));
#2107=DIRECTION('',(0.,0.,1.));
#2108=DIRECTION('',(1.,0.,0.));
#2109=DIRECTION('',(0.,0.,1.));
#2110=DIRECTION('',(1.,0.,0.));
#2111=DIRECTION('',(0.,0.,1.));
#2112=DIRECTION('',(1.,0.,0.));
#2113=DIRECTION('',(0.,0.,1.));
#2114=DIRECTION('',(1.,0.,0.));
#2115=DIRECTION('',(0.,0.,-1.));
#2116=DIRECTION('',(1.,0.,0.));
#2117=DIRECTION('',(0.,0.,1.));
#2118=DIRECTION('',(1.,0.,0.));
#2119=DIRECTION('',(0.,0.,1.));
#2120=DIRECTION('',(1.,0.,0.));
#2121=DIRECTION('',(0.,0.,-1.));
#2122=DIRECTION('',(1.,0.,0.));
#2123=DIRECTION('',(0.,0.,1.));
#2124=DIRECTION('',(1.,0.,0.));
#2125=DIRECTION('',(0.,0.,1.));
#2126=DIRECTION('',(1.,0.,0.));
#2127=DIRECTION('',(0.,0.,1.));
#2128=DIRECTION('',(1.,0.,0.));
#2129=DIRECTION('',(0.,0.,1.));
#2130=DIRECTION('',(1.,0.,0.));
#2131=DIRECTION('',(-1.,0.,0.));
#2132=DIRECTION('',(0.,0.,1.));
#2133=DIRECTION('',(0.,0.,1.));
#2134=DIRECTION('',(0.,0.,1.));
#2135=DIRECTION('',(0.,-1.,0.));
#2136=DIRECTION('',(0.,0.,-1.));
#2137=DIRECTION('',(0.,0.,1.));
#2138=DIRECTION('',(0.,-1.,0.));
#2139=DIRECTION('',(0.,0.,-1.));
#2140=DIRECTION('',(0.,0.,1.));
#2141=DIRECTION('',(-1.,0.,0.));
#2142=DIRECTION('',(0.,0.,1.));
#2143=CARTESIAN_POINT('',(0.,0.,0.));
#2144=CARTESIAN_POINT('',(0.00692979837025529,0.,0.071));
#2145=CARTESIAN_POINT('',(0.016331830899775,-0.0352178076282143,0.071));
#2146=CARTESIAN_POINT('',(0.016331830899775,-0.0294678076282144,0.071));
#2147=CARTESIAN_POINT('',(0.016331830899775,-0.0409678076282144,0.071));
#2148=CARTESIAN_POINT('',(0.019831830899775,-0.0294678076282144,0.071));
#2149=CARTESIAN_POINT('',(0.0233318308997751,-0.0294678076282144,0.071));
#2150=CARTESIAN_POINT('',(0.0233318308997751,-0.0352178076282143,0.071));
#2151=CARTESIAN_POINT('',(0.0233318308997751,-0.0409678076282144,0.071));
#2152=CARTESIAN_POINT('',(0.019831830899775,-0.0409678076282144,0.071));
#2153=CARTESIAN_POINT('',(0.106773200569014,-0.0310481823980808,0.071));
#2154=CARTESIAN_POINT('',(0.109523200569014,-0.0310481823980808,0.071));
#2155=CARTESIAN_POINT('',(0.0292491184599673,0.071496582211522,0.071));
#2156=CARTESIAN_POINT('',(0.0292491184599673,0.067996582211522,0.071));
#2157=CARTESIAN_POINT('',(0.0292491184599673,0.074996582211522,0.071));
#2158=CARTESIAN_POINT('',(0.0257491184599673,0.067996582211522,0.071));
#2159=CARTESIAN_POINT('',(0.0222491184599673,0.067996582211522,0.071));
#2160=CARTESIAN_POINT('',(0.0222491184599673,0.071496582211522,0.071));
#2161=CARTESIAN_POINT('',(0.0222491184599673,0.074996582211522,0.071));
#2162=CARTESIAN_POINT('',(0.0257491184599673,0.074996582211522,0.071));
#2163=CARTESIAN_POINT('',(-0.0069628699851362,-0.09,0.071));
#2164=CARTESIAN_POINT('',(-0.0047128699851362,-0.09,0.071));
#2165=CARTESIAN_POINT('',(0.0394297983702553,-0.09,0.071));
#2166=CARTESIAN_POINT('',(0.0416797983702553,-0.09,0.071));
#2167=CARTESIAN_POINT('',(0.106773200569014,-0.0470956861972809,0.071));
#2168=CARTESIAN_POINT('',(0.109023200569014,-0.0470956861972809,0.071));
#2169=CARTESIAN_POINT('',(0.106773200569014,0.0470956861972809,0.071));
#2170=CARTESIAN_POINT('',(0.109023200569014,0.0470956861972809,0.071));
#2171=CARTESIAN_POINT('',(0.0394297983702553,0.09,0.071));
#2172=CARTESIAN_POINT('',(0.0416797983702553,0.09,0.071));
#2173=CARTESIAN_POINT('',(-0.00696286998513619,0.09,0.071));
#2174=CARTESIAN_POINT('',(-0.00471286998513619,0.09,0.071));
#2175=CARTESIAN_POINT('',(-0.00775088154003365,-0.0326873384144526,0.071));
#2176=CARTESIAN_POINT('',(-0.00500088154003365,-0.0326873384144526,0.071));
#2177=CARTESIAN_POINT('',(0.00724911845996687,-0.0326873384144526,0.071));
#2178=CARTESIAN_POINT('',(0.00999911845996687,-0.0326873384144526,0.071));
#2179=CARTESIAN_POINT('',(0.025546235463767,0.0276718808881961,0.071));
#2180=CARTESIAN_POINT('',(0.028296235463767,0.0276718808881961,0.071));
#2181=CARTESIAN_POINT('',(0.025546235463767,0.0426718808881965,0.071));
#2182=CARTESIAN_POINT('',(0.028296235463767,0.0426718808881965,0.071));
#2183=CARTESIAN_POINT('',(0.0908006314647909,-0.00970273506194647,0.071));
#2184=CARTESIAN_POINT('',(0.0925506314647909,-0.00970273506194647,0.071));
#2185=CARTESIAN_POINT('',(0.0908006314647909,-0.0497027350619477,0.071));
#2186=CARTESIAN_POINT('',(0.0925506314647909,-0.0497027350619477,0.071));
#2187=CARTESIAN_POINT('',(0.0508006314647896,-0.0497027350619477,0.071));
#2188=CARTESIAN_POINT('',(0.0525506314647896,-0.0497027350619477,0.071));
#2189=CARTESIAN_POINT('',(0.0313017454776872,-0.0636846078362493,0.071));
#2190=CARTESIAN_POINT('',(0.0330517454776873,-0.0636846078362493,0.071));
#2191=CARTESIAN_POINT('',(0.0363433524675773,0.0161718808881981,0.071));
#2192=CARTESIAN_POINT('',(0.0380933524675773,0.0161718808881981,0.071));
#2193=CARTESIAN_POINT('',(0.0538433524675778,0.0533718808881992,0.071));
#2194=CARTESIAN_POINT('',(0.0555933524675778,0.0533718808881992,0.071));
#2195=CARTESIAN_POINT('',(-0.00589825452231401,-0.0461846078362487,0.071));
#2196=CARTESIAN_POINT('',(-0.00414825452231401,-0.0461846078362487,0.071));
#2197=CARTESIAN_POINT('',(0.0508006314647896,-0.00970273506194647,0.071));
#2198=CARTESIAN_POINT('',(0.0525506314647896,-0.00970273506194647,0.071));
#2199=CARTESIAN_POINT('',(0.0303433524675674,0.060671880888195,0.071));
#2200=CARTESIAN_POINT('',(0.0323433524675674,0.060671880888195,0.071));
#2201=CARTESIAN_POINT('',(-0.0181982545223143,-0.0646846078362346,0.071));
#2202=CARTESIAN_POINT('',(-0.0161982545223143,-0.0646846078362346,0.071));
#2203=CARTESIAN_POINT('',(0.0553433524675659,0.0656718808881995,0.071));
#2204=CARTESIAN_POINT('',(0.0573433524675659,0.0656718808881995,0.071));
#2205=CARTESIAN_POINT('',(0.0708006314647739,-0.05600273506195,0.071));
#2206=CARTESIAN_POINT('',(0.0765506314647843,-0.0560027350619493,0.071));
#2207=CARTESIAN_POINT('',(0.0535506314647843,-0.0560027350619493,0.071));
#2208=CARTESIAN_POINT('',(0.0765506314647839,-0.0600027350619487,0.071));
#2209=CARTESIAN_POINT('',(0.0765506314647887,-0.0640027350619506,0.071));
#2210=CARTESIAN_POINT('',(0.0650506314647861,-0.0640027350619494,0.071));
#2211=CARTESIAN_POINT('',(0.0535506314647835,-0.0640027350619482,0.071));
#2212=CARTESIAN_POINT('',(0.0535506314647839,-0.0600027350619487,0.071));
#2213=CARTESIAN_POINT('',(0.0254596172274625,-0.0126027350619464,0.071));
#2214=CARTESIAN_POINT('',(0.0254596172274625,-0.00410273506194636,0.071));
#2215=CARTESIAN_POINT('',(0.0254596172274625,-0.0211027350619463,0.071));
#2216=CARTESIAN_POINT('',(0.0314596172274626,-0.00410273506194636,0.071));
#2217=CARTESIAN_POINT('',(0.0374596172274626,-0.00410273506194636,0.071));
#2218=CARTESIAN_POINT('',(0.0374596172274626,-0.0126027350619464,0.071));
#2219=CARTESIAN_POINT('',(0.0374596172274626,-0.0211027350619463,0.071));
#2220=CARTESIAN_POINT('',(0.0314596172274626,-0.0211027350619463,0.071));
#2221=CARTESIAN_POINT('',(0.0413017454776894,-0.0661846078362373,0.071));
#2222=CARTESIAN_POINT('',(0.0433017454776894,-0.0661846078362373,0.071));
#2223=CARTESIAN_POINT('',(0.0553433524675654,0.00467188088819472,0.071));
#2224=CARTESIAN_POINT('',(0.0573433524675654,0.00467188088819472,0.071));
#2225=CARTESIAN_POINT('',(0.0303433524675771,0.00967188088819339,0.071));
#2226=CARTESIAN_POINT('',(0.0323433524675771,0.00967188088819339,0.071));
#2227=CARTESIAN_POINT('',(0.0378017454776901,-0.0396846078362487,0.071));
#2228=CARTESIAN_POINT('',(0.0398017454776901,-0.0396846078362487,0.071));
#2229=CARTESIAN_POINT('',(-0.0181982545223124,-0.0446846078362332,0.071));
#2230=CARTESIAN_POINT('',(-0.0161982545223124,-0.0446846078362332,0.071));
#2231=CARTESIAN_POINT('',(0.0719297983702553,0.095,0.071));
#2232=CARTESIAN_POINT('',(-0.0138648727536201,0.095,0.071));
#2233=CARTESIAN_POINT('',(0.104429798370255,0.095,0.071));
#2234=CARTESIAN_POINT('',(-0.0138648727536201,0.085,0.071));
#2235=CARTESIAN_POINT('',(-0.0238648727536202,0.085,0.071));
#2236=CARTESIAN_POINT('',(-0.0238648727536202,0.,0.071));
#2237=CARTESIAN_POINT('',(-0.0238648727536202,-0.085,0.071));
#2238=CARTESIAN_POINT('',(-0.0138648727536201,-0.085,0.071));
#2239=CARTESIAN_POINT('',(-0.0138648727536201,-0.095,0.071));
#2240=CARTESIAN_POINT('',(-0.0255702016297447,-0.095,0.071));
#2241=CARTESIAN_POINT('',(0.104429798370255,-0.095,0.071));
#2242=CARTESIAN_POINT('',(0.104429798370255,-0.085,0.071));
#2243=CARTESIAN_POINT('',(0.114429798370255,-0.085,0.071));
#2244=CARTESIAN_POINT('',(0.114429798370255,0.,0.071));
#2245=CARTESIAN_POINT('',(0.114429798370255,0.085,0.071));
#2246=CARTESIAN_POINT('',(0.104429798370255,0.085,0.071));
#2247=CARTESIAN_POINT('',(0.0677036945903996,0.000897264938053641,0.071));
#2248=CARTESIAN_POINT('',(0.0530436945903992,0.000897264938053641,0.071));
#2249=CARTESIAN_POINT('',(0.0692036945903996,0.00089726493805364,0.071));
#2250=CARTESIAN_POINT('',(0.0692036945903996,-0.00260273506194636,0.071));
#2251=CARTESIAN_POINT('',(0.0692036945903996,-0.00610273506194636,0.071));
#2252=CARTESIAN_POINT('',(0.0545436945903992,-0.00610273506194636,0.071));
#2253=CARTESIAN_POINT('',(0.0530436945903992,-0.00610273506194636,0.071));
#2254=CARTESIAN_POINT('',(0.0530436945903992,-0.00260273506194636,0.071));
#2255=CARTESIAN_POINT('',(0.0484840391986634,-0.09,0.071));
#2256=CARTESIAN_POINT('',(0.0512340391986634,-0.09,0.071));
#2257=CARTESIAN_POINT('',(0.0903755575418472,-0.09,0.071));
#2258=CARTESIAN_POINT('',(0.0931255575418472,-0.09,0.071));
#2259=CARTESIAN_POINT('',(0.106773200569014,0.0310481823980808,0.071));
#2260=CARTESIAN_POINT('',(0.109523200569014,0.0310481823980808,0.071));
#2261=CARTESIAN_POINT('',(0.0903755575418472,0.09,0.071));
#2262=CARTESIAN_POINT('',(0.0931255575418472,0.09,0.071));
#2263=CARTESIAN_POINT('',(0.0484840391986634,0.09,0.071));
#2264=CARTESIAN_POINT('',(0.0512340391986634,0.09,0.071));
#2265=CARTESIAN_POINT('',(0.00692979837025529,0.,0.065));
#2266=CARTESIAN_POINT('',(0.019831830899775,-0.0294678076282144,0.065));
#2267=CARTESIAN_POINT('',(0.0233318308997751,-0.0294678076282144,0.065));
#2268=CARTESIAN_POINT('',(0.016331830899775,-0.0294678076282144,0.065));
#2269=CARTESIAN_POINT('',(0.016331830899775,-0.0352178076282143,0.065));
#2270=CARTESIAN_POINT('',(0.016331830899775,-0.0409678076282144,0.065));
#2271=CARTESIAN_POINT('',(0.019831830899775,-0.0409678076282144,0.065));
#2272=CARTESIAN_POINT('',(0.0233318308997751,-0.0409678076282144,0.065));
#2273=CARTESIAN_POINT('',(0.0233318308997751,-0.0352178076282143,0.065));
#2274=CARTESIAN_POINT('',(0.0257491184599673,0.067996582211522,0.065));
#2275=CARTESIAN_POINT('',(0.0222491184599673,0.067996582211522,0.065));
#2276=CARTESIAN_POINT('',(0.0292491184599673,0.067996582211522,0.065));
#2277=CARTESIAN_POINT('',(0.0292491184599673,0.071496582211522,0.065));
#2278=CARTESIAN_POINT('',(0.0292491184599673,0.074996582211522,0.065));
#2279=CARTESIAN_POINT('',(0.0257491184599673,0.074996582211522,0.065));
#2280=CARTESIAN_POINT('',(0.0222491184599673,0.074996582211522,0.065));
#2281=CARTESIAN_POINT('',(0.0222491184599673,0.071496582211522,0.065));
#2282=CARTESIAN_POINT('',(-0.0069628699851362,-0.09,0.065));
#2283=CARTESIAN_POINT('',(-0.0047128699851362,-0.09,0.065));
#2284=CARTESIAN_POINT('',(0.0394297983702553,-0.09,0.065));
#2285=CARTESIAN_POINT('',(0.0416797983702553,-0.09,0.065));
#2286=CARTESIAN_POINT('',(0.106773200569014,-0.0470956861972809,0.065));
#2287=CARTESIAN_POINT('',(0.109023200569014,-0.0470956861972809,0.065));
#2288=CARTESIAN_POINT('',(0.106773200569014,0.0470956861972809,0.065));
#2289=CARTESIAN_POINT('',(0.109023200569014,0.0470956861972809,0.065));
#2290=CARTESIAN_POINT('',(0.0394297983702553,0.09,0.065));
#2291=CARTESIAN_POINT('',(0.0416797983702553,0.09,0.065));
#2292=CARTESIAN_POINT('',(-0.00696286998513619,0.09,0.065));
#2293=CARTESIAN_POINT('',(-0.00471286998513619,0.09,0.065));
#2294=CARTESIAN_POINT('',(0.0908006314647909,-0.00970273506194647,0.065));
#2295=CARTESIAN_POINT('',(0.0925506314647909,-0.00970273506194647,0.065));
#2296=CARTESIAN_POINT('',(0.0908006314647909,-0.0497027350619477,0.065));
#2297=CARTESIAN_POINT('',(0.0925506314647909,-0.0497027350619477,0.065));
#2298=CARTESIAN_POINT('',(0.0508006314647896,-0.0497027350619477,0.065));
#2299=CARTESIAN_POINT('',(0.0525506314647896,-0.0497027350619477,0.065));
#2300=CARTESIAN_POINT('',(0.0313017454776872,-0.0636846078362493,0.065));
#2301=CARTESIAN_POINT('',(0.0330517454776873,-0.0636846078362493,0.065));
#2302=CARTESIAN_POINT('',(0.0363433524675773,0.0161718808881981,0.065));
#2303=CARTESIAN_POINT('',(0.0380933524675773,0.0161718808881981,0.065));
#2304=CARTESIAN_POINT('',(0.0538433524675778,0.0533718808881992,0.065));
#2305=CARTESIAN_POINT('',(0.0555933524675778,0.0533718808881992,0.065));
#2306=CARTESIAN_POINT('',(-0.00589825452231401,-0.0461846078362487,0.065));
#2307=CARTESIAN_POINT('',(-0.00414825452231401,-0.0461846078362487,0.065));
#2308=CARTESIAN_POINT('',(0.0508006314647896,-0.00970273506194647,0.065));
#2309=CARTESIAN_POINT('',(0.0525506314647896,-0.00970273506194647,0.065));
#2310=CARTESIAN_POINT('',(0.0303433524675674,0.060671880888195,0.065));
#2311=CARTESIAN_POINT('',(0.0323433524675674,0.060671880888195,0.065));
#2312=CARTESIAN_POINT('',(-0.0238648727536202,0.,0.065));
#2313=CARTESIAN_POINT('',(-0.0238648727536202,-0.085,0.065));
#2314=CARTESIAN_POINT('',(-0.0238648727536202,0.085,0.065));
#2315=CARTESIAN_POINT('',(-0.0138648727536201,0.085,0.065));
#2316=CARTESIAN_POINT('',(-0.0138648727536201,0.095,0.065));
#2317=CARTESIAN_POINT('',(0.0719297983702553,0.095,0.065));
#2318=CARTESIAN_POINT('',(0.104429798370255,0.095,0.065));
#2319=CARTESIAN_POINT('',(0.104429798370255,0.085,0.065));
#2320=CARTESIAN_POINT('',(0.114429798370255,0.085,0.065));
#2321=CARTESIAN_POINT('',(0.114429798370255,0.,0.065));
#2322=CARTESIAN_POINT('',(0.114429798370255,-0.085,0.065));
#2323=CARTESIAN_POINT('',(0.104429798370255,-0.085,0.065));
#2324=CARTESIAN_POINT('',(0.104429798370255,-0.095,0.065));
#2325=CARTESIAN_POINT('',(-0.0255702016297447,-0.095,0.065));
#2326=CARTESIAN_POINT('',(-0.0138648727536201,-0.095,0.065));
#2327=CARTESIAN_POINT('',(-0.0138648727536201,-0.085,0.065));
#2328=CARTESIAN_POINT('',(-0.0181982545223124,-0.0446846078362332,0.065));
#2329=CARTESIAN_POINT('',(-0.0161982545223124,-0.0446846078362332,0.065));
#2330=CARTESIAN_POINT('',(0.0378017454776901,-0.0396846078362487,0.065));
#2331=CARTESIAN_POINT('',(0.0398017454776901,-0.0396846078362487,0.065));
#2332=CARTESIAN_POINT('',(0.0303433524675771,0.00967188088819339,0.065));
#2333=CARTESIAN_POINT('',(0.0323433524675771,0.00967188088819339,0.065));
#2334=CARTESIAN_POINT('',(0.0553433524675654,0.00467188088819472,0.065));
#2335=CARTESIAN_POINT('',(0.0573433524675654,0.00467188088819472,0.065));
#2336=CARTESIAN_POINT('',(0.0413017454776894,-0.0661846078362373,0.065));
#2337=CARTESIAN_POINT('',(0.0433017454776894,-0.0661846078362373,0.065));
#2338=CARTESIAN_POINT('',(0.0314596172274626,-0.00410273506194636,0.065));
#2339=CARTESIAN_POINT('',(0.0374596172274626,-0.00410273506194636,0.065));
#2340=CARTESIAN_POINT('',(0.0254596172274625,-0.00410273506194636,0.065));
#2341=CARTESIAN_POINT('',(0.0254596172274625,-0.0126027350619464,0.065));
#2342=CARTESIAN_POINT('',(0.0254596172274625,-0.0211027350619463,0.065));
#2343=CARTESIAN_POINT('',(0.0314596172274626,-0.0211027350619463,0.065));
#2344=CARTESIAN_POINT('',(0.0374596172274626,-0.0211027350619463,0.065));
#2345=CARTESIAN_POINT('',(0.0374596172274626,-0.0126027350619464,0.065));
#2346=CARTESIAN_POINT('',(0.0765506314647839,-0.0600027350619487,0.065));
#2347=CARTESIAN_POINT('',(0.0765506314647843,-0.0560027350619493,0.065));
#2348=CARTESIAN_POINT('',(0.0765506314647887,-0.0640027350619506,0.065));
#2349=CARTESIAN_POINT('',(0.0708006314647739,-0.05600273506195,0.065));
#2350=CARTESIAN_POINT('',(0.0535506314647843,-0.0560027350619493,0.065));
#2351=CARTESIAN_POINT('',(0.0535506314647839,-0.0600027350619487,0.065));
#2352=CARTESIAN_POINT('',(0.0535506314647835,-0.0640027350619482,0.065));
#2353=CARTESIAN_POINT('',(0.0650506314647861,-0.0640027350619494,0.065));
#2354=CARTESIAN_POINT('',(0.0553433524675659,0.0656718808881995,0.065));
#2355=CARTESIAN_POINT('',(0.0573433524675659,0.0656718808881995,0.065));
#2356=CARTESIAN_POINT('',(-0.0181982545223143,-0.0646846078362346,0.065));
#2357=CARTESIAN_POINT('',(-0.0161982545223143,-0.0646846078362346,0.065));
#2358=CARTESIAN_POINT('',(0.0692036945903996,-0.00260273506194636,0.065));
#2359=CARTESIAN_POINT('',(0.0692036945903996,-0.00610273506194636,0.065));
#2360=CARTESIAN_POINT('',(0.0692036945903996,0.00089726493805364,0.065));
#2361=CARTESIAN_POINT('',(0.0677036945903996,0.000897264938053641,0.065));
#2362=CARTESIAN_POINT('',(0.0530436945903992,0.000897264938053641,0.065));
#2363=CARTESIAN_POINT('',(0.0530436945903992,-0.00260273506194636,0.065));
#2364=CARTESIAN_POINT('',(0.0530436945903992,-0.00610273506194636,0.065));
#2365=CARTESIAN_POINT('',(0.0545436945903992,-0.00610273506194636,0.065));
#2366=CARTESIAN_POINT('',(0.0719297983702553,0.095,0.071));
#2367=CARTESIAN_POINT('',(-0.0138648727536201,0.095,0.071));
#2368=CARTESIAN_POINT('',(0.104429798370255,0.095,0.071));
#2369=CARTESIAN_POINT('',(-0.0255702016297447,-0.095,0.071));
#2370=CARTESIAN_POINT('',(-0.0138648727536201,-0.095,0.065));
#2371=CARTESIAN_POINT('',(0.104429798370255,-0.095,0.071));
#2372=CARTESIAN_POINT('',(0.104429798370255,-0.085,0.071));
#2373=CARTESIAN_POINT('',(0.114429798370255,-0.085,0.071));
#2374=CARTESIAN_POINT('',(0.114429798370255,0.,0.071));
#2375=CARTESIAN_POINT('',(0.114429798370255,0.085,0.071));
#2376=CARTESIAN_POINT('',(0.104429798370255,0.085,0.071));
#2377=CARTESIAN_POINT('',(-0.0238648727536202,0.,0.046));
#2378=CARTESIAN_POINT('',(-0.0238648727536202,0.085,0.065));
#2379=CARTESIAN_POINT('',(-0.0238648727536202,-0.085,0.071));
#2380=CARTESIAN_POINT('',(-0.0138648727536201,0.085,0.071));
#2381=CARTESIAN_POINT('',(-0.0138648727536201,-0.085,0.046));
#2382=CARTESIAN_POINT('',(-0.0181982545223124,-0.0446846078362332,0.064998));
#2383=CARTESIAN_POINT('',(0.0378017454776901,-0.0396846078362487,0.064998));
#2384=CARTESIAN_POINT('',(0.0303433524675771,0.00967188088819339,0.064998));
#2385=CARTESIAN_POINT('',(0.0553433524675654,0.00467188088819472,0.064998));
#2386=CARTESIAN_POINT('',(0.0413017454776894,-0.0661846078362373,0.064998));
#2387=CARTESIAN_POINT('',(0.0254596172274625,-0.0126027350619464,0.064998));
#2388=CARTESIAN_POINT('',(0.0254596172274625,-0.00410273506194636,0.064998));
#2389=CARTESIAN_POINT('',(0.0254596172274625,-0.0211027350619463,0.064998));
#2390=CARTESIAN_POINT('',(0.0314596172274626,-0.00410273506194636,0.064998));
#2391=CARTESIAN_POINT('',(0.0374596172274626,-0.00410273506194636,0.064998));
#2392=CARTESIAN_POINT('',(0.0314596172274626,-0.0211027350619463,0.064998));
#2393=CARTESIAN_POINT('',(0.0374596172274626,-0.0211027350619463,0.064998));
#2394=CARTESIAN_POINT('',(0.0374596172274626,-0.0126027350619464,0.064998));
#2395=CARTESIAN_POINT('',(0.0708006314647739,-0.05600273506195,0.064998));
#2396=CARTESIAN_POINT('',(0.0765506314647843,-0.0560027350619493,0.064998));
#2397=CARTESIAN_POINT('',(0.0535506314647843,-0.0560027350619493,0.064998));
#2398=CARTESIAN_POINT('',(0.0535506314647839,-0.0600027350619487,0.064998));
#2399=CARTESIAN_POINT('',(0.0535506314647835,-0.0640027350619482,0.064998));
#2400=CARTESIAN_POINT('',(0.0765506314647839,-0.0600027350619487,0.064998));
#2401=CARTESIAN_POINT('',(0.0765506314647887,-0.0640027350619506,0.064998));
#2402=CARTESIAN_POINT('',(0.0650506314647861,-0.0640027350619494,0.064998));
#2403=CARTESIAN_POINT('',(0.0553433524675659,0.0656718808881995,0.064998));
#2404=CARTESIAN_POINT('',(-0.0181982545223143,-0.0646846078362346,0.064998));
#2405=CARTESIAN_POINT('',(0.0692036945903996,-0.00260273506194636,0.064998));
#2406=CARTESIAN_POINT('',(0.0692036945903996,-0.00610273506194636,0.064998));
#2407=CARTESIAN_POINT('',(0.0692036945903996,0.00089726493805364,0.064998));
#2408=CARTESIAN_POINT('',(0.0677036945903996,0.000897264938053641,0.064998));
#2409=CARTESIAN_POINT('',(0.0530436945903992,0.000897264938053641,0.064998));
#2410=CARTESIAN_POINT('',(0.0545436945903992,-0.00610273506194636,0.064998));
#2411=CARTESIAN_POINT('',(0.0530436945903992,-0.00610273506194636,0.064998));
#2412=CARTESIAN_POINT('',(0.0530436945903992,-0.00260273506194636,0.064998));
#2413=CARTESIAN_POINT('',(0.0303433524675674,0.060671880888195,0.064998));
#2414=CARTESIAN_POINT('',(0.0508006314647896,-0.00970273506194647,0.064998));
#2415=CARTESIAN_POINT('',(-0.00589825452231401,-0.0461846078362487,0.064998));
#2416=CARTESIAN_POINT('',(0.0538433524675778,0.0533718808881992,0.064998));
#2417=CARTESIAN_POINT('',(0.0363433524675773,0.0161718808881981,0.064998));
#2418=CARTESIAN_POINT('',(0.0313017454776872,-0.0636846078362493,0.064998));
#2419=CARTESIAN_POINT('',(0.0508006314647896,-0.0497027350619477,0.064998));
#2420=CARTESIAN_POINT('',(0.0908006314647909,-0.0497027350619477,0.064998));
#2421=CARTESIAN_POINT('',(0.0908006314647909,-0.00970273506194647,0.064998));
#2422=CARTESIAN_POINT('',(0.025546235463767,0.0426718808881965,0.07));
#2423=CARTESIAN_POINT('',(0.025546235463767,0.0426718808881965,0.07));
#2424=CARTESIAN_POINT('',(0.028296235463767,0.0426718808881965,0.07));
#2425=CARTESIAN_POINT('',(0.0452824628083176,0.,0.07));
#2426=CARTESIAN_POINT('',(0.025546235463767,0.0426718808881965,0.07));
#2427=CARTESIAN_POINT('',(0.027996235463767,0.0426718808881965,0.07));
#2428=CARTESIAN_POINT('',(0.025546235463767,0.0276718808881961,0.07));
#2429=CARTESIAN_POINT('',(0.025546235463767,0.0276718808881961,0.07));
#2430=CARTESIAN_POINT('',(0.028296235463767,0.0276718808881961,0.07));
#2431=CARTESIAN_POINT('',(0.0452824628083176,0.,0.07));
#2432=CARTESIAN_POINT('',(0.025546235463767,0.0276718808881961,0.07));
#2433=CARTESIAN_POINT('',(0.027996235463767,0.0276718808881961,0.07));
#2434=CARTESIAN_POINT('',(0.00724911845996687,-0.0326873384144526,0.07));
#2435=CARTESIAN_POINT('',(0.00724911845996687,-0.0326873384144526,0.07));
#2436=CARTESIAN_POINT('',(0.00999911845996687,-0.0326873384144526,0.07));
#2437=CARTESIAN_POINT('',(0.0452824628083176,0.,0.07));
#2438=CARTESIAN_POINT('',(0.00724911845996687,-0.0326873384144526,0.07));
#2439=CARTESIAN_POINT('',(0.00969911845996687,-0.0326873384144526,0.07));
#2440=CARTESIAN_POINT('',(-0.00775088154003365,-0.0326873384144526,0.07));
#2441=CARTESIAN_POINT('',(-0.00775088154003365,-0.0326873384144526,0.07));
#2442=CARTESIAN_POINT('',(-0.00500088154003365,-0.0326873384144526,0.07));
#2443=CARTESIAN_POINT('',(0.0452824628083176,0.,0.07));
#2444=CARTESIAN_POINT('',(-0.00775088154003365,-0.0326873384144526,0.07));
#2445=CARTESIAN_POINT('',(-0.00530088154003365,-0.0326873384144526,0.07));
#2446=CARTESIAN_POINT('',(0.0452824628083176,0.,0.067));
#2447=CARTESIAN_POINT('',(0.025546235463767,0.0426718808881965,0.067));
#2448=CARTESIAN_POINT('',(0.027996235463767,0.0426718808881965,0.067));
#2449=CARTESIAN_POINT('',(0.025546235463767,0.0426718808881965,0.067));
#2450=CARTESIAN_POINT('',(0.0452824628083176,0.,0.067));
#2451=CARTESIAN_POINT('',(0.025546235463767,0.0276718808881961,0.067));
#2452=CARTESIAN_POINT('',(0.027996235463767,0.0276718808881961,0.067));
#2453=CARTESIAN_POINT('',(0.025546235463767,0.0276718808881961,0.067));
#2454=CARTESIAN_POINT('',(0.0452824628083176,0.,0.067));
#2455=CARTESIAN_POINT('',(0.00724911845996687,-0.0326873384144526,0.067));
#2456=CARTESIAN_POINT('',(0.00969911845996687,-0.0326873384144526,0.067));
#2457=CARTESIAN_POINT('',(0.00724911845996687,-0.0326873384144526,0.067));
#2458=CARTESIAN_POINT('',(0.0452824628083176,0.,0.067));
#2459=CARTESIAN_POINT('',(-0.00775088154003365,-0.0326873384144526,0.067));
#2460=CARTESIAN_POINT('',(-0.00530088154003365,-0.0326873384144526,0.067));
#2461=CARTESIAN_POINT('',(-0.00775088154003365,-0.0326873384144526,0.067));
#2462=CARTESIAN_POINT('',(-0.00696286998513619,0.09,0.064998));
#2463=CARTESIAN_POINT('',(0.0394297983702553,0.09,0.064998));
#2464=CARTESIAN_POINT('',(0.106773200569014,0.0470956861972809,0.064998));
#2465=CARTESIAN_POINT('',(0.106773200569014,-0.0470956861972809,0.064998));
#2466=CARTESIAN_POINT('',(0.0394297983702553,-0.09,0.064998));
#2467=CARTESIAN_POINT('',(-0.0069628699851362,-0.09,0.064998));
#2468=CARTESIAN_POINT('',(0.0292491184599673,0.071496582211522,0.064998));
#2469=CARTESIAN_POINT('',(0.0292491184599673,0.067996582211522,0.064998));
#2470=CARTESIAN_POINT('',(0.0292491184599673,0.074996582211522,0.064998));
#2471=CARTESIAN_POINT('',(0.0257491184599673,0.067996582211522,0.064998));
#2472=CARTESIAN_POINT('',(0.0222491184599673,0.067996582211522,0.064998));
#2473=CARTESIAN_POINT('',(0.0257491184599673,0.074996582211522,0.064998));
#2474=CARTESIAN_POINT('',(0.0222491184599673,0.074996582211522,0.064998));
#2475=CARTESIAN_POINT('',(0.0222491184599673,0.071496582211522,0.064998));
#2476=CARTESIAN_POINT('',(0.0484840391986634,0.09,0.07));
#2477=CARTESIAN_POINT('',(0.0484840391986634,0.09,0.07));
#2478=CARTESIAN_POINT('',(0.0512340391986634,0.09,0.07));
#2479=CARTESIAN_POINT('',(0.0452824628083176,0.,0.07));
#2480=CARTESIAN_POINT('',(0.0484840391986634,0.09,0.07));
#2481=CARTESIAN_POINT('',(0.0509340391986634,0.09,0.07));
#2482=CARTESIAN_POINT('',(0.0903755575418472,0.09,0.07));
#2483=CARTESIAN_POINT('',(0.0903755575418472,0.09,0.07));
#2484=CARTESIAN_POINT('',(0.0931255575418472,0.09,0.07));
#2485=CARTESIAN_POINT('',(0.0452824628083176,0.,0.07));
#2486=CARTESIAN_POINT('',(0.0903755575418472,0.09,0.07));
#2487=CARTESIAN_POINT('',(0.0928255575418472,0.09,0.07));
#2488=CARTESIAN_POINT('',(0.106773200569014,0.0310481823980808,0.07));
#2489=CARTESIAN_POINT('',(0.106773200569014,0.0310481823980808,0.07));
#2490=CARTESIAN_POINT('',(0.109523200569014,0.0310481823980808,0.07));
#2491=CARTESIAN_POINT('',(0.0452824628083176,0.,0.07));
#2492=CARTESIAN_POINT('',(0.106773200569014,0.0310481823980808,0.07));
#2493=CARTESIAN_POINT('',(0.109223200569014,0.0310481823980808,0.07));
#2494=CARTESIAN_POINT('',(0.106773200569014,-0.0310481823980808,0.07));
#2495=CARTESIAN_POINT('',(0.106773200569014,-0.0310481823980808,0.07));
#2496=CARTESIAN_POINT('',(0.109523200569014,-0.0310481823980808,0.07));
#2497=CARTESIAN_POINT('',(0.0452824628083176,0.,0.07));
#2498=CARTESIAN_POINT('',(0.106773200569014,-0.0310481823980808,0.07));
#2499=CARTESIAN_POINT('',(0.109223200569014,-0.0310481823980808,0.07));
#2500=CARTESIAN_POINT('',(0.0903755575418472,-0.09,0.07));
#2501=CARTESIAN_POINT('',(0.0903755575418472,-0.09,0.07));
#2502=CARTESIAN_POINT('',(0.0931255575418472,-0.09,0.07));
#2503=CARTESIAN_POINT('',(0.0452824628083176,0.,0.07));
#2504=CARTESIAN_POINT('',(0.0903755575418472,-0.09,0.07));
#2505=CARTESIAN_POINT('',(0.0928255575418472,-0.09,0.07));
#2506=CARTESIAN_POINT('',(0.0484840391986634,-0.09,0.07));
#2507=CARTESIAN_POINT('',(0.0484840391986634,-0.09,0.07));
#2508=CARTESIAN_POINT('',(0.0512340391986634,-0.09,0.07));
#2509=CARTESIAN_POINT('',(0.0452824628083176,0.,0.07));
#2510=CARTESIAN_POINT('',(0.0484840391986634,-0.09,0.07));
#2511=CARTESIAN_POINT('',(0.0509340391986634,-0.09,0.07));
#2512=CARTESIAN_POINT('',(0.0452824628083176,0.,0.067));
#2513=CARTESIAN_POINT('',(0.0484840391986634,0.09,0.067));
#2514=CARTESIAN_POINT('',(0.0509340391986634,0.09,0.067));
#2515=CARTESIAN_POINT('',(0.0484840391986634,0.09,0.067));
#2516=CARTESIAN_POINT('',(0.0452824628083176,0.,0.067));
#2517=CARTESIAN_POINT('',(0.0903755575418472,0.09,0.067));
#2518=CARTESIAN_POINT('',(0.0928255575418472,0.09,0.067));
#2519=CARTESIAN_POINT('',(0.0903755575418472,0.09,0.067));
#2520=CARTESIAN_POINT('',(0.0452824628083176,0.,0.067));
#2521=CARTESIAN_POINT('',(0.106773200569014,0.0310481823980808,0.067));
#2522=CARTESIAN_POINT('',(0.109223200569014,0.0310481823980808,0.067));
#2523=CARTESIAN_POINT('',(0.106773200569014,0.0310481823980808,0.067));
#2524=CARTESIAN_POINT('',(0.0452824628083176,0.,0.067));
#2525=CARTESIAN_POINT('',(0.106773200569014,-0.0310481823980808,0.067));
#2526=CARTESIAN_POINT('',(0.109223200569014,-0.0310481823980808,0.067));
#2527=CARTESIAN_POINT('',(0.106773200569014,-0.0310481823980808,0.067));
#2528=CARTESIAN_POINT('',(0.0452824628083176,0.,0.067));
#2529=CARTESIAN_POINT('',(0.0903755575418472,-0.09,0.067));
#2530=CARTESIAN_POINT('',(0.0928255575418472,-0.09,0.067));
#2531=CARTESIAN_POINT('',(0.0903755575418472,-0.09,0.067));
#2532=CARTESIAN_POINT('',(0.0452824628083176,0.,0.067));
#2533=CARTESIAN_POINT('',(0.0484840391986634,-0.09,0.067));
#2534=CARTESIAN_POINT('',(0.0509340391986634,-0.09,0.067));
#2535=CARTESIAN_POINT('',(0.0484840391986634,-0.09,0.067));
#2536=CARTESIAN_POINT('',(0.0233318308997751,-0.0352178076282143,0.064998));
#2537=CARTESIAN_POINT('',(0.0233318308997751,-0.0409678076282144,0.064998));
#2538=CARTESIAN_POINT('',(0.0233318308997751,-0.0294678076282144,0.064998));
#2539=CARTESIAN_POINT('',(0.019831830899775,-0.0409678076282144,0.064998));
#2540=CARTESIAN_POINT('',(0.016331830899775,-0.0409678076282144,0.064998));
#2541=CARTESIAN_POINT('',(0.019831830899775,-0.0294678076282144,0.064998));
#2542=CARTESIAN_POINT('',(0.016331830899775,-0.0294678076282144,0.064998));
#2543=CARTESIAN_POINT('',(0.016331830899775,-0.0352178076282143,0.064998));
#2544=MECHANICAL_DESIGN_GEOMETRIC_PRESENTATION_REPRESENTATION('',(#1501),
#2545);
#2545=(
GEOMETRIC_REPRESENTATION_CONTEXT(3)
GLOBAL_UNCERTAINTY_ASSIGNED_CONTEXT((#2546))
GLOBAL_UNIT_ASSIGNED_CONTEXT((#2549,#2548,#2547))
REPRESENTATION_CONTEXT('Part 2','TOP_LEVEL_ASSEMBLY_PART')
);
#2546=UNCERTAINTY_MEASURE_WITH_UNIT(LENGTH_MEASURE(1.E-8),#2549,
'DISTANCE_ACCURACY_VALUE','Maximum Tolerance applied to model');
#2547=(
NAMED_UNIT(*)
SI_UNIT($,.STERADIAN.)
SOLID_ANGLE_UNIT()
);
#2548=(
NAMED_UNIT(*)
PLANE_ANGLE_UNIT()
SI_UNIT($,.RADIAN.)
);
#2549=(
LENGTH_UNIT()
NAMED_UNIT(*)
SI_UNIT($,.METRE.)
);
#2550=PRODUCT_DEFINITION_SHAPE('','',#2551);
#2551=PRODUCT_DEFINITION('','',#2553,#2552);
#2552=PRODUCT_DEFINITION_CONTEXT('',#2559,'design');
#2553=PRODUCT_DEFINITION_FORMATION_WITH_SPECIFIED_SOURCE('','',#2555,
 .NOT_KNOWN.);
#2554=PRODUCT_RELATED_PRODUCT_CATEGORY('','',(#2555));
#2555=PRODUCT('Part 2','Part 2','Part 2',(#2557));
#2556=PRODUCT_CATEGORY('','');
#2557=PRODUCT_CONTEXT('',#2559,'mechanical');
#2558=APPLICATION_PROTOCOL_DEFINITION('international standard',
'ap242_managed_model_based_3d_engineering',2020,#2559);
#2559=APPLICATION_CONTEXT('managed model based 3d engineering');
ENDSEC;
END-ISO-10303-21;
