ISO-10303-21;
HEADER;
/* Generated by software containing ST-Developer
 * from STEP Tools, Inc. (www.steptools.com) 
 */
/* OPTION: using custom renumber hook */

FILE_DESCRIPTION(
/* description */ ('STEP AP242 Edition 2',
'CAx-IF Rec.Pracs.---Representation and Presentation of Product Manufa
cturing Information (PMI)---4.0---2014-10-13',
'CAx-IF Rec.Pracs.---3D Tessellated Geometry---0.4---2014-09-14','2;1',
'CAx-IF Rec.Pracs.---User Defined Attributes---1.5---2016-08-15'),
/* implementation_level */ '2;1');

FILE_NAME(
/* name */ 'Part Studio 1 - Part 1',
/* time_stamp */ '2026-09-08T01:14:51Z',
/* author */ (''),
/* organization */ (''),
/* preprocessor_version */ 'ST-DEVELOPER v20',
/* originating_system */ 'ONSHAPE BY PTC INC, 1.220',
/* authorisation */ '  ');

FILE_SCHEMA (('AP242_MANAGED_MODEL_BASED_3D_ENGINEERING_MIM_LF { 1 0 10303 442 3 1 4 }'));
ENDSEC;

DATA;
#10=SHAPE_REPRESENTATION_RELATIONSHIP('','',#419,#11);
#11=ADVANCED_BREP_SHAPE_REPRESENTATION('',(#417),#1455);
#12=CONICAL_SURFACE('',#455,0.00175,0.785398152141025);
#13=CONICAL_SURFACE('',#457,0.00175,0.785398152141023);
#14=B_SPLINE_CURVE_WITH_KNOTS('',3,(#1043,#1044,#1045,#1046),
 .UNSPECIFIED.,.F.,.F.,(4,4),(0.,0.00128755325111979),.UNSPECIFIED.);
#15=B_SPLINE_CURVE_WITH_KNOTS('',3,(#1150,#1151,#1152,#1153,#1154,#1155,
#1156),.UNSPECIFIED.,.F.,.F.,(4,1,1,1,4),(3.57663490907634E-18,0.00117722273866099,
0.00235444547732197,0.00353166821598295,0.00470889095464394),
 .UNSPECIFIED.);
#16=B_SPLINE_CURVE_WITH_KNOTS('',3,(#1274,#1275,#1276,#1277),
 .UNSPECIFIED.,.F.,.F.,(4,4),(7.84905465177789E-18,0.00128564930681575),
 .UNSPECIFIED.);
#17=B_SPLINE_CURVE_WITH_KNOTS('',3,(#1444,#1445,#1446,#1447,#1448,#1449,
#1450),.UNSPECIFIED.,.F.,.F.,(4,1,1,1,4),(7.64397565523862E-17,0.00117929566809464,
0.0023585913361892,0.00353788700428376,0.00471718267237833),
 .UNSPECIFIED.);
#18=(
BOUNDED_SURFACE()
B_SPLINE_SURFACE(1,2,((#878,#879,#880,#881,#882,#883,#884,#885,#886,#887,
#888,#889,#890,#891,#892,#893,#894,#895,#896,#897,#898,#899,#900,#901,#902,
#903,#904,#905,#906,#907,#908,#909,#910,#911,#912,#913,#914,#915,#916,#917,
#918,#919,#920,#921,#922,#923,#924,#925,#926,#927,#928),(#929,#930,#931,
#932,#933,#934,#935,#936,#937,#938,#939,#940,#941,#942,#943,#944,#945,#946,
#947,#948,#949,#950,#951,#952,#953,#954,#955,#956,#957,#958,#959,#960,#961,
#962,#963,#964,#965,#966,#967,#968,#969,#970,#971,#972,#973,#974,#975,#976,
#977,#978,#979)),.UNSPECIFIED.,.F.,.F.,.F.)
B_SPLINE_SURFACE_WITH_KNOTS((2,2),(3,2,2,2,2,2,2,2,2,2,2,2,2,2,2,2,2,2,
2,2,2,2,2,2,2,3),(0.,1.),(0.188441207017168,0.2,0.233333333333334,0.266666666666666,
0.3,0.333333333333334,0.366666666666666,0.4,0.433333333333334,0.466666666666667,
0.5,0.533333333333333,0.566666666666667,0.6,0.633333333333333,0.666666666666667,
0.7,0.733333333333333,0.766666666666667,0.8,0.833333333333333,0.866666666666667,
0.9,0.933333333333333,0.966666666666667,1.),.PIECEWISE_BEZIER_KNOTS.)
GEOMETRIC_REPRESENTATION_ITEM()
RATIONAL_B_SPLINE_SURFACE(((0.939304506967698,0.953542461321573,1.,0.866025403784439,
1.,0.866025403784439,1.,0.866025403784439,1.,0.866025403784439,1.,0.866025403784439,
1.,0.866025403784439,1.,0.866025403784439,1.,0.866025403784439,1.,0.866025403784439,
1.,0.866025403784439,1.,0.866025403784439,1.,0.866025403784439,1.,0.866025403784439,
1.,0.866025403784439,1.,0.866025403784439,1.,0.866025403784439,1.,0.866025403784439,
1.,0.866025403784439,1.,0.866025403784439,1.,0.866025403784439,1.,0.866025403784439,
1.,0.866025403784439,1.,0.866025403784439,1.,0.866025403784439,1.),(0.939304506967698,
0.953542461321573,1.,0.866025403784439,1.,0.866025403784439,1.,0.866025403784439,
1.,0.866025403784439,1.,0.866025403784439,1.,0.866025403784439,1.,0.866025403784439,
1.,0.866025403784439,1.,0.866025403784439,1.,0.866025403784439,1.,0.866025403784439,
1.,0.866025403784439,1.,0.866025403784439,1.,0.866025403784439,1.,0.866025403784439,
1.,0.866025403784439,1.,0.866025403784439,1.,0.866025403784439,1.,0.866025403784439,
1.,0.866025403784439,1.,0.866025403784439,1.,0.866025403784439,1.,0.866025403784439,
1.,0.866025403784439,1.)))
REPRESENTATION_ITEM('')
SURFACE()
);
#19=(
BOUNDED_SURFACE()
B_SPLINE_SURFACE(1,2,((#1048,#1049,#1050,#1051,#1052,#1053,#1054,#1055,
#1056,#1057,#1058,#1059,#1060,#1061,#1062,#1063,#1064,#1065,#1066,#1067,
#1068,#1069,#1070,#1071,#1072,#1073,#1074,#1075,#1076,#1077,#1078,#1079,
#1080,#1081,#1082,#1083,#1084,#1085,#1086,#1087,#1088,#1089,#1090,#1091,
#1092,#1093,#1094,#1095,#1096,#1097,#1098),(#1099,#1100,#1101,#1102,#1103,
#1104,#1105,#1106,#1107,#1108,#1109,#1110,#1111,#1112,#1113,#1114,#1115,
#1116,#1117,#1118,#1119,#1120,#1121,#1122,#1123,#1124,#1125,#1126,#1127,
#1128,#1129,#1130,#1131,#1132,#1133,#1134,#1135,#1136,#1137,#1138,#1139,
#1140,#1141,#1142,#1143,#1144,#1145,#1146,#1147,#1148,#1149)),
 .UNSPECIFIED.,.F.,.F.,.F.)
B_SPLINE_SURFACE_WITH_KNOTS((2,2),(3,2,2,2,2,2,2,2,2,2,2,2,2,2,2,2,2,2,
2,2,2,2,2,2,2,3),(0.,1.),(0.18844120701716,0.2,0.233333333333334,0.266666666666666,
0.3,0.333333333333334,0.366666666666666,0.4,0.433333333333334,0.466666666666667,
0.5,0.533333333333333,0.566666666666667,0.6,0.633333333333333,0.666666666666667,
0.7,0.733333333333333,0.766666666666667,0.8,0.833333333333333,0.866666666666667,
0.9,0.933333333333333,0.966666666666667,1.),.PIECEWISE_BEZIER_KNOTS.)
GEOMETRIC_REPRESENTATION_ITEM()
RATIONAL_B_SPLINE_SURFACE(((0.93930450696768,0.953542461321544,1.,0.866025403784439,
1.,0.866025403784439,1.,0.866025403784439,1.,0.866025403784439,1.,0.866025403784439,
1.,0.866025403784439,1.,0.866025403784439,1.,0.866025403784439,1.,0.866025403784439,
1.,0.866025403784439,1.,0.866025403784439,1.,0.866025403784439,1.,0.866025403784439,
1.,0.866025403784439,1.,0.866025403784439,1.,0.866025403784439,1.,0.866025403784439,
1.,0.866025403784439,1.,0.866025403784439,1.,0.866025403784439,1.,0.866025403784439,
1.,0.866025403784439,1.,0.866025403784439,1.,0.866025403784439,1.),(0.93930450696768,
0.953542461321544,1.,0.866025403784439,1.,0.866025403784439,1.,0.866025403784439,
1.,0.866025403784439,1.,0.866025403784439,1.,0.866025403784439,1.,0.866025403784439,
1.,0.866025403784439,1.,0.866025403784439,1.,0.866025403784439,1.,0.866025403784439,
1.,0.866025403784439,1.,0.866025403784439,1.,0.866025403784439,1.,0.866025403784439,
1.,0.866025403784439,1.,0.866025403784439,1.,0.866025403784439,1.,0.866025403784439,
1.,0.866025403784439,1.,0.866025403784439,1.,0.866025403784439,1.,0.866025403784439,
1.,0.866025403784439,1.)))
REPRESENTATION_ITEM('')
SURFACE()
);
#20=(
BOUNDED_SURFACE()
B_SPLINE_SURFACE(1,2,((#1172,#1173,#1174,#1175,#1176,#1177,#1178,#1179,
#1180,#1181,#1182,#1183,#1184,#1185,#1186,#1187,#1188,#1189,#1190,#1191,
#1192,#1193,#1194,#1195,#1196,#1197,#1198,#1199,#1200,#1201,#1202,#1203,
#1204,#1205,#1206,#1207,#1208,#1209,#1210,#1211,#1212,#1213,#1214,#1215,
#1216,#1217,#1218,#1219,#1220,#1221,#1222),(#1223,#1224,#1225,#1226,#1227,
#1228,#1229,#1230,#1231,#1232,#1233,#1234,#1235,#1236,#1237,#1238,#1239,
#1240,#1241,#1242,#1243,#1244,#1245,#1246,#1247,#1248,#1249,#1250,#1251,
#1252,#1253,#1254,#1255,#1256,#1257,#1258,#1259,#1260,#1261,#1262,#1263,
#1264,#1265,#1266,#1267,#1268,#1269,#1270,#1271,#1272,#1273)),
 .UNSPECIFIED.,.F.,.F.,.F.)
B_SPLINE_SURFACE_WITH_KNOTS((2,2),(3,2,2,2,2,2,2,2,2,2,2,2,2,2,2,2,2,2,
2,2,2,2,2,2,2,3),(0.,1.),(0.188441207017577,0.2,0.233333333333334,0.266666666666666,
0.3,0.333333333333334,0.366666666666666,0.4,0.433333333333334,0.466666666666667,
0.5,0.533333333333333,0.566666666666667,0.6,0.633333333333333,0.666666666666667,
0.7,0.733333333333333,0.766666666666667,0.8,0.833333333333333,0.866666666666667,
0.9,0.933333333333333,0.966666666666667,1.),.PIECEWISE_BEZIER_KNOTS.)
GEOMETRIC_REPRESENTATION_ITEM()
RATIONAL_B_SPLINE_SURFACE(((0.939304506968707,0.95354246132322,1.,0.866025403784439,
1.,0.866025403784439,1.,0.866025403784439,1.,0.866025403784439,1.,0.866025403784439,
1.,0.866025403784439,1.,0.866025403784439,1.,0.866025403784439,1.,0.866025403784439,
1.,0.866025403784439,1.,0.866025403784439,1.,0.866025403784439,1.,0.866025403784439,
1.,0.866025403784439,1.,0.866025403784439,1.,0.866025403784439,1.,0.866025403784439,
1.,0.866025403784439,1.,0.866025403784439,1.,0.866025403784439,1.,0.866025403784439,
1.,0.866025403784439,1.,0.866025403784439,1.,0.866025403784439,1.),(0.939304506968707,
0.95354246132322,1.,0.866025403784439,1.,0.866025403784439,1.,0.866025403784439,
1.,0.866025403784439,1.,0.866025403784439,1.,0.866025403784439,1.,0.866025403784439,
1.,0.866025403784439,1.,0.866025403784439,1.,0.866025403784439,1.,0.866025403784439,
1.,0.866025403784439,1.,0.866025403784439,1.,0.866025403784439,1.,0.866025403784439,
1.,0.866025403784439,1.,0.866025403784439,1.,0.866025403784439,1.,0.866025403784439,
1.,0.866025403784439,1.,0.866025403784439,1.,0.866025403784439,1.,0.866025403784439,
1.,0.866025403784439,1.)))
REPRESENTATION_ITEM('')
SURFACE()
);
#21=(
BOUNDED_SURFACE()
B_SPLINE_SURFACE(1,2,((#1342,#1343,#1344,#1345,#1346,#1347,#1348,#1349,
#1350,#1351,#1352,#1353,#1354,#1355,#1356,#1357,#1358,#1359,#1360,#1361,
#1362,#1363,#1364,#1365,#1366,#1367,#1368,#1369,#1370,#1371,#1372,#1373,
#1374,#1375,#1376,#1377,#1378,#1379,#1380,#1381,#1382,#1383,#1384,#1385,
#1386,#1387,#1388,#1389,#1390,#1391,#1392),(#1393,#1394,#1395,#1396,#1397,
#1398,#1399,#1400,#1401,#1402,#1403,#1404,#1405,#1406,#1407,#1408,#1409,
#1410,#1411,#1412,#1413,#1414,#1415,#1416,#1417,#1418,#1419,#1420,#1421,
#1422,#1423,#1424,#1425,#1426,#1427,#1428,#1429,#1430,#1431,#1432,#1433,
#1434,#1435,#1436,#1437,#1438,#1439,#1440,#1441,#1442,#1443)),
 .UNSPECIFIED.,.F.,.F.,.F.)
B_SPLINE_SURFACE_WITH_KNOTS((2,2),(3,2,2,2,2,2,2,2,2,2,2,2,2,2,2,2,2,2,
2,2,2,2,2,2,2,3),(0.,1.),(0.188441207017592,0.2,0.233333333333334,0.266666666666666,
0.3,0.333333333333334,0.366666666666666,0.4,0.433333333333334,0.466666666666667,
0.5,0.533333333333333,0.566666666666667,0.6,0.633333333333333,0.666666666666667,
0.7,0.733333333333333,0.766666666666667,0.8,0.833333333333333,0.866666666666667,
0.9,0.933333333333333,0.966666666666667,1.),.PIECEWISE_BEZIER_KNOTS.)
GEOMETRIC_REPRESENTATION_ITEM()
RATIONAL_B_SPLINE_SURFACE(((0.939304506968744,0.953542461323279,1.,0.866025403784439,
1.,0.866025403784439,1.,0.866025403784439,1.,0.866025403784439,1.,0.866025403784439,
1.,0.866025403784439,1.,0.866025403784439,1.,0.866025403784439,1.,0.866025403784439,
1.,0.866025403784439,1.,0.866025403784439,1.,0.866025403784439,1.,0.866025403784439,
1.,0.866025403784439,1.,0.866025403784439,1.,0.866025403784439,1.,0.866025403784439,
1.,0.866025403784439,1.,0.866025403784439,1.,0.866025403784439,1.,0.866025403784439,
1.,0.866025403784439,1.,0.866025403784439,1.,0.866025403784439,1.),(0.939304506968744,
0.953542461323279,1.,0.866025403784439,1.,0.866025403784439,1.,0.866025403784439,
1.,0.866025403784439,1.,0.866025403784439,1.,0.866025403784439,1.,0.866025403784439,
1.,0.866025403784439,1.,0.866025403784439,1.,0.866025403784439,1.,0.866025403784439,
1.,0.866025403784439,1.,0.866025403784439,1.,0.866025403784439,1.,0.866025403784439,
1.,0.866025403784439,1.,0.866025403784439,1.,0.866025403784439,1.,0.866025403784439,
1.,0.866025403784439,1.,0.866025403784439,1.,0.866025403784439,1.,0.866025403784439,
1.,0.866025403784439,1.)))
REPRESENTATION_ITEM('')
SURFACE()
);
#22=PLANE('',#424);
#23=PLANE('',#428);
#24=PLANE('',#431);
#25=PLANE('',#434);
#26=PLANE('',#441);
#27=PLANE('',#446);
#28=PLANE('',#447);
#29=PLANE('',#450);
#30=PLANE('',#456);
#31=LINE('',#689,#55);
#32=LINE('',#695,#56);
#33=LINE('',#698,#57);
#34=LINE('',#700,#58);
#35=LINE('',#704,#59);
#36=LINE('',#709,#60);
#37=LINE('',#711,#61);
#38=LINE('',#713,#62);
#39=LINE('',#716,#63);
#40=LINE('',#722,#64);
#41=LINE('',#724,#65);
#42=LINE('',#726,#66);
#43=LINE('',#730,#67);
#44=LINE('',#732,#68);
#45=LINE('',#735,#69);
#46=LINE('',#737,#70);
#47=LINE('',#748,#71);
#48=LINE('',#877,#72);
#49=LINE('',#1047,#73);
#50=LINE('',#1157,#74);
#51=LINE('',#1164,#75);
#52=LINE('',#1165,#76);
#53=LINE('',#1341,#77);
#54=LINE('',#1451,#78);
#55=VECTOR('',#466,1.);
#56=VECTOR('',#473,1.);
#57=VECTOR('',#474,1.);
#58=VECTOR('',#475,1.);
#59=VECTOR('',#480,1.);
#60=VECTOR('',#483,1.);
#61=VECTOR('',#484,1.);
#62=VECTOR('',#485,1.);
#63=VECTOR('',#488,1.);
#64=VECTOR('',#495,1.);
#65=VECTOR('',#496,1.);
#66=VECTOR('',#497,1.);
#67=VECTOR('',#502,1.);
#68=VECTOR('',#503,1.);
#69=VECTOR('',#506,1.);
#70=VECTOR('',#507,1.);
#71=VECTOR('',#522,1.);
#72=VECTOR('',#527,1.);
#73=VECTOR('',#528,1.);
#74=VECTOR('',#529,1.);
#75=VECTOR('',#538,1.);
#76=VECTOR('',#539,1.);
#77=VECTOR('',#552,1.);
#78=VECTOR('',#553,1.);
#79=(
BOUNDED_CURVE()
B_SPLINE_CURVE(2,(#562,#563,#564,#565,#566,#567,#568,#569,#570,#571,#572,
#573,#574,#575,#576,#577,#578,#579,#580,#581,#582,#583,#584,#585,#586,#587,
#588,#589,#590,#591,#592,#593,#594,#595,#596,#597,#598,#599,#600,#601,#602,
#603,#604,#605,#606,#607,#608,#609,#610,#611,#612,#613,#614,#615,#616,#617,
#618,#619,#620,#621,#622),.UNSPECIFIED.,.F.,.F.)
B_SPLINE_CURVE_WITH_KNOTS((3,2,2,2,2,2,2,2,2,2,2,2,2,2,2,2,2,2,2,2,2,2,
2,2,2,2,2,2,2,2,3),(0.,0.0333333333333333,0.0666666666666667,0.1,0.133333333333333,
0.166666666666667,0.2,0.233333333333334,0.266666666666666,0.3,0.333333333333334,
0.366666666666666,0.4,0.433333333333334,0.466666666666667,0.5,0.533333333333333,
0.566666666666667,0.6,0.633333333333333,0.666666666666667,0.7,0.733333333333333,
0.766666666666667,0.8,0.833333333333333,0.866666666666667,0.9,0.933333333333333,
0.966666666666667,1.),.UNSPECIFIED.)
CURVE()
GEOMETRIC_REPRESENTATION_ITEM()
RATIONAL_B_SPLINE_CURVE((1.,0.866025403784439,1.,0.866025403784439,1.,0.866025403784439,
1.,0.866025403784439,1.,0.866025403784439,1.,0.866025403784439,1.,0.866025403784439,
1.,0.866025403784439,1.,0.866025403784439,1.,0.866025403784439,1.,0.866025403784439,
1.,0.866025403784439,1.,0.866025403784439,1.,0.866025403784439,1.,0.866025403784439,
1.,0.866025403784439,1.,0.866025403784439,1.,0.866025403784439,1.,0.866025403784439,
1.,0.866025403784439,1.,0.866025403784439,1.,0.866025403784439,1.,0.866025403784439,
1.,0.866025403784439,1.,0.866025403784439,1.,0.866025403784439,1.,0.866025403784439,
1.,0.866025403784439,1.,0.866025403784439,1.,0.866025403784439,1.))
REPRESENTATION_ITEM('')
);
#80=(
BOUNDED_CURVE()
B_SPLINE_CURVE(2,(#627,#628,#629,#630,#631,#632,#633,#634,#635,#636,#637,
#638,#639,#640,#641,#642,#643,#644,#645,#646,#647,#648,#649,#650,#651,#652,
#653,#654,#655,#656,#657,#658,#659,#660,#661,#662,#663,#664,#665,#666,#667,
#668,#669,#670,#671,#672,#673,#674,#675,#676,#677,#678,#679,#680,#681,#682,
#683,#684,#685,#686,#687),.UNSPECIFIED.,.F.,.F.)
B_SPLINE_CURVE_WITH_KNOTS((3,2,2,2,2,2,2,2,2,2,2,2,2,2,2,2,2,2,2,2,2,2,
2,2,2,2,2,2,2,2,3),(0.,0.0333333333333333,0.0666666666666667,0.1,0.133333333333333,
0.166666666666667,0.2,0.233333333333334,0.266666666666666,0.3,0.333333333333334,
0.366666666666666,0.4,0.433333333333334,0.466666666666667,0.5,0.533333333333333,
0.566666666666667,0.6,0.633333333333333,0.666666666666667,0.7,0.733333333333333,
0.766666666666667,0.8,0.833333333333333,0.866666666666667,0.9,0.933333333333333,
0.966666666666667,1.),.UNSPECIFIED.)
CURVE()
GEOMETRIC_REPRESENTATION_ITEM()
RATIONAL_B_SPLINE_CURVE((1.,0.866025403784439,1.,0.866025403784439,1.,0.866025403784439,
1.,0.866025403784439,1.,0.866025403784439,1.,0.866025403784439,1.,0.866025403784439,
1.,0.866025403784439,1.,0.866025403784439,1.,0.866025403784439,1.,0.866025403784439,
1.,0.866025403784439,1.,0.866025403784439,1.,0.866025403784439,1.,0.866025403784439,
1.,0.866025403784439,1.,0.866025403784439,1.,0.866025403784439,1.,0.866025403784439,
1.,0.866025403784439,1.,0.866025403784439,1.,0.866025403784439,1.,0.866025403784439,
1.,0.866025403784439,1.,0.866025403784439,1.,0.866025403784439,1.,0.866025403784439,
1.,0.866025403784439,1.,0.866025403784439,1.,0.866025403784439,1.))
REPRESENTATION_ITEM('')
);
#81=(
BOUNDED_CURVE()
B_SPLINE_CURVE(2,(#750,#751,#752,#753,#754,#755,#756,#757,#758,#759,#760,
#761,#762,#763,#764,#765,#766,#767,#768,#769,#770,#771,#772,#773,#774,#775,
#776,#777,#778,#779,#780,#781,#782,#783,#784,#785,#786,#787,#788,#789,#790,
#791,#792,#793,#794,#795,#796,#797,#798,#799,#800,#801,#802,#803,#804,#805,
#806,#807,#808,#809,#810),.UNSPECIFIED.,.F.,.F.)
B_SPLINE_CURVE_WITH_KNOTS((3,2,2,2,2,2,2,2,2,2,2,2,2,2,2,2,2,2,2,2,2,2,
2,2,2,2,2,2,2,2,3),(0.,0.0333333333333333,0.0666666666666667,0.1,0.133333333333333,
0.166666666666667,0.2,0.233333333333334,0.266666666666666,0.3,0.333333333333334,
0.366666666666666,0.4,0.433333333333334,0.466666666666667,0.5,0.533333333333333,
0.566666666666667,0.6,0.633333333333333,0.666666666666667,0.7,0.733333333333333,
0.766666666666667,0.8,0.833333333333333,0.866666666666667,0.9,0.933333333333333,
0.966666666666667,1.),.UNSPECIFIED.)
CURVE()
GEOMETRIC_REPRESENTATION_ITEM()
RATIONAL_B_SPLINE_CURVE((1.,0.866025403784439,1.,0.866025403784439,1.,0.866025403784439,
1.,0.866025403784439,1.,0.866025403784439,1.,0.866025403784439,1.,0.866025403784439,
1.,0.866025403784439,1.,0.866025403784439,1.,0.866025403784439,1.,0.866025403784439,
1.,0.866025403784439,1.,0.866025403784439,1.,0.866025403784439,1.,0.866025403784439,
1.,0.866025403784439,1.,0.866025403784439,1.,0.866025403784439,1.,0.866025403784439,
1.,0.866025403784439,1.,0.866025403784439,1.,0.866025403784439,1.,0.866025403784439,
1.,0.866025403784439,1.,0.866025403784439,1.,0.866025403784439,1.,0.866025403784439,
1.,0.866025403784439,1.,0.866025403784439,1.,0.866025403784439,1.))
REPRESENTATION_ITEM('')
);
#82=(
BOUNDED_CURVE()
B_SPLINE_CURVE(2,(#815,#816,#817,#818,#819,#820,#821,#822,#823,#824,#825,
#826,#827,#828,#829,#830,#831,#832,#833,#834,#835,#836,#837,#838,#839,#840,
#841,#842,#843,#844,#845,#846,#847,#848,#849,#850,#851,#852,#853,#854,#855,
#856,#857,#858,#859,#860,#861,#862,#863,#864,#865,#866,#867,#868,#869,#870,
#871,#872,#873,#874,#875),.UNSPECIFIED.,.F.,.F.)
B_SPLINE_CURVE_WITH_KNOTS((3,2,2,2,2,2,2,2,2,2,2,2,2,2,2,2,2,2,2,2,2,2,
2,2,2,2,2,2,2,2,3),(0.,0.0333333333333333,0.0666666666666667,0.1,0.133333333333333,
0.166666666666667,0.2,0.233333333333334,0.266666666666666,0.3,0.333333333333334,
0.366666666666666,0.4,0.433333333333334,0.466666666666667,0.5,0.533333333333333,
0.566666666666667,0.6,0.633333333333333,0.666666666666667,0.7,0.733333333333333,
0.766666666666667,0.8,0.833333333333333,0.866666666666667,0.9,0.933333333333333,
0.966666666666667,1.),.UNSPECIFIED.)
CURVE()
GEOMETRIC_REPRESENTATION_ITEM()
RATIONAL_B_SPLINE_CURVE((1.,0.866025403784439,1.,0.866025403784439,1.,0.866025403784439,
1.,0.866025403784439,1.,0.866025403784439,1.,0.866025403784439,1.,0.866025403784439,
1.,0.866025403784439,1.,0.866025403784439,1.,0.866025403784439,1.,0.866025403784439,
1.,0.866025403784439,1.,0.866025403784439,1.,0.866025403784439,1.,0.866025403784439,
1.,0.866025403784439,1.,0.866025403784439,1.,0.866025403784439,1.,0.866025403784439,
1.,0.866025403784439,1.,0.866025403784439,1.,0.866025403784439,1.,0.866025403784439,
1.,0.866025403784439,1.,0.866025403784439,1.,0.866025403784439,1.,0.866025403784439,
1.,0.866025403784439,1.,0.866025403784439,1.,0.866025403784439,1.))
REPRESENTATION_ITEM('')
);
#83=(
BOUNDED_CURVE()
B_SPLINE_CURVE(2,(#980,#981,#982,#983,#984,#985,#986,#987,#988,#989,#990,
#991,#992,#993,#994,#995,#996,#997,#998,#999,#1000,#1001,#1002,#1003,#1004,
#1005,#1006,#1007,#1008,#1009,#1010,#1011,#1012,#1013,#1014,#1015,#1016,
#1017,#1018,#1019,#1020,#1021,#1022,#1023,#1024,#1025,#1026,#1027,#1028,
#1029,#1030,#1031,#1032,#1033,#1034,#1035,#1036,#1037,#1038,#1039,#1040),
 .UNSPECIFIED.,.F.,.F.)
B_SPLINE_CURVE_WITH_KNOTS((3,2,2,2,2,2,2,2,2,2,2,2,2,2,2,2,2,2,2,2,2,2,
2,2,2,2,2,2,2,2,3),(0.,0.0333333333333333,0.0666666666666667,0.1,0.133333333333333,
0.166666666666667,0.2,0.233333333333334,0.266666666666666,0.3,0.333333333333334,
0.366666666666666,0.4,0.433333333333334,0.466666666666667,0.5,0.533333333333333,
0.566666666666667,0.6,0.633333333333333,0.666666666666667,0.7,0.733333333333333,
0.766666666666667,0.8,0.833333333333333,0.866666666666667,0.9,0.933333333333333,
0.966666666666667,1.),.UNSPECIFIED.)
CURVE()
GEOMETRIC_REPRESENTATION_ITEM()
RATIONAL_B_SPLINE_CURVE((1.,0.866025403784439,1.,0.866025403784439,1.,0.866025403784439,
1.,0.866025403784439,1.,0.866025403784439,1.,0.866025403784439,1.,0.866025403784439,
1.,0.866025403784439,1.,0.866025403784439,1.,0.866025403784439,1.,0.866025403784439,
1.,0.866025403784439,1.,0.866025403784439,1.,0.866025403784439,1.,0.866025403784439,
1.,0.866025403784439,1.,0.866025403784439,1.,0.866025403784439,1.,0.866025403784439,
1.,0.866025403784439,1.,0.866025403784439,1.,0.866025403784439,1.,0.866025403784439,
1.,0.866025403784439,1.,0.866025403784439,1.,0.866025403784439,1.,0.866025403784439,
1.,0.866025403784439,1.,0.866025403784439,1.,0.866025403784439,1.))
REPRESENTATION_ITEM('')
);
#84=(
BOUNDED_CURVE()
B_SPLINE_CURVE(2,(#1279,#1280,#1281,#1282,#1283,#1284,#1285,#1286,#1287,
#1288,#1289,#1290,#1291,#1292,#1293,#1294,#1295,#1296,#1297,#1298,#1299,
#1300,#1301,#1302,#1303,#1304,#1305,#1306,#1307,#1308,#1309,#1310,#1311,
#1312,#1313,#1314,#1315,#1316,#1317,#1318,#1319,#1320,#1321,#1322,#1323,
#1324,#1325,#1326,#1327,#1328,#1329,#1330,#1331,#1332,#1333,#1334,#1335,
#1336,#1337,#1338,#1339),.UNSPECIFIED.,.F.,.F.)
B_SPLINE_CURVE_WITH_KNOTS((3,2,2,2,2,2,2,2,2,2,2,2,2,2,2,2,2,2,2,2,2,2,
2,2,2,2,2,2,2,2,3),(0.,0.0333333333333333,0.0666666666666667,0.1,0.133333333333333,
0.166666666666667,0.2,0.233333333333334,0.266666666666666,0.3,0.333333333333334,
0.366666666666666,0.4,0.433333333333334,0.466666666666667,0.5,0.533333333333333,
0.566666666666667,0.6,0.633333333333333,0.666666666666667,0.7,0.733333333333333,
0.766666666666667,0.8,0.833333333333333,0.866666666666667,0.9,0.933333333333333,
0.966666666666667,1.),.UNSPECIFIED.)
CURVE()
GEOMETRIC_REPRESENTATION_ITEM()
RATIONAL_B_SPLINE_CURVE((1.,0.866025403784439,1.,0.866025403784439,1.,0.866025403784439,
1.,0.866025403784439,1.,0.866025403784439,1.,0.866025403784439,1.,0.866025403784439,
1.,0.866025403784439,1.,0.866025403784439,1.,0.866025403784439,1.,0.866025403784439,
1.,0.866025403784439,1.,0.866025403784439,1.,0.866025403784439,1.,0.866025403784439,
1.,0.866025403784439,1.,0.866025403784439,1.,0.866025403784439,1.,0.866025403784439,
1.,0.866025403784439,1.,0.866025403784439,1.,0.866025403784439,1.,0.866025403784439,
1.,0.866025403784439,1.,0.866025403784439,1.,0.866025403784439,1.,0.866025403784439,
1.,0.866025403784439,1.,0.866025403784439,1.,0.866025403784439,1.))
REPRESENTATION_ITEM('')
);
#85=ORIENTED_EDGE('',*,*,#189,.F.);
#86=ORIENTED_EDGE('',*,*,#190,.F.);
#87=ORIENTED_EDGE('',*,*,#191,.T.);
#88=ORIENTED_EDGE('',*,*,#192,.T.);
#89=ORIENTED_EDGE('',*,*,#193,.F.);
#90=ORIENTED_EDGE('',*,*,#194,.T.);
#91=ORIENTED_EDGE('',*,*,#189,.T.);
#92=ORIENTED_EDGE('',*,*,#195,.F.);
#93=ORIENTED_EDGE('',*,*,#196,.F.);
#94=ORIENTED_EDGE('',*,*,#197,.T.);
#95=ORIENTED_EDGE('',*,*,#198,.T.);
#96=ORIENTED_EDGE('',*,*,#199,.T.);
#97=ORIENTED_EDGE('',*,*,#200,.F.);
#98=ORIENTED_EDGE('',*,*,#201,.T.);
#99=ORIENTED_EDGE('',*,*,#202,.F.);
#100=ORIENTED_EDGE('',*,*,#203,.T.);
#101=ORIENTED_EDGE('',*,*,#204,.T.);
#102=ORIENTED_EDGE('',*,*,#205,.T.);
#103=ORIENTED_EDGE('',*,*,#196,.T.);
#104=ORIENTED_EDGE('',*,*,#206,.T.);
#105=ORIENTED_EDGE('',*,*,#207,.T.);
#106=ORIENTED_EDGE('',*,*,#208,.T.);
#107=ORIENTED_EDGE('',*,*,#202,.T.);
#108=ORIENTED_EDGE('',*,*,#209,.T.);
#109=ORIENTED_EDGE('',*,*,#210,.F.);
#110=ORIENTED_EDGE('',*,*,#211,.F.);
#111=ORIENTED_EDGE('',*,*,#210,.T.);
#112=ORIENTED_EDGE('',*,*,#212,.T.);
#113=ORIENTED_EDGE('',*,*,#213,.T.);
#114=ORIENTED_EDGE('',*,*,#214,.F.);
#115=ORIENTED_EDGE('',*,*,#198,.F.);
#116=ORIENTED_EDGE('',*,*,#215,.T.);
#117=ORIENTED_EDGE('',*,*,#216,.F.);
#118=ORIENTED_EDGE('',*,*,#217,.F.);
#119=ORIENTED_EDGE('',*,*,#195,.T.);
#120=ORIENTED_EDGE('',*,*,#218,.F.);
#121=ORIENTED_EDGE('',*,*,#219,.T.);
#122=ORIENTED_EDGE('',*,*,#206,.F.);
#123=ORIENTED_EDGE('',*,*,#199,.F.);
#124=ORIENTED_EDGE('',*,*,#214,.T.);
#125=ORIENTED_EDGE('',*,*,#220,.T.);
#126=ORIENTED_EDGE('',*,*,#221,.T.);
#127=ORIENTED_EDGE('',*,*,#218,.T.);
#128=ORIENTED_EDGE('',*,*,#213,.F.);
#129=ORIENTED_EDGE('',*,*,#222,.T.);
#130=ORIENTED_EDGE('',*,*,#200,.T.);
#131=ORIENTED_EDGE('',*,*,#219,.F.);
#132=ORIENTED_EDGE('',*,*,#223,.F.);
#133=ORIENTED_EDGE('',*,*,#224,.T.);
#134=ORIENTED_EDGE('',*,*,#225,.T.);
#135=ORIENTED_EDGE('',*,*,#226,.T.);
#136=ORIENTED_EDGE('',*,*,#194,.F.);
#137=ORIENTED_EDGE('',*,*,#227,.F.);
#138=ORIENTED_EDGE('',*,*,#228,.T.);
#139=ORIENTED_EDGE('',*,*,#223,.T.);
#140=ORIENTED_EDGE('',*,*,#229,.T.);
#141=ORIENTED_EDGE('',*,*,#225,.F.);
#142=ORIENTED_EDGE('',*,*,#230,.T.);
#143=ORIENTED_EDGE('',*,*,#227,.T.);
#144=ORIENTED_EDGE('',*,*,#231,.T.);
#145=ORIENTED_EDGE('',*,*,#226,.F.);
#146=ORIENTED_EDGE('',*,*,#231,.F.);
#147=ORIENTED_EDGE('',*,*,#229,.F.);
#148=ORIENTED_EDGE('',*,*,#232,.F.);
#149=ORIENTED_EDGE('',*,*,#233,.F.);
#150=ORIENTED_EDGE('',*,*,#216,.T.);
#151=ORIENTED_EDGE('',*,*,#234,.T.);
#152=ORIENTED_EDGE('',*,*,#204,.F.);
#153=ORIENTED_EDGE('',*,*,#235,.T.);
#154=ORIENTED_EDGE('',*,*,#235,.F.);
#155=ORIENTED_EDGE('',*,*,#203,.F.);
#156=ORIENTED_EDGE('',*,*,#211,.T.);
#157=ORIENTED_EDGE('',*,*,#217,.T.);
#158=ORIENTED_EDGE('',*,*,#205,.F.);
#159=ORIENTED_EDGE('',*,*,#234,.F.);
#160=ORIENTED_EDGE('',*,*,#215,.F.);
#161=ORIENTED_EDGE('',*,*,#197,.F.);
#162=ORIENTED_EDGE('',*,*,#201,.F.);
#163=ORIENTED_EDGE('',*,*,#222,.F.);
#164=ORIENTED_EDGE('',*,*,#212,.F.);
#165=ORIENTED_EDGE('',*,*,#209,.F.);
#166=ORIENTED_EDGE('',*,*,#233,.T.);
#167=ORIENTED_EDGE('',*,*,#208,.F.);
#168=ORIENTED_EDGE('',*,*,#232,.T.);
#169=ORIENTED_EDGE('',*,*,#207,.F.);
#170=ORIENTED_EDGE('',*,*,#230,.F.);
#171=ORIENTED_EDGE('',*,*,#224,.F.);
#172=ORIENTED_EDGE('',*,*,#228,.F.);
#173=ORIENTED_EDGE('',*,*,#221,.F.);
#174=ORIENTED_EDGE('',*,*,#192,.F.);
#175=ORIENTED_EDGE('',*,*,#236,.T.);
#176=ORIENTED_EDGE('',*,*,#237,.T.);
#177=ORIENTED_EDGE('',*,*,#238,.F.);
#178=ORIENTED_EDGE('',*,*,#237,.F.);
#179=ORIENTED_EDGE('',*,*,#239,.T.);
#180=ORIENTED_EDGE('',*,*,#190,.T.);
#181=ORIENTED_EDGE('',*,*,#240,.F.);
#182=ORIENTED_EDGE('',*,*,#193,.T.);
#183=ORIENTED_EDGE('',*,*,#238,.T.);
#184=ORIENTED_EDGE('',*,*,#240,.T.);
#185=ORIENTED_EDGE('',*,*,#236,.F.);
#186=ORIENTED_EDGE('',*,*,#191,.F.);
#187=ORIENTED_EDGE('',*,*,#239,.F.);
#188=ORIENTED_EDGE('',*,*,#220,.F.);
#189=EDGE_CURVE('',#241,#241,#279,.F.);
#190=EDGE_CURVE('',#242,#243,#79,.T.);
#191=EDGE_CURVE('',#242,#244,#280,.F.);
#192=EDGE_CURVE('',#244,#245,#80,.T.);
#193=EDGE_CURVE('',#243,#245,#31,.F.);
#194=EDGE_CURVE('',#246,#246,#281,.F.);
#195=EDGE_CURVE('',#247,#247,#282,.T.);
#196=EDGE_CURVE('',#248,#249,#32,.T.);
#197=EDGE_CURVE('',#248,#250,#33,.T.);
#198=EDGE_CURVE('',#250,#251,#34,.T.);
#199=EDGE_CURVE('',#251,#249,#283,.T.);
#200=EDGE_CURVE('',#252,#253,#35,.T.);
#201=EDGE_CURVE('',#252,#254,#284,.T.);
#202=EDGE_CURVE('',#255,#254,#36,.T.);
#203=EDGE_CURVE('',#255,#256,#37,.T.);
#204=EDGE_CURVE('',#256,#257,#38,.T.);
#205=EDGE_CURVE('',#257,#248,#285,.F.);
#206=EDGE_CURVE('',#249,#253,#39,.T.);
#207=EDGE_CURVE('',#258,#258,#286,.T.);
#208=EDGE_CURVE('',#259,#259,#287,.T.);
#209=EDGE_CURVE('',#254,#260,#40,.T.);
#210=EDGE_CURVE('',#261,#260,#41,.T.);
#211=EDGE_CURVE('',#255,#261,#42,.T.);
#212=EDGE_CURVE('',#260,#262,#288,.F.);
#213=EDGE_CURVE('',#262,#263,#43,.T.);
#214=EDGE_CURVE('',#251,#263,#44,.T.);
#215=EDGE_CURVE('',#250,#264,#289,.T.);
#216=EDGE_CURVE('',#265,#264,#45,.T.);
#217=EDGE_CURVE('',#261,#265,#46,.T.);
#218=EDGE_CURVE('',#266,#266,#290,.T.);
#219=EDGE_CURVE('',#263,#253,#291,.T.);
#220=EDGE_CURVE('',#267,#267,#292,.T.);
#221=EDGE_CURVE('',#268,#268,#293,.T.);
#222=EDGE_CURVE('',#262,#252,#47,.F.);
#223=EDGE_CURVE('',#269,#270,#81,.T.);
#224=EDGE_CURVE('',#269,#271,#294,.F.);
#225=EDGE_CURVE('',#271,#272,#82,.T.);
#226=EDGE_CURVE('',#272,#270,#48,.F.);
#227=EDGE_CURVE('',#273,#274,#83,.T.);
#228=EDGE_CURVE('',#273,#269,#14,.T.);
#229=EDGE_CURVE('',#270,#274,#49,.F.);
#230=EDGE_CURVE('',#271,#273,#15,.T.);
#231=EDGE_CURVE('',#274,#272,#50,.F.);
#232=EDGE_CURVE('',#275,#275,#295,.T.);
#233=EDGE_CURVE('',#276,#276,#296,.T.);
#234=EDGE_CURVE('',#264,#257,#51,.F.);
#235=EDGE_CURVE('',#256,#265,#52,.T.);
#236=EDGE_CURVE('',#244,#277,#16,.T.);
#237=EDGE_CURVE('',#277,#278,#84,.T.);
#238=EDGE_CURVE('',#245,#278,#53,.F.);
#239=EDGE_CURVE('',#277,#242,#17,.T.);
#240=EDGE_CURVE('',#278,#243,#54,.F.);
#241=VERTEX_POINT('',#561);
#242=VERTEX_POINT('',#623);
#243=VERTEX_POINT('',#624);
#244=VERTEX_POINT('',#626);
#245=VERTEX_POINT('',#688);
#246=VERTEX_POINT('',#692);
#247=VERTEX_POINT('',#694);
#248=VERTEX_POINT('',#696);
#249=VERTEX_POINT('',#697);
#250=VERTEX_POINT('',#699);
#251=VERTEX_POINT('',#701);
#252=VERTEX_POINT('',#705);
#253=VERTEX_POINT('',#706);
#254=VERTEX_POINT('',#708);
#255=VERTEX_POINT('',#710);
#256=VERTEX_POINT('',#712);
#257=VERTEX_POINT('',#714);
#258=VERTEX_POINT('',#719);
#259=VERTEX_POINT('',#721);
#260=VERTEX_POINT('',#723);
#261=VERTEX_POINT('',#725);
#262=VERTEX_POINT('',#729);
#263=VERTEX_POINT('',#731);
#264=VERTEX_POINT('',#734);
#265=VERTEX_POINT('',#736);
#266=VERTEX_POINT('',#740);
#267=VERTEX_POINT('',#745);
#268=VERTEX_POINT('',#747);
#269=VERTEX_POINT('',#811);
#270=VERTEX_POINT('',#812);
#271=VERTEX_POINT('',#814);
#272=VERTEX_POINT('',#876);
#273=VERTEX_POINT('',#1041);
#274=VERTEX_POINT('',#1042);
#275=VERTEX_POINT('',#1161);
#276=VERTEX_POINT('',#1163);
#277=VERTEX_POINT('',#1278);
#278=VERTEX_POINT('',#1340);
#279=CIRCLE('',#422,0.00145);
#280=CIRCLE('',#423,0.00145);
#281=CIRCLE('',#425,0.00145);
#282=CIRCLE('',#426,0.0035);
#283=CIRCLE('',#427,0.0125);
#284=CIRCLE('',#429,0.0015);
#285=CIRCLE('',#430,0.0015);
#286=CIRCLE('',#432,0.00225);
#287=CIRCLE('',#433,0.00225);
#288=CIRCLE('',#435,0.0015);
#289=CIRCLE('',#436,0.0015);
#290=CIRCLE('',#438,0.0035);
#291=CIRCLE('',#440,0.0125);
#292=CIRCLE('',#442,0.00175);
#293=CIRCLE('',#443,0.00175);
#294=CIRCLE('',#445,0.00145);
#295=CIRCLE('',#448,0.00225);
#296=CIRCLE('',#449,0.00225);
#297=EDGE_LOOP('',(#85));
#298=EDGE_LOOP('',(#86,#87,#88,#89));
#299=EDGE_LOOP('',(#90));
#300=EDGE_LOOP('',(#91));
#301=EDGE_LOOP('',(#92));
#302=EDGE_LOOP('',(#93,#94,#95,#96));
#303=EDGE_LOOP('',(#97,#98,#99,#100,#101,#102,#103,#104));
#304=EDGE_LOOP('',(#105));
#305=EDGE_LOOP('',(#106));
#306=EDGE_LOOP('',(#107,#108,#109,#110));
#307=EDGE_LOOP('',(#111,#112,#113,#114,#115,#116,#117,#118));
#308=EDGE_LOOP('',(#119));
#309=EDGE_LOOP('',(#120));
#310=EDGE_LOOP('',(#121,#122,#123,#124));
#311=EDGE_LOOP('',(#125));
#312=EDGE_LOOP('',(#126));
#313=EDGE_LOOP('',(#127));
#314=EDGE_LOOP('',(#128,#129,#130,#131));
#315=EDGE_LOOP('',(#132,#133,#134,#135));
#316=EDGE_LOOP('',(#136));
#317=EDGE_LOOP('',(#137,#138,#139,#140));
#318=EDGE_LOOP('',(#141,#142,#143,#144));
#319=EDGE_LOOP('',(#145,#146,#147));
#320=EDGE_LOOP('',(#148));
#321=EDGE_LOOP('',(#149));
#322=EDGE_LOOP('',(#150,#151,#152,#153));
#323=EDGE_LOOP('',(#154,#155,#156,#157));
#324=EDGE_LOOP('',(#158,#159,#160,#161));
#325=EDGE_LOOP('',(#162,#163,#164,#165));
#326=EDGE_LOOP('',(#166));
#327=EDGE_LOOP('',(#167));
#328=EDGE_LOOP('',(#168));
#329=EDGE_LOOP('',(#169));
#330=EDGE_LOOP('',(#170,#171,#172));
#331=EDGE_LOOP('',(#173));
#332=EDGE_LOOP('',(#174,#175,#176,#177));
#333=EDGE_LOOP('',(#178,#179,#180,#181));
#334=EDGE_LOOP('',(#182,#183,#184));
#335=EDGE_LOOP('',(#185,#186,#187));
#336=EDGE_LOOP('',(#188));
#337=FACE_BOUND('',#297,.T.);
#338=FACE_BOUND('',#298,.T.);
#339=FACE_BOUND('',#299,.T.);
#340=FACE_BOUND('',#300,.T.);
#341=FACE_BOUND('',#301,.T.);
#342=FACE_BOUND('',#302,.T.);
#343=FACE_BOUND('',#303,.T.);
#344=FACE_BOUND('',#304,.T.);
#345=FACE_BOUND('',#305,.T.);
#346=FACE_BOUND('',#306,.T.);
#347=FACE_BOUND('',#307,.T.);
#348=FACE_BOUND('',#308,.T.);
#349=FACE_BOUND('',#309,.T.);
#350=FACE_BOUND('',#310,.T.);
#351=FACE_BOUND('',#311,.T.);
#352=FACE_BOUND('',#312,.T.);
#353=FACE_BOUND('',#313,.T.);
#354=FACE_BOUND('',#314,.T.);
#355=FACE_BOUND('',#315,.T.);
#356=FACE_BOUND('',#316,.T.);
#357=FACE_BOUND('',#317,.T.);
#358=FACE_BOUND('',#318,.T.);
#359=FACE_BOUND('',#319,.T.);
#360=FACE_BOUND('',#320,.T.);
#361=FACE_BOUND('',#321,.T.);
#362=FACE_BOUND('',#322,.T.);
#363=FACE_BOUND('',#323,.T.);
#364=FACE_BOUND('',#324,.T.);
#365=FACE_BOUND('',#325,.T.);
#366=FACE_BOUND('',#326,.T.);
#367=FACE_BOUND('',#327,.T.);
#368=FACE_BOUND('',#328,.T.);
#369=FACE_BOUND('',#329,.T.);
#370=FACE_BOUND('',#330,.T.);
#371=FACE_BOUND('',#331,.T.);
#372=FACE_BOUND('',#332,.T.);
#373=FACE_BOUND('',#333,.T.);
#374=FACE_BOUND('',#334,.T.);
#375=FACE_BOUND('',#335,.T.);
#376=FACE_BOUND('',#336,.T.);
#377=CYLINDRICAL_SURFACE('',#421,0.00145);
#378=CYLINDRICAL_SURFACE('',#437,0.0035);
#379=CYLINDRICAL_SURFACE('',#439,0.0125);
#380=CYLINDRICAL_SURFACE('',#444,0.00145);
#381=CYLINDRICAL_SURFACE('',#451,0.0015);
#382=CYLINDRICAL_SURFACE('',#452,0.0015);
#383=CYLINDRICAL_SURFACE('',#453,0.00225);
#384=CYLINDRICAL_SURFACE('',#454,0.00225);
#385=ADVANCED_FACE('',(#337,#338),#377,.F.);
#386=ADVANCED_FACE('',(#339,#340,#341,#342),#22,.T.);
#387=ADVANCED_FACE('',(#343),#23,.T.);
#388=ADVANCED_FACE('',(#344,#345,#346),#24,.F.);
#389=ADVANCED_FACE('',(#347),#25,.F.);
#390=ADVANCED_FACE('',(#348,#349),#378,.F.);
#391=ADVANCED_FACE('',(#350),#379,.T.);
#392=ADVANCED_FACE('',(#351,#352,#353,#354),#26,.F.);
#393=ADVANCED_FACE('',(#355,#356),#380,.F.);
#394=ADVANCED_FACE('',(#357),#18,.F.);
#395=ADVANCED_FACE('',(#358),#19,.F.);
#396=ADVANCED_FACE('',(#359),#27,.F.);
#397=ADVANCED_FACE('',(#360,#361,#362),#28,.T.);
#398=ADVANCED_FACE('',(#363),#29,.T.);
#399=ADVANCED_FACE('',(#364),#381,.F.);
#400=ADVANCED_FACE('',(#365),#382,.T.);
#401=ADVANCED_FACE('',(#366,#367),#383,.F.);
#402=ADVANCED_FACE('',(#368,#369),#384,.F.);
#403=ADVANCED_FACE('',(#370,#371),#12,.F.);
#404=ADVANCED_FACE('',(#372),#20,.T.);
#405=ADVANCED_FACE('',(#373),#21,.T.);
#406=ADVANCED_FACE('',(#374),#30,.F.);
#407=ADVANCED_FACE('',(#375,#376),#13,.F.);
#408=CLOSED_SHELL('',(#385,#386,#387,#388,#389,#390,#391,#392,#393,#394,
#395,#396,#397,#398,#399,#400,#401,#402,#403,#404,#405,#406,#407));
#409=STYLED_ITEM('',(#410),#417);
#410=PRESENTATION_STYLE_ASSIGNMENT((#411));
#411=SURFACE_STYLE_USAGE(.BOTH.,#412);
#412=SURFACE_SIDE_STYLE('',(#413));
#413=SURFACE_STYLE_FILL_AREA(#414);
#414=FILL_AREA_STYLE('',(#415));
#415=FILL_AREA_STYLE_COLOUR('',#416);
#416=DRAUGHTING_PRE_DEFINED_COLOUR('red');
#417=MANIFOLD_SOLID_BREP('Part 1',#408);
#418=SHAPE_DEFINITION_REPRESENTATION(#1460,#419);
#419=SHAPE_REPRESENTATION('Part 1',(#420),#1455);
#420=AXIS2_PLACEMENT_3D('',#558,#458,#459);
#421=AXIS2_PLACEMENT_3D('',#559,#460,#461);
#422=AXIS2_PLACEMENT_3D('',#560,#462,#463);
#423=AXIS2_PLACEMENT_3D('',#625,#464,#465);
#424=AXIS2_PLACEMENT_3D('',#690,#467,#468);
#425=AXIS2_PLACEMENT_3D('',#691,#469,#470);
#426=AXIS2_PLACEMENT_3D('',#693,#471,#472);
#427=AXIS2_PLACEMENT_3D('',#702,#476,#477);
#428=AXIS2_PLACEMENT_3D('',#703,#478,#479);
#429=AXIS2_PLACEMENT_3D('',#707,#481,#482);
#430=AXIS2_PLACEMENT_3D('',#715,#486,#487);
#431=AXIS2_PLACEMENT_3D('',#717,#489,#490);
#432=AXIS2_PLACEMENT_3D('',#718,#491,#492);
#433=AXIS2_PLACEMENT_3D('',#720,#493,#494);
#434=AXIS2_PLACEMENT_3D('',#727,#498,#499);
#435=AXIS2_PLACEMENT_3D('',#728,#500,#501);
#436=AXIS2_PLACEMENT_3D('',#733,#504,#505);
#437=AXIS2_PLACEMENT_3D('',#738,#508,#509);
#438=AXIS2_PLACEMENT_3D('',#739,#510,#511);
#439=AXIS2_PLACEMENT_3D('',#741,#512,#513);
#440=AXIS2_PLACEMENT_3D('',#742,#514,#515);
#441=AXIS2_PLACEMENT_3D('',#743,#516,#517);
#442=AXIS2_PLACEMENT_3D('',#744,#518,#519);
#443=AXIS2_PLACEMENT_3D('',#746,#520,#521);
#444=AXIS2_PLACEMENT_3D('',#749,#523,#524);
#445=AXIS2_PLACEMENT_3D('',#813,#525,#526);
#446=AXIS2_PLACEMENT_3D('',#1158,#530,#531);
#447=AXIS2_PLACEMENT_3D('',#1159,#532,#533);
#448=AXIS2_PLACEMENT_3D('',#1160,#534,#535);
#449=AXIS2_PLACEMENT_3D('',#1162,#536,#537);
#450=AXIS2_PLACEMENT_3D('',#1166,#540,#541);
#451=AXIS2_PLACEMENT_3D('',#1167,#542,#543);
#452=AXIS2_PLACEMENT_3D('',#1168,#544,#545);
#453=AXIS2_PLACEMENT_3D('',#1169,#546,#547);
#454=AXIS2_PLACEMENT_3D('',#1170,#548,#549);
#455=AXIS2_PLACEMENT_3D('',#1171,#550,#551);
#456=AXIS2_PLACEMENT_3D('',#1452,#554,#555);
#457=AXIS2_PLACEMENT_3D('',#1453,#556,#557);
#458=DIRECTION('',(0.,0.,1.));
#459=DIRECTION('',(1.,0.,0.));
#460=DIRECTION('',(0.,-1.,0.));
#461=DIRECTION('',(0.,0.,-1.));
#462=DIRECTION('',(0.,-1.,0.));
#463=DIRECTION('',(0.,0.,-1.));
#464=DIRECTION('',(0.,-1.,0.));
#465=DIRECTION('',(0.,0.,-1.));
#466=DIRECTION('',(1.22464679914735E-16,1.,0.));
#467=DIRECTION('',(0.,-1.,0.));
#468=DIRECTION('',(1.,0.,0.));
#469=DIRECTION('',(0.,-1.,0.));
#470=DIRECTION('',(0.,0.,-1.));
#471=DIRECTION('',(0.,-1.,0.));
#472=DIRECTION('',(0.,0.,-1.));
#473=DIRECTION('',(0.,0.,1.));
#474=DIRECTION('',(1.,0.,0.));
#475=DIRECTION('',(0.,0.,1.));
#476=DIRECTION('',(0.,-1.,0.));
#477=DIRECTION('',(0.,0.,-1.));
#478=DIRECTION('',(-1.,0.,0.));
#479=DIRECTION('',(0.,0.,1.));
#480=DIRECTION('',(0.,0.,1.));
#481=DIRECTION('',(-1.,0.,0.));
#482=DIRECTION('',(0.,0.,1.));
#483=DIRECTION('',(0.,1.,0.));
#484=DIRECTION('',(0.,0.,1.));
#485=DIRECTION('',(0.,1.,0.));
#486=DIRECTION('',(-1.,0.,0.));
#487=DIRECTION('',(0.,0.,1.));
#488=DIRECTION('',(0.,1.,0.));
#489=DIRECTION('',(0.,0.,1.));
#490=DIRECTION('',(1.,0.,0.));
#491=DIRECTION('',(0.,0.,1.));
#492=DIRECTION('',(1.,0.,0.));
#493=DIRECTION('',(0.,0.,1.));
#494=DIRECTION('',(1.,0.,0.));
#495=DIRECTION('',(1.,0.,0.));
#496=DIRECTION('',(0.,1.,0.));
#497=DIRECTION('',(1.,0.,0.));
#498=DIRECTION('',(-1.,0.,0.));
#499=DIRECTION('',(0.,0.,1.));
#500=DIRECTION('',(-1.,0.,0.));
#501=DIRECTION('',(0.,0.,1.));
#502=DIRECTION('',(0.,0.,1.));
#503=DIRECTION('',(0.,1.,0.));
#504=DIRECTION('',(-1.,0.,0.));
#505=DIRECTION('',(0.,0.,1.));
#506=DIRECTION('',(0.,1.,0.));
#507=DIRECTION('',(0.,0.,1.));
#508=DIRECTION('',(0.,1.,0.));
#509=DIRECTION('',(0.,0.,1.));
#510=DIRECTION('',(0.,-1.,0.));
#511=DIRECTION('',(0.,0.,-1.));
#512=DIRECTION('',(0.,1.,0.));
#513=DIRECTION('',(0.,0.,1.));
#514=DIRECTION('',(0.,-1.,0.));
#515=DIRECTION('',(0.,0.,-1.));
#516=DIRECTION('',(0.,-1.,0.));
#517=DIRECTION('',(1.,0.,0.));
#518=DIRECTION('',(0.,-1.,0.));
#519=DIRECTION('',(0.,0.,-1.));
#520=DIRECTION('',(0.,-1.,0.));
#521=DIRECTION('',(0.,0.,-1.));
#522=DIRECTION('',(1.,0.,0.));
#523=DIRECTION('',(0.,-1.,0.));
#524=DIRECTION('',(0.,0.,-1.));
#525=DIRECTION('',(0.,-1.,0.));
#526=DIRECTION('',(0.,0.,-1.));
#527=DIRECTION('',(0.,1.,0.));
#528=DIRECTION('',(-0.866025403784439,-0.5,9.54517714852416E-16));
#529=DIRECTION('',(0.866025403784439,-0.5,-9.54517714852416E-16));
#530=DIRECTION('',(1.10218211923262E-15,0.,1.));
#531=DIRECTION('',(-1.,0.,1.10218211923262E-15));
#532=DIRECTION('',(0.,0.,1.));
#533=DIRECTION('',(1.,0.,0.));
#534=DIRECTION('',(0.,0.,1.));
#535=DIRECTION('',(1.,0.,0.));
#536=DIRECTION('',(0.,0.,1.));
#537=DIRECTION('',(1.,0.,0.));
#538=DIRECTION('',(1.,0.,0.));
#539=DIRECTION('',(1.,0.,0.));
#540=DIRECTION('',(0.,-1.,0.));
#541=DIRECTION('',(1.,0.,0.));
#542=DIRECTION('',(-1.,0.,0.));
#543=DIRECTION('',(0.,0.,1.));
#544=DIRECTION('',(1.,0.,0.));
#545=DIRECTION('',(0.,0.,-1.));
#546=DIRECTION('',(0.,0.,1.));
#547=DIRECTION('',(1.,0.,0.));
#548=DIRECTION('',(0.,0.,1.));
#549=DIRECTION('',(1.,0.,0.));
#550=DIRECTION('',(0.,1.,0.));
#551=DIRECTION('',(0.,0.,1.));
#552=DIRECTION('',(0.866025403784439,-0.5,9.54517714852416E-16));
#553=DIRECTION('',(-0.866025403784439,-0.5,-9.54517714852416E-16));
#554=DIRECTION('',(-1.10218211923262E-15,1.34978380439567E-31,1.));
#555=DIRECTION('',(1.,-1.22464679914735E-16,1.10218211923262E-15));
#556=DIRECTION('',(0.,1.,0.));
#557=DIRECTION('',(0.,0.,1.));
#558=CARTESIAN_POINT('',(0.,0.,0.));
#559=CARTESIAN_POINT('',(0.021,0.,0.018));
#560=CARTESIAN_POINT('',(0.021,-0.0025,0.018));
#561=CARTESIAN_POINT('',(0.021,-0.0025,0.01655));
#562=CARTESIAN_POINT('',(0.01955,0.000429428630851656,0.018));
#563=CARTESIAN_POINT('',(0.01955,0.000387761964184989,0.018837157890325));
#564=CARTESIAN_POINT('',(0.020275,0.000346095297518323,0.0192557368354874));
#565=CARTESIAN_POINT('',(0.021,0.000304428630851656,0.0196743157806499));
#566=CARTESIAN_POINT('',(0.021725,0.000262761964184989,0.0192557368354874));
#567=CARTESIAN_POINT('',(0.02245,0.000221095297518323,0.018837157890325));
#568=CARTESIAN_POINT('',(0.02245,0.000179428630851656,0.018));
#569=CARTESIAN_POINT('',(0.02245,0.000137761964184989,0.017162842109675));
#570=CARTESIAN_POINT('',(0.021725,9.60952975183225E-5,0.0167442631645126));
#571=CARTESIAN_POINT('',(0.021,5.44286308516559E-5,0.0163256842193501));
#572=CARTESIAN_POINT('',(0.020275,1.27619641849894E-5,0.0167442631645126));
#573=CARTESIAN_POINT('',(0.01955,-2.89047024816772E-5,0.017162842109675));
#574=CARTESIAN_POINT('',(0.01955,-7.05713691483439E-5,0.018));
#575=CARTESIAN_POINT('',(0.01955,-0.000112238035815011,0.018837157890325));
#576=CARTESIAN_POINT('',(0.020275,-0.000153904702481677,0.0192557368354874));
#577=CARTESIAN_POINT('',(0.021,-0.000195571369148344,0.0196743157806499));
#578=CARTESIAN_POINT('',(0.021725,-0.000237238035815011,0.0192557368354874));
#579=CARTESIAN_POINT('',(0.02245,-0.000278904702481677,0.018837157890325));
#580=CARTESIAN_POINT('',(0.02245,-0.000320571369148345,0.018));
#581=CARTESIAN_POINT('',(0.02245,-0.000362238035815011,0.017162842109675));
#582=CARTESIAN_POINT('',(0.021725,-0.000403904702481677,0.0167442631645126));
#583=CARTESIAN_POINT('',(0.021,-0.000445571369148344,0.0163256842193501));
#584=CARTESIAN_POINT('',(0.020275,-0.000487238035815011,0.0167442631645126));
#585=CARTESIAN_POINT('',(0.01955,-0.000528904702481677,0.017162842109675));
#586=CARTESIAN_POINT('',(0.01955,-0.000570571369148344,0.018));
#587=CARTESIAN_POINT('',(0.01955,-0.00061223803581501,0.018837157890325));
#588=CARTESIAN_POINT('',(0.020275,-0.000653904702481677,0.0192557368354874));
#589=CARTESIAN_POINT('',(0.021,-0.000695571369148343,0.0196743157806499));
#590=CARTESIAN_POINT('',(0.021725,-0.000737238035815011,0.0192557368354874));
#591=CARTESIAN_POINT('',(0.02245,-0.000778904702481678,0.018837157890325));
#592=CARTESIAN_POINT('',(0.02245,-0.000820571369148344,0.018));
#593=CARTESIAN_POINT('',(0.02245,-0.000862238035815011,0.017162842109675));
#594=CARTESIAN_POINT('',(0.021725,-0.000903904702481677,0.0167442631645126));
#595=CARTESIAN_POINT('',(0.021,-0.000945571369148344,0.0163256842193501));
#596=CARTESIAN_POINT('',(0.020275,-0.00098723803581501,0.0167442631645126));
#597=CARTESIAN_POINT('',(0.01955,-0.00102890470248168,0.017162842109675));
#598=CARTESIAN_POINT('',(0.01955,-0.00107057136914834,0.018));
#599=CARTESIAN_POINT('',(0.01955,-0.00111223803581501,0.018837157890325));
#600=CARTESIAN_POINT('',(0.020275,-0.00115390470248168,0.0192557368354874));
#601=CARTESIAN_POINT('',(0.021,-0.00119557136914835,0.0196743157806499));
#602=CARTESIAN_POINT('',(0.021725,-0.00123723803581501,0.0192557368354874));
#603=CARTESIAN_POINT('',(0.02245,-0.00127890470248168,0.018837157890325));
#604=CARTESIAN_POINT('',(0.02245,-0.00132057136914834,0.018));
#605=CARTESIAN_POINT('',(0.02245,-0.00136223803581501,0.017162842109675));
#606=CARTESIAN_POINT('',(0.021725,-0.00140390470248168,0.0167442631645126));
#607=CARTESIAN_POINT('',(0.021,-0.00144557136914835,0.0163256842193501));
#608=CARTESIAN_POINT('',(0.020275,-0.00148723803581501,0.0167442631645126));
#609=CARTESIAN_POINT('',(0.01955,-0.00152890470248168,0.017162842109675));
#610=CARTESIAN_POINT('',(0.01955,-0.00157057136914835,0.018));
#611=CARTESIAN_POINT('',(0.01955,-0.00161223803581501,0.018837157890325));
#612=CARTESIAN_POINT('',(0.020275,-0.00165390470248168,0.0192557368354874));
#613=CARTESIAN_POINT('',(0.021,-0.00169557136914834,0.0196743157806499));
#614=CARTESIAN_POINT('',(0.021725,-0.00173723803581501,0.0192557368354874));
#615=CARTESIAN_POINT('',(0.02245,-0.00177890470248168,0.018837157890325));
#616=CARTESIAN_POINT('',(0.02245,-0.00182057136914835,0.018));
#617=CARTESIAN_POINT('',(0.02245,-0.00186223803581501,0.017162842109675));
#618=CARTESIAN_POINT('',(0.021725,-0.00190390470248167,0.0167442631645126));
#619=CARTESIAN_POINT('',(0.021,-0.00194557136914835,0.0163256842193501));
#620=CARTESIAN_POINT('',(0.020275,-0.00198723803581501,0.0167442631645126));
#621=CARTESIAN_POINT('',(0.01955,-0.00202890470248168,0.017162842109675));
#622=CARTESIAN_POINT('',(0.01955,-0.00207057136914834,0.018));
#623=CARTESIAN_POINT('',(0.0223983650029194,-0.000300000006753854,0.0183835040007747));
#624=CARTESIAN_POINT('',(0.01955,-0.00207057136914834,0.018));
#625=CARTESIAN_POINT('',(0.021,-0.000300000006753854,0.018));
#626=CARTESIAN_POINT('',(0.0198230576933639,-0.00030000000675374,0.0188469396713167));
#627=CARTESIAN_POINT('',(0.01955,0.00025,0.018));
#628=CARTESIAN_POINT('',(0.01955,0.000208333333333333,0.018837157890325));
#629=CARTESIAN_POINT('',(0.020275,0.000166666666666666,0.0192557368354874));
#630=CARTESIAN_POINT('',(0.021,0.000124999999999999,0.0196743157806499));
#631=CARTESIAN_POINT('',(0.021725,8.33333333333323E-5,0.0192557368354874));
#632=CARTESIAN_POINT('',(0.02245,4.16666666666655E-5,0.018837157890325));
#633=CARTESIAN_POINT('',(0.02245,-1.15138799907286E-18,0.018));
#634=CARTESIAN_POINT('',(0.02245,-4.16666666666678E-5,0.017162842109675));
#635=CARTESIAN_POINT('',(0.021725,-8.33333333333344E-5,0.0167442631645126));
#636=CARTESIAN_POINT('',(0.021,-0.000125000000000001,0.0163256842193501));
#637=CARTESIAN_POINT('',(0.020275,-0.000166666666666668,0.0167442631645126));
#638=CARTESIAN_POINT('',(0.01955,-0.000208333333333334,0.017162842109675));
#639=CARTESIAN_POINT('',(0.01955,-0.00025,0.018));
#640=CARTESIAN_POINT('',(0.01955,-0.000291666666666667,0.018837157890325));
#641=CARTESIAN_POINT('',(0.020275,-0.000333333333333334,0.0192557368354874));
#642=CARTESIAN_POINT('',(0.021,-0.000375000000000001,0.0196743157806499));
#643=CARTESIAN_POINT('',(0.021725,-0.000416666666666668,0.0192557368354874));
#644=CARTESIAN_POINT('',(0.02245,-0.000458333333333334,0.018837157890325));
#645=CARTESIAN_POINT('',(0.02245,-0.0005,0.018));
#646=CARTESIAN_POINT('',(0.02245,-0.000541666666666668,0.017162842109675));
#647=CARTESIAN_POINT('',(0.021725,-0.000583333333333334,0.0167442631645126));
#648=CARTESIAN_POINT('',(0.021,-0.000625000000000001,0.0163256842193501));
#649=CARTESIAN_POINT('',(0.020275,-0.000666666666666668,0.0167442631645126));
#650=CARTESIAN_POINT('',(0.01955,-0.000708333333333334,0.017162842109675));
#651=CARTESIAN_POINT('',(0.01955,-0.00075,0.018));
#652=CARTESIAN_POINT('',(0.01955,-0.000791666666666667,0.018837157890325));
#653=CARTESIAN_POINT('',(0.020275,-0.000833333333333334,0.0192557368354874));
#654=CARTESIAN_POINT('',(0.021,-0.000875000000000001,0.0196743157806499));
#655=CARTESIAN_POINT('',(0.021725,-0.000916666666666668,0.0192557368354874));
#656=CARTESIAN_POINT('',(0.02245,-0.000958333333333334,0.018837157890325));
#657=CARTESIAN_POINT('',(0.02245,-0.001,0.018));
#658=CARTESIAN_POINT('',(0.02245,-0.00104166666666667,0.017162842109675));
#659=CARTESIAN_POINT('',(0.021725,-0.00108333333333333,0.0167442631645126));
#660=CARTESIAN_POINT('',(0.021,-0.001125,0.0163256842193501));
#661=CARTESIAN_POINT('',(0.020275,-0.00116666666666667,0.0167442631645126));
#662=CARTESIAN_POINT('',(0.01955,-0.00120833333333333,0.017162842109675));
#663=CARTESIAN_POINT('',(0.01955,-0.00125,0.018));
#664=CARTESIAN_POINT('',(0.01955,-0.00129166666666667,0.018837157890325));
#665=CARTESIAN_POINT('',(0.020275,-0.00133333333333333,0.0192557368354874));
#666=CARTESIAN_POINT('',(0.021,-0.001375,0.0196743157806499));
#667=CARTESIAN_POINT('',(0.021725,-0.00141666666666667,0.0192557368354874));
#668=CARTESIAN_POINT('',(0.02245,-0.00145833333333333,0.018837157890325));
#669=CARTESIAN_POINT('',(0.02245,-0.0015,0.018));
#670=CARTESIAN_POINT('',(0.02245,-0.00154166666666667,0.017162842109675));
#671=CARTESIAN_POINT('',(0.021725,-0.00158333333333334,0.0167442631645126));
#672=CARTESIAN_POINT('',(0.021,-0.001625,0.0163256842193501));
#673=CARTESIAN_POINT('',(0.020275,-0.00166666666666667,0.0167442631645126));
#674=CARTESIAN_POINT('',(0.01955,-0.00170833333333333,0.017162842109675));
#675=CARTESIAN_POINT('',(0.01955,-0.00175,0.018));
#676=CARTESIAN_POINT('',(0.01955,-0.00179166666666667,0.018837157890325));
#677=CARTESIAN_POINT('',(0.020275,-0.00183333333333333,0.0192557368354874));
#678=CARTESIAN_POINT('',(0.021,-0.001875,0.0196743157806499));
#679=CARTESIAN_POINT('',(0.021725,-0.00191666666666667,0.0192557368354874));
#680=CARTESIAN_POINT('',(0.02245,-0.00195833333333333,0.018837157890325));
#681=CARTESIAN_POINT('',(0.02245,-0.002,0.018));
#682=CARTESIAN_POINT('',(0.02245,-0.00204166666666667,0.017162842109675));
#683=CARTESIAN_POINT('',(0.021725,-0.00208333333333334,0.0167442631645126));
#684=CARTESIAN_POINT('',(0.021,-0.002125,0.0163256842193501));
#685=CARTESIAN_POINT('',(0.020275,-0.00216666666666667,0.0167442631645126));
#686=CARTESIAN_POINT('',(0.01955,-0.00220833333333333,0.017162842109675));
#687=CARTESIAN_POINT('',(0.01955,-0.00225,0.018));
#688=CARTESIAN_POINT('',(0.01955,-0.00225,0.018));
#689=CARTESIAN_POINT('',(0.01955,-0.00216028568457417,0.018));
#690=CARTESIAN_POINT('',(0.0125,-0.0025,0.01525));
#691=CARTESIAN_POINT('',(0.004,-0.0025,0.018));
#692=CARTESIAN_POINT('',(0.004,-0.0025,0.01655));
#693=CARTESIAN_POINT('',(0.0125,-0.0025,0.018));
#694=CARTESIAN_POINT('',(0.0125,-0.0025,0.0145));
#695=CARTESIAN_POINT('',(0.,-0.0025,0.009));
#696=CARTESIAN_POINT('',(0.,-0.0025,0.0045));
#697=CARTESIAN_POINT('',(-3.46944695195361E-18,-0.0025,0.018));
#698=CARTESIAN_POINT('',(0.025,-0.0025,0.0045));
#699=CARTESIAN_POINT('',(0.025,-0.0025,0.0045));
#700=CARTESIAN_POINT('',(0.025,-0.0025,0.009));
#701=CARTESIAN_POINT('',(0.025,-0.0025,0.018));
#702=CARTESIAN_POINT('',(0.0125,-0.0025,0.018));
#703=CARTESIAN_POINT('',(0.,-0.0025,0.009));
#704=CARTESIAN_POINT('',(0.,0.,0.009));
#705=CARTESIAN_POINT('',(0.,0.,0.0015));
#706=CARTESIAN_POINT('',(-3.46944695195361E-18,0.,0.018));
#707=CARTESIAN_POINT('',(0.,-0.0015,0.0015));
#708=CARTESIAN_POINT('',(0.,-0.0015,0.));
#709=CARTESIAN_POINT('',(0.,-0.0025,0.));
#710=CARTESIAN_POINT('',(0.,-0.0145,0.));
#711=CARTESIAN_POINT('',(0.,-0.0145,0.009));
#712=CARTESIAN_POINT('',(0.,-0.0145,0.003));
#713=CARTESIAN_POINT('',(0.,-0.0145,0.003));
#714=CARTESIAN_POINT('',(0.,-0.004,0.003));
#715=CARTESIAN_POINT('',(0.,-0.004,0.0045));
#716=CARTESIAN_POINT('',(-3.46944695195361E-18,-0.0025,0.018));
#717=CARTESIAN_POINT('',(0.0125,-0.0025,0.));
#718=CARTESIAN_POINT('',(0.016750008,-0.00925,0.));
#719=CARTESIAN_POINT('',(0.019000008,-0.00925,0.));
#720=CARTESIAN_POINT('',(0.004250008,-0.00925,0.));
#721=CARTESIAN_POINT('',(0.006500008,-0.00925,0.));
#722=CARTESIAN_POINT('',(0.0125,-0.0015,0.));
#723=CARTESIAN_POINT('',(0.025,-0.0015,0.));
#724=CARTESIAN_POINT('',(0.025,-0.0025,0.));
#725=CARTESIAN_POINT('',(0.025,-0.0145,0.));
#726=CARTESIAN_POINT('',(0.0125,-0.0145,0.));
#727=CARTESIAN_POINT('',(0.025,-0.0025,0.009));
#728=CARTESIAN_POINT('',(0.025,-0.0015,0.0015));
#729=CARTESIAN_POINT('',(0.025,0.,0.0015));
#730=CARTESIAN_POINT('',(0.025,0.,0.009));
#731=CARTESIAN_POINT('',(0.025,0.,0.018));
#732=CARTESIAN_POINT('',(0.025,-0.0025,0.018));
#733=CARTESIAN_POINT('',(0.025,-0.004,0.0045));
#734=CARTESIAN_POINT('',(0.025,-0.004,0.003));
#735=CARTESIAN_POINT('',(0.025,-0.0145,0.003));
#736=CARTESIAN_POINT('',(0.025,-0.0145,0.003));
#737=CARTESIAN_POINT('',(0.025,-0.0145,0.009));
#738=CARTESIAN_POINT('',(0.0125,-0.0025,0.018));
#739=CARTESIAN_POINT('',(0.0125,0.,0.018));
#740=CARTESIAN_POINT('',(0.0125,0.,0.0145));
#741=CARTESIAN_POINT('',(0.0125,-0.0025,0.018));
#742=CARTESIAN_POINT('',(0.0125,0.,0.018));
#743=CARTESIAN_POINT('',(0.0125,0.,0.01525));
#744=CARTESIAN_POINT('',(0.021,0.,0.018));
#745=CARTESIAN_POINT('',(0.021,0.,0.01625));
#746=CARTESIAN_POINT('',(0.004,0.,0.018));
#747=CARTESIAN_POINT('',(0.004,0.,0.01625));
#748=CARTESIAN_POINT('',(0.0125,0.,0.0015));
#749=CARTESIAN_POINT('',(0.004,0.,0.018));
#750=CARTESIAN_POINT('',(0.00545,0.00025,0.018));
#751=CARTESIAN_POINT('',(0.00545,0.000208333333333333,0.018837157890325));
#752=CARTESIAN_POINT('',(0.004725,0.000166666666666667,0.0192557368354874));
#753=CARTESIAN_POINT('',(0.00399999999999999,0.000125,0.0196743157806499));
#754=CARTESIAN_POINT('',(0.003275,8.33333333333334E-5,0.0192557368354874));
#755=CARTESIAN_POINT('',(0.00254999999999999,4.16666666666668E-5,0.018837157890325));
#756=CARTESIAN_POINT('',(0.00255,5.42101086242752E-20,0.018));
#757=CARTESIAN_POINT('',(0.00254999999999999,-4.16666666666666E-5,0.017162842109675));
#758=CARTESIAN_POINT('',(0.003275,-8.33333333333333E-5,0.0167442631645126));
#759=CARTESIAN_POINT('',(0.00399999999999999,-0.000125,0.0163256842193501));
#760=CARTESIAN_POINT('',(0.004725,-0.000166666666666666,0.0167442631645126));
#761=CARTESIAN_POINT('',(0.00545,-0.000208333333333333,0.017162842109675));
#762=CARTESIAN_POINT('',(0.00545,-0.00025,0.018));
#763=CARTESIAN_POINT('',(0.00545,-0.000291666666666666,0.018837157890325));
#764=CARTESIAN_POINT('',(0.004725,-0.000333333333333333,0.0192557368354874));
#765=CARTESIAN_POINT('',(0.004,-0.000375,0.0196743157806499));
#766=CARTESIAN_POINT('',(0.003275,-0.000416666666666666,0.0192557368354874));
#767=CARTESIAN_POINT('',(0.00254999999999999,-0.000458333333333333,0.018837157890325));
#768=CARTESIAN_POINT('',(0.00255,-0.0005,0.018));
#769=CARTESIAN_POINT('',(0.00254999999999999,-0.000541666666666667,0.017162842109675));
#770=CARTESIAN_POINT('',(0.003275,-0.000583333333333333,0.0167442631645126));
#771=CARTESIAN_POINT('',(0.00399999999999999,-0.000625,0.0163256842193501));
#772=CARTESIAN_POINT('',(0.004725,-0.000666666666666667,0.0167442631645126));
#773=CARTESIAN_POINT('',(0.00545,-0.000708333333333333,0.017162842109675));
#774=CARTESIAN_POINT('',(0.00545,-0.00075,0.018));
#775=CARTESIAN_POINT('',(0.00545,-0.000791666666666667,0.018837157890325));
#776=CARTESIAN_POINT('',(0.004725,-0.000833333333333333,0.0192557368354874));
#777=CARTESIAN_POINT('',(0.004,-0.000875,0.0196743157806499));
#778=CARTESIAN_POINT('',(0.003275,-0.000916666666666667,0.0192557368354874));
#779=CARTESIAN_POINT('',(0.00255,-0.000958333333333333,0.018837157890325));
#780=CARTESIAN_POINT('',(0.00255,-0.001,0.018));
#781=CARTESIAN_POINT('',(0.00254999999999999,-0.00104166666666667,0.017162842109675));
#782=CARTESIAN_POINT('',(0.003275,-0.00108333333333333,0.0167442631645126));
#783=CARTESIAN_POINT('',(0.00399999999999999,-0.001125,0.0163256842193501));
#784=CARTESIAN_POINT('',(0.004725,-0.00116666666666667,0.0167442631645126));
#785=CARTESIAN_POINT('',(0.00545,-0.00120833333333333,0.017162842109675));
#786=CARTESIAN_POINT('',(0.00545,-0.00125,0.018));
#787=CARTESIAN_POINT('',(0.00545,-0.00129166666666667,0.018837157890325));
#788=CARTESIAN_POINT('',(0.004725,-0.00133333333333333,0.0192557368354874));
#789=CARTESIAN_POINT('',(0.004,-0.001375,0.0196743157806499));
#790=CARTESIAN_POINT('',(0.003275,-0.00141666666666667,0.0192557368354874));
#791=CARTESIAN_POINT('',(0.00255,-0.00145833333333333,0.018837157890325));
#792=CARTESIAN_POINT('',(0.00255,-0.0015,0.018));
#793=CARTESIAN_POINT('',(0.00254999999999999,-0.00154166666666667,0.017162842109675));
#794=CARTESIAN_POINT('',(0.003275,-0.00158333333333334,0.0167442631645126));
#795=CARTESIAN_POINT('',(0.00399999999999999,-0.001625,0.0163256842193501));
#796=CARTESIAN_POINT('',(0.004725,-0.00166666666666667,0.0167442631645126));
#797=CARTESIAN_POINT('',(0.00545,-0.00170833333333333,0.017162842109675));
#798=CARTESIAN_POINT('',(0.00545,-0.00175,0.018));
#799=CARTESIAN_POINT('',(0.00545,-0.00179166666666667,0.018837157890325));
#800=CARTESIAN_POINT('',(0.004725,-0.00183333333333333,0.0192557368354874));
#801=CARTESIAN_POINT('',(0.004,-0.001875,0.0196743157806499));
#802=CARTESIAN_POINT('',(0.003275,-0.00191666666666667,0.0192557368354874));
#803=CARTESIAN_POINT('',(0.00255,-0.00195833333333333,0.018837157890325));
#804=CARTESIAN_POINT('',(0.00255,-0.002,0.018));
#805=CARTESIAN_POINT('',(0.00254999999999999,-0.00204166666666667,0.017162842109675));
#806=CARTESIAN_POINT('',(0.003275,-0.00208333333333334,0.0167442631645126));
#807=CARTESIAN_POINT('',(0.00399999999999999,-0.002125,0.0163256842193501));
#808=CARTESIAN_POINT('',(0.004725,-0.00216666666666667,0.0167442631645126));
#809=CARTESIAN_POINT('',(0.00545,-0.00220833333333333,0.017162842109675));
#810=CARTESIAN_POINT('',(0.00545,-0.00225,0.018));
#811=CARTESIAN_POINT('',(0.0051769423066361,-0.00030000000675374,0.0188469396713167));
#812=CARTESIAN_POINT('',(0.00545,-0.00225,0.018));
#813=CARTESIAN_POINT('',(0.004,-0.000300000006753854,0.018));
#814=CARTESIAN_POINT('',(0.00260163499708058,-0.000300000006753854,0.0183835040007746));
#815=CARTESIAN_POINT('',(0.00545,0.000429428630851657,0.018));
#816=CARTESIAN_POINT('',(0.00545,0.00038776196418499,0.018837157890325));
#817=CARTESIAN_POINT('',(0.004725,0.000346095297518323,0.0192557368354874));
#818=CARTESIAN_POINT('',(0.00399999999999999,0.000304428630851657,0.0196743157806499));
#819=CARTESIAN_POINT('',(0.003275,0.000262761964184991,0.0192557368354874));
#820=CARTESIAN_POINT('',(0.00254999999999999,0.000221095297518324,0.018837157890325));
#821=CARTESIAN_POINT('',(0.00255,0.000179428630851657,0.018));
#822=CARTESIAN_POINT('',(0.00254999999999999,0.00013776196418499,0.017162842109675));
#823=CARTESIAN_POINT('',(0.003275,9.60952975183237E-5,0.0167442631645126));
#824=CARTESIAN_POINT('',(0.00399999999999999,5.4428630851657E-5,0.0163256842193501));
#825=CARTESIAN_POINT('',(0.004725,1.27619641849903E-5,0.0167442631645126));
#826=CARTESIAN_POINT('',(0.00545,-2.89047024816764E-5,0.017162842109675));
#827=CARTESIAN_POINT('',(0.00545,-7.0571369148343E-5,0.018));
#828=CARTESIAN_POINT('',(0.00545,-0.00011223803581501,0.018837157890325));
#829=CARTESIAN_POINT('',(0.004725,-0.000153904702481676,0.0192557368354874));
#830=CARTESIAN_POINT('',(0.004,-0.000195571369148343,0.0196743157806499));
#831=CARTESIAN_POINT('',(0.003275,-0.000237238035815009,0.0192557368354874));
#832=CARTESIAN_POINT('',(0.00254999999999999,-0.000278904702481676,0.018837157890325));
#833=CARTESIAN_POINT('',(0.00255,-0.000320571369148343,0.018));
#834=CARTESIAN_POINT('',(0.00254999999999999,-0.00036223803581501,0.017162842109675));
#835=CARTESIAN_POINT('',(0.003275,-0.000403904702481676,0.0167442631645126));
#836=CARTESIAN_POINT('',(0.00399999999999999,-0.000445571369148343,0.0163256842193501));
#837=CARTESIAN_POINT('',(0.004725,-0.00048723803581501,0.0167442631645126));
#838=CARTESIAN_POINT('',(0.00545,-0.000528904702481676,0.017162842109675));
#839=CARTESIAN_POINT('',(0.00545,-0.000570571369148343,0.018));
#840=CARTESIAN_POINT('',(0.00545,-0.000612238035815009,0.018837157890325));
#841=CARTESIAN_POINT('',(0.004725,-0.000653904702481676,0.0192557368354874));
#842=CARTESIAN_POINT('',(0.004,-0.000695571369148343,0.0196743157806499));
#843=CARTESIAN_POINT('',(0.003275,-0.00073723803581501,0.0192557368354874));
#844=CARTESIAN_POINT('',(0.00255,-0.000778904702481676,0.018837157890325));
#845=CARTESIAN_POINT('',(0.00255,-0.000820571369148343,0.018));
#846=CARTESIAN_POINT('',(0.00254999999999999,-0.000862238035815009,0.017162842109675));
#847=CARTESIAN_POINT('',(0.003275,-0.000903904702481676,0.0167442631645126));
#848=CARTESIAN_POINT('',(0.00399999999999999,-0.000945571369148342,0.0163256842193501));
#849=CARTESIAN_POINT('',(0.004725,-0.000987238035815009,0.0167442631645126));
#850=CARTESIAN_POINT('',(0.00545,-0.00102890470248168,0.017162842109675));
#851=CARTESIAN_POINT('',(0.00545,-0.00107057136914834,0.018));
#852=CARTESIAN_POINT('',(0.00545,-0.00111223803581501,0.018837157890325));
#853=CARTESIAN_POINT('',(0.004725,-0.00115390470248168,0.0192557368354874));
#854=CARTESIAN_POINT('',(0.004,-0.00119557136914834,0.0196743157806499));
#855=CARTESIAN_POINT('',(0.003275,-0.00123723803581501,0.0192557368354874));
#856=CARTESIAN_POINT('',(0.00255,-0.00127890470248167,0.018837157890325));
#857=CARTESIAN_POINT('',(0.00255,-0.00132057136914834,0.018));
#858=CARTESIAN_POINT('',(0.00254999999999999,-0.00136223803581501,0.017162842109675));
#859=CARTESIAN_POINT('',(0.003275,-0.00140390470248168,0.0167442631645126));
#860=CARTESIAN_POINT('',(0.00399999999999999,-0.00144557136914834,0.0163256842193501));
#861=CARTESIAN_POINT('',(0.004725,-0.00148723803581501,0.0167442631645126));
#862=CARTESIAN_POINT('',(0.00545,-0.00152890470248168,0.017162842109675));
#863=CARTESIAN_POINT('',(0.00545,-0.00157057136914835,0.018));
#864=CARTESIAN_POINT('',(0.00545,-0.00161223803581501,0.018837157890325));
#865=CARTESIAN_POINT('',(0.004725,-0.00165390470248168,0.0192557368354874));
#866=CARTESIAN_POINT('',(0.004,-0.00169557136914834,0.0196743157806499));
#867=CARTESIAN_POINT('',(0.003275,-0.00173723803581501,0.0192557368354874));
#868=CARTESIAN_POINT('',(0.00255,-0.00177890470248168,0.018837157890325));
#869=CARTESIAN_POINT('',(0.00255,-0.00182057136914835,0.018));
#870=CARTESIAN_POINT('',(0.00254999999999999,-0.00186223803581501,0.017162842109675));
#871=CARTESIAN_POINT('',(0.003275,-0.00190390470248167,0.0167442631645126));
#872=CARTESIAN_POINT('',(0.00399999999999999,-0.00194557136914834,0.0163256842193501));
#873=CARTESIAN_POINT('',(0.004725,-0.00198723803581501,0.0167442631645126));
#874=CARTESIAN_POINT('',(0.00545,-0.00202890470248168,0.017162842109675));
#875=CARTESIAN_POINT('',(0.00545,-0.00207057136914834,0.018));
#876=CARTESIAN_POINT('',(0.00545,-0.00207057136914834,0.018));
#877=CARTESIAN_POINT('',(0.00545,-0.00216028568457417,0.018));
#878=CARTESIAN_POINT('',(0.00535718907927689,-0.000221928162395539,0.0174895709617473));
#879=CARTESIAN_POINT('',(0.00545,-0.000236877605394803,0.0177363476115912));
#880=CARTESIAN_POINT('',(0.00545,-0.00025,0.018));
#881=CARTESIAN_POINT('',(0.00545,-0.000291666666666666,0.018837157890325));
#882=CARTESIAN_POINT('',(0.004725,-0.000333333333333333,0.0192557368354874));
#883=CARTESIAN_POINT('',(0.00399999999999999,-0.000375,0.0196743157806499));
#884=CARTESIAN_POINT('',(0.003275,-0.000416666666666666,0.0192557368354874));
#885=CARTESIAN_POINT('',(0.00254999999999999,-0.000458333333333333,0.018837157890325));
#886=CARTESIAN_POINT('',(0.00255,-0.0005,0.018));
#887=CARTESIAN_POINT('',(0.00254999999999999,-0.000541666666666667,0.017162842109675));
#888=CARTESIAN_POINT('',(0.003275,-0.000583333333333333,0.0167442631645126));
#889=CARTESIAN_POINT('',(0.00399999999999999,-0.000625,0.0163256842193501));
#890=CARTESIAN_POINT('',(0.004725,-0.000666666666666667,0.0167442631645126));
#891=CARTESIAN_POINT('',(0.00545,-0.000708333333333333,0.017162842109675));
#892=CARTESIAN_POINT('',(0.00545,-0.00075,0.018));
#893=CARTESIAN_POINT('',(0.00545,-0.000791666666666667,0.018837157890325));
#894=CARTESIAN_POINT('',(0.004725,-0.000833333333333333,0.0192557368354874));
#895=CARTESIAN_POINT('',(0.00399999999999999,-0.000875,0.0196743157806499));
#896=CARTESIAN_POINT('',(0.003275,-0.000916666666666667,0.0192557368354874));
#897=CARTESIAN_POINT('',(0.00254999999999999,-0.000958333333333333,0.018837157890325));
#898=CARTESIAN_POINT('',(0.00255,-0.001,0.018));
#899=CARTESIAN_POINT('',(0.00254999999999999,-0.00104166666666667,0.017162842109675));
#900=CARTESIAN_POINT('',(0.003275,-0.00108333333333333,0.0167442631645126));
#901=CARTESIAN_POINT('',(0.00399999999999999,-0.001125,0.0163256842193501));
#902=CARTESIAN_POINT('',(0.004725,-0.00116666666666667,0.0167442631645126));
#903=CARTESIAN_POINT('',(0.00545,-0.00120833333333333,0.017162842109675));
#904=CARTESIAN_POINT('',(0.00545,-0.00125,0.018));
#905=CARTESIAN_POINT('',(0.00545,-0.00129166666666667,0.018837157890325));
#906=CARTESIAN_POINT('',(0.004725,-0.00133333333333333,0.0192557368354874));
#907=CARTESIAN_POINT('',(0.00399999999999999,-0.001375,0.0196743157806499));
#908=CARTESIAN_POINT('',(0.003275,-0.00141666666666667,0.0192557368354874));
#909=CARTESIAN_POINT('',(0.00254999999999999,-0.00145833333333333,0.018837157890325));
#910=CARTESIAN_POINT('',(0.00255,-0.0015,0.018));
#911=CARTESIAN_POINT('',(0.00254999999999999,-0.00154166666666667,0.017162842109675));
#912=CARTESIAN_POINT('',(0.003275,-0.00158333333333334,0.0167442631645126));
#913=CARTESIAN_POINT('',(0.00399999999999999,-0.001625,0.0163256842193501));
#914=CARTESIAN_POINT('',(0.004725,-0.00166666666666667,0.0167442631645126));
#915=CARTESIAN_POINT('',(0.00545,-0.00170833333333333,0.017162842109675));
#916=CARTESIAN_POINT('',(0.00545,-0.00175,0.018));
#917=CARTESIAN_POINT('',(0.00545,-0.00179166666666667,0.018837157890325));
#918=CARTESIAN_POINT('',(0.004725,-0.00183333333333333,0.0192557368354874));
#919=CARTESIAN_POINT('',(0.00399999999999999,-0.001875,0.0196743157806499));
#920=CARTESIAN_POINT('',(0.003275,-0.00191666666666667,0.0192557368354874));
#921=CARTESIAN_POINT('',(0.00254999999999999,-0.00195833333333333,0.018837157890325));
#922=CARTESIAN_POINT('',(0.00255,-0.002,0.018));
#923=CARTESIAN_POINT('',(0.00254999999999999,-0.00204166666666667,0.017162842109675));
#924=CARTESIAN_POINT('',(0.003275,-0.00208333333333334,0.0167442631645126));
#925=CARTESIAN_POINT('',(0.00399999999999999,-0.002125,0.0163256842193501));
#926=CARTESIAN_POINT('',(0.004725,-0.00216666666666667,0.0167442631645126));
#927=CARTESIAN_POINT('',(0.00545,-0.00220833333333333,0.017162842109675));
#928=CARTESIAN_POINT('',(0.00545,-0.00225,0.018));
#929=CARTESIAN_POINT('',(0.00550263271727865,-0.000132213846969711,0.0174348706569786));
#930=CARTESIAN_POINT('',(0.00560538975248379,-0.000147163289968974,0.0177080932120212));
#931=CARTESIAN_POINT('',(0.00560538975248379,-0.000160285684574171,0.018));
#932=CARTESIAN_POINT('',(0.00560538975248379,-0.000201952351240838,0.0189268722057508));
#933=CARTESIAN_POINT('',(0.0048026948762419,-0.000243619017907505,0.0193903083086262));
#934=CARTESIAN_POINT('',(0.00399999999999999,-0.000285285684574171,0.0198537444115016));
#935=CARTESIAN_POINT('',(0.0031973051237581,-0.000326952351240838,0.0193903083086262));
#936=CARTESIAN_POINT('',(0.0023946102475162,-0.000368619017907505,0.0189268722057508));
#937=CARTESIAN_POINT('',(0.0023946102475162,-0.000410285684574172,0.018));
#938=CARTESIAN_POINT('',(0.0023946102475162,-0.000451952351240838,0.0170731277942492));
#939=CARTESIAN_POINT('',(0.0031973051237581,-0.000493619017907505,0.0166096916913738));
#940=CARTESIAN_POINT('',(0.00399999999999999,-0.000535285684574171,0.0161462555884984));
#941=CARTESIAN_POINT('',(0.00480269487624189,-0.000576952351240838,0.0166096916913738));
#942=CARTESIAN_POINT('',(0.00560538975248379,-0.000618619017907505,0.0170731277942492));
#943=CARTESIAN_POINT('',(0.00560538975248379,-0.000660285684574171,0.018));
#944=CARTESIAN_POINT('',(0.00560538975248379,-0.000701952351240838,0.0189268722057508));
#945=CARTESIAN_POINT('',(0.0048026948762419,-0.000743619017907505,0.0193903083086262));
#946=CARTESIAN_POINT('',(0.00399999999999999,-0.000785285684574171,0.0198537444115016));
#947=CARTESIAN_POINT('',(0.0031973051237581,-0.000826952351240838,0.0193903083086262));
#948=CARTESIAN_POINT('',(0.0023946102475162,-0.000868619017907504,0.0189268722057508));
#949=CARTESIAN_POINT('',(0.0023946102475162,-0.000910285684574171,0.018));
#950=CARTESIAN_POINT('',(0.0023946102475162,-0.000951952351240838,0.0170731277942492));
#951=CARTESIAN_POINT('',(0.0031973051237581,-0.000993619017907505,0.0166096916913738));
#952=CARTESIAN_POINT('',(0.00399999999999999,-0.00103528568457417,0.0161462555884984));
#953=CARTESIAN_POINT('',(0.00480269487624189,-0.00107695235124084,0.0166096916913738));
#954=CARTESIAN_POINT('',(0.00560538975248379,-0.0011186190179075,0.0170731277942492));
#955=CARTESIAN_POINT('',(0.00560538975248379,-0.00116028568457417,0.018));
#956=CARTESIAN_POINT('',(0.00560538975248379,-0.00120195235124084,0.0189268722057508));
#957=CARTESIAN_POINT('',(0.0048026948762419,-0.0012436190179075,0.0193903083086262));
#958=CARTESIAN_POINT('',(0.00399999999999999,-0.00128528568457417,0.0198537444115016));
#959=CARTESIAN_POINT('',(0.0031973051237581,-0.00132695235124084,0.0193903083086262));
#960=CARTESIAN_POINT('',(0.0023946102475162,-0.00136861901790751,0.0189268722057508));
#961=CARTESIAN_POINT('',(0.0023946102475162,-0.00141028568457417,0.018));
#962=CARTESIAN_POINT('',(0.0023946102475162,-0.00145195235124084,0.0170731277942492));
#963=CARTESIAN_POINT('',(0.0031973051237581,-0.0014936190179075,0.0166096916913738));
#964=CARTESIAN_POINT('',(0.00399999999999999,-0.00153528568457417,0.0161462555884984));
#965=CARTESIAN_POINT('',(0.00480269487624189,-0.00157695235124084,0.0166096916913738));
#966=CARTESIAN_POINT('',(0.00560538975248379,-0.0016186190179075,0.0170731277942492));
#967=CARTESIAN_POINT('',(0.00560538975248379,-0.00166028568457417,0.018));
#968=CARTESIAN_POINT('',(0.00560538975248379,-0.00170195235124084,0.0189268722057508));
#969=CARTESIAN_POINT('',(0.0048026948762419,-0.0017436190179075,0.0193903083086262));
#970=CARTESIAN_POINT('',(0.00399999999999999,-0.00178528568457417,0.0198537444115016));
#971=CARTESIAN_POINT('',(0.0031973051237581,-0.00182695235124084,0.0193903083086262));
#972=CARTESIAN_POINT('',(0.0023946102475162,-0.00186861901790751,0.0189268722057508));
#973=CARTESIAN_POINT('',(0.0023946102475162,-0.00191028568457417,0.018));
#974=CARTESIAN_POINT('',(0.0023946102475162,-0.00195195235124084,0.0170731277942492));
#975=CARTESIAN_POINT('',(0.0031973051237581,-0.0019936190179075,0.0166096916913738));
#976=CARTESIAN_POINT('',(0.00399999999999999,-0.00203528568457417,0.0161462555884984));
#977=CARTESIAN_POINT('',(0.00480269487624189,-0.00207695235124084,0.0166096916913738));
#978=CARTESIAN_POINT('',(0.00560538975248379,-0.00211861901790751,0.0170731277942492));
#979=CARTESIAN_POINT('',(0.00560538975248379,-0.00216028568457417,0.018));
#980=CARTESIAN_POINT('',(0.00560538975248379,0.000339714315425829,0.018));
#981=CARTESIAN_POINT('',(0.00560538975248379,0.000298047648759162,0.0189268722057508));
#982=CARTESIAN_POINT('',(0.0048026948762419,0.000256380982092495,0.0193903083086262));
#983=CARTESIAN_POINT('',(0.00399999999999999,0.000214714315425829,0.0198537444115016));
#984=CARTESIAN_POINT('',(0.0031973051237581,0.000173047648759162,0.0193903083086262));
#985=CARTESIAN_POINT('',(0.0023946102475162,0.000131380982092495,0.0189268722057508));
#986=CARTESIAN_POINT('',(0.0023946102475162,8.97143154258288E-5,0.018));
#987=CARTESIAN_POINT('',(0.0023946102475162,4.80476487591621E-5,0.0170731277942492));
#988=CARTESIAN_POINT('',(0.0031973051237581,6.38098209249544E-6,0.0166096916913738));
#989=CARTESIAN_POINT('',(0.00399999999999999,-3.52856845741712E-5,0.0161462555884984));
#990=CARTESIAN_POINT('',(0.00480269487624189,-7.69523512408379E-5,0.0166096916913738));
#991=CARTESIAN_POINT('',(0.00560538975248379,-0.000118619017907505,0.0170731277942492));
#992=CARTESIAN_POINT('',(0.00560538975248379,-0.000160285684574171,0.018));
#993=CARTESIAN_POINT('',(0.00560538975248379,-0.000201952351240838,0.0189268722057508));
#994=CARTESIAN_POINT('',(0.0048026948762419,-0.000243619017907505,0.0193903083086262));
#995=CARTESIAN_POINT('',(0.004,-0.000285285684574171,0.0198537444115016));
#996=CARTESIAN_POINT('',(0.0031973051237581,-0.000326952351240838,0.0193903083086262));
#997=CARTESIAN_POINT('',(0.0023946102475162,-0.000368619017907505,0.0189268722057508));
#998=CARTESIAN_POINT('',(0.0023946102475162,-0.000410285684574172,0.018));
#999=CARTESIAN_POINT('',(0.0023946102475162,-0.000451952351240838,0.0170731277942492));
#1000=CARTESIAN_POINT('',(0.0031973051237581,-0.000493619017907505,0.0166096916913738));
#1001=CARTESIAN_POINT('',(0.00399999999999999,-0.000535285684574171,0.0161462555884984));
#1002=CARTESIAN_POINT('',(0.00480269487624189,-0.000576952351240838,0.0166096916913738));
#1003=CARTESIAN_POINT('',(0.00560538975248379,-0.000618619017907505,0.0170731277942492));
#1004=CARTESIAN_POINT('',(0.00560538975248379,-0.000660285684574171,0.018));
#1005=CARTESIAN_POINT('',(0.00560538975248379,-0.000701952351240838,0.0189268722057508));
#1006=CARTESIAN_POINT('',(0.0048026948762419,-0.000743619017907505,0.0193903083086262));
#1007=CARTESIAN_POINT('',(0.004,-0.000785285684574171,0.0198537444115016));
#1008=CARTESIAN_POINT('',(0.0031973051237581,-0.000826952351240838,0.0193903083086262));
#1009=CARTESIAN_POINT('',(0.0023946102475162,-0.000868619017907504,0.0189268722057508));
#1010=CARTESIAN_POINT('',(0.0023946102475162,-0.000910285684574171,0.018));
#1011=CARTESIAN_POINT('',(0.0023946102475162,-0.000951952351240838,0.0170731277942492));
#1012=CARTESIAN_POINT('',(0.0031973051237581,-0.000993619017907505,0.0166096916913738));
#1013=CARTESIAN_POINT('',(0.00399999999999999,-0.00103528568457417,0.0161462555884984));
#1014=CARTESIAN_POINT('',(0.00480269487624189,-0.00107695235124084,0.0166096916913738));
#1015=CARTESIAN_POINT('',(0.00560538975248379,-0.0011186190179075,0.0170731277942492));
#1016=CARTESIAN_POINT('',(0.00560538975248379,-0.00116028568457417,0.018));
#1017=CARTESIAN_POINT('',(0.00560538975248379,-0.00120195235124084,0.0189268722057508));
#1018=CARTESIAN_POINT('',(0.0048026948762419,-0.0012436190179075,0.0193903083086262));
#1019=CARTESIAN_POINT('',(0.004,-0.00128528568457417,0.0198537444115016));
#1020=CARTESIAN_POINT('',(0.00319730512375811,-0.00132695235124084,0.0193903083086262));
#1021=CARTESIAN_POINT('',(0.0023946102475162,-0.00136861901790751,0.0189268722057508));
#1022=CARTESIAN_POINT('',(0.0023946102475162,-0.00141028568457417,0.018));
#1023=CARTESIAN_POINT('',(0.0023946102475162,-0.00145195235124084,0.0170731277942492));
#1024=CARTESIAN_POINT('',(0.0031973051237581,-0.0014936190179075,0.0166096916913738));
#1025=CARTESIAN_POINT('',(0.00399999999999999,-0.00153528568457417,0.0161462555884984));
#1026=CARTESIAN_POINT('',(0.00480269487624189,-0.00157695235124084,0.0166096916913738));
#1027=CARTESIAN_POINT('',(0.00560538975248379,-0.0016186190179075,0.0170731277942492));
#1028=CARTESIAN_POINT('',(0.00560538975248379,-0.00166028568457417,0.018));
#1029=CARTESIAN_POINT('',(0.00560538975248379,-0.00170195235124084,0.0189268722057508));
#1030=CARTESIAN_POINT('',(0.0048026948762419,-0.0017436190179075,0.0193903083086262));
#1031=CARTESIAN_POINT('',(0.004,-0.00178528568457417,0.0198537444115016));
#1032=CARTESIAN_POINT('',(0.00319730512375811,-0.00182695235124084,0.0193903083086262));
#1033=CARTESIAN_POINT('',(0.0023946102475162,-0.00186861901790751,0.0189268722057508));
#1034=CARTESIAN_POINT('',(0.0023946102475162,-0.00191028568457417,0.018));
#1035=CARTESIAN_POINT('',(0.0023946102475162,-0.00195195235124084,0.0170731277942492));
#1036=CARTESIAN_POINT('',(0.0031973051237581,-0.0019936190179075,0.0166096916913738));
#1037=CARTESIAN_POINT('',(0.00399999999999999,-0.00203528568457417,0.0161462555884984));
#1038=CARTESIAN_POINT('',(0.00480269487624189,-0.00207695235124084,0.0166096916913738));
#1039=CARTESIAN_POINT('',(0.00560538975248379,-0.00211861901790751,0.0170731277942492));
#1040=CARTESIAN_POINT('',(0.00560538975248379,-0.00216028568457417,0.018));
#1041=CARTESIAN_POINT('',(0.00557131141771363,-0.000144610250771792,0.0176709761620448));
#1042=CARTESIAN_POINT('',(0.00560538975248379,-0.00216028568457417,0.018));
#1043=CARTESIAN_POINT('',(0.00557131141771363,-0.000144610250771792,0.0176709761620448));
#1044=CARTESIAN_POINT('',(0.00561001827435243,-0.000194388710802856,0.0180987091630462));
#1045=CARTESIAN_POINT('',(0.00547178185003586,-0.000242513304507922,0.0185356383769677));
#1046=CARTESIAN_POINT('',(0.00517694230663631,-0.00030000000675359,0.0188469396713169));
#1047=CARTESIAN_POINT('',(0.0055276948762419,-0.00220514284228708,0.018));
#1048=CARTESIAN_POINT('',(0.00550263271727851,-0.000132213846969692,0.0174348706569783));
#1049=CARTESIAN_POINT('',(0.00560538975248379,-0.000147163289968965,0.017708093212021));
#1050=CARTESIAN_POINT('',(0.00560538975248379,-0.000160285684574171,0.018));
#1051=CARTESIAN_POINT('',(0.00560538975248379,-0.000201952351240838,0.0189268722057508));
#1052=CARTESIAN_POINT('',(0.0048026948762419,-0.000243619017907505,0.0193903083086262));
#1053=CARTESIAN_POINT('',(0.00399999999999999,-0.000285285684574172,0.0198537444115016));
#1054=CARTESIAN_POINT('',(0.0031973051237581,-0.000326952351240838,0.0193903083086262));
#1055=CARTESIAN_POINT('',(0.0023946102475162,-0.000368619017907505,0.0189268722057508));
#1056=CARTESIAN_POINT('',(0.0023946102475162,-0.000410285684574172,0.018));
#1057=CARTESIAN_POINT('',(0.0023946102475162,-0.000451952351240838,0.0170731277942492));
#1058=CARTESIAN_POINT('',(0.0031973051237581,-0.000493619017907505,0.0166096916913738));
#1059=CARTESIAN_POINT('',(0.00399999999999999,-0.000535285684574172,0.0161462555884984));
#1060=CARTESIAN_POINT('',(0.00480269487624189,-0.000576952351240838,0.0166096916913738));
#1061=CARTESIAN_POINT('',(0.00560538975248379,-0.000618619017907505,0.0170731277942492));
#1062=CARTESIAN_POINT('',(0.00560538975248379,-0.000660285684574172,0.018));
#1063=CARTESIAN_POINT('',(0.00560538975248379,-0.000701952351240838,0.0189268722057508));
#1064=CARTESIAN_POINT('',(0.0048026948762419,-0.000743619017907505,0.0193903083086262));
#1065=CARTESIAN_POINT('',(0.00399999999999999,-0.000785285684574171,0.0198537444115016));
#1066=CARTESIAN_POINT('',(0.0031973051237581,-0.000826952351240838,0.0193903083086262));
#1067=CARTESIAN_POINT('',(0.0023946102475162,-0.000868619017907505,0.0189268722057508));
#1068=CARTESIAN_POINT('',(0.0023946102475162,-0.000910285684574172,0.018));
#1069=CARTESIAN_POINT('',(0.0023946102475162,-0.000951952351240838,0.0170731277942492));
#1070=CARTESIAN_POINT('',(0.0031973051237581,-0.000993619017907505,0.0166096916913738));
#1071=CARTESIAN_POINT('',(0.00399999999999999,-0.00103528568457417,0.0161462555884984));
#1072=CARTESIAN_POINT('',(0.00480269487624189,-0.00107695235124084,0.0166096916913738));
#1073=CARTESIAN_POINT('',(0.00560538975248379,-0.0011186190179075,0.0170731277942492));
#1074=CARTESIAN_POINT('',(0.00560538975248379,-0.00116028568457417,0.018));
#1075=CARTESIAN_POINT('',(0.00560538975248379,-0.00120195235124084,0.0189268722057508));
#1076=CARTESIAN_POINT('',(0.0048026948762419,-0.0012436190179075,0.0193903083086262));
#1077=CARTESIAN_POINT('',(0.00399999999999999,-0.00128528568457417,0.0198537444115016));
#1078=CARTESIAN_POINT('',(0.0031973051237581,-0.00132695235124084,0.0193903083086262));
#1079=CARTESIAN_POINT('',(0.0023946102475162,-0.00136861901790751,0.0189268722057508));
#1080=CARTESIAN_POINT('',(0.0023946102475162,-0.00141028568457417,0.018));
#1081=CARTESIAN_POINT('',(0.0023946102475162,-0.00145195235124084,0.0170731277942492));
#1082=CARTESIAN_POINT('',(0.0031973051237581,-0.0014936190179075,0.0166096916913738));
#1083=CARTESIAN_POINT('',(0.00399999999999999,-0.00153528568457417,0.0161462555884984));
#1084=CARTESIAN_POINT('',(0.00480269487624189,-0.00157695235124084,0.0166096916913738));
#1085=CARTESIAN_POINT('',(0.00560538975248379,-0.00161861901790751,0.0170731277942492));
#1086=CARTESIAN_POINT('',(0.00560538975248379,-0.00166028568457417,0.018));
#1087=CARTESIAN_POINT('',(0.00560538975248379,-0.00170195235124084,0.0189268722057508));
#1088=CARTESIAN_POINT('',(0.0048026948762419,-0.0017436190179075,0.0193903083086262));
#1089=CARTESIAN_POINT('',(0.00399999999999999,-0.00178528568457417,0.0198537444115016));
#1090=CARTESIAN_POINT('',(0.0031973051237581,-0.00182695235124084,0.0193903083086262));
#1091=CARTESIAN_POINT('',(0.0023946102475162,-0.00186861901790751,0.0189268722057508));
#1092=CARTESIAN_POINT('',(0.0023946102475162,-0.00191028568457417,0.018));
#1093=CARTESIAN_POINT('',(0.0023946102475162,-0.00195195235124084,0.0170731277942492));
#1094=CARTESIAN_POINT('',(0.0031973051237581,-0.0019936190179075,0.0166096916913738));
#1095=CARTESIAN_POINT('',(0.00399999999999999,-0.00203528568457417,0.0161462555884984));
#1096=CARTESIAN_POINT('',(0.00480269487624189,-0.00207695235124084,0.0166096916913738));
#1097=CARTESIAN_POINT('',(0.00560538975248379,-0.00211861901790751,0.0170731277942492));
#1098=CARTESIAN_POINT('',(0.00560538975248379,-0.00216028568457417,0.018));
#1099=CARTESIAN_POINT('',(0.00535718907927677,-4.24995315438633E-5,0.017489570961747));
#1100=CARTESIAN_POINT('',(0.00545,-5.74489745431371E-5,0.0177363476115911));
#1101=CARTESIAN_POINT('',(0.00545,-7.0571369148343E-5,0.018));
#1102=CARTESIAN_POINT('',(0.00545,-0.00011223803581501,0.018837157890325));
#1103=CARTESIAN_POINT('',(0.004725,-0.000153904702481676,0.0192557368354874));
#1104=CARTESIAN_POINT('',(0.00399999999999999,-0.000195571369148343,0.0196743157806499));
#1105=CARTESIAN_POINT('',(0.003275,-0.000237238035815009,0.0192557368354874));
#1106=CARTESIAN_POINT('',(0.00254999999999999,-0.000278904702481676,0.018837157890325));
#1107=CARTESIAN_POINT('',(0.00255,-0.000320571369148343,0.018));
#1108=CARTESIAN_POINT('',(0.00254999999999999,-0.00036223803581501,0.017162842109675));
#1109=CARTESIAN_POINT('',(0.003275,-0.000403904702481676,0.0167442631645126));
#1110=CARTESIAN_POINT('',(0.00399999999999999,-0.000445571369148343,0.0163256842193501));
#1111=CARTESIAN_POINT('',(0.004725,-0.00048723803581501,0.0167442631645126));
#1112=CARTESIAN_POINT('',(0.00545,-0.000528904702481676,0.017162842109675));
#1113=CARTESIAN_POINT('',(0.00545,-0.000570571369148343,0.018));
#1114=CARTESIAN_POINT('',(0.00545,-0.000612238035815009,0.018837157890325));
#1115=CARTESIAN_POINT('',(0.004725,-0.000653904702481676,0.0192557368354874));
#1116=CARTESIAN_POINT('',(0.00399999999999999,-0.000695571369148343,0.0196743157806499));
#1117=CARTESIAN_POINT('',(0.003275,-0.00073723803581501,0.0192557368354874));
#1118=CARTESIAN_POINT('',(0.00254999999999999,-0.000778904702481676,0.018837157890325));
#1119=CARTESIAN_POINT('',(0.00255,-0.000820571369148343,0.018));
#1120=CARTESIAN_POINT('',(0.00254999999999999,-0.000862238035815009,0.017162842109675));
#1121=CARTESIAN_POINT('',(0.003275,-0.000903904702481676,0.0167442631645126));
#1122=CARTESIAN_POINT('',(0.00399999999999999,-0.000945571369148342,0.0163256842193501));
#1123=CARTESIAN_POINT('',(0.004725,-0.000987238035815009,0.0167442631645126));
#1124=CARTESIAN_POINT('',(0.00545,-0.00102890470248168,0.017162842109675));
#1125=CARTESIAN_POINT('',(0.00545,-0.00107057136914834,0.018));
#1126=CARTESIAN_POINT('',(0.00545,-0.00111223803581501,0.018837157890325));
#1127=CARTESIAN_POINT('',(0.004725,-0.00115390470248168,0.0192557368354874));
#1128=CARTESIAN_POINT('',(0.00399999999999999,-0.00119557136914834,0.0196743157806499));
#1129=CARTESIAN_POINT('',(0.003275,-0.00123723803581501,0.0192557368354874));
#1130=CARTESIAN_POINT('',(0.00254999999999999,-0.00127890470248167,0.018837157890325));
#1131=CARTESIAN_POINT('',(0.00255,-0.00132057136914834,0.018));
#1132=CARTESIAN_POINT('',(0.00254999999999999,-0.00136223803581501,0.017162842109675));
#1133=CARTESIAN_POINT('',(0.003275,-0.00140390470248168,0.0167442631645126));
#1134=CARTESIAN_POINT('',(0.00399999999999999,-0.00144557136914834,0.0163256842193501));
#1135=CARTESIAN_POINT('',(0.004725,-0.00148723803581501,0.0167442631645126));
#1136=CARTESIAN_POINT('',(0.00545,-0.00152890470248168,0.017162842109675));
#1137=CARTESIAN_POINT('',(0.00545,-0.00157057136914835,0.018));
#1138=CARTESIAN_POINT('',(0.00545,-0.00161223803581501,0.018837157890325));
#1139=CARTESIAN_POINT('',(0.004725,-0.00165390470248168,0.0192557368354874));
#1140=CARTESIAN_POINT('',(0.00399999999999999,-0.00169557136914834,0.0196743157806499));
#1141=CARTESIAN_POINT('',(0.003275,-0.00173723803581501,0.0192557368354874));
#1142=CARTESIAN_POINT('',(0.00254999999999999,-0.00177890470248168,0.018837157890325));
#1143=CARTESIAN_POINT('',(0.00255,-0.00182057136914835,0.018));
#1144=CARTESIAN_POINT('',(0.00254999999999999,-0.00186223803581501,0.017162842109675));
#1145=CARTESIAN_POINT('',(0.003275,-0.00190390470248167,0.0167442631645126));
#1146=CARTESIAN_POINT('',(0.00399999999999999,-0.00194557136914834,0.0163256842193501));
#1147=CARTESIAN_POINT('',(0.004725,-0.00198723803581501,0.0167442631645126));
#1148=CARTESIAN_POINT('',(0.00545,-0.00202890470248168,0.017162842109675));
#1149=CARTESIAN_POINT('',(0.00545,-0.00207057136914834,0.018));
#1150=CARTESIAN_POINT('',(0.00260163499708058,-0.000300000006753855,0.0183835040007747));
#1151=CARTESIAN_POINT('',(0.00269284653883939,-0.000286051258870955,0.0187688264785955));
#1152=CARTESIAN_POINT('',(0.00319936262228581,-0.000259258549615389,0.0194457311088965));
#1153=CARTESIAN_POINT('',(0.00445773483132829,-0.000218859328964684,0.0196271063809364));
#1154=CARTESIAN_POINT('',(0.00547914039746236,-0.00018145827466031,0.0188801924910243));
#1155=CARTESIAN_POINT('',(0.00564026789279586,-0.000156976833352806,0.0180606296349378));
#1156=CARTESIAN_POINT('',(0.00557131141771352,-0.000144610250771746,0.0176709761620444));
#1157=CARTESIAN_POINT('',(0.0055276948762419,-0.00211542852686126,0.018));
#1158=CARTESIAN_POINT('',(0.00407769487624189,-0.00216028568457417,0.018));
#1159=CARTESIAN_POINT('',(0.0125,-0.0145,0.003));
#1160=CARTESIAN_POINT('',(0.016750008,-0.00925,0.003));
#1161=CARTESIAN_POINT('',(0.019000008,-0.00925,0.003));
#1162=CARTESIAN_POINT('',(0.004250008,-0.00925,0.003));
#1163=CARTESIAN_POINT('',(0.006500008,-0.00925,0.003));
#1164=CARTESIAN_POINT('',(0.,-0.004,0.003));
#1165=CARTESIAN_POINT('',(0.0125,-0.0145,0.003));
#1166=CARTESIAN_POINT('',(0.0125,-0.0145,0.01525));
#1167=CARTESIAN_POINT('',(0.0125,-0.004,0.0045));
#1168=CARTESIAN_POINT('',(0.0125,-0.0015,0.0015));
#1169=CARTESIAN_POINT('',(0.004250008,-0.00925,-0.0005));
#1170=CARTESIAN_POINT('',(0.016750008,-0.00925,-0.0005));
#1171=CARTESIAN_POINT('',(0.004,0.,0.018));
#1172=CARTESIAN_POINT('',(0.0196428109207164,-0.000221928162396616,0.0174895709617651));
#1173=CARTESIAN_POINT('',(0.01955,-0.000236877605395291,0.017736347611601));
#1174=CARTESIAN_POINT('',(0.01955,-0.00025,0.018));
#1175=CARTESIAN_POINT('',(0.01955,-0.000291666666666667,0.018837157890325));
#1176=CARTESIAN_POINT('',(0.020275,-0.000333333333333334,0.0192557368354874));
#1177=CARTESIAN_POINT('',(0.021,-0.000375000000000001,0.0196743157806499));
#1178=CARTESIAN_POINT('',(0.021725,-0.000416666666666668,0.0192557368354874));
#1179=CARTESIAN_POINT('',(0.02245,-0.000458333333333334,0.018837157890325));
#1180=CARTESIAN_POINT('',(0.02245,-0.0005,0.018));
#1181=CARTESIAN_POINT('',(0.02245,-0.000541666666666668,0.017162842109675));
#1182=CARTESIAN_POINT('',(0.021725,-0.000583333333333334,0.0167442631645126));
#1183=CARTESIAN_POINT('',(0.021,-0.000625000000000001,0.0163256842193501));
#1184=CARTESIAN_POINT('',(0.020275,-0.000666666666666668,0.0167442631645126));
#1185=CARTESIAN_POINT('',(0.01955,-0.000708333333333334,0.017162842109675));
#1186=CARTESIAN_POINT('',(0.01955,-0.00075,0.018));
#1187=CARTESIAN_POINT('',(0.01955,-0.000791666666666667,0.018837157890325));
#1188=CARTESIAN_POINT('',(0.020275,-0.000833333333333334,0.0192557368354874));
#1189=CARTESIAN_POINT('',(0.021,-0.000875000000000001,0.0196743157806499));
#1190=CARTESIAN_POINT('',(0.021725,-0.000916666666666668,0.0192557368354874));
#1191=CARTESIAN_POINT('',(0.02245,-0.000958333333333334,0.018837157890325));
#1192=CARTESIAN_POINT('',(0.02245,-0.001,0.018));
#1193=CARTESIAN_POINT('',(0.02245,-0.00104166666666667,0.017162842109675));
#1194=CARTESIAN_POINT('',(0.021725,-0.00108333333333333,0.0167442631645126));
#1195=CARTESIAN_POINT('',(0.021,-0.001125,0.0163256842193501));
#1196=CARTESIAN_POINT('',(0.020275,-0.00116666666666667,0.0167442631645126));
#1197=CARTESIAN_POINT('',(0.01955,-0.00120833333333333,0.017162842109675));
#1198=CARTESIAN_POINT('',(0.01955,-0.00125,0.018));
#1199=CARTESIAN_POINT('',(0.01955,-0.00129166666666667,0.018837157890325));
#1200=CARTESIAN_POINT('',(0.020275,-0.00133333333333333,0.0192557368354874));
#1201=CARTESIAN_POINT('',(0.021,-0.001375,0.0196743157806499));
#1202=CARTESIAN_POINT('',(0.021725,-0.00141666666666667,0.0192557368354874));
#1203=CARTESIAN_POINT('',(0.02245,-0.00145833333333333,0.018837157890325));
#1204=CARTESIAN_POINT('',(0.02245,-0.0015,0.018));
#1205=CARTESIAN_POINT('',(0.02245,-0.00154166666666667,0.017162842109675));
#1206=CARTESIAN_POINT('',(0.021725,-0.00158333333333334,0.0167442631645126));
#1207=CARTESIAN_POINT('',(0.021,-0.001625,0.0163256842193501));
#1208=CARTESIAN_POINT('',(0.020275,-0.00166666666666667,0.0167442631645126));
#1209=CARTESIAN_POINT('',(0.01955,-0.00170833333333333,0.017162842109675));
#1210=CARTESIAN_POINT('',(0.01955,-0.00175,0.018));
#1211=CARTESIAN_POINT('',(0.01955,-0.00179166666666667,0.018837157890325));
#1212=CARTESIAN_POINT('',(0.020275,-0.00183333333333333,0.0192557368354874));
#1213=CARTESIAN_POINT('',(0.021,-0.001875,0.0196743157806499));
#1214=CARTESIAN_POINT('',(0.021725,-0.00191666666666667,0.0192557368354874));
#1215=CARTESIAN_POINT('',(0.02245,-0.00195833333333333,0.018837157890325));
#1216=CARTESIAN_POINT('',(0.02245,-0.002,0.018));
#1217=CARTESIAN_POINT('',(0.02245,-0.00204166666666667,0.017162842109675));
#1218=CARTESIAN_POINT('',(0.021725,-0.00208333333333334,0.0167442631645126));
#1219=CARTESIAN_POINT('',(0.021,-0.002125,0.0163256842193501));
#1220=CARTESIAN_POINT('',(0.020275,-0.00216666666666667,0.0167442631645126));
#1221=CARTESIAN_POINT('',(0.01955,-0.00220833333333333,0.017162842109675));
#1222=CARTESIAN_POINT('',(0.01955,-0.00225,0.018));
#1223=CARTESIAN_POINT('',(0.019497367282714,-0.000132213846970787,0.0174348706569983));
#1224=CARTESIAN_POINT('',(0.0193946102475162,-0.000147163289969463,0.017708093212032));
#1225=CARTESIAN_POINT('',(0.0193946102475162,-0.000160285684574172,0.018));
#1226=CARTESIAN_POINT('',(0.0193946102475162,-0.000201952351240839,0.0189268722057508));
#1227=CARTESIAN_POINT('',(0.0201973051237581,-0.000243619017907505,0.0193903083086262));
#1228=CARTESIAN_POINT('',(0.021,-0.000285285684574172,0.0198537444115016));
#1229=CARTESIAN_POINT('',(0.0218026948762419,-0.000326952351240839,0.0193903083086262));
#1230=CARTESIAN_POINT('',(0.0226053897524838,-0.000368619017907506,0.0189268722057508));
#1231=CARTESIAN_POINT('',(0.0226053897524838,-0.000410285684574173,0.018));
#1232=CARTESIAN_POINT('',(0.0226053897524838,-0.000451952351240839,0.0170731277942492));
#1233=CARTESIAN_POINT('',(0.0218026948762419,-0.000493619017907506,0.0166096916913738));
#1234=CARTESIAN_POINT('',(0.021,-0.000535285684574172,0.0161462555884984));
#1235=CARTESIAN_POINT('',(0.0201973051237581,-0.000576952351240839,0.0166096916913738));
#1236=CARTESIAN_POINT('',(0.0193946102475162,-0.000618619017907505,0.0170731277942492));
#1237=CARTESIAN_POINT('',(0.0193946102475162,-0.000660285684574172,0.018));
#1238=CARTESIAN_POINT('',(0.0193946102475162,-0.000701952351240839,0.0189268722057508));
#1239=CARTESIAN_POINT('',(0.0201973051237581,-0.000743619017907506,0.0193903083086262));
#1240=CARTESIAN_POINT('',(0.021,-0.000785285684574172,0.0198537444115016));
#1241=CARTESIAN_POINT('',(0.0218026948762419,-0.000826952351240839,0.0193903083086262));
#1242=CARTESIAN_POINT('',(0.0226053897524838,-0.000868619017907505,0.0189268722057508));
#1243=CARTESIAN_POINT('',(0.0226053897524838,-0.000910285684574172,0.018));
#1244=CARTESIAN_POINT('',(0.0226053897524838,-0.000951952351240839,0.0170731277942492));
#1245=CARTESIAN_POINT('',(0.0218026948762419,-0.000993619017907506,0.0166096916913738));
#1246=CARTESIAN_POINT('',(0.021,-0.00103528568457417,0.0161462555884984));
#1247=CARTESIAN_POINT('',(0.0201973051237581,-0.00107695235124084,0.0166096916913738));
#1248=CARTESIAN_POINT('',(0.0193946102475162,-0.00111861901790751,0.0170731277942492));
#1249=CARTESIAN_POINT('',(0.0193946102475162,-0.00116028568457417,0.018));
#1250=CARTESIAN_POINT('',(0.0193946102475162,-0.00120195235124084,0.0189268722057508));
#1251=CARTESIAN_POINT('',(0.0201973051237581,-0.00124361901790751,0.0193903083086262));
#1252=CARTESIAN_POINT('',(0.021,-0.00128528568457417,0.0198537444115016));
#1253=CARTESIAN_POINT('',(0.0218026948762419,-0.00132695235124084,0.0193903083086262));
#1254=CARTESIAN_POINT('',(0.0226053897524838,-0.00136861901790751,0.0189268722057508));
#1255=CARTESIAN_POINT('',(0.0226053897524838,-0.00141028568457417,0.018));
#1256=CARTESIAN_POINT('',(0.0226053897524838,-0.00145195235124084,0.0170731277942492));
#1257=CARTESIAN_POINT('',(0.0218026948762419,-0.00149361901790751,0.0166096916913738));
#1258=CARTESIAN_POINT('',(0.021,-0.00153528568457417,0.0161462555884984));
#1259=CARTESIAN_POINT('',(0.0201973051237581,-0.00157695235124084,0.0166096916913738));
#1260=CARTESIAN_POINT('',(0.0193946102475162,-0.00161861901790751,0.0170731277942492));
#1261=CARTESIAN_POINT('',(0.0193946102475162,-0.00166028568457417,0.018));
#1262=CARTESIAN_POINT('',(0.0193946102475162,-0.00170195235124084,0.0189268722057508));
#1263=CARTESIAN_POINT('',(0.0201973051237581,-0.0017436190179075,0.0193903083086262));
#1264=CARTESIAN_POINT('',(0.021,-0.00178528568457417,0.0198537444115016));
#1265=CARTESIAN_POINT('',(0.0218026948762419,-0.00182695235124084,0.0193903083086262));
#1266=CARTESIAN_POINT('',(0.0226053897524838,-0.00186861901790751,0.0189268722057508));
#1267=CARTESIAN_POINT('',(0.0226053897524838,-0.00191028568457417,0.018));
#1268=CARTESIAN_POINT('',(0.0226053897524838,-0.00195195235124084,0.0170731277942492));
#1269=CARTESIAN_POINT('',(0.0218026948762419,-0.0019936190179075,0.0166096916913738));
#1270=CARTESIAN_POINT('',(0.021,-0.00203528568457417,0.0161462555884984));
#1271=CARTESIAN_POINT('',(0.0201973051237581,-0.00207695235124084,0.0166096916913738));
#1272=CARTESIAN_POINT('',(0.0193946102475162,-0.00211861901790751,0.0170731277942492));
#1273=CARTESIAN_POINT('',(0.0193946102475162,-0.00216028568457417,0.018));
#1274=CARTESIAN_POINT('',(0.0198230576933639,-0.000300000006753763,0.0188469396713168));
#1275=CARTESIAN_POINT('',(0.0195282162265566,-0.000242512929489307,0.0185356363461705));
#1276=CARTESIAN_POINT('',(0.019389974405356,-0.000194398124977349,0.0180987900565327));
#1277=CARTESIAN_POINT('',(0.0194286885822845,-0.000144610250774182,0.0176709761620654));
#1278=CARTESIAN_POINT('',(0.0194286885822819,-0.000144610250772851,0.0176709761620658));
#1279=CARTESIAN_POINT('',(0.0193946102475162,0.000339714315425828,0.018));
#1280=CARTESIAN_POINT('',(0.0193946102475162,0.000298047648759161,0.0189268722057508));
#1281=CARTESIAN_POINT('',(0.0201973051237581,0.000256380982092494,0.0193903083086262));
#1282=CARTESIAN_POINT('',(0.021,0.000214714315425828,0.0198537444115016));
#1283=CARTESIAN_POINT('',(0.0218026948762419,0.000173047648759161,0.0193903083086262));
#1284=CARTESIAN_POINT('',(0.0226053897524838,0.000131380982092494,0.0189268722057508));
#1285=CARTESIAN_POINT('',(0.0226053897524838,8.97143154258275E-5,0.018));
#1286=CARTESIAN_POINT('',(0.0226053897524838,4.80476487591609E-5,0.0170731277942492));
#1287=CARTESIAN_POINT('',(0.0218026948762419,6.38098209249431E-6,0.0166096916913738));
#1288=CARTESIAN_POINT('',(0.021,-3.52856845741723E-5,0.0161462555884984));
#1289=CARTESIAN_POINT('',(0.0201973051237581,-7.69523512408388E-5,0.0166096916913738));
#1290=CARTESIAN_POINT('',(0.0193946102475162,-0.000118619017907505,0.0170731277942492));
#1291=CARTESIAN_POINT('',(0.0193946102475162,-0.000160285684574172,0.018));
#1292=CARTESIAN_POINT('',(0.0193946102475162,-0.000201952351240839,0.0189268722057508));
#1293=CARTESIAN_POINT('',(0.0201973051237581,-0.000243619017907505,0.0193903083086262));
#1294=CARTESIAN_POINT('',(0.021,-0.000285285684574172,0.0198537444115016));
#1295=CARTESIAN_POINT('',(0.0218026948762419,-0.000326952351240839,0.0193903083086262));
#1296=CARTESIAN_POINT('',(0.0226053897524838,-0.000368619017907506,0.0189268722057508));
#1297=CARTESIAN_POINT('',(0.0226053897524838,-0.000410285684574173,0.018));
#1298=CARTESIAN_POINT('',(0.0226053897524838,-0.000451952351240839,0.0170731277942492));
#1299=CARTESIAN_POINT('',(0.0218026948762419,-0.000493619017907506,0.0166096916913738));
#1300=CARTESIAN_POINT('',(0.021,-0.000535285684574172,0.0161462555884984));
#1301=CARTESIAN_POINT('',(0.0201973051237581,-0.000576952351240839,0.0166096916913738));
#1302=CARTESIAN_POINT('',(0.0193946102475162,-0.000618619017907505,0.0170731277942492));
#1303=CARTESIAN_POINT('',(0.0193946102475162,-0.000660285684574172,0.018));
#1304=CARTESIAN_POINT('',(0.0193946102475162,-0.000701952351240839,0.0189268722057508));
#1305=CARTESIAN_POINT('',(0.0201973051237581,-0.000743619017907506,0.0193903083086262));
#1306=CARTESIAN_POINT('',(0.021,-0.000785285684574172,0.0198537444115016));
#1307=CARTESIAN_POINT('',(0.0218026948762419,-0.000826952351240839,0.0193903083086262));
#1308=CARTESIAN_POINT('',(0.0226053897524838,-0.000868619017907505,0.0189268722057508));
#1309=CARTESIAN_POINT('',(0.0226053897524838,-0.000910285684574172,0.018));
#1310=CARTESIAN_POINT('',(0.0226053897524838,-0.000951952351240839,0.0170731277942492));
#1311=CARTESIAN_POINT('',(0.0218026948762419,-0.000993619017907506,0.0166096916913738));
#1312=CARTESIAN_POINT('',(0.021,-0.00103528568457417,0.0161462555884984));
#1313=CARTESIAN_POINT('',(0.0201973051237581,-0.00107695235124084,0.0166096916913738));
#1314=CARTESIAN_POINT('',(0.0193946102475162,-0.00111861901790751,0.0170731277942492));
#1315=CARTESIAN_POINT('',(0.0193946102475162,-0.00116028568457417,0.018));
#1316=CARTESIAN_POINT('',(0.0193946102475162,-0.00120195235124084,0.0189268722057508));
#1317=CARTESIAN_POINT('',(0.0201973051237581,-0.00124361901790751,0.0193903083086262));
#1318=CARTESIAN_POINT('',(0.021,-0.00128528568457417,0.0198537444115016));
#1319=CARTESIAN_POINT('',(0.0218026948762419,-0.00132695235124084,0.0193903083086262));
#1320=CARTESIAN_POINT('',(0.0226053897524838,-0.00136861901790751,0.0189268722057508));
#1321=CARTESIAN_POINT('',(0.0226053897524838,-0.00141028568457417,0.018));
#1322=CARTESIAN_POINT('',(0.0226053897524838,-0.00145195235124084,0.0170731277942492));
#1323=CARTESIAN_POINT('',(0.0218026948762419,-0.00149361901790751,0.0166096916913738));
#1324=CARTESIAN_POINT('',(0.021,-0.00153528568457417,0.0161462555884984));
#1325=CARTESIAN_POINT('',(0.0201973051237581,-0.00157695235124084,0.0166096916913738));
#1326=CARTESIAN_POINT('',(0.0193946102475162,-0.00161861901790751,0.0170731277942492));
#1327=CARTESIAN_POINT('',(0.0193946102475162,-0.00166028568457417,0.018));
#1328=CARTESIAN_POINT('',(0.0193946102475162,-0.00170195235124084,0.0189268722057508));
#1329=CARTESIAN_POINT('',(0.0201973051237581,-0.0017436190179075,0.0193903083086262));
#1330=CARTESIAN_POINT('',(0.021,-0.00178528568457417,0.0198537444115016));
#1331=CARTESIAN_POINT('',(0.0218026948762419,-0.00182695235124084,0.0193903083086262));
#1332=CARTESIAN_POINT('',(0.0226053897524838,-0.00186861901790751,0.0189268722057508));
#1333=CARTESIAN_POINT('',(0.0226053897524838,-0.00191028568457417,0.018));
#1334=CARTESIAN_POINT('',(0.0226053897524838,-0.00195195235124084,0.0170731277942492));
#1335=CARTESIAN_POINT('',(0.0218026948762419,-0.0019936190179075,0.0166096916913738));
#1336=CARTESIAN_POINT('',(0.021,-0.00203528568457417,0.0161462555884984));
#1337=CARTESIAN_POINT('',(0.0201973051237581,-0.00207695235124084,0.0166096916913738));
#1338=CARTESIAN_POINT('',(0.0193946102475162,-0.00211861901790751,0.0170731277942492));
#1339=CARTESIAN_POINT('',(0.0193946102475162,-0.00216028568457417,0.018));
#1340=CARTESIAN_POINT('',(0.0193946102475162,-0.00216028568457417,0.018));
#1341=CARTESIAN_POINT('',(0.0194723051237581,-0.00220514284228708,0.018));
#1342=CARTESIAN_POINT('',(0.0194973672827137,-0.000132213846970826,0.017434870656999));
#1343=CARTESIAN_POINT('',(0.0193946102475162,-0.00014716328996948,0.0177080932120324));
#1344=CARTESIAN_POINT('',(0.0193946102475162,-0.000160285684574172,0.018));
#1345=CARTESIAN_POINT('',(0.0193946102475162,-0.000201952351240839,0.0189268722057508));
#1346=CARTESIAN_POINT('',(0.0201973051237581,-0.000243619017907506,0.0193903083086262));
#1347=CARTESIAN_POINT('',(0.021,-0.000285285684574173,0.0198537444115016));
#1348=CARTESIAN_POINT('',(0.0218026948762419,-0.00032695235124084,0.0193903083086262));
#1349=CARTESIAN_POINT('',(0.0226053897524838,-0.000368619017907506,0.0189268722057508));
#1350=CARTESIAN_POINT('',(0.0226053897524838,-0.000410285684574173,0.018));
#1351=CARTESIAN_POINT('',(0.0226053897524838,-0.000451952351240839,0.0170731277942492));
#1352=CARTESIAN_POINT('',(0.0218026948762419,-0.000493619017907506,0.0166096916913738));
#1353=CARTESIAN_POINT('',(0.021,-0.000535285684574173,0.0161462555884984));
#1354=CARTESIAN_POINT('',(0.0201973051237581,-0.000576952351240839,0.0166096916913738));
#1355=CARTESIAN_POINT('',(0.0193946102475162,-0.000618619017907506,0.0170731277942492));
#1356=CARTESIAN_POINT('',(0.0193946102475162,-0.000660285684574173,0.018));
#1357=CARTESIAN_POINT('',(0.0193946102475162,-0.000701952351240839,0.0189268722057508));
#1358=CARTESIAN_POINT('',(0.0201973051237581,-0.000743619017907506,0.0193903083086262));
#1359=CARTESIAN_POINT('',(0.021,-0.000785285684574172,0.0198537444115016));
#1360=CARTESIAN_POINT('',(0.0218026948762419,-0.000826952351240839,0.0193903083086262));
#1361=CARTESIAN_POINT('',(0.0226053897524838,-0.000868619017907506,0.0189268722057508));
#1362=CARTESIAN_POINT('',(0.0226053897524838,-0.000910285684574173,0.018));
#1363=CARTESIAN_POINT('',(0.0226053897524838,-0.000951952351240839,0.0170731277942492));
#1364=CARTESIAN_POINT('',(0.0218026948762419,-0.000993619017907506,0.0166096916913738));
#1365=CARTESIAN_POINT('',(0.021,-0.00103528568457417,0.0161462555884984));
#1366=CARTESIAN_POINT('',(0.0201973051237581,-0.00107695235124084,0.0166096916913738));
#1367=CARTESIAN_POINT('',(0.0193946102475162,-0.00111861901790751,0.0170731277942492));
#1368=CARTESIAN_POINT('',(0.0193946102475162,-0.00116028568457417,0.018));
#1369=CARTESIAN_POINT('',(0.0193946102475162,-0.00120195235124084,0.0189268722057508));
#1370=CARTESIAN_POINT('',(0.0201973051237581,-0.00124361901790751,0.0193903083086262));
#1371=CARTESIAN_POINT('',(0.021,-0.00128528568457417,0.0198537444115016));
#1372=CARTESIAN_POINT('',(0.0218026948762419,-0.00132695235124084,0.0193903083086262));
#1373=CARTESIAN_POINT('',(0.0226053897524838,-0.00136861901790751,0.0189268722057508));
#1374=CARTESIAN_POINT('',(0.0226053897524838,-0.00141028568457417,0.018));
#1375=CARTESIAN_POINT('',(0.0226053897524838,-0.00145195235124084,0.0170731277942492));
#1376=CARTESIAN_POINT('',(0.0218026948762419,-0.00149361901790751,0.0166096916913738));
#1377=CARTESIAN_POINT('',(0.021,-0.00153528568457417,0.0161462555884984));
#1378=CARTESIAN_POINT('',(0.0201973051237581,-0.00157695235124084,0.0166096916913738));
#1379=CARTESIAN_POINT('',(0.0193946102475162,-0.00161861901790751,0.0170731277942492));
#1380=CARTESIAN_POINT('',(0.0193946102475162,-0.00166028568457417,0.018));
#1381=CARTESIAN_POINT('',(0.0193946102475162,-0.00170195235124084,0.0189268722057508));
#1382=CARTESIAN_POINT('',(0.0201973051237581,-0.0017436190179075,0.0193903083086262));
#1383=CARTESIAN_POINT('',(0.021,-0.00178528568457417,0.0198537444115016));
#1384=CARTESIAN_POINT('',(0.0218026948762419,-0.00182695235124084,0.0193903083086262));
#1385=CARTESIAN_POINT('',(0.0226053897524838,-0.00186861901790751,0.0189268722057508));
#1386=CARTESIAN_POINT('',(0.0226053897524838,-0.00191028568457417,0.018));
#1387=CARTESIAN_POINT('',(0.0226053897524838,-0.00195195235124084,0.0170731277942492));
#1388=CARTESIAN_POINT('',(0.0218026948762419,-0.0019936190179075,0.0166096916913738));
#1389=CARTESIAN_POINT('',(0.021,-0.00203528568457417,0.0161462555884984));
#1390=CARTESIAN_POINT('',(0.0201973051237581,-0.00207695235124084,0.0166096916913738));
#1391=CARTESIAN_POINT('',(0.0193946102475162,-0.00211861901790751,0.0170731277942492));
#1392=CARTESIAN_POINT('',(0.0193946102475162,-0.00216028568457417,0.018));
#1393=CARTESIAN_POINT('',(0.0196428109207162,-4.24995315449976E-5,0.0174895709617657));
#1394=CARTESIAN_POINT('',(0.01955,-5.74489745436518E-5,0.0177363476116014));
#1395=CARTESIAN_POINT('',(0.01955,-7.05713691483439E-5,0.018));
#1396=CARTESIAN_POINT('',(0.01955,-0.000112238035815011,0.018837157890325));
#1397=CARTESIAN_POINT('',(0.020275,-0.000153904702481677,0.0192557368354874));
#1398=CARTESIAN_POINT('',(0.021,-0.000195571369148344,0.0196743157806499));
#1399=CARTESIAN_POINT('',(0.021725,-0.000237238035815011,0.0192557368354874));
#1400=CARTESIAN_POINT('',(0.02245,-0.000278904702481677,0.018837157890325));
#1401=CARTESIAN_POINT('',(0.02245,-0.000320571369148345,0.018));
#1402=CARTESIAN_POINT('',(0.02245,-0.000362238035815011,0.017162842109675));
#1403=CARTESIAN_POINT('',(0.021725,-0.000403904702481677,0.0167442631645126));
#1404=CARTESIAN_POINT('',(0.021,-0.000445571369148344,0.0163256842193501));
#1405=CARTESIAN_POINT('',(0.020275,-0.000487238035815011,0.0167442631645126));
#1406=CARTESIAN_POINT('',(0.01955,-0.000528904702481677,0.017162842109675));
#1407=CARTESIAN_POINT('',(0.01955,-0.000570571369148344,0.018));
#1408=CARTESIAN_POINT('',(0.01955,-0.00061223803581501,0.018837157890325));
#1409=CARTESIAN_POINT('',(0.020275,-0.000653904702481677,0.0192557368354874));
#1410=CARTESIAN_POINT('',(0.021,-0.000695571369148343,0.0196743157806499));
#1411=CARTESIAN_POINT('',(0.021725,-0.000737238035815011,0.0192557368354874));
#1412=CARTESIAN_POINT('',(0.02245,-0.000778904702481678,0.018837157890325));
#1413=CARTESIAN_POINT('',(0.02245,-0.000820571369148344,0.018));
#1414=CARTESIAN_POINT('',(0.02245,-0.000862238035815011,0.017162842109675));
#1415=CARTESIAN_POINT('',(0.021725,-0.000903904702481677,0.0167442631645126));
#1416=CARTESIAN_POINT('',(0.021,-0.000945571369148344,0.0163256842193501));
#1417=CARTESIAN_POINT('',(0.020275,-0.00098723803581501,0.0167442631645126));
#1418=CARTESIAN_POINT('',(0.01955,-0.00102890470248168,0.017162842109675));
#1419=CARTESIAN_POINT('',(0.01955,-0.00107057136914834,0.018));
#1420=CARTESIAN_POINT('',(0.01955,-0.00111223803581501,0.018837157890325));
#1421=CARTESIAN_POINT('',(0.020275,-0.00115390470248168,0.0192557368354874));
#1422=CARTESIAN_POINT('',(0.021,-0.00119557136914835,0.0196743157806499));
#1423=CARTESIAN_POINT('',(0.021725,-0.00123723803581501,0.0192557368354874));
#1424=CARTESIAN_POINT('',(0.02245,-0.00127890470248168,0.018837157890325));
#1425=CARTESIAN_POINT('',(0.02245,-0.00132057136914834,0.018));
#1426=CARTESIAN_POINT('',(0.02245,-0.00136223803581501,0.017162842109675));
#1427=CARTESIAN_POINT('',(0.021725,-0.00140390470248168,0.0167442631645126));
#1428=CARTESIAN_POINT('',(0.021,-0.00144557136914835,0.0163256842193501));
#1429=CARTESIAN_POINT('',(0.020275,-0.00148723803581501,0.0167442631645126));
#1430=CARTESIAN_POINT('',(0.01955,-0.00152890470248168,0.017162842109675));
#1431=CARTESIAN_POINT('',(0.01955,-0.00157057136914835,0.018));
#1432=CARTESIAN_POINT('',(0.01955,-0.00161223803581501,0.018837157890325));
#1433=CARTESIAN_POINT('',(0.020275,-0.00165390470248168,0.0192557368354874));
#1434=CARTESIAN_POINT('',(0.021,-0.00169557136914834,0.0196743157806499));
#1435=CARTESIAN_POINT('',(0.021725,-0.00173723803581501,0.0192557368354874));
#1436=CARTESIAN_POINT('',(0.02245,-0.00177890470248168,0.018837157890325));
#1437=CARTESIAN_POINT('',(0.02245,-0.00182057136914835,0.018));
#1438=CARTESIAN_POINT('',(0.02245,-0.00186223803581501,0.017162842109675));
#1439=CARTESIAN_POINT('',(0.021725,-0.00190390470248167,0.0167442631645126));
#1440=CARTESIAN_POINT('',(0.021,-0.00194557136914835,0.0163256842193501));
#1441=CARTESIAN_POINT('',(0.020275,-0.00198723803581501,0.0167442631645126));
#1442=CARTESIAN_POINT('',(0.01955,-0.00202890470248168,0.017162842109675));
#1443=CARTESIAN_POINT('',(0.01955,-0.00207057136914834,0.018));
#1444=CARTESIAN_POINT('',(0.0194286885822822,-0.000144610250772574,0.0176709761620657));
#1445=CARTESIAN_POINT('',(0.0193596812951672,-0.000156985945931644,0.0180609167593674));
#1446=CARTESIAN_POINT('',(0.0195216513093088,-0.000181511415486049,0.0188816033890906));
#1447=CARTESIAN_POINT('',(0.0205430948014554,-0.000218879826825234,0.0196272467619893));
#1448=CARTESIAN_POINT('',(0.0218015176781962,-0.000259294063271601,0.0194449973830981));
#1449=CARTESIAN_POINT('',(0.0223071317923257,-0.000286047945111435,0.0187689180184251));
#1450=CARTESIAN_POINT('',(0.0223983650029191,-0.00030000000675375,0.0183835040007758));
#1451=CARTESIAN_POINT('',(0.0194723051237581,-0.00211542852686126,0.018));
#1452=CARTESIAN_POINT('',(0.0209223051237581,-0.00216028568457417,0.018));
#1453=CARTESIAN_POINT('',(0.021,0.,0.018));
#1454=MECHANICAL_DESIGN_GEOMETRIC_PRESENTATION_REPRESENTATION('',(#409),
#1455);
#1455=(
GEOMETRIC_REPRESENTATION_CONTEXT(3)
GLOBAL_UNCERTAINTY_ASSIGNED_CONTEXT((#1456))
GLOBAL_UNIT_ASSIGNED_CONTEXT((#1459,#1458,#1457))
REPRESENTATION_CONTEXT('Part 1','TOP_LEVEL_ASSEMBLY_PART')
);
#1456=UNCERTAINTY_MEASURE_WITH_UNIT(LENGTH_MEASURE(2.E-5),#1459,
'DISTANCE_ACCURACY_VALUE','Maximum Tolerance applied to model');
#1457=(
NAMED_UNIT(*)
SI_UNIT($,.STERADIAN.)
SOLID_ANGLE_UNIT()
);
#1458=(
NAMED_UNIT(*)
PLANE_ANGLE_UNIT()
SI_UNIT($,.RADIAN.)
);
#1459=(
LENGTH_UNIT()
NAMED_UNIT(*)
SI_UNIT($,.METRE.)
);
#1460=PRODUCT_DEFINITION_SHAPE('','',#1461);
#1461=PRODUCT_DEFINITION('','',#1463,#1462);
#1462=PRODUCT_DEFINITION_CONTEXT('',#1469,'design');
#1463=PRODUCT_DEFINITION_FORMATION_WITH_SPECIFIED_SOURCE('','',#1465,
 .NOT_KNOWN.);
#1464=PRODUCT_RELATED_PRODUCT_CATEGORY('','',(#1465));
#1465=PRODUCT('Part 1','Part 1','Part 1',(#1467));
#1466=PRODUCT_CATEGORY('','');
#1467=PRODUCT_CONTEXT('',#1469,'mechanical');
#1468=APPLICATION_PROTOCOL_DEFINITION('international standard',
'ap242_managed_model_based_3d_engineering',2020,#1469);
#1469=APPLICATION_CONTEXT('managed model based 3d engineering');
ENDSEC;
END-ISO-10303-21;
