ISO-10303-21;
HEADER;
/* Generated by software containing ST-Developer
 * from STEP Tools, Inc. (www.steptools.com) 
 */
/* OPTION: using custom renumber hook */

FILE_DESCRIPTION(
/* description */ ('STEP AP242 Edition 2',
'CAx-IF Rec.Pracs.---Representation and Presentation of Product Manufa
cturing Information (PMI)---4.0---2014-10-13',
'CAx-IF Rec.Pracs.---3D Tessellated Geometry---0.4---2014-09-14','2;1',
'CAx-IF Rec.Pracs.---User Defined Attributes---1.5---2016-08-15'),
/* implementation_level */ '2;1');

FILE_NAME(
/* name */ 'Part Studio 1 - Part 6',
/* time_stamp */ '2026-08-30T22:05:41Z',
/* author */ (''),
/* organization */ (''),
/* preprocessor_version */ 'ST-DEVELOPER v20',
/* originating_system */ 'ONSHAPE BY PTC INC, 1.220',
/* authorisation */ '  ');

FILE_SCHEMA (('AP242_MANAGED_MODEL_BASED_3D_ENGINEERING_MIM_LF { 1 0 10303 442 3 1 4 }'));
ENDSEC;

DATA;
#10=SHAPE_REPRESENTATION_RELATIONSHIP('','',#3168,#11);
#11=ADVANCED_BREP_SHAPE_REPRESENTATION('',(#3166),#6033);
#12=B_SPLINE_SURFACE_WITH_KNOTS('',3,1,((#4719,#4720),(#4721,#4722),(#4723,
#4724),(#4725,#4726)),.SURF_OF_LINEAR_EXTRUSION.,.F.,.F.,.F.,(4,4),(2,2),
(0.,1.),(0.,1.),.PIECEWISE_BEZIER_KNOTS.);
#13=B_SPLINE_SURFACE_WITH_KNOTS('',3,1,((#4747,#4748),(#4749,#4750),(#4751,
#4752),(#4753,#4754),(#4755,#4756)),.SURF_OF_LINEAR_EXTRUSION.,.F.,.F.,
 .F.,(4,1,4),(2,2),(9.20598266646309E-14,9.24580827118214E-5,0.000184916165331583),
(0.,1.),.UNSPECIFIED.);
#14=B_SPLINE_SURFACE_WITH_KNOTS('',3,1,((#4771,#4772),(#4773,#4774),(#4775,
#4776),(#4777,#4778),(#4779,#4780)),.SURF_OF_LINEAR_EXTRUSION.,.F.,.F.,
 .F.,(4,1,4),(2,2),(5.29093934876746E-12,9.18533818133827E-5,0.000183706758335826),
(0.,1.),.UNSPECIFIED.);
#15=B_SPLINE_SURFACE_WITH_KNOTS('',3,1,((#4803,#4804),(#4805,#4806),(#4807,
#4808),(#4809,#4810)),.SURF_OF_LINEAR_EXTRUSION.,.F.,.F.,.F.,(4,4),(2,2),
(0.,1.),(0.,1.),.PIECEWISE_BEZIER_KNOTS.);
#16=B_SPLINE_SURFACE_WITH_KNOTS('',3,1,((#4823,#4824),(#4825,#4826),(#4827,
#4828),(#4829,#4830)),.SURF_OF_LINEAR_EXTRUSION.,.F.,.F.,.F.,(4,4),(2,2),
(0.513577850547307,0.614798605103506),(0.,1.),.PIECEWISE_BEZIER_KNOTS.);
#17=B_SPLINE_SURFACE_WITH_KNOTS('',3,1,((#4845,#4846),(#4847,#4848),(#4849,
#4850),(#4851,#4852)),.SURF_OF_LINEAR_EXTRUSION.,.F.,.F.,.F.,(4,4),(2,2),
(0.61479859547079,0.722184460177444),(0.,1.),.PIECEWISE_BEZIER_KNOTS.);
#18=B_SPLINE_SURFACE_WITH_KNOTS('',3,1,((#4876,#4877),(#4878,#4879),(#4880,
#4881),(#4882,#4883)),.SURF_OF_LINEAR_EXTRUSION.,.F.,.F.,.F.,(4,4),(2,2),
(0.,1.),(0.,1.),.PIECEWISE_BEZIER_KNOTS.);
#19=B_SPLINE_SURFACE_WITH_KNOTS('',3,1,((#4896,#4897),(#4898,#4899),(#4900,
#4901),(#4902,#4903)),.SURF_OF_LINEAR_EXTRUSION.,.F.,.F.,.F.,(4,4),(2,2),
(0.,1.),(0.,1.),.PIECEWISE_BEZIER_KNOTS.);
#20=B_SPLINE_SURFACE_WITH_KNOTS('',3,1,((#4924,#4925),(#4926,#4927),(#4928,
#4929),(#4930,#4931)),.SURF_OF_LINEAR_EXTRUSION.,.F.,.F.,.F.,(4,4),(2,2),
(0.,1.),(0.,1.),.PIECEWISE_BEZIER_KNOTS.);
#21=B_SPLINE_SURFACE_WITH_KNOTS('',3,1,((#4944,#4945),(#4946,#4947),(#4948,
#4949),(#4950,#4951)),.SURF_OF_LINEAR_EXTRUSION.,.F.,.F.,.F.,(4,4),(2,2),
(0.,1.),(0.,1.),.PIECEWISE_BEZIER_KNOTS.);
#22=B_SPLINE_SURFACE_WITH_KNOTS('',3,1,((#4972,#4973),(#4974,#4975),(#4976,
#4977),(#4978,#4979)),.SURF_OF_LINEAR_EXTRUSION.,.F.,.F.,.F.,(4,4),(2,2),
(0.,1.),(0.,1.),.PIECEWISE_BEZIER_KNOTS.);
#23=B_SPLINE_SURFACE_WITH_KNOTS('',3,1,((#4992,#4993),(#4994,#4995),(#4996,
#4997),(#4998,#4999)),.SURF_OF_LINEAR_EXTRUSION.,.F.,.F.,.F.,(4,4),(2,2),
(0.,1.),(0.,1.),.PIECEWISE_BEZIER_KNOTS.);
#24=B_SPLINE_SURFACE_WITH_KNOTS('',3,1,((#5020,#5021),(#5022,#5023),(#5024,
#5025),(#5026,#5027)),.SURF_OF_LINEAR_EXTRUSION.,.F.,.F.,.F.,(4,4),(2,2),
(0.,1.),(0.,1.),.PIECEWISE_BEZIER_KNOTS.);
#25=B_SPLINE_SURFACE_WITH_KNOTS('',3,1,((#5040,#5041),(#5042,#5043),(#5044,
#5045),(#5046,#5047)),.SURF_OF_LINEAR_EXTRUSION.,.F.,.F.,.F.,(4,4),(2,2),
(0.,1.),(0.,1.),.PIECEWISE_BEZIER_KNOTS.);
#26=B_SPLINE_SURFACE_WITH_KNOTS('',3,1,((#5068,#5069),(#5070,#5071),(#5072,
#5073),(#5074,#5075)),.SURF_OF_LINEAR_EXTRUSION.,.F.,.F.,.F.,(4,4),(2,2),
(0.,1.),(0.,1.),.PIECEWISE_BEZIER_KNOTS.);
#27=B_SPLINE_SURFACE_WITH_KNOTS('',3,1,((#5088,#5089),(#5090,#5091),(#5092,
#5093),(#5094,#5095)),.SURF_OF_LINEAR_EXTRUSION.,.F.,.F.,.F.,(4,4),(2,2),
(0.,1.),(0.,1.),.PIECEWISE_BEZIER_KNOTS.);
#28=B_SPLINE_SURFACE_WITH_KNOTS('',3,1,((#5116,#5117),(#5118,#5119),(#5120,
#5121),(#5122,#5123)),.SURF_OF_LINEAR_EXTRUSION.,.F.,.F.,.F.,(4,4),(2,2),
(0.,1.),(0.,1.),.PIECEWISE_BEZIER_KNOTS.);
#29=B_SPLINE_SURFACE_WITH_KNOTS('',3,1,((#5136,#5137),(#5138,#5139),(#5140,
#5141),(#5142,#5143),(#5144,#5145)),.SURF_OF_LINEAR_EXTRUSION.,.F.,.F.,
 .F.,(4,1,4),(2,2),(5.29094895179906E-12,9.18533818133872E-5,0.000183706758335826),
(0.,1.),.UNSPECIFIED.);
#30=B_SPLINE_SURFACE_WITH_KNOTS('',3,1,((#5168,#5169),(#5170,#5171),(#5172,
#5173),(#5174,#5175),(#5176,#5177)),.SURF_OF_LINEAR_EXTRUSION.,.F.,.F.,
 .F.,(4,1,4),(2,2),(9.20801488649309E-14,9.24591080415056E-5,0.000184918215990931),
(0.,1.),.UNSPECIFIED.);
#31=B_SPLINE_SURFACE_WITH_KNOTS('',3,1,((#5192,#5193),(#5194,#5195),(#5196,
#5197),(#5198,#5199)),.SURF_OF_LINEAR_EXTRUSION.,.F.,.F.,.F.,(4,4),(2,2),
(0.,1.),(0.,1.),.PIECEWISE_BEZIER_KNOTS.);
#32=B_SPLINE_SURFACE_WITH_KNOTS('',3,1,((#5220,#5221),(#5222,#5223),(#5224,
#5225),(#5226,#5227)),.SURF_OF_LINEAR_EXTRUSION.,.F.,.F.,.F.,(4,4),(2,2),
(0.277815539706234,0.486422149448675),(0.,1.),.PIECEWISE_BEZIER_KNOTS.);
#33=B_SPLINE_SURFACE_WITH_KNOTS('',3,1,((#5246,#5247),(#5248,#5249),(#5250,
#5251),(#5252,#5253)),.SURF_OF_LINEAR_EXTRUSION.,.F.,.F.,.F.,(4,4),(2,2),
(0.,1.),(0.,1.),.PIECEWISE_BEZIER_KNOTS.);
#34=B_SPLINE_SURFACE_WITH_KNOTS('',3,1,((#5274,#5275),(#5276,#5277),(#5278,
#5279),(#5280,#5281),(#5282,#5283)),.SURF_OF_LINEAR_EXTRUSION.,.F.,.F.,
 .F.,(4,1,4),(2,2),(9.20869797934205E-14,9.2458082711789E-5,0.000184916165331491),
(0.,1.),.UNSPECIFIED.);
#35=B_SPLINE_SURFACE_WITH_KNOTS('',3,1,((#5298,#5299),(#5300,#5301),(#5302,
#5303),(#5304,#5305)),.SURF_OF_LINEAR_EXTRUSION.,.F.,.F.,.F.,(4,4),(2,2),
(0.,1.),(0.,1.),.PIECEWISE_BEZIER_KNOTS.);
#36=B_SPLINE_SURFACE_WITH_KNOTS('',3,1,((#5326,#5327),(#5328,#5329),(#5330,
#5331),(#5332,#5333)),.SURF_OF_LINEAR_EXTRUSION.,.F.,.F.,.F.,(4,4),(2,2),
(0.,1.),(0.,1.),.PIECEWISE_BEZIER_KNOTS.);
#37=B_SPLINE_SURFACE_WITH_KNOTS('',3,1,((#5346,#5347),(#5348,#5349),(#5350,
#5351),(#5352,#5353)),.SURF_OF_LINEAR_EXTRUSION.,.F.,.F.,.F.,(4,4),(2,2),
(0.,1.),(0.,1.),.PIECEWISE_BEZIER_KNOTS.);
#38=B_SPLINE_SURFACE_WITH_KNOTS('',3,1,((#5374,#5375),(#5376,#5377),(#5378,
#5379),(#5380,#5381)),.SURF_OF_LINEAR_EXTRUSION.,.F.,.F.,.F.,(4,4),(2,2),
(-0.0118395782005017,1.),(0.,1.),.PIECEWISE_BEZIER_KNOTS.);
#39=B_SPLINE_SURFACE_WITH_KNOTS('',3,1,((#5397,#5398),(#5399,#5400),(#5401,
#5402),(#5403,#5404)),.SURF_OF_LINEAR_EXTRUSION.,.F.,.F.,.F.,(4,4),(2,2),
(0.,1.),(0.,1.),.PIECEWISE_BEZIER_KNOTS.);
#40=B_SPLINE_SURFACE_WITH_KNOTS('',3,1,((#5425,#5426),(#5427,#5428),(#5429,
#5430),(#5431,#5432)),.SURF_OF_LINEAR_EXTRUSION.,.F.,.F.,.F.,(4,4),(2,2),
(0.,1.),(0.,1.),.PIECEWISE_BEZIER_KNOTS.);
#41=B_SPLINE_SURFACE_WITH_KNOTS('',3,1,((#5445,#5446),(#5447,#5448),(#5449,
#5450),(#5451,#5452)),.SURF_OF_LINEAR_EXTRUSION.,.F.,.F.,.F.,(4,4),(2,2),
(0.0135778504943418,0.222184460233124),(0.,1.),.PIECEWISE_BEZIER_KNOTS.);
#42=B_SPLINE_SURFACE_WITH_KNOTS('',3,1,((#5476,#5477),(#5478,#5479),(#5480,
#5481),(#5482,#5483)),.SURF_OF_LINEAR_EXTRUSION.,.F.,.F.,.F.,(4,4),(2,2),
(0.,1.),(0.,1.),.PIECEWISE_BEZIER_KNOTS.);
#43=B_SPLINE_SURFACE_WITH_KNOTS('',3,1,((#5496,#5497),(#5498,#5499),(#5500,
#5501),(#5502,#5503)),.SURF_OF_LINEAR_EXTRUSION.,.F.,.F.,.F.,(4,4),(2,2),
(0.,1.),(0.,1.),.PIECEWISE_BEZIER_KNOTS.);
#44=B_SPLINE_SURFACE_WITH_KNOTS('',3,1,((#5524,#5525),(#5526,#5527),(#5528,
#5529),(#5530,#5531)),.SURF_OF_LINEAR_EXTRUSION.,.F.,.F.,.F.,(4,4),(2,2),
(0.,1.),(0.,1.),.PIECEWISE_BEZIER_KNOTS.);
#45=B_SPLINE_SURFACE_WITH_KNOTS('',3,1,((#5544,#5545),(#5546,#5547),(#5548,
#5549),(#5550,#5551)),.SURF_OF_LINEAR_EXTRUSION.,.F.,.F.,.F.,(4,4),(2,2),
(0.,1.),(0.,1.),.PIECEWISE_BEZIER_KNOTS.);
#46=B_SPLINE_SURFACE_WITH_KNOTS('',3,1,((#5572,#5573),(#5574,#5575),(#5576,
#5577),(#5578,#5579)),.SURF_OF_LINEAR_EXTRUSION.,.F.,.F.,.F.,(4,4),(2,2),
(0.,1.),(0.,1.),.PIECEWISE_BEZIER_KNOTS.);
#47=B_SPLINE_SURFACE_WITH_KNOTS('',3,1,((#5592,#5593),(#5594,#5595),(#5596,
#5597),(#5598,#5599)),.SURF_OF_LINEAR_EXTRUSION.,.F.,.F.,.F.,(4,4),(2,2),
(0.,1.),(0.,1.),.PIECEWISE_BEZIER_KNOTS.);
#48=B_SPLINE_SURFACE_WITH_KNOTS('',3,1,((#5620,#5621),(#5622,#5623),(#5624,
#5625),(#5626,#5627)),.SURF_OF_LINEAR_EXTRUSION.,.F.,.F.,.F.,(4,4),(2,2),
(0.,1.),(0.,1.),.PIECEWISE_BEZIER_KNOTS.);
#49=B_SPLINE_SURFACE_WITH_KNOTS('',3,1,((#5640,#5641),(#5642,#5643),(#5644,
#5645),(#5646,#5647),(#5648,#5649)),.SURF_OF_LINEAR_EXTRUSION.,.F.,.F.,
 .F.,(4,1,4),(2,2),(5.29094280443977E-12,9.18533818133924E-5,0.000183706758335842),
(0.,1.),.UNSPECIFIED.);
#50=B_SPLINE_SURFACE_WITH_KNOTS('',3,1,((#5672,#5673),(#5674,#5675),(#5676,
#5677),(#5678,#5679)),.SURF_OF_LINEAR_EXTRUSION.,.F.,.F.,.F.,(4,4),(2,2),
(0.,1.),(0.,1.),.PIECEWISE_BEZIER_KNOTS.);
#51=B_SPLINE_SURFACE_WITH_KNOTS('',3,1,((#5692,#5693),(#5694,#5695),(#5696,
#5697),(#5698,#5699)),.SURF_OF_LINEAR_EXTRUSION.,.F.,.F.,.F.,(4,4),(2,2),
(0.,1.),(0.,1.),.PIECEWISE_BEZIER_KNOTS.);
#52=B_SPLINE_SURFACE_WITH_KNOTS('',3,1,((#5720,#5721),(#5722,#5723),(#5724,
#5725),(#5726,#5727)),.SURF_OF_LINEAR_EXTRUSION.,.F.,.F.,.F.,(4,4),(2,2),
(0.,1.),(0.,1.),.PIECEWISE_BEZIER_KNOTS.);
#53=B_SPLINE_SURFACE_WITH_KNOTS('',3,1,((#5740,#5741),(#5742,#5743),(#5744,
#5745),(#5746,#5747),(#5748,#5749)),.SURF_OF_LINEAR_EXTRUSION.,.F.,.F.,
 .F.,(4,1,4),(2,2),(5.29093885223845E-12,9.18533818133819E-5,0.000183706758335825),
(0.,1.),.UNSPECIFIED.);
#54=B_SPLINE_SURFACE_WITH_KNOTS('',3,1,((#5772,#5773),(#5774,#5775),(#5776,
#5777),(#5778,#5779),(#5780,#5781)),.SURF_OF_LINEAR_EXTRUSION.,.F.,.F.,
 .F.,(4,1,4),(2,2),(9.20704802403389E-14,9.24580827118187E-5,0.000184916165331567),
(0.,1.),.UNSPECIFIED.);
#55=B_SPLINE_SURFACE_WITH_KNOTS('',3,1,((#5796,#5797),(#5798,#5799),(#5800,
#5801),(#5802,#5803)),.SURF_OF_LINEAR_EXTRUSION.,.F.,.F.,.F.,(4,4),(2,2),
(0.,1.),(0.,1.),.PIECEWISE_BEZIER_KNOTS.);
#56=B_SPLINE_SURFACE_WITH_KNOTS('',3,1,((#5824,#5825),(#5826,#5827),(#5828,
#5829),(#5830,#5831)),.SURF_OF_LINEAR_EXTRUSION.,.F.,.F.,.F.,(4,4),(2,2),
(0.777815539786632,0.986422149701886),(0.,1.),.PIECEWISE_BEZIER_KNOTS.);
#57=B_SPLINE_SURFACE_WITH_KNOTS('',3,1,((#5847,#5848),(#5849,#5850),(#5851,
#5852),(#5853,#5854)),.SURF_OF_LINEAR_EXTRUSION.,.F.,.F.,.F.,(4,4),(2,2),
(0.,1.),(0.,1.),.PIECEWISE_BEZIER_KNOTS.);
#58=B_SPLINE_SURFACE_WITH_KNOTS('',3,1,((#5875,#5876),(#5877,#5878),(#5879,
#5880),(#5881,#5882),(#5883,#5884)),.SURF_OF_LINEAR_EXTRUSION.,.F.,.F.,
 .F.,(4,1,4),(2,2),(9.207192607107E-14,9.24580827117902E-5,0.000184916165331508),
(0.,1.),.UNSPECIFIED.);
#59=B_SPLINE_SURFACE_WITH_KNOTS('',3,1,((#5899,#5900),(#5901,#5902),(#5903,
#5904),(#5905,#5906)),.SURF_OF_LINEAR_EXTRUSION.,.F.,.F.,.F.,(4,4),(2,2),
(0.,1.),(0.,1.),.PIECEWISE_BEZIER_KNOTS.);
#60=B_SPLINE_SURFACE_WITH_KNOTS('',3,1,((#5927,#5928),(#5929,#5930),(#5931,
#5932),(#5933,#5934)),.SURF_OF_LINEAR_EXTRUSION.,.F.,.F.,.F.,(4,4),(2,2),
(0.,1.),(0.,1.),.PIECEWISE_BEZIER_KNOTS.);
#61=B_SPLINE_SURFACE_WITH_KNOTS('',3,1,((#5947,#5948),(#5949,#5950),(#5951,
#5952),(#5953,#5954)),.SURF_OF_LINEAR_EXTRUSION.,.F.,.F.,.F.,(4,4),(2,2),
(0.,1.),(0.,1.),.PIECEWISE_BEZIER_KNOTS.);
#62=B_SPLINE_SURFACE_WITH_KNOTS('',3,1,((#5975,#5976),(#5977,#5978),(#5979,
#5980),(#5981,#5982)),.SURF_OF_LINEAR_EXTRUSION.,.F.,.F.,.F.,(4,4),(2,2),
(0.,1.),(0.,1.),.PIECEWISE_BEZIER_KNOTS.);
#63=LINE('',#4134,#320);
#64=LINE('',#4138,#321);
#65=LINE('',#4160,#322);
#66=LINE('',#4164,#323);
#67=LINE('',#4198,#324);
#68=LINE('',#4202,#325);
#69=LINE('',#4220,#326);
#70=LINE('',#4224,#327);
#71=LINE('',#4242,#328);
#72=LINE('',#4246,#329);
#73=LINE('',#4264,#330);
#74=LINE('',#4268,#331);
#75=LINE('',#4286,#332);
#76=LINE('',#4290,#333);
#77=LINE('',#4308,#334);
#78=LINE('',#4312,#335);
#79=LINE('',#4332,#336);
#80=LINE('',#4336,#337);
#81=LINE('',#4356,#338);
#82=LINE('',#4360,#339);
#83=LINE('',#4381,#340);
#84=LINE('',#4385,#341);
#85=LINE('',#4405,#342);
#86=LINE('',#4409,#343);
#87=LINE('',#4427,#344);
#88=LINE('',#4452,#345);
#89=LINE('',#4456,#346);
#90=LINE('',#4477,#347);
#91=LINE('',#4481,#348);
#92=LINE('',#4499,#349);
#93=LINE('',#4503,#350);
#94=LINE('',#4521,#351);
#95=LINE('',#4525,#352);
#96=LINE('',#4543,#353);
#97=LINE('',#4547,#354);
#98=LINE('',#4567,#355);
#99=LINE('',#4571,#356);
#100=LINE('',#4589,#357);
#101=LINE('',#4593,#358);
#102=LINE('',#4613,#359);
#103=LINE('',#4617,#360);
#104=LINE('',#4637,#361);
#105=LINE('',#4641,#362);
#106=LINE('',#4662,#363);
#107=LINE('',#4666,#364);
#108=LINE('',#4686,#365);
#109=LINE('',#4690,#366);
#110=LINE('',#4708,#367);
#111=LINE('',#4712,#368);
#112=LINE('',#4717,#369);
#113=LINE('',#4718,#370);
#114=LINE('',#4734,#371);
#115=LINE('',#4736,#372);
#116=LINE('',#4738,#373);
#117=LINE('',#4742,#374);
#118=LINE('',#4744,#375);
#119=LINE('',#4746,#376);
#120=LINE('',#4766,#377);
#121=LINE('',#4770,#378);
#122=LINE('',#4790,#379);
#123=LINE('',#4792,#380);
#124=LINE('',#4794,#381);
#125=LINE('',#4798,#382);
#126=LINE('',#4800,#383);
#127=LINE('',#4802,#384);
#128=LINE('',#4818,#385);
#129=LINE('',#4822,#386);
#130=LINE('',#4844,#387);
#131=LINE('',#4863,#388);
#132=LINE('',#4865,#389);
#133=LINE('',#4867,#390);
#134=LINE('',#4871,#391);
#135=LINE('',#4873,#392);
#136=LINE('',#4875,#393);
#137=LINE('',#4891,#394);
#138=LINE('',#4895,#395);
#139=LINE('',#4911,#396);
#140=LINE('',#4913,#397);
#141=LINE('',#4915,#398);
#142=LINE('',#4919,#399);
#143=LINE('',#4921,#400);
#144=LINE('',#4923,#401);
#145=LINE('',#4939,#402);
#146=LINE('',#4943,#403);
#147=LINE('',#4959,#404);
#148=LINE('',#4961,#405);
#149=LINE('',#4963,#406);
#150=LINE('',#4967,#407);
#151=LINE('',#4969,#408);
#152=LINE('',#4971,#409);
#153=LINE('',#4987,#410);
#154=LINE('',#4991,#411);
#155=LINE('',#5007,#412);
#156=LINE('',#5009,#413);
#157=LINE('',#5011,#414);
#158=LINE('',#5015,#415);
#159=LINE('',#5017,#416);
#160=LINE('',#5019,#417);
#161=LINE('',#5035,#418);
#162=LINE('',#5039,#419);
#163=LINE('',#5055,#420);
#164=LINE('',#5057,#421);
#165=LINE('',#5059,#422);
#166=LINE('',#5063,#423);
#167=LINE('',#5065,#424);
#168=LINE('',#5067,#425);
#169=LINE('',#5083,#426);
#170=LINE('',#5087,#427);
#171=LINE('',#5103,#428);
#172=LINE('',#5105,#429);
#173=LINE('',#5107,#430);
#174=LINE('',#5111,#431);
#175=LINE('',#5113,#432);
#176=LINE('',#5115,#433);
#177=LINE('',#5131,#434);
#178=LINE('',#5135,#435);
#179=LINE('',#5155,#436);
#180=LINE('',#5157,#437);
#181=LINE('',#5159,#438);
#182=LINE('',#5163,#439);
#183=LINE('',#5165,#440);
#184=LINE('',#5167,#441);
#185=LINE('',#5187,#442);
#186=LINE('',#5191,#443);
#187=LINE('',#5207,#444);
#188=LINE('',#5209,#445);
#189=LINE('',#5211,#446);
#190=LINE('',#5215,#447);
#191=LINE('',#5217,#448);
#192=LINE('',#5219,#449);
#193=LINE('',#5241,#450);
#194=LINE('',#5245,#451);
#195=LINE('',#5261,#452);
#196=LINE('',#5263,#453);
#197=LINE('',#5265,#454);
#198=LINE('',#5269,#455);
#199=LINE('',#5271,#456);
#200=LINE('',#5273,#457);
#201=LINE('',#5293,#458);
#202=LINE('',#5297,#459);
#203=LINE('',#5313,#460);
#204=LINE('',#5315,#461);
#205=LINE('',#5317,#462);
#206=LINE('',#5321,#463);
#207=LINE('',#5323,#464);
#208=LINE('',#5325,#465);
#209=LINE('',#5341,#466);
#210=LINE('',#5345,#467);
#211=LINE('',#5361,#468);
#212=LINE('',#5363,#469);
#213=LINE('',#5365,#470);
#214=LINE('',#5369,#471);
#215=LINE('',#5373,#472);
#216=LINE('',#5392,#473);
#217=LINE('',#5396,#474);
#218=LINE('',#5412,#475);
#219=LINE('',#5414,#476);
#220=LINE('',#5416,#477);
#221=LINE('',#5420,#478);
#222=LINE('',#5422,#479);
#223=LINE('',#5424,#480);
#224=LINE('',#5440,#481);
#225=LINE('',#5444,#482);
#226=LINE('',#5463,#483);
#227=LINE('',#5465,#484);
#228=LINE('',#5467,#485);
#229=LINE('',#5471,#486);
#230=LINE('',#5473,#487);
#231=LINE('',#5475,#488);
#232=LINE('',#5491,#489);
#233=LINE('',#5495,#490);
#234=LINE('',#5511,#491);
#235=LINE('',#5513,#492);
#236=LINE('',#5515,#493);
#237=LINE('',#5519,#494);
#238=LINE('',#5521,#495);
#239=LINE('',#5523,#496);
#240=LINE('',#5539,#497);
#241=LINE('',#5543,#498);
#242=LINE('',#5559,#499);
#243=LINE('',#5561,#500);
#244=LINE('',#5563,#501);
#245=LINE('',#5567,#502);
#246=LINE('',#5569,#503);
#247=LINE('',#5571,#504);
#248=LINE('',#5587,#505);
#249=LINE('',#5591,#506);
#250=LINE('',#5607,#507);
#251=LINE('',#5609,#508);
#252=LINE('',#5611,#509);
#253=LINE('',#5615,#510);
#254=LINE('',#5617,#511);
#255=LINE('',#5619,#512);
#256=LINE('',#5635,#513);
#257=LINE('',#5639,#514);
#258=LINE('',#5659,#515);
#259=LINE('',#5661,#516);
#260=LINE('',#5663,#517);
#261=LINE('',#5667,#518);
#262=LINE('',#5669,#519);
#263=LINE('',#5671,#520);
#264=LINE('',#5687,#521);
#265=LINE('',#5691,#522);
#266=LINE('',#5707,#523);
#267=LINE('',#5709,#524);
#268=LINE('',#5711,#525);
#269=LINE('',#5715,#526);
#270=LINE('',#5717,#527);
#271=LINE('',#5719,#528);
#272=LINE('',#5735,#529);
#273=LINE('',#5739,#530);
#274=LINE('',#5759,#531);
#275=LINE('',#5761,#532);
#276=LINE('',#5763,#533);
#277=LINE('',#5767,#534);
#278=LINE('',#5769,#535);
#279=LINE('',#5771,#536);
#280=LINE('',#5791,#537);
#281=LINE('',#5795,#538);
#282=LINE('',#5811,#539);
#283=LINE('',#5813,#540);
#284=LINE('',#5815,#541);
#285=LINE('',#5819,#542);
#286=LINE('',#5821,#543);
#287=LINE('',#5823,#544);
#288=LINE('',#5842,#545);
#289=LINE('',#5846,#546);
#290=LINE('',#5862,#547);
#291=LINE('',#5864,#548);
#292=LINE('',#5866,#549);
#293=LINE('',#5870,#550);
#294=LINE('',#5872,#551);
#295=LINE('',#5874,#552);
#296=LINE('',#5894,#553);
#297=LINE('',#5898,#554);
#298=LINE('',#5914,#555);
#299=LINE('',#5916,#556);
#300=LINE('',#5918,#557);
#301=LINE('',#5922,#558);
#302=LINE('',#5924,#559);
#303=LINE('',#5926,#560);
#304=LINE('',#5942,#561);
#305=LINE('',#5946,#562);
#306=LINE('',#5962,#563);
#307=LINE('',#5964,#564);
#308=LINE('',#5966,#565);
#309=LINE('',#5970,#566);
#310=LINE('',#5972,#567);
#311=LINE('',#5974,#568);
#312=LINE('',#5999,#569);
#313=LINE('',#6004,#570);
#314=LINE('',#6015,#571);
#315=LINE('',#6019,#572);
#316=LINE('',#6024,#573);
#317=LINE('',#6025,#574);
#318=LINE('',#6028,#575);
#319=LINE('',#6030,#576);
#320=VECTOR('',#3409,1.);
#321=VECTOR('',#3412,1.);
#322=VECTOR('',#3415,1.);
#323=VECTOR('',#3418,1.);
#324=VECTOR('',#3421,1.);
#325=VECTOR('',#3424,1.);
#326=VECTOR('',#3427,1.);
#327=VECTOR('',#3430,1.);
#328=VECTOR('',#3433,1.);
#329=VECTOR('',#3436,1.);
#330=VECTOR('',#3439,1.);
#331=VECTOR('',#3442,1.);
#332=VECTOR('',#3445,1.);
#333=VECTOR('',#3448,1.);
#334=VECTOR('',#3451,1.);
#335=VECTOR('',#3454,1.);
#336=VECTOR('',#3457,1.);
#337=VECTOR('',#3460,1.);
#338=VECTOR('',#3463,1.);
#339=VECTOR('',#3466,1.);
#340=VECTOR('',#3469,1.);
#341=VECTOR('',#3472,1.);
#342=VECTOR('',#3475,1.);
#343=VECTOR('',#3478,1.);
#344=VECTOR('',#3481,1.);
#345=VECTOR('',#3488,1.);
#346=VECTOR('',#3491,1.);
#347=VECTOR('',#3494,1.);
#348=VECTOR('',#3497,1.);
#349=VECTOR('',#3500,1.);
#350=VECTOR('',#3503,1.);
#351=VECTOR('',#3506,1.);
#352=VECTOR('',#3509,1.);
#353=VECTOR('',#3512,1.);
#354=VECTOR('',#3515,1.);
#355=VECTOR('',#3518,1.);
#356=VECTOR('',#3521,1.);
#357=VECTOR('',#3524,1.);
#358=VECTOR('',#3527,1.);
#359=VECTOR('',#3530,1.);
#360=VECTOR('',#3533,1.);
#361=VECTOR('',#3536,1.);
#362=VECTOR('',#3539,1.);
#363=VECTOR('',#3542,1.);
#364=VECTOR('',#3545,1.);
#365=VECTOR('',#3548,1.);
#366=VECTOR('',#3551,1.);
#367=VECTOR('',#3554,1.);
#368=VECTOR('',#3557,1.);
#369=VECTOR('',#3562,1.);
#370=VECTOR('',#3563,1.);
#371=VECTOR('',#3564,1.);
#372=VECTOR('',#3567,1.);
#373=VECTOR('',#3568,1.);
#374=VECTOR('',#3573,1.);
#375=VECTOR('',#3576,1.);
#376=VECTOR('',#3577,1.);
#377=VECTOR('',#3578,1.);
#378=VECTOR('',#3583,1.);
#379=VECTOR('',#3584,1.);
#380=VECTOR('',#3587,1.);
#381=VECTOR('',#3588,1.);
#382=VECTOR('',#3593,1.);
#383=VECTOR('',#3596,1.);
#384=VECTOR('',#3597,1.);
#385=VECTOR('',#3598,1.);
#386=VECTOR('',#3603,1.);
#387=VECTOR('',#3604,1.);
#388=VECTOR('',#3605,1.);
#389=VECTOR('',#3608,1.);
#390=VECTOR('',#3609,1.);
#391=VECTOR('',#3614,1.);
#392=VECTOR('',#3617,1.);
#393=VECTOR('',#3618,1.);
#394=VECTOR('',#3619,1.);
#395=VECTOR('',#3624,1.);
#396=VECTOR('',#3625,1.);
#397=VECTOR('',#3628,1.);
#398=VECTOR('',#3629,1.);
#399=VECTOR('',#3634,1.);
#400=VECTOR('',#3637,1.);
#401=VECTOR('',#3638,1.);
#402=VECTOR('',#3639,1.);
#403=VECTOR('',#3644,1.);
#404=VECTOR('',#3645,1.);
#405=VECTOR('',#3648,1.);
#406=VECTOR('',#3649,1.);
#407=VECTOR('',#3654,1.);
#408=VECTOR('',#3657,1.);
#409=VECTOR('',#3658,1.);
#410=VECTOR('',#3659,1.);
#411=VECTOR('',#3664,1.);
#412=VECTOR('',#3665,1.);
#413=VECTOR('',#3668,1.);
#414=VECTOR('',#3669,1.);
#415=VECTOR('',#3674,1.);
#416=VECTOR('',#3677,1.);
#417=VECTOR('',#3678,1.);
#418=VECTOR('',#3679,1.);
#419=VECTOR('',#3684,1.);
#420=VECTOR('',#3685,1.);
#421=VECTOR('',#3688,1.);
#422=VECTOR('',#3689,1.);
#423=VECTOR('',#3694,1.);
#424=VECTOR('',#3697,1.);
#425=VECTOR('',#3698,1.);
#426=VECTOR('',#3699,1.);
#427=VECTOR('',#3704,1.);
#428=VECTOR('',#3705,1.);
#429=VECTOR('',#3708,1.);
#430=VECTOR('',#3709,1.);
#431=VECTOR('',#3714,1.);
#432=VECTOR('',#3717,1.);
#433=VECTOR('',#3718,1.);
#434=VECTOR('',#3719,1.);
#435=VECTOR('',#3724,1.);
#436=VECTOR('',#3725,1.);
#437=VECTOR('',#3728,1.);
#438=VECTOR('',#3729,1.);
#439=VECTOR('',#3734,1.);
#440=VECTOR('',#3737,1.);
#441=VECTOR('',#3738,1.);
#442=VECTOR('',#3739,1.);
#443=VECTOR('',#3744,1.);
#444=VECTOR('',#3745,1.);
#445=VECTOR('',#3748,1.);
#446=VECTOR('',#3749,1.);
#447=VECTOR('',#3754,1.);
#448=VECTOR('',#3757,1.);
#449=VECTOR('',#3758,1.);
#450=VECTOR('',#3759,1.);
#451=VECTOR('',#3764,1.);
#452=VECTOR('',#3765,1.);
#453=VECTOR('',#3768,1.);
#454=VECTOR('',#3769,1.);
#455=VECTOR('',#3774,1.);
#456=VECTOR('',#3777,1.);
#457=VECTOR('',#3778,1.);
#458=VECTOR('',#3779,1.);
#459=VECTOR('',#3784,1.);
#460=VECTOR('',#3785,1.);
#461=VECTOR('',#3788,1.);
#462=VECTOR('',#3789,1.);
#463=VECTOR('',#3794,1.);
#464=VECTOR('',#3797,1.);
#465=VECTOR('',#3798,1.);
#466=VECTOR('',#3799,1.);
#467=VECTOR('',#3804,1.);
#468=VECTOR('',#3805,1.);
#469=VECTOR('',#3808,1.);
#470=VECTOR('',#3809,1.);
#471=VECTOR('',#3814,1.);
#472=VECTOR('',#3819,1.);
#473=VECTOR('',#3820,1.);
#474=VECTOR('',#3825,1.);
#475=VECTOR('',#3826,1.);
#476=VECTOR('',#3829,1.);
#477=VECTOR('',#3830,1.);
#478=VECTOR('',#3835,1.);
#479=VECTOR('',#3838,1.);
#480=VECTOR('',#3839,1.);
#481=VECTOR('',#3840,1.);
#482=VECTOR('',#3845,1.);
#483=VECTOR('',#3846,1.);
#484=VECTOR('',#3849,1.);
#485=VECTOR('',#3850,1.);
#486=VECTOR('',#3855,1.);
#487=VECTOR('',#3858,1.);
#488=VECTOR('',#3859,1.);
#489=VECTOR('',#3860,1.);
#490=VECTOR('',#3865,1.);
#491=VECTOR('',#3866,1.);
#492=VECTOR('',#3869,1.);
#493=VECTOR('',#3870,1.);
#494=VECTOR('',#3875,1.);
#495=VECTOR('',#3878,1.);
#496=VECTOR('',#3879,1.);
#497=VECTOR('',#3880,1.);
#498=VECTOR('',#3885,1.);
#499=VECTOR('',#3886,1.);
#500=VECTOR('',#3889,1.);
#501=VECTOR('',#3890,1.);
#502=VECTOR('',#3895,1.);
#503=VECTOR('',#3898,1.);
#504=VECTOR('',#3899,1.);
#505=VECTOR('',#3900,1.);
#506=VECTOR('',#3905,1.);
#507=VECTOR('',#3906,1.);
#508=VECTOR('',#3909,1.);
#509=VECTOR('',#3910,1.);
#510=VECTOR('',#3915,1.);
#511=VECTOR('',#3918,1.);
#512=VECTOR('',#3919,1.);
#513=VECTOR('',#3920,1.);
#514=VECTOR('',#3925,1.);
#515=VECTOR('',#3926,1.);
#516=VECTOR('',#3929,1.);
#517=VECTOR('',#3930,1.);
#518=VECTOR('',#3935,1.);
#519=VECTOR('',#3938,1.);
#520=VECTOR('',#3939,1.);
#521=VECTOR('',#3940,1.);
#522=VECTOR('',#3945,1.);
#523=VECTOR('',#3946,1.);
#524=VECTOR('',#3949,1.);
#525=VECTOR('',#3950,1.);
#526=VECTOR('',#3955,1.);
#527=VECTOR('',#3958,1.);
#528=VECTOR('',#3959,1.);
#529=VECTOR('',#3960,1.);
#530=VECTOR('',#3965,1.);
#531=VECTOR('',#3966,1.);
#532=VECTOR('',#3969,1.);
#533=VECTOR('',#3970,1.);
#534=VECTOR('',#3975,1.);
#535=VECTOR('',#3978,1.);
#536=VECTOR('',#3979,1.);
#537=VECTOR('',#3980,1.);
#538=VECTOR('',#3985,1.);
#539=VECTOR('',#3986,1.);
#540=VECTOR('',#3989,1.);
#541=VECTOR('',#3990,1.);
#542=VECTOR('',#3995,1.);
#543=VECTOR('',#3998,1.);
#544=VECTOR('',#3999,1.);
#545=VECTOR('',#4000,1.);
#546=VECTOR('',#4005,1.);
#547=VECTOR('',#4006,1.);
#548=VECTOR('',#4009,1.);
#549=VECTOR('',#4010,1.);
#550=VECTOR('',#4015,1.);
#551=VECTOR('',#4018,1.);
#552=VECTOR('',#4019,1.);
#553=VECTOR('',#4020,1.);
#554=VECTOR('',#4025,1.);
#555=VECTOR('',#4026,1.);
#556=VECTOR('',#4029,1.);
#557=VECTOR('',#4030,1.);
#558=VECTOR('',#4035,1.);
#559=VECTOR('',#4038,1.);
#560=VECTOR('',#4039,1.);
#561=VECTOR('',#4040,1.);
#562=VECTOR('',#4045,1.);
#563=VECTOR('',#4046,1.);
#564=VECTOR('',#4049,1.);
#565=VECTOR('',#4050,1.);
#566=VECTOR('',#4055,1.);
#567=VECTOR('',#4058,1.);
#568=VECTOR('',#4059,1.);
#569=VECTOR('',#4074,1.);
#570=VECTOR('',#4077,1.);
#571=VECTOR('',#4088,1.);
#572=VECTOR('',#4091,1.);
#573=VECTOR('',#4098,1.);
#574=VECTOR('',#4099,1.);
#575=VECTOR('',#4104,1.);
#576=VECTOR('',#4107,1.);
#577=B_SPLINE_CURVE_WITH_KNOTS('',3,(#4117,#4118,#4119,#4120,#4121,#4122),
 .UNSPECIFIED.,.F.,.F.,(4,1,1,4),(0.,0.5,0.75,1.),.UNSPECIFIED.);
#578=B_SPLINE_CURVE_WITH_KNOTS('',3,(#4127,#4128,#4129,#4130,#4131,#4132),
 .UNSPECIFIED.,.F.,.F.,(4,1,1,4),(0.,0.25,0.5,1.),.UNSPECIFIED.);
#579=B_SPLINE_CURVE_WITH_KNOTS('',3,(#4140,#4141,#4142,#4143,#4144,#4145,
#4146,#4147),.UNSPECIFIED.,.F.,.F.,(4,1,1,1,1,4),(9.20598266646309E-14,
2.31145207470002E-5,4.62290414019406E-5,9.24580827118214E-5,0.000138687124021702,
0.000184916165331583),.UNSPECIFIED.);
#580=B_SPLINE_CURVE_WITH_KNOTS('',3,(#4151,#4152,#4153,#4154,#4155,#4156,
#4157,#4158),.UNSPECIFIED.,.F.,.F.,(4,1,1,1,1,4),(5.29093934876746E-12,
4.5926693552161E-5,9.18533818133826E-5,0.000137780070074604,0.000160743414205215,
0.000183706758335826),.UNSPECIFIED.);
#581=B_SPLINE_CURVE_WITH_KNOTS('',3,(#4166,#4167,#4168,#4169,#4170,#4171),
 .UNSPECIFIED.,.F.,.F.,(4,1,1,4),(0.,0.5,0.75,1.),.UNSPECIFIED.);
#582=B_SPLINE_CURVE_WITH_KNOTS('',3,(#4175,#4176,#4177,#4178,#4179,#4180,
#4181,#4182,#4183,#4184,#4185,#4186),.UNSPECIFIED.,.F.,.F.,(4,3,1,1,1,1,
1,4),(0.511491784506046,0.513577850601802,0.53125,0.5625,0.59375,0.625,
0.6875,0.722184460177444),.UNSPECIFIED.);
#583=B_SPLINE_CURVE_WITH_KNOTS('',3,(#4188,#4189,#4190,#4191,#4192,#4193,
#4194,#4195,#4196),.UNSPECIFIED.,.F.,.F.,(4,1,1,1,1,1,4),(0.513577850601802,
0.53125,0.5625,0.59375,0.625,0.6875,0.722184460177444),.UNSPECIFIED.);
#584=B_SPLINE_CURVE_WITH_KNOTS('',3,(#4204,#4205,#4206,#4207,#4208,#4209),
 .UNSPECIFIED.,.F.,.F.,(4,1,1,4),(0.,0.5,0.75,1.),.UNSPECIFIED.);
#585=B_SPLINE_CURVE_WITH_KNOTS('',3,(#4213,#4214,#4215,#4216,#4217,#4218),
 .UNSPECIFIED.,.F.,.F.,(4,1,1,4),(0.,0.25,0.5,1.),.UNSPECIFIED.);
#586=B_SPLINE_CURVE_WITH_KNOTS('',3,(#4226,#4227,#4228,#4229,#4230,#4231),
 .UNSPECIFIED.,.F.,.F.,(4,1,1,4),(0.,0.5,0.75,1.),.UNSPECIFIED.);
#587=B_SPLINE_CURVE_WITH_KNOTS('',3,(#4235,#4236,#4237,#4238,#4239,#4240),
 .UNSPECIFIED.,.F.,.F.,(4,1,1,4),(0.,0.25,0.5,1.),.UNSPECIFIED.);
#588=B_SPLINE_CURVE_WITH_KNOTS('',3,(#4248,#4249,#4250,#4251,#4252,#4253),
 .UNSPECIFIED.,.F.,.F.,(4,1,1,4),(0.,0.5,0.75,1.),.UNSPECIFIED.);
#589=B_SPLINE_CURVE_WITH_KNOTS('',3,(#4257,#4258,#4259,#4260,#4261,#4262),
 .UNSPECIFIED.,.F.,.F.,(4,1,1,4),(0.,0.25,0.5,1.),.UNSPECIFIED.);
#590=B_SPLINE_CURVE_WITH_KNOTS('',3,(#4270,#4271,#4272,#4273,#4274,#4275),
 .UNSPECIFIED.,.F.,.F.,(4,1,1,4),(0.,0.5,0.75,1.),.UNSPECIFIED.);
#591=B_SPLINE_CURVE_WITH_KNOTS('',3,(#4279,#4280,#4281,#4282,#4283,#4284),
 .UNSPECIFIED.,.F.,.F.,(4,1,1,4),(0.,0.25,0.5,1.),.UNSPECIFIED.);
#592=B_SPLINE_CURVE_WITH_KNOTS('',3,(#4292,#4293,#4294,#4295,#4296,#4297),
 .UNSPECIFIED.,.F.,.F.,(4,1,1,4),(0.,0.5,0.75,1.),.UNSPECIFIED.);
#593=B_SPLINE_CURVE_WITH_KNOTS('',3,(#4301,#4302,#4303,#4304,#4305,#4306),
 .UNSPECIFIED.,.F.,.F.,(4,1,1,4),(0.,0.25,0.5,1.),.UNSPECIFIED.);
#594=B_SPLINE_CURVE_WITH_KNOTS('',3,(#4314,#4315,#4316,#4317,#4318,#4319),
 .UNSPECIFIED.,.F.,.F.,(4,1,1,4),(0.,0.5,0.75,1.),.UNSPECIFIED.);
#595=B_SPLINE_CURVE_WITH_KNOTS('',3,(#4323,#4324,#4325,#4326,#4327,#4328,
#4329,#4330),.UNSPECIFIED.,.F.,.F.,(4,1,1,1,1,4),(5.29094895179906E-12,
4.59266935521681E-5,9.18533818133872E-5,0.000137780070074606,0.000160743414205216,
0.000183706758335826),.UNSPECIFIED.);
#596=B_SPLINE_CURVE_WITH_KNOTS('',3,(#4338,#4339,#4340,#4341,#4342,#4343,
#4344,#4345),.UNSPECIFIED.,.F.,.F.,(4,1,1,1,1,4),(9.20801488649309E-14,
2.31147770794366E-5,4.62295540667929E-5,9.24591080415057E-5,0.000138688662016218,
0.000184918215990931),.UNSPECIFIED.);
#597=B_SPLINE_CURVE_WITH_KNOTS('',3,(#4349,#4350,#4351,#4352,#4353,#4354),
 .UNSPECIFIED.,.F.,.F.,(4,1,1,4),(0.,0.25,0.5,1.),.UNSPECIFIED.);
#598=B_SPLINE_CURVE_WITH_KNOTS('',3,(#4362,#4363,#4364,#4365,#4366,#4367,
#4368,#4369,#4370),.UNSPECIFIED.,.F.,.F.,(4,1,1,1,1,1,4),(0.277815539706234,
0.3125,0.375,0.40625,0.4375,0.46875,0.486422149387346),.UNSPECIFIED.);
#599=B_SPLINE_CURVE_WITH_KNOTS('',3,(#4374,#4375,#4376,#4377,#4378,#4379),
 .UNSPECIFIED.,.F.,.F.,(4,1,1,4),(0.,0.25,0.5,1.),.UNSPECIFIED.);
#600=B_SPLINE_CURVE_WITH_KNOTS('',3,(#4387,#4388,#4389,#4390,#4391,#4392,
#4393,#4394),.UNSPECIFIED.,.F.,.F.,(4,1,1,1,1,4),(9.20869797934205E-14,
2.31145207470124E-5,4.6229041401938E-5,9.24580827117889E-5,0.00013868712402164,
0.000184916165331491),.UNSPECIFIED.);
#601=B_SPLINE_CURVE_WITH_KNOTS('',3,(#4398,#4399,#4400,#4401,#4402,#4403),
 .UNSPECIFIED.,.F.,.F.,(4,1,1,4),(0.,0.25,0.5,1.),.UNSPECIFIED.);
#602=B_SPLINE_CURVE_WITH_KNOTS('',3,(#4411,#4412,#4413,#4414,#4415,#4416),
 .UNSPECIFIED.,.F.,.F.,(4,1,1,4),(0.,0.5,0.75,1.),.UNSPECIFIED.);
#603=B_SPLINE_CURVE_WITH_KNOTS('',3,(#4420,#4421,#4422,#4423,#4424,#4425),
 .UNSPECIFIED.,.F.,.F.,(4,1,1,4),(0.,0.25,0.5,1.),.UNSPECIFIED.);
#604=B_SPLINE_CURVE_WITH_KNOTS('',3,(#4433,#4434,#4435,#4436,#4437,#4438,
#4439,#4440,#4441),.UNSPECIFIED.,.F.,.F.,(4,3,1,1,4),(-0.0118395782005017,
0.,0.5,0.75,1.),.UNSPECIFIED.);
#605=B_SPLINE_CURVE_WITH_KNOTS('',3,(#4445,#4446,#4447,#4448,#4449,#4450),
 .UNSPECIFIED.,.F.,.F.,(4,1,1,4),(0.,0.25,0.5,1.),.UNSPECIFIED.);
#606=B_SPLINE_CURVE_WITH_KNOTS('',3,(#4458,#4459,#4460,#4461,#4462,#4463),
 .UNSPECIFIED.,.F.,.F.,(4,1,1,4),(0.,0.5,0.75,1.),.UNSPECIFIED.);
#607=B_SPLINE_CURVE_WITH_KNOTS('',3,(#4467,#4468,#4469,#4470,#4471,#4472,
#4473,#4474,#4475),.UNSPECIFIED.,.F.,.F.,(4,1,1,1,1,1,4),(0.0135778504959558,
0.03125,0.0625,0.09375,0.125,0.1875,0.222184460233124),.UNSPECIFIED.);
#608=B_SPLINE_CURVE_WITH_KNOTS('',3,(#4483,#4484,#4485,#4486,#4487,#4488),
 .UNSPECIFIED.,.F.,.F.,(4,1,1,4),(0.,0.5,0.75,1.),.UNSPECIFIED.);
#609=B_SPLINE_CURVE_WITH_KNOTS('',3,(#4492,#4493,#4494,#4495,#4496,#4497),
 .UNSPECIFIED.,.F.,.F.,(4,1,1,4),(0.,0.25,0.5,1.),.UNSPECIFIED.);
#610=B_SPLINE_CURVE_WITH_KNOTS('',3,(#4505,#4506,#4507,#4508,#4509,#4510),
 .UNSPECIFIED.,.F.,.F.,(4,1,1,4),(0.,0.5,0.75,1.),.UNSPECIFIED.);
#611=B_SPLINE_CURVE_WITH_KNOTS('',3,(#4514,#4515,#4516,#4517,#4518,#4519),
 .UNSPECIFIED.,.F.,.F.,(4,1,1,4),(0.,0.25,0.5,1.),.UNSPECIFIED.);
#612=B_SPLINE_CURVE_WITH_KNOTS('',3,(#4527,#4528,#4529,#4530,#4531,#4532),
 .UNSPECIFIED.,.F.,.F.,(4,1,1,4),(0.,0.5,0.75,1.),.UNSPECIFIED.);
#613=B_SPLINE_CURVE_WITH_KNOTS('',3,(#4536,#4537,#4538,#4539,#4540,#4541),
 .UNSPECIFIED.,.F.,.F.,(4,1,1,4),(0.,0.25,0.5,1.),.UNSPECIFIED.);
#614=B_SPLINE_CURVE_WITH_KNOTS('',3,(#4549,#4550,#4551,#4552,#4553,#4554),
 .UNSPECIFIED.,.F.,.F.,(4,1,1,4),(0.,0.5,0.75,1.),.UNSPECIFIED.);
#615=B_SPLINE_CURVE_WITH_KNOTS('',3,(#4558,#4559,#4560,#4561,#4562,#4563,
#4564,#4565),.UNSPECIFIED.,.F.,.F.,(4,1,1,1,1,4),(5.29094280443977E-12,
4.59266935521676E-5,9.18533818133924E-5,0.000137780070074617,0.000160743414205229,
0.000183706758335842),.UNSPECIFIED.);
#616=B_SPLINE_CURVE_WITH_KNOTS('',3,(#4573,#4574,#4575,#4576,#4577,#4578),
 .UNSPECIFIED.,.F.,.F.,(4,1,1,4),(0.,0.5,0.75,1.),.UNSPECIFIED.);
#617=B_SPLINE_CURVE_WITH_KNOTS('',3,(#4582,#4583,#4584,#4585,#4586,#4587),
 .UNSPECIFIED.,.F.,.F.,(4,1,1,4),(0.,0.25,0.5,1.),.UNSPECIFIED.);
#618=B_SPLINE_CURVE_WITH_KNOTS('',3,(#4595,#4596,#4597,#4598,#4599,#4600),
 .UNSPECIFIED.,.F.,.F.,(4,1,1,4),(0.,0.5,0.75,1.),.UNSPECIFIED.);
#619=B_SPLINE_CURVE_WITH_KNOTS('',3,(#4604,#4605,#4606,#4607,#4608,#4609,
#4610,#4611),.UNSPECIFIED.,.F.,.F.,(4,1,1,1,1,4),(5.29093885223845E-12,
4.59266935521604E-5,9.18533818133819E-5,0.000137780070074603,0.000160743414205215,
0.000183706758335825),.UNSPECIFIED.);
#620=B_SPLINE_CURVE_WITH_KNOTS('',3,(#4619,#4620,#4621,#4622,#4623,#4624,
#4625,#4626),.UNSPECIFIED.,.F.,.F.,(4,1,1,1,1,4),(9.20704802403389E-14,
2.31145207470075E-5,4.62290414019447E-5,9.24580827118188E-5,0.000138687124021693,
0.000184916165331567),.UNSPECIFIED.);
#621=B_SPLINE_CURVE_WITH_KNOTS('',3,(#4630,#4631,#4632,#4633,#4634,#4635),
 .UNSPECIFIED.,.F.,.F.,(4,1,1,4),(0.,0.25,0.5,1.),.UNSPECIFIED.);
#622=B_SPLINE_CURVE_WITH_KNOTS('',3,(#4643,#4644,#4645,#4646,#4647,#4648,
#4649,#4650,#4651),.UNSPECIFIED.,.F.,.F.,(4,1,1,1,1,1,4),(0.777815539786632,
0.8125,0.875,0.90625,0.9375,0.96875,0.98642214971027),.UNSPECIFIED.);
#623=B_SPLINE_CURVE_WITH_KNOTS('',3,(#4655,#4656,#4657,#4658,#4659,#4660),
 .UNSPECIFIED.,.F.,.F.,(4,1,1,4),(0.,0.25,0.5,1.),.UNSPECIFIED.);
#624=B_SPLINE_CURVE_WITH_KNOTS('',3,(#4668,#4669,#4670,#4671,#4672,#4673,
#4674,#4675),.UNSPECIFIED.,.F.,.F.,(4,1,1,1,1,4),(9.207192607107E-14,2.31145207470015E-5,
4.62290414019311E-5,9.24580827117902E-5,0.000138687124021649,0.000184916165331508),
 .UNSPECIFIED.);
#625=B_SPLINE_CURVE_WITH_KNOTS('',3,(#4679,#4680,#4681,#4682,#4683,#4684),
 .UNSPECIFIED.,.F.,.F.,(4,1,1,4),(0.,0.25,0.5,1.),.UNSPECIFIED.);
#626=B_SPLINE_CURVE_WITH_KNOTS('',3,(#4692,#4693,#4694,#4695,#4696,#4697),
 .UNSPECIFIED.,.F.,.F.,(4,1,1,4),(0.,0.5,0.75,1.),.UNSPECIFIED.);
#627=B_SPLINE_CURVE_WITH_KNOTS('',3,(#4701,#4702,#4703,#4704,#4705,#4706),
 .UNSPECIFIED.,.F.,.F.,(4,1,1,4),(0.,0.25,0.5,1.),.UNSPECIFIED.);
#628=B_SPLINE_CURVE_WITH_KNOTS('',3,(#4727,#4728,#4729,#4730,#4731,#4732),
 .UNSPECIFIED.,.F.,.F.,(4,1,1,4),(0.,0.25,0.5,1.),.UNSPECIFIED.);
#629=B_SPLINE_CURVE_WITH_KNOTS('',3,(#4757,#4758,#4759,#4760,#4761,#4762,
#4763,#4764),.UNSPECIFIED.,.F.,.F.,(4,1,1,1,1,4),(9.20598266646309E-14,
2.31145207470002E-5,4.62290414019406E-5,9.24580827118214E-5,0.000138687124021702,
0.000184916165331583),.UNSPECIFIED.);
#630=B_SPLINE_CURVE_WITH_KNOTS('',3,(#4781,#4782,#4783,#4784,#4785,#4786,
#4787,#4788),.UNSPECIFIED.,.F.,.F.,(4,1,1,1,1,4),(5.29093934876746E-12,
4.5926693552161E-5,9.18533818133826E-5,0.000137780070074604,0.000160743414205215,
0.000183706758335826),.UNSPECIFIED.);
#631=B_SPLINE_CURVE_WITH_KNOTS('',3,(#4811,#4812,#4813,#4814,#4815,#4816),
 .UNSPECIFIED.,.F.,.F.,(4,1,1,4),(0.,0.5,0.75,1.),.UNSPECIFIED.);
#632=B_SPLINE_CURVE_WITH_KNOTS('',3,(#4831,#4832,#4833,#4834,#4835,#4836,
#4837,#4838,#4839,#4840,#4841,#4842),.UNSPECIFIED.,.F.,.F.,(4,3,1,1,1,1,
1,4),(0.511491784506046,0.513577850601802,0.53125,0.5625,0.59375,0.625,
0.6875,0.722184460177444),.UNSPECIFIED.);
#633=B_SPLINE_CURVE_WITH_KNOTS('',3,(#4853,#4854,#4855,#4856,#4857,#4858,
#4859,#4860,#4861),.UNSPECIFIED.,.F.,.F.,(4,1,1,1,1,1,4),(0.513577850601802,
0.53125,0.5625,0.59375,0.625,0.6875,0.722184460177444),.UNSPECIFIED.);
#634=B_SPLINE_CURVE_WITH_KNOTS('',3,(#4884,#4885,#4886,#4887,#4888,#4889),
 .UNSPECIFIED.,.F.,.F.,(4,1,1,4),(0.,0.5,0.75,1.),.UNSPECIFIED.);
#635=B_SPLINE_CURVE_WITH_KNOTS('',3,(#4904,#4905,#4906,#4907,#4908,#4909),
 .UNSPECIFIED.,.F.,.F.,(4,1,1,4),(0.,0.25,0.5,1.),.UNSPECIFIED.);
#636=B_SPLINE_CURVE_WITH_KNOTS('',3,(#4932,#4933,#4934,#4935,#4936,#4937),
 .UNSPECIFIED.,.F.,.F.,(4,1,1,4),(0.,0.5,0.75,1.),.UNSPECIFIED.);
#637=B_SPLINE_CURVE_WITH_KNOTS('',3,(#4952,#4953,#4954,#4955,#4956,#4957),
 .UNSPECIFIED.,.F.,.F.,(4,1,1,4),(0.,0.25,0.5,1.),.UNSPECIFIED.);
#638=B_SPLINE_CURVE_WITH_KNOTS('',3,(#4980,#4981,#4982,#4983,#4984,#4985),
 .UNSPECIFIED.,.F.,.F.,(4,1,1,4),(0.,0.5,0.75,1.),.UNSPECIFIED.);
#639=B_SPLINE_CURVE_WITH_KNOTS('',3,(#5000,#5001,#5002,#5003,#5004,#5005),
 .UNSPECIFIED.,.F.,.F.,(4,1,1,4),(0.,0.25,0.5,1.),.UNSPECIFIED.);
#640=B_SPLINE_CURVE_WITH_KNOTS('',3,(#5028,#5029,#5030,#5031,#5032,#5033),
 .UNSPECIFIED.,.F.,.F.,(4,1,1,4),(0.,0.5,0.75,1.),.UNSPECIFIED.);
#641=B_SPLINE_CURVE_WITH_KNOTS('',3,(#5048,#5049,#5050,#5051,#5052,#5053),
 .UNSPECIFIED.,.F.,.F.,(4,1,1,4),(0.,0.25,0.5,1.),.UNSPECIFIED.);
#642=B_SPLINE_CURVE_WITH_KNOTS('',3,(#5076,#5077,#5078,#5079,#5080,#5081),
 .UNSPECIFIED.,.F.,.F.,(4,1,1,4),(0.,0.5,0.75,1.),.UNSPECIFIED.);
#643=B_SPLINE_CURVE_WITH_KNOTS('',3,(#5096,#5097,#5098,#5099,#5100,#5101),
 .UNSPECIFIED.,.F.,.F.,(4,1,1,4),(0.,0.25,0.5,1.),.UNSPECIFIED.);
#644=B_SPLINE_CURVE_WITH_KNOTS('',3,(#5124,#5125,#5126,#5127,#5128,#5129),
 .UNSPECIFIED.,.F.,.F.,(4,1,1,4),(0.,0.5,0.75,1.),.UNSPECIFIED.);
#645=B_SPLINE_CURVE_WITH_KNOTS('',3,(#5146,#5147,#5148,#5149,#5150,#5151,
#5152,#5153),.UNSPECIFIED.,.F.,.F.,(4,1,1,1,1,4),(5.29094895179906E-12,
4.59266935521681E-5,9.18533818133872E-5,0.000137780070074606,0.000160743414205216,
0.000183706758335826),.UNSPECIFIED.);
#646=B_SPLINE_CURVE_WITH_KNOTS('',3,(#5178,#5179,#5180,#5181,#5182,#5183,
#5184,#5185),.UNSPECIFIED.,.F.,.F.,(4,1,1,1,1,4),(9.20801488649309E-14,
2.31147770794366E-5,4.62295540667929E-5,9.24591080415057E-5,0.000138688662016218,
0.000184918215990931),.UNSPECIFIED.);
#647=B_SPLINE_CURVE_WITH_KNOTS('',3,(#5200,#5201,#5202,#5203,#5204,#5205),
 .UNSPECIFIED.,.F.,.F.,(4,1,1,4),(0.,0.25,0.5,1.),.UNSPECIFIED.);
#648=B_SPLINE_CURVE_WITH_KNOTS('',3,(#5228,#5229,#5230,#5231,#5232,#5233,
#5234,#5235,#5236,#5237,#5238,#5239),.UNSPECIFIED.,.F.,.F.,(4,1,1,1,1,1,
3,4),(0.277815539706234,0.3125,0.375,0.40625,0.4375,0.46875,0.486422149387346,
0.488508215484157),.UNSPECIFIED.);
#649=B_SPLINE_CURVE_WITH_KNOTS('',3,(#5254,#5255,#5256,#5257,#5258,#5259),
 .UNSPECIFIED.,.F.,.F.,(4,1,1,4),(0.,0.25,0.5,1.),.UNSPECIFIED.);
#650=B_SPLINE_CURVE_WITH_KNOTS('',3,(#5284,#5285,#5286,#5287,#5288,#5289,
#5290,#5291),.UNSPECIFIED.,.F.,.F.,(4,1,1,1,1,4),(9.20869797934205E-14,
2.31145207470124E-5,4.6229041401938E-5,9.24580827117889E-5,0.00013868712402164,
0.000184916165331491),.UNSPECIFIED.);
#651=B_SPLINE_CURVE_WITH_KNOTS('',3,(#5306,#5307,#5308,#5309,#5310,#5311),
 .UNSPECIFIED.,.F.,.F.,(4,1,1,4),(0.,0.25,0.5,1.),.UNSPECIFIED.);
#652=B_SPLINE_CURVE_WITH_KNOTS('',3,(#5334,#5335,#5336,#5337,#5338,#5339),
 .UNSPECIFIED.,.F.,.F.,(4,1,1,4),(0.,0.5,0.75,1.),.UNSPECIFIED.);
#653=B_SPLINE_CURVE_WITH_KNOTS('',3,(#5354,#5355,#5356,#5357,#5358,#5359),
 .UNSPECIFIED.,.F.,.F.,(4,1,1,4),(0.,0.25,0.5,1.),.UNSPECIFIED.);
#654=B_SPLINE_CURVE_WITH_KNOTS('',3,(#5382,#5383,#5384,#5385,#5386,#5387,
#5388,#5389,#5390),.UNSPECIFIED.,.F.,.F.,(4,3,1,1,4),(-0.0118395782005017,
0.,0.5,0.75,1.),.UNSPECIFIED.);
#655=B_SPLINE_CURVE_WITH_KNOTS('',3,(#5405,#5406,#5407,#5408,#5409,#5410),
 .UNSPECIFIED.,.F.,.F.,(4,1,1,4),(0.,0.25,0.5,1.),.UNSPECIFIED.);
#656=B_SPLINE_CURVE_WITH_KNOTS('',3,(#5433,#5434,#5435,#5436,#5437,#5438),
 .UNSPECIFIED.,.F.,.F.,(4,1,1,4),(0.,0.5,0.75,1.),.UNSPECIFIED.);
#657=B_SPLINE_CURVE_WITH_KNOTS('',3,(#5453,#5454,#5455,#5456,#5457,#5458,
#5459,#5460,#5461),.UNSPECIFIED.,.F.,.F.,(4,1,1,1,1,1,4),(0.0135778504959558,
0.03125,0.0625,0.09375,0.125,0.1875,0.222184460233124),.UNSPECIFIED.);
#658=B_SPLINE_CURVE_WITH_KNOTS('',3,(#5484,#5485,#5486,#5487,#5488,#5489),
 .UNSPECIFIED.,.F.,.F.,(4,1,1,4),(0.,0.5,0.75,1.),.UNSPECIFIED.);
#659=B_SPLINE_CURVE_WITH_KNOTS('',3,(#5504,#5505,#5506,#5507,#5508,#5509),
 .UNSPECIFIED.,.F.,.F.,(4,1,1,4),(0.,0.25,0.5,1.),.UNSPECIFIED.);
#660=B_SPLINE_CURVE_WITH_KNOTS('',3,(#5532,#5533,#5534,#5535,#5536,#5537),
 .UNSPECIFIED.,.F.,.F.,(4,1,1,4),(0.,0.5,0.75,1.),.UNSPECIFIED.);
#661=B_SPLINE_CURVE_WITH_KNOTS('',3,(#5552,#5553,#5554,#5555,#5556,#5557),
 .UNSPECIFIED.,.F.,.F.,(4,1,1,4),(0.,0.25,0.5,1.),.UNSPECIFIED.);
#662=B_SPLINE_CURVE_WITH_KNOTS('',3,(#5580,#5581,#5582,#5583,#5584,#5585),
 .UNSPECIFIED.,.F.,.F.,(4,1,1,4),(0.,0.5,0.75,1.),.UNSPECIFIED.);
#663=B_SPLINE_CURVE_WITH_KNOTS('',3,(#5600,#5601,#5602,#5603,#5604,#5605),
 .UNSPECIFIED.,.F.,.F.,(4,1,1,4),(0.,0.25,0.5,1.),.UNSPECIFIED.);
#664=B_SPLINE_CURVE_WITH_KNOTS('',3,(#5628,#5629,#5630,#5631,#5632,#5633),
 .UNSPECIFIED.,.F.,.F.,(4,1,1,4),(0.,0.5,0.75,1.),.UNSPECIFIED.);
#665=B_SPLINE_CURVE_WITH_KNOTS('',3,(#5650,#5651,#5652,#5653,#5654,#5655,
#5656,#5657),.UNSPECIFIED.,.F.,.F.,(4,1,1,1,1,4),(5.29094280443977E-12,
4.59266935521676E-5,9.18533818133924E-5,0.000137780070074617,0.000160743414205229,
0.000183706758335842),.UNSPECIFIED.);
#666=B_SPLINE_CURVE_WITH_KNOTS('',3,(#5680,#5681,#5682,#5683,#5684,#5685),
 .UNSPECIFIED.,.F.,.F.,(4,1,1,4),(0.,0.5,0.75,1.),.UNSPECIFIED.);
#667=B_SPLINE_CURVE_WITH_KNOTS('',3,(#5700,#5701,#5702,#5703,#5704,#5705),
 .UNSPECIFIED.,.F.,.F.,(4,1,1,4),(0.,0.25,0.5,1.),.UNSPECIFIED.);
#668=B_SPLINE_CURVE_WITH_KNOTS('',3,(#5728,#5729,#5730,#5731,#5732,#5733),
 .UNSPECIFIED.,.F.,.F.,(4,1,1,4),(0.,0.5,0.75,1.),.UNSPECIFIED.);
#669=B_SPLINE_CURVE_WITH_KNOTS('',3,(#5750,#5751,#5752,#5753,#5754,#5755,
#5756,#5757),.UNSPECIFIED.,.F.,.F.,(4,1,1,1,1,4),(5.29093885223845E-12,
4.59266935521604E-5,9.18533818133819E-5,0.000137780070074603,0.000160743414205215,
0.000183706758335825),.UNSPECIFIED.);
#670=B_SPLINE_CURVE_WITH_KNOTS('',3,(#5782,#5783,#5784,#5785,#5786,#5787,
#5788,#5789),.UNSPECIFIED.,.F.,.F.,(4,1,1,1,1,4),(9.20704802403389E-14,
2.31145207470075E-5,4.62290414019447E-5,9.24580827118188E-5,0.000138687124021693,
0.000184916165331567),.UNSPECIFIED.);
#671=B_SPLINE_CURVE_WITH_KNOTS('',3,(#5804,#5805,#5806,#5807,#5808,#5809),
 .UNSPECIFIED.,.F.,.F.,(4,1,1,4),(0.,0.25,0.5,1.),.UNSPECIFIED.);
#672=B_SPLINE_CURVE_WITH_KNOTS('',3,(#5832,#5833,#5834,#5835,#5836,#5837,
#5838,#5839,#5840),.UNSPECIFIED.,.F.,.F.,(4,1,1,1,1,1,4),(0.777815539786632,
0.8125,0.875,0.90625,0.9375,0.96875,0.98642214971027),.UNSPECIFIED.);
#673=B_SPLINE_CURVE_WITH_KNOTS('',3,(#5855,#5856,#5857,#5858,#5859,#5860),
 .UNSPECIFIED.,.F.,.F.,(4,1,1,4),(0.,0.25,0.5,1.),.UNSPECIFIED.);
#674=B_SPLINE_CURVE_WITH_KNOTS('',3,(#5885,#5886,#5887,#5888,#5889,#5890,
#5891,#5892),.UNSPECIFIED.,.F.,.F.,(4,1,1,1,1,4),(9.207192607107E-14,2.31145207470015E-5,
4.62290414019311E-5,9.24580827117902E-5,0.000138687124021649,0.000184916165331508),
 .UNSPECIFIED.);
#675=B_SPLINE_CURVE_WITH_KNOTS('',3,(#5907,#5908,#5909,#5910,#5911,#5912),
 .UNSPECIFIED.,.F.,.F.,(4,1,1,4),(0.,0.25,0.5,1.),.UNSPECIFIED.);
#676=B_SPLINE_CURVE_WITH_KNOTS('',3,(#5935,#5936,#5937,#5938,#5939,#5940),
 .UNSPECIFIED.,.F.,.F.,(4,1,1,4),(0.,0.5,0.75,1.),.UNSPECIFIED.);
#677=B_SPLINE_CURVE_WITH_KNOTS('',3,(#5955,#5956,#5957,#5958,#5959,#5960),
 .UNSPECIFIED.,.F.,.F.,(4,1,1,4),(0.,0.25,0.5,1.),.UNSPECIFIED.);
#678=B_SPLINE_CURVE_WITH_KNOTS('',3,(#5983,#5984,#5985,#5986,#5987,#5988),
 .UNSPECIFIED.,.F.,.F.,(4,1,1,4),(0.,0.5,0.75,1.),.UNSPECIFIED.);
#679=PLANE('',#3173);
#680=PLANE('',#3227);
#681=PLANE('',#3230);
#682=PLANE('',#3233);
#683=PLANE('',#3236);
#684=PLANE('',#3239);
#685=PLANE('',#3242);
#686=PLANE('',#3245);
#687=PLANE('',#3248);
#688=PLANE('',#3251);
#689=PLANE('',#3254);
#690=PLANE('',#3257);
#691=PLANE('',#3260);
#692=PLANE('',#3263);
#693=PLANE('',#3266);
#694=PLANE('',#3269);
#695=PLANE('',#3272);
#696=PLANE('',#3275);
#697=PLANE('',#3278);
#698=PLANE('',#3281);
#699=PLANE('',#3284);
#700=PLANE('',#3287);
#701=PLANE('',#3290);
#702=PLANE('',#3293);
#703=PLANE('',#3296);
#704=PLANE('',#3299);
#705=PLANE('',#3306);
#706=PLANE('',#3309);
#707=PLANE('',#3312);
#708=PLANE('',#3315);
#709=PLANE('',#3318);
#710=PLANE('',#3321);
#711=PLANE('',#3324);
#712=PLANE('',#3327);
#713=PLANE('',#3330);
#714=PLANE('',#3333);
#715=PLANE('',#3336);
#716=PLANE('',#3339);
#717=PLANE('',#3342);
#718=PLANE('',#3345);
#719=PLANE('',#3348);
#720=PLANE('',#3351);
#721=PLANE('',#3354);
#722=PLANE('',#3357);
#723=PLANE('',#3360);
#724=PLANE('',#3363);
#725=PLANE('',#3366);
#726=PLANE('',#3369);
#727=PLANE('',#3372);
#728=PLANE('',#3375);
#729=PLANE('',#3376);
#730=PLANE('',#3380);
#731=PLANE('',#3382);
#732=PLANE('',#3387);
#733=PLANE('',#3392);
#734=PLANE('',#3395);
#735=ORIENTED_EDGE('',*,*,#1681,.T.);
#736=ORIENTED_EDGE('',*,*,#1682,.F.);
#737=ORIENTED_EDGE('',*,*,#1681,.F.);
#738=ORIENTED_EDGE('',*,*,#1683,.T.);
#739=ORIENTED_EDGE('',*,*,#1684,.T.);
#740=ORIENTED_EDGE('',*,*,#1685,.T.);
#741=ORIENTED_EDGE('',*,*,#1686,.F.);
#742=ORIENTED_EDGE('',*,*,#1687,.F.);
#743=ORIENTED_EDGE('',*,*,#1688,.T.);
#744=ORIENTED_EDGE('',*,*,#1689,.F.);
#745=ORIENTED_EDGE('',*,*,#1690,.T.);
#746=ORIENTED_EDGE('',*,*,#1691,.F.);
#747=ORIENTED_EDGE('',*,*,#1692,.T.);
#748=ORIENTED_EDGE('',*,*,#1693,.F.);
#749=ORIENTED_EDGE('',*,*,#1694,.F.);
#750=ORIENTED_EDGE('',*,*,#1695,.T.);
#751=ORIENTED_EDGE('',*,*,#1696,.T.);
#752=ORIENTED_EDGE('',*,*,#1697,.T.);
#753=ORIENTED_EDGE('',*,*,#1698,.T.);
#754=ORIENTED_EDGE('',*,*,#1699,.F.);
#755=ORIENTED_EDGE('',*,*,#1700,.F.);
#756=ORIENTED_EDGE('',*,*,#1701,.T.);
#757=ORIENTED_EDGE('',*,*,#1702,.T.);
#758=ORIENTED_EDGE('',*,*,#1703,.T.);
#759=ORIENTED_EDGE('',*,*,#1704,.T.);
#760=ORIENTED_EDGE('',*,*,#1705,.T.);
#761=ORIENTED_EDGE('',*,*,#1706,.F.);
#762=ORIENTED_EDGE('',*,*,#1707,.F.);
#763=ORIENTED_EDGE('',*,*,#1708,.T.);
#764=ORIENTED_EDGE('',*,*,#1709,.T.);
#765=ORIENTED_EDGE('',*,*,#1710,.T.);
#766=ORIENTED_EDGE('',*,*,#1711,.T.);
#767=ORIENTED_EDGE('',*,*,#1712,.F.);
#768=ORIENTED_EDGE('',*,*,#1713,.T.);
#769=ORIENTED_EDGE('',*,*,#1714,.T.);
#770=ORIENTED_EDGE('',*,*,#1715,.T.);
#771=ORIENTED_EDGE('',*,*,#1716,.T.);
#772=ORIENTED_EDGE('',*,*,#1717,.F.);
#773=ORIENTED_EDGE('',*,*,#1718,.F.);
#774=ORIENTED_EDGE('',*,*,#1719,.T.);
#775=ORIENTED_EDGE('',*,*,#1720,.T.);
#776=ORIENTED_EDGE('',*,*,#1721,.T.);
#777=ORIENTED_EDGE('',*,*,#1722,.T.);
#778=ORIENTED_EDGE('',*,*,#1723,.T.);
#779=ORIENTED_EDGE('',*,*,#1724,.F.);
#780=ORIENTED_EDGE('',*,*,#1725,.T.);
#781=ORIENTED_EDGE('',*,*,#1726,.T.);
#782=ORIENTED_EDGE('',*,*,#1727,.T.);
#783=ORIENTED_EDGE('',*,*,#1728,.T.);
#784=ORIENTED_EDGE('',*,*,#1729,.T.);
#785=ORIENTED_EDGE('',*,*,#1730,.F.);
#786=ORIENTED_EDGE('',*,*,#1731,.T.);
#787=ORIENTED_EDGE('',*,*,#1732,.T.);
#788=ORIENTED_EDGE('',*,*,#1733,.T.);
#789=ORIENTED_EDGE('',*,*,#1734,.F.);
#790=ORIENTED_EDGE('',*,*,#1735,.F.);
#791=ORIENTED_EDGE('',*,*,#1736,.F.);
#792=ORIENTED_EDGE('',*,*,#1737,.T.);
#793=ORIENTED_EDGE('',*,*,#1738,.F.);
#794=ORIENTED_EDGE('',*,*,#1739,.T.);
#795=ORIENTED_EDGE('',*,*,#1740,.T.);
#796=ORIENTED_EDGE('',*,*,#1741,.T.);
#797=ORIENTED_EDGE('',*,*,#1742,.F.);
#798=ORIENTED_EDGE('',*,*,#1743,.F.);
#799=ORIENTED_EDGE('',*,*,#1744,.T.);
#800=ORIENTED_EDGE('',*,*,#1745,.T.);
#801=ORIENTED_EDGE('',*,*,#1746,.T.);
#802=ORIENTED_EDGE('',*,*,#1747,.T.);
#803=ORIENTED_EDGE('',*,*,#1748,.F.);
#804=ORIENTED_EDGE('',*,*,#1749,.T.);
#805=ORIENTED_EDGE('',*,*,#1750,.F.);
#806=ORIENTED_EDGE('',*,*,#1751,.T.);
#807=ORIENTED_EDGE('',*,*,#1752,.T.);
#808=ORIENTED_EDGE('',*,*,#1753,.T.);
#809=ORIENTED_EDGE('',*,*,#1754,.F.);
#810=ORIENTED_EDGE('',*,*,#1755,.T.);
#811=ORIENTED_EDGE('',*,*,#1756,.T.);
#812=ORIENTED_EDGE('',*,*,#1757,.T.);
#813=ORIENTED_EDGE('',*,*,#1758,.T.);
#814=ORIENTED_EDGE('',*,*,#1759,.F.);
#815=ORIENTED_EDGE('',*,*,#1760,.F.);
#816=ORIENTED_EDGE('',*,*,#1761,.T.);
#817=ORIENTED_EDGE('',*,*,#1762,.T.);
#818=ORIENTED_EDGE('',*,*,#1763,.T.);
#819=ORIENTED_EDGE('',*,*,#1764,.T.);
#820=ORIENTED_EDGE('',*,*,#1765,.T.);
#821=ORIENTED_EDGE('',*,*,#1766,.F.);
#822=ORIENTED_EDGE('',*,*,#1767,.T.);
#823=ORIENTED_EDGE('',*,*,#1768,.T.);
#824=ORIENTED_EDGE('',*,*,#1769,.T.);
#825=ORIENTED_EDGE('',*,*,#1770,.T.);
#826=ORIENTED_EDGE('',*,*,#1771,.F.);
#827=ORIENTED_EDGE('',*,*,#1772,.F.);
#828=ORIENTED_EDGE('',*,*,#1773,.T.);
#829=ORIENTED_EDGE('',*,*,#1774,.T.);
#830=ORIENTED_EDGE('',*,*,#1775,.T.);
#831=ORIENTED_EDGE('',*,*,#1776,.T.);
#832=ORIENTED_EDGE('',*,*,#1777,.T.);
#833=ORIENTED_EDGE('',*,*,#1778,.F.);
#834=ORIENTED_EDGE('',*,*,#1779,.F.);
#835=ORIENTED_EDGE('',*,*,#1780,.T.);
#836=ORIENTED_EDGE('',*,*,#1781,.T.);
#837=ORIENTED_EDGE('',*,*,#1782,.T.);
#838=ORIENTED_EDGE('',*,*,#1783,.T.);
#839=ORIENTED_EDGE('',*,*,#1784,.F.);
#840=ORIENTED_EDGE('',*,*,#1785,.T.);
#841=ORIENTED_EDGE('',*,*,#1786,.T.);
#842=ORIENTED_EDGE('',*,*,#1787,.T.);
#843=ORIENTED_EDGE('',*,*,#1788,.T.);
#844=ORIENTED_EDGE('',*,*,#1789,.F.);
#845=ORIENTED_EDGE('',*,*,#1790,.F.);
#846=ORIENTED_EDGE('',*,*,#1791,.T.);
#847=ORIENTED_EDGE('',*,*,#1792,.T.);
#848=ORIENTED_EDGE('',*,*,#1793,.F.);
#849=ORIENTED_EDGE('',*,*,#1794,.F.);
#850=ORIENTED_EDGE('',*,*,#1795,.T.);
#851=ORIENTED_EDGE('',*,*,#1796,.F.);
#852=ORIENTED_EDGE('',*,*,#1797,.T.);
#853=ORIENTED_EDGE('',*,*,#1798,.T.);
#854=ORIENTED_EDGE('',*,*,#1799,.F.);
#855=ORIENTED_EDGE('',*,*,#1800,.T.);
#856=ORIENTED_EDGE('',*,*,#1801,.T.);
#857=ORIENTED_EDGE('',*,*,#1802,.F.);
#858=ORIENTED_EDGE('',*,*,#1803,.T.);
#859=ORIENTED_EDGE('',*,*,#1804,.T.);
#860=ORIENTED_EDGE('',*,*,#1805,.F.);
#861=ORIENTED_EDGE('',*,*,#1806,.F.);
#862=ORIENTED_EDGE('',*,*,#1807,.F.);
#863=ORIENTED_EDGE('',*,*,#1808,.F.);
#864=ORIENTED_EDGE('',*,*,#1809,.T.);
#865=ORIENTED_EDGE('',*,*,#1810,.F.);
#866=ORIENTED_EDGE('',*,*,#1811,.F.);
#867=ORIENTED_EDGE('',*,*,#1812,.T.);
#868=ORIENTED_EDGE('',*,*,#1813,.T.);
#869=ORIENTED_EDGE('',*,*,#1814,.F.);
#870=ORIENTED_EDGE('',*,*,#1815,.F.);
#871=ORIENTED_EDGE('',*,*,#1816,.T.);
#872=ORIENTED_EDGE('',*,*,#1817,.F.);
#873=ORIENTED_EDGE('',*,*,#1818,.T.);
#874=ORIENTED_EDGE('',*,*,#1819,.T.);
#875=ORIENTED_EDGE('',*,*,#1820,.F.);
#876=ORIENTED_EDGE('',*,*,#1821,.T.);
#877=ORIENTED_EDGE('',*,*,#1822,.F.);
#878=ORIENTED_EDGE('',*,*,#1823,.T.);
#879=ORIENTED_EDGE('',*,*,#1824,.T.);
#880=ORIENTED_EDGE('',*,*,#1825,.T.);
#881=ORIENTED_EDGE('',*,*,#1826,.F.);
#882=ORIENTED_EDGE('',*,*,#1827,.T.);
#883=ORIENTED_EDGE('',*,*,#1828,.T.);
#884=ORIENTED_EDGE('',*,*,#1829,.T.);
#885=ORIENTED_EDGE('',*,*,#1830,.T.);
#886=ORIENTED_EDGE('',*,*,#1831,.T.);
#887=ORIENTED_EDGE('',*,*,#1832,.F.);
#888=ORIENTED_EDGE('',*,*,#1833,.T.);
#889=ORIENTED_EDGE('',*,*,#1834,.F.);
#890=ORIENTED_EDGE('',*,*,#1835,.T.);
#891=ORIENTED_EDGE('',*,*,#1684,.F.);
#892=ORIENTED_EDGE('',*,*,#1836,.F.);
#893=ORIENTED_EDGE('',*,*,#1837,.F.);
#894=ORIENTED_EDGE('',*,*,#1838,.T.);
#895=ORIENTED_EDGE('',*,*,#1685,.F.);
#896=ORIENTED_EDGE('',*,*,#1835,.F.);
#897=ORIENTED_EDGE('',*,*,#1838,.F.);
#898=ORIENTED_EDGE('',*,*,#1839,.T.);
#899=ORIENTED_EDGE('',*,*,#1840,.T.);
#900=ORIENTED_EDGE('',*,*,#1686,.T.);
#901=ORIENTED_EDGE('',*,*,#1840,.F.);
#902=ORIENTED_EDGE('',*,*,#1841,.T.);
#903=ORIENTED_EDGE('',*,*,#1842,.T.);
#904=ORIENTED_EDGE('',*,*,#1687,.T.);
#905=ORIENTED_EDGE('',*,*,#1843,.F.);
#906=ORIENTED_EDGE('',*,*,#1844,.T.);
#907=ORIENTED_EDGE('',*,*,#1688,.F.);
#908=ORIENTED_EDGE('',*,*,#1842,.F.);
#909=ORIENTED_EDGE('',*,*,#1844,.F.);
#910=ORIENTED_EDGE('',*,*,#1845,.T.);
#911=ORIENTED_EDGE('',*,*,#1846,.T.);
#912=ORIENTED_EDGE('',*,*,#1689,.T.);
#913=ORIENTED_EDGE('',*,*,#1847,.F.);
#914=ORIENTED_EDGE('',*,*,#1848,.T.);
#915=ORIENTED_EDGE('',*,*,#1690,.F.);
#916=ORIENTED_EDGE('',*,*,#1846,.F.);
#917=ORIENTED_EDGE('',*,*,#1848,.F.);
#918=ORIENTED_EDGE('',*,*,#1849,.T.);
#919=ORIENTED_EDGE('',*,*,#1850,.T.);
#920=ORIENTED_EDGE('',*,*,#1691,.T.);
#921=ORIENTED_EDGE('',*,*,#1851,.F.);
#922=ORIENTED_EDGE('',*,*,#1852,.T.);
#923=ORIENTED_EDGE('',*,*,#1692,.F.);
#924=ORIENTED_EDGE('',*,*,#1850,.F.);
#925=ORIENTED_EDGE('',*,*,#1852,.F.);
#926=ORIENTED_EDGE('',*,*,#1853,.T.);
#927=ORIENTED_EDGE('',*,*,#1854,.T.);
#928=ORIENTED_EDGE('',*,*,#1693,.T.);
#929=ORIENTED_EDGE('',*,*,#1854,.F.);
#930=ORIENTED_EDGE('',*,*,#1855,.T.);
#931=ORIENTED_EDGE('',*,*,#1856,.T.);
#932=ORIENTED_EDGE('',*,*,#1694,.T.);
#933=ORIENTED_EDGE('',*,*,#1857,.F.);
#934=ORIENTED_EDGE('',*,*,#1858,.T.);
#935=ORIENTED_EDGE('',*,*,#1695,.F.);
#936=ORIENTED_EDGE('',*,*,#1856,.F.);
#937=ORIENTED_EDGE('',*,*,#1859,.F.);
#938=ORIENTED_EDGE('',*,*,#1860,.T.);
#939=ORIENTED_EDGE('',*,*,#1696,.F.);
#940=ORIENTED_EDGE('',*,*,#1858,.F.);
#941=ORIENTED_EDGE('',*,*,#1861,.F.);
#942=ORIENTED_EDGE('',*,*,#1862,.T.);
#943=ORIENTED_EDGE('',*,*,#1697,.F.);
#944=ORIENTED_EDGE('',*,*,#1860,.F.);
#945=ORIENTED_EDGE('',*,*,#1863,.F.);
#946=ORIENTED_EDGE('',*,*,#1864,.T.);
#947=ORIENTED_EDGE('',*,*,#1698,.F.);
#948=ORIENTED_EDGE('',*,*,#1862,.F.);
#949=ORIENTED_EDGE('',*,*,#1864,.F.);
#950=ORIENTED_EDGE('',*,*,#1865,.T.);
#951=ORIENTED_EDGE('',*,*,#1866,.T.);
#952=ORIENTED_EDGE('',*,*,#1699,.T.);
#953=ORIENTED_EDGE('',*,*,#1866,.F.);
#954=ORIENTED_EDGE('',*,*,#1867,.T.);
#955=ORIENTED_EDGE('',*,*,#1868,.T.);
#956=ORIENTED_EDGE('',*,*,#1700,.T.);
#957=ORIENTED_EDGE('',*,*,#1869,.F.);
#958=ORIENTED_EDGE('',*,*,#1870,.T.);
#959=ORIENTED_EDGE('',*,*,#1701,.F.);
#960=ORIENTED_EDGE('',*,*,#1868,.F.);
#961=ORIENTED_EDGE('',*,*,#1871,.F.);
#962=ORIENTED_EDGE('',*,*,#1872,.T.);
#963=ORIENTED_EDGE('',*,*,#1702,.F.);
#964=ORIENTED_EDGE('',*,*,#1870,.F.);
#965=ORIENTED_EDGE('',*,*,#1873,.F.);
#966=ORIENTED_EDGE('',*,*,#1874,.T.);
#967=ORIENTED_EDGE('',*,*,#1703,.F.);
#968=ORIENTED_EDGE('',*,*,#1872,.F.);
#969=ORIENTED_EDGE('',*,*,#1875,.F.);
#970=ORIENTED_EDGE('',*,*,#1876,.T.);
#971=ORIENTED_EDGE('',*,*,#1704,.F.);
#972=ORIENTED_EDGE('',*,*,#1874,.F.);
#973=ORIENTED_EDGE('',*,*,#1877,.F.);
#974=ORIENTED_EDGE('',*,*,#1878,.T.);
#975=ORIENTED_EDGE('',*,*,#1705,.F.);
#976=ORIENTED_EDGE('',*,*,#1876,.F.);
#977=ORIENTED_EDGE('',*,*,#1878,.F.);
#978=ORIENTED_EDGE('',*,*,#1879,.T.);
#979=ORIENTED_EDGE('',*,*,#1880,.T.);
#980=ORIENTED_EDGE('',*,*,#1706,.T.);
#981=ORIENTED_EDGE('',*,*,#1880,.F.);
#982=ORIENTED_EDGE('',*,*,#1881,.T.);
#983=ORIENTED_EDGE('',*,*,#1882,.T.);
#984=ORIENTED_EDGE('',*,*,#1707,.T.);
#985=ORIENTED_EDGE('',*,*,#1883,.F.);
#986=ORIENTED_EDGE('',*,*,#1884,.T.);
#987=ORIENTED_EDGE('',*,*,#1708,.F.);
#988=ORIENTED_EDGE('',*,*,#1882,.F.);
#989=ORIENTED_EDGE('',*,*,#1885,.F.);
#990=ORIENTED_EDGE('',*,*,#1886,.T.);
#991=ORIENTED_EDGE('',*,*,#1709,.F.);
#992=ORIENTED_EDGE('',*,*,#1884,.F.);
#993=ORIENTED_EDGE('',*,*,#1887,.F.);
#994=ORIENTED_EDGE('',*,*,#1888,.T.);
#995=ORIENTED_EDGE('',*,*,#1710,.F.);
#996=ORIENTED_EDGE('',*,*,#1886,.F.);
#997=ORIENTED_EDGE('',*,*,#1889,.F.);
#998=ORIENTED_EDGE('',*,*,#1890,.T.);
#999=ORIENTED_EDGE('',*,*,#1711,.F.);
#1000=ORIENTED_EDGE('',*,*,#1888,.F.);
#1001=ORIENTED_EDGE('',*,*,#1890,.F.);
#1002=ORIENTED_EDGE('',*,*,#1891,.T.);
#1003=ORIENTED_EDGE('',*,*,#1892,.T.);
#1004=ORIENTED_EDGE('',*,*,#1712,.T.);
#1005=ORIENTED_EDGE('',*,*,#1893,.F.);
#1006=ORIENTED_EDGE('',*,*,#1894,.T.);
#1007=ORIENTED_EDGE('',*,*,#1713,.F.);
#1008=ORIENTED_EDGE('',*,*,#1892,.F.);
#1009=ORIENTED_EDGE('',*,*,#1895,.F.);
#1010=ORIENTED_EDGE('',*,*,#1896,.T.);
#1011=ORIENTED_EDGE('',*,*,#1714,.F.);
#1012=ORIENTED_EDGE('',*,*,#1894,.F.);
#1013=ORIENTED_EDGE('',*,*,#1897,.F.);
#1014=ORIENTED_EDGE('',*,*,#1898,.T.);
#1015=ORIENTED_EDGE('',*,*,#1715,.F.);
#1016=ORIENTED_EDGE('',*,*,#1896,.F.);
#1017=ORIENTED_EDGE('',*,*,#1899,.F.);
#1018=ORIENTED_EDGE('',*,*,#1900,.T.);
#1019=ORIENTED_EDGE('',*,*,#1716,.F.);
#1020=ORIENTED_EDGE('',*,*,#1898,.F.);
#1021=ORIENTED_EDGE('',*,*,#1900,.F.);
#1022=ORIENTED_EDGE('',*,*,#1901,.T.);
#1023=ORIENTED_EDGE('',*,*,#1902,.T.);
#1024=ORIENTED_EDGE('',*,*,#1717,.T.);
#1025=ORIENTED_EDGE('',*,*,#1902,.F.);
#1026=ORIENTED_EDGE('',*,*,#1903,.T.);
#1027=ORIENTED_EDGE('',*,*,#1904,.T.);
#1028=ORIENTED_EDGE('',*,*,#1718,.T.);
#1029=ORIENTED_EDGE('',*,*,#1905,.F.);
#1030=ORIENTED_EDGE('',*,*,#1906,.T.);
#1031=ORIENTED_EDGE('',*,*,#1719,.F.);
#1032=ORIENTED_EDGE('',*,*,#1904,.F.);
#1033=ORIENTED_EDGE('',*,*,#1907,.F.);
#1034=ORIENTED_EDGE('',*,*,#1908,.T.);
#1035=ORIENTED_EDGE('',*,*,#1720,.F.);
#1036=ORIENTED_EDGE('',*,*,#1906,.F.);
#1037=ORIENTED_EDGE('',*,*,#1909,.F.);
#1038=ORIENTED_EDGE('',*,*,#1910,.T.);
#1039=ORIENTED_EDGE('',*,*,#1721,.F.);
#1040=ORIENTED_EDGE('',*,*,#1908,.F.);
#1041=ORIENTED_EDGE('',*,*,#1911,.F.);
#1042=ORIENTED_EDGE('',*,*,#1912,.T.);
#1043=ORIENTED_EDGE('',*,*,#1722,.F.);
#1044=ORIENTED_EDGE('',*,*,#1910,.F.);
#1045=ORIENTED_EDGE('',*,*,#1913,.F.);
#1046=ORIENTED_EDGE('',*,*,#1914,.T.);
#1047=ORIENTED_EDGE('',*,*,#1723,.F.);
#1048=ORIENTED_EDGE('',*,*,#1912,.F.);
#1049=ORIENTED_EDGE('',*,*,#1914,.F.);
#1050=ORIENTED_EDGE('',*,*,#1915,.T.);
#1051=ORIENTED_EDGE('',*,*,#1916,.T.);
#1052=ORIENTED_EDGE('',*,*,#1724,.T.);
#1053=ORIENTED_EDGE('',*,*,#1917,.F.);
#1054=ORIENTED_EDGE('',*,*,#1918,.T.);
#1055=ORIENTED_EDGE('',*,*,#1725,.F.);
#1056=ORIENTED_EDGE('',*,*,#1916,.F.);
#1057=ORIENTED_EDGE('',*,*,#1919,.F.);
#1058=ORIENTED_EDGE('',*,*,#1920,.T.);
#1059=ORIENTED_EDGE('',*,*,#1726,.F.);
#1060=ORIENTED_EDGE('',*,*,#1918,.F.);
#1061=ORIENTED_EDGE('',*,*,#1921,.F.);
#1062=ORIENTED_EDGE('',*,*,#1922,.T.);
#1063=ORIENTED_EDGE('',*,*,#1727,.F.);
#1064=ORIENTED_EDGE('',*,*,#1920,.F.);
#1065=ORIENTED_EDGE('',*,*,#1923,.F.);
#1066=ORIENTED_EDGE('',*,*,#1924,.T.);
#1067=ORIENTED_EDGE('',*,*,#1728,.F.);
#1068=ORIENTED_EDGE('',*,*,#1922,.F.);
#1069=ORIENTED_EDGE('',*,*,#1925,.F.);
#1070=ORIENTED_EDGE('',*,*,#1926,.T.);
#1071=ORIENTED_EDGE('',*,*,#1729,.F.);
#1072=ORIENTED_EDGE('',*,*,#1924,.F.);
#1073=ORIENTED_EDGE('',*,*,#1926,.F.);
#1074=ORIENTED_EDGE('',*,*,#1927,.T.);
#1075=ORIENTED_EDGE('',*,*,#1928,.T.);
#1076=ORIENTED_EDGE('',*,*,#1730,.T.);
#1077=ORIENTED_EDGE('',*,*,#1929,.F.);
#1078=ORIENTED_EDGE('',*,*,#1930,.T.);
#1079=ORIENTED_EDGE('',*,*,#1731,.F.);
#1080=ORIENTED_EDGE('',*,*,#1928,.F.);
#1081=ORIENTED_EDGE('',*,*,#1931,.F.);
#1082=ORIENTED_EDGE('',*,*,#1932,.T.);
#1083=ORIENTED_EDGE('',*,*,#1732,.F.);
#1084=ORIENTED_EDGE('',*,*,#1930,.F.);
#1085=ORIENTED_EDGE('',*,*,#1933,.F.);
#1086=ORIENTED_EDGE('',*,*,#1934,.T.);
#1087=ORIENTED_EDGE('',*,*,#1733,.F.);
#1088=ORIENTED_EDGE('',*,*,#1932,.F.);
#1089=ORIENTED_EDGE('',*,*,#1934,.F.);
#1090=ORIENTED_EDGE('',*,*,#1935,.T.);
#1091=ORIENTED_EDGE('',*,*,#1936,.T.);
#1092=ORIENTED_EDGE('',*,*,#1734,.T.);
#1093=ORIENTED_EDGE('',*,*,#1936,.F.);
#1094=ORIENTED_EDGE('',*,*,#1937,.T.);
#1095=ORIENTED_EDGE('',*,*,#1938,.T.);
#1096=ORIENTED_EDGE('',*,*,#1735,.T.);
#1097=ORIENTED_EDGE('',*,*,#1938,.F.);
#1098=ORIENTED_EDGE('',*,*,#1939,.T.);
#1099=ORIENTED_EDGE('',*,*,#1940,.T.);
#1100=ORIENTED_EDGE('',*,*,#1736,.T.);
#1101=ORIENTED_EDGE('',*,*,#1941,.F.);
#1102=ORIENTED_EDGE('',*,*,#1942,.T.);
#1103=ORIENTED_EDGE('',*,*,#1737,.F.);
#1104=ORIENTED_EDGE('',*,*,#1940,.F.);
#1105=ORIENTED_EDGE('',*,*,#1942,.F.);
#1106=ORIENTED_EDGE('',*,*,#1943,.T.);
#1107=ORIENTED_EDGE('',*,*,#1944,.T.);
#1108=ORIENTED_EDGE('',*,*,#1738,.T.);
#1109=ORIENTED_EDGE('',*,*,#1945,.F.);
#1110=ORIENTED_EDGE('',*,*,#1946,.T.);
#1111=ORIENTED_EDGE('',*,*,#1739,.F.);
#1112=ORIENTED_EDGE('',*,*,#1944,.F.);
#1113=ORIENTED_EDGE('',*,*,#1947,.F.);
#1114=ORIENTED_EDGE('',*,*,#1948,.T.);
#1115=ORIENTED_EDGE('',*,*,#1740,.F.);
#1116=ORIENTED_EDGE('',*,*,#1946,.F.);
#1117=ORIENTED_EDGE('',*,*,#1949,.F.);
#1118=ORIENTED_EDGE('',*,*,#1950,.T.);
#1119=ORIENTED_EDGE('',*,*,#1741,.F.);
#1120=ORIENTED_EDGE('',*,*,#1948,.F.);
#1121=ORIENTED_EDGE('',*,*,#1950,.F.);
#1122=ORIENTED_EDGE('',*,*,#1951,.T.);
#1123=ORIENTED_EDGE('',*,*,#1952,.T.);
#1124=ORIENTED_EDGE('',*,*,#1742,.T.);
#1125=ORIENTED_EDGE('',*,*,#1952,.F.);
#1126=ORIENTED_EDGE('',*,*,#1953,.T.);
#1127=ORIENTED_EDGE('',*,*,#1954,.T.);
#1128=ORIENTED_EDGE('',*,*,#1743,.T.);
#1129=ORIENTED_EDGE('',*,*,#1955,.F.);
#1130=ORIENTED_EDGE('',*,*,#1956,.T.);
#1131=ORIENTED_EDGE('',*,*,#1744,.F.);
#1132=ORIENTED_EDGE('',*,*,#1954,.F.);
#1133=ORIENTED_EDGE('',*,*,#1957,.F.);
#1134=ORIENTED_EDGE('',*,*,#1958,.T.);
#1135=ORIENTED_EDGE('',*,*,#1745,.F.);
#1136=ORIENTED_EDGE('',*,*,#1956,.F.);
#1137=ORIENTED_EDGE('',*,*,#1959,.F.);
#1138=ORIENTED_EDGE('',*,*,#1960,.T.);
#1139=ORIENTED_EDGE('',*,*,#1746,.F.);
#1140=ORIENTED_EDGE('',*,*,#1958,.F.);
#1141=ORIENTED_EDGE('',*,*,#1961,.F.);
#1142=ORIENTED_EDGE('',*,*,#1962,.T.);
#1143=ORIENTED_EDGE('',*,*,#1747,.F.);
#1144=ORIENTED_EDGE('',*,*,#1960,.F.);
#1145=ORIENTED_EDGE('',*,*,#1962,.F.);
#1146=ORIENTED_EDGE('',*,*,#1963,.T.);
#1147=ORIENTED_EDGE('',*,*,#1964,.T.);
#1148=ORIENTED_EDGE('',*,*,#1748,.T.);
#1149=ORIENTED_EDGE('',*,*,#1965,.F.);
#1150=ORIENTED_EDGE('',*,*,#1966,.T.);
#1151=ORIENTED_EDGE('',*,*,#1749,.F.);
#1152=ORIENTED_EDGE('',*,*,#1964,.F.);
#1153=ORIENTED_EDGE('',*,*,#1966,.F.);
#1154=ORIENTED_EDGE('',*,*,#1967,.T.);
#1155=ORIENTED_EDGE('',*,*,#1968,.T.);
#1156=ORIENTED_EDGE('',*,*,#1750,.T.);
#1157=ORIENTED_EDGE('',*,*,#1969,.F.);
#1158=ORIENTED_EDGE('',*,*,#1970,.T.);
#1159=ORIENTED_EDGE('',*,*,#1751,.F.);
#1160=ORIENTED_EDGE('',*,*,#1968,.F.);
#1161=ORIENTED_EDGE('',*,*,#1971,.F.);
#1162=ORIENTED_EDGE('',*,*,#1972,.T.);
#1163=ORIENTED_EDGE('',*,*,#1752,.F.);
#1164=ORIENTED_EDGE('',*,*,#1970,.F.);
#1165=ORIENTED_EDGE('',*,*,#1973,.F.);
#1166=ORIENTED_EDGE('',*,*,#1974,.T.);
#1167=ORIENTED_EDGE('',*,*,#1753,.F.);
#1168=ORIENTED_EDGE('',*,*,#1972,.F.);
#1169=ORIENTED_EDGE('',*,*,#1974,.F.);
#1170=ORIENTED_EDGE('',*,*,#1975,.T.);
#1171=ORIENTED_EDGE('',*,*,#1976,.T.);
#1172=ORIENTED_EDGE('',*,*,#1754,.T.);
#1173=ORIENTED_EDGE('',*,*,#1977,.F.);
#1174=ORIENTED_EDGE('',*,*,#1978,.T.);
#1175=ORIENTED_EDGE('',*,*,#1755,.F.);
#1176=ORIENTED_EDGE('',*,*,#1976,.F.);
#1177=ORIENTED_EDGE('',*,*,#1979,.F.);
#1178=ORIENTED_EDGE('',*,*,#1980,.T.);
#1179=ORIENTED_EDGE('',*,*,#1756,.F.);
#1180=ORIENTED_EDGE('',*,*,#1978,.F.);
#1181=ORIENTED_EDGE('',*,*,#1981,.F.);
#1182=ORIENTED_EDGE('',*,*,#1982,.T.);
#1183=ORIENTED_EDGE('',*,*,#1757,.F.);
#1184=ORIENTED_EDGE('',*,*,#1980,.F.);
#1185=ORIENTED_EDGE('',*,*,#1983,.F.);
#1186=ORIENTED_EDGE('',*,*,#1984,.T.);
#1187=ORIENTED_EDGE('',*,*,#1758,.F.);
#1188=ORIENTED_EDGE('',*,*,#1982,.F.);
#1189=ORIENTED_EDGE('',*,*,#1984,.F.);
#1190=ORIENTED_EDGE('',*,*,#1985,.T.);
#1191=ORIENTED_EDGE('',*,*,#1986,.T.);
#1192=ORIENTED_EDGE('',*,*,#1759,.T.);
#1193=ORIENTED_EDGE('',*,*,#1986,.F.);
#1194=ORIENTED_EDGE('',*,*,#1987,.T.);
#1195=ORIENTED_EDGE('',*,*,#1988,.T.);
#1196=ORIENTED_EDGE('',*,*,#1760,.T.);
#1197=ORIENTED_EDGE('',*,*,#1989,.F.);
#1198=ORIENTED_EDGE('',*,*,#1990,.T.);
#1199=ORIENTED_EDGE('',*,*,#1761,.F.);
#1200=ORIENTED_EDGE('',*,*,#1988,.F.);
#1201=ORIENTED_EDGE('',*,*,#1991,.F.);
#1202=ORIENTED_EDGE('',*,*,#1992,.T.);
#1203=ORIENTED_EDGE('',*,*,#1762,.F.);
#1204=ORIENTED_EDGE('',*,*,#1990,.F.);
#1205=ORIENTED_EDGE('',*,*,#1993,.F.);
#1206=ORIENTED_EDGE('',*,*,#1994,.T.);
#1207=ORIENTED_EDGE('',*,*,#1763,.F.);
#1208=ORIENTED_EDGE('',*,*,#1992,.F.);
#1209=ORIENTED_EDGE('',*,*,#1995,.F.);
#1210=ORIENTED_EDGE('',*,*,#1996,.T.);
#1211=ORIENTED_EDGE('',*,*,#1764,.F.);
#1212=ORIENTED_EDGE('',*,*,#1994,.F.);
#1213=ORIENTED_EDGE('',*,*,#1997,.F.);
#1214=ORIENTED_EDGE('',*,*,#1998,.T.);
#1215=ORIENTED_EDGE('',*,*,#1765,.F.);
#1216=ORIENTED_EDGE('',*,*,#1996,.F.);
#1217=ORIENTED_EDGE('',*,*,#1998,.F.);
#1218=ORIENTED_EDGE('',*,*,#1999,.T.);
#1219=ORIENTED_EDGE('',*,*,#2000,.T.);
#1220=ORIENTED_EDGE('',*,*,#1766,.T.);
#1221=ORIENTED_EDGE('',*,*,#2001,.F.);
#1222=ORIENTED_EDGE('',*,*,#2002,.T.);
#1223=ORIENTED_EDGE('',*,*,#1767,.F.);
#1224=ORIENTED_EDGE('',*,*,#2000,.F.);
#1225=ORIENTED_EDGE('',*,*,#2003,.F.);
#1226=ORIENTED_EDGE('',*,*,#2004,.T.);
#1227=ORIENTED_EDGE('',*,*,#1768,.F.);
#1228=ORIENTED_EDGE('',*,*,#2002,.F.);
#1229=ORIENTED_EDGE('',*,*,#2005,.F.);
#1230=ORIENTED_EDGE('',*,*,#2006,.T.);
#1231=ORIENTED_EDGE('',*,*,#1769,.F.);
#1232=ORIENTED_EDGE('',*,*,#2004,.F.);
#1233=ORIENTED_EDGE('',*,*,#2007,.F.);
#1234=ORIENTED_EDGE('',*,*,#2008,.T.);
#1235=ORIENTED_EDGE('',*,*,#1770,.F.);
#1236=ORIENTED_EDGE('',*,*,#2006,.F.);
#1237=ORIENTED_EDGE('',*,*,#2008,.F.);
#1238=ORIENTED_EDGE('',*,*,#2009,.T.);
#1239=ORIENTED_EDGE('',*,*,#2010,.T.);
#1240=ORIENTED_EDGE('',*,*,#1771,.T.);
#1241=ORIENTED_EDGE('',*,*,#2010,.F.);
#1242=ORIENTED_EDGE('',*,*,#2011,.T.);
#1243=ORIENTED_EDGE('',*,*,#2012,.T.);
#1244=ORIENTED_EDGE('',*,*,#1772,.T.);
#1245=ORIENTED_EDGE('',*,*,#2013,.F.);
#1246=ORIENTED_EDGE('',*,*,#2014,.T.);
#1247=ORIENTED_EDGE('',*,*,#1773,.F.);
#1248=ORIENTED_EDGE('',*,*,#2012,.F.);
#1249=ORIENTED_EDGE('',*,*,#2015,.F.);
#1250=ORIENTED_EDGE('',*,*,#2016,.T.);
#1251=ORIENTED_EDGE('',*,*,#1774,.F.);
#1252=ORIENTED_EDGE('',*,*,#2014,.F.);
#1253=ORIENTED_EDGE('',*,*,#2017,.F.);
#1254=ORIENTED_EDGE('',*,*,#2018,.T.);
#1255=ORIENTED_EDGE('',*,*,#1775,.F.);
#1256=ORIENTED_EDGE('',*,*,#2016,.F.);
#1257=ORIENTED_EDGE('',*,*,#2019,.F.);
#1258=ORIENTED_EDGE('',*,*,#2020,.T.);
#1259=ORIENTED_EDGE('',*,*,#1776,.F.);
#1260=ORIENTED_EDGE('',*,*,#2018,.F.);
#1261=ORIENTED_EDGE('',*,*,#2021,.F.);
#1262=ORIENTED_EDGE('',*,*,#2022,.T.);
#1263=ORIENTED_EDGE('',*,*,#1777,.F.);
#1264=ORIENTED_EDGE('',*,*,#2020,.F.);
#1265=ORIENTED_EDGE('',*,*,#2022,.F.);
#1266=ORIENTED_EDGE('',*,*,#2023,.T.);
#1267=ORIENTED_EDGE('',*,*,#2024,.T.);
#1268=ORIENTED_EDGE('',*,*,#1778,.T.);
#1269=ORIENTED_EDGE('',*,*,#2024,.F.);
#1270=ORIENTED_EDGE('',*,*,#2025,.T.);
#1271=ORIENTED_EDGE('',*,*,#2026,.T.);
#1272=ORIENTED_EDGE('',*,*,#1779,.T.);
#1273=ORIENTED_EDGE('',*,*,#2027,.F.);
#1274=ORIENTED_EDGE('',*,*,#2028,.T.);
#1275=ORIENTED_EDGE('',*,*,#1780,.F.);
#1276=ORIENTED_EDGE('',*,*,#2026,.F.);
#1277=ORIENTED_EDGE('',*,*,#2029,.F.);
#1278=ORIENTED_EDGE('',*,*,#2030,.T.);
#1279=ORIENTED_EDGE('',*,*,#1781,.F.);
#1280=ORIENTED_EDGE('',*,*,#2028,.F.);
#1281=ORIENTED_EDGE('',*,*,#2031,.F.);
#1282=ORIENTED_EDGE('',*,*,#2032,.T.);
#1283=ORIENTED_EDGE('',*,*,#1782,.F.);
#1284=ORIENTED_EDGE('',*,*,#2030,.F.);
#1285=ORIENTED_EDGE('',*,*,#2033,.F.);
#1286=ORIENTED_EDGE('',*,*,#2034,.T.);
#1287=ORIENTED_EDGE('',*,*,#1783,.F.);
#1288=ORIENTED_EDGE('',*,*,#2032,.F.);
#1289=ORIENTED_EDGE('',*,*,#2034,.F.);
#1290=ORIENTED_EDGE('',*,*,#2035,.T.);
#1291=ORIENTED_EDGE('',*,*,#2036,.T.);
#1292=ORIENTED_EDGE('',*,*,#1784,.T.);
#1293=ORIENTED_EDGE('',*,*,#2037,.F.);
#1294=ORIENTED_EDGE('',*,*,#2038,.T.);
#1295=ORIENTED_EDGE('',*,*,#1785,.F.);
#1296=ORIENTED_EDGE('',*,*,#2036,.F.);
#1297=ORIENTED_EDGE('',*,*,#2039,.F.);
#1298=ORIENTED_EDGE('',*,*,#2040,.T.);
#1299=ORIENTED_EDGE('',*,*,#1786,.F.);
#1300=ORIENTED_EDGE('',*,*,#2038,.F.);
#1301=ORIENTED_EDGE('',*,*,#2041,.F.);
#1302=ORIENTED_EDGE('',*,*,#2042,.T.);
#1303=ORIENTED_EDGE('',*,*,#1787,.F.);
#1304=ORIENTED_EDGE('',*,*,#2040,.F.);
#1305=ORIENTED_EDGE('',*,*,#2043,.F.);
#1306=ORIENTED_EDGE('',*,*,#2044,.T.);
#1307=ORIENTED_EDGE('',*,*,#1788,.F.);
#1308=ORIENTED_EDGE('',*,*,#2042,.F.);
#1309=ORIENTED_EDGE('',*,*,#2044,.F.);
#1310=ORIENTED_EDGE('',*,*,#2045,.T.);
#1311=ORIENTED_EDGE('',*,*,#2046,.T.);
#1312=ORIENTED_EDGE('',*,*,#1789,.T.);
#1313=ORIENTED_EDGE('',*,*,#2046,.F.);
#1314=ORIENTED_EDGE('',*,*,#2047,.T.);
#1315=ORIENTED_EDGE('',*,*,#2048,.T.);
#1316=ORIENTED_EDGE('',*,*,#1790,.T.);
#1317=ORIENTED_EDGE('',*,*,#2049,.F.);
#1318=ORIENTED_EDGE('',*,*,#2050,.T.);
#1319=ORIENTED_EDGE('',*,*,#1791,.F.);
#1320=ORIENTED_EDGE('',*,*,#2048,.F.);
#1321=ORIENTED_EDGE('',*,*,#2051,.F.);
#1322=ORIENTED_EDGE('',*,*,#2052,.T.);
#1323=ORIENTED_EDGE('',*,*,#1792,.F.);
#1324=ORIENTED_EDGE('',*,*,#2050,.F.);
#1325=ORIENTED_EDGE('',*,*,#2052,.F.);
#1326=ORIENTED_EDGE('',*,*,#2053,.T.);
#1327=ORIENTED_EDGE('',*,*,#2054,.T.);
#1328=ORIENTED_EDGE('',*,*,#1793,.T.);
#1329=ORIENTED_EDGE('',*,*,#2054,.F.);
#1330=ORIENTED_EDGE('',*,*,#2055,.T.);
#1331=ORIENTED_EDGE('',*,*,#2056,.T.);
#1332=ORIENTED_EDGE('',*,*,#1794,.T.);
#1333=ORIENTED_EDGE('',*,*,#2057,.F.);
#1334=ORIENTED_EDGE('',*,*,#2058,.T.);
#1335=ORIENTED_EDGE('',*,*,#1795,.F.);
#1336=ORIENTED_EDGE('',*,*,#2056,.F.);
#1337=ORIENTED_EDGE('',*,*,#2058,.F.);
#1338=ORIENTED_EDGE('',*,*,#2059,.T.);
#1339=ORIENTED_EDGE('',*,*,#2060,.T.);
#1340=ORIENTED_EDGE('',*,*,#1796,.T.);
#1341=ORIENTED_EDGE('',*,*,#2061,.F.);
#1342=ORIENTED_EDGE('',*,*,#2062,.T.);
#1343=ORIENTED_EDGE('',*,*,#1797,.F.);
#1344=ORIENTED_EDGE('',*,*,#2060,.F.);
#1345=ORIENTED_EDGE('',*,*,#2063,.F.);
#1346=ORIENTED_EDGE('',*,*,#2064,.T.);
#1347=ORIENTED_EDGE('',*,*,#1798,.F.);
#1348=ORIENTED_EDGE('',*,*,#2062,.F.);
#1349=ORIENTED_EDGE('',*,*,#2064,.F.);
#1350=ORIENTED_EDGE('',*,*,#2065,.T.);
#1351=ORIENTED_EDGE('',*,*,#2066,.T.);
#1352=ORIENTED_EDGE('',*,*,#1799,.T.);
#1353=ORIENTED_EDGE('',*,*,#2067,.F.);
#1354=ORIENTED_EDGE('',*,*,#2068,.T.);
#1355=ORIENTED_EDGE('',*,*,#1800,.F.);
#1356=ORIENTED_EDGE('',*,*,#2066,.F.);
#1357=ORIENTED_EDGE('',*,*,#2069,.F.);
#1358=ORIENTED_EDGE('',*,*,#2070,.T.);
#1359=ORIENTED_EDGE('',*,*,#1801,.F.);
#1360=ORIENTED_EDGE('',*,*,#2068,.F.);
#1361=ORIENTED_EDGE('',*,*,#2070,.F.);
#1362=ORIENTED_EDGE('',*,*,#2071,.T.);
#1363=ORIENTED_EDGE('',*,*,#2072,.T.);
#1364=ORIENTED_EDGE('',*,*,#1802,.T.);
#1365=ORIENTED_EDGE('',*,*,#2073,.F.);
#1366=ORIENTED_EDGE('',*,*,#2074,.T.);
#1367=ORIENTED_EDGE('',*,*,#1803,.F.);
#1368=ORIENTED_EDGE('',*,*,#2072,.F.);
#1369=ORIENTED_EDGE('',*,*,#2075,.F.);
#1370=ORIENTED_EDGE('',*,*,#2076,.T.);
#1371=ORIENTED_EDGE('',*,*,#1804,.F.);
#1372=ORIENTED_EDGE('',*,*,#2074,.F.);
#1373=ORIENTED_EDGE('',*,*,#2076,.F.);
#1374=ORIENTED_EDGE('',*,*,#2077,.T.);
#1375=ORIENTED_EDGE('',*,*,#2078,.T.);
#1376=ORIENTED_EDGE('',*,*,#1805,.T.);
#1377=ORIENTED_EDGE('',*,*,#2078,.F.);
#1378=ORIENTED_EDGE('',*,*,#2079,.T.);
#1379=ORIENTED_EDGE('',*,*,#2080,.T.);
#1380=ORIENTED_EDGE('',*,*,#1806,.T.);
#1381=ORIENTED_EDGE('',*,*,#2080,.F.);
#1382=ORIENTED_EDGE('',*,*,#2081,.T.);
#1383=ORIENTED_EDGE('',*,*,#2082,.T.);
#1384=ORIENTED_EDGE('',*,*,#1807,.T.);
#1385=ORIENTED_EDGE('',*,*,#2082,.F.);
#1386=ORIENTED_EDGE('',*,*,#2083,.T.);
#1387=ORIENTED_EDGE('',*,*,#2084,.T.);
#1388=ORIENTED_EDGE('',*,*,#1808,.T.);
#1389=ORIENTED_EDGE('',*,*,#2085,.F.);
#1390=ORIENTED_EDGE('',*,*,#2086,.T.);
#1391=ORIENTED_EDGE('',*,*,#1809,.F.);
#1392=ORIENTED_EDGE('',*,*,#2084,.F.);
#1393=ORIENTED_EDGE('',*,*,#2086,.F.);
#1394=ORIENTED_EDGE('',*,*,#2087,.T.);
#1395=ORIENTED_EDGE('',*,*,#2088,.T.);
#1396=ORIENTED_EDGE('',*,*,#1810,.T.);
#1397=ORIENTED_EDGE('',*,*,#2088,.F.);
#1398=ORIENTED_EDGE('',*,*,#2089,.T.);
#1399=ORIENTED_EDGE('',*,*,#2090,.T.);
#1400=ORIENTED_EDGE('',*,*,#1811,.T.);
#1401=ORIENTED_EDGE('',*,*,#2091,.F.);
#1402=ORIENTED_EDGE('',*,*,#2092,.T.);
#1403=ORIENTED_EDGE('',*,*,#1812,.F.);
#1404=ORIENTED_EDGE('',*,*,#2090,.F.);
#1405=ORIENTED_EDGE('',*,*,#2093,.F.);
#1406=ORIENTED_EDGE('',*,*,#2094,.T.);
#1407=ORIENTED_EDGE('',*,*,#1813,.F.);
#1408=ORIENTED_EDGE('',*,*,#2092,.F.);
#1409=ORIENTED_EDGE('',*,*,#2094,.F.);
#1410=ORIENTED_EDGE('',*,*,#2095,.T.);
#1411=ORIENTED_EDGE('',*,*,#2096,.T.);
#1412=ORIENTED_EDGE('',*,*,#1814,.T.);
#1413=ORIENTED_EDGE('',*,*,#2096,.F.);
#1414=ORIENTED_EDGE('',*,*,#2097,.T.);
#1415=ORIENTED_EDGE('',*,*,#2098,.T.);
#1416=ORIENTED_EDGE('',*,*,#1815,.T.);
#1417=ORIENTED_EDGE('',*,*,#2099,.F.);
#1418=ORIENTED_EDGE('',*,*,#2100,.T.);
#1419=ORIENTED_EDGE('',*,*,#1816,.F.);
#1420=ORIENTED_EDGE('',*,*,#2098,.F.);
#1421=ORIENTED_EDGE('',*,*,#2100,.F.);
#1422=ORIENTED_EDGE('',*,*,#2101,.T.);
#1423=ORIENTED_EDGE('',*,*,#2102,.T.);
#1424=ORIENTED_EDGE('',*,*,#1817,.T.);
#1425=ORIENTED_EDGE('',*,*,#2103,.F.);
#1426=ORIENTED_EDGE('',*,*,#2104,.T.);
#1427=ORIENTED_EDGE('',*,*,#1818,.F.);
#1428=ORIENTED_EDGE('',*,*,#2102,.F.);
#1429=ORIENTED_EDGE('',*,*,#2105,.F.);
#1430=ORIENTED_EDGE('',*,*,#2106,.T.);
#1431=ORIENTED_EDGE('',*,*,#1819,.F.);
#1432=ORIENTED_EDGE('',*,*,#2104,.F.);
#1433=ORIENTED_EDGE('',*,*,#2106,.F.);
#1434=ORIENTED_EDGE('',*,*,#2107,.T.);
#1435=ORIENTED_EDGE('',*,*,#2108,.T.);
#1436=ORIENTED_EDGE('',*,*,#1820,.T.);
#1437=ORIENTED_EDGE('',*,*,#2109,.F.);
#1438=ORIENTED_EDGE('',*,*,#2110,.T.);
#1439=ORIENTED_EDGE('',*,*,#1821,.F.);
#1440=ORIENTED_EDGE('',*,*,#2108,.F.);
#1441=ORIENTED_EDGE('',*,*,#2110,.F.);
#1442=ORIENTED_EDGE('',*,*,#2111,.T.);
#1443=ORIENTED_EDGE('',*,*,#2112,.T.);
#1444=ORIENTED_EDGE('',*,*,#1822,.T.);
#1445=ORIENTED_EDGE('',*,*,#2113,.F.);
#1446=ORIENTED_EDGE('',*,*,#2114,.T.);
#1447=ORIENTED_EDGE('',*,*,#1823,.F.);
#1448=ORIENTED_EDGE('',*,*,#2112,.F.);
#1449=ORIENTED_EDGE('',*,*,#2115,.F.);
#1450=ORIENTED_EDGE('',*,*,#2116,.T.);
#1451=ORIENTED_EDGE('',*,*,#1824,.F.);
#1452=ORIENTED_EDGE('',*,*,#2114,.F.);
#1453=ORIENTED_EDGE('',*,*,#2117,.F.);
#1454=ORIENTED_EDGE('',*,*,#2118,.T.);
#1455=ORIENTED_EDGE('',*,*,#1825,.F.);
#1456=ORIENTED_EDGE('',*,*,#2116,.F.);
#1457=ORIENTED_EDGE('',*,*,#2118,.F.);
#1458=ORIENTED_EDGE('',*,*,#2119,.T.);
#1459=ORIENTED_EDGE('',*,*,#2120,.T.);
#1460=ORIENTED_EDGE('',*,*,#1826,.T.);
#1461=ORIENTED_EDGE('',*,*,#2121,.F.);
#1462=ORIENTED_EDGE('',*,*,#2122,.T.);
#1463=ORIENTED_EDGE('',*,*,#1827,.F.);
#1464=ORIENTED_EDGE('',*,*,#2120,.F.);
#1465=ORIENTED_EDGE('',*,*,#2123,.F.);
#1466=ORIENTED_EDGE('',*,*,#2124,.T.);
#1467=ORIENTED_EDGE('',*,*,#1828,.F.);
#1468=ORIENTED_EDGE('',*,*,#2122,.F.);
#1469=ORIENTED_EDGE('',*,*,#2125,.F.);
#1470=ORIENTED_EDGE('',*,*,#2126,.T.);
#1471=ORIENTED_EDGE('',*,*,#1829,.F.);
#1472=ORIENTED_EDGE('',*,*,#2124,.F.);
#1473=ORIENTED_EDGE('',*,*,#2127,.F.);
#1474=ORIENTED_EDGE('',*,*,#2128,.T.);
#1475=ORIENTED_EDGE('',*,*,#1830,.F.);
#1476=ORIENTED_EDGE('',*,*,#2126,.F.);
#1477=ORIENTED_EDGE('',*,*,#2129,.F.);
#1478=ORIENTED_EDGE('',*,*,#2130,.T.);
#1479=ORIENTED_EDGE('',*,*,#1831,.F.);
#1480=ORIENTED_EDGE('',*,*,#2128,.F.);
#1481=ORIENTED_EDGE('',*,*,#2130,.F.);
#1482=ORIENTED_EDGE('',*,*,#2131,.T.);
#1483=ORIENTED_EDGE('',*,*,#2132,.T.);
#1484=ORIENTED_EDGE('',*,*,#1832,.T.);
#1485=ORIENTED_EDGE('',*,*,#2133,.F.);
#1486=ORIENTED_EDGE('',*,*,#2134,.T.);
#1487=ORIENTED_EDGE('',*,*,#1833,.F.);
#1488=ORIENTED_EDGE('',*,*,#2132,.F.);
#1489=ORIENTED_EDGE('',*,*,#2135,.F.);
#1490=ORIENTED_EDGE('',*,*,#1836,.T.);
#1491=ORIENTED_EDGE('',*,*,#1683,.F.);
#1492=ORIENTED_EDGE('',*,*,#2134,.F.);
#1493=ORIENTED_EDGE('',*,*,#2136,.T.);
#1494=ORIENTED_EDGE('',*,*,#2135,.T.);
#1495=ORIENTED_EDGE('',*,*,#2133,.T.);
#1496=ORIENTED_EDGE('',*,*,#2131,.F.);
#1497=ORIENTED_EDGE('',*,*,#2129,.T.);
#1498=ORIENTED_EDGE('',*,*,#2127,.T.);
#1499=ORIENTED_EDGE('',*,*,#2125,.T.);
#1500=ORIENTED_EDGE('',*,*,#2123,.T.);
#1501=ORIENTED_EDGE('',*,*,#2121,.T.);
#1502=ORIENTED_EDGE('',*,*,#2119,.F.);
#1503=ORIENTED_EDGE('',*,*,#2117,.T.);
#1504=ORIENTED_EDGE('',*,*,#2115,.T.);
#1505=ORIENTED_EDGE('',*,*,#2113,.T.);
#1506=ORIENTED_EDGE('',*,*,#2111,.F.);
#1507=ORIENTED_EDGE('',*,*,#2109,.T.);
#1508=ORIENTED_EDGE('',*,*,#2107,.F.);
#1509=ORIENTED_EDGE('',*,*,#2105,.T.);
#1510=ORIENTED_EDGE('',*,*,#2103,.T.);
#1511=ORIENTED_EDGE('',*,*,#2101,.F.);
#1512=ORIENTED_EDGE('',*,*,#2099,.T.);
#1513=ORIENTED_EDGE('',*,*,#2097,.F.);
#1514=ORIENTED_EDGE('',*,*,#2095,.F.);
#1515=ORIENTED_EDGE('',*,*,#2093,.T.);
#1516=ORIENTED_EDGE('',*,*,#2091,.T.);
#1517=ORIENTED_EDGE('',*,*,#2089,.F.);
#1518=ORIENTED_EDGE('',*,*,#2087,.F.);
#1519=ORIENTED_EDGE('',*,*,#2085,.T.);
#1520=ORIENTED_EDGE('',*,*,#2083,.F.);
#1521=ORIENTED_EDGE('',*,*,#2081,.F.);
#1522=ORIENTED_EDGE('',*,*,#2079,.F.);
#1523=ORIENTED_EDGE('',*,*,#2077,.F.);
#1524=ORIENTED_EDGE('',*,*,#2075,.T.);
#1525=ORIENTED_EDGE('',*,*,#2073,.T.);
#1526=ORIENTED_EDGE('',*,*,#2071,.F.);
#1527=ORIENTED_EDGE('',*,*,#2069,.T.);
#1528=ORIENTED_EDGE('',*,*,#2067,.T.);
#1529=ORIENTED_EDGE('',*,*,#2065,.F.);
#1530=ORIENTED_EDGE('',*,*,#2063,.T.);
#1531=ORIENTED_EDGE('',*,*,#2061,.T.);
#1532=ORIENTED_EDGE('',*,*,#2059,.F.);
#1533=ORIENTED_EDGE('',*,*,#2057,.T.);
#1534=ORIENTED_EDGE('',*,*,#2055,.F.);
#1535=ORIENTED_EDGE('',*,*,#2053,.F.);
#1536=ORIENTED_EDGE('',*,*,#2051,.T.);
#1537=ORIENTED_EDGE('',*,*,#2049,.T.);
#1538=ORIENTED_EDGE('',*,*,#2047,.F.);
#1539=ORIENTED_EDGE('',*,*,#2045,.F.);
#1540=ORIENTED_EDGE('',*,*,#2043,.T.);
#1541=ORIENTED_EDGE('',*,*,#2041,.T.);
#1542=ORIENTED_EDGE('',*,*,#2039,.T.);
#1543=ORIENTED_EDGE('',*,*,#2037,.T.);
#1544=ORIENTED_EDGE('',*,*,#2035,.F.);
#1545=ORIENTED_EDGE('',*,*,#2033,.T.);
#1546=ORIENTED_EDGE('',*,*,#2031,.T.);
#1547=ORIENTED_EDGE('',*,*,#2029,.T.);
#1548=ORIENTED_EDGE('',*,*,#2027,.T.);
#1549=ORIENTED_EDGE('',*,*,#2025,.F.);
#1550=ORIENTED_EDGE('',*,*,#2023,.F.);
#1551=ORIENTED_EDGE('',*,*,#2021,.T.);
#1552=ORIENTED_EDGE('',*,*,#2019,.T.);
#1553=ORIENTED_EDGE('',*,*,#2017,.T.);
#1554=ORIENTED_EDGE('',*,*,#2015,.T.);
#1555=ORIENTED_EDGE('',*,*,#2013,.T.);
#1556=ORIENTED_EDGE('',*,*,#2011,.F.);
#1557=ORIENTED_EDGE('',*,*,#2009,.F.);
#1558=ORIENTED_EDGE('',*,*,#2007,.T.);
#1559=ORIENTED_EDGE('',*,*,#2005,.T.);
#1560=ORIENTED_EDGE('',*,*,#2003,.T.);
#1561=ORIENTED_EDGE('',*,*,#2001,.T.);
#1562=ORIENTED_EDGE('',*,*,#1999,.F.);
#1563=ORIENTED_EDGE('',*,*,#1997,.T.);
#1564=ORIENTED_EDGE('',*,*,#1995,.T.);
#1565=ORIENTED_EDGE('',*,*,#1993,.T.);
#1566=ORIENTED_EDGE('',*,*,#1991,.T.);
#1567=ORIENTED_EDGE('',*,*,#1989,.T.);
#1568=ORIENTED_EDGE('',*,*,#1987,.F.);
#1569=ORIENTED_EDGE('',*,*,#1985,.F.);
#1570=ORIENTED_EDGE('',*,*,#1983,.T.);
#1571=ORIENTED_EDGE('',*,*,#1981,.T.);
#1572=ORIENTED_EDGE('',*,*,#1979,.T.);
#1573=ORIENTED_EDGE('',*,*,#1977,.T.);
#1574=ORIENTED_EDGE('',*,*,#1975,.F.);
#1575=ORIENTED_EDGE('',*,*,#1973,.T.);
#1576=ORIENTED_EDGE('',*,*,#1971,.T.);
#1577=ORIENTED_EDGE('',*,*,#1969,.T.);
#1578=ORIENTED_EDGE('',*,*,#1967,.F.);
#1579=ORIENTED_EDGE('',*,*,#1965,.T.);
#1580=ORIENTED_EDGE('',*,*,#1963,.F.);
#1581=ORIENTED_EDGE('',*,*,#1961,.T.);
#1582=ORIENTED_EDGE('',*,*,#1959,.T.);
#1583=ORIENTED_EDGE('',*,*,#1957,.T.);
#1584=ORIENTED_EDGE('',*,*,#1955,.T.);
#1585=ORIENTED_EDGE('',*,*,#1953,.F.);
#1586=ORIENTED_EDGE('',*,*,#1951,.F.);
#1587=ORIENTED_EDGE('',*,*,#1949,.T.);
#1588=ORIENTED_EDGE('',*,*,#1947,.T.);
#1589=ORIENTED_EDGE('',*,*,#1945,.T.);
#1590=ORIENTED_EDGE('',*,*,#1943,.F.);
#1591=ORIENTED_EDGE('',*,*,#1941,.T.);
#1592=ORIENTED_EDGE('',*,*,#1939,.F.);
#1593=ORIENTED_EDGE('',*,*,#1937,.F.);
#1594=ORIENTED_EDGE('',*,*,#1935,.F.);
#1595=ORIENTED_EDGE('',*,*,#1933,.T.);
#1596=ORIENTED_EDGE('',*,*,#1931,.T.);
#1597=ORIENTED_EDGE('',*,*,#1929,.T.);
#1598=ORIENTED_EDGE('',*,*,#1927,.F.);
#1599=ORIENTED_EDGE('',*,*,#1925,.T.);
#1600=ORIENTED_EDGE('',*,*,#1923,.T.);
#1601=ORIENTED_EDGE('',*,*,#1921,.T.);
#1602=ORIENTED_EDGE('',*,*,#1919,.T.);
#1603=ORIENTED_EDGE('',*,*,#1917,.T.);
#1604=ORIENTED_EDGE('',*,*,#1915,.F.);
#1605=ORIENTED_EDGE('',*,*,#1913,.T.);
#1606=ORIENTED_EDGE('',*,*,#1911,.T.);
#1607=ORIENTED_EDGE('',*,*,#1909,.T.);
#1608=ORIENTED_EDGE('',*,*,#1907,.T.);
#1609=ORIENTED_EDGE('',*,*,#1905,.T.);
#1610=ORIENTED_EDGE('',*,*,#1903,.F.);
#1611=ORIENTED_EDGE('',*,*,#1901,.F.);
#1612=ORIENTED_EDGE('',*,*,#1899,.T.);
#1613=ORIENTED_EDGE('',*,*,#1897,.T.);
#1614=ORIENTED_EDGE('',*,*,#1895,.T.);
#1615=ORIENTED_EDGE('',*,*,#1893,.T.);
#1616=ORIENTED_EDGE('',*,*,#1891,.F.);
#1617=ORIENTED_EDGE('',*,*,#1889,.T.);
#1618=ORIENTED_EDGE('',*,*,#1887,.T.);
#1619=ORIENTED_EDGE('',*,*,#1885,.T.);
#1620=ORIENTED_EDGE('',*,*,#1883,.T.);
#1621=ORIENTED_EDGE('',*,*,#1881,.F.);
#1622=ORIENTED_EDGE('',*,*,#1879,.F.);
#1623=ORIENTED_EDGE('',*,*,#1877,.T.);
#1624=ORIENTED_EDGE('',*,*,#1875,.T.);
#1625=ORIENTED_EDGE('',*,*,#1873,.T.);
#1626=ORIENTED_EDGE('',*,*,#1871,.T.);
#1627=ORIENTED_EDGE('',*,*,#1869,.T.);
#1628=ORIENTED_EDGE('',*,*,#1867,.F.);
#1629=ORIENTED_EDGE('',*,*,#1865,.F.);
#1630=ORIENTED_EDGE('',*,*,#1863,.T.);
#1631=ORIENTED_EDGE('',*,*,#1861,.T.);
#1632=ORIENTED_EDGE('',*,*,#1859,.T.);
#1633=ORIENTED_EDGE('',*,*,#1857,.T.);
#1634=ORIENTED_EDGE('',*,*,#1855,.F.);
#1635=ORIENTED_EDGE('',*,*,#1853,.F.);
#1636=ORIENTED_EDGE('',*,*,#1851,.T.);
#1637=ORIENTED_EDGE('',*,*,#1849,.F.);
#1638=ORIENTED_EDGE('',*,*,#1847,.T.);
#1639=ORIENTED_EDGE('',*,*,#1845,.F.);
#1640=ORIENTED_EDGE('',*,*,#1843,.T.);
#1641=ORIENTED_EDGE('',*,*,#1841,.F.);
#1642=ORIENTED_EDGE('',*,*,#1839,.F.);
#1643=ORIENTED_EDGE('',*,*,#1837,.T.);
#1644=ORIENTED_EDGE('',*,*,#1834,.T.);
#1645=ORIENTED_EDGE('',*,*,#2137,.T.);
#1646=ORIENTED_EDGE('',*,*,#2136,.F.);
#1647=ORIENTED_EDGE('',*,*,#2138,.F.);
#1648=ORIENTED_EDGE('',*,*,#2137,.F.);
#1649=ORIENTED_EDGE('',*,*,#2139,.F.);
#1650=ORIENTED_EDGE('',*,*,#2140,.F.);
#1651=ORIENTED_EDGE('',*,*,#2141,.T.);
#1652=ORIENTED_EDGE('',*,*,#2142,.F.);
#1653=ORIENTED_EDGE('',*,*,#2143,.T.);
#1654=ORIENTED_EDGE('',*,*,#2144,.F.);
#1655=ORIENTED_EDGE('',*,*,#2145,.F.);
#1656=ORIENTED_EDGE('',*,*,#2146,.T.);
#1657=ORIENTED_EDGE('',*,*,#2147,.F.);
#1658=ORIENTED_EDGE('',*,*,#2148,.F.);
#1659=ORIENTED_EDGE('',*,*,#1682,.T.);
#1660=ORIENTED_EDGE('',*,*,#2149,.T.);
#1661=ORIENTED_EDGE('',*,*,#2143,.F.);
#1662=ORIENTED_EDGE('',*,*,#2149,.F.);
#1663=ORIENTED_EDGE('',*,*,#2141,.F.);
#1664=ORIENTED_EDGE('',*,*,#2150,.T.);
#1665=ORIENTED_EDGE('',*,*,#2146,.F.);
#1666=ORIENTED_EDGE('',*,*,#2151,.F.);
#1667=ORIENTED_EDGE('',*,*,#2138,.T.);
#1668=ORIENTED_EDGE('',*,*,#2144,.T.);
#1669=ORIENTED_EDGE('',*,*,#2150,.F.);
#1670=ORIENTED_EDGE('',*,*,#2140,.T.);
#1671=ORIENTED_EDGE('',*,*,#2152,.T.);
#1672=ORIENTED_EDGE('',*,*,#2147,.T.);
#1673=ORIENTED_EDGE('',*,*,#2152,.F.);
#1674=ORIENTED_EDGE('',*,*,#2139,.T.);
#1675=ORIENTED_EDGE('',*,*,#2153,.T.);
#1676=ORIENTED_EDGE('',*,*,#2148,.T.);
#1677=ORIENTED_EDGE('',*,*,#2153,.F.);
#1678=ORIENTED_EDGE('',*,*,#2142,.T.);
#1679=ORIENTED_EDGE('',*,*,#2151,.T.);
#1680=ORIENTED_EDGE('',*,*,#2145,.T.);
#1681=EDGE_CURVE('',#2154,#2154,#2472,.T.);
#1682=EDGE_CURVE('',#2155,#2155,#2473,.T.);
#1683=EDGE_CURVE('',#2156,#2157,#577,.T.);
#1684=EDGE_CURVE('',#2157,#2158,#2474,.T.);
#1685=EDGE_CURVE('',#2158,#2159,#578,.T.);
#1686=EDGE_CURVE('',#2160,#2159,#63,.T.);
#1687=EDGE_CURVE('',#2161,#2160,#2475,.T.);
#1688=EDGE_CURVE('',#2161,#2162,#64,.T.);
#1689=EDGE_CURVE('',#2163,#2162,#579,.T.);
#1690=EDGE_CURVE('',#2163,#2164,#2476,.T.);
#1691=EDGE_CURVE('',#2165,#2164,#580,.T.);
#1692=EDGE_CURVE('',#2165,#2166,#65,.T.);
#1693=EDGE_CURVE('',#2167,#2166,#2477,.T.);
#1694=EDGE_CURVE('',#2168,#2167,#66,.T.);
#1695=EDGE_CURVE('',#2168,#2169,#581,.T.);
#1696=EDGE_CURVE('',#2169,#2170,#2478,.T.);
#1697=EDGE_CURVE('',#2170,#2171,#582,.T.);
#1698=EDGE_CURVE('',#2171,#2172,#583,.T.);
#1699=EDGE_CURVE('',#2173,#2172,#67,.T.);
#1700=EDGE_CURVE('',#2174,#2173,#2479,.T.);
#1701=EDGE_CURVE('',#2174,#2175,#68,.T.);
#1702=EDGE_CURVE('',#2175,#2176,#584,.T.);
#1703=EDGE_CURVE('',#2176,#2177,#2480,.T.);
#1704=EDGE_CURVE('',#2177,#2178,#585,.T.);
#1705=EDGE_CURVE('',#2178,#2179,#69,.T.);
#1706=EDGE_CURVE('',#2180,#2179,#2481,.T.);
#1707=EDGE_CURVE('',#2181,#2180,#70,.T.);
#1708=EDGE_CURVE('',#2181,#2182,#586,.T.);
#1709=EDGE_CURVE('',#2182,#2183,#2482,.T.);
#1710=EDGE_CURVE('',#2183,#2184,#587,.T.);
#1711=EDGE_CURVE('',#2184,#2185,#71,.T.);
#1712=EDGE_CURVE('',#2186,#2185,#2483,.T.);
#1713=EDGE_CURVE('',#2186,#2187,#72,.T.);
#1714=EDGE_CURVE('',#2187,#2188,#588,.T.);
#1715=EDGE_CURVE('',#2188,#2189,#2484,.T.);
#1716=EDGE_CURVE('',#2189,#2190,#589,.T.);
#1717=EDGE_CURVE('',#2191,#2190,#73,.T.);
#1718=EDGE_CURVE('',#2192,#2191,#2485,.T.);
#1719=EDGE_CURVE('',#2192,#2193,#74,.T.);
#1720=EDGE_CURVE('',#2193,#2194,#590,.T.);
#1721=EDGE_CURVE('',#2194,#2195,#2486,.T.);
#1722=EDGE_CURVE('',#2195,#2196,#591,.T.);
#1723=EDGE_CURVE('',#2196,#2197,#75,.T.);
#1724=EDGE_CURVE('',#2198,#2197,#2487,.T.);
#1725=EDGE_CURVE('',#2198,#2199,#76,.T.);
#1726=EDGE_CURVE('',#2199,#2200,#592,.T.);
#1727=EDGE_CURVE('',#2200,#2201,#2488,.T.);
#1728=EDGE_CURVE('',#2201,#2202,#593,.T.);
#1729=EDGE_CURVE('',#2202,#2203,#77,.T.);
#1730=EDGE_CURVE('',#2204,#2203,#2489,.T.);
#1731=EDGE_CURVE('',#2204,#2205,#78,.T.);
#1732=EDGE_CURVE('',#2205,#2206,#594,.T.);
#1733=EDGE_CURVE('',#2206,#2207,#2490,.T.);
#1734=EDGE_CURVE('',#2208,#2207,#595,.T.);
#1735=EDGE_CURVE('',#2209,#2208,#79,.T.);
#1736=EDGE_CURVE('',#2210,#2209,#2491,.T.);
#1737=EDGE_CURVE('',#2210,#2211,#80,.T.);
#1738=EDGE_CURVE('',#2212,#2211,#596,.T.);
#1739=EDGE_CURVE('',#2212,#2213,#2492,.T.);
#1740=EDGE_CURVE('',#2213,#2214,#597,.T.);
#1741=EDGE_CURVE('',#2214,#2215,#81,.T.);
#1742=EDGE_CURVE('',#2216,#2215,#2493,.T.);
#1743=EDGE_CURVE('',#2217,#2216,#82,.T.);
#1744=EDGE_CURVE('',#2217,#2218,#598,.T.);
#1745=EDGE_CURVE('',#2218,#2219,#2494,.T.);
#1746=EDGE_CURVE('',#2219,#2220,#599,.T.);
#1747=EDGE_CURVE('',#2220,#2221,#83,.T.);
#1748=EDGE_CURVE('',#2222,#2221,#2495,.T.);
#1749=EDGE_CURVE('',#2222,#2223,#84,.T.);
#1750=EDGE_CURVE('',#2224,#2223,#600,.T.);
#1751=EDGE_CURVE('',#2224,#2225,#2496,.T.);
#1752=EDGE_CURVE('',#2225,#2226,#601,.T.);
#1753=EDGE_CURVE('',#2226,#2227,#85,.T.);
#1754=EDGE_CURVE('',#2228,#2227,#2497,.T.);
#1755=EDGE_CURVE('',#2228,#2229,#86,.T.);
#1756=EDGE_CURVE('',#2229,#2230,#602,.T.);
#1757=EDGE_CURVE('',#2230,#2231,#2498,.T.);
#1758=EDGE_CURVE('',#2231,#2232,#603,.T.);
#1759=EDGE_CURVE('',#2233,#2232,#87,.T.);
#1760=EDGE_CURVE('',#2234,#2233,#2499,.T.);
#1761=EDGE_CURVE('',#2234,#2235,#2500,.T.);
#1762=EDGE_CURVE('',#2235,#2236,#604,.T.);
#1763=EDGE_CURVE('',#2236,#2237,#2501,.T.);
#1764=EDGE_CURVE('',#2237,#2238,#605,.T.);
#1765=EDGE_CURVE('',#2238,#2239,#88,.T.);
#1766=EDGE_CURVE('',#2240,#2239,#2502,.T.);
#1767=EDGE_CURVE('',#2240,#2241,#89,.T.);
#1768=EDGE_CURVE('',#2241,#2242,#606,.T.);
#1769=EDGE_CURVE('',#2242,#2243,#2503,.T.);
#1770=EDGE_CURVE('',#2243,#2244,#607,.T.);
#1771=EDGE_CURVE('',#2245,#2244,#90,.T.);
#1772=EDGE_CURVE('',#2246,#2245,#2504,.T.);
#1773=EDGE_CURVE('',#2246,#2247,#91,.T.);
#1774=EDGE_CURVE('',#2247,#2248,#608,.T.);
#1775=EDGE_CURVE('',#2248,#2249,#2505,.T.);
#1776=EDGE_CURVE('',#2249,#2250,#609,.T.);
#1777=EDGE_CURVE('',#2250,#2251,#92,.T.);
#1778=EDGE_CURVE('',#2252,#2251,#2506,.T.);
#1779=EDGE_CURVE('',#2253,#2252,#93,.T.);
#1780=EDGE_CURVE('',#2253,#2254,#610,.T.);
#1781=EDGE_CURVE('',#2254,#2255,#2507,.T.);
#1782=EDGE_CURVE('',#2255,#2256,#611,.T.);
#1783=EDGE_CURVE('',#2256,#2257,#94,.T.);
#1784=EDGE_CURVE('',#2258,#2257,#2508,.T.);
#1785=EDGE_CURVE('',#2258,#2259,#95,.T.);
#1786=EDGE_CURVE('',#2259,#2260,#612,.T.);
#1787=EDGE_CURVE('',#2260,#2261,#2509,.T.);
#1788=EDGE_CURVE('',#2261,#2262,#613,.T.);
#1789=EDGE_CURVE('',#2263,#2262,#96,.T.);
#1790=EDGE_CURVE('',#2264,#2263,#2510,.T.);
#1791=EDGE_CURVE('',#2264,#2265,#97,.T.);
#1792=EDGE_CURVE('',#2265,#2266,#614,.T.);
#1793=EDGE_CURVE('',#2267,#2266,#2511,.T.);
#1794=EDGE_CURVE('',#2268,#2267,#615,.T.);
#1795=EDGE_CURVE('',#2268,#2269,#98,.T.);
#1796=EDGE_CURVE('',#2270,#2269,#2512,.T.);
#1797=EDGE_CURVE('',#2270,#2271,#99,.T.);
#1798=EDGE_CURVE('',#2271,#2272,#616,.T.);
#1799=EDGE_CURVE('',#2273,#2272,#2513,.T.);
#1800=EDGE_CURVE('',#2273,#2274,#617,.T.);
#1801=EDGE_CURVE('',#2274,#2275,#100,.T.);
#1802=EDGE_CURVE('',#2276,#2275,#2514,.T.);
#1803=EDGE_CURVE('',#2276,#2277,#101,.T.);
#1804=EDGE_CURVE('',#2277,#2278,#618,.T.);
#1805=EDGE_CURVE('',#2279,#2278,#2515,.T.);
#1806=EDGE_CURVE('',#2280,#2279,#619,.T.);
#1807=EDGE_CURVE('',#2281,#2280,#102,.T.);
#1808=EDGE_CURVE('',#2282,#2281,#2516,.T.);
#1809=EDGE_CURVE('',#2282,#2283,#103,.T.);
#1810=EDGE_CURVE('',#2284,#2283,#620,.T.);
#1811=EDGE_CURVE('',#2285,#2284,#2517,.T.);
#1812=EDGE_CURVE('',#2285,#2286,#621,.T.);
#1813=EDGE_CURVE('',#2286,#2287,#104,.T.);
#1814=EDGE_CURVE('',#2288,#2287,#2518,.T.);
#1815=EDGE_CURVE('',#2289,#2288,#105,.T.);
#1816=EDGE_CURVE('',#2289,#2290,#622,.T.);
#1817=EDGE_CURVE('',#2291,#2290,#2519,.T.);
#1818=EDGE_CURVE('',#2291,#2292,#623,.T.);
#1819=EDGE_CURVE('',#2292,#2293,#106,.T.);
#1820=EDGE_CURVE('',#2294,#2293,#2520,.T.);
#1821=EDGE_CURVE('',#2294,#2295,#107,.T.);
#1822=EDGE_CURVE('',#2296,#2295,#624,.T.);
#1823=EDGE_CURVE('',#2296,#2297,#2521,.T.);
#1824=EDGE_CURVE('',#2297,#2298,#625,.T.);
#1825=EDGE_CURVE('',#2298,#2299,#108,.T.);
#1826=EDGE_CURVE('',#2300,#2299,#2522,.T.);
#1827=EDGE_CURVE('',#2300,#2301,#109,.T.);
#1828=EDGE_CURVE('',#2301,#2302,#626,.T.);
#1829=EDGE_CURVE('',#2302,#2303,#2523,.T.);
#1830=EDGE_CURVE('',#2303,#2304,#627,.T.);
#1831=EDGE_CURVE('',#2304,#2305,#110,.T.);
#1832=EDGE_CURVE('',#2306,#2305,#2524,.T.);
#1833=EDGE_CURVE('',#2306,#2156,#111,.T.);
#1834=EDGE_CURVE('',#2307,#2308,#2525,.T.);
#1835=EDGE_CURVE('',#2307,#2158,#112,.T.);
#1836=EDGE_CURVE('',#2308,#2157,#113,.T.);
#1837=EDGE_CURVE('',#2309,#2307,#628,.F.);
#1838=EDGE_CURVE('',#2309,#2159,#114,.T.);
#1839=EDGE_CURVE('',#2309,#2310,#115,.T.);
#1840=EDGE_CURVE('',#2310,#2160,#116,.T.);
#1841=EDGE_CURVE('',#2310,#2311,#2526,.T.);
#1842=EDGE_CURVE('',#2311,#2161,#117,.T.);
#1843=EDGE_CURVE('',#2312,#2311,#118,.T.);
#1844=EDGE_CURVE('',#2312,#2162,#119,.T.);
#1845=EDGE_CURVE('',#2312,#2313,#629,.F.);
#1846=EDGE_CURVE('',#2313,#2163,#120,.T.);
#1847=EDGE_CURVE('',#2314,#2313,#2527,.T.);
#1848=EDGE_CURVE('',#2314,#2164,#121,.T.);
#1849=EDGE_CURVE('',#2314,#2315,#630,.F.);
#1850=EDGE_CURVE('',#2315,#2165,#122,.T.);
#1851=EDGE_CURVE('',#2316,#2315,#123,.T.);
#1852=EDGE_CURVE('',#2316,#2166,#124,.T.);
#1853=EDGE_CURVE('',#2316,#2317,#2528,.T.);
#1854=EDGE_CURVE('',#2317,#2167,#125,.T.);
#1855=EDGE_CURVE('',#2317,#2318,#126,.T.);
#1856=EDGE_CURVE('',#2318,#2168,#127,.T.);
#1857=EDGE_CURVE('',#2319,#2318,#631,.F.);
#1858=EDGE_CURVE('',#2319,#2169,#128,.T.);
#1859=EDGE_CURVE('',#2320,#2319,#2529,.T.);
#1860=EDGE_CURVE('',#2320,#2170,#129,.T.);
#1861=EDGE_CURVE('',#2321,#2320,#632,.F.);
#1862=EDGE_CURVE('',#2321,#2171,#130,.T.);
#1863=EDGE_CURVE('',#2322,#2321,#633,.F.);
#1864=EDGE_CURVE('',#2322,#2172,#131,.T.);
#1865=EDGE_CURVE('',#2322,#2323,#132,.T.);
#1866=EDGE_CURVE('',#2323,#2173,#133,.T.);
#1867=EDGE_CURVE('',#2323,#2324,#2530,.T.);
#1868=EDGE_CURVE('',#2324,#2174,#134,.T.);
#1869=EDGE_CURVE('',#2325,#2324,#135,.T.);
#1870=EDGE_CURVE('',#2325,#2175,#136,.T.);
#1871=EDGE_CURVE('',#2326,#2325,#634,.F.);
#1872=EDGE_CURVE('',#2326,#2176,#137,.T.);
#1873=EDGE_CURVE('',#2327,#2326,#2531,.T.);
#1874=EDGE_CURVE('',#2327,#2177,#138,.T.);
#1875=EDGE_CURVE('',#2328,#2327,#635,.F.);
#1876=EDGE_CURVE('',#2328,#2178,#139,.T.);
#1877=EDGE_CURVE('',#2329,#2328,#140,.T.);
#1878=EDGE_CURVE('',#2329,#2179,#141,.T.);
#1879=EDGE_CURVE('',#2329,#2330,#2532,.T.);
#1880=EDGE_CURVE('',#2330,#2180,#142,.T.);
#1881=EDGE_CURVE('',#2330,#2331,#143,.T.);
#1882=EDGE_CURVE('',#2331,#2181,#144,.T.);
#1883=EDGE_CURVE('',#2332,#2331,#636,.F.);
#1884=EDGE_CURVE('',#2332,#2182,#145,.T.);
#1885=EDGE_CURVE('',#2333,#2332,#2533,.T.);
#1886=EDGE_CURVE('',#2333,#2183,#146,.T.);
#1887=EDGE_CURVE('',#2334,#2333,#637,.F.);
#1888=EDGE_CURVE('',#2334,#2184,#147,.T.);
#1889=EDGE_CURVE('',#2335,#2334,#148,.T.);
#1890=EDGE_CURVE('',#2335,#2185,#149,.T.);
#1891=EDGE_CURVE('',#2335,#2336,#2534,.T.);
#1892=EDGE_CURVE('',#2336,#2186,#150,.T.);
#1893=EDGE_CURVE('',#2337,#2336,#151,.T.);
#1894=EDGE_CURVE('',#2337,#2187,#152,.T.);
#1895=EDGE_CURVE('',#2338,#2337,#638,.F.);
#1896=EDGE_CURVE('',#2338,#2188,#153,.T.);
#1897=EDGE_CURVE('',#2339,#2338,#2535,.T.);
#1898=EDGE_CURVE('',#2339,#2189,#154,.T.);
#1899=EDGE_CURVE('',#2340,#2339,#639,.F.);
#1900=EDGE_CURVE('',#2340,#2190,#155,.T.);
#1901=EDGE_CURVE('',#2340,#2341,#156,.T.);
#1902=EDGE_CURVE('',#2341,#2191,#157,.T.);
#1903=EDGE_CURVE('',#2341,#2342,#2536,.T.);
#1904=EDGE_CURVE('',#2342,#2192,#158,.T.);
#1905=EDGE_CURVE('',#2343,#2342,#159,.T.);
#1906=EDGE_CURVE('',#2343,#2193,#160,.T.);
#1907=EDGE_CURVE('',#2344,#2343,#640,.F.);
#1908=EDGE_CURVE('',#2344,#2194,#161,.T.);
#1909=EDGE_CURVE('',#2345,#2344,#2537,.T.);
#1910=EDGE_CURVE('',#2345,#2195,#162,.T.);
#1911=EDGE_CURVE('',#2346,#2345,#641,.F.);
#1912=EDGE_CURVE('',#2346,#2196,#163,.T.);
#1913=EDGE_CURVE('',#2347,#2346,#164,.T.);
#1914=EDGE_CURVE('',#2347,#2197,#165,.T.);
#1915=EDGE_CURVE('',#2347,#2348,#2538,.T.);
#1916=EDGE_CURVE('',#2348,#2198,#166,.T.);
#1917=EDGE_CURVE('',#2349,#2348,#167,.T.);
#1918=EDGE_CURVE('',#2349,#2199,#168,.T.);
#1919=EDGE_CURVE('',#2350,#2349,#642,.F.);
#1920=EDGE_CURVE('',#2350,#2200,#169,.T.);
#1921=EDGE_CURVE('',#2351,#2350,#2539,.T.);
#1922=EDGE_CURVE('',#2351,#2201,#170,.T.);
#1923=EDGE_CURVE('',#2352,#2351,#643,.F.);
#1924=EDGE_CURVE('',#2352,#2202,#171,.T.);
#1925=EDGE_CURVE('',#2353,#2352,#172,.T.);
#1926=EDGE_CURVE('',#2353,#2203,#173,.T.);
#1927=EDGE_CURVE('',#2353,#2354,#2540,.T.);
#1928=EDGE_CURVE('',#2354,#2204,#174,.T.);
#1929=EDGE_CURVE('',#2355,#2354,#175,.T.);
#1930=EDGE_CURVE('',#2355,#2205,#176,.T.);
#1931=EDGE_CURVE('',#2356,#2355,#644,.F.);
#1932=EDGE_CURVE('',#2356,#2206,#177,.T.);
#1933=EDGE_CURVE('',#2357,#2356,#2541,.T.);
#1934=EDGE_CURVE('',#2357,#2207,#178,.T.);
#1935=EDGE_CURVE('',#2357,#2358,#645,.F.);
#1936=EDGE_CURVE('',#2358,#2208,#179,.T.);
#1937=EDGE_CURVE('',#2358,#2359,#180,.T.);
#1938=EDGE_CURVE('',#2359,#2209,#181,.T.);
#1939=EDGE_CURVE('',#2359,#2360,#2542,.T.);
#1940=EDGE_CURVE('',#2360,#2210,#182,.T.);
#1941=EDGE_CURVE('',#2361,#2360,#183,.T.);
#1942=EDGE_CURVE('',#2361,#2211,#184,.T.);
#1943=EDGE_CURVE('',#2361,#2362,#646,.F.);
#1944=EDGE_CURVE('',#2362,#2212,#185,.T.);
#1945=EDGE_CURVE('',#2363,#2362,#2543,.T.);
#1946=EDGE_CURVE('',#2363,#2213,#186,.T.);
#1947=EDGE_CURVE('',#2364,#2363,#647,.F.);
#1948=EDGE_CURVE('',#2364,#2214,#187,.T.);
#1949=EDGE_CURVE('',#2365,#2364,#188,.T.);
#1950=EDGE_CURVE('',#2365,#2215,#189,.T.);
#1951=EDGE_CURVE('',#2365,#2366,#2544,.T.);
#1952=EDGE_CURVE('',#2366,#2216,#190,.T.);
#1953=EDGE_CURVE('',#2366,#2367,#191,.T.);
#1954=EDGE_CURVE('',#2367,#2217,#192,.T.);
#1955=EDGE_CURVE('',#2368,#2367,#648,.F.);
#1956=EDGE_CURVE('',#2368,#2218,#193,.T.);
#1957=EDGE_CURVE('',#2369,#2368,#2545,.T.);
#1958=EDGE_CURVE('',#2369,#2219,#194,.T.);
#1959=EDGE_CURVE('',#2370,#2369,#649,.F.);
#1960=EDGE_CURVE('',#2370,#2220,#195,.T.);
#1961=EDGE_CURVE('',#2371,#2370,#196,.T.);
#1962=EDGE_CURVE('',#2371,#2221,#197,.T.);
#1963=EDGE_CURVE('',#2371,#2372,#2546,.T.);
#1964=EDGE_CURVE('',#2372,#2222,#198,.T.);
#1965=EDGE_CURVE('',#2373,#2372,#199,.T.);
#1966=EDGE_CURVE('',#2373,#2223,#200,.T.);
#1967=EDGE_CURVE('',#2373,#2374,#650,.F.);
#1968=EDGE_CURVE('',#2374,#2224,#201,.T.);
#1969=EDGE_CURVE('',#2375,#2374,#2547,.T.);
#1970=EDGE_CURVE('',#2375,#2225,#202,.T.);
#1971=EDGE_CURVE('',#2376,#2375,#651,.F.);
#1972=EDGE_CURVE('',#2376,#2226,#203,.T.);
#1973=EDGE_CURVE('',#2377,#2376,#204,.T.);
#1974=EDGE_CURVE('',#2377,#2227,#205,.T.);
#1975=EDGE_CURVE('',#2377,#2378,#2548,.T.);
#1976=EDGE_CURVE('',#2378,#2228,#206,.T.);
#1977=EDGE_CURVE('',#2379,#2378,#207,.T.);
#1978=EDGE_CURVE('',#2379,#2229,#208,.T.);
#1979=EDGE_CURVE('',#2380,#2379,#652,.F.);
#1980=EDGE_CURVE('',#2380,#2230,#209,.T.);
#1981=EDGE_CURVE('',#2381,#2380,#2549,.T.);
#1982=EDGE_CURVE('',#2381,#2231,#210,.T.);
#1983=EDGE_CURVE('',#2382,#2381,#653,.F.);
#1984=EDGE_CURVE('',#2382,#2232,#211,.T.);
#1985=EDGE_CURVE('',#2382,#2383,#212,.T.);
#1986=EDGE_CURVE('',#2383,#2233,#213,.T.);
#1987=EDGE_CURVE('',#2383,#2384,#2550,.T.);
#1988=EDGE_CURVE('',#2384,#2234,#214,.T.);
#1989=EDGE_CURVE('',#2385,#2384,#2551,.F.);
#1990=EDGE_CURVE('',#2385,#2235,#215,.T.);
#1991=EDGE_CURVE('',#2386,#2385,#654,.F.);
#1992=EDGE_CURVE('',#2386,#2236,#216,.T.);
#1993=EDGE_CURVE('',#2387,#2386,#2552,.T.);
#1994=EDGE_CURVE('',#2387,#2237,#217,.T.);
#1995=EDGE_CURVE('',#2388,#2387,#655,.F.);
#1996=EDGE_CURVE('',#2388,#2238,#218,.T.);
#1997=EDGE_CURVE('',#2389,#2388,#219,.T.);
#1998=EDGE_CURVE('',#2389,#2239,#220,.T.);
#1999=EDGE_CURVE('',#2389,#2390,#2553,.T.);
#2000=EDGE_CURVE('',#2390,#2240,#221,.T.);
#2001=EDGE_CURVE('',#2391,#2390,#222,.T.);
#2002=EDGE_CURVE('',#2391,#2241,#223,.T.);
#2003=EDGE_CURVE('',#2392,#2391,#656,.F.);
#2004=EDGE_CURVE('',#2392,#2242,#224,.T.);
#2005=EDGE_CURVE('',#2393,#2392,#2554,.T.);
#2006=EDGE_CURVE('',#2393,#2243,#225,.T.);
#2007=EDGE_CURVE('',#2394,#2393,#657,.F.);
#2008=EDGE_CURVE('',#2394,#2244,#226,.T.);
#2009=EDGE_CURVE('',#2394,#2395,#227,.T.);
#2010=EDGE_CURVE('',#2395,#2245,#228,.T.);
#2011=EDGE_CURVE('',#2395,#2396,#2555,.T.);
#2012=EDGE_CURVE('',#2396,#2246,#229,.T.);
#2013=EDGE_CURVE('',#2397,#2396,#230,.T.);
#2014=EDGE_CURVE('',#2397,#2247,#231,.T.);
#2015=EDGE_CURVE('',#2398,#2397,#658,.F.);
#2016=EDGE_CURVE('',#2398,#2248,#232,.T.);
#2017=EDGE_CURVE('',#2399,#2398,#2556,.T.);
#2018=EDGE_CURVE('',#2399,#2249,#233,.T.);
#2019=EDGE_CURVE('',#2400,#2399,#659,.F.);
#2020=EDGE_CURVE('',#2400,#2250,#234,.T.);
#2021=EDGE_CURVE('',#2401,#2400,#235,.T.);
#2022=EDGE_CURVE('',#2401,#2251,#236,.T.);
#2023=EDGE_CURVE('',#2401,#2402,#2557,.T.);
#2024=EDGE_CURVE('',#2402,#2252,#237,.T.);
#2025=EDGE_CURVE('',#2402,#2403,#238,.T.);
#2026=EDGE_CURVE('',#2403,#2253,#239,.T.);
#2027=EDGE_CURVE('',#2404,#2403,#660,.F.);
#2028=EDGE_CURVE('',#2404,#2254,#240,.T.);
#2029=EDGE_CURVE('',#2405,#2404,#2558,.T.);
#2030=EDGE_CURVE('',#2405,#2255,#241,.T.);
#2031=EDGE_CURVE('',#2406,#2405,#661,.F.);
#2032=EDGE_CURVE('',#2406,#2256,#242,.T.);
#2033=EDGE_CURVE('',#2407,#2406,#243,.T.);
#2034=EDGE_CURVE('',#2407,#2257,#244,.T.);
#2035=EDGE_CURVE('',#2407,#2408,#2559,.T.);
#2036=EDGE_CURVE('',#2408,#2258,#245,.T.);
#2037=EDGE_CURVE('',#2409,#2408,#246,.T.);
#2038=EDGE_CURVE('',#2409,#2259,#247,.T.);
#2039=EDGE_CURVE('',#2410,#2409,#662,.F.);
#2040=EDGE_CURVE('',#2410,#2260,#248,.T.);
#2041=EDGE_CURVE('',#2411,#2410,#2560,.T.);
#2042=EDGE_CURVE('',#2411,#2261,#249,.T.);
#2043=EDGE_CURVE('',#2412,#2411,#663,.F.);
#2044=EDGE_CURVE('',#2412,#2262,#250,.T.);
#2045=EDGE_CURVE('',#2412,#2413,#251,.T.);
#2046=EDGE_CURVE('',#2413,#2263,#252,.T.);
#2047=EDGE_CURVE('',#2413,#2414,#2561,.T.);
#2048=EDGE_CURVE('',#2414,#2264,#253,.T.);
#2049=EDGE_CURVE('',#2415,#2414,#254,.T.);
#2050=EDGE_CURVE('',#2415,#2265,#255,.T.);
#2051=EDGE_CURVE('',#2416,#2415,#664,.F.);
#2052=EDGE_CURVE('',#2416,#2266,#256,.T.);
#2053=EDGE_CURVE('',#2416,#2417,#2562,.F.);
#2054=EDGE_CURVE('',#2417,#2267,#257,.T.);
#2055=EDGE_CURVE('',#2417,#2418,#665,.F.);
#2056=EDGE_CURVE('',#2418,#2268,#258,.T.);
#2057=EDGE_CURVE('',#2419,#2418,#259,.T.);
#2058=EDGE_CURVE('',#2419,#2269,#260,.T.);
#2059=EDGE_CURVE('',#2419,#2420,#2563,.T.);
#2060=EDGE_CURVE('',#2420,#2270,#261,.T.);
#2061=EDGE_CURVE('',#2421,#2420,#262,.T.);
#2062=EDGE_CURVE('',#2421,#2271,#263,.T.);
#2063=EDGE_CURVE('',#2422,#2421,#666,.F.);
#2064=EDGE_CURVE('',#2422,#2272,#264,.T.);
#2065=EDGE_CURVE('',#2422,#2423,#2564,.F.);
#2066=EDGE_CURVE('',#2423,#2273,#265,.T.);
#2067=EDGE_CURVE('',#2424,#2423,#667,.F.);
#2068=EDGE_CURVE('',#2424,#2274,#266,.T.);
#2069=EDGE_CURVE('',#2425,#2424,#267,.T.);
#2070=EDGE_CURVE('',#2425,#2275,#268,.T.);
#2071=EDGE_CURVE('',#2425,#2426,#2565,.T.);
#2072=EDGE_CURVE('',#2426,#2276,#269,.T.);
#2073=EDGE_CURVE('',#2427,#2426,#270,.T.);
#2074=EDGE_CURVE('',#2427,#2277,#271,.T.);
#2075=EDGE_CURVE('',#2428,#2427,#668,.F.);
#2076=EDGE_CURVE('',#2428,#2278,#272,.T.);
#2077=EDGE_CURVE('',#2428,#2429,#2566,.F.);
#2078=EDGE_CURVE('',#2429,#2279,#273,.T.);
#2079=EDGE_CURVE('',#2429,#2430,#669,.F.);
#2080=EDGE_CURVE('',#2430,#2280,#274,.T.);
#2081=EDGE_CURVE('',#2430,#2431,#275,.T.);
#2082=EDGE_CURVE('',#2431,#2281,#276,.T.);
#2083=EDGE_CURVE('',#2431,#2432,#2567,.T.);
#2084=EDGE_CURVE('',#2432,#2282,#277,.T.);
#2085=EDGE_CURVE('',#2433,#2432,#278,.T.);
#2086=EDGE_CURVE('',#2433,#2283,#279,.T.);
#2087=EDGE_CURVE('',#2433,#2434,#670,.F.);
#2088=EDGE_CURVE('',#2434,#2284,#280,.T.);
#2089=EDGE_CURVE('',#2434,#2435,#2568,.F.);
#2090=EDGE_CURVE('',#2435,#2285,#281,.T.);
#2091=EDGE_CURVE('',#2436,#2435,#671,.F.);
#2092=EDGE_CURVE('',#2436,#2286,#282,.T.);
#2093=EDGE_CURVE('',#2437,#2436,#283,.T.);
#2094=EDGE_CURVE('',#2437,#2287,#284,.T.);
#2095=EDGE_CURVE('',#2437,#2438,#2569,.T.);
#2096=EDGE_CURVE('',#2438,#2288,#285,.T.);
#2097=EDGE_CURVE('',#2438,#2439,#286,.T.);
#2098=EDGE_CURVE('',#2439,#2289,#287,.T.);
#2099=EDGE_CURVE('',#2440,#2439,#672,.F.);
#2100=EDGE_CURVE('',#2440,#2290,#288,.T.);
#2101=EDGE_CURVE('',#2440,#2441,#2570,.F.);
#2102=EDGE_CURVE('',#2441,#2291,#289,.T.);
#2103=EDGE_CURVE('',#2442,#2441,#673,.F.);
#2104=EDGE_CURVE('',#2442,#2292,#290,.T.);
#2105=EDGE_CURVE('',#2443,#2442,#291,.T.);
#2106=EDGE_CURVE('',#2443,#2293,#292,.T.);
#2107=EDGE_CURVE('',#2443,#2444,#2571,.T.);
#2108=EDGE_CURVE('',#2444,#2294,#293,.T.);
#2109=EDGE_CURVE('',#2445,#2444,#294,.T.);
#2110=EDGE_CURVE('',#2445,#2295,#295,.T.);
#2111=EDGE_CURVE('',#2445,#2446,#674,.F.);
#2112=EDGE_CURVE('',#2446,#2296,#296,.T.);
#2113=EDGE_CURVE('',#2447,#2446,#2572,.T.);
#2114=EDGE_CURVE('',#2447,#2297,#297,.T.);
#2115=EDGE_CURVE('',#2448,#2447,#675,.F.);
#2116=EDGE_CURVE('',#2448,#2298,#298,.T.);
#2117=EDGE_CURVE('',#2449,#2448,#299,.T.);
#2118=EDGE_CURVE('',#2449,#2299,#300,.T.);
#2119=EDGE_CURVE('',#2449,#2450,#2573,.T.);
#2120=EDGE_CURVE('',#2450,#2300,#301,.T.);
#2121=EDGE_CURVE('',#2451,#2450,#302,.T.);
#2122=EDGE_CURVE('',#2451,#2301,#303,.T.);
#2123=EDGE_CURVE('',#2452,#2451,#676,.F.);
#2124=EDGE_CURVE('',#2452,#2302,#304,.T.);
#2125=EDGE_CURVE('',#2453,#2452,#2574,.T.);
#2126=EDGE_CURVE('',#2453,#2303,#305,.T.);
#2127=EDGE_CURVE('',#2454,#2453,#677,.F.);
#2128=EDGE_CURVE('',#2454,#2304,#306,.T.);
#2129=EDGE_CURVE('',#2455,#2454,#307,.T.);
#2130=EDGE_CURVE('',#2455,#2305,#308,.T.);
#2131=EDGE_CURVE('',#2455,#2456,#2575,.T.);
#2132=EDGE_CURVE('',#2456,#2306,#309,.T.);
#2133=EDGE_CURVE('',#2457,#2456,#310,.T.);
#2134=EDGE_CURVE('',#2457,#2156,#311,.T.);
#2135=EDGE_CURVE('',#2308,#2457,#678,.F.);
#2136=EDGE_CURVE('',#2458,#2458,#2576,.T.);
#2137=EDGE_CURVE('',#2459,#2459,#2577,.T.);
#2138=EDGE_CURVE('',#2460,#2460,#2578,.T.);
#2139=EDGE_CURVE('',#2461,#2462,#312,.T.);
#2140=EDGE_CURVE('',#2463,#2461,#2579,.T.);
#2141=EDGE_CURVE('',#2463,#2464,#313,.T.);
#2142=EDGE_CURVE('',#2462,#2464,#2580,.T.);
#2143=EDGE_CURVE('',#2465,#2465,#2581,.T.);
#2144=EDGE_CURVE('',#2466,#2466,#2582,.F.);
#2145=EDGE_CURVE('',#2467,#2468,#2583,.T.);
#2146=EDGE_CURVE('',#2467,#2469,#314,.T.);
#2147=EDGE_CURVE('',#2470,#2469,#2584,.T.);
#2148=EDGE_CURVE('',#2468,#2470,#315,.T.);
#2149=EDGE_CURVE('',#2471,#2471,#2585,.T.);
#2150=EDGE_CURVE('',#2463,#2469,#316,.T.);
#2151=EDGE_CURVE('',#2464,#2467,#317,.T.);
#2152=EDGE_CURVE('',#2461,#2470,#318,.T.);
#2153=EDGE_CURVE('',#2462,#2468,#319,.T.);
#2154=VERTEX_POINT('',#4113);
#2155=VERTEX_POINT('',#4115);
#2156=VERTEX_POINT('',#4123);
#2157=VERTEX_POINT('',#4124);
#2158=VERTEX_POINT('',#4126);
#2159=VERTEX_POINT('',#4133);
#2160=VERTEX_POINT('',#4135);
#2161=VERTEX_POINT('',#4137);
#2162=VERTEX_POINT('',#4139);
#2163=VERTEX_POINT('',#4148);
#2164=VERTEX_POINT('',#4150);
#2165=VERTEX_POINT('',#4159);
#2166=VERTEX_POINT('',#4161);
#2167=VERTEX_POINT('',#4163);
#2168=VERTEX_POINT('',#4165);
#2169=VERTEX_POINT('',#4172);
#2170=VERTEX_POINT('',#4174);
#2171=VERTEX_POINT('',#4187);
#2172=VERTEX_POINT('',#4197);
#2173=VERTEX_POINT('',#4199);
#2174=VERTEX_POINT('',#4201);
#2175=VERTEX_POINT('',#4203);
#2176=VERTEX_POINT('',#4210);
#2177=VERTEX_POINT('',#4212);
#2178=VERTEX_POINT('',#4219);
#2179=VERTEX_POINT('',#4221);
#2180=VERTEX_POINT('',#4223);
#2181=VERTEX_POINT('',#4225);
#2182=VERTEX_POINT('',#4232);
#2183=VERTEX_POINT('',#4234);
#2184=VERTEX_POINT('',#4241);
#2185=VERTEX_POINT('',#4243);
#2186=VERTEX_POINT('',#4245);
#2187=VERTEX_POINT('',#4247);
#2188=VERTEX_POINT('',#4254);
#2189=VERTEX_POINT('',#4256);
#2190=VERTEX_POINT('',#4263);
#2191=VERTEX_POINT('',#4265);
#2192=VERTEX_POINT('',#4267);
#2193=VERTEX_POINT('',#4269);
#2194=VERTEX_POINT('',#4276);
#2195=VERTEX_POINT('',#4278);
#2196=VERTEX_POINT('',#4285);
#2197=VERTEX_POINT('',#4287);
#2198=VERTEX_POINT('',#4289);
#2199=VERTEX_POINT('',#4291);
#2200=VERTEX_POINT('',#4298);
#2201=VERTEX_POINT('',#4300);
#2202=VERTEX_POINT('',#4307);
#2203=VERTEX_POINT('',#4309);
#2204=VERTEX_POINT('',#4311);
#2205=VERTEX_POINT('',#4313);
#2206=VERTEX_POINT('',#4320);
#2207=VERTEX_POINT('',#4322);
#2208=VERTEX_POINT('',#4331);
#2209=VERTEX_POINT('',#4333);
#2210=VERTEX_POINT('',#4335);
#2211=VERTEX_POINT('',#4337);
#2212=VERTEX_POINT('',#4346);
#2213=VERTEX_POINT('',#4348);
#2214=VERTEX_POINT('',#4355);
#2215=VERTEX_POINT('',#4357);
#2216=VERTEX_POINT('',#4359);
#2217=VERTEX_POINT('',#4361);
#2218=VERTEX_POINT('',#4371);
#2219=VERTEX_POINT('',#4373);
#2220=VERTEX_POINT('',#4380);
#2221=VERTEX_POINT('',#4382);
#2222=VERTEX_POINT('',#4384);
#2223=VERTEX_POINT('',#4386);
#2224=VERTEX_POINT('',#4395);
#2225=VERTEX_POINT('',#4397);
#2226=VERTEX_POINT('',#4404);
#2227=VERTEX_POINT('',#4406);
#2228=VERTEX_POINT('',#4408);
#2229=VERTEX_POINT('',#4410);
#2230=VERTEX_POINT('',#4417);
#2231=VERTEX_POINT('',#4419);
#2232=VERTEX_POINT('',#4426);
#2233=VERTEX_POINT('',#4428);
#2234=VERTEX_POINT('',#4430);
#2235=VERTEX_POINT('',#4432);
#2236=VERTEX_POINT('',#4442);
#2237=VERTEX_POINT('',#4444);
#2238=VERTEX_POINT('',#4451);
#2239=VERTEX_POINT('',#4453);
#2240=VERTEX_POINT('',#4455);
#2241=VERTEX_POINT('',#4457);
#2242=VERTEX_POINT('',#4464);
#2243=VERTEX_POINT('',#4466);
#2244=VERTEX_POINT('',#4476);
#2245=VERTEX_POINT('',#4478);
#2246=VERTEX_POINT('',#4480);
#2247=VERTEX_POINT('',#4482);
#2248=VERTEX_POINT('',#4489);
#2249=VERTEX_POINT('',#4491);
#2250=VERTEX_POINT('',#4498);
#2251=VERTEX_POINT('',#4500);
#2252=VERTEX_POINT('',#4502);
#2253=VERTEX_POINT('',#4504);
#2254=VERTEX_POINT('',#4511);
#2255=VERTEX_POINT('',#4513);
#2256=VERTEX_POINT('',#4520);
#2257=VERTEX_POINT('',#4522);
#2258=VERTEX_POINT('',#4524);
#2259=VERTEX_POINT('',#4526);
#2260=VERTEX_POINT('',#4533);
#2261=VERTEX_POINT('',#4535);
#2262=VERTEX_POINT('',#4542);
#2263=VERTEX_POINT('',#4544);
#2264=VERTEX_POINT('',#4546);
#2265=VERTEX_POINT('',#4548);
#2266=VERTEX_POINT('',#4555);
#2267=VERTEX_POINT('',#4557);
#2268=VERTEX_POINT('',#4566);
#2269=VERTEX_POINT('',#4568);
#2270=VERTEX_POINT('',#4570);
#2271=VERTEX_POINT('',#4572);
#2272=VERTEX_POINT('',#4579);
#2273=VERTEX_POINT('',#4581);
#2274=VERTEX_POINT('',#4588);
#2275=VERTEX_POINT('',#4590);
#2276=VERTEX_POINT('',#4592);
#2277=VERTEX_POINT('',#4594);
#2278=VERTEX_POINT('',#4601);
#2279=VERTEX_POINT('',#4603);
#2280=VERTEX_POINT('',#4612);
#2281=VERTEX_POINT('',#4614);
#2282=VERTEX_POINT('',#4616);
#2283=VERTEX_POINT('',#4618);
#2284=VERTEX_POINT('',#4627);
#2285=VERTEX_POINT('',#4629);
#2286=VERTEX_POINT('',#4636);
#2287=VERTEX_POINT('',#4638);
#2288=VERTEX_POINT('',#4640);
#2289=VERTEX_POINT('',#4642);
#2290=VERTEX_POINT('',#4652);
#2291=VERTEX_POINT('',#4654);
#2292=VERTEX_POINT('',#4661);
#2293=VERTEX_POINT('',#4663);
#2294=VERTEX_POINT('',#4665);
#2295=VERTEX_POINT('',#4667);
#2296=VERTEX_POINT('',#4676);
#2297=VERTEX_POINT('',#4678);
#2298=VERTEX_POINT('',#4685);
#2299=VERTEX_POINT('',#4687);
#2300=VERTEX_POINT('',#4689);
#2301=VERTEX_POINT('',#4691);
#2302=VERTEX_POINT('',#4698);
#2303=VERTEX_POINT('',#4700);
#2304=VERTEX_POINT('',#4707);
#2305=VERTEX_POINT('',#4709);
#2306=VERTEX_POINT('',#4711);
#2307=VERTEX_POINT('',#4715);
#2308=VERTEX_POINT('',#4716);
#2309=VERTEX_POINT('',#4733);
#2310=VERTEX_POINT('',#4737);
#2311=VERTEX_POINT('',#4741);
#2312=VERTEX_POINT('',#4745);
#2313=VERTEX_POINT('',#4765);
#2314=VERTEX_POINT('',#4769);
#2315=VERTEX_POINT('',#4789);
#2316=VERTEX_POINT('',#4793);
#2317=VERTEX_POINT('',#4797);
#2318=VERTEX_POINT('',#4801);
#2319=VERTEX_POINT('',#4817);
#2320=VERTEX_POINT('',#4821);
#2321=VERTEX_POINT('',#4843);
#2322=VERTEX_POINT('',#4862);
#2323=VERTEX_POINT('',#4866);
#2324=VERTEX_POINT('',#4870);
#2325=VERTEX_POINT('',#4874);
#2326=VERTEX_POINT('',#4890);
#2327=VERTEX_POINT('',#4894);
#2328=VERTEX_POINT('',#4910);
#2329=VERTEX_POINT('',#4914);
#2330=VERTEX_POINT('',#4918);
#2331=VERTEX_POINT('',#4922);
#2332=VERTEX_POINT('',#4938);
#2333=VERTEX_POINT('',#4942);
#2334=VERTEX_POINT('',#4958);
#2335=VERTEX_POINT('',#4962);
#2336=VERTEX_POINT('',#4966);
#2337=VERTEX_POINT('',#4970);
#2338=VERTEX_POINT('',#4986);
#2339=VERTEX_POINT('',#4990);
#2340=VERTEX_POINT('',#5006);
#2341=VERTEX_POINT('',#5010);
#2342=VERTEX_POINT('',#5014);
#2343=VERTEX_POINT('',#5018);
#2344=VERTEX_POINT('',#5034);
#2345=VERTEX_POINT('',#5038);
#2346=VERTEX_POINT('',#5054);
#2347=VERTEX_POINT('',#5058);
#2348=VERTEX_POINT('',#5062);
#2349=VERTEX_POINT('',#5066);
#2350=VERTEX_POINT('',#5082);
#2351=VERTEX_POINT('',#5086);
#2352=VERTEX_POINT('',#5102);
#2353=VERTEX_POINT('',#5106);
#2354=VERTEX_POINT('',#5110);
#2355=VERTEX_POINT('',#5114);
#2356=VERTEX_POINT('',#5130);
#2357=VERTEX_POINT('',#5134);
#2358=VERTEX_POINT('',#5154);
#2359=VERTEX_POINT('',#5158);
#2360=VERTEX_POINT('',#5162);
#2361=VERTEX_POINT('',#5166);
#2362=VERTEX_POINT('',#5186);
#2363=VERTEX_POINT('',#5190);
#2364=VERTEX_POINT('',#5206);
#2365=VERTEX_POINT('',#5210);
#2366=VERTEX_POINT('',#5214);
#2367=VERTEX_POINT('',#5218);
#2368=VERTEX_POINT('',#5240);
#2369=VERTEX_POINT('',#5244);
#2370=VERTEX_POINT('',#5260);
#2371=VERTEX_POINT('',#5264);
#2372=VERTEX_POINT('',#5268);
#2373=VERTEX_POINT('',#5272);
#2374=VERTEX_POINT('',#5292);
#2375=VERTEX_POINT('',#5296);
#2376=VERTEX_POINT('',#5312);
#2377=VERTEX_POINT('',#5316);
#2378=VERTEX_POINT('',#5320);
#2379=VERTEX_POINT('',#5324);
#2380=VERTEX_POINT('',#5340);
#2381=VERTEX_POINT('',#5344);
#2382=VERTEX_POINT('',#5360);
#2383=VERTEX_POINT('',#5364);
#2384=VERTEX_POINT('',#5368);
#2385=VERTEX_POINT('',#5372);
#2386=VERTEX_POINT('',#5391);
#2387=VERTEX_POINT('',#5395);
#2388=VERTEX_POINT('',#5411);
#2389=VERTEX_POINT('',#5415);
#2390=VERTEX_POINT('',#5419);
#2391=VERTEX_POINT('',#5423);
#2392=VERTEX_POINT('',#5439);
#2393=VERTEX_POINT('',#5443);
#2394=VERTEX_POINT('',#5462);
#2395=VERTEX_POINT('',#5466);
#2396=VERTEX_POINT('',#5470);
#2397=VERTEX_POINT('',#5474);
#2398=VERTEX_POINT('',#5490);
#2399=VERTEX_POINT('',#5494);
#2400=VERTEX_POINT('',#5510);
#2401=VERTEX_POINT('',#5514);
#2402=VERTEX_POINT('',#5518);
#2403=VERTEX_POINT('',#5522);
#2404=VERTEX_POINT('',#5538);
#2405=VERTEX_POINT('',#5542);
#2406=VERTEX_POINT('',#5558);
#2407=VERTEX_POINT('',#5562);
#2408=VERTEX_POINT('',#5566);
#2409=VERTEX_POINT('',#5570);
#2410=VERTEX_POINT('',#5586);
#2411=VERTEX_POINT('',#5590);
#2412=VERTEX_POINT('',#5606);
#2413=VERTEX_POINT('',#5610);
#2414=VERTEX_POINT('',#5614);
#2415=VERTEX_POINT('',#5618);
#2416=VERTEX_POINT('',#5634);
#2417=VERTEX_POINT('',#5638);
#2418=VERTEX_POINT('',#5658);
#2419=VERTEX_POINT('',#5662);
#2420=VERTEX_POINT('',#5666);
#2421=VERTEX_POINT('',#5670);
#2422=VERTEX_POINT('',#5686);
#2423=VERTEX_POINT('',#5690);
#2424=VERTEX_POINT('',#5706);
#2425=VERTEX_POINT('',#5710);
#2426=VERTEX_POINT('',#5714);
#2427=VERTEX_POINT('',#5718);
#2428=VERTEX_POINT('',#5734);
#2429=VERTEX_POINT('',#5738);
#2430=VERTEX_POINT('',#5758);
#2431=VERTEX_POINT('',#5762);
#2432=VERTEX_POINT('',#5766);
#2433=VERTEX_POINT('',#5770);
#2434=VERTEX_POINT('',#5790);
#2435=VERTEX_POINT('',#5794);
#2436=VERTEX_POINT('',#5810);
#2437=VERTEX_POINT('',#5814);
#2438=VERTEX_POINT('',#5818);
#2439=VERTEX_POINT('',#5822);
#2440=VERTEX_POINT('',#5841);
#2441=VERTEX_POINT('',#5845);
#2442=VERTEX_POINT('',#5861);
#2443=VERTEX_POINT('',#5865);
#2444=VERTEX_POINT('',#5869);
#2445=VERTEX_POINT('',#5873);
#2446=VERTEX_POINT('',#5893);
#2447=VERTEX_POINT('',#5897);
#2448=VERTEX_POINT('',#5913);
#2449=VERTEX_POINT('',#5917);
#2450=VERTEX_POINT('',#5921);
#2451=VERTEX_POINT('',#5925);
#2452=VERTEX_POINT('',#5941);
#2453=VERTEX_POINT('',#5945);
#2454=VERTEX_POINT('',#5961);
#2455=VERTEX_POINT('',#5965);
#2456=VERTEX_POINT('',#5969);
#2457=VERTEX_POINT('',#5973);
#2458=VERTEX_POINT('',#5991);
#2459=VERTEX_POINT('',#5994);
#2460=VERTEX_POINT('',#5997);
#2461=VERTEX_POINT('',#6000);
#2462=VERTEX_POINT('',#6001);
#2463=VERTEX_POINT('',#6003);
#2464=VERTEX_POINT('',#6005);
#2465=VERTEX_POINT('',#6008);
#2466=VERTEX_POINT('',#6010);
#2467=VERTEX_POINT('',#6013);
#2468=VERTEX_POINT('',#6014);
#2469=VERTEX_POINT('',#6016);
#2470=VERTEX_POINT('',#6018);
#2471=VERTEX_POINT('',#6021);
#2472=CIRCLE('',#3171,0.00368731720200663);
#2473=CIRCLE('',#3172,0.00368731720200663);
#2474=CIRCLE('',#3174,0.00309999944541762);
#2475=CIRCLE('',#3175,0.000125);
#2476=CIRCLE('',#3176,0.00309999944541131);
#2477=CIRCLE('',#3177,0.000125);
#2478=CIRCLE('',#3178,0.00309999944554602);
#2479=CIRCLE('',#3179,0.000125);
#2480=CIRCLE('',#3180,0.00309999944541792);
#2481=CIRCLE('',#3181,0.000125);
#2482=CIRCLE('',#3182,0.00309999944546537);
#2483=CIRCLE('',#3183,0.000125);
#2484=CIRCLE('',#3184,0.00309999944548213);
#2485=CIRCLE('',#3185,0.000125);
#2486=CIRCLE('',#3186,0.00309999944538802);
#2487=CIRCLE('',#3187,0.000125);
#2488=CIRCLE('',#3188,0.00309999944529561);
#2489=CIRCLE('',#3189,0.000124999999999995);
#2490=CIRCLE('',#3190,0.00309999944541862);
#2491=CIRCLE('',#3191,0.000125);
#2492=CIRCLE('',#3192,0.00309999944529669);
#2493=CIRCLE('',#3193,0.000125);
#2494=CIRCLE('',#3194,0.00309999944528178);
#2495=CIRCLE('',#3195,0.000124999999999999);
#2496=CIRCLE('',#3196,0.00309999944545026);
#2497=CIRCLE('',#3197,0.000125);
#2498=CIRCLE('',#3198,0.00309999944542851);
#2499=CIRCLE('',#3199,0.000125);
#2500=CIRCLE('',#3200,0.000492903317787734);
#2501=CIRCLE('',#3201,0.0030999994453671);
#2502=CIRCLE('',#3202,0.000125);
#2503=CIRCLE('',#3203,0.00309999944547782);
#2504=CIRCLE('',#3204,0.000125);
#2505=CIRCLE('',#3205,0.00309999944546968);
#2506=CIRCLE('',#3206,0.000125);
#2507=CIRCLE('',#3207,0.00309999944526137);
#2508=CIRCLE('',#3208,0.000125);
#2509=CIRCLE('',#3209,0.00309999944531202);
#2510=CIRCLE('',#3210,0.000125);
#2511=CIRCLE('',#3211,0.00309999972454799);
#2512=CIRCLE('',#3212,0.000125);
#2513=CIRCLE('',#3213,0.00309999972454522);
#2514=CIRCLE('',#3214,0.000124999999999998);
#2515=CIRCLE('',#3215,0.00309999972454127);
#2516=CIRCLE('',#3216,0.000125);
#2517=CIRCLE('',#3217,0.00309999972440458);
#2518=CIRCLE('',#3218,0.000124999999999998);
#2519=CIRCLE('',#3219,0.00309999972456042);
#2520=CIRCLE('',#3220,0.000125000000000001);
#2521=CIRCLE('',#3221,0.00309999944534668);
#2522=CIRCLE('',#3222,0.000125);
#2523=CIRCLE('',#3223,0.00309999944545158);
#2524=CIRCLE('',#3224,0.000125);
#2525=CIRCLE('',#3226,0.00309999944541762);
#2526=CIRCLE('',#3229,0.000125);
#2527=CIRCLE('',#3232,0.00309999944541131);
#2528=CIRCLE('',#3235,0.000125);
#2529=CIRCLE('',#3238,0.00309999944554602);
#2530=CIRCLE('',#3241,0.000125);
#2531=CIRCLE('',#3244,0.00309999944541792);
#2532=CIRCLE('',#3247,0.000125);
#2533=CIRCLE('',#3250,0.00309999944546537);
#2534=CIRCLE('',#3253,0.000125);
#2535=CIRCLE('',#3256,0.00309999944548213);
#2536=CIRCLE('',#3259,0.000125);
#2537=CIRCLE('',#3262,0.00309999944538802);
#2538=CIRCLE('',#3265,0.000125);
#2539=CIRCLE('',#3268,0.00309999944529561);
#2540=CIRCLE('',#3271,0.000124999999999995);
#2541=CIRCLE('',#3274,0.00309999944541862);
#2542=CIRCLE('',#3277,0.000125);
#2543=CIRCLE('',#3280,0.00309999944529669);
#2544=CIRCLE('',#3283,0.000125);
#2545=CIRCLE('',#3286,0.00309999944528178);
#2546=CIRCLE('',#3289,0.000124999999999999);
#2547=CIRCLE('',#3292,0.00309999944545026);
#2548=CIRCLE('',#3295,0.000125);
#2549=CIRCLE('',#3298,0.00309999944542851);
#2550=CIRCLE('',#3301,0.000125);
#2551=CIRCLE('',#3303,0.000492903317787734);
#2552=CIRCLE('',#3305,0.0030999994453671);
#2553=CIRCLE('',#3308,0.000125);
#2554=CIRCLE('',#3311,0.00309999944547782);
#2555=CIRCLE('',#3314,0.000125);
#2556=CIRCLE('',#3317,0.00309999944546968);
#2557=CIRCLE('',#3320,0.000125);
#2558=CIRCLE('',#3323,0.00309999944526137);
#2559=CIRCLE('',#3326,0.000125);
#2560=CIRCLE('',#3329,0.00309999944531202);
#2561=CIRCLE('',#3332,0.000125);
#2562=CIRCLE('',#3335,0.00309999972454799);
#2563=CIRCLE('',#3338,0.000125);
#2564=CIRCLE('',#3341,0.00309999972454522);
#2565=CIRCLE('',#3344,0.000124999999999998);
#2566=CIRCLE('',#3347,0.00309999972454127);
#2567=CIRCLE('',#3350,0.000125);
#2568=CIRCLE('',#3353,0.00309999972440458);
#2569=CIRCLE('',#3356,0.000124999999999998);
#2570=CIRCLE('',#3359,0.00309999972456042);
#2571=CIRCLE('',#3362,0.000125000000000001);
#2572=CIRCLE('',#3365,0.00309999944534668);
#2573=CIRCLE('',#3368,0.000125);
#2574=CIRCLE('',#3371,0.00309999944545158);
#2575=CIRCLE('',#3374,0.000125);
#2576=CIRCLE('',#3377,0.00125);
#2577=CIRCLE('',#3379,0.00125);
#2578=CIRCLE('',#3381,0.00368731720200663);
#2579=CIRCLE('',#3383,0.00368731720200663);
#2580=CIRCLE('',#3384,0.00475);
#2581=CIRCLE('',#3385,0.0015);
#2582=CIRCLE('',#3386,0.00368731720200663);
#2583=CIRCLE('',#3388,0.00475);
#2584=CIRCLE('',#3389,0.00368731720200663);
#2585=CIRCLE('',#3390,0.0015);
#2586=EDGE_LOOP('',(#735));
#2587=EDGE_LOOP('',(#736));
#2588=EDGE_LOOP('',(#737));
#2589=EDGE_LOOP('',(#738,#739,#740,#741,#742,#743,#744,#745,#746,#747,#748,
#749,#750,#751,#752,#753,#754,#755,#756,#757,#758,#759,#760,#761,#762,#763,
#764,#765,#766,#767,#768,#769,#770,#771,#772,#773,#774,#775,#776,#777,#778,
#779,#780,#781,#782,#783,#784,#785,#786,#787,#788,#789,#790,#791,#792,#793,
#794,#795,#796,#797,#798,#799,#800,#801,#802,#803,#804,#805,#806,#807,#808,
#809,#810,#811,#812,#813,#814,#815,#816,#817,#818,#819,#820,#821,#822,#823,
#824,#825,#826,#827,#828,#829,#830,#831,#832,#833,#834,#835,#836,#837,#838,
#839,#840,#841,#842,#843,#844,#845,#846,#847,#848,#849,#850,#851,#852,#853,
#854,#855,#856,#857,#858,#859,#860,#861,#862,#863,#864,#865,#866,#867,#868,
#869,#870,#871,#872,#873,#874,#875,#876,#877,#878,#879,#880,#881,#882,#883,
#884,#885,#886,#887,#888));
#2590=EDGE_LOOP('',(#889,#890,#891,#892));
#2591=EDGE_LOOP('',(#893,#894,#895,#896));
#2592=EDGE_LOOP('',(#897,#898,#899,#900));
#2593=EDGE_LOOP('',(#901,#902,#903,#904));
#2594=EDGE_LOOP('',(#905,#906,#907,#908));
#2595=EDGE_LOOP('',(#909,#910,#911,#912));
#2596=EDGE_LOOP('',(#913,#914,#915,#916));
#2597=EDGE_LOOP('',(#917,#918,#919,#920));
#2598=EDGE_LOOP('',(#921,#922,#923,#924));
#2599=EDGE_LOOP('',(#925,#926,#927,#928));
#2600=EDGE_LOOP('',(#929,#930,#931,#932));
#2601=EDGE_LOOP('',(#933,#934,#935,#936));
#2602=EDGE_LOOP('',(#937,#938,#939,#940));
#2603=EDGE_LOOP('',(#941,#942,#943,#944));
#2604=EDGE_LOOP('',(#945,#946,#947,#948));
#2605=EDGE_LOOP('',(#949,#950,#951,#952));
#2606=EDGE_LOOP('',(#953,#954,#955,#956));
#2607=EDGE_LOOP('',(#957,#958,#959,#960));
#2608=EDGE_LOOP('',(#961,#962,#963,#964));
#2609=EDGE_LOOP('',(#965,#966,#967,#968));
#2610=EDGE_LOOP('',(#969,#970,#971,#972));
#2611=EDGE_LOOP('',(#973,#974,#975,#976));
#2612=EDGE_LOOP('',(#977,#978,#979,#980));
#2613=EDGE_LOOP('',(#981,#982,#983,#984));
#2614=EDGE_LOOP('',(#985,#986,#987,#988));
#2615=EDGE_LOOP('',(#989,#990,#991,#992));
#2616=EDGE_LOOP('',(#993,#994,#995,#996));
#2617=EDGE_LOOP('',(#997,#998,#999,#1000));
#2618=EDGE_LOOP('',(#1001,#1002,#1003,#1004));
#2619=EDGE_LOOP('',(#1005,#1006,#1007,#1008));
#2620=EDGE_LOOP('',(#1009,#1010,#1011,#1012));
#2621=EDGE_LOOP('',(#1013,#1014,#1015,#1016));
#2622=EDGE_LOOP('',(#1017,#1018,#1019,#1020));
#2623=EDGE_LOOP('',(#1021,#1022,#1023,#1024));
#2624=EDGE_LOOP('',(#1025,#1026,#1027,#1028));
#2625=EDGE_LOOP('',(#1029,#1030,#1031,#1032));
#2626=EDGE_LOOP('',(#1033,#1034,#1035,#1036));
#2627=EDGE_LOOP('',(#1037,#1038,#1039,#1040));
#2628=EDGE_LOOP('',(#1041,#1042,#1043,#1044));
#2629=EDGE_LOOP('',(#1045,#1046,#1047,#1048));
#2630=EDGE_LOOP('',(#1049,#1050,#1051,#1052));
#2631=EDGE_LOOP('',(#1053,#1054,#1055,#1056));
#2632=EDGE_LOOP('',(#1057,#1058,#1059,#1060));
#2633=EDGE_LOOP('',(#1061,#1062,#1063,#1064));
#2634=EDGE_LOOP('',(#1065,#1066,#1067,#1068));
#2635=EDGE_LOOP('',(#1069,#1070,#1071,#1072));
#2636=EDGE_LOOP('',(#1073,#1074,#1075,#1076));
#2637=EDGE_LOOP('',(#1077,#1078,#1079,#1080));
#2638=EDGE_LOOP('',(#1081,#1082,#1083,#1084));
#2639=EDGE_LOOP('',(#1085,#1086,#1087,#1088));
#2640=EDGE_LOOP('',(#1089,#1090,#1091,#1092));
#2641=EDGE_LOOP('',(#1093,#1094,#1095,#1096));
#2642=EDGE_LOOP('',(#1097,#1098,#1099,#1100));
#2643=EDGE_LOOP('',(#1101,#1102,#1103,#1104));
#2644=EDGE_LOOP('',(#1105,#1106,#1107,#1108));
#2645=EDGE_LOOP('',(#1109,#1110,#1111,#1112));
#2646=EDGE_LOOP('',(#1113,#1114,#1115,#1116));
#2647=EDGE_LOOP('',(#1117,#1118,#1119,#1120));
#2648=EDGE_LOOP('',(#1121,#1122,#1123,#1124));
#2649=EDGE_LOOP('',(#1125,#1126,#1127,#1128));
#2650=EDGE_LOOP('',(#1129,#1130,#1131,#1132));
#2651=EDGE_LOOP('',(#1133,#1134,#1135,#1136));
#2652=EDGE_LOOP('',(#1137,#1138,#1139,#1140));
#2653=EDGE_LOOP('',(#1141,#1142,#1143,#1144));
#2654=EDGE_LOOP('',(#1145,#1146,#1147,#1148));
#2655=EDGE_LOOP('',(#1149,#1150,#1151,#1152));
#2656=EDGE_LOOP('',(#1153,#1154,#1155,#1156));
#2657=EDGE_LOOP('',(#1157,#1158,#1159,#1160));
#2658=EDGE_LOOP('',(#1161,#1162,#1163,#1164));
#2659=EDGE_LOOP('',(#1165,#1166,#1167,#1168));
#2660=EDGE_LOOP('',(#1169,#1170,#1171,#1172));
#2661=EDGE_LOOP('',(#1173,#1174,#1175,#1176));
#2662=EDGE_LOOP('',(#1177,#1178,#1179,#1180));
#2663=EDGE_LOOP('',(#1181,#1182,#1183,#1184));
#2664=EDGE_LOOP('',(#1185,#1186,#1187,#1188));
#2665=EDGE_LOOP('',(#1189,#1190,#1191,#1192));
#2666=EDGE_LOOP('',(#1193,#1194,#1195,#1196));
#2667=EDGE_LOOP('',(#1197,#1198,#1199,#1200));
#2668=EDGE_LOOP('',(#1201,#1202,#1203,#1204));
#2669=EDGE_LOOP('',(#1205,#1206,#1207,#1208));
#2670=EDGE_LOOP('',(#1209,#1210,#1211,#1212));
#2671=EDGE_LOOP('',(#1213,#1214,#1215,#1216));
#2672=EDGE_LOOP('',(#1217,#1218,#1219,#1220));
#2673=EDGE_LOOP('',(#1221,#1222,#1223,#1224));
#2674=EDGE_LOOP('',(#1225,#1226,#1227,#1228));
#2675=EDGE_LOOP('',(#1229,#1230,#1231,#1232));
#2676=EDGE_LOOP('',(#1233,#1234,#1235,#1236));
#2677=EDGE_LOOP('',(#1237,#1238,#1239,#1240));
#2678=EDGE_LOOP('',(#1241,#1242,#1243,#1244));
#2679=EDGE_LOOP('',(#1245,#1246,#1247,#1248));
#2680=EDGE_LOOP('',(#1249,#1250,#1251,#1252));
#2681=EDGE_LOOP('',(#1253,#1254,#1255,#1256));
#2682=EDGE_LOOP('',(#1257,#1258,#1259,#1260));
#2683=EDGE_LOOP('',(#1261,#1262,#1263,#1264));
#2684=EDGE_LOOP('',(#1265,#1266,#1267,#1268));
#2685=EDGE_LOOP('',(#1269,#1270,#1271,#1272));
#2686=EDGE_LOOP('',(#1273,#1274,#1275,#1276));
#2687=EDGE_LOOP('',(#1277,#1278,#1279,#1280));
#2688=EDGE_LOOP('',(#1281,#1282,#1283,#1284));
#2689=EDGE_LOOP('',(#1285,#1286,#1287,#1288));
#2690=EDGE_LOOP('',(#1289,#1290,#1291,#1292));
#2691=EDGE_LOOP('',(#1293,#1294,#1295,#1296));
#2692=EDGE_LOOP('',(#1297,#1298,#1299,#1300));
#2693=EDGE_LOOP('',(#1301,#1302,#1303,#1304));
#2694=EDGE_LOOP('',(#1305,#1306,#1307,#1308));
#2695=EDGE_LOOP('',(#1309,#1310,#1311,#1312));
#2696=EDGE_LOOP('',(#1313,#1314,#1315,#1316));
#2697=EDGE_LOOP('',(#1317,#1318,#1319,#1320));
#2698=EDGE_LOOP('',(#1321,#1322,#1323,#1324));
#2699=EDGE_LOOP('',(#1325,#1326,#1327,#1328));
#2700=EDGE_LOOP('',(#1329,#1330,#1331,#1332));
#2701=EDGE_LOOP('',(#1333,#1334,#1335,#1336));
#2702=EDGE_LOOP('',(#1337,#1338,#1339,#1340));
#2703=EDGE_LOOP('',(#1341,#1342,#1343,#1344));
#2704=EDGE_LOOP('',(#1345,#1346,#1347,#1348));
#2705=EDGE_LOOP('',(#1349,#1350,#1351,#1352));
#2706=EDGE_LOOP('',(#1353,#1354,#1355,#1356));
#2707=EDGE_LOOP('',(#1357,#1358,#1359,#1360));
#2708=EDGE_LOOP('',(#1361,#1362,#1363,#1364));
#2709=EDGE_LOOP('',(#1365,#1366,#1367,#1368));
#2710=EDGE_LOOP('',(#1369,#1370,#1371,#1372));
#2711=EDGE_LOOP('',(#1373,#1374,#1375,#1376));
#2712=EDGE_LOOP('',(#1377,#1378,#1379,#1380));
#2713=EDGE_LOOP('',(#1381,#1382,#1383,#1384));
#2714=EDGE_LOOP('',(#1385,#1386,#1387,#1388));
#2715=EDGE_LOOP('',(#1389,#1390,#1391,#1392));
#2716=EDGE_LOOP('',(#1393,#1394,#1395,#1396));
#2717=EDGE_LOOP('',(#1397,#1398,#1399,#1400));
#2718=EDGE_LOOP('',(#1401,#1402,#1403,#1404));
#2719=EDGE_LOOP('',(#1405,#1406,#1407,#1408));
#2720=EDGE_LOOP('',(#1409,#1410,#1411,#1412));
#2721=EDGE_LOOP('',(#1413,#1414,#1415,#1416));
#2722=EDGE_LOOP('',(#1417,#1418,#1419,#1420));
#2723=EDGE_LOOP('',(#1421,#1422,#1423,#1424));
#2724=EDGE_LOOP('',(#1425,#1426,#1427,#1428));
#2725=EDGE_LOOP('',(#1429,#1430,#1431,#1432));
#2726=EDGE_LOOP('',(#1433,#1434,#1435,#1436));
#2727=EDGE_LOOP('',(#1437,#1438,#1439,#1440));
#2728=EDGE_LOOP('',(#1441,#1442,#1443,#1444));
#2729=EDGE_LOOP('',(#1445,#1446,#1447,#1448));
#2730=EDGE_LOOP('',(#1449,#1450,#1451,#1452));
#2731=EDGE_LOOP('',(#1453,#1454,#1455,#1456));
#2732=EDGE_LOOP('',(#1457,#1458,#1459,#1460));
#2733=EDGE_LOOP('',(#1461,#1462,#1463,#1464));
#2734=EDGE_LOOP('',(#1465,#1466,#1467,#1468));
#2735=EDGE_LOOP('',(#1469,#1470,#1471,#1472));
#2736=EDGE_LOOP('',(#1473,#1474,#1475,#1476));
#2737=EDGE_LOOP('',(#1477,#1478,#1479,#1480));
#2738=EDGE_LOOP('',(#1481,#1482,#1483,#1484));
#2739=EDGE_LOOP('',(#1485,#1486,#1487,#1488));
#2740=EDGE_LOOP('',(#1489,#1490,#1491,#1492));
#2741=EDGE_LOOP('',(#1493));
#2742=EDGE_LOOP('',(#1494,#1495,#1496,#1497,#1498,#1499,#1500,#1501,#1502,
#1503,#1504,#1505,#1506,#1507,#1508,#1509,#1510,#1511,#1512,#1513,#1514,
#1515,#1516,#1517,#1518,#1519,#1520,#1521,#1522,#1523,#1524,#1525,#1526,
#1527,#1528,#1529,#1530,#1531,#1532,#1533,#1534,#1535,#1536,#1537,#1538,
#1539,#1540,#1541,#1542,#1543,#1544,#1545,#1546,#1547,#1548,#1549,#1550,
#1551,#1552,#1553,#1554,#1555,#1556,#1557,#1558,#1559,#1560,#1561,#1562,
#1563,#1564,#1565,#1566,#1567,#1568,#1569,#1570,#1571,#1572,#1573,#1574,
#1575,#1576,#1577,#1578,#1579,#1580,#1581,#1582,#1583,#1584,#1585,#1586,
#1587,#1588,#1589,#1590,#1591,#1592,#1593,#1594,#1595,#1596,#1597,#1598,
#1599,#1600,#1601,#1602,#1603,#1604,#1605,#1606,#1607,#1608,#1609,#1610,
#1611,#1612,#1613,#1614,#1615,#1616,#1617,#1618,#1619,#1620,#1621,#1622,
#1623,#1624,#1625,#1626,#1627,#1628,#1629,#1630,#1631,#1632,#1633,#1634,
#1635,#1636,#1637,#1638,#1639,#1640,#1641,#1642,#1643,#1644));
#2743=EDGE_LOOP('',(#1645));
#2744=EDGE_LOOP('',(#1646));
#2745=EDGE_LOOP('',(#1647));
#2746=EDGE_LOOP('',(#1648));
#2747=EDGE_LOOP('',(#1649,#1650,#1651,#1652));
#2748=EDGE_LOOP('',(#1653));
#2749=EDGE_LOOP('',(#1654));
#2750=EDGE_LOOP('',(#1655,#1656,#1657,#1658));
#2751=EDGE_LOOP('',(#1659));
#2752=EDGE_LOOP('',(#1660));
#2753=EDGE_LOOP('',(#1661));
#2754=EDGE_LOOP('',(#1662));
#2755=EDGE_LOOP('',(#1663,#1664,#1665,#1666));
#2756=EDGE_LOOP('',(#1667));
#2757=EDGE_LOOP('',(#1668));
#2758=EDGE_LOOP('',(#1669,#1670,#1671,#1672));
#2759=EDGE_LOOP('',(#1673,#1674,#1675,#1676));
#2760=EDGE_LOOP('',(#1677,#1678,#1679,#1680));
#2761=FACE_BOUND('',#2586,.T.);
#2762=FACE_BOUND('',#2587,.T.);
#2763=FACE_BOUND('',#2588,.T.);
#2764=FACE_BOUND('',#2589,.T.);
#2765=FACE_BOUND('',#2590,.T.);
#2766=FACE_BOUND('',#2591,.T.);
#2767=FACE_BOUND('',#2592,.T.);
#2768=FACE_BOUND('',#2593,.T.);
#2769=FACE_BOUND('',#2594,.T.);
#2770=FACE_BOUND('',#2595,.T.);
#2771=FACE_BOUND('',#2596,.T.);
#2772=FACE_BOUND('',#2597,.T.);
#2773=FACE_BOUND('',#2598,.T.);
#2774=FACE_BOUND('',#2599,.T.);
#2775=FACE_BOUND('',#2600,.T.);
#2776=FACE_BOUND('',#2601,.T.);
#2777=FACE_BOUND('',#2602,.T.);
#2778=FACE_BOUND('',#2603,.T.);
#2779=FACE_BOUND('',#2604,.T.);
#2780=FACE_BOUND('',#2605,.T.);
#2781=FACE_BOUND('',#2606,.T.);
#2782=FACE_BOUND('',#2607,.T.);
#2783=FACE_BOUND('',#2608,.T.);
#2784=FACE_BOUND('',#2609,.T.);
#2785=FACE_BOUND('',#2610,.T.);
#2786=FACE_BOUND('',#2611,.T.);
#2787=FACE_BOUND('',#2612,.T.);
#2788=FACE_BOUND('',#2613,.T.);
#2789=FACE_BOUND('',#2614,.T.);
#2790=FACE_BOUND('',#2615,.T.);
#2791=FACE_BOUND('',#2616,.T.);
#2792=FACE_BOUND('',#2617,.T.);
#2793=FACE_BOUND('',#2618,.T.);
#2794=FACE_BOUND('',#2619,.T.);
#2795=FACE_BOUND('',#2620,.T.);
#2796=FACE_BOUND('',#2621,.T.);
#2797=FACE_BOUND('',#2622,.T.);
#2798=FACE_BOUND('',#2623,.T.);
#2799=FACE_BOUND('',#2624,.T.);
#2800=FACE_BOUND('',#2625,.T.);
#2801=FACE_BOUND('',#2626,.T.);
#2802=FACE_BOUND('',#2627,.T.);
#2803=FACE_BOUND('',#2628,.T.);
#2804=FACE_BOUND('',#2629,.T.);
#2805=FACE_BOUND('',#2630,.T.);
#2806=FACE_BOUND('',#2631,.T.);
#2807=FACE_BOUND('',#2632,.T.);
#2808=FACE_BOUND('',#2633,.T.);
#2809=FACE_BOUND('',#2634,.T.);
#2810=FACE_BOUND('',#2635,.T.);
#2811=FACE_BOUND('',#2636,.T.);
#2812=FACE_BOUND('',#2637,.T.);
#2813=FACE_BOUND('',#2638,.T.);
#2814=FACE_BOUND('',#2639,.T.);
#2815=FACE_BOUND('',#2640,.T.);
#2816=FACE_BOUND('',#2641,.T.);
#2817=FACE_BOUND('',#2642,.T.);
#2818=FACE_BOUND('',#2643,.T.);
#2819=FACE_BOUND('',#2644,.T.);
#2820=FACE_BOUND('',#2645,.T.);
#2821=FACE_BOUND('',#2646,.T.);
#2822=FACE_BOUND('',#2647,.T.);
#2823=FACE_BOUND('',#2648,.T.);
#2824=FACE_BOUND('',#2649,.T.);
#2825=FACE_BOUND('',#2650,.T.);
#2826=FACE_BOUND('',#2651,.T.);
#2827=FACE_BOUND('',#2652,.T.);
#2828=FACE_BOUND('',#2653,.T.);
#2829=FACE_BOUND('',#2654,.T.);
#2830=FACE_BOUND('',#2655,.T.);
#2831=FACE_BOUND('',#2656,.T.);
#2832=FACE_BOUND('',#2657,.T.);
#2833=FACE_BOUND('',#2658,.T.);
#2834=FACE_BOUND('',#2659,.T.);
#2835=FACE_BOUND('',#2660,.T.);
#2836=FACE_BOUND('',#2661,.T.);
#2837=FACE_BOUND('',#2662,.T.);
#2838=FACE_BOUND('',#2663,.T.);
#2839=FACE_BOUND('',#2664,.T.);
#2840=FACE_BOUND('',#2665,.T.);
#2841=FACE_BOUND('',#2666,.T.);
#2842=FACE_BOUND('',#2667,.T.);
#2843=FACE_BOUND('',#2668,.T.);
#2844=FACE_BOUND('',#2669,.T.);
#2845=FACE_BOUND('',#2670,.T.);
#2846=FACE_BOUND('',#2671,.T.);
#2847=FACE_BOUND('',#2672,.T.);
#2848=FACE_BOUND('',#2673,.T.);
#2849=FACE_BOUND('',#2674,.T.);
#2850=FACE_BOUND('',#2675,.T.);
#2851=FACE_BOUND('',#2676,.T.);
#2852=FACE_BOUND('',#2677,.T.);
#2853=FACE_BOUND('',#2678,.T.);
#2854=FACE_BOUND('',#2679,.T.);
#2855=FACE_BOUND('',#2680,.T.);
#2856=FACE_BOUND('',#2681,.T.);
#2857=FACE_BOUND('',#2682,.T.);
#2858=FACE_BOUND('',#2683,.T.);
#2859=FACE_BOUND('',#2684,.T.);
#2860=FACE_BOUND('',#2685,.T.);
#2861=FACE_BOUND('',#2686,.T.);
#2862=FACE_BOUND('',#2687,.T.);
#2863=FACE_BOUND('',#2688,.T.);
#2864=FACE_BOUND('',#2689,.T.);
#2865=FACE_BOUND('',#2690,.T.);
#2866=FACE_BOUND('',#2691,.T.);
#2867=FACE_BOUND('',#2692,.T.);
#2868=FACE_BOUND('',#2693,.T.);
#2869=FACE_BOUND('',#2694,.T.);
#2870=FACE_BOUND('',#2695,.T.);
#2871=FACE_BOUND('',#2696,.T.);
#2872=FACE_BOUND('',#2697,.T.);
#2873=FACE_BOUND('',#2698,.T.);
#2874=FACE_BOUND('',#2699,.T.);
#2875=FACE_BOUND('',#2700,.T.);
#2876=FACE_BOUND('',#2701,.T.);
#2877=FACE_BOUND('',#2702,.T.);
#2878=FACE_BOUND('',#2703,.T.);
#2879=FACE_BOUND('',#2704,.T.);
#2880=FACE_BOUND('',#2705,.T.);
#2881=FACE_BOUND('',#2706,.T.);
#2882=FACE_BOUND('',#2707,.T.);
#2883=FACE_BOUND('',#2708,.T.);
#2884=FACE_BOUND('',#2709,.T.);
#2885=FACE_BOUND('',#2710,.T.);
#2886=FACE_BOUND('',#2711,.T.);
#2887=FACE_BOUND('',#2712,.T.);
#2888=FACE_BOUND('',#2713,.T.);
#2889=FACE_BOUND('',#2714,.T.);
#2890=FACE_BOUND('',#2715,.T.);
#2891=FACE_BOUND('',#2716,.T.);
#2892=FACE_BOUND('',#2717,.T.);
#2893=FACE_BOUND('',#2718,.T.);
#2894=FACE_BOUND('',#2719,.T.);
#2895=FACE_BOUND('',#2720,.T.);
#2896=FACE_BOUND('',#2721,.T.);
#2897=FACE_BOUND('',#2722,.T.);
#2898=FACE_BOUND('',#2723,.T.);
#2899=FACE_BOUND('',#2724,.T.);
#2900=FACE_BOUND('',#2725,.T.);
#2901=FACE_BOUND('',#2726,.T.);
#2902=FACE_BOUND('',#2727,.T.);
#2903=FACE_BOUND('',#2728,.T.);
#2904=FACE_BOUND('',#2729,.T.);
#2905=FACE_BOUND('',#2730,.T.);
#2906=FACE_BOUND('',#2731,.T.);
#2907=FACE_BOUND('',#2732,.T.);
#2908=FACE_BOUND('',#2733,.T.);
#2909=FACE_BOUND('',#2734,.T.);
#2910=FACE_BOUND('',#2735,.T.);
#2911=FACE_BOUND('',#2736,.T.);
#2912=FACE_BOUND('',#2737,.T.);
#2913=FACE_BOUND('',#2738,.T.);
#2914=FACE_BOUND('',#2739,.T.);
#2915=FACE_BOUND('',#2740,.T.);
#2916=FACE_BOUND('',#2741,.T.);
#2917=FACE_BOUND('',#2742,.T.);
#2918=FACE_BOUND('',#2743,.T.);
#2919=FACE_BOUND('',#2744,.T.);
#2920=FACE_BOUND('',#2745,.T.);
#2921=FACE_BOUND('',#2746,.T.);
#2922=FACE_BOUND('',#2747,.T.);
#2923=FACE_BOUND('',#2748,.T.);
#2924=FACE_BOUND('',#2749,.T.);
#2925=FACE_BOUND('',#2750,.T.);
#2926=FACE_BOUND('',#2751,.T.);
#2927=FACE_BOUND('',#2752,.T.);
#2928=FACE_BOUND('',#2753,.T.);
#2929=FACE_BOUND('',#2754,.T.);
#2930=FACE_BOUND('',#2755,.T.);
#2931=FACE_BOUND('',#2756,.T.);
#2932=FACE_BOUND('',#2757,.T.);
#2933=FACE_BOUND('',#2758,.T.);
#2934=FACE_BOUND('',#2759,.T.);
#2935=FACE_BOUND('',#2760,.T.);
#2936=CYLINDRICAL_SURFACE('',#3170,0.00368731720200663);
#2937=CYLINDRICAL_SURFACE('',#3225,0.00309999944541762);
#2938=CYLINDRICAL_SURFACE('',#3228,0.000125);
#2939=CYLINDRICAL_SURFACE('',#3231,0.00309999944541131);
#2940=CYLINDRICAL_SURFACE('',#3234,0.000125);
#2941=CYLINDRICAL_SURFACE('',#3237,0.00309999944554602);
#2942=CYLINDRICAL_SURFACE('',#3240,0.000125);
#2943=CYLINDRICAL_SURFACE('',#3243,0.00309999944541792);
#2944=CYLINDRICAL_SURFACE('',#3246,0.000125);
#2945=CYLINDRICAL_SURFACE('',#3249,0.00309999944546537);
#2946=CYLINDRICAL_SURFACE('',#3252,0.000125);
#2947=CYLINDRICAL_SURFACE('',#3255,0.00309999944548213);
#2948=CYLINDRICAL_SURFACE('',#3258,0.000125);
#2949=CYLINDRICAL_SURFACE('',#3261,0.00309999944538802);
#2950=CYLINDRICAL_SURFACE('',#3264,0.000125);
#2951=CYLINDRICAL_SURFACE('',#3267,0.00309999944529561);
#2952=CYLINDRICAL_SURFACE('',#3270,0.000124999999999995);
#2953=CYLINDRICAL_SURFACE('',#3273,0.00309999944541862);
#2954=CYLINDRICAL_SURFACE('',#3276,0.000125);
#2955=CYLINDRICAL_SURFACE('',#3279,0.00309999944529669);
#2956=CYLINDRICAL_SURFACE('',#3282,0.000125);
#2957=CYLINDRICAL_SURFACE('',#3285,0.00309999944528178);
#2958=CYLINDRICAL_SURFACE('',#3288,0.000124999999999999);
#2959=CYLINDRICAL_SURFACE('',#3291,0.00309999944545026);
#2960=CYLINDRICAL_SURFACE('',#3294,0.000125);
#2961=CYLINDRICAL_SURFACE('',#3297,0.00309999944542851);
#2962=CYLINDRICAL_SURFACE('',#3300,0.000125);
#2963=CYLINDRICAL_SURFACE('',#3302,0.000492903317787734);
#2964=CYLINDRICAL_SURFACE('',#3304,0.0030999994453671);
#2965=CYLINDRICAL_SURFACE('',#3307,0.000125);
#2966=CYLINDRICAL_SURFACE('',#3310,0.00309999944547782);
#2967=CYLINDRICAL_SURFACE('',#3313,0.000125);
#2968=CYLINDRICAL_SURFACE('',#3316,0.00309999944546968);
#2969=CYLINDRICAL_SURFACE('',#3319,0.000125);
#2970=CYLINDRICAL_SURFACE('',#3322,0.00309999944526137);
#2971=CYLINDRICAL_SURFACE('',#3325,0.000125);
#2972=CYLINDRICAL_SURFACE('',#3328,0.00309999944531202);
#2973=CYLINDRICAL_SURFACE('',#3331,0.000125);
#2974=CYLINDRICAL_SURFACE('',#3334,0.00309999972454799);
#2975=CYLINDRICAL_SURFACE('',#3337,0.000125);
#2976=CYLINDRICAL_SURFACE('',#3340,0.00309999972454522);
#2977=CYLINDRICAL_SURFACE('',#3343,0.000124999999999998);
#2978=CYLINDRICAL_SURFACE('',#3346,0.00309999972454127);
#2979=CYLINDRICAL_SURFACE('',#3349,0.000125);
#2980=CYLINDRICAL_SURFACE('',#3352,0.00309999972440458);
#2981=CYLINDRICAL_SURFACE('',#3355,0.000124999999999998);
#2982=CYLINDRICAL_SURFACE('',#3358,0.00309999972456042);
#2983=CYLINDRICAL_SURFACE('',#3361,0.000125000000000001);
#2984=CYLINDRICAL_SURFACE('',#3364,0.00309999944534668);
#2985=CYLINDRICAL_SURFACE('',#3367,0.000125);
#2986=CYLINDRICAL_SURFACE('',#3370,0.00309999944545158);
#2987=CYLINDRICAL_SURFACE('',#3373,0.000125);
#2988=CYLINDRICAL_SURFACE('',#3378,0.00125);
#2989=CYLINDRICAL_SURFACE('',#3391,0.0015);
#2990=CYLINDRICAL_SURFACE('',#3393,0.00368731720200663);
#2991=CYLINDRICAL_SURFACE('',#3394,0.00368731720200663);
#2992=CYLINDRICAL_SURFACE('',#3396,0.00475);
#2993=ADVANCED_FACE('',(#2761,#2762),#2936,.T.);
#2994=ADVANCED_FACE('',(#2763,#2764),#679,.F.);
#2995=ADVANCED_FACE('',(#2765),#2937,.F.);
#2996=ADVANCED_FACE('',(#2766),#12,.T.);
#2997=ADVANCED_FACE('',(#2767),#680,.F.);
#2998=ADVANCED_FACE('',(#2768),#2938,.T.);
#2999=ADVANCED_FACE('',(#2769),#681,.T.);
#3000=ADVANCED_FACE('',(#2770),#13,.F.);
#3001=ADVANCED_FACE('',(#2771),#2939,.F.);
#3002=ADVANCED_FACE('',(#2772),#14,.F.);
#3003=ADVANCED_FACE('',(#2773),#682,.T.);
#3004=ADVANCED_FACE('',(#2774),#2940,.T.);
#3005=ADVANCED_FACE('',(#2775),#683,.F.);
#3006=ADVANCED_FACE('',(#2776),#15,.T.);
#3007=ADVANCED_FACE('',(#2777),#2941,.F.);
#3008=ADVANCED_FACE('',(#2778),#16,.T.);
#3009=ADVANCED_FACE('',(#2779),#17,.T.);
#3010=ADVANCED_FACE('',(#2780),#684,.F.);
#3011=ADVANCED_FACE('',(#2781),#2942,.T.);
#3012=ADVANCED_FACE('',(#2782),#685,.T.);
#3013=ADVANCED_FACE('',(#2783),#18,.T.);
#3014=ADVANCED_FACE('',(#2784),#2943,.F.);
#3015=ADVANCED_FACE('',(#2785),#19,.T.);
#3016=ADVANCED_FACE('',(#2786),#686,.T.);
#3017=ADVANCED_FACE('',(#2787),#2944,.T.);
#3018=ADVANCED_FACE('',(#2788),#687,.F.);
#3019=ADVANCED_FACE('',(#2789),#20,.T.);
#3020=ADVANCED_FACE('',(#2790),#2945,.F.);
#3021=ADVANCED_FACE('',(#2791),#21,.T.);
#3022=ADVANCED_FACE('',(#2792),#688,.T.);
#3023=ADVANCED_FACE('',(#2793),#2946,.T.);
#3024=ADVANCED_FACE('',(#2794),#689,.T.);
#3025=ADVANCED_FACE('',(#2795),#22,.T.);
#3026=ADVANCED_FACE('',(#2796),#2947,.F.);
#3027=ADVANCED_FACE('',(#2797),#23,.T.);
#3028=ADVANCED_FACE('',(#2798),#690,.F.);
#3029=ADVANCED_FACE('',(#2799),#2948,.T.);
#3030=ADVANCED_FACE('',(#2800),#691,.T.);
#3031=ADVANCED_FACE('',(#2801),#24,.T.);
#3032=ADVANCED_FACE('',(#2802),#2949,.F.);
#3033=ADVANCED_FACE('',(#2803),#25,.T.);
#3034=ADVANCED_FACE('',(#2804),#692,.T.);
#3035=ADVANCED_FACE('',(#2805),#2950,.T.);
#3036=ADVANCED_FACE('',(#2806),#693,.T.);
#3037=ADVANCED_FACE('',(#2807),#26,.T.);
#3038=ADVANCED_FACE('',(#2808),#2951,.F.);
#3039=ADVANCED_FACE('',(#2809),#27,.T.);
#3040=ADVANCED_FACE('',(#2810),#694,.T.);
#3041=ADVANCED_FACE('',(#2811),#2952,.T.);
#3042=ADVANCED_FACE('',(#2812),#695,.T.);
#3043=ADVANCED_FACE('',(#2813),#28,.T.);
#3044=ADVANCED_FACE('',(#2814),#2953,.F.);
#3045=ADVANCED_FACE('',(#2815),#29,.F.);
#3046=ADVANCED_FACE('',(#2816),#696,.F.);
#3047=ADVANCED_FACE('',(#2817),#2954,.T.);
#3048=ADVANCED_FACE('',(#2818),#697,.T.);
#3049=ADVANCED_FACE('',(#2819),#30,.F.);
#3050=ADVANCED_FACE('',(#2820),#2955,.F.);
#3051=ADVANCED_FACE('',(#2821),#31,.T.);
#3052=ADVANCED_FACE('',(#2822),#698,.T.);
#3053=ADVANCED_FACE('',(#2823),#2956,.T.);
#3054=ADVANCED_FACE('',(#2824),#699,.F.);
#3055=ADVANCED_FACE('',(#2825),#32,.T.);
#3056=ADVANCED_FACE('',(#2826),#2957,.F.);
#3057=ADVANCED_FACE('',(#2827),#33,.T.);
#3058=ADVANCED_FACE('',(#2828),#700,.T.);
#3059=ADVANCED_FACE('',(#2829),#2958,.T.);
#3060=ADVANCED_FACE('',(#2830),#701,.T.);
#3061=ADVANCED_FACE('',(#2831),#34,.F.);
#3062=ADVANCED_FACE('',(#2832),#2959,.F.);
#3063=ADVANCED_FACE('',(#2833),#35,.T.);
#3064=ADVANCED_FACE('',(#2834),#702,.T.);
#3065=ADVANCED_FACE('',(#2835),#2960,.T.);
#3066=ADVANCED_FACE('',(#2836),#703,.T.);
#3067=ADVANCED_FACE('',(#2837),#36,.T.);
#3068=ADVANCED_FACE('',(#2838),#2961,.F.);
#3069=ADVANCED_FACE('',(#2839),#37,.T.);
#3070=ADVANCED_FACE('',(#2840),#704,.F.);
#3071=ADVANCED_FACE('',(#2841),#2962,.T.);
#3072=ADVANCED_FACE('',(#2842),#2963,.T.);
#3073=ADVANCED_FACE('',(#2843),#38,.T.);
#3074=ADVANCED_FACE('',(#2844),#2964,.F.);
#3075=ADVANCED_FACE('',(#2845),#39,.T.);
#3076=ADVANCED_FACE('',(#2846),#705,.T.);
#3077=ADVANCED_FACE('',(#2847),#2965,.T.);
#3078=ADVANCED_FACE('',(#2848),#706,.T.);
#3079=ADVANCED_FACE('',(#2849),#40,.T.);
#3080=ADVANCED_FACE('',(#2850),#2966,.F.);
#3081=ADVANCED_FACE('',(#2851),#41,.T.);
#3082=ADVANCED_FACE('',(#2852),#707,.F.);
#3083=ADVANCED_FACE('',(#2853),#2967,.T.);
#3084=ADVANCED_FACE('',(#2854),#708,.T.);
#3085=ADVANCED_FACE('',(#2855),#42,.T.);
#3086=ADVANCED_FACE('',(#2856),#2968,.F.);
#3087=ADVANCED_FACE('',(#2857),#43,.T.);
#3088=ADVANCED_FACE('',(#2858),#709,.T.);
#3089=ADVANCED_FACE('',(#2859),#2969,.T.);
#3090=ADVANCED_FACE('',(#2860),#710,.F.);
#3091=ADVANCED_FACE('',(#2861),#44,.T.);
#3092=ADVANCED_FACE('',(#2862),#2970,.F.);
#3093=ADVANCED_FACE('',(#2863),#45,.T.);
#3094=ADVANCED_FACE('',(#2864),#711,.T.);
#3095=ADVANCED_FACE('',(#2865),#2971,.T.);
#3096=ADVANCED_FACE('',(#2866),#712,.T.);
#3097=ADVANCED_FACE('',(#2867),#46,.T.);
#3098=ADVANCED_FACE('',(#2868),#2972,.F.);
#3099=ADVANCED_FACE('',(#2869),#47,.T.);
#3100=ADVANCED_FACE('',(#2870),#713,.F.);
#3101=ADVANCED_FACE('',(#2871),#2973,.T.);
#3102=ADVANCED_FACE('',(#2872),#714,.T.);
#3103=ADVANCED_FACE('',(#2873),#48,.T.);
#3104=ADVANCED_FACE('',(#2874),#2974,.F.);
#3105=ADVANCED_FACE('',(#2875),#49,.F.);
#3106=ADVANCED_FACE('',(#2876),#715,.T.);
#3107=ADVANCED_FACE('',(#2877),#2975,.T.);
#3108=ADVANCED_FACE('',(#2878),#716,.T.);
#3109=ADVANCED_FACE('',(#2879),#50,.T.);
#3110=ADVANCED_FACE('',(#2880),#2976,.F.);
#3111=ADVANCED_FACE('',(#2881),#51,.T.);
#3112=ADVANCED_FACE('',(#2882),#717,.T.);
#3113=ADVANCED_FACE('',(#2883),#2977,.T.);
#3114=ADVANCED_FACE('',(#2884),#718,.T.);
#3115=ADVANCED_FACE('',(#2885),#52,.T.);
#3116=ADVANCED_FACE('',(#2886),#2978,.F.);
#3117=ADVANCED_FACE('',(#2887),#53,.F.);
#3118=ADVANCED_FACE('',(#2888),#719,.F.);
#3119=ADVANCED_FACE('',(#2889),#2979,.T.);
#3120=ADVANCED_FACE('',(#2890),#720,.T.);
#3121=ADVANCED_FACE('',(#2891),#54,.F.);
#3122=ADVANCED_FACE('',(#2892),#2980,.F.);
#3123=ADVANCED_FACE('',(#2893),#55,.T.);
#3124=ADVANCED_FACE('',(#2894),#721,.T.);
#3125=ADVANCED_FACE('',(#2895),#2981,.T.);
#3126=ADVANCED_FACE('',(#2896),#722,.F.);
#3127=ADVANCED_FACE('',(#2897),#56,.T.);
#3128=ADVANCED_FACE('',(#2898),#2982,.F.);
#3129=ADVANCED_FACE('',(#2899),#57,.T.);
#3130=ADVANCED_FACE('',(#2900),#723,.T.);
#3131=ADVANCED_FACE('',(#2901),#2983,.T.);
#3132=ADVANCED_FACE('',(#2902),#724,.T.);
#3133=ADVANCED_FACE('',(#2903),#58,.F.);
#3134=ADVANCED_FACE('',(#2904),#2984,.F.);
#3135=ADVANCED_FACE('',(#2905),#59,.T.);
#3136=ADVANCED_FACE('',(#2906),#725,.T.);
#3137=ADVANCED_FACE('',(#2907),#2985,.T.);
#3138=ADVANCED_FACE('',(#2908),#726,.T.);
#3139=ADVANCED_FACE('',(#2909),#60,.T.);
#3140=ADVANCED_FACE('',(#2910),#2986,.F.);
#3141=ADVANCED_FACE('',(#2911),#61,.T.);
#3142=ADVANCED_FACE('',(#2912),#727,.T.);
#3143=ADVANCED_FACE('',(#2913),#2987,.T.);
#3144=ADVANCED_FACE('',(#2914),#728,.T.);
#3145=ADVANCED_FACE('',(#2915),#62,.T.);
#3146=ADVANCED_FACE('',(#2916,#2917),#729,.F.);
#3147=ADVANCED_FACE('',(#2918,#2919),#2988,.F.);
#3148=ADVANCED_FACE('',(#2920,#2921),#730,.T.);
#3149=ADVANCED_FACE('',(#2922,#2923,#2924),#731,.F.);
#3150=ADVANCED_FACE('',(#2925,#2926,#2927),#732,.F.);
#3151=ADVANCED_FACE('',(#2928,#2929),#2989,.F.);
#3152=ADVANCED_FACE('',(#2930),#733,.T.);
#3153=ADVANCED_FACE('',(#2931,#2932),#2990,.F.);
#3154=ADVANCED_FACE('',(#2933),#2991,.T.);
#3155=ADVANCED_FACE('',(#2934),#734,.F.);
#3156=ADVANCED_FACE('',(#2935),#2992,.T.);
#3157=CLOSED_SHELL('',(#2993,#2994,#2995,#2996,#2997,#2998,#2999,#3000,
#3001,#3002,#3003,#3004,#3005,#3006,#3007,#3008,#3009,#3010,#3011,#3012,
#3013,#3014,#3015,#3016,#3017,#3018,#3019,#3020,#3021,#3022,#3023,#3024,
#3025,#3026,#3027,#3028,#3029,#3030,#3031,#3032,#3033,#3034,#3035,#3036,
#3037,#3038,#3039,#3040,#3041,#3042,#3043,#3044,#3045,#3046,#3047,#3048,
#3049,#3050,#3051,#3052,#3053,#3054,#3055,#3056,#3057,#3058,#3059,#3060,
#3061,#3062,#3063,#3064,#3065,#3066,#3067,#3068,#3069,#3070,#3071,#3072,
#3073,#3074,#3075,#3076,#3077,#3078,#3079,#3080,#3081,#3082,#3083,#3084,
#3085,#3086,#3087,#3088,#3089,#3090,#3091,#3092,#3093,#3094,#3095,#3096,
#3097,#3098,#3099,#3100,#3101,#3102,#3103,#3104,#3105,#3106,#3107,#3108,
#3109,#3110,#3111,#3112,#3113,#3114,#3115,#3116,#3117,#3118,#3119,#3120,
#3121,#3122,#3123,#3124,#3125,#3126,#3127,#3128,#3129,#3130,#3131,#3132,
#3133,#3134,#3135,#3136,#3137,#3138,#3139,#3140,#3141,#3142,#3143,#3144,
#3145,#3146,#3147,#3148,#3149,#3150,#3151,#3152,#3153,#3154,#3155,#3156));
#3158=STYLED_ITEM('',(#3159),#3166);
#3159=PRESENTATION_STYLE_ASSIGNMENT((#3160));
#3160=SURFACE_STYLE_USAGE(.BOTH.,#3161);
#3161=SURFACE_SIDE_STYLE('',(#3162));
#3162=SURFACE_STYLE_FILL_AREA(#3163);
#3163=FILL_AREA_STYLE('',(#3164));
#3164=FILL_AREA_STYLE_COLOUR('',#3165);
#3165=COLOUR_RGB('',0.905882352941176,0.184313725490196,0.51764705882353);
#3166=MANIFOLD_SOLID_BREP('Part 6',#3157);
#3167=SHAPE_DEFINITION_REPRESENTATION(#6038,#3168);
#3168=SHAPE_REPRESENTATION('Part 6',(#3169),#6033);
#3169=AXIS2_PLACEMENT_3D('',#4110,#3397,#3398);
#3170=AXIS2_PLACEMENT_3D('',#4111,#3399,#3400);
#3171=AXIS2_PLACEMENT_3D('',#4112,#3401,#3402);
#3172=AXIS2_PLACEMENT_3D('',#4114,#3403,#3404);
#3173=AXIS2_PLACEMENT_3D('',#4116,#3405,#3406);
#3174=AXIS2_PLACEMENT_3D('',#4125,#3407,#3408);
#3175=AXIS2_PLACEMENT_3D('',#4136,#3410,#3411);
#3176=AXIS2_PLACEMENT_3D('',#4149,#3413,#3414);
#3177=AXIS2_PLACEMENT_3D('',#4162,#3416,#3417);
#3178=AXIS2_PLACEMENT_3D('',#4173,#3419,#3420);
#3179=AXIS2_PLACEMENT_3D('',#4200,#3422,#3423);
#3180=AXIS2_PLACEMENT_3D('',#4211,#3425,#3426);
#3181=AXIS2_PLACEMENT_3D('',#4222,#3428,#3429);
#3182=AXIS2_PLACEMENT_3D('',#4233,#3431,#3432);
#3183=AXIS2_PLACEMENT_3D('',#4244,#3434,#3435);
#3184=AXIS2_PLACEMENT_3D('',#4255,#3437,#3438);
#3185=AXIS2_PLACEMENT_3D('',#4266,#3440,#3441);
#3186=AXIS2_PLACEMENT_3D('',#4277,#3443,#3444);
#3187=AXIS2_PLACEMENT_3D('',#4288,#3446,#3447);
#3188=AXIS2_PLACEMENT_3D('',#4299,#3449,#3450);
#3189=AXIS2_PLACEMENT_3D('',#4310,#3452,#3453);
#3190=AXIS2_PLACEMENT_3D('',#4321,#3455,#3456);
#3191=AXIS2_PLACEMENT_3D('',#4334,#3458,#3459);
#3192=AXIS2_PLACEMENT_3D('',#4347,#3461,#3462);
#3193=AXIS2_PLACEMENT_3D('',#4358,#3464,#3465);
#3194=AXIS2_PLACEMENT_3D('',#4372,#3467,#3468);
#3195=AXIS2_PLACEMENT_3D('',#4383,#3470,#3471);
#3196=AXIS2_PLACEMENT_3D('',#4396,#3473,#3474);
#3197=AXIS2_PLACEMENT_3D('',#4407,#3476,#3477);
#3198=AXIS2_PLACEMENT_3D('',#4418,#3479,#3480);
#3199=AXIS2_PLACEMENT_3D('',#4429,#3482,#3483);
#3200=AXIS2_PLACEMENT_3D('',#4431,#3484,#3485);
#3201=AXIS2_PLACEMENT_3D('',#4443,#3486,#3487);
#3202=AXIS2_PLACEMENT_3D('',#4454,#3489,#3490);
#3203=AXIS2_PLACEMENT_3D('',#4465,#3492,#3493);
#3204=AXIS2_PLACEMENT_3D('',#4479,#3495,#3496);
#3205=AXIS2_PLACEMENT_3D('',#4490,#3498,#3499);
#3206=AXIS2_PLACEMENT_3D('',#4501,#3501,#3502);
#3207=AXIS2_PLACEMENT_3D('',#4512,#3504,#3505);
#3208=AXIS2_PLACEMENT_3D('',#4523,#3507,#3508);
#3209=AXIS2_PLACEMENT_3D('',#4534,#3510,#3511);
#3210=AXIS2_PLACEMENT_3D('',#4545,#3513,#3514);
#3211=AXIS2_PLACEMENT_3D('',#4556,#3516,#3517);
#3212=AXIS2_PLACEMENT_3D('',#4569,#3519,#3520);
#3213=AXIS2_PLACEMENT_3D('',#4580,#3522,#3523);
#3214=AXIS2_PLACEMENT_3D('',#4591,#3525,#3526);
#3215=AXIS2_PLACEMENT_3D('',#4602,#3528,#3529);
#3216=AXIS2_PLACEMENT_3D('',#4615,#3531,#3532);
#3217=AXIS2_PLACEMENT_3D('',#4628,#3534,#3535);
#3218=AXIS2_PLACEMENT_3D('',#4639,#3537,#3538);
#3219=AXIS2_PLACEMENT_3D('',#4653,#3540,#3541);
#3220=AXIS2_PLACEMENT_3D('',#4664,#3543,#3544);
#3221=AXIS2_PLACEMENT_3D('',#4677,#3546,#3547);
#3222=AXIS2_PLACEMENT_3D('',#4688,#3549,#3550);
#3223=AXIS2_PLACEMENT_3D('',#4699,#3552,#3553);
#3224=AXIS2_PLACEMENT_3D('',#4710,#3555,#3556);
#3225=AXIS2_PLACEMENT_3D('',#4713,#3558,#3559);
#3226=AXIS2_PLACEMENT_3D('',#4714,#3560,#3561);
#3227=AXIS2_PLACEMENT_3D('',#4735,#3565,#3566);
#3228=AXIS2_PLACEMENT_3D('',#4739,#3569,#3570);
#3229=AXIS2_PLACEMENT_3D('',#4740,#3571,#3572);
#3230=AXIS2_PLACEMENT_3D('',#4743,#3574,#3575);
#3231=AXIS2_PLACEMENT_3D('',#4767,#3579,#3580);
#3232=AXIS2_PLACEMENT_3D('',#4768,#3581,#3582);
#3233=AXIS2_PLACEMENT_3D('',#4791,#3585,#3586);
#3234=AXIS2_PLACEMENT_3D('',#4795,#3589,#3590);
#3235=AXIS2_PLACEMENT_3D('',#4796,#3591,#3592);
#3236=AXIS2_PLACEMENT_3D('',#4799,#3594,#3595);
#3237=AXIS2_PLACEMENT_3D('',#4819,#3599,#3600);
#3238=AXIS2_PLACEMENT_3D('',#4820,#3601,#3602);
#3239=AXIS2_PLACEMENT_3D('',#4864,#3606,#3607);
#3240=AXIS2_PLACEMENT_3D('',#4868,#3610,#3611);
#3241=AXIS2_PLACEMENT_3D('',#4869,#3612,#3613);
#3242=AXIS2_PLACEMENT_3D('',#4872,#3615,#3616);
#3243=AXIS2_PLACEMENT_3D('',#4892,#3620,#3621);
#3244=AXIS2_PLACEMENT_3D('',#4893,#3622,#3623);
#3245=AXIS2_PLACEMENT_3D('',#4912,#3626,#3627);
#3246=AXIS2_PLACEMENT_3D('',#4916,#3630,#3631);
#3247=AXIS2_PLACEMENT_3D('',#4917,#3632,#3633);
#3248=AXIS2_PLACEMENT_3D('',#4920,#3635,#3636);
#3249=AXIS2_PLACEMENT_3D('',#4940,#3640,#3641);
#3250=AXIS2_PLACEMENT_3D('',#4941,#3642,#3643);
#3251=AXIS2_PLACEMENT_3D('',#4960,#3646,#3647);
#3252=AXIS2_PLACEMENT_3D('',#4964,#3650,#3651);
#3253=AXIS2_PLACEMENT_3D('',#4965,#3652,#3653);
#3254=AXIS2_PLACEMENT_3D('',#4968,#3655,#3656);
#3255=AXIS2_PLACEMENT_3D('',#4988,#3660,#3661);
#3256=AXIS2_PLACEMENT_3D('',#4989,#3662,#3663);
#3257=AXIS2_PLACEMENT_3D('',#5008,#3666,#3667);
#3258=AXIS2_PLACEMENT_3D('',#5012,#3670,#3671);
#3259=AXIS2_PLACEMENT_3D('',#5013,#3672,#3673);
#3260=AXIS2_PLACEMENT_3D('',#5016,#3675,#3676);
#3261=AXIS2_PLACEMENT_3D('',#5036,#3680,#3681);
#3262=AXIS2_PLACEMENT_3D('',#5037,#3682,#3683);
#3263=AXIS2_PLACEMENT_3D('',#5056,#3686,#3687);
#3264=AXIS2_PLACEMENT_3D('',#5060,#3690,#3691);
#3265=AXIS2_PLACEMENT_3D('',#5061,#3692,#3693);
#3266=AXIS2_PLACEMENT_3D('',#5064,#3695,#3696);
#3267=AXIS2_PLACEMENT_3D('',#5084,#3700,#3701);
#3268=AXIS2_PLACEMENT_3D('',#5085,#3702,#3703);
#3269=AXIS2_PLACEMENT_3D('',#5104,#3706,#3707);
#3270=AXIS2_PLACEMENT_3D('',#5108,#3710,#3711);
#3271=AXIS2_PLACEMENT_3D('',#5109,#3712,#3713);
#3272=AXIS2_PLACEMENT_3D('',#5112,#3715,#3716);
#3273=AXIS2_PLACEMENT_3D('',#5132,#3720,#3721);
#3274=AXIS2_PLACEMENT_3D('',#5133,#3722,#3723);
#3275=AXIS2_PLACEMENT_3D('',#5156,#3726,#3727);
#3276=AXIS2_PLACEMENT_3D('',#5160,#3730,#3731);
#3277=AXIS2_PLACEMENT_3D('',#5161,#3732,#3733);
#3278=AXIS2_PLACEMENT_3D('',#5164,#3735,#3736);
#3279=AXIS2_PLACEMENT_3D('',#5188,#3740,#3741);
#3280=AXIS2_PLACEMENT_3D('',#5189,#3742,#3743);
#3281=AXIS2_PLACEMENT_3D('',#5208,#3746,#3747);
#3282=AXIS2_PLACEMENT_3D('',#5212,#3750,#3751);
#3283=AXIS2_PLACEMENT_3D('',#5213,#3752,#3753);
#3284=AXIS2_PLACEMENT_3D('',#5216,#3755,#3756);
#3285=AXIS2_PLACEMENT_3D('',#5242,#3760,#3761);
#3286=AXIS2_PLACEMENT_3D('',#5243,#3762,#3763);
#3287=AXIS2_PLACEMENT_3D('',#5262,#3766,#3767);
#3288=AXIS2_PLACEMENT_3D('',#5266,#3770,#3771);
#3289=AXIS2_PLACEMENT_3D('',#5267,#3772,#3773);
#3290=AXIS2_PLACEMENT_3D('',#5270,#3775,#3776);
#3291=AXIS2_PLACEMENT_3D('',#5294,#3780,#3781);
#3292=AXIS2_PLACEMENT_3D('',#5295,#3782,#3783);
#3293=AXIS2_PLACEMENT_3D('',#5314,#3786,#3787);
#3294=AXIS2_PLACEMENT_3D('',#5318,#3790,#3791);
#3295=AXIS2_PLACEMENT_3D('',#5319,#3792,#3793);
#3296=AXIS2_PLACEMENT_3D('',#5322,#3795,#3796);
#3297=AXIS2_PLACEMENT_3D('',#5342,#3800,#3801);
#3298=AXIS2_PLACEMENT_3D('',#5343,#3802,#3803);
#3299=AXIS2_PLACEMENT_3D('',#5362,#3806,#3807);
#3300=AXIS2_PLACEMENT_3D('',#5366,#3810,#3811);
#3301=AXIS2_PLACEMENT_3D('',#5367,#3812,#3813);
#3302=AXIS2_PLACEMENT_3D('',#5370,#3815,#3816);
#3303=AXIS2_PLACEMENT_3D('',#5371,#3817,#3818);
#3304=AXIS2_PLACEMENT_3D('',#5393,#3821,#3822);
#3305=AXIS2_PLACEMENT_3D('',#5394,#3823,#3824);
#3306=AXIS2_PLACEMENT_3D('',#5413,#3827,#3828);
#3307=AXIS2_PLACEMENT_3D('',#5417,#3831,#3832);
#3308=AXIS2_PLACEMENT_3D('',#5418,#3833,#3834);
#3309=AXIS2_PLACEMENT_3D('',#5421,#3836,#3837);
#3310=AXIS2_PLACEMENT_3D('',#5441,#3841,#3842);
#3311=AXIS2_PLACEMENT_3D('',#5442,#3843,#3844);
#3312=AXIS2_PLACEMENT_3D('',#5464,#3847,#3848);
#3313=AXIS2_PLACEMENT_3D('',#5468,#3851,#3852);
#3314=AXIS2_PLACEMENT_3D('',#5469,#3853,#3854);
#3315=AXIS2_PLACEMENT_3D('',#5472,#3856,#3857);
#3316=AXIS2_PLACEMENT_3D('',#5492,#3861,#3862);
#3317=AXIS2_PLACEMENT_3D('',#5493,#3863,#3864);
#3318=AXIS2_PLACEMENT_3D('',#5512,#3867,#3868);
#3319=AXIS2_PLACEMENT_3D('',#5516,#3871,#3872);
#3320=AXIS2_PLACEMENT_3D('',#5517,#3873,#3874);
#3321=AXIS2_PLACEMENT_3D('',#5520,#3876,#3877);
#3322=AXIS2_PLACEMENT_3D('',#5540,#3881,#3882);
#3323=AXIS2_PLACEMENT_3D('',#5541,#3883,#3884);
#3324=AXIS2_PLACEMENT_3D('',#5560,#3887,#3888);
#3325=AXIS2_PLACEMENT_3D('',#5564,#3891,#3892);
#3326=AXIS2_PLACEMENT_3D('',#5565,#3893,#3894);
#3327=AXIS2_PLACEMENT_3D('',#5568,#3896,#3897);
#3328=AXIS2_PLACEMENT_3D('',#5588,#3901,#3902);
#3329=AXIS2_PLACEMENT_3D('',#5589,#3903,#3904);
#3330=AXIS2_PLACEMENT_3D('',#5608,#3907,#3908);
#3331=AXIS2_PLACEMENT_3D('',#5612,#3911,#3912);
#3332=AXIS2_PLACEMENT_3D('',#5613,#3913,#3914);
#3333=AXIS2_PLACEMENT_3D('',#5616,#3916,#3917);
#3334=AXIS2_PLACEMENT_3D('',#5636,#3921,#3922);
#3335=AXIS2_PLACEMENT_3D('',#5637,#3923,#3924);
#3336=AXIS2_PLACEMENT_3D('',#5660,#3927,#3928);
#3337=AXIS2_PLACEMENT_3D('',#5664,#3931,#3932);
#3338=AXIS2_PLACEMENT_3D('',#5665,#3933,#3934);
#3339=AXIS2_PLACEMENT_3D('',#5668,#3936,#3937);
#3340=AXIS2_PLACEMENT_3D('',#5688,#3941,#3942);
#3341=AXIS2_PLACEMENT_3D('',#5689,#3943,#3944);
#3342=AXIS2_PLACEMENT_3D('',#5708,#3947,#3948);
#3343=AXIS2_PLACEMENT_3D('',#5712,#3951,#3952);
#3344=AXIS2_PLACEMENT_3D('',#5713,#3953,#3954);
#3345=AXIS2_PLACEMENT_3D('',#5716,#3956,#3957);
#3346=AXIS2_PLACEMENT_3D('',#5736,#3961,#3962);
#3347=AXIS2_PLACEMENT_3D('',#5737,#3963,#3964);
#3348=AXIS2_PLACEMENT_3D('',#5760,#3967,#3968);
#3349=AXIS2_PLACEMENT_3D('',#5764,#3971,#3972);
#3350=AXIS2_PLACEMENT_3D('',#5765,#3973,#3974);
#3351=AXIS2_PLACEMENT_3D('',#5768,#3976,#3977);
#3352=AXIS2_PLACEMENT_3D('',#5792,#3981,#3982);
#3353=AXIS2_PLACEMENT_3D('',#5793,#3983,#3984);
#3354=AXIS2_PLACEMENT_3D('',#5812,#3987,#3988);
#3355=AXIS2_PLACEMENT_3D('',#5816,#3991,#3992);
#3356=AXIS2_PLACEMENT_3D('',#5817,#3993,#3994);
#3357=AXIS2_PLACEMENT_3D('',#5820,#3996,#3997);
#3358=AXIS2_PLACEMENT_3D('',#5843,#4001,#4002);
#3359=AXIS2_PLACEMENT_3D('',#5844,#4003,#4004);
#3360=AXIS2_PLACEMENT_3D('',#5863,#4007,#4008);
#3361=AXIS2_PLACEMENT_3D('',#5867,#4011,#4012);
#3362=AXIS2_PLACEMENT_3D('',#5868,#4013,#4014);
#3363=AXIS2_PLACEMENT_3D('',#5871,#4016,#4017);
#3364=AXIS2_PLACEMENT_3D('',#5895,#4021,#4022);
#3365=AXIS2_PLACEMENT_3D('',#5896,#4023,#4024);
#3366=AXIS2_PLACEMENT_3D('',#5915,#4027,#4028);
#3367=AXIS2_PLACEMENT_3D('',#5919,#4031,#4032);
#3368=AXIS2_PLACEMENT_3D('',#5920,#4033,#4034);
#3369=AXIS2_PLACEMENT_3D('',#5923,#4036,#4037);
#3370=AXIS2_PLACEMENT_3D('',#5943,#4041,#4042);
#3371=AXIS2_PLACEMENT_3D('',#5944,#4043,#4044);
#3372=AXIS2_PLACEMENT_3D('',#5963,#4047,#4048);
#3373=AXIS2_PLACEMENT_3D('',#5967,#4051,#4052);
#3374=AXIS2_PLACEMENT_3D('',#5968,#4053,#4054);
#3375=AXIS2_PLACEMENT_3D('',#5971,#4056,#4057);
#3376=AXIS2_PLACEMENT_3D('',#5989,#4060,#4061);
#3377=AXIS2_PLACEMENT_3D('',#5990,#4062,#4063);
#3378=AXIS2_PLACEMENT_3D('',#5992,#4064,#4065);
#3379=AXIS2_PLACEMENT_3D('',#5993,#4066,#4067);
#3380=AXIS2_PLACEMENT_3D('',#5995,#4068,#4069);
#3381=AXIS2_PLACEMENT_3D('',#5996,#4070,#4071);
#3382=AXIS2_PLACEMENT_3D('',#5998,#4072,#4073);
#3383=AXIS2_PLACEMENT_3D('',#6002,#4075,#4076);
#3384=AXIS2_PLACEMENT_3D('',#6006,#4078,#4079);
#3385=AXIS2_PLACEMENT_3D('',#6007,#4080,#4081);
#3386=AXIS2_PLACEMENT_3D('',#6009,#4082,#4083);
#3387=AXIS2_PLACEMENT_3D('',#6011,#4084,#4085);
#3388=AXIS2_PLACEMENT_3D('',#6012,#4086,#4087);
#3389=AXIS2_PLACEMENT_3D('',#6017,#4089,#4090);
#3390=AXIS2_PLACEMENT_3D('',#6020,#4092,#4093);
#3391=AXIS2_PLACEMENT_3D('',#6022,#4094,#4095);
#3392=AXIS2_PLACEMENT_3D('',#6023,#4096,#4097);
#3393=AXIS2_PLACEMENT_3D('',#6026,#4100,#4101);
#3394=AXIS2_PLACEMENT_3D('',#6027,#4102,#4103);
#3395=AXIS2_PLACEMENT_3D('',#6029,#4105,#4106);
#3396=AXIS2_PLACEMENT_3D('',#6031,#4108,#4109);
#3397=DIRECTION('',(0.,0.,1.));
#3398=DIRECTION('',(1.,0.,0.));
#3399=DIRECTION('',(0.,-1.,0.));
#3400=DIRECTION('',(0.,0.,-1.));
#3401=DIRECTION('',(0.,1.,0.));
#3402=DIRECTION('',(0.,0.,1.));
#3403=DIRECTION('',(0.,1.,0.));
#3404=DIRECTION('',(0.,0.,1.));
#3405=DIRECTION('',(0.,1.,0.));
#3406=DIRECTION('',(-1.,0.,0.));
#3407=DIRECTION('',(0.,1.,0.));
#3408=DIRECTION('',(0.,0.,1.));
#3409=DIRECTION('',(-0.108861619785419,0.,0.994056913731651));
#3410=DIRECTION('',(0.,1.,0.));
#3411=DIRECTION('',(0.,0.,1.));
#3412=DIRECTION('',(0.57428673505353,0.,0.818654228561459));
#3413=DIRECTION('',(0.,1.,0.));
#3414=DIRECTION('',(0.,0.,1.));
#3415=DIRECTION('',(-0.14177036991971,0.,-0.989899571781314));
#3416=DIRECTION('',(0.,1.,0.));
#3417=DIRECTION('',(0.,0.,1.));
#3418=DIRECTION('',(-0.759835488957789,0.,-0.650115397233659));
#3419=DIRECTION('',(0.,1.,0.));
#3420=DIRECTION('',(0.,0.,1.));
#3421=DIRECTION('',(0.383494405868023,0.,0.923543199134687));
#3422=DIRECTION('',(0.,1.,0.));
#3423=DIRECTION('',(0.,0.,1.));
#3424=DIRECTION('',(0.897640984616378,0.,0.440727424534642));
#3425=DIRECTION('',(0.,1.,0.));
#3426=DIRECTION('',(0.,0.,1.));
#3427=DIRECTION('',(-0.601122077890291,0.,-0.799157210736949));
#3428=DIRECTION('',(0.,1.,0.));
#3429=DIRECTION('',(0.,0.,1.));
#3430=DIRECTION('',(-0.979044395913149,0.,-0.203646926888322));
#3431=DIRECTION('',(0.,1.,0.));
#3432=DIRECTION('',(0.,0.,1.));
#3433=DIRECTION('',(-0.780979038992326,0.,-0.624557235691512));
#3434=DIRECTION('',(0.,1.,0.));
#3435=DIRECTION('',(0.,0.,1.));
#3436=DIRECTION('',(0.998930847147434,0.,-0.0462294561649884));
#3437=DIRECTION('',(0.,1.,0.));
#3438=DIRECTION('',(0.,0.,1.));
#3439=DIRECTION('',(0.911764214831488,0.,0.41071403257342));
#3440=DIRECTION('',(0.,1.,0.));
#3441=DIRECTION('',(0.,0.,1.));
#3442=DIRECTION('',(0.956050799441598,0.,-0.293201072452135));
#3443=DIRECTION('',(0.,1.,0.));
#3444=DIRECTION('',(0.,0.,1.));
#3445=DIRECTION('',(-0.985259891824412,0.,-0.171064156275204));
#3446=DIRECTION('',(0.,1.,0.));
#3447=DIRECTION('',(0.,0.,1.));
#3448=DIRECTION('',(0.853098563897959,0.,-0.521749787038999));
#3449=DIRECTION('',(0.,1.,0.));
#3450=DIRECTION('',(0.,0.,1.));
#3451=DIRECTION('',(-0.996848066278575,0.,0.0793343100850146));
#3452=DIRECTION('',(0.,1.,0.));
#3453=DIRECTION('',(0.,0.,1.));
#3454=DIRECTION('',(0.696543008107558,0.,-0.717515043644713));
#3455=DIRECTION('',(0.,1.,0.));
#3456=DIRECTION('',(0.,0.,1.));
#3457=DIRECTION('',(0.945800610579181,0.,-0.324747909967176));
#3458=DIRECTION('',(0.,1.,0.));
#3459=DIRECTION('',(0.,0.,1.));
#3460=DIRECTION('',(0.496221093411809,0.,-0.868196191222462));
#3461=DIRECTION('',(0.,1.,0.));
#3462=DIRECTION('',(0.,0.,1.));
#3463=DIRECTION('',(-0.835325024102934,0.,0.549756404335077));
#3464=DIRECTION('',(0.,1.,0.));
#3465=DIRECTION('',(0.,0.,1.));
#3466=DIRECTION('',(-0.264719782468033,0.,0.964325379096743));
#3467=DIRECTION('',(0.,1.,0.));
#3468=DIRECTION('',(0.,0.,1.));
#3469=DIRECTION('',(-0.672362894253232,0.,0.740221681951709));
#3470=DIRECTION('',(0.,1.,0.));
#3471=DIRECTION('',(0.,0.,1.));
#3472=DIRECTION('',(0.0165851539728997,0.,-0.999862456874792));
#3473=DIRECTION('',(0.,1.,0.));
#3474=DIRECTION('',(0.,0.,1.));
#3475=DIRECTION('',(-0.467153730979831,0.,0.884176108946416));
#3476=DIRECTION('',(0.,1.,0.));
#3477=DIRECTION('',(0.,0.,1.));
#3478=DIRECTION('',(-0.232591580717699,0.,-0.972574499243756));
#3479=DIRECTION('',(0.,1.,0.));
#3480=DIRECTION('',(0.,0.,1.));
#3481=DIRECTION('',(0.232591580693123,0.,-0.972574499249633));
#3482=DIRECTION('',(0.,1.,0.));
#3483=DIRECTION('',(0.,0.,1.));
#3484=DIRECTION('',(0.,-1.,0.));
#3485=DIRECTION('',(0.,0.,1.));
#3486=DIRECTION('',(0.,1.,0.));
#3487=DIRECTION('',(0.,0.,1.));
#3488=DIRECTION('',(0.0165851539728255,0.,0.999862456874793));
#3489=DIRECTION('',(0.,1.,0.));
#3490=DIRECTION('',(0.,0.,1.));
#3491=DIRECTION('',(-0.672362894253203,0.,-0.740221681951735));
#3492=DIRECTION('',(0.,1.,0.));
#3493=DIRECTION('',(0.,0.,1.));
#3494=DIRECTION('',(-0.264719782447658,0.,-0.964325379102336));
#3495=DIRECTION('',(0.,1.,0.));
#3496=DIRECTION('',(0.,0.,1.));
#3497=DIRECTION('',(-0.835325024102917,0.,-0.549756404335103));
#3498=DIRECTION('',(0.,1.,0.));
#3499=DIRECTION('',(0.,0.,1.));
#3500=DIRECTION('',(0.496221093411751,0.,0.868196191222495));
#3501=DIRECTION('',(0.,1.,0.));
#3502=DIRECTION('',(0.,0.,1.));
#3503=DIRECTION('',(0.945800610577235,0.,0.324747909972842));
#3504=DIRECTION('',(0.,1.,0.));
#3505=DIRECTION('',(0.,0.,1.));
#3506=DIRECTION('',(0.696543008107534,0.,0.717515043644736));
#3507=DIRECTION('',(0.,1.,0.));
#3508=DIRECTION('',(0.,0.,1.));
#3509=DIRECTION('',(-0.996848066278572,0.,-0.0793343100850597));
#3510=DIRECTION('',(0.,1.,0.));
#3511=DIRECTION('',(0.,0.,1.));
#3512=DIRECTION('',(-0.853098563902069,0.,-0.521749787032279));
#3513=DIRECTION('',(0.,1.,0.));
#3514=DIRECTION('',(0.,0.,1.));
#3515=DIRECTION('',(-0.985259891824417,0.,0.171064156275176));
#3516=DIRECTION('',(0.,-1.,0.));
#3517=DIRECTION('',(0.,0.,1.));
#3518=DIRECTION('',(0.956050799441588,0.,0.293201072452166));
#3519=DIRECTION('',(0.,1.,0.));
#3520=DIRECTION('',(0.,0.,1.));
#3521=DIRECTION('',(-0.911764214834525,0.,0.410714032566679));
#3522=DIRECTION('',(0.,-1.,0.));
#3523=DIRECTION('',(0.,0.,1.));
#3524=DIRECTION('',(0.998930847147431,0.,0.0462294561650527));
#3525=DIRECTION('',(0.,1.,0.));
#3526=DIRECTION('',(0.,0.,1.));
#3527=DIRECTION('',(-0.780979038992358,0.,0.624557235691472));
#3528=DIRECTION('',(0.,-1.,0.));
#3529=DIRECTION('',(0.,0.,1.));
#3530=DIRECTION('',(-0.979044395914766,0.,0.203646926880547));
#3531=DIRECTION('',(0.,1.,0.));
#3532=DIRECTION('',(0.,0.,1.));
#3533=DIRECTION('',(-0.601122077890304,0.,0.799157210736938));
#3534=DIRECTION('',(0.,-1.,0.));
#3535=DIRECTION('',(0.,0.,1.));
#3536=DIRECTION('',(0.897640984616397,0.,-0.440727424534606));
#3537=DIRECTION('',(0.,1.,0.));
#3538=DIRECTION('',(0.,0.,1.));
#3539=DIRECTION('',(0.383494405873154,0.,-0.923543199132556));
#3540=DIRECTION('',(0.,-1.,0.));
#3541=DIRECTION('',(0.,0.,1.));
#3542=DIRECTION('',(0.759835488960404,0.,-0.650115397230602));
#3543=DIRECTION('',(0.,1.,0.));
#3544=DIRECTION('',(0.,0.,1.));
#3545=DIRECTION('',(-0.141770369919723,0.,0.989899571781312));
#3546=DIRECTION('',(0.,1.,0.));
#3547=DIRECTION('',(0.,0.,1.));
#3548=DIRECTION('',(0.574286735053567,0.,-0.818654228561433));
#3549=DIRECTION('',(0.,1.,0.));
#3550=DIRECTION('',(0.,0.,1.));
#3551=DIRECTION('',(0.108861619759608,0.,0.994056913734477));
#3552=DIRECTION('',(0.,1.,0.));
#3553=DIRECTION('',(0.,0.,1.));
#3554=DIRECTION('',(0.352653433504469,0.,-0.935754003912091));
#3555=DIRECTION('',(0.,1.,0.));
#3556=DIRECTION('',(0.,0.,1.));
#3557=DIRECTION('',(0.35265343350444,0.,0.935754003912102));
#3558=DIRECTION('',(0.,-1.,0.));
#3559=DIRECTION('',(0.,0.,-1.));
#3560=DIRECTION('',(0.,-1.,0.));
#3561=DIRECTION('',(0.,0.,-1.));
#3562=DIRECTION('',(0.,-1.,0.));
#3563=DIRECTION('',(0.,-1.,0.));
#3564=DIRECTION('',(0.,-1.,0.));
#3565=DIRECTION('',(0.994056913731651,0.,0.108861619785419));
#3566=DIRECTION('',(0.108861619785419,0.,-0.994056913731651));
#3567=DIRECTION('',(0.108861619785419,0.,-0.994056913731651));
#3568=DIRECTION('',(0.,-1.,0.));
#3569=DIRECTION('',(0.,-1.,0.));
#3570=DIRECTION('',(0.,0.,-1.));
#3571=DIRECTION('',(0.,-1.,0.));
#3572=DIRECTION('',(0.,0.,-1.));
#3573=DIRECTION('',(0.,-1.,0.));
#3574=DIRECTION('',(0.818654228561459,0.,-0.57428673505353));
#3575=DIRECTION('',(-0.57428673505353,0.,-0.818654228561459));
#3576=DIRECTION('',(-0.57428673505353,0.,-0.818654228561459));
#3577=DIRECTION('',(0.,-1.,0.));
#3578=DIRECTION('',(0.,-1.,0.));
#3579=DIRECTION('',(0.,-1.,0.));
#3580=DIRECTION('',(0.,0.,-1.));
#3581=DIRECTION('',(0.,-1.,0.));
#3582=DIRECTION('',(0.,0.,-1.));
#3583=DIRECTION('',(0.,-1.,0.));
#3584=DIRECTION('',(0.,-1.,0.));
#3585=DIRECTION('',(-0.989899571781314,0.,0.14177036991971));
#3586=DIRECTION('',(0.14177036991971,0.,0.989899571781314));
#3587=DIRECTION('',(0.14177036991971,0.,0.989899571781314));
#3588=DIRECTION('',(0.,-1.,0.));
#3589=DIRECTION('',(0.,-1.,0.));
#3590=DIRECTION('',(0.,0.,-1.));
#3591=DIRECTION('',(0.,-1.,0.));
#3592=DIRECTION('',(0.,0.,-1.));
#3593=DIRECTION('',(0.,-1.,0.));
#3594=DIRECTION('',(-0.650115397233659,0.,0.759835488957789));
#3595=DIRECTION('',(0.759835488957789,0.,0.650115397233659));
#3596=DIRECTION('',(0.759835488957789,0.,0.650115397233659));
#3597=DIRECTION('',(0.,-1.,0.));
#3598=DIRECTION('',(0.,-1.,0.));
#3599=DIRECTION('',(0.,-1.,0.));
#3600=DIRECTION('',(0.,0.,-1.));
#3601=DIRECTION('',(0.,-1.,0.));
#3602=DIRECTION('',(0.,0.,-1.));
#3603=DIRECTION('',(0.,-1.,0.));
#3604=DIRECTION('',(0.,-1.,0.));
#3605=DIRECTION('',(0.,-1.,0.));
#3606=DIRECTION('',(0.923543199134687,0.,-0.383494405868023));
#3607=DIRECTION('',(-0.383494405868023,0.,-0.923543199134687));
#3608=DIRECTION('',(-0.383494405868023,0.,-0.923543199134687));
#3609=DIRECTION('',(0.,-1.,0.));
#3610=DIRECTION('',(0.,-1.,0.));
#3611=DIRECTION('',(0.,0.,-1.));
#3612=DIRECTION('',(0.,-1.,0.));
#3613=DIRECTION('',(0.,0.,-1.));
#3614=DIRECTION('',(0.,-1.,0.));
#3615=DIRECTION('',(0.440727424534642,0.,-0.897640984616379));
#3616=DIRECTION('',(-0.897640984616379,0.,-0.440727424534642));
#3617=DIRECTION('',(-0.897640984616379,0.,-0.440727424534642));
#3618=DIRECTION('',(0.,-1.,0.));
#3619=DIRECTION('',(0.,-1.,0.));
#3620=DIRECTION('',(0.,-1.,0.));
#3621=DIRECTION('',(0.,0.,-1.));
#3622=DIRECTION('',(0.,-1.,0.));
#3623=DIRECTION('',(0.,0.,-1.));
#3624=DIRECTION('',(0.,-1.,0.));
#3625=DIRECTION('',(0.,-1.,0.));
#3626=DIRECTION('',(-0.799157210736949,0.,0.601122077890291));
#3627=DIRECTION('',(0.601122077890291,0.,0.799157210736949));
#3628=DIRECTION('',(0.601122077890291,0.,0.799157210736949));
#3629=DIRECTION('',(0.,-1.,0.));
#3630=DIRECTION('',(0.,-1.,0.));
#3631=DIRECTION('',(0.,0.,-1.));
#3632=DIRECTION('',(0.,-1.,0.));
#3633=DIRECTION('',(0.,0.,-1.));
#3634=DIRECTION('',(0.,-1.,0.));
#3635=DIRECTION('',(-0.203646926888322,0.,0.979044395913149));
#3636=DIRECTION('',(0.979044395913149,0.,0.203646926888322));
#3637=DIRECTION('',(0.979044395913149,0.,0.203646926888322));
#3638=DIRECTION('',(0.,-1.,0.));
#3639=DIRECTION('',(0.,-1.,0.));
#3640=DIRECTION('',(0.,-1.,0.));
#3641=DIRECTION('',(0.,0.,-1.));
#3642=DIRECTION('',(0.,-1.,0.));
#3643=DIRECTION('',(0.,0.,-1.));
#3644=DIRECTION('',(0.,-1.,0.));
#3645=DIRECTION('',(0.,-1.,0.));
#3646=DIRECTION('',(-0.624557235691512,0.,0.780979038992326));
#3647=DIRECTION('',(0.780979038992326,0.,0.624557235691512));
#3648=DIRECTION('',(0.780979038992326,0.,0.624557235691512));
#3649=DIRECTION('',(0.,-1.,0.));
#3650=DIRECTION('',(0.,-1.,0.));
#3651=DIRECTION('',(0.,0.,-1.));
#3652=DIRECTION('',(0.,-1.,0.));
#3653=DIRECTION('',(0.,0.,-1.));
#3654=DIRECTION('',(0.,-1.,0.));
#3655=DIRECTION('',(-0.0462294561649884,0.,-0.998930847147434));
#3656=DIRECTION('',(-0.998930847147434,0.,0.0462294561649884));
#3657=DIRECTION('',(-0.998930847147434,0.,0.0462294561649884));
#3658=DIRECTION('',(0.,-1.,0.));
#3659=DIRECTION('',(0.,-1.,0.));
#3660=DIRECTION('',(0.,-1.,0.));
#3661=DIRECTION('',(0.,0.,-1.));
#3662=DIRECTION('',(0.,-1.,0.));
#3663=DIRECTION('',(0.,0.,-1.));
#3664=DIRECTION('',(0.,-1.,0.));
#3665=DIRECTION('',(0.,-1.,0.));
#3666=DIRECTION('',(0.41071403257342,0.,-0.911764214831488));
#3667=DIRECTION('',(-0.911764214831488,0.,-0.41071403257342));
#3668=DIRECTION('',(-0.911764214831488,0.,-0.41071403257342));
#3669=DIRECTION('',(0.,-1.,0.));
#3670=DIRECTION('',(0.,-1.,0.));
#3671=DIRECTION('',(0.,0.,-1.));
#3672=DIRECTION('',(0.,-1.,0.));
#3673=DIRECTION('',(0.,0.,-1.));
#3674=DIRECTION('',(0.,-1.,0.));
#3675=DIRECTION('',(-0.293201072452135,0.,-0.956050799441598));
#3676=DIRECTION('',(-0.956050799441598,0.,0.293201072452135));
#3677=DIRECTION('',(-0.956050799441598,0.,0.293201072452135));
#3678=DIRECTION('',(0.,-1.,0.));
#3679=DIRECTION('',(0.,-1.,0.));
#3680=DIRECTION('',(0.,-1.,0.));
#3681=DIRECTION('',(0.,0.,-1.));
#3682=DIRECTION('',(0.,-1.,0.));
#3683=DIRECTION('',(0.,0.,-1.));
#3684=DIRECTION('',(0.,-1.,0.));
#3685=DIRECTION('',(0.,-1.,0.));
#3686=DIRECTION('',(-0.171064156275204,0.,0.985259891824412));
#3687=DIRECTION('',(0.985259891824412,0.,0.171064156275204));
#3688=DIRECTION('',(0.985259891824412,0.,0.171064156275204));
#3689=DIRECTION('',(0.,-1.,0.));
#3690=DIRECTION('',(0.,-1.,0.));
#3691=DIRECTION('',(0.,0.,-1.));
#3692=DIRECTION('',(0.,-1.,0.));
#3693=DIRECTION('',(0.,0.,-1.));
#3694=DIRECTION('',(0.,-1.,0.));
#3695=DIRECTION('',(-0.521749787038999,0.,-0.853098563897959));
#3696=DIRECTION('',(-0.853098563897959,0.,0.521749787038999));
#3697=DIRECTION('',(-0.853098563897959,0.,0.521749787038999));
#3698=DIRECTION('',(0.,-1.,0.));
#3699=DIRECTION('',(0.,-1.,0.));
#3700=DIRECTION('',(0.,-1.,0.));
#3701=DIRECTION('',(0.,0.,-1.));
#3702=DIRECTION('',(0.,-1.,0.));
#3703=DIRECTION('',(0.,0.,-1.));
#3704=DIRECTION('',(0.,-1.,0.));
#3705=DIRECTION('',(0.,-1.,0.));
#3706=DIRECTION('',(0.0793343100850146,0.,0.996848066278575));
#3707=DIRECTION('',(0.996848066278575,0.,-0.0793343100850146));
#3708=DIRECTION('',(0.996848066278575,0.,-0.0793343100850146));
#3709=DIRECTION('',(0.,-1.,0.));
#3710=DIRECTION('',(0.,-1.,0.));
#3711=DIRECTION('',(0.,0.,-1.));
#3712=DIRECTION('',(0.,-1.,0.));
#3713=DIRECTION('',(0.,0.,-1.));
#3714=DIRECTION('',(0.,-1.,0.));
#3715=DIRECTION('',(-0.717515043644713,0.,-0.696543008107558));
#3716=DIRECTION('',(-0.696543008107558,0.,0.717515043644713));
#3717=DIRECTION('',(-0.696543008107558,0.,0.717515043644713));
#3718=DIRECTION('',(0.,-1.,0.));
#3719=DIRECTION('',(0.,-1.,0.));
#3720=DIRECTION('',(0.,-1.,0.));
#3721=DIRECTION('',(0.,0.,-1.));
#3722=DIRECTION('',(0.,-1.,0.));
#3723=DIRECTION('',(0.,0.,-1.));
#3724=DIRECTION('',(0.,-1.,0.));
#3725=DIRECTION('',(0.,-1.,0.));
#3726=DIRECTION('',(-0.324747909967176,0.,-0.945800610579181));
#3727=DIRECTION('',(-0.945800610579181,0.,0.324747909967176));
#3728=DIRECTION('',(-0.945800610579181,0.,0.324747909967176));
#3729=DIRECTION('',(0.,-1.,0.));
#3730=DIRECTION('',(0.,-1.,0.));
#3731=DIRECTION('',(0.,0.,-1.));
#3732=DIRECTION('',(0.,-1.,0.));
#3733=DIRECTION('',(0.,0.,-1.));
#3734=DIRECTION('',(0.,-1.,0.));
#3735=DIRECTION('',(-0.868196191222462,0.,-0.496221093411809));
#3736=DIRECTION('',(-0.496221093411809,0.,0.868196191222462));
#3737=DIRECTION('',(-0.496221093411809,0.,0.868196191222462));
#3738=DIRECTION('',(0.,-1.,0.));
#3739=DIRECTION('',(0.,-1.,0.));
#3740=DIRECTION('',(0.,-1.,0.));
#3741=DIRECTION('',(0.,0.,-1.));
#3742=DIRECTION('',(0.,-1.,0.));
#3743=DIRECTION('',(0.,0.,-1.));
#3744=DIRECTION('',(0.,-1.,0.));
#3745=DIRECTION('',(0.,-1.,0.));
#3746=DIRECTION('',(0.549756404335077,0.,0.835325024102934));
#3747=DIRECTION('',(0.835325024102934,0.,-0.549756404335077));
#3748=DIRECTION('',(0.835325024102934,0.,-0.549756404335077));
#3749=DIRECTION('',(0.,-1.,0.));
#3750=DIRECTION('',(0.,-1.,0.));
#3751=DIRECTION('',(0.,0.,-1.));
#3752=DIRECTION('',(0.,-1.,0.));
#3753=DIRECTION('',(0.,0.,-1.));
#3754=DIRECTION('',(0.,-1.,0.));
#3755=DIRECTION('',(0.964325379096743,0.,0.264719782468033));
#3756=DIRECTION('',(0.264719782468033,0.,-0.964325379096743));
#3757=DIRECTION('',(0.264719782468033,0.,-0.964325379096743));
#3758=DIRECTION('',(0.,-1.,0.));
#3759=DIRECTION('',(0.,-1.,0.));
#3760=DIRECTION('',(0.,-1.,0.));
#3761=DIRECTION('',(0.,0.,-1.));
#3762=DIRECTION('',(0.,-1.,0.));
#3763=DIRECTION('',(0.,0.,-1.));
#3764=DIRECTION('',(0.,-1.,0.));
#3765=DIRECTION('',(0.,-1.,0.));
#3766=DIRECTION('',(0.740221681951709,0.,0.672362894253232));
#3767=DIRECTION('',(0.672362894253232,0.,-0.740221681951709));
#3768=DIRECTION('',(0.672362894253232,0.,-0.740221681951709));
#3769=DIRECTION('',(0.,-1.,0.));
#3770=DIRECTION('',(0.,-1.,0.));
#3771=DIRECTION('',(0.,0.,-1.));
#3772=DIRECTION('',(0.,-1.,0.));
#3773=DIRECTION('',(0.,0.,-1.));
#3774=DIRECTION('',(0.,-1.,0.));
#3775=DIRECTION('',(-0.999862456874792,0.,-0.0165851539728997));
#3776=DIRECTION('',(-0.0165851539728997,0.,0.999862456874792));
#3777=DIRECTION('',(-0.0165851539728997,0.,0.999862456874792));
#3778=DIRECTION('',(0.,-1.,0.));
#3779=DIRECTION('',(0.,-1.,0.));
#3780=DIRECTION('',(0.,-1.,0.));
#3781=DIRECTION('',(0.,0.,-1.));
#3782=DIRECTION('',(0.,-1.,0.));
#3783=DIRECTION('',(0.,0.,-1.));
#3784=DIRECTION('',(0.,-1.,0.));
#3785=DIRECTION('',(0.,-1.,0.));
#3786=DIRECTION('',(0.884176108946416,0.,0.467153730979831));
#3787=DIRECTION('',(0.467153730979831,0.,-0.884176108946416));
#3788=DIRECTION('',(0.467153730979831,0.,-0.884176108946416));
#3789=DIRECTION('',(0.,-1.,0.));
#3790=DIRECTION('',(0.,-1.,0.));
#3791=DIRECTION('',(0.,0.,-1.));
#3792=DIRECTION('',(0.,-1.,0.));
#3793=DIRECTION('',(0.,0.,-1.));
#3794=DIRECTION('',(0.,-1.,0.));
#3795=DIRECTION('',(-0.972574499243756,0.,0.232591580717699));
#3796=DIRECTION('',(0.232591580717699,0.,0.972574499243756));
#3797=DIRECTION('',(0.232591580717699,0.,0.972574499243756));
#3798=DIRECTION('',(0.,-1.,0.));
#3799=DIRECTION('',(0.,-1.,0.));
#3800=DIRECTION('',(0.,-1.,0.));
#3801=DIRECTION('',(0.,0.,-1.));
#3802=DIRECTION('',(0.,-1.,0.));
#3803=DIRECTION('',(0.,0.,-1.));
#3804=DIRECTION('',(0.,-1.,0.));
#3805=DIRECTION('',(0.,-1.,0.));
#3806=DIRECTION('',(-0.972574499249633,0.,-0.232591580693123));
#3807=DIRECTION('',(-0.232591580693123,0.,0.972574499249633));
#3808=DIRECTION('',(-0.232591580693123,0.,0.972574499249633));
#3809=DIRECTION('',(0.,-1.,0.));
#3810=DIRECTION('',(0.,-1.,0.));
#3811=DIRECTION('',(0.,0.,-1.));
#3812=DIRECTION('',(0.,-1.,0.));
#3813=DIRECTION('',(0.,0.,-1.));
#3814=DIRECTION('',(0.,-1.,0.));
#3815=DIRECTION('',(0.,-1.,0.));
#3816=DIRECTION('',(0.,0.,-1.));
#3817=DIRECTION('',(0.,-1.,0.));
#3818=DIRECTION('',(0.,0.,-1.));
#3819=DIRECTION('',(0.,-1.,0.));
#3820=DIRECTION('',(0.,-1.,0.));
#3821=DIRECTION('',(0.,-1.,0.));
#3822=DIRECTION('',(0.,0.,-1.));
#3823=DIRECTION('',(0.,-1.,0.));
#3824=DIRECTION('',(0.,0.,-1.));
#3825=DIRECTION('',(0.,-1.,0.));
#3826=DIRECTION('',(0.,-1.,0.));
#3827=DIRECTION('',(0.999862456874793,0.,-0.0165851539728255));
#3828=DIRECTION('',(-0.0165851539728255,0.,-0.999862456874793));
#3829=DIRECTION('',(-0.0165851539728255,0.,-0.999862456874793));
#3830=DIRECTION('',(0.,-1.,0.));
#3831=DIRECTION('',(0.,-1.,0.));
#3832=DIRECTION('',(0.,0.,-1.));
#3833=DIRECTION('',(0.,-1.,0.));
#3834=DIRECTION('',(0.,0.,-1.));
#3835=DIRECTION('',(0.,-1.,0.));
#3836=DIRECTION('',(-0.740221681951735,0.,0.672362894253203));
#3837=DIRECTION('',(0.672362894253203,0.,0.740221681951735));
#3838=DIRECTION('',(0.672362894253203,0.,0.740221681951735));
#3839=DIRECTION('',(0.,-1.,0.));
#3840=DIRECTION('',(0.,-1.,0.));
#3841=DIRECTION('',(0.,-1.,0.));
#3842=DIRECTION('',(0.,0.,-1.));
#3843=DIRECTION('',(0.,-1.,0.));
#3844=DIRECTION('',(0.,0.,-1.));
#3845=DIRECTION('',(0.,-1.,0.));
#3846=DIRECTION('',(0.,-1.,0.));
#3847=DIRECTION('',(-0.964325379102336,0.,0.264719782447658));
#3848=DIRECTION('',(0.264719782447658,0.,0.964325379102336));
#3849=DIRECTION('',(0.264719782447658,0.,0.964325379102336));
#3850=DIRECTION('',(0.,-1.,0.));
#3851=DIRECTION('',(0.,-1.,0.));
#3852=DIRECTION('',(0.,0.,-1.));
#3853=DIRECTION('',(0.,-1.,0.));
#3854=DIRECTION('',(0.,0.,-1.));
#3855=DIRECTION('',(0.,-1.,0.));
#3856=DIRECTION('',(-0.549756404335102,0.,0.835325024102917));
#3857=DIRECTION('',(0.835325024102917,0.,0.549756404335103));
#3858=DIRECTION('',(0.835325024102917,0.,0.549756404335103));
#3859=DIRECTION('',(0.,-1.,0.));
#3860=DIRECTION('',(0.,-1.,0.));
#3861=DIRECTION('',(0.,-1.,0.));
#3862=DIRECTION('',(0.,0.,-1.));
#3863=DIRECTION('',(0.,-1.,0.));
#3864=DIRECTION('',(0.,0.,-1.));
#3865=DIRECTION('',(0.,-1.,0.));
#3866=DIRECTION('',(0.,-1.,0.));
#3867=DIRECTION('',(0.868196191222495,0.,-0.496221093411751));
#3868=DIRECTION('',(-0.496221093411751,0.,-0.868196191222495));
#3869=DIRECTION('',(-0.496221093411751,0.,-0.868196191222495));
#3870=DIRECTION('',(0.,-1.,0.));
#3871=DIRECTION('',(0.,-1.,0.));
#3872=DIRECTION('',(0.,0.,-1.));
#3873=DIRECTION('',(0.,-1.,0.));
#3874=DIRECTION('',(0.,0.,-1.));
#3875=DIRECTION('',(0.,-1.,0.));
#3876=DIRECTION('',(0.324747909972842,0.,-0.945800610577235));
#3877=DIRECTION('',(-0.945800610577235,0.,-0.324747909972842));
#3878=DIRECTION('',(-0.945800610577235,0.,-0.324747909972842));
#3879=DIRECTION('',(0.,-1.,0.));
#3880=DIRECTION('',(0.,-1.,0.));
#3881=DIRECTION('',(0.,-1.,0.));
#3882=DIRECTION('',(0.,0.,-1.));
#3883=DIRECTION('',(0.,-1.,0.));
#3884=DIRECTION('',(0.,0.,-1.));
#3885=DIRECTION('',(0.,-1.,0.));
#3886=DIRECTION('',(0.,-1.,0.));
#3887=DIRECTION('',(0.717515043644736,0.,-0.696543008107534));
#3888=DIRECTION('',(-0.696543008107534,0.,-0.717515043644736));
#3889=DIRECTION('',(-0.696543008107534,0.,-0.717515043644736));
#3890=DIRECTION('',(0.,-1.,0.));
#3891=DIRECTION('',(0.,-1.,0.));
#3892=DIRECTION('',(0.,0.,-1.));
#3893=DIRECTION('',(0.,-1.,0.));
#3894=DIRECTION('',(0.,0.,-1.));
#3895=DIRECTION('',(0.,-1.,0.));
#3896=DIRECTION('',(-0.0793343100850597,0.,0.996848066278572));
#3897=DIRECTION('',(0.996848066278572,0.,0.0793343100850597));
#3898=DIRECTION('',(0.996848066278572,0.,0.0793343100850597));
#3899=DIRECTION('',(0.,-1.,0.));
#3900=DIRECTION('',(0.,-1.,0.));
#3901=DIRECTION('',(0.,-1.,0.));
#3902=DIRECTION('',(0.,0.,-1.));
#3903=DIRECTION('',(0.,-1.,0.));
#3904=DIRECTION('',(0.,0.,-1.));
#3905=DIRECTION('',(0.,-1.,0.));
#3906=DIRECTION('',(0.,-1.,0.));
#3907=DIRECTION('',(-0.521749787032278,0.,0.853098563902069));
#3908=DIRECTION('',(0.853098563902069,0.,0.521749787032278));
#3909=DIRECTION('',(0.853098563902069,0.,0.521749787032278));
#3910=DIRECTION('',(0.,-1.,0.));
#3911=DIRECTION('',(0.,-1.,0.));
#3912=DIRECTION('',(0.,0.,-1.));
#3913=DIRECTION('',(0.,-1.,0.));
#3914=DIRECTION('',(0.,0.,-1.));
#3915=DIRECTION('',(0.,-1.,0.));
#3916=DIRECTION('',(0.171064156275176,0.,0.985259891824417));
#3917=DIRECTION('',(0.985259891824417,0.,-0.171064156275176));
#3918=DIRECTION('',(0.985259891824417,0.,-0.171064156275176));
#3919=DIRECTION('',(0.,-1.,0.));
#3920=DIRECTION('',(0.,-1.,0.));
#3921=DIRECTION('',(0.,-1.,0.));
#3922=DIRECTION('',(0.,0.,-1.));
#3923=DIRECTION('',(0.,-1.,0.));
#3924=DIRECTION('',(0.,0.,-1.));
#3925=DIRECTION('',(0.,-1.,0.));
#3926=DIRECTION('',(0.,-1.,0.));
#3927=DIRECTION('',(0.293201072452166,0.,-0.956050799441588));
#3928=DIRECTION('',(-0.956050799441588,0.,-0.293201072452166));
#3929=DIRECTION('',(-0.956050799441588,0.,-0.293201072452166));
#3930=DIRECTION('',(0.,-1.,0.));
#3931=DIRECTION('',(0.,-1.,0.));
#3932=DIRECTION('',(0.,0.,-1.));
#3933=DIRECTION('',(0.,-1.,0.));
#3934=DIRECTION('',(0.,0.,-1.));
#3935=DIRECTION('',(0.,-1.,0.));
#3936=DIRECTION('',(0.410714032566679,0.,0.911764214834525));
#3937=DIRECTION('',(0.911764214834525,0.,-0.410714032566679));
#3938=DIRECTION('',(0.911764214834525,0.,-0.410714032566679));
#3939=DIRECTION('',(0.,-1.,0.));
#3940=DIRECTION('',(0.,-1.,0.));
#3941=DIRECTION('',(0.,-1.,0.));
#3942=DIRECTION('',(0.,0.,-1.));
#3943=DIRECTION('',(0.,-1.,0.));
#3944=DIRECTION('',(0.,0.,-1.));
#3945=DIRECTION('',(0.,-1.,0.));
#3946=DIRECTION('',(0.,-1.,0.));
#3947=DIRECTION('',(0.0462294561650526,0.,-0.998930847147431));
#3948=DIRECTION('',(-0.998930847147431,0.,-0.0462294561650526));
#3949=DIRECTION('',(-0.998930847147431,0.,-0.0462294561650526));
#3950=DIRECTION('',(0.,-1.,0.));
#3951=DIRECTION('',(0.,-1.,0.));
#3952=DIRECTION('',(0.,0.,-1.));
#3953=DIRECTION('',(0.,-1.,0.));
#3954=DIRECTION('',(0.,0.,-1.));
#3955=DIRECTION('',(0.,-1.,0.));
#3956=DIRECTION('',(0.624557235691472,0.,0.780979038992358));
#3957=DIRECTION('',(0.780979038992358,0.,-0.624557235691472));
#3958=DIRECTION('',(0.780979038992358,0.,-0.624557235691472));
#3959=DIRECTION('',(0.,-1.,0.));
#3960=DIRECTION('',(0.,-1.,0.));
#3961=DIRECTION('',(0.,-1.,0.));
#3962=DIRECTION('',(0.,0.,-1.));
#3963=DIRECTION('',(0.,-1.,0.));
#3964=DIRECTION('',(0.,0.,-1.));
#3965=DIRECTION('',(0.,-1.,0.));
#3966=DIRECTION('',(0.,-1.,0.));
#3967=DIRECTION('',(0.203646926880547,0.,0.979044395914766));
#3968=DIRECTION('',(0.979044395914766,0.,-0.203646926880547));
#3969=DIRECTION('',(0.979044395914766,0.,-0.203646926880547));
#3970=DIRECTION('',(0.,-1.,0.));
#3971=DIRECTION('',(0.,-1.,0.));
#3972=DIRECTION('',(0.,0.,-1.));
#3973=DIRECTION('',(0.,-1.,0.));
#3974=DIRECTION('',(0.,0.,-1.));
#3975=DIRECTION('',(0.,-1.,0.));
#3976=DIRECTION('',(0.799157210736938,0.,0.601122077890304));
#3977=DIRECTION('',(0.601122077890304,0.,-0.799157210736938));
#3978=DIRECTION('',(0.601122077890304,0.,-0.799157210736938));
#3979=DIRECTION('',(0.,-1.,0.));
#3980=DIRECTION('',(0.,-1.,0.));
#3981=DIRECTION('',(0.,-1.,0.));
#3982=DIRECTION('',(0.,0.,-1.));
#3983=DIRECTION('',(0.,-1.,0.));
#3984=DIRECTION('',(0.,0.,-1.));
#3985=DIRECTION('',(0.,-1.,0.));
#3986=DIRECTION('',(0.,-1.,0.));
#3987=DIRECTION('',(-0.440727424534606,0.,-0.897640984616397));
#3988=DIRECTION('',(-0.897640984616397,0.,0.440727424534606));
#3989=DIRECTION('',(-0.897640984616397,0.,0.440727424534606));
#3990=DIRECTION('',(0.,-1.,0.));
#3991=DIRECTION('',(0.,-1.,0.));
#3992=DIRECTION('',(0.,0.,-1.));
#3993=DIRECTION('',(0.,-1.,0.));
#3994=DIRECTION('',(0.,0.,-1.));
#3995=DIRECTION('',(0.,-1.,0.));
#3996=DIRECTION('',(-0.923543199132556,0.,-0.383494405873154));
#3997=DIRECTION('',(-0.383494405873154,0.,0.923543199132556));
#3998=DIRECTION('',(-0.383494405873154,0.,0.923543199132556));
#3999=DIRECTION('',(0.,-1.,0.));
#4000=DIRECTION('',(0.,-1.,0.));
#4001=DIRECTION('',(0.,-1.,0.));
#4002=DIRECTION('',(0.,0.,-1.));
#4003=DIRECTION('',(0.,-1.,0.));
#4004=DIRECTION('',(0.,0.,-1.));
#4005=DIRECTION('',(0.,-1.,0.));
#4006=DIRECTION('',(0.,-1.,0.));
#4007=DIRECTION('',(-0.650115397230602,0.,-0.759835488960404));
#4008=DIRECTION('',(-0.759835488960404,0.,0.650115397230602));
#4009=DIRECTION('',(-0.759835488960404,0.,0.650115397230602));
#4010=DIRECTION('',(0.,-1.,0.));
#4011=DIRECTION('',(0.,-1.,0.));
#4012=DIRECTION('',(0.,0.,-1.));
#4013=DIRECTION('',(0.,-1.,0.));
#4014=DIRECTION('',(0.,0.,-1.));
#4015=DIRECTION('',(0.,-1.,0.));
#4016=DIRECTION('',(0.989899571781312,0.,0.141770369919723));
#4017=DIRECTION('',(0.141770369919723,0.,-0.989899571781312));
#4018=DIRECTION('',(0.141770369919723,0.,-0.989899571781312));
#4019=DIRECTION('',(0.,-1.,0.));
#4020=DIRECTION('',(0.,-1.,0.));
#4021=DIRECTION('',(0.,-1.,0.));
#4022=DIRECTION('',(0.,0.,-1.));
#4023=DIRECTION('',(0.,-1.,0.));
#4024=DIRECTION('',(0.,0.,-1.));
#4025=DIRECTION('',(0.,-1.,0.));
#4026=DIRECTION('',(0.,-1.,0.));
#4027=DIRECTION('',(-0.818654228561433,0.,-0.574286735053567));
#4028=DIRECTION('',(-0.574286735053567,0.,0.818654228561433));
#4029=DIRECTION('',(-0.574286735053567,0.,0.818654228561433));
#4030=DIRECTION('',(0.,-1.,0.));
#4031=DIRECTION('',(0.,-1.,0.));
#4032=DIRECTION('',(0.,0.,-1.));
#4033=DIRECTION('',(0.,-1.,0.));
#4034=DIRECTION('',(0.,0.,-1.));
#4035=DIRECTION('',(0.,-1.,0.));
#4036=DIRECTION('',(0.994056913734478,0.,-0.108861619759608));
#4037=DIRECTION('',(-0.108861619759608,0.,-0.994056913734478));
#4038=DIRECTION('',(-0.108861619759608,0.,-0.994056913734478));
#4039=DIRECTION('',(0.,-1.,0.));
#4040=DIRECTION('',(0.,-1.,0.));
#4041=DIRECTION('',(0.,-1.,0.));
#4042=DIRECTION('',(0.,0.,-1.));
#4043=DIRECTION('',(0.,-1.,0.));
#4044=DIRECTION('',(0.,0.,-1.));
#4045=DIRECTION('',(0.,-1.,0.));
#4046=DIRECTION('',(0.,-1.,0.));
#4047=DIRECTION('',(-0.935754003912091,0.,-0.352653433504469));
#4048=DIRECTION('',(-0.352653433504469,0.,0.935754003912091));
#4049=DIRECTION('',(-0.352653433504469,0.,0.935754003912091));
#4050=DIRECTION('',(0.,-1.,0.));
#4051=DIRECTION('',(0.,-1.,0.));
#4052=DIRECTION('',(0.,0.,-1.));
#4053=DIRECTION('',(0.,-1.,0.));
#4054=DIRECTION('',(0.,0.,-1.));
#4055=DIRECTION('',(0.,-1.,0.));
#4056=DIRECTION('',(0.935754003912102,0.,-0.35265343350444));
#4057=DIRECTION('',(-0.35265343350444,0.,-0.935754003912102));
#4058=DIRECTION('',(-0.35265343350444,0.,-0.935754003912102));
#4059=DIRECTION('',(0.,-1.,0.));
#4060=DIRECTION('',(0.,1.,0.));
#4061=DIRECTION('',(-1.,0.,0.));
#4062=DIRECTION('',(0.,1.,0.));
#4063=DIRECTION('',(0.,0.,1.));
#4064=DIRECTION('',(0.,-1.,0.));
#4065=DIRECTION('',(0.,0.,-1.));
#4066=DIRECTION('',(0.,1.,0.));
#4067=DIRECTION('',(0.,0.,1.));
#4068=DIRECTION('',(0.,1.,0.));
#4069=DIRECTION('',(-1.,0.,0.));
#4070=DIRECTION('',(0.,-1.,0.));
#4071=DIRECTION('',(0.,0.,-1.));
#4072=DIRECTION('',(7.63623850966943E-18,-0.999999999999975,-2.02067489299639E-15));
#4073=DIRECTION('',(-0.999963996935393,-3.09055447056461E-19,0.0084855661579126));
#4074=DIRECTION('',(-1.,-7.63623850966962E-18,0.));
#4075=DIRECTION('',(7.63623850966943E-18,-0.999999999999975,-2.02067489299639E-15));
#4076=DIRECTION('',(0.,2.02067489299644E-15,-1.));
#4077=DIRECTION('',(-1.,-7.63623850966962E-18,0.));
#4078=DIRECTION('',(7.63623850966943E-18,-0.999999999999975,-2.02067489299639E-15));
#4079=DIRECTION('',(0.,2.02067489299644E-15,-1.));
#4080=DIRECTION('',(7.63623850966943E-18,-0.999999999999975,-2.02067489299639E-15));
#4081=DIRECTION('',(0.,2.02067489299644E-15,-1.));
#4082=DIRECTION('',(7.63623850966943E-18,-0.999999999999975,-2.02067489299639E-15));
#4083=DIRECTION('',(0.,2.02067489299644E-15,-1.));
#4084=DIRECTION('',(0.,1.,0.));
#4085=DIRECTION('',(-1.,0.,0.));
#4086=DIRECTION('',(0.,1.,0.));
#4087=DIRECTION('',(0.,0.,1.));
#4088=DIRECTION('',(1.,0.,0.));
#4089=DIRECTION('',(0.,1.,0.));
#4090=DIRECTION('',(0.,0.,1.));
#4091=DIRECTION('',(1.,0.,0.));
#4092=DIRECTION('',(0.,1.,0.));
#4093=DIRECTION('',(0.,0.,1.));
#4094=DIRECTION('',(0.,-1.,0.));
#4095=DIRECTION('',(0.,0.,-1.));
#4096=DIRECTION('',(0.,0.,-1.));
#4097=DIRECTION('',(-1.,0.,0.));
#4098=DIRECTION('',(0.,-1.,0.));
#4099=DIRECTION('',(0.,-1.,0.));
#4100=DIRECTION('',(0.,-1.,0.));
#4101=DIRECTION('',(0.,0.,-1.));
#4102=DIRECTION('',(0.,-1.,0.));
#4103=DIRECTION('',(0.,0.,-1.));
#4104=DIRECTION('',(0.,-1.,0.));
#4105=DIRECTION('',(0.,0.,-1.));
#4106=DIRECTION('',(-1.,0.,0.));
#4107=DIRECTION('',(0.,-1.,0.));
#4108=DIRECTION('',(0.,-1.,0.));
#4109=DIRECTION('',(0.,0.,-1.));
#4110=CARTESIAN_POINT('',(0.,0.,0.));
#4111=CARTESIAN_POINT('',(0.01075,0.026202,2.2578306044392E-19));
#4112=CARTESIAN_POINT('',(0.01075,0.0227612574113277,2.2578306044392E-19));
#4113=CARTESIAN_POINT('',(0.01075,0.0227612574113277,0.00368731720200664));
#4114=CARTESIAN_POINT('',(0.01075,0.0252,2.2578306044392E-19));
#4115=CARTESIAN_POINT('',(0.01075,0.0252,0.00368731720200664));
#4116=CARTESIAN_POINT('',(0.01075,0.0227612574113277,0.));
#4117=CARTESIAN_POINT('',(0.0109006762678648,0.0227612574113277,0.0029382569330805));
#4118=CARTESIAN_POINT('',(0.0109144339114566,0.0227612574113277,0.00297476237681718));
#4119=CARTESIAN_POINT('',(0.0109453105137639,0.0227612574113277,0.00303063337388746));
#4120=CARTESIAN_POINT('',(0.0110045436334079,0.0227612574113277,0.00307775165183722));
#4121=CARTESIAN_POINT('',(0.0110425293795559,0.0227612574113277,0.00308622347756894));
#4122=CARTESIAN_POINT('',(0.0110611110490261,0.0227612574113277,0.00308434918826871));
#4123=CARTESIAN_POINT('',(0.0109006762678648,0.0227612574113277,0.0029382569330805));
#4124=CARTESIAN_POINT('',(0.0110611110486068,0.0227612574113277,0.00308434918831101));
#4125=CARTESIAN_POINT('',(0.0107500000695296,0.0227612574113277,5.50383200169716E-10));
#4126=CARTESIAN_POINT('',(0.0112157095282797,0.0227612574113277,0.00306481885847591));
#4127=CARTESIAN_POINT('',(0.0112157095282797,0.0227612574113277,0.00306481885847591));
#4128=CARTESIAN_POINT('',(0.0112341735372286,0.0227612574113277,0.00306201319024726));
#4129=CARTESIAN_POINT('',(0.011268859033926,0.0227612574113277,0.00304436085157664));
#4130=CARTESIAN_POINT('',(0.0113145133969707,0.0227612574113277,0.00298399220313013));
#4131=CARTESIAN_POINT('',(0.0113305254020799,0.0227612574113277,0.00292219779742672));
#4132=CARTESIAN_POINT('',(0.0113347722893138,0.0227612574113277,0.00288341785250247));
#4133=CARTESIAN_POINT('',(0.0113347722924028,0.0227612574113277,0.00288341785287094));
#4134=CARTESIAN_POINT('',(0.0113409907518879,0.0227612574113277,0.00282663473081085));
#4135=CARTESIAN_POINT('',(0.011347209211373,0.0227612574113277,0.00276985160875072));
#4136=CARTESIAN_POINT('',(0.0114687137739064,0.0227612574113277,0.00279920533566175));
#4137=CARTESIAN_POINT('',(0.0115610477843688,0.0227612574113277,0.00271494721728774));
#4138=CARTESIAN_POINT('',(0.0115938525728858,0.0227612574113277,0.00276171092816119));
#4139=CARTESIAN_POINT('',(0.0116266573614028,0.0227612574113277,0.00280847463903463));
#4140=CARTESIAN_POINT('',(0.0118183833746397,0.0227612574113277,0.00291007851522833));
#4141=CARTESIAN_POINT('',(0.0118021673847659,0.0227612574113277,0.00291603192633149));
#4142=CARTESIAN_POINT('',(0.011770382712179,0.0227612574113277,0.00291713585227492));
#4143=CARTESIAN_POINT('',(0.0117267054934384,0.0227612574113277,0.00290328907815481));
#4144=CARTESIAN_POINT('',(0.0116890849418887,0.0227612574113277,0.00287829227566312));
#4145=CARTESIAN_POINT('',(0.0116544858584438,0.0227612574113277,0.00284509841477658));
#4146=CARTESIAN_POINT('',(0.0116353700941289,0.0227612574113277,0.00282089475878158));
#4147=CARTESIAN_POINT('',(0.0116266573614028,0.0227612574113277,0.00280847463903463));
#4148=CARTESIAN_POINT('',(0.0118183833746397,0.0227612574113277,0.00291007851522833));
#4149=CARTESIAN_POINT('',(0.0107500002042222,0.0227612574113277,5.15806476090314E-10));
#4150=CARTESIAN_POINT('',(0.0119632678633479,0.0227612574113277,0.00285271468811152));
#4151=CARTESIAN_POINT('',(0.0120334774794419,0.0227612574113277,0.00264740307555131));
#4152=CARTESIAN_POINT('',(0.012035625543242,0.0227612574113277,0.00266240174488905));
#4153=CARTESIAN_POINT('',(0.0120382439454977,0.0227612574113277,0.00269292000450272));
#4154=CARTESIAN_POINT('',(0.0120358146512177,0.0227612574113277,0.00274084250459897));
#4155=CARTESIAN_POINT('',(0.0120254093127227,0.0227612574113277,0.00278509538298661));
#4156=CARTESIAN_POINT('',(0.0120031368281152,0.0227612574113277,0.00282491693911316));
#4157=CARTESIAN_POINT('',(0.0119792318530235,0.0227612574113277,0.00284592515677667));
#4158=CARTESIAN_POINT('',(0.0119632678633479,0.0227612574113277,0.00285271468811152));
#4159=CARTESIAN_POINT('',(0.0120334774626951,0.0227612574113277,0.00264740309209538));
#4160=CARTESIAN_POINT('',(0.012025379166447,0.0227612574113277,0.00259085742608135));
#4161=CARTESIAN_POINT('',(0.0120172808701989,0.0227612574113277,0.00253431176006734));
#4162=CARTESIAN_POINT('',(0.0121422681181539,0.0227612574113277,0.00253252630532678));
#4163=CARTESIAN_POINT('',(0.0122107471470613,0.0227612574113277,0.00242795277808442));
#4164=CARTESIAN_POINT('',(0.0122541509201956,0.0227612574113277,0.00246508905511117));
#4165=CARTESIAN_POINT('',(0.0122975546930204,0.0227612574113277,0.00250222533249981));
#4166=CARTESIAN_POINT('',(0.0122975546930204,0.0227612574113277,0.00250222533249981));
#4167=CARTESIAN_POINT('',(0.0123271972396464,0.0227612574113277,0.00252758750135695));
#4168=CARTESIAN_POINT('',(0.0123811706706197,0.0227612574113277,0.00256167271270498));
#4169=CARTESIAN_POINT('',(0.0124557764525632,0.0227612574113277,0.00257442700140752));
#4170=CARTESIAN_POINT('',(0.0124931449488317,0.0227612574113277,0.00256355114611812));
#4171=CARTESIAN_POINT('',(0.0125085252441582,0.0227612574113277,0.00255295690634577));
#4172=CARTESIAN_POINT('',(0.0125085252438112,0.0227612574113277,0.00255295690658478));
#4173=CARTESIAN_POINT('',(0.0107500003260031,0.0227612574113277,4.48704299627414E-10));
#4174=CARTESIAN_POINT('',(0.0126345825705594,0.0227612574113277,0.00246135153191959));
#4175=CARTESIAN_POINT('',(0.0126326628731394,0.0227612574113277,0.0024628060193075));
#4176=CARTESIAN_POINT('',(0.0126332995903149,0.0227612574113277,0.0024623170467387));
#4177=CARTESIAN_POINT('',(0.0126339363074905,0.0227612574113277,0.00246182807416989));
#4178=CARTESIAN_POINT('',(0.012634573024666,0.0227612574113277,0.00246133910160109));
#4179=CARTESIAN_POINT('',(0.0126399669865704,0.0227612574113277,0.00245719676099879));
#4180=CARTESIAN_POINT('',(0.0126535535744063,0.0227612574113277,0.00244417025532041));
#4181=CARTESIAN_POINT('',(0.0126680038890044,0.0227612574113277,0.00241855862722333));
#4182=CARTESIAN_POINT('',(0.0126760062984183,0.0227612574113277,0.00238674109169253));
#4183=CARTESIAN_POINT('',(0.0126781581429238,0.0227612574113277,0.00234247655319655));
#4184=CARTESIAN_POINT('',(0.0126697913232171,0.0227612574113277,0.00229452187136749));
#4185=CARTESIAN_POINT('',(0.012656879873695,0.0227612574113277,0.00225793037012355));
#4186=CARTESIAN_POINT('',(0.012651531854973,0.0227612574113277,0.00224504426527004));
#4187=CARTESIAN_POINT('',(0.0126767941467295,0.0227612574113277,0.00236431053716064));
#4188=CARTESIAN_POINT('',(0.012634573024666,0.0227612574113277,0.00246133910160109));
#4189=CARTESIAN_POINT('',(0.0126399669865704,0.0227612574113277,0.00245719676099879));
#4190=CARTESIAN_POINT('',(0.0126535535744063,0.0227612574113277,0.00244417025532041));
#4191=CARTESIAN_POINT('',(0.0126680038890044,0.0227612574113277,0.00241855862722333));
#4192=CARTESIAN_POINT('',(0.0126760062984183,0.0227612574113277,0.00238674109169253));
#4193=CARTESIAN_POINT('',(0.0126781581429238,0.0227612574113277,0.00234247655319655));
#4194=CARTESIAN_POINT('',(0.0126697913232171,0.0227612574113277,0.00229452187136749));
#4195=CARTESIAN_POINT('',(0.012656879873695,0.0227612574113277,0.00225793037012355));
#4196=CARTESIAN_POINT('',(0.012651531854973,0.0227612574113277,0.00224504426527004));
#4197=CARTESIAN_POINT('',(0.0126515370071338,0.0227612574113277,0.00224504212692968));
#4198=CARTESIAN_POINT('',(0.0126296308128392,0.0227612574113277,0.00219228694601941));
#4199=CARTESIAN_POINT('',(0.0126077246185447,0.0227612574113277,0.0021395317651091));
#4200=CARTESIAN_POINT('',(0.0127283411361339,0.0227612574113277,0.00210671933324789));
#4201=CARTESIAN_POINT('',(0.0127686623881978,0.0227612574113277,0.00198840113248403));
#4202=CARTESIAN_POINT('',(0.0128199379701917,0.0227612574113277,0.00201357662645208));
#4203=CARTESIAN_POINT('',(0.0128712135521856,0.0227612574113277,0.00203875212042012));
#4204=CARTESIAN_POINT('',(0.0128712135521856,0.0227612574113277,0.00203875212042012));
#4205=CARTESIAN_POINT('',(0.0129062321386118,0.0227612574113277,0.00205594568852915));
#4206=CARTESIAN_POINT('',(0.012966986542365,0.0227612574113277,0.00207553740382571));
#4207=CARTESIAN_POINT('',(0.0130424203090967,0.0227612574113277,0.00206933728960178));
#4208=CARTESIAN_POINT('',(0.0130759100901143,0.0227612574113277,0.00204950995218507));
#4209=CARTESIAN_POINT('',(0.0130881725048871,0.0227612574113277,0.00203542362602731));
#4210=CARTESIAN_POINT('',(0.0130881725046104,0.0227612574113277,0.00203542362634517));
#4211=CARTESIAN_POINT('',(0.0107500004274479,0.0227612574113277,3.53615560878123E-10));
#4212=CARTESIAN_POINT('',(0.0131875005153725,0.0227612574113277,0.00191535668677118));
#4213=CARTESIAN_POINT('',(0.0131875005153725,0.0227612574113277,0.00191535668677118));
#4214=CARTESIAN_POINT('',(0.0131990395865666,0.0227612574113277,0.00190067195876367));
#4215=CARTESIAN_POINT('',(0.0132122403681356,0.0227612574113277,0.00186406010129031));
#4216=CARTESIAN_POINT('',(0.0132041957829173,0.0227612574113277,0.00178880068839767));
#4217=CARTESIAN_POINT('',(0.0131735668507171,0.0227612574113277,0.00173279353353212));
#4218=CARTESIAN_POINT('',(0.0131501159992088,0.0227612574113277,0.00170161697594408));
#4219=CARTESIAN_POINT('',(0.0131501159992208,0.0227612574113277,0.00170161697595995));
#4220=CARTESIAN_POINT('',(0.0131157783464998,0.0227612574113277,0.00165596704264177));
#4221=CARTESIAN_POINT('',(0.0130814406937787,0.0227612574113277,0.00161031710932358));
#4222=CARTESIAN_POINT('',(0.0131901077047008,0.0227612574113277,0.00154853943748931));
#4223=CARTESIAN_POINT('',(0.0131997376651269,0.0227612574113277,0.00142391093407941));
#4224=CARTESIAN_POINT('',(0.0132556632737717,0.0227612574113277,0.00143554378585041));
#4225=CARTESIAN_POINT('',(0.0133115887625892,0.0227612574113277,0.00144717661460863));
#4226=CARTESIAN_POINT('',(0.0133115887625892,0.0227612574113277,0.00144717661460863));
#4227=CARTESIAN_POINT('',(0.0133497830422411,0.0227612574113277,0.00145512124685175));
#4228=CARTESIAN_POINT('',(0.0134135009961474,0.0227612574113277,0.00145898844657146));
#4229=CARTESIAN_POINT('',(0.0134850229666774,0.0227612574113277,0.00143422350540018));
#4230=CARTESIAN_POINT('',(0.013512529746336,0.0227612574113277,0.00140669051038588));
#4231=CARTESIAN_POINT('',(0.013520903787937,0.0227612574113277,0.0013899971935211));
#4232=CARTESIAN_POINT('',(0.0135209037877481,0.0227612574113277,0.00138999719389778));
#4233=CARTESIAN_POINT('',(0.0107500005019167,0.0227612574113277,2.36183586251916E-10));
#4234=CARTESIAN_POINT('',(0.0135872517927457,0.0227612574113277,0.00124900050622944));
#4235=CARTESIAN_POINT('',(0.0135872517927457,0.0227612574113277,0.00124900050622944));
#4236=CARTESIAN_POINT('',(0.0135947763994481,0.0227612574113277,0.00123190747564237));
#4237=CARTESIAN_POINT('',(0.0135984574554857,0.0227612574113277,0.00119316294611713));
#4238=CARTESIAN_POINT('',(0.0135719493508046,0.0227612574113277,0.00112226855306314));
#4239=CARTESIAN_POINT('',(0.0135283542698083,0.0227612574113277,0.00107563807165046));
#4240=CARTESIAN_POINT('',(0.0134978868753344,0.0227612574113277,0.00105127297256425));
#4241=CARTESIAN_POINT('',(0.01349788687535,0.0227612574113277,0.00105127297257668));
#4242=CARTESIAN_POINT('',(0.0134532753263657,0.0227612574113277,0.00101559664283874));
#4243=CARTESIAN_POINT('',(0.0134086637773815,0.0227612574113277,0.000979920313100796));
#4244=CARTESIAN_POINT('',(0.013498553332093,0.0227612574113277,0.000893059113743614));
#4245=CARTESIAN_POINT('',(0.0134768868866932,0.0227612574113277,0.0007699511727173));
#4246=CARTESIAN_POINT('',(0.013533948408434,0.0227612574113277,0.000767310426237644));
#4247=CARTESIAN_POINT('',(0.0135910099301748,0.0227612574113277,0.000764669679757988));
#4248=CARTESIAN_POINT('',(0.0135910099301748,0.0227612574113277,0.000764669679757988));
#4249=CARTESIAN_POINT('',(0.0136299800159933,0.0227612574113277,0.000762866185673054));
#4250=CARTESIAN_POINT('',(0.0136926578866704,0.0227612574113277,0.000750765879434958));
#4251=CARTESIAN_POINT('',(0.013755774072551,0.0227612574113277,0.000708992183649204));
#4252=CARTESIAN_POINT('',(0.0137755694987218,0.0227612574113277,0.000675483530373353));
#4253=CARTESIAN_POINT('',(0.0137795289953195,0.0227612574113277,0.000657232125293884));
#4254=CARTESIAN_POINT('',(0.0137795289952302,0.0227612574113277,0.00065723212570567));
#4255=CARTESIAN_POINT('',(0.0107500005448679,0.0227612574113277,1.03939490803291E-10));
#4256=CARTESIAN_POINT('',(0.0138087281052985,0.0227612574113277,0.000504165030378768));
#4257=CARTESIAN_POINT('',(0.0138087281052985,0.0227612574113277,0.000504165030378768));
#4258=CARTESIAN_POINT('',(0.0138117654487967,0.0227612574113277,0.000485737715187675));
#4259=CARTESIAN_POINT('',(0.0138056954850139,0.0227612574113277,0.000447294974893046));
#4260=CARTESIAN_POINT('',(0.0137623894625771,0.0227612574113277,0.000385220157124615));
#4261=CARTESIAN_POINT('',(0.0137085674720551,0.0227612574113277,0.000350896313806898));
#4262=CARTESIAN_POINT('',(0.0136729979130618,0.0227612574113277,0.000334873622006672));
#4263=CARTESIAN_POINT('',(0.0136729979134452,0.0227612574113277,0.000334873621210853));
#4264=CARTESIAN_POINT('',(0.0136209155727573,0.0227612574113277,0.000311412568647215));
#4265=CARTESIAN_POINT('',(0.0135688332320693,0.0227612574113277,0.000287951516083572));
#4266=CARTESIAN_POINT('',(0.0136342972451577,0.0227612574113277,0.000181464601439729));
#4267=CARTESIAN_POINT('',(0.013582695791019,0.0227612574113277,6.76125486221744E-5));
#4268=CARTESIAN_POINT('',(0.0136373078931815,0.0227612574113277,5.08641426459838E-5));
#4269=CARTESIAN_POINT('',(0.013691919995344,0.0227612574113277,3.41157366697924E-5));
#4270=CARTESIAN_POINT('',(0.013691919995344,0.0227612574113277,3.41157366697924E-5));
#4271=CARTESIAN_POINT('',(0.013729217253515,0.0227612574113277,2.26774364229431E-5));
#4272=CARTESIAN_POINT('',(0.0137869167598352,0.0227612574113277,-4.63006903020891E-6));
#4273=CARTESIAN_POINT('',(0.0138376613389824,0.0227612574113277,-6.0787724491317E-5));
#4274=CARTESIAN_POINT('',(0.0138485015922366,0.0227612574113277,-9.81665641071976E-5));
#4275=CARTESIAN_POINT('',(0.0138477977540979,0.0227612574113277,-0.000116829254496237));
#4276=CARTESIAN_POINT('',(0.0138477977541138,0.0227612574113277,-0.000116829254075111));
#4277=CARTESIAN_POINT('',(0.0107500005536925,0.0227612574113277,-3.48350286943498E-11));
#4278=CARTESIAN_POINT('',(0.0138380132817804,0.0227612574113277,-0.000272348988519918));
#4279=CARTESIAN_POINT('',(0.0138380132817804,0.0227612574113277,-0.000272348988519918));
#4280=CARTESIAN_POINT('',(0.0138363725146116,0.0227612574113277,-0.000290952732330641));
#4281=CARTESIAN_POINT('',(0.0138209329291568,0.0227612574113277,-0.000326678184639423));
#4282=CARTESIAN_POINT('',(0.0137635500656225,0.0227612574113277,-0.000376033038026674));
#4283=CARTESIAN_POINT('',(0.0137028829991826,0.0227612574113277,-0.00039589354993952));
#4284=CARTESIAN_POINT('',(0.0136644462418771,0.0227612574113277,-0.000402567069800621));
#4285=CARTESIAN_POINT('',(0.0136644462418966,0.0227612574113277,-0.000402567069797223));
#4286=CARTESIAN_POINT('',(0.013608165640585,0.0227612574113277,-0.0004123386982355));
#4287=CARTESIAN_POINT('',(0.0135518850392733,0.0227612574113277,-0.000422110326673775));
#4288=CARTESIAN_POINT('',(0.0135888101546059,0.0227612574113277,-0.000541531999152734));
#4289=CARTESIAN_POINT('',(0.0135105160008687,0.0227612574113277,-0.000638974420564444));
#4290=CARTESIAN_POINT('',(0.0135592472042247,0.0227612574113277,-0.000668778122093356));
#4291=CARTESIAN_POINT('',(0.0136079784075808,0.0227612574113277,-0.00069858182362227));
#4292=CARTESIAN_POINT('',(0.0136079784075808,0.0227612574113277,-0.00069858182362227));
#4293=CARTESIAN_POINT('',(0.0136412593142037,0.0227612574113277,-0.000718936219559397));
#4294=CARTESIAN_POINT('',(0.013690354983981,0.0227612574113277,-0.00075973509323));
#4295=CARTESIAN_POINT('',(0.0137255394878615,0.0227612574113277,-0.000826748116340421));
#4296=CARTESIAN_POINT('',(0.0137267434352194,0.0227612574113277,-0.00086564849233351));
#4297=CARTESIAN_POINT('',(0.0137214204870831,0.0227612574113277,-0.000883549822558405));
#4298=CARTESIAN_POINT('',(0.0137214204872032,0.0227612574113277,-0.000883549822154396));
#4299=CARTESIAN_POINT('',(0.010750000527722,0.0227612574113277,-1.71467147826263E-10));
#4300=CARTESIAN_POINT('',(0.0136732672268496,0.0227612574113277,-0.00103175031884033));
#4301=CARTESIAN_POINT('',(0.0136732672268496,0.0227612574113277,-0.00103175031884033));
#4302=CARTESIAN_POINT('',(0.0136670514444494,0.0227612574113277,-0.00104936154962728));
#4303=CARTESIAN_POINT('',(0.0136432123632595,0.0227612574113277,-0.00108012495239266));
#4304=CARTESIAN_POINT('',(0.0135753582349829,0.0227612574113277,-0.00111365869444598));
#4305=CARTESIAN_POINT('',(0.0135116580275276,0.0227612574113277,-0.00111780796594861));
#4306=CARTESIAN_POINT('',(0.0134727691947318,0.0227612574113277,-0.00111471299207422));
#4307=CARTESIAN_POINT('',(0.0134727691947516,0.0227612574113277,-0.0011147129920758));
#4308=CARTESIAN_POINT('',(0.0134158266468491,0.0227612574113277,-0.00111018121044815));
#4309=CARTESIAN_POINT('',(0.0133588840989467,0.0227612574113277,-0.00110564942882049));
#4310=CARTESIAN_POINT('',(0.0133649501816268,0.0227612574113277,-0.00123050215262305));
#4311=CARTESIAN_POINT('',(0.0132648828379162,0.0227612574113277,-0.00130541227692349));
#4312=CARTESIAN_POINT('',(0.0133046711817381,0.0227612574113277,-0.0013463985978277));
#4313=CARTESIAN_POINT('',(0.0133444595255599,0.0227612574113277,-0.00138738491873191));
#4314=CARTESIAN_POINT('',(0.0133444595255599,0.0227612574113277,-0.00138738491873191));
#4315=CARTESIAN_POINT('',(0.0133716329188731,0.0227612574113277,-0.00141537646880436));
#4316=CARTESIAN_POINT('',(0.0134090398906141,0.0227612574113277,-0.00146710316741193));
#4317=CARTESIAN_POINT('',(0.0134264535474495,0.0227612574113277,-0.00154076088347299));
#4318=CARTESIAN_POINT('',(0.0134179455404709,0.0227612574113277,-0.00157873854215408));
#4319=CARTESIAN_POINT('',(0.0134083379427447,0.0227612574113277,-0.0015947537058003));
#4320=CARTESIAN_POINT('',(0.0134083379429615,0.0227612574113277,-0.0015947537054389));
#4321=CARTESIAN_POINT('',(0.0107500004683963,0.0227612574113277,-2.97253786580957E-10));
#4322=CARTESIAN_POINT('',(0.0133248415409197,0.0227612574113277,-0.00172632298228186));
#4323=CARTESIAN_POINT('',(0.013110010591315,0.0227612574113277,-0.00175681743318823));
#4324=CARTESIAN_POINT('',(0.0131243410859646,0.0227612574113277,-0.0017617379192504));
#4325=CARTESIAN_POINT('',(0.0131538281436408,0.0227612574113277,-0.00177002849400879));
#4326=CARTESIAN_POINT('',(0.0132013570088641,0.0227612574113277,-0.00177662201027545));
#4327=CARTESIAN_POINT('',(0.0132467758131182,0.0227612574113277,-0.00177469314145895));
#4328=CARTESIAN_POINT('',(0.0132900654674505,0.0227612574113277,-0.00176027697932247));
#4329=CARTESIAN_POINT('',(0.0133151809174792,0.0227612574113277,-0.00174073197450453));
#4330=CARTESIAN_POINT('',(0.0133248415409197,0.0227612574113277,-0.00172632298228186));
#4331=CARTESIAN_POINT('',(0.0131100106105295,0.0227612574113277,-0.00175681742035184));
#4332=CARTESIAN_POINT('',(0.0130559839911204,0.0227612574113277,-0.00173826696527761));
#4333=CARTESIAN_POINT('',(0.0130019573717111,0.0227612574113277,-0.00171971651020338));
#4334=CARTESIAN_POINT('',(0.012976783271622,0.0227612574113277,-0.00184215533037371));
#4335=CARTESIAN_POINT('',(0.0128612303371653,0.0227612574113277,-0.00188982627895283));
#4336=CARTESIAN_POINT('',(0.012889575808221,0.0227612574113277,-0.00193941995873742));
#4337=CARTESIAN_POINT('',(0.0129179212792768,0.0227612574113277,-0.00198901363852203));
#4338=CARTESIAN_POINT('',(0.0129282222490048,0.0227612574113277,-0.00220575334839159));
#4339=CARTESIAN_POINT('',(0.0129405134705524,0.0227612574113277,-0.00219361553955505));
#4340=CARTESIAN_POINT('',(0.0129550456679692,0.0227612574113277,-0.00216532574543122));
#4341=CARTESIAN_POINT('',(0.0129611134764474,0.0227612574113277,-0.00211991009652211));
#4342=CARTESIAN_POINT('',(0.0129545138752826,0.0227612574113277,-0.00207522699342825));
#4343=CARTESIAN_POINT('',(0.0129392107713867,0.0227612574113277,-0.00202978748945792));
#4344=CARTESIAN_POINT('',(0.0129254496283122,0.0227612574113277,-0.00200218536684098));
#4345=CARTESIAN_POINT('',(0.0129179212792768,0.0227612574113277,-0.00198901363852203));
#4346=CARTESIAN_POINT('',(0.0129282222490048,0.0227612574113277,-0.00220575334839159));
#4347=CARTESIAN_POINT('',(0.0107500003798406,0.0227612574113277,-4.04489013030446E-10));
#4348=CARTESIAN_POINT('',(0.0128146290915847,0.0227612574113277,-0.0023124244234531));
#4349=CARTESIAN_POINT('',(0.0128146290915847,0.0227612574113277,-0.0023124244234531));
#4350=CARTESIAN_POINT('',(0.0128006978848086,0.0227612574113277,-0.0023248627866268));
#4351=CARTESIAN_POINT('',(0.0127649871564057,0.0227612574113277,-0.00234033639702054));
#4352=CARTESIAN_POINT('',(0.0126893711270878,0.0227612574113277,-0.00233703326358849));
#4353=CARTESIAN_POINT('',(0.0126315512829833,0.0227612574113277,-0.00230998148894091));
#4354=CARTESIAN_POINT('',(0.0125989637540604,0.0227612574113277,-0.00228853450457931));
#4355=CARTESIAN_POINT('',(0.012598963754077,0.0227612574113277,-0.00228853450459023));
#4356=CARTESIAN_POINT('',(0.0125512478214207,0.0227612574113277,-0.00225713099241272));
#4357=CARTESIAN_POINT('',(0.0125035318887645,0.0227612574113277,-0.00222572748023521));
#4358=CARTESIAN_POINT('',(0.0124486993791253,0.0227612574113277,-0.0023380591137436));
#4359=CARTESIAN_POINT('',(0.0123249214731167,0.0227612574113277,-0.00235549556935097));
#4360=CARTESIAN_POINT('',(0.012340042950761,0.0227612574113277,-0.00241058032548748));
#4361=CARTESIAN_POINT('',(0.0123551590510299,0.0227612574113277,-0.00246566655662371));
#4362=CARTESIAN_POINT('',(0.0123551590510299,0.0227612574113277,-0.00246566655662371));
#4363=CARTESIAN_POINT('',(0.0123588498418558,0.0227612574113277,-0.00247912133521731));
#4364=CARTESIAN_POINT('',(0.01236707334959,0.0227612574113277,-0.0025170425353143));
#4365=CARTESIAN_POINT('',(0.0123693638790911,0.0227612574113277,-0.0025656677207712));
#4366=CARTESIAN_POINT('',(0.0123616811847831,0.0227612574113277,-0.00260931352253381));
#4367=CARTESIAN_POINT('',(0.0123497540821475,0.0227612574113277,-0.00263987719944806));
#4368=CARTESIAN_POINT('',(0.0123322077244332,0.0227612574113277,-0.00266347576755293));
#4369=CARTESIAN_POINT('',(0.0123170956168255,0.0227612574113277,-0.00267469670435661));
#4370=CARTESIAN_POINT('',(0.0123112250149833,0.0227612574113277,-0.00267813033867798));
#4371=CARTESIAN_POINT('',(0.0123112329276656,0.0227612574113277,-0.0026781438674013));
#4372=CARTESIAN_POINT('',(0.010750000267321,0.0227612574113277,-4.86255097168278E-10));
#4373=CARTESIAN_POINT('',(0.0121746884031394,0.0227612574113277,-0.00275322773376272));
#4374=CARTESIAN_POINT('',(0.0121746884031394,0.0227612574113277,-0.00275322773376272));
#4375=CARTESIAN_POINT('',(0.0121581015757078,0.0227612574113277,-0.00276181077264357));
#4376=CARTESIAN_POINT('',(0.0121196646350822,0.0227612574113277,-0.00276791735409571));
#4377=CARTESIAN_POINT('',(0.012047245678254,0.0227612574113277,-0.00274591305287554));
#4378=CARTESIAN_POINT('',(0.0119979698536599,0.0227612574113277,-0.00270533194896702));
#4379=CARTESIAN_POINT('',(0.0119717397700034,0.0227612574113277,-0.00267645457216657));
#4380=CARTESIAN_POINT('',(0.0119717397700168,0.0227612574113277,-0.00267645457218129));
#4381=CARTESIAN_POINT('',(0.0119333326570284,0.0227612574113277,-0.00263417118917758));
#4382=CARTESIAN_POINT('',(0.0118949255440399,0.0227612574113277,-0.00259188780617389));
#4383=CARTESIAN_POINT('',(0.0118138799572587,0.0227612574113277,-0.00268705404421705));
#4384=CARTESIAN_POINT('',(0.0116896544942697,0.0227612574113277,-0.00267316036417331));
#4385=CARTESIAN_POINT('',(0.0116906018824565,0.0227612574113277,-0.00273027517188482));
#4386=CARTESIAN_POINT('',(0.0116915492706432,0.0227612574113277,-0.00278738997959632));
#4387=CARTESIAN_POINT('',(0.0115961609276732,0.0227612574113277,-0.00298228296519282));
#4388=CARTESIAN_POINT('',(0.0116127792663089,0.0227612574113277,-0.00297756785625066));
#4389=CARTESIAN_POINT('',(0.0116391424779817,0.0227612574113277,-0.00295977838930386));
#4390=CARTESIAN_POINT('',(0.0116663391605902,0.0227612574113277,-0.00292290328868643));
#4391=CARTESIAN_POINT('',(0.0116820820742725,0.0227612574113277,-0.00288056764528171));
#4392=CARTESIAN_POINT('',(0.0116905624588735,0.0227612574113277,-0.00283337641672383));
#4393=CARTESIAN_POINT('',(0.0116918008850193,0.0227612574113277,-0.00280255928334731));
#4394=CARTESIAN_POINT('',(0.0116915492706432,0.0227612574113277,-0.00278738997959632));
#4395=CARTESIAN_POINT('',(0.0115961609276732,0.0227612574113277,-0.00298228296519282));
#4396=CARTESIAN_POINT('',(0.0107500001379545,0.0227612574113277,-5.37297273296364E-10));
#4397=CARTESIAN_POINT('',(0.0114452293026875,0.0227612574113277,-0.00302103561989672));
#4398=CARTESIAN_POINT('',(0.0114452293026875,0.0227612574113277,-0.00302103561989672));
#4399=CARTESIAN_POINT('',(0.0114270290659698,0.0227612574113277,-0.00302522403058562));
#4400=CARTESIAN_POINT('',(0.0113882810474623,0.0227612574113277,-0.00302157988412511));
#4401=CARTESIAN_POINT('',(0.0113236095125195,0.0227612574113277,-0.00298225702628863));
#4402=CARTESIAN_POINT('',(0.0112859738887191,0.0227612574113277,-0.00293069645312458));
#4403=CARTESIAN_POINT('',(0.0112677493829525,0.0227612574113277,-0.00289620315567323));
#4404=CARTESIAN_POINT('',(0.0112677493829618,0.0227612574113277,-0.00289620315569078));
#4405=CARTESIAN_POINT('',(0.0112410643498018,0.0227612574113277,-0.00284569672232251));
#4406=CARTESIAN_POINT('',(0.0112143793166418,0.0227612574113277,-0.00279519028895422));
#4407=CARTESIAN_POINT('',(0.0111122130450008,0.0227612574113277,-0.00286721148679884));
#4408=CARTESIAN_POINT('',(0.0109953455710887,0.0227612574113277,-0.00282286068588849));
#4409=CARTESIAN_POINT('',(0.0109820593365332,0.0227612574113277,-0.00287841666465487));
#4410=CARTESIAN_POINT('',(0.0109687731019778,0.0227612574113277,-0.00293397264342126));
#4411=CARTESIAN_POINT('',(0.0109687731019778,0.0227612574113277,-0.00293397264342126));
#4412=CARTESIAN_POINT('',(0.0109596992868212,0.0227612574113277,-0.00297191452078801));
#4413=CARTESIAN_POINT('',(0.0109360686484707,0.0227612574113277,-0.00303121482276719));
#4414=CARTESIAN_POINT('',(0.0108832080858026,0.0227612574113277,-0.00308538543744086));
#4415=CARTESIAN_POINT('',(0.010846583669922,0.0227612574113277,-0.00309855133669034));
#4416=CARTESIAN_POINT('',(0.0108279136117269,0.0227612574113277,-0.0030990207274408));
#4417=CARTESIAN_POINT('',(0.0108279136121482,0.0227612574113277,-0.00309902072743021));
#4418=CARTESIAN_POINT('',(0.01075,0.0227612574113277,-5.54746742683146E-10));
#4419=CARTESIAN_POINT('',(0.0106720863882732,0.0227612574113277,-0.0030990207274408));
#4420=CARTESIAN_POINT('',(0.0106720863882732,0.0227612574113277,-0.0030990207274408));
#4421=CARTESIAN_POINT('',(0.0106534163300783,0.0227612574113277,-0.00309855133669029));
#4422=CARTESIAN_POINT('',(0.0106167919141969,0.0227612574113277,-0.00308538543744145));
#4423=CARTESIAN_POINT('',(0.0105639313515254,0.0227612574113277,-0.0030312148227659));
#4424=CARTESIAN_POINT('',(0.010540300713176,0.0227612574113277,-0.00297191452078474));
#4425=CARTESIAN_POINT('',(0.0105312268980217,0.0227612574113277,-0.00293397264341883));
#4426=CARTESIAN_POINT('',(0.0105312269009769,0.0227612574113277,-0.00293397264272241));
#4427=CARTESIAN_POINT('',(0.0105179406691688,0.0227612574113277,-0.00287841667543784));
#4428=CARTESIAN_POINT('',(0.0105046544373607,0.0227612574113277,-0.00282286070815325));
#4429=CARTESIAN_POINT('',(0.0103877869549992,0.0227612574113277,-0.00286721148679885));
#4430=CARTESIAN_POINT('',(0.0102842122620727,0.0227612574113277,-0.00279723089673868));
#4431=CARTESIAN_POINT('',(0.0106926307403314,0.0227612574113277,-0.00307318021691008));
#4432=CARTESIAN_POINT('',(0.0102335452398137,0.0227612574113277,-0.00289375283912003));
#4433=CARTESIAN_POINT('',(0.0102335452398137,0.0227612574113277,-0.00289375283912003));
#4434=CARTESIAN_POINT('',(0.0102331136988913,0.0227612574113277,-0.00289456961130518));
#4435=CARTESIAN_POINT('',(0.0102326821579688,0.0227612574113277,-0.00289538638349031));
#4436=CARTESIAN_POINT('',(0.0102322506170464,0.0227612574113277,-0.00289620315567546));
#4437=CARTESIAN_POINT('',(0.0102140261112774,0.0227612574113277,-0.00293069645312705));
#4438=CARTESIAN_POINT('',(0.0101763904874763,0.0227612574113277,-0.00298225702628891));
#4439=CARTESIAN_POINT('',(0.0101117189525374,0.0227612574113277,-0.00302157988412441));
#4440=CARTESIAN_POINT('',(0.0100729709340304,0.0227612574113277,-0.00302522403058574));
#4441=CARTESIAN_POINT('',(0.0100547706973127,0.0227612574113277,-0.00302103561989675));
#4442=CARTESIAN_POINT('',(0.0100547706977234,0.0227612574113277,-0.00302103561999127));
#4443=CARTESIAN_POINT('',(0.0107499998620249,0.0227612574113277,-5.37377864212249E-10));
#4444=CARTESIAN_POINT('',(0.0099038390726299,0.0227612574113277,-0.00298228296527881));
#4445=CARTESIAN_POINT('',(0.0099038390726299,0.0227612574113277,-0.00298228296527881));
#4446=CARTESIAN_POINT('',(0.00988587230137782,0.0227612574113277,-0.00297718526663603));
#4447=CARTESIAN_POINT('',(0.00985367273486755,0.0227612574113277,-0.00295532487646947));
#4448=CARTESIAN_POINT('',(0.00981594456802742,0.0227612574113277,-0.00288971024390047));
#4449=CARTESIAN_POINT('',(0.00980780371504405,0.0227612574113277,-0.00282639626916694));
#4450=CARTESIAN_POINT('',(0.00980845073167933,0.0227612574113277,-0.00278738983958183));
#4451=CARTESIAN_POINT('',(0.009808450731679,0.0227612574113277,-0.00278738983960175));
#4452=CARTESIAN_POINT('',(0.00980939811870468,0.0227612574113277,-0.00273027510188748));
#4453=CARTESIAN_POINT('',(0.00981034550573036,0.0227612574113277,-0.00267316036417322));
#4454=CARTESIAN_POINT('',(0.00968612004274133,0.0227612574113277,-0.00268705404421707));
#4455=CARTESIAN_POINT('',(0.00960507445596008,0.0227612574113277,-0.00259188780617394));
#4456=CARTESIAN_POINT('',(0.00956666734297753,0.0227612574113277,-0.00263417118917119));
#4457=CARTESIAN_POINT('',(0.00952826022999499,0.0227612574113277,-0.00267645457216844));
#4458=CARTESIAN_POINT('',(0.00952826022999499,0.0227612574113277,-0.00267645457216844));
#4459=CARTESIAN_POINT('',(0.00950203014633606,0.0227612574113277,-0.00270533194896854));
#4460=CARTESIAN_POINT('',(0.00945275432174198,0.0227612574113277,-0.00274591305287479));
#4461=CARTESIAN_POINT('',(0.00938033536491766,0.0227612574113277,-0.00276791735409496));
#4462=CARTESIAN_POINT('',(0.00934189842429246,0.0227612574113277,-0.00276181077264374));
#4463=CARTESIAN_POINT('',(0.00932531159686072,0.0227612574113277,-0.00275322773376277));
#4464=CARTESIAN_POINT('',(0.00932531159723498,0.0227612574113277,-0.00275322773395643));
#4465=CARTESIAN_POINT('',(0.0107499997327724,0.0227612574113277,-4.86085006013576E-10));
#4466=CARTESIAN_POINT('',(0.00918876707239383,0.0227612574113277,-0.00267814386743759));
#4467=CARTESIAN_POINT('',(0.00918877498513598,0.0227612574113277,-0.00267813033874841));
#4468=CARTESIAN_POINT('',(0.00918290438325002,0.0227612574113277,-0.00267469670441308));
#4469=CARTESIAN_POINT('',(0.0091677922755965,0.0227612574113277,-0.00266347576759196));
#4470=CARTESIAN_POINT('',(0.00915024591785575,0.0227612574113277,-0.00263987719945564));
#4471=CARTESIAN_POINT('',(0.00913831881521823,0.0227612574113277,-0.00260931352254418));
#4472=CARTESIAN_POINT('',(0.00913063612090753,0.0227612574113277,-0.00256566772078549));
#4473=CARTESIAN_POINT('',(0.00913292665040476,0.0227612574113277,-0.00251704253535663));
#4474=CARTESIAN_POINT('',(0.00914115015812756,0.0227612574113277,-0.00247912133528849));
#4475=CARTESIAN_POINT('',(0.00914484094894356,0.0227612574113277,-0.00246566655671976));
#4476=CARTESIAN_POINT('',(0.0091448355691464,0.0227612574113277,-0.00246566508097855));
#4477=CARTESIAN_POINT('',(0.00915995704939996,0.0227612574113277,-0.00241058031533213));
#4478=CARTESIAN_POINT('',(0.00917507852965354,0.0227612574113277,-0.00235549554968565));
#4479=CARTESIAN_POINT('',(0.00905130062087479,0.0227612574113277,-0.00233805911374363));
#4480=CARTESIAN_POINT('',(0.00899646811123555,0.0227612574113277,-0.00222572748023524));
#4481=CARTESIAN_POINT('',(0.00894875217858655,0.0227612574113277,-0.00225713099240798));
#4482=CARTESIAN_POINT('',(0.00890103624593754,0.0227612574113277,-0.00228853450458072));
#4483=CARTESIAN_POINT('',(0.00890103624593754,0.0227612574113277,-0.00228853450458072));
#4484=CARTESIAN_POINT('',(0.00886844871701248,0.0227612574113277,-0.00230998148894139));
#4485=CARTESIAN_POINT('',(0.00881062887290847,0.0227612574113277,-0.00233703326358674));
#4486=CARTESIAN_POINT('',(0.00873501284359433,0.0227612574113277,-0.00234033639701977));
#4487=CARTESIAN_POINT('',(0.00869930211519154,0.0227612574113277,-0.00232486278662702));
#4488=CARTESIAN_POINT('',(0.00868537090841545,0.0227612574113277,-0.00231242442345317));
#4489=CARTESIAN_POINT('',(0.0086853709087298,0.0227612574113277,-0.00231242442373384));
#4490=CARTESIAN_POINT('',(0.0107499996202778,0.0227612574113277,-4.04362877166539E-10));
#4491=CARTESIAN_POINT('',(0.00857177775121944,0.0227612574113277,-0.00220575334861297));
#4492=CARTESIAN_POINT('',(0.00857177775121944,0.0227612574113277,-0.00220575334861297));
#4493=CARTESIAN_POINT('',(0.00855848918460305,0.0227612574113277,-0.00219263064317701));
#4494=CARTESIAN_POINT('',(0.00854080381265563,0.0227612574113277,-0.00215796197777488));
#4495=CARTESIAN_POINT('',(0.00853935245834276,0.0227612574113277,-0.0020822877539537));
#4496=CARTESIAN_POINT('',(0.00856272031444203,0.0227612574113277,-0.00202288340911952));
#4497=CARTESIAN_POINT('',(0.00858207879020785,0.0227612574113277,-0.00198901351695068));
#4498=CARTESIAN_POINT('',(0.00858207879019798,0.0227612574113277,-0.00198901351696794));
#4499=CARTESIAN_POINT('',(0.00861042422651636,0.0227612574113277,-0.00193941989796042));
#4500=CARTESIAN_POINT('',(0.00863876966283474,0.0227612574113277,-0.0018898262789529));
#4501=CARTESIAN_POINT('',(0.008523216728378,0.0227612574113277,-0.00184215533037375));
#4502=CARTESIAN_POINT('',(0.00849804262278207,0.0227612574113277,-0.00171971651133565));
#4503=CARTESIAN_POINT('',(0.00844401603864316,0.0227612574113277,-0.00173826695429992));
#4504=CARTESIAN_POINT('',(0.00838998945456087,0.0227612574113277,-0.00175681739742904));
#4505=CARTESIAN_POINT('',(0.00838998945456087,0.0227612574113277,-0.00175681739742904));
#4506=CARTESIAN_POINT('',(0.00835309207466058,0.0227612574113277,-0.00176948639644641));
#4507=CARTESIAN_POINT('',(0.00829036124449819,0.0227612574113277,-0.00178130907934043));
#4508=CARTESIAN_POINT('',(0.00821629937591236,0.0227612574113277,-0.00176570349696464));
#4509=CARTESIAN_POINT('',(0.00818555869613238,0.0227612574113277,-0.00174183512147929));
#4510=CARTESIAN_POINT('',(0.00817515845896908,0.0227612574113277,-0.00172632298211588));
#4511=CARTESIAN_POINT('',(0.00817515845920384,0.0227612574113277,-0.00172632298246603));
#4512=CARTESIAN_POINT('',(0.0107499995314707,0.0227612574113277,-2.97337773434888E-10));
#4513=CARTESIAN_POINT('',(0.00809166205725535,0.0227612574113277,-0.00159475370580041));
#4514=CARTESIAN_POINT('',(0.00809166205725535,0.0227612574113277,-0.00159475370580041));
#4515=CARTESIAN_POINT('',(0.00808205445952934,0.0227612574113277,-0.00157873854215427));
#4516=CARTESIAN_POINT('',(0.00807354645254978,0.0227612574113277,-0.00154076088347289));
#4517=CARTESIAN_POINT('',(0.00809096010938488,0.0227612574113277,-0.00146710316740791));
#4518=CARTESIAN_POINT('',(0.00812836708112823,0.0227612574113277,-0.00141537646880026));
#4519=CARTESIAN_POINT('',(0.00815554047444187,0.0227612574113277,-0.00138738491873016));
#4520=CARTESIAN_POINT('',(0.00815554047442802,0.0227612574113277,-0.00138738491874443));
#4521=CARTESIAN_POINT('',(0.0081953288182559,0.0227612574113277,-0.001346398597834));
#4522=CARTESIAN_POINT('',(0.00823511716208379,0.0227612574113277,-0.00130541227692356));
#4523=CARTESIAN_POINT('',(0.00813504981837322,0.0227612574113277,-0.0012305021526231));
#4524=CARTESIAN_POINT('',(0.0081411159010533,0.0227612574113277,-0.00110564942882053));
#4525=CARTESIAN_POINT('',(0.00808417335315954,0.0227612574113277,-0.0011101812104475));
#4526=CARTESIAN_POINT('',(0.00802723080526578,0.0227612574113277,-0.00111471299207447));
#4527=CARTESIAN_POINT('',(0.00802723080526578,0.0227612574113277,-0.00111471299207447));
#4528=CARTESIAN_POINT('',(0.00798834197246847,0.0227612574113277,-0.00111780796594697));
#4529=CARTESIAN_POINT('',(0.00792464176501466,0.0227612574113277,-0.00111365869444264));
#4530=CARTESIAN_POINT('',(0.00785678763674088,0.0227612574113277,-0.001080124952392));
#4531=CARTESIAN_POINT('',(0.00783294855555061,0.0227612574113277,-0.00104936154962754));
#4532=CARTESIAN_POINT('',(0.00782673277315046,0.0227612574113277,-0.00103175031884044));
#4533=CARTESIAN_POINT('',(0.00782673277329076,0.0227612574113277,-0.00103175031923794));
#4534=CARTESIAN_POINT('',(0.0107499994722937,0.0227612574113277,-1.7146217057935E-10));
#4535=CARTESIAN_POINT('',(0.00777857951291697,0.0227612574113277,-0.000883549822558533));
#4536=CARTESIAN_POINT('',(0.00777857951291697,0.0227612574113277,-0.000883549822558533));
#4537=CARTESIAN_POINT('',(0.00777325656478075,0.0227612574113277,-0.000865648492333758));
#4538=CARTESIAN_POINT('',(0.00777446051213784,0.0227612574113277,-0.000826748116340143));
#4539=CARTESIAN_POINT('',(0.00780964501601901,0.0227612574113277,-0.000759735093225857));
#4540=CARTESIAN_POINT('',(0.00785874068579857,0.0227612574113277,-0.000718936219555739));
#4541=CARTESIAN_POINT('',(0.00789202159242139,0.0227612574113277,-0.000698581823621013));
#4542=CARTESIAN_POINT('',(0.00789202159289924,0.0227612574113277,-0.000698581824434524));
#4543=CARTESIAN_POINT('',(0.00794075279313137,0.0227612574113277,-0.000668778124816697));
#4544=CARTESIAN_POINT('',(0.00798948399336348,0.0227612574113277,-0.000638974425198878));
#4545=CARTESIAN_POINT('',(0.0079111898453941,0.0227612574113277,-0.000541531999152782));
#4546=CARTESIAN_POINT('',(0.00794811496072672,0.0227612574113277,-0.000422110326673819));
#4547=CARTESIAN_POINT('',(0.0078918343594236,0.0227612574113277,-0.000412338698237031));
#4548=CARTESIAN_POINT('',(0.00783555375812047,0.0227612574113277,-0.000402567069800243));
#4549=CARTESIAN_POINT('',(0.00783555375812047,0.0227612574113277,-0.000402567069800243));
#4550=CARTESIAN_POINT('',(0.00779711700081391,0.0227612574113277,-0.000395893549936945));
#4551=CARTESIAN_POINT('',(0.00773644993437598,0.0227612574113277,-0.000376033038022832));
#4552=CARTESIAN_POINT('',(0.00767906707084373,0.0227612574113277,-0.000326678184638882));
#4553=CARTESIAN_POINT('',(0.00766362748538836,0.0227612574113277,-0.000290952732330887));
#4554=CARTESIAN_POINT('',(0.00766198671821961,0.0227612574113277,-0.000272348988520014));
#4555=CARTESIAN_POINT('',(0.00766198671823804,0.0227612574113277,-0.000272348988728684));
#4556=CARTESIAN_POINT('',(0.0107499997250046,0.0227612574113277,-1.73006356284219E-11));
#4557=CARTESIAN_POINT('',(0.00765220224589459,0.0227612574113277,-0.000116829254296559));
#4558=CARTESIAN_POINT('',(0.00780807994652297,0.0227612574113277,3.41157386344462E-5));
#4559=CARTESIAN_POINT('',(0.00779359414367216,0.0227612574113277,2.9673242066215E-5));
#4560=CARTESIAN_POINT('',(0.00776486553532201,0.0227612574113277,1.90484003033086E-5));
#4561=CARTESIAN_POINT('',(0.00772253830401071,0.0227612574113277,-3.55409902061238E-6));
#4562=CARTESIAN_POINT('',(0.00768692748014888,0.0227612574113277,-3.18110899907283E-5));
#4563=CARTESIAN_POINT('',(0.00766037902161199,0.0227612574113277,-6.89190305454355E-5));
#4564=CARTESIAN_POINT('',(0.00765154846130532,0.0227612574113277,-9.94937627311458E-5));
#4565=CARTESIAN_POINT('',(0.00765220224589459,0.0227612574113277,-0.000116829254296559));
#4566=CARTESIAN_POINT('',(0.00780807993868388,0.0227612574113277,3.41157164374486E-5));
#4567=CARTESIAN_POINT('',(0.00786269207383243,0.0227612574113277,5.08641325297839E-5));
#4568=CARTESIAN_POINT('',(0.00791730420898098,0.0227612574113277,6.76125486221194E-5));
#4569=CARTESIAN_POINT('',(0.0078657027548423,0.0227612574113277,0.000181464601439686));
#4570=CARTESIAN_POINT('',(0.00793116676203006,0.0227612574113277,0.000287951519710999));
#4571=CARTESIAN_POINT('',(0.00787908442448301,0.0227612574113277,0.000311412570859326));
#4572=CARTESIAN_POINT('',(0.00782700208693597,0.0227612574113277,0.000334873622007653));
#4573=CARTESIAN_POINT('',(0.00782700208693597,0.0227612574113277,0.000334873622007653));
#4574=CARTESIAN_POINT('',(0.00779143252794224,0.0227612574113277,0.000350896313810251));
#4575=CARTESIAN_POINT('',(0.00773761053742234,0.0227612574113277,0.000385220157128727));
#4576=CARTESIAN_POINT('',(0.00769430451498675,0.0227612574113277,0.000447294974893425));
#4577=CARTESIAN_POINT('',(0.00768823455120326,0.0227612574113277,0.000485737715187424));
#4578=CARTESIAN_POINT('',(0.00769127189470145,0.0227612574113277,0.000504165030378647));
#4579=CARTESIAN_POINT('',(0.00769127189466738,0.0227612574113277,0.00050416503017196));
#4580=CARTESIAN_POINT('',(0.0107499997293388,0.0227612574113277,5.16313111514032E-11));
#4581=CARTESIAN_POINT('',(0.00772047100468046,0.0227612574113277,0.000657232125293755));
#4582=CARTESIAN_POINT('',(0.00772047100468046,0.0227612574113277,0.000657232125293755));
#4583=CARTESIAN_POINT('',(0.00772443050127826,0.0227612574113277,0.000675483530373073));
#4584=CARTESIAN_POINT('',(0.00774422592744856,0.0227612574113277,0.000708992183649797));
#4585=CARTESIAN_POINT('',(0.00780734211333163,0.0227612574113277,0.000750765879438577));
#4586=CARTESIAN_POINT('',(0.00787001998401048,0.0227612574113277,0.000762866185675177));
#4587=CARTESIAN_POINT('',(0.00790899006982765,0.0227612574113277,0.000764669679758055));
#4588=CARTESIAN_POINT('',(0.00790899006980777,0.0227612574113277,0.000764669679757136));
#4589=CARTESIAN_POINT('',(0.00796605159155728,0.0227612574113277,0.000767310426237198));
#4590=CARTESIAN_POINT('',(0.00802311311330679,0.0227612574113277,0.00076995117271726));
#4591=CARTESIAN_POINT('',(0.008001446667907,0.0227612574113277,0.000893059113743573));
#4592=CARTESIAN_POINT('',(0.00809133622261848,0.0227612574113277,0.000979920313100775));
#4593=CARTESIAN_POINT('',(0.00804672467364105,0.0227612574113277,0.00101559664283327));
#4594=CARTESIAN_POINT('',(0.00800211312466361,0.0227612574113277,0.00105127297256577));
#4595=CARTESIAN_POINT('',(0.00800211312466361,0.0227612574113277,0.00105127297256577));
#4596=CARTESIAN_POINT('',(0.00797164573018999,0.0227612574113277,0.00107563807165437));
#4597=CARTESIAN_POINT('',(0.00792805064919593,0.0227612574113277,0.00112226855306725));
#4598=CARTESIAN_POINT('',(0.00790154254451504,0.0227612574113277,0.00119316294611733));
#4599=CARTESIAN_POINT('',(0.00790522360055171,0.0227612574113277,0.00123190747564215));
#4600=CARTESIAN_POINT('',(0.00791274820725427,0.0227612574113277,0.00124900050622933));
#4601=CARTESIAN_POINT('',(0.00791274820716988,0.0227612574113277,0.00124900050603761));
#4602=CARTESIAN_POINT('',(0.0107499997506788,0.0227612574113277,1.17321834864313E-10));
#4603=CARTESIAN_POINT('',(0.00797909621215261,0.0227612574113277,0.00138999719369969));
#4604=CARTESIAN_POINT('',(0.0081884111874149,0.0227612574113277,0.00144717664433608));
#4605=CARTESIAN_POINT('',(0.00817357699256701,0.0227612574113277,0.00145026224366296));
#4606=CARTESIAN_POINT('',(0.00814328336460539,0.0227612574113277,0.00145479173647625));
#4607=CARTESIAN_POINT('',(0.00809530289196631,0.0227612574113277,0.00145537631453167));
#4608=CARTESIAN_POINT('',(0.00805048397991561,0.0227612574113277,0.00144777016982019));
#4609=CARTESIAN_POINT('',(0.00800934250165387,0.0227612574113277,0.00142804205107057));
#4610=CARTESIAN_POINT('',(0.00798687473310417,0.0227612574113277,0.00140550336388916));
#4611=CARTESIAN_POINT('',(0.00797909621215261,0.0227612574113277,0.00138999719369969));
#4612=CARTESIAN_POINT('',(0.00818841116966702,0.0227612574113277,0.00144717662775684));
#4613=CARTESIAN_POINT('',(0.00824433675598017,0.0227612574113277,0.00143554378063143));
#4614=CARTESIAN_POINT('',(0.00830026234229331,0.0227612574113277,0.00142391093350602));
#4615=CARTESIAN_POINT('',(0.00830989229529916,0.0227612574113277,0.00154853943748928));
#4616=CARTESIAN_POINT('',(0.0084185593062212,0.0227612574113277,0.0016103171093236));
#4617=CARTESIAN_POINT('',(0.00838422161141749,0.0227612574113277,0.0016559670985883));
#4618=CARTESIAN_POINT('',(0.00834988391661381,0.0227612574113277,0.00170161708785302));
#4619=CARTESIAN_POINT('',(0.00831249948443293,0.0227612574113277,0.0019153566865235));
#4620=CARTESIAN_POINT('',(0.00830182643755755,0.0227612574113277,0.00190177406889133));
#4621=CARTESIAN_POINT('',(0.00829095453760534,0.0227612574113277,0.00187188618078596));
#4622=CARTESIAN_POINT('',(0.00829062659950419,0.0227612574113277,0.00182606778876903));
#4623=CARTESIAN_POINT('',(0.00830277458163379,0.0227612574113277,0.00178256408129585));
#4624=CARTESIAN_POINT('',(0.00832365211455668,0.0227612574113277,0.00173940093040498));
#4625=CARTESIAN_POINT('',(0.00834076406327511,0.0227612574113277,0.00171374141716088));
#4626=CARTESIAN_POINT('',(0.00834988391661381,0.0227612574113277,0.00170161708785302));
#4627=CARTESIAN_POINT('',(0.00831249948443293,0.0227612574113277,0.0019153566865235));
#4628=CARTESIAN_POINT('',(0.010749999787583,0.0227612574113277,1.75726612189515E-10));
#4629=CARTESIAN_POINT('',(0.00841182749511286,0.0227612574113277,0.00203542362602723));
#4630=CARTESIAN_POINT('',(0.00841182749511286,0.0227612574113277,0.00203542362602723));
#4631=CARTESIAN_POINT('',(0.0084240899098856,0.0227612574113277,0.00204950995218483));
#4632=CARTESIAN_POINT('',(0.00845757969090322,0.0227612574113277,0.00206933728960254));
#4633=CARTESIAN_POINT('',(0.00853301345763849,0.0227612574113277,0.00207553740382791));
#4634=CARTESIAN_POINT('',(0.00859376786139253,0.0227612574113277,0.00205594568852921));
#4635=CARTESIAN_POINT('',(0.00862878644781665,0.0227612574113277,0.00203875212041898));
#4636=CARTESIAN_POINT('',(0.0086287864477988,0.0227612574113277,0.00203875212042775));
#4637=CARTESIAN_POINT('',(0.0086800620298005,0.0227612574113277,0.00201357662645587));
#4638=CARTESIAN_POINT('',(0.0087313376118022,0.0227612574113277,0.00198840113248398));
#4639=CARTESIAN_POINT('',(0.00877165886386607,0.0227612574113277,0.00210671933324787));
#4640=CARTESIAN_POINT('',(0.00889227538009029,0.0227612574113277,0.00213953177012676));
#4641=CARTESIAN_POINT('',(0.00887036918678816,0.0227612574113277,0.00219228694864625));
#4642=CARTESIAN_POINT('',(0.00884846814505466,0.0227612574113277,0.00224504426520525));
#4643=CARTESIAN_POINT('',(0.00884846814505466,0.0227612574113277,0.00224504426520525));
#4644=CARTESIAN_POINT('',(0.00884312012632464,0.0227612574113277,0.00225793037007322));
#4645=CARTESIAN_POINT('',(0.00883020867679253,0.0227612574113277,0.00229452187133485));
#4646=CARTESIAN_POINT('',(0.00882184185707999,0.0227612574113277,0.00234247655318186));
#4647=CARTESIAN_POINT('',(0.0088239937015823,0.0227612574113277,0.0023867410916813));
#4648=CARTESIAN_POINT('',(0.00883199611099395,0.0227612574113277,0.00241855862721455));
#4649=CARTESIAN_POINT('',(0.00884644642564697,0.0227612574113277,0.00244417025541411));
#4650=CARTESIAN_POINT('',(0.00886003301360038,0.0227612574113277,0.0024571967611608));
#4651=CARTESIAN_POINT('',(0.0088654269756175,0.0227612574113277,0.00246133910181692));
#4652=CARTESIAN_POINT('',(0.00886541742966625,0.0227612574113277,0.0024613515320917));
#4653=CARTESIAN_POINT('',(0.0107499998380496,0.0227612574113277,2.22905751148805E-10));
#4654=CARTESIAN_POINT('',(0.00899147475584175,0.0227612574113277,0.00255295690634569));
#4655=CARTESIAN_POINT('',(0.00899147475584175,0.0227612574113277,0.00255295690634569));
#4656=CARTESIAN_POINT('',(0.00900685505116811,0.0227612574113277,0.00256355114611793));
#4657=CARTESIAN_POINT('',(0.00904422354743684,0.0227612574113277,0.00257442700140829));
#4658=CARTESIAN_POINT('',(0.00911882932938425,0.0227612574113277,0.00256167271270624));
#4659=CARTESIAN_POINT('',(0.00917280276035783,0.0227612574113277,0.00252758750135594));
#4660=CARTESIAN_POINT('',(0.00920244530698146,0.0227612574113277,0.00250222533249816));
#4661=CARTESIAN_POINT('',(0.00920244530696634,0.0227612574113277,0.00250222533251109));
#4662=CARTESIAN_POINT('',(0.00924584908151506,0.0227612574113277,0.00246508905427453));
#4663=CARTESIAN_POINT('',(0.00928925285606378,0.0227612574113277,0.00242795277603796));
#4664=CARTESIAN_POINT('',(0.00935773188184603,0.0227612574113277,0.00253252630532676));
#4665=CARTESIAN_POINT('',(0.00948271912980105,0.0227612574113277,0.00253431176006738));
#4666=CARTESIAN_POINT('',(0.00947462082851823,0.0227612574113277,0.00259085746123585));
#4667=CARTESIAN_POINT('',(0.00946652252723542,0.0227612574113277,0.00264740316240431));
#4668=CARTESIAN_POINT('',(0.00953673213654615,0.0227612574113277,0.00285271468806646));
#4669=CARTESIAN_POINT('',(0.00952083579832463,0.0227612574113277,0.00284595392904897));
#4670=CARTESIAN_POINT('',(0.00949691007986588,0.0227612574113277,0.0028250005507963));
#4671=CARTESIAN_POINT('',(0.0094745495268216,0.0227612574113277,0.00278500757318802));
#4672=CARTESIAN_POINT('',(0.0094642368137986,0.0227612574113277,0.00274103264869889));
#4673=CARTESIAN_POINT('',(0.00946173792883425,0.0227612574113277,0.00269315066304959));
#4674=CARTESIAN_POINT('',(0.00946437167902378,0.0227612574113277,0.00266242131602102));
#4675=CARTESIAN_POINT('',(0.00946652252723542,0.0227612574113277,0.00264740316240431));
#4676=CARTESIAN_POINT('',(0.00953673213654615,0.0227612574113277,0.00285271468806646));
#4677=CARTESIAN_POINT('',(0.0107499997957541,0.0227612574113277,5.1586662610896E-10));
#4678=CARTESIAN_POINT('',(0.00968161662506456,0.0227612574113277,0.00291007851511975));
#4679=CARTESIAN_POINT('',(0.00968161662506456,0.0227612574113277,0.00291007851511975));
#4680=CARTESIAN_POINT('',(0.00969914840042441,0.0227612574113277,0.00291651499345882));
#4681=CARTESIAN_POINT('',(0.00973804761189198,0.0227612574113277,0.00291775599663535));
#4682=CARTESIAN_POINT('',(0.0098071376533909,0.0227612574113277,0.00288684870387202));
#4683=CARTESIAN_POINT('',(0.00985093876241555,0.0227612574113277,0.00284041169565589));
#4684=CARTESIAN_POINT('',(0.00987334271901667,0.0227612574113277,0.00280847452439544));
#4685=CARTESIAN_POINT('',(0.00987334271900525,0.0227612574113277,0.00280847452441171));
#4686=CARTESIAN_POINT('',(0.0099061474673182,0.0227612574113277,0.00276171087084973));
#4687=CARTESIAN_POINT('',(0.00993895221563114,0.0227612574113277,0.00271494721728776));
#4688=CARTESIAN_POINT('',(0.0100312862260936,0.0227612574113277,0.00279920533566174));
#4689=CARTESIAN_POINT('',(0.0101527907943566,0.0227612574113277,0.00276985163246744));
#4690=CARTESIAN_POINT('',(0.0101590092525215,0.0227612574113277,0.0028266347424862));
#4691=CARTESIAN_POINT('',(0.0101652277106865,0.0227612574113277,0.00288341785250495));
#4692=CARTESIAN_POINT('',(0.0101652277106865,0.0227612574113277,0.00288341785250495));
#4693=CARTESIAN_POINT('',(0.0101694745979224,0.0227612574113277,0.00292219779743031));
#4694=CARTESIAN_POINT('',(0.010185486603033,0.0227612574113277,0.0029839922031319));
#4695=CARTESIAN_POINT('',(0.0102311409660746,0.0227612574113277,0.00304436085157612));
#4696=CARTESIAN_POINT('',(0.0102658264627711,0.0227612574113277,0.00306201319024728));
#4697=CARTESIAN_POINT('',(0.0102842904717202,0.0227612574113277,0.00306481885847589));
#4698=CARTESIAN_POINT('',(0.0102842904713036,0.0227612574113277,0.00306481885841259));
#4699=CARTESIAN_POINT('',(0.0107499999304747,0.0227612574113277,5.50349507719844E-10));
#4700=CARTESIAN_POINT('',(0.0104388889509737,0.0227612574113277,0.00308434918826871));
#4701=CARTESIAN_POINT('',(0.0104388889509737,0.0227612574113277,0.00308434918826871));
#4702=CARTESIAN_POINT('',(0.0104574706204439,0.0227612574113277,0.00308622347756886));
#4703=CARTESIAN_POINT('',(0.0104954563665925,0.0227612574113277,0.00307775165183788));
#4704=CARTESIAN_POINT('',(0.0105546894862401,0.0227612574113277,0.00303063337388666));
#4705=CARTESIAN_POINT('',(0.0105855660885466,0.0227612574113277,0.00297476237681429));
#4706=CARTESIAN_POINT('',(0.010599323732136,0.0227612574113277,0.00293825693307815));
#4707=CARTESIAN_POINT('',(0.010599323732136,0.0227612574113277,0.00293825693307815));
#4708=CARTESIAN_POINT('',(0.0106194682112222,0.0227612574113277,0.00288480423654736));
#4709=CARTESIAN_POINT('',(0.0106396126903154,0.0227612574113277,0.00283135153999799));
#4710=CARTESIAN_POINT('',(0.01075,0.0227612574113277,0.00289));
#4711=CARTESIAN_POINT('',(0.0108603873096844,0.0227612574113277,0.00283135153999778));
#4712=CARTESIAN_POINT('',(0.0108805317887746,0.0227612574113277,0.00288480423653914));
#4713=CARTESIAN_POINT('',(0.0107500000695296,0.026202,5.50383200169716E-10));
#4714=CARTESIAN_POINT('',(0.0107500000695296,0.0262,5.50383200169716E-10));
#4715=CARTESIAN_POINT('',(0.0112157095282797,0.0262,0.00306481885847591));
#4716=CARTESIAN_POINT('',(0.0110611110486068,0.0262,0.00308434918831101));
#4717=CARTESIAN_POINT('',(0.0112157095282797,0.026202,0.00306481885847591));
#4718=CARTESIAN_POINT('',(0.0110611110486068,0.026202,0.00308434918831101));
#4719=CARTESIAN_POINT('',(0.0112157095282797,0.0262,0.00306481885847591));
#4720=CARTESIAN_POINT('',(0.0112157095282797,0.0227612574113277,0.00306481885847591));
#4721=CARTESIAN_POINT('',(0.0112895655640756,0.0262,0.00305359618556131));
#4722=CARTESIAN_POINT('',(0.0112895655640756,0.0227612574113277,0.00305359618556131));
#4723=CARTESIAN_POINT('',(0.0113262785148461,0.0262,0.00296097774235097));
#4724=CARTESIAN_POINT('',(0.0113262785148461,0.0227612574113277,0.00296097774235097));
#4725=CARTESIAN_POINT('',(0.0113347722893138,0.0262,0.00288341785250247));
#4726=CARTESIAN_POINT('',(0.0113347722893138,0.0227612574113277,0.00288341785250247));
#4727=CARTESIAN_POINT('',(0.0112157095282797,0.0262,0.00306481885847591));
#4728=CARTESIAN_POINT('',(0.0112341735372286,0.0262,0.00306201319024726));
#4729=CARTESIAN_POINT('',(0.011268859033926,0.0262,0.00304436085157664));
#4730=CARTESIAN_POINT('',(0.0113145133969707,0.0262,0.00298399220313013));
#4731=CARTESIAN_POINT('',(0.0113305254020799,0.0262,0.00292219779742672));
#4732=CARTESIAN_POINT('',(0.0113347722893138,0.0262,0.00288341785250247));
#4733=CARTESIAN_POINT('',(0.0113347722924028,0.0262,0.00288341785287094));
#4734=CARTESIAN_POINT('',(0.0113347722924028,0.026202,0.00288341785287094));
#4735=CARTESIAN_POINT('',(0.0113409907518879,0.026202,0.00282663473081085));
#4736=CARTESIAN_POINT('',(0.0113409907518879,0.0262,0.00282663473081085));
#4737=CARTESIAN_POINT('',(0.011347209211373,0.0262,0.00276985160875072));
#4738=CARTESIAN_POINT('',(0.011347209211373,0.026202,0.00276985160875072));
#4739=CARTESIAN_POINT('',(0.0114687137739064,0.026202,0.00279920533566175));
#4740=CARTESIAN_POINT('',(0.0114687137739064,0.0262,0.00279920533566175));
#4741=CARTESIAN_POINT('',(0.0115610477843688,0.0262,0.00271494721728774));
#4742=CARTESIAN_POINT('',(0.0115610477843688,0.026202,0.00271494721728774));
#4743=CARTESIAN_POINT('',(0.0115938525728858,0.026202,0.00276171092816119));
#4744=CARTESIAN_POINT('',(0.0115938525728858,0.0262,0.00276171092816119));
#4745=CARTESIAN_POINT('',(0.0116266573614028,0.0262,0.00280847463903463));
#4746=CARTESIAN_POINT('',(0.0116266573614028,0.026202,0.00280847463903463));
#4747=CARTESIAN_POINT('',(0.0118183833746397,0.0262,0.00291007851522833));
#4748=CARTESIAN_POINT('',(0.0118183833746397,0.0227612574113277,0.00291007851522833));
#4749=CARTESIAN_POINT('',(0.0117535194151444,0.0262,0.002933892159641));
#4750=CARTESIAN_POINT('',(0.0117535194151444,0.0227612574113277,0.002933892159641));
#4751=CARTESIAN_POINT('',(0.0116828839555826,0.0262,0.00287191513294264));
#4752=CARTESIAN_POINT('',(0.0116828839555826,0.0227612574113277,0.00287191513294264));
#4753=CARTESIAN_POINT('',(0.011644082826855,0.0262,0.00283331487852853));
#4754=CARTESIAN_POINT('',(0.011644082826855,0.0227612574113277,0.00283331487852853));
#4755=CARTESIAN_POINT('',(0.0116266573614028,0.0262,0.00280847463903463));
#4756=CARTESIAN_POINT('',(0.0116266573614028,0.0227612574113277,0.00280847463903463));
#4757=CARTESIAN_POINT('',(0.0118183833746397,0.0262,0.00291007851522833));
#4758=CARTESIAN_POINT('',(0.0118021673847659,0.0262,0.00291603192633149));
#4759=CARTESIAN_POINT('',(0.011770382712179,0.0262,0.00291713585227492));
#4760=CARTESIAN_POINT('',(0.0117267054934384,0.0262,0.00290328907815481));
#4761=CARTESIAN_POINT('',(0.0116890849418887,0.0262,0.00287829227566312));
#4762=CARTESIAN_POINT('',(0.0116544858584438,0.0262,0.00284509841477658));
#4763=CARTESIAN_POINT('',(0.0116353700941289,0.0262,0.00282089475878158));
#4764=CARTESIAN_POINT('',(0.0116266573614028,0.0262,0.00280847463903463));
#4765=CARTESIAN_POINT('',(0.0118183833746397,0.0262,0.00291007851522833));
#4766=CARTESIAN_POINT('',(0.0118183833746397,0.026202,0.00291007851522833));
#4767=CARTESIAN_POINT('',(0.0107500002042222,0.026202,5.15806476090314E-10));
#4768=CARTESIAN_POINT('',(0.0107500002042222,0.0262,5.15806476090314E-10));
#4769=CARTESIAN_POINT('',(0.0119632678633479,0.0262,0.00285271468811152));
#4770=CARTESIAN_POINT('',(0.0119632678633479,0.026202,0.00285271468811152));
#4771=CARTESIAN_POINT('',(0.0120334774794419,0.0262,0.00264740307555131));
#4772=CARTESIAN_POINT('',(0.0120334774794419,0.0227612574113277,0.00264740307555131));
#4773=CARTESIAN_POINT('',(0.0120377736070422,0.0262,0.00267740041422679));
#4774=CARTESIAN_POINT('',(0.0120377736070422,0.0227612574113277,0.00267740041422679));
#4775=CARTESIAN_POINT('',(0.0120358282172512,0.0262,0.00273193350535479));
#4776=CARTESIAN_POINT('',(0.0120358282172512,0.0227612574113277,0.00273193350535479));
#4777=CARTESIAN_POINT('',(0.0120271238220502,0.0262,0.00282555656277212));
#4778=CARTESIAN_POINT('',(0.0120271238220502,0.0227612574113277,0.00282555656277212));
#4779=CARTESIAN_POINT('',(0.0119632678633479,0.0262,0.00285271468811152));
#4780=CARTESIAN_POINT('',(0.0119632678633479,0.0227612574113277,0.00285271468811152));
#4781=CARTESIAN_POINT('',(0.0120334774794419,0.0262,0.00264740307555131));
#4782=CARTESIAN_POINT('',(0.012035625543242,0.0262,0.00266240174488905));
#4783=CARTESIAN_POINT('',(0.0120382439454977,0.0262,0.00269292000450272));
#4784=CARTESIAN_POINT('',(0.0120358146512177,0.0262,0.00274084250459897));
#4785=CARTESIAN_POINT('',(0.0120254093127227,0.0262,0.00278509538298661));
#4786=CARTESIAN_POINT('',(0.0120031368281152,0.0262,0.00282491693911316));
#4787=CARTESIAN_POINT('',(0.0119792318530235,0.0262,0.00284592515677667));
#4788=CARTESIAN_POINT('',(0.0119632678633479,0.0262,0.00285271468811152));
#4789=CARTESIAN_POINT('',(0.0120334774626951,0.0262,0.00264740309209538));
#4790=CARTESIAN_POINT('',(0.0120334774626951,0.026202,0.00264740309209538));
#4791=CARTESIAN_POINT('',(0.012025379166447,0.026202,0.00259085742608135));
#4792=CARTESIAN_POINT('',(0.012025379166447,0.0262,0.00259085742608135));
#4793=CARTESIAN_POINT('',(0.0120172808701989,0.0262,0.00253431176006734));
#4794=CARTESIAN_POINT('',(0.0120172808701989,0.026202,0.00253431176006734));
#4795=CARTESIAN_POINT('',(0.0121422681181539,0.026202,0.00253252630532678));
#4796=CARTESIAN_POINT('',(0.0121422681181539,0.0262,0.00253252630532678));
#4797=CARTESIAN_POINT('',(0.0122107471470613,0.0262,0.00242795277808442));
#4798=CARTESIAN_POINT('',(0.0122107471470613,0.026202,0.00242795277808442));
#4799=CARTESIAN_POINT('',(0.0122541509201956,0.026202,0.00246508905511117));
#4800=CARTESIAN_POINT('',(0.0122541509201956,0.0262,0.00246508905511117));
#4801=CARTESIAN_POINT('',(0.0122975546930204,0.0262,0.00250222533249981));
#4802=CARTESIAN_POINT('',(0.0122975546930204,0.026202,0.00250222533249981));
#4803=CARTESIAN_POINT('',(0.0122975546930204,0.0262,0.00250222533249981));
#4804=CARTESIAN_POINT('',(0.0122975546930204,0.0227612574113277,0.00250222533249981));
#4805=CARTESIAN_POINT('',(0.0123568397862723,0.0262,0.00255294967021408));
#4806=CARTESIAN_POINT('',(0.0123568397862723,0.0227612574113277,0.00255294967021408));
#4807=CARTESIAN_POINT('',(0.0124470040628524,0.0262,0.00259533386543518));
#4808=CARTESIAN_POINT('',(0.0124470040628524,0.0227612574113277,0.00259533386543518));
#4809=CARTESIAN_POINT('',(0.0125085252441582,0.0262,0.00255295690634577));
#4810=CARTESIAN_POINT('',(0.0125085252441582,0.0227612574113277,0.00255295690634577));
#4811=CARTESIAN_POINT('',(0.0122975546930204,0.0262,0.00250222533249981));
#4812=CARTESIAN_POINT('',(0.0123271972396464,0.0262,0.00252758750135695));
#4813=CARTESIAN_POINT('',(0.0123811706706197,0.0262,0.00256167271270498));
#4814=CARTESIAN_POINT('',(0.0124557764525632,0.0262,0.00257442700140752));
#4815=CARTESIAN_POINT('',(0.0124931449488317,0.0262,0.00256355114611812));
#4816=CARTESIAN_POINT('',(0.0125085252441582,0.0262,0.00255295690634577));
#4817=CARTESIAN_POINT('',(0.0125085252438112,0.0262,0.00255295690658478));
#4818=CARTESIAN_POINT('',(0.0125085252438112,0.026202,0.00255295690658478));
#4819=CARTESIAN_POINT('',(0.0107500003260031,0.026202,4.48704299627414E-10));
#4820=CARTESIAN_POINT('',(0.0107500003260031,0.0262,4.48704299627414E-10));
#4821=CARTESIAN_POINT('',(0.0126345873255939,0.0262,0.0024613577607937));
#4822=CARTESIAN_POINT('',(0.0126345825705594,0.026202,0.00246135153191959));
#4823=CARTESIAN_POINT('',(0.0126345730246161,0.0262,0.00246133910163941));
#4824=CARTESIAN_POINT('',(0.0126345730246161,0.0227612574113277,0.00246133910163941));
#4825=CARTESIAN_POINT('',(0.0126654680154689,0.0262,0.00243761302101698));
#4826=CARTESIAN_POINT('',(0.0126654680154689,0.0227612574113277,0.00243761302101698));
#4827=CARTESIAN_POINT('',(0.0126759448134163,0.0262,0.00240037014015424));
#4828=CARTESIAN_POINT('',(0.0126759448134163,0.0227612574113277,0.00240037014015424));
#4829=CARTESIAN_POINT('',(0.0126767941403314,0.0262,0.00236431080880726));
#4830=CARTESIAN_POINT('',(0.0126767941403314,0.0227612574113277,0.00236431080880726));
#4831=CARTESIAN_POINT('',(0.0126326628731394,0.0262,0.0024628060193075));
#4832=CARTESIAN_POINT('',(0.0126332995903149,0.0262,0.0024623170467387));
#4833=CARTESIAN_POINT('',(0.0126339363074905,0.0262,0.00246182807416989));
#4834=CARTESIAN_POINT('',(0.012634573024666,0.0262,0.00246133910160109));
#4835=CARTESIAN_POINT('',(0.0126399669865704,0.0262,0.00245719676099879));
#4836=CARTESIAN_POINT('',(0.0126535535744063,0.0262,0.00244417025532041));
#4837=CARTESIAN_POINT('',(0.0126680038890044,0.0262,0.00241855862722333));
#4838=CARTESIAN_POINT('',(0.0126760062984183,0.0262,0.00238674109169253));
#4839=CARTESIAN_POINT('',(0.0126781581429238,0.0262,0.00234247655319655));
#4840=CARTESIAN_POINT('',(0.0126697913232171,0.0262,0.00229452187136749));
#4841=CARTESIAN_POINT('',(0.012656879873695,0.0262,0.00225793037012355));
#4842=CARTESIAN_POINT('',(0.012651531854973,0.0262,0.00224504426527004));
#4843=CARTESIAN_POINT('',(0.0126767941467295,0.0262,0.00236431053716064));
#4844=CARTESIAN_POINT('',(0.0126767941467295,0.026202,0.00236431053716064));
#4845=CARTESIAN_POINT('',(0.012676794140089,0.0262,0.00236431081910207));
#4846=CARTESIAN_POINT('',(0.012676794140089,0.0227612574113277,0.00236431081910207));
#4847=CARTESIAN_POINT('',(0.0126776951994028,0.0262,0.00232605520196775));
#4848=CARTESIAN_POINT('',(0.0126776951994028,0.0227612574113277,0.00232605520196775));
#4849=CARTESIAN_POINT('',(0.012668089748969,0.0262,0.00228494067724576));
#4850=CARTESIAN_POINT('',(0.012668089748969,0.0227612574113277,0.00228494067724576));
#4851=CARTESIAN_POINT('',(0.012651531854973,0.0262,0.00224504426527004));
#4852=CARTESIAN_POINT('',(0.012651531854973,0.0227612574113277,0.00224504426527004));
#4853=CARTESIAN_POINT('',(0.012634573024666,0.0262,0.00246133910160109));
#4854=CARTESIAN_POINT('',(0.0126399669865704,0.0262,0.00245719676099879));
#4855=CARTESIAN_POINT('',(0.0126535535744063,0.0262,0.00244417025532041));
#4856=CARTESIAN_POINT('',(0.0126680038890044,0.0262,0.00241855862722333));
#4857=CARTESIAN_POINT('',(0.0126760062984183,0.0262,0.00238674109169253));
#4858=CARTESIAN_POINT('',(0.0126781581429238,0.0262,0.00234247655319655));
#4859=CARTESIAN_POINT('',(0.0126697913232171,0.0262,0.00229452187136749));
#4860=CARTESIAN_POINT('',(0.012656879873695,0.0262,0.00225793037012355));
#4861=CARTESIAN_POINT('',(0.012651531854973,0.0262,0.00224504426527004));
#4862=CARTESIAN_POINT('',(0.0126515370071338,0.0262,0.00224504212692968));
#4863=CARTESIAN_POINT('',(0.0126515370071338,0.026202,0.00224504212692968));
#4864=CARTESIAN_POINT('',(0.0126296308128392,0.026202,0.00219228694601941));
#4865=CARTESIAN_POINT('',(0.0126296308128392,0.0262,0.00219228694601941));
#4866=CARTESIAN_POINT('',(0.0126077246185447,0.0262,0.0021395317651091));
#4867=CARTESIAN_POINT('',(0.0126077246185447,0.026202,0.0021395317651091));
#4868=CARTESIAN_POINT('',(0.0127283411361339,0.026202,0.00210671933324789));
#4869=CARTESIAN_POINT('',(0.0127283411361339,0.0262,0.00210671933324789));
#4870=CARTESIAN_POINT('',(0.0127686623881978,0.0262,0.00198840113248403));
#4871=CARTESIAN_POINT('',(0.0127686623881978,0.026202,0.00198840113248403));
#4872=CARTESIAN_POINT('',(0.0128199379701917,0.026202,0.00201357662645208));
#4873=CARTESIAN_POINT('',(0.0128199379701917,0.0262,0.00201357662645208));
#4874=CARTESIAN_POINT('',(0.0128712135521856,0.0262,0.00203875212042012));
#4875=CARTESIAN_POINT('',(0.0128712135521856,0.026202,0.00203875212042012));
#4876=CARTESIAN_POINT('',(0.0128712135521856,0.0262,0.00203875212042012));
#4877=CARTESIAN_POINT('',(0.0128712135521856,0.0227612574113277,0.00203875212042012));
#4878=CARTESIAN_POINT('',(0.012941250725038,0.0262,0.00207313925663818));
#4879=CARTESIAN_POINT('',(0.012941250725038,0.0227612574113277,0.00207313925663818));
#4880=CARTESIAN_POINT('',(0.013039122845796,0.0262,0.00209176893065835));
#4881=CARTESIAN_POINT('',(0.013039122845796,0.0227612574113277,0.00209176893065835));
#4882=CARTESIAN_POINT('',(0.0130881725048871,0.0262,0.00203542362602731));
#4883=CARTESIAN_POINT('',(0.0130881725048871,0.0227612574113277,0.00203542362602731));
#4884=CARTESIAN_POINT('',(0.0128712135521856,0.0262,0.00203875212042012));
#4885=CARTESIAN_POINT('',(0.0129062321386118,0.0262,0.00205594568852915));
#4886=CARTESIAN_POINT('',(0.012966986542365,0.0262,0.00207553740382571));
#4887=CARTESIAN_POINT('',(0.0130424203090967,0.0262,0.00206933728960178));
#4888=CARTESIAN_POINT('',(0.0130759100901143,0.0262,0.00204950995218507));
#4889=CARTESIAN_POINT('',(0.0130881725048871,0.0262,0.00203542362602731));
#4890=CARTESIAN_POINT('',(0.0130881725046104,0.0262,0.00203542362634517));
#4891=CARTESIAN_POINT('',(0.0130881725046104,0.026202,0.00203542362634517));
#4892=CARTESIAN_POINT('',(0.0107500004274479,0.026202,3.53615560878123E-10));
#4893=CARTESIAN_POINT('',(0.0107500004274479,0.0262,3.53615560878123E-10));
#4894=CARTESIAN_POINT('',(0.0131875005153725,0.0262,0.00191535668677118));
#4895=CARTESIAN_POINT('',(0.0131875005153725,0.026202,0.00191535668677118));
#4896=CARTESIAN_POINT('',(0.0131875005153725,0.0262,0.00191535668677118));
#4897=CARTESIAN_POINT('',(0.0131875005153725,0.0227612574113277,0.00191535668677118));
#4898=CARTESIAN_POINT('',(0.0132336568001489,0.0262,0.00185661777474115));
#4899=CARTESIAN_POINT('',(0.0132336568001489,0.0227612574113277,0.00185661777474115));
#4900=CARTESIAN_POINT('',(0.0131970177022254,0.0262,0.00176397009112015));
#4901=CARTESIAN_POINT('',(0.0131970177022254,0.0227612574113277,0.00176397009112015));
#4902=CARTESIAN_POINT('',(0.0131501159992088,0.0262,0.00170161697594408));
#4903=CARTESIAN_POINT('',(0.0131501159992088,0.0227612574113277,0.00170161697594408));
#4904=CARTESIAN_POINT('',(0.0131875005153725,0.0262,0.00191535668677118));
#4905=CARTESIAN_POINT('',(0.0131990395865666,0.0262,0.00190067195876367));
#4906=CARTESIAN_POINT('',(0.0132122403681356,0.0262,0.00186406010129031));
#4907=CARTESIAN_POINT('',(0.0132041957829173,0.0262,0.00178880068839767));
#4908=CARTESIAN_POINT('',(0.0131735668507171,0.0262,0.00173279353353212));
#4909=CARTESIAN_POINT('',(0.0131501159992088,0.0262,0.00170161697594408));
#4910=CARTESIAN_POINT('',(0.0131501159992208,0.0262,0.00170161697595995));
#4911=CARTESIAN_POINT('',(0.0131501159992208,0.026202,0.00170161697595995));
#4912=CARTESIAN_POINT('',(0.0131157783464998,0.026202,0.00165596704264177));
#4913=CARTESIAN_POINT('',(0.0131157783464998,0.0262,0.00165596704264177));
#4914=CARTESIAN_POINT('',(0.0130814406937787,0.0262,0.00161031710932358));
#4915=CARTESIAN_POINT('',(0.0130814406937787,0.026202,0.00161031710932358));
#4916=CARTESIAN_POINT('',(0.0131901077047008,0.026202,0.00154853943748931));
#4917=CARTESIAN_POINT('',(0.0131901077047008,0.0262,0.00154853943748931));
#4918=CARTESIAN_POINT('',(0.0131997376651269,0.0262,0.00142391093407941));
#4919=CARTESIAN_POINT('',(0.0131997376651269,0.026202,0.00142391093407941));
#4920=CARTESIAN_POINT('',(0.0132556632737717,0.026202,0.00143554378585041));
#4921=CARTESIAN_POINT('',(0.0132556632737717,0.0262,0.00143554378585041));
#4922=CARTESIAN_POINT('',(0.0133115887625892,0.0262,0.00144717661460863));
#4923=CARTESIAN_POINT('',(0.0133115887625892,0.026202,0.00144717661460863));
#4924=CARTESIAN_POINT('',(0.0133115887625892,0.0262,0.00144717661460863));
#4925=CARTESIAN_POINT('',(0.0133115887625892,0.0227612574113277,0.00144717661460863));
#4926=CARTESIAN_POINT('',(0.013387977321893,0.0262,0.00146306587909487));
#4927=CARTESIAN_POINT('',(0.013387977321893,0.0227612574113277,0.00146306587909487));
#4928=CARTESIAN_POINT('',(0.0134874076215331,0.0262,0.00145677046098023));
#4929=CARTESIAN_POINT('',(0.0134874076215331,0.0227612574113277,0.00145677046098023));
#4930=CARTESIAN_POINT('',(0.013520903787937,0.0262,0.0013899971935211));
#4931=CARTESIAN_POINT('',(0.013520903787937,0.0227612574113277,0.0013899971935211));
#4932=CARTESIAN_POINT('',(0.0133115887625892,0.0262,0.00144717661460863));
#4933=CARTESIAN_POINT('',(0.0133497830422411,0.0262,0.00145512124685175));
#4934=CARTESIAN_POINT('',(0.0134135009961474,0.0262,0.00145898844657146));
#4935=CARTESIAN_POINT('',(0.0134850229666774,0.0262,0.00143422350540018));
#4936=CARTESIAN_POINT('',(0.013512529746336,0.0262,0.00140669051038588));
#4937=CARTESIAN_POINT('',(0.013520903787937,0.0262,0.0013899971935211));
#4938=CARTESIAN_POINT('',(0.0135209037877481,0.0262,0.00138999719389778));
#4939=CARTESIAN_POINT('',(0.0135209037877481,0.026202,0.00138999719389778));
#4940=CARTESIAN_POINT('',(0.0107500005019167,0.026202,2.36183586251916E-10));
#4941=CARTESIAN_POINT('',(0.0107500005019167,0.0262,2.36183586251916E-10));
#4942=CARTESIAN_POINT('',(0.0135872517927457,0.0262,0.00124900050622944));
#4943=CARTESIAN_POINT('',(0.0135872517927457,0.026202,0.00124900050622944));
#4944=CARTESIAN_POINT('',(0.0135872517927457,0.0262,0.00124900050622944));
#4945=CARTESIAN_POINT('',(0.0135872517927457,0.0227612574113277,0.00124900050622944));
#4946=CARTESIAN_POINT('',(0.0136173502195555,0.0262,0.00118062838388115));
#4947=CARTESIAN_POINT('',(0.0136173502195555,0.0227612574113277,0.00118062838388115));
#4948=CARTESIAN_POINT('',(0.0135588216642821,0.0262,0.00110000317073667));
#4949=CARTESIAN_POINT('',(0.0135588216642821,0.0227612574113277,0.00110000317073667));
#4950=CARTESIAN_POINT('',(0.0134978868753344,0.0262,0.00105127297256425));
#4951=CARTESIAN_POINT('',(0.0134978868753344,0.0227612574113277,0.00105127297256425));
#4952=CARTESIAN_POINT('',(0.0135872517927457,0.0262,0.00124900050622944));
#4953=CARTESIAN_POINT('',(0.0135947763994481,0.0262,0.00123190747564237));
#4954=CARTESIAN_POINT('',(0.0135984574554857,0.0262,0.00119316294611713));
#4955=CARTESIAN_POINT('',(0.0135719493508046,0.0262,0.00112226855306314));
#4956=CARTESIAN_POINT('',(0.0135283542698083,0.0262,0.00107563807165046));
#4957=CARTESIAN_POINT('',(0.0134978868753344,0.0262,0.00105127297256425));
#4958=CARTESIAN_POINT('',(0.01349788687535,0.0262,0.00105127297257668));
#4959=CARTESIAN_POINT('',(0.01349788687535,0.026202,0.00105127297257668));
#4960=CARTESIAN_POINT('',(0.0134532753263657,0.026202,0.00101559664283874));
#4961=CARTESIAN_POINT('',(0.0134532753263657,0.0262,0.00101559664283874));
#4962=CARTESIAN_POINT('',(0.0134086637773815,0.0262,0.000979920313100796));
#4963=CARTESIAN_POINT('',(0.0134086637773815,0.026202,0.000979920313100796));
#4964=CARTESIAN_POINT('',(0.013498553332093,0.026202,0.000893059113743614));
#4965=CARTESIAN_POINT('',(0.013498553332093,0.0262,0.000893059113743614));
#4966=CARTESIAN_POINT('',(0.0134768868866932,0.0262,0.0007699511727173));
#4967=CARTESIAN_POINT('',(0.0134768868866932,0.026202,0.0007699511727173));
#4968=CARTESIAN_POINT('',(0.013533948408434,0.026202,0.000767310426237644));
#4969=CARTESIAN_POINT('',(0.013533948408434,0.0262,0.000767310426237644));
#4970=CARTESIAN_POINT('',(0.0135910099301748,0.0262,0.000764669679757988));
#4971=CARTESIAN_POINT('',(0.0135910099301748,0.026202,0.000764669679757988));
#4972=CARTESIAN_POINT('',(0.0135910099301748,0.0262,0.000764669679757988));
#4973=CARTESIAN_POINT('',(0.0135910099301748,0.0227612574113277,0.000764669679757988));
#4974=CARTESIAN_POINT('',(0.0136689501018117,0.0262,0.00076106269158812));
#4975=CARTESIAN_POINT('',(0.0136689501018117,0.0227612574113277,0.00076106269158812));
#4976=CARTESIAN_POINT('',(0.0137636910089284,0.0262,0.00073023774561176));
#4977=CARTESIAN_POINT('',(0.0137636910089284,0.0227612574113277,0.00073023774561176));
#4978=CARTESIAN_POINT('',(0.0137795289953195,0.0262,0.000657232125293884));
#4979=CARTESIAN_POINT('',(0.0137795289953195,0.0227612574113277,0.000657232125293884));
#4980=CARTESIAN_POINT('',(0.0135910099301748,0.0262,0.000764669679757988));
#4981=CARTESIAN_POINT('',(0.0136299800159933,0.0262,0.000762866185673054));
#4982=CARTESIAN_POINT('',(0.0136926578866704,0.0262,0.000750765879434958));
#4983=CARTESIAN_POINT('',(0.013755774072551,0.0262,0.000708992183649204));
#4984=CARTESIAN_POINT('',(0.0137755694987218,0.0262,0.000675483530373353));
#4985=CARTESIAN_POINT('',(0.0137795289953195,0.0262,0.000657232125293884));
#4986=CARTESIAN_POINT('',(0.0137795289952302,0.0262,0.00065723212570567));
#4987=CARTESIAN_POINT('',(0.0137795289952302,0.026202,0.00065723212570567));
#4988=CARTESIAN_POINT('',(0.0107500005448679,0.026202,1.03939490803291E-10));
#4989=CARTESIAN_POINT('',(0.0107500005448679,0.0262,1.03939490803291E-10));
#4990=CARTESIAN_POINT('',(0.0138087281052985,0.0262,0.000504165030378768));
#4991=CARTESIAN_POINT('',(0.0138087281052985,0.026202,0.000504165030378768));
#4992=CARTESIAN_POINT('',(0.0138087281052985,0.0262,0.000504165030378768));
#4993=CARTESIAN_POINT('',(0.0138087281052985,0.0227612574113277,0.000504165030378768));
#4994=CARTESIAN_POINT('',(0.013820877479291,0.0262,0.000430455769614396));
#4995=CARTESIAN_POINT('',(0.013820877479291,0.0227612574113277,0.000430455769614396));
#4996=CARTESIAN_POINT('',(0.0137441370310484,0.0262,0.000366919005607125));
#4997=CARTESIAN_POINT('',(0.0137441370310484,0.0227612574113277,0.000366919005607125));
#4998=CARTESIAN_POINT('',(0.0136729979130618,0.0262,0.000334873622006672));
#4999=CARTESIAN_POINT('',(0.0136729979130618,0.0227612574113277,0.000334873622006672));
#5000=CARTESIAN_POINT('',(0.0138087281052985,0.0262,0.000504165030378768));
#5001=CARTESIAN_POINT('',(0.0138117654487967,0.0262,0.000485737715187675));
#5002=CARTESIAN_POINT('',(0.0138056954850139,0.0262,0.000447294974893046));
#5003=CARTESIAN_POINT('',(0.0137623894625771,0.0262,0.000385220157124615));
#5004=CARTESIAN_POINT('',(0.0137085674720551,0.0262,0.000350896313806898));
#5005=CARTESIAN_POINT('',(0.0136729979130618,0.0262,0.000334873622006672));
#5006=CARTESIAN_POINT('',(0.0136729979134452,0.0262,0.000334873621210853));
#5007=CARTESIAN_POINT('',(0.0136729979134452,0.026202,0.000334873621210853));
#5008=CARTESIAN_POINT('',(0.0136209155727573,0.026202,0.000311412568647215));
#5009=CARTESIAN_POINT('',(0.0136209155727573,0.0262,0.000311412568647215));
#5010=CARTESIAN_POINT('',(0.0135688332320693,0.0262,0.000287951516083572));
#5011=CARTESIAN_POINT('',(0.0135688332320693,0.026202,0.000287951516083572));
#5012=CARTESIAN_POINT('',(0.0136342972451577,0.026202,0.000181464601439729));
#5013=CARTESIAN_POINT('',(0.0136342972451577,0.0262,0.000181464601439729));
#5014=CARTESIAN_POINT('',(0.013582695791019,0.0262,6.76125486221744E-5));
#5015=CARTESIAN_POINT('',(0.013582695791019,0.026202,6.76125486221744E-5));
#5016=CARTESIAN_POINT('',(0.0136373078931815,0.026202,5.08641426459838E-5));
#5017=CARTESIAN_POINT('',(0.0136373078931815,0.0262,5.08641426459838E-5));
#5018=CARTESIAN_POINT('',(0.013691919995344,0.0262,3.41157366697924E-5));
#5019=CARTESIAN_POINT('',(0.013691919995344,0.026202,3.41157366697924E-5));
#5020=CARTESIAN_POINT('',(0.013691919995344,0.0262,3.41157366697924E-5));
#5021=CARTESIAN_POINT('',(0.013691919995344,0.0227612574113277,3.41157366697924E-5));
#5022=CARTESIAN_POINT('',(0.0137665145116859,0.0262,1.12391361760937E-5));
#5023=CARTESIAN_POINT('',(0.0137665145116859,0.0227612574113277,1.12391361760937E-5));
#5024=CARTESIAN_POINT('',(0.0138506131066525,0.0262,-4.21784929400788E-5));
#5025=CARTESIAN_POINT('',(0.0138506131066525,0.0227612574113277,-4.21784929400788E-5));
#5026=CARTESIAN_POINT('',(0.0138477977540979,0.0262,-0.000116829254496237));
#5027=CARTESIAN_POINT('',(0.0138477977540979,0.0227612574113277,-0.000116829254496237));
#5028=CARTESIAN_POINT('',(0.013691919995344,0.0262,3.41157366697924E-5));
#5029=CARTESIAN_POINT('',(0.013729217253515,0.0262,2.26774364229431E-5));
#5030=CARTESIAN_POINT('',(0.0137869167598352,0.0262,-4.63006903020891E-6));
#5031=CARTESIAN_POINT('',(0.0138376613389824,0.0262,-6.0787724491317E-5));
#5032=CARTESIAN_POINT('',(0.0138485015922366,0.0262,-9.81665641071976E-5));
#5033=CARTESIAN_POINT('',(0.0138477977540979,0.0262,-0.000116829254496237));
#5034=CARTESIAN_POINT('',(0.0138477977541138,0.0262,-0.000116829254075111));
#5035=CARTESIAN_POINT('',(0.0138477977541138,0.026202,-0.000116829254075111));
#5036=CARTESIAN_POINT('',(0.0107500005536925,0.026202,-3.48350286943498E-11));
#5037=CARTESIAN_POINT('',(0.0107500005536925,0.0262,-3.48350286943498E-11));
#5038=CARTESIAN_POINT('',(0.0138380132817804,0.0262,-0.000272348988519918));
#5039=CARTESIAN_POINT('',(0.0138380132817804,0.026202,-0.000272348988519918));
#5040=CARTESIAN_POINT('',(0.0138380132817804,0.0262,-0.000272348988519918));
#5041=CARTESIAN_POINT('',(0.0138380132817804,0.0227612574113277,-0.000272348988519918));
#5042=CARTESIAN_POINT('',(0.0138314502131052,0.0262,-0.00034676396376281));
#5043=CARTESIAN_POINT('',(0.0138314502131052,0.0227612574113277,-0.00034676396376281));
#5044=CARTESIAN_POINT('',(0.0137413197564882,0.0262,-0.000389220030078418));
#5045=CARTESIAN_POINT('',(0.0137413197564882,0.0227612574113277,-0.000389220030078418));
#5046=CARTESIAN_POINT('',(0.0136644462418771,0.0262,-0.000402567069800621));
#5047=CARTESIAN_POINT('',(0.0136644462418771,0.0227612574113277,-0.000402567069800621));
#5048=CARTESIAN_POINT('',(0.0138380132817804,0.0262,-0.000272348988519918));
#5049=CARTESIAN_POINT('',(0.0138363725146116,0.0262,-0.000290952732330641));
#5050=CARTESIAN_POINT('',(0.0138209329291568,0.0262,-0.000326678184639423));
#5051=CARTESIAN_POINT('',(0.0137635500656225,0.0262,-0.000376033038026674));
#5052=CARTESIAN_POINT('',(0.0137028829991826,0.0262,-0.00039589354993952));
#5053=CARTESIAN_POINT('',(0.0136644462418771,0.0262,-0.000402567069800621));
#5054=CARTESIAN_POINT('',(0.0136644462418966,0.0262,-0.000402567069797223));
#5055=CARTESIAN_POINT('',(0.0136644462418966,0.026202,-0.000402567069797223));
#5056=CARTESIAN_POINT('',(0.013608165640585,0.026202,-0.0004123386982355));
#5057=CARTESIAN_POINT('',(0.013608165640585,0.0262,-0.0004123386982355));
#5058=CARTESIAN_POINT('',(0.0135518850392733,0.0262,-0.000422110326673775));
#5059=CARTESIAN_POINT('',(0.0135518850392733,0.026202,-0.000422110326673775));
#5060=CARTESIAN_POINT('',(0.0135888101546059,0.026202,-0.000541531999152734));
#5061=CARTESIAN_POINT('',(0.0135888101546059,0.0262,-0.000541531999152734));
#5062=CARTESIAN_POINT('',(0.0135105160008687,0.0262,-0.000638974420564444));
#5063=CARTESIAN_POINT('',(0.0135105160008687,0.026202,-0.000638974420564444));
#5064=CARTESIAN_POINT('',(0.0135592472042247,0.026202,-0.000668778122093356));
#5065=CARTESIAN_POINT('',(0.0135592472042247,0.0262,-0.000668778122093356));
#5066=CARTESIAN_POINT('',(0.0136079784075808,0.0262,-0.00069858182362227));
#5067=CARTESIAN_POINT('',(0.0136079784075808,0.026202,-0.00069858182362227));
#5068=CARTESIAN_POINT('',(0.0136079784075808,0.0262,-0.00069858182362227));
#5069=CARTESIAN_POINT('',(0.0136079784075808,0.0227612574113277,-0.00069858182362227));
#5070=CARTESIAN_POINT('',(0.0136745402208266,0.0262,-0.000739290615496524));
#5071=CARTESIAN_POINT('',(0.0136745402208266,0.0227612574113277,-0.000739290615496524));
#5072=CARTESIAN_POINT('',(0.0137427122796283,0.0262,-0.000811944501658825));
#5073=CARTESIAN_POINT('',(0.0137427122796283,0.0227612574113277,-0.000811944501658825));
#5074=CARTESIAN_POINT('',(0.0137214204870831,0.0262,-0.000883549822558405));
#5075=CARTESIAN_POINT('',(0.0137214204870831,0.0227612574113277,-0.000883549822558405));
#5076=CARTESIAN_POINT('',(0.0136079784075808,0.0262,-0.00069858182362227));
#5077=CARTESIAN_POINT('',(0.0136412593142037,0.0262,-0.000718936219559397));
#5078=CARTESIAN_POINT('',(0.013690354983981,0.0262,-0.00075973509323));
#5079=CARTESIAN_POINT('',(0.0137255394878615,0.0262,-0.000826748116340421));
#5080=CARTESIAN_POINT('',(0.0137267434352194,0.0262,-0.00086564849233351));
#5081=CARTESIAN_POINT('',(0.0137214204870831,0.0262,-0.000883549822558405));
#5082=CARTESIAN_POINT('',(0.0137214204872032,0.0262,-0.000883549822154396));
#5083=CARTESIAN_POINT('',(0.0137214204872032,0.026202,-0.000883549822154396));
#5084=CARTESIAN_POINT('',(0.010750000527722,0.026202,-1.71467147826263E-10));
#5085=CARTESIAN_POINT('',(0.010750000527722,0.0262,-1.71467147826263E-10));
#5086=CARTESIAN_POINT('',(0.0136732672268496,0.0262,-0.00103175031884033));
#5087=CARTESIAN_POINT('',(0.0136732672268496,0.026202,-0.00103175031884033));
#5088=CARTESIAN_POINT('',(0.0136732672268496,0.0262,-0.00103175031884033));
#5089=CARTESIAN_POINT('',(0.0136732672268496,0.0227612574113277,-0.00103175031884033));
#5090=CARTESIAN_POINT('',(0.013648404097249,0.0262,-0.00110219524198813));
#5091=CARTESIAN_POINT('',(0.013648404097249,0.0227612574113277,-0.00110219524198813));
#5092=CARTESIAN_POINT('',(0.0135505468603234,0.0262,-0.00112090293982299));
#5093=CARTESIAN_POINT('',(0.0135505468603234,0.0227612574113277,-0.00112090293982299));
#5094=CARTESIAN_POINT('',(0.0134727691947318,0.0262,-0.00111471299207422));
#5095=CARTESIAN_POINT('',(0.0134727691947318,0.0227612574113277,-0.00111471299207422));
#5096=CARTESIAN_POINT('',(0.0136732672268496,0.0262,-0.00103175031884033));
#5097=CARTESIAN_POINT('',(0.0136670514444494,0.0262,-0.00104936154962728));
#5098=CARTESIAN_POINT('',(0.0136432123632595,0.0262,-0.00108012495239266));
#5099=CARTESIAN_POINT('',(0.0135753582349829,0.0262,-0.00111365869444598));
#5100=CARTESIAN_POINT('',(0.0135116580275276,0.0262,-0.00111780796594861));
#5101=CARTESIAN_POINT('',(0.0134727691947318,0.0262,-0.00111471299207422));
#5102=CARTESIAN_POINT('',(0.0134727691947516,0.0262,-0.0011147129920758));
#5103=CARTESIAN_POINT('',(0.0134727691947516,0.026202,-0.0011147129920758));
#5104=CARTESIAN_POINT('',(0.0134158266468491,0.026202,-0.00111018121044815));
#5105=CARTESIAN_POINT('',(0.0134158266468491,0.0262,-0.00111018121044815));
#5106=CARTESIAN_POINT('',(0.0133588840989467,0.0262,-0.00110564942882049));
#5107=CARTESIAN_POINT('',(0.0133588840989467,0.026202,-0.00110564942882049));
#5108=CARTESIAN_POINT('',(0.0133649501816268,0.026202,-0.00123050215262305));
#5109=CARTESIAN_POINT('',(0.0133649501816268,0.0262,-0.00123050215262305));
#5110=CARTESIAN_POINT('',(0.0132648828379162,0.0262,-0.00130541227692349));
#5111=CARTESIAN_POINT('',(0.0132648828379162,0.026202,-0.00130541227692349));
#5112=CARTESIAN_POINT('',(0.0133046711817381,0.026202,-0.0013463985978277));
#5113=CARTESIAN_POINT('',(0.0133046711817381,0.0262,-0.0013463985978277));
#5114=CARTESIAN_POINT('',(0.0133444595255599,0.0262,-0.00138738491873191));
#5115=CARTESIAN_POINT('',(0.0133444595255599,0.026202,-0.00138738491873191));
#5116=CARTESIAN_POINT('',(0.0133444595255599,0.0262,-0.00138738491873191));
#5117=CARTESIAN_POINT('',(0.0133444595255599,0.0227612574113277,-0.00138738491873191));
#5118=CARTESIAN_POINT('',(0.0133988063121862,0.0262,-0.0014433680188768));
#5119=CARTESIAN_POINT('',(0.0133988063121862,0.0227612574113277,-0.0014433680188768));
#5120=CARTESIAN_POINT('',(0.0134467683336493,0.0262,-0.00153069305121539));
#5121=CARTESIAN_POINT('',(0.0134467683336493,0.0227612574113277,-0.00153069305121539));
#5122=CARTESIAN_POINT('',(0.0134083379427447,0.0262,-0.0015947537058003));
#5123=CARTESIAN_POINT('',(0.0134083379427447,0.0227612574113277,-0.0015947537058003));
#5124=CARTESIAN_POINT('',(0.0133444595255599,0.0262,-0.00138738491873191));
#5125=CARTESIAN_POINT('',(0.0133716329188731,0.0262,-0.00141537646880436));
#5126=CARTESIAN_POINT('',(0.0134090398906141,0.0262,-0.00146710316741193));
#5127=CARTESIAN_POINT('',(0.0134264535474495,0.0262,-0.00154076088347299));
#5128=CARTESIAN_POINT('',(0.0134179455404709,0.0262,-0.00157873854215408));
#5129=CARTESIAN_POINT('',(0.0134083379427447,0.0262,-0.0015947537058003));
#5130=CARTESIAN_POINT('',(0.0134083379429615,0.0262,-0.0015947537054389));
#5131=CARTESIAN_POINT('',(0.0134083379429615,0.026202,-0.0015947537054389));
#5132=CARTESIAN_POINT('',(0.0107500004683963,0.026202,-2.97253786580957E-10));
#5133=CARTESIAN_POINT('',(0.0107500004683963,0.0262,-2.97253786580957E-10));
#5134=CARTESIAN_POINT('',(0.0133248415409197,0.0262,-0.00172632298228186));
#5135=CARTESIAN_POINT('',(0.0133248415409197,0.026202,-0.00172632298228186));
#5136=CARTESIAN_POINT('',(0.013110010591315,0.0262,-0.00175681743318823));
#5137=CARTESIAN_POINT('',(0.013110010591315,0.0227612574113277,-0.00175681743318823));
#5138=CARTESIAN_POINT('',(0.0131386715806142,0.0262,-0.00176665840531257));
#5139=CARTESIAN_POINT('',(0.0131386715806142,0.0227612574113277,-0.00176665840531257));
#5140=CARTESIAN_POINT('',(0.0131926032704694,0.0262,-0.00177496595602619));
#5141=CARTESIAN_POINT('',(0.0131926032704694,0.0227612574113277,-0.00177496595602619));
#5142=CARTESIAN_POINT('',(0.0132861990471578,0.0262,-0.00178395895117255));
#5143=CARTESIAN_POINT('',(0.0132861990471578,0.0227612574113277,-0.00178395895117255));
#5144=CARTESIAN_POINT('',(0.0133248415409197,0.0262,-0.00172632298228186));
#5145=CARTESIAN_POINT('',(0.0133248415409197,0.0227612574113277,-0.00172632298228186));
#5146=CARTESIAN_POINT('',(0.013110010591315,0.0262,-0.00175681743318823));
#5147=CARTESIAN_POINT('',(0.0131243410859646,0.0262,-0.0017617379192504));
#5148=CARTESIAN_POINT('',(0.0131538281436408,0.0262,-0.00177002849400879));
#5149=CARTESIAN_POINT('',(0.0132013570088641,0.0262,-0.00177662201027545));
#5150=CARTESIAN_POINT('',(0.0132467758131182,0.0262,-0.00177469314145895));
#5151=CARTESIAN_POINT('',(0.0132900654674505,0.0262,-0.00176027697932247));
#5152=CARTESIAN_POINT('',(0.0133151809174792,0.0262,-0.00174073197450453));
#5153=CARTESIAN_POINT('',(0.0133248415409197,0.0262,-0.00172632298228186));
#5154=CARTESIAN_POINT('',(0.0131100106105295,0.0262,-0.00175681742035184));
#5155=CARTESIAN_POINT('',(0.0131100106105295,0.026202,-0.00175681742035184));
#5156=CARTESIAN_POINT('',(0.0130559839911204,0.026202,-0.00173826696527761));
#5157=CARTESIAN_POINT('',(0.0130559839911204,0.0262,-0.00173826696527761));
#5158=CARTESIAN_POINT('',(0.0130019573717111,0.0262,-0.00171971651020338));
#5159=CARTESIAN_POINT('',(0.0130019573717111,0.026202,-0.00171971651020338));
#5160=CARTESIAN_POINT('',(0.012976783271622,0.026202,-0.00184215533037371));
#5161=CARTESIAN_POINT('',(0.012976783271622,0.0262,-0.00184215533037371));
#5162=CARTESIAN_POINT('',(0.0128612303371653,0.0262,-0.00188982627895283));
#5163=CARTESIAN_POINT('',(0.0128612303371653,0.026202,-0.00188982627895283));
#5164=CARTESIAN_POINT('',(0.012889575808221,0.026202,-0.00193941995873742));
#5165=CARTESIAN_POINT('',(0.012889575808221,0.0262,-0.00193941995873742));
#5166=CARTESIAN_POINT('',(0.0129179212792768,0.0262,-0.00198901363852203));
#5167=CARTESIAN_POINT('',(0.0129179212792768,0.026202,-0.00198901363852203));
#5168=CARTESIAN_POINT('',(0.0129282222490048,0.0262,-0.00220575334839159));
#5169=CARTESIAN_POINT('',(0.0129282222490048,0.0227612574113277,-0.00220575334839159));
#5170=CARTESIAN_POINT('',(0.0129773871351952,0.0262,-0.00215720211304544));
#5171=CARTESIAN_POINT('',(0.0129773871351952,0.0227612574113277,-0.00215720211304544));
#5172=CARTESIAN_POINT('',(0.0129513840001278,0.0262,-0.00206690112266791));
#5173=CARTESIAN_POINT('',(0.0129513840001278,0.0227612574113277,-0.00206690112266791));
#5174=CARTESIAN_POINT('',(0.0129329779773475,0.0262,-0.00201535709515994));
#5175=CARTESIAN_POINT('',(0.0129329779773475,0.0227612574113277,-0.00201535709515994));
#5176=CARTESIAN_POINT('',(0.0129179212792768,0.0262,-0.00198901363852203));
#5177=CARTESIAN_POINT('',(0.0129179212792768,0.0227612574113277,-0.00198901363852203));
#5178=CARTESIAN_POINT('',(0.0129282222490048,0.0262,-0.00220575334839159));
#5179=CARTESIAN_POINT('',(0.0129405134705524,0.0262,-0.00219361553955505));
#5180=CARTESIAN_POINT('',(0.0129550456679692,0.0262,-0.00216532574543122));
#5181=CARTESIAN_POINT('',(0.0129611134764474,0.0262,-0.00211991009652211));
#5182=CARTESIAN_POINT('',(0.0129545138752826,0.0262,-0.00207522699342825));
#5183=CARTESIAN_POINT('',(0.0129392107713867,0.0262,-0.00202978748945792));
#5184=CARTESIAN_POINT('',(0.0129254496283122,0.0262,-0.00200218536684098));
#5185=CARTESIAN_POINT('',(0.0129179212792768,0.0262,-0.00198901363852203));
#5186=CARTESIAN_POINT('',(0.0129282222490048,0.0262,-0.00220575334839159));
#5187=CARTESIAN_POINT('',(0.0129282222490048,0.026202,-0.00220575334839159));
#5188=CARTESIAN_POINT('',(0.0107500003798406,0.026202,-4.04489013030446E-10));
#5189=CARTESIAN_POINT('',(0.0107500003798406,0.0262,-4.04489013030446E-10));
#5190=CARTESIAN_POINT('',(0.0128146290915847,0.0262,-0.0023124244234531));
#5191=CARTESIAN_POINT('',(0.0128146290915847,0.026202,-0.0023124244234531));
#5192=CARTESIAN_POINT('',(0.0128146290915847,0.0262,-0.0023124244234531));
#5193=CARTESIAN_POINT('',(0.0128146290915847,0.0227612574113277,-0.0023124244234531));
#5194=CARTESIAN_POINT('',(0.0127589042644805,0.0262,-0.0023621778761479));
#5195=CARTESIAN_POINT('',(0.0127589042644805,0.0227612574113277,-0.0023621778761479));
#5196=CARTESIAN_POINT('',(0.0126641388119061,0.0262,-0.00233142847330251));
#5197=CARTESIAN_POINT('',(0.0126641388119061,0.0227612574113277,-0.00233142847330251));
#5198=CARTESIAN_POINT('',(0.0125989637540604,0.0262,-0.00228853450457931));
#5199=CARTESIAN_POINT('',(0.0125989637540604,0.0227612574113277,-0.00228853450457931));
#5200=CARTESIAN_POINT('',(0.0128146290915847,0.0262,-0.0023124244234531));
#5201=CARTESIAN_POINT('',(0.0128006978848086,0.0262,-0.0023248627866268));
#5202=CARTESIAN_POINT('',(0.0127649871564057,0.0262,-0.00234033639702054));
#5203=CARTESIAN_POINT('',(0.0126893711270878,0.0262,-0.00233703326358849));
#5204=CARTESIAN_POINT('',(0.0126315512829833,0.0262,-0.00230998148894091));
#5205=CARTESIAN_POINT('',(0.0125989637540604,0.0262,-0.00228853450457931));
#5206=CARTESIAN_POINT('',(0.012598963754077,0.0262,-0.00228853450459023));
#5207=CARTESIAN_POINT('',(0.012598963754077,0.026202,-0.00228853450459023));
#5208=CARTESIAN_POINT('',(0.0125512478214207,0.026202,-0.00225713099241272));
#5209=CARTESIAN_POINT('',(0.0125512478214207,0.0262,-0.00225713099241272));
#5210=CARTESIAN_POINT('',(0.0125035318887645,0.0262,-0.00222572748023521));
#5211=CARTESIAN_POINT('',(0.0125035318887645,0.026202,-0.00222572748023521));
#5212=CARTESIAN_POINT('',(0.0124486993791253,0.026202,-0.0023380591137436));
#5213=CARTESIAN_POINT('',(0.0124486993791253,0.0262,-0.0023380591137436));
#5214=CARTESIAN_POINT('',(0.0123249214731167,0.0262,-0.00235549556935097));
#5215=CARTESIAN_POINT('',(0.0123249214731167,0.026202,-0.00235549556935097));
#5216=CARTESIAN_POINT('',(0.012340042950761,0.026202,-0.00241058032548748));
#5217=CARTESIAN_POINT('',(0.012340042950761,0.0262,-0.00241058032548748));
#5218=CARTESIAN_POINT('',(0.0123551590510299,0.0262,-0.00246566655662371));
#5219=CARTESIAN_POINT('',(0.0123551590510299,0.026202,-0.00246566655662371));
#5220=CARTESIAN_POINT('',(0.0123551590510299,0.0262,-0.00246566655662371));
#5221=CARTESIAN_POINT('',(0.0123551590510299,0.0227612574113277,-0.00246566655662371));
#5222=CARTESIAN_POINT('',(0.0123773569850595,0.0262,-0.0025465891289652));
#5223=CARTESIAN_POINT('',(0.0123773569850595,0.0227612574113277,-0.0025465891289652));
#5224=CARTESIAN_POINT('',(0.0123805231133361,0.0262,-0.00263759883350892));
#5225=CARTESIAN_POINT('',(0.0123805231133361,0.0227612574113277,-0.00263759883350892));
#5226=CARTESIAN_POINT('',(0.0123112250149222,0.0262,-0.00267813033871373));
#5227=CARTESIAN_POINT('',(0.0123112250149222,0.0227612574113277,-0.00267813033871373));
#5228=CARTESIAN_POINT('',(0.0123551590510299,0.0262,-0.00246566655662371));
#5229=CARTESIAN_POINT('',(0.0123588498418558,0.0262,-0.00247912133521731));
#5230=CARTESIAN_POINT('',(0.01236707334959,0.0262,-0.0025170425353143));
#5231=CARTESIAN_POINT('',(0.0123693638790911,0.0262,-0.0025656677207712));
#5232=CARTESIAN_POINT('',(0.0123616811847831,0.0262,-0.00260931352253381));
#5233=CARTESIAN_POINT('',(0.0123497540821475,0.0262,-0.00263987719944806));
#5234=CARTESIAN_POINT('',(0.0123322077244332,0.0262,-0.00266347576755293));
#5235=CARTESIAN_POINT('',(0.0123170956168255,0.0262,-0.00267469670435661));
#5236=CARTESIAN_POINT('',(0.0123112250149833,0.0262,-0.00267813033867798));
#5237=CARTESIAN_POINT('',(0.0123105320339994,0.0262,-0.00267853565372991));
#5238=CARTESIAN_POINT('',(0.0123098390530155,0.0262,-0.00267894096878184));
#5239=CARTESIAN_POINT('',(0.0123091460720315,0.0262,-0.00267934628383377));
#5240=CARTESIAN_POINT('',(0.0123112289615395,0.0262,-0.00267813710875334));
#5241=CARTESIAN_POINT('',(0.0123112329276656,0.026202,-0.0026781438674013));
#5242=CARTESIAN_POINT('',(0.010750000267321,0.026202,-4.86255097168278E-10));
#5243=CARTESIAN_POINT('',(0.010750000267321,0.0262,-4.86255097168278E-10));
#5244=CARTESIAN_POINT('',(0.0121746884031394,0.0262,-0.00275322773376272));
#5245=CARTESIAN_POINT('',(0.0121746884031394,0.026202,-0.00275322773376272));
#5246=CARTESIAN_POINT('',(0.0121746884031394,0.0262,-0.00275322773376272));
#5247=CARTESIAN_POINT('',(0.0121746884031394,0.0227612574113277,-0.00275322773376272));
#5248=CARTESIAN_POINT('',(0.0121083410934128,0.0262,-0.00278755988928612));
#5249=CARTESIAN_POINT('',(0.0121083410934128,0.0227612574113277,-0.00278755988928612));
#5250=CARTESIAN_POINT('',(0.0120241999373165,0.0262,-0.00273420932576746));
#5251=CARTESIAN_POINT('',(0.0120241999373165,0.0227612574113277,-0.00273420932576746));
#5252=CARTESIAN_POINT('',(0.0119717397700034,0.0262,-0.00267645457216657));
#5253=CARTESIAN_POINT('',(0.0119717397700034,0.0227612574113277,-0.00267645457216657));
#5254=CARTESIAN_POINT('',(0.0121746884031394,0.0262,-0.00275322773376272));
#5255=CARTESIAN_POINT('',(0.0121581015757078,0.0262,-0.00276181077264357));
#5256=CARTESIAN_POINT('',(0.0121196646350822,0.0262,-0.00276791735409571));
#5257=CARTESIAN_POINT('',(0.012047245678254,0.0262,-0.00274591305287554));
#5258=CARTESIAN_POINT('',(0.0119979698536599,0.0262,-0.00270533194896702));
#5259=CARTESIAN_POINT('',(0.0119717397700034,0.0262,-0.00267645457216657));
#5260=CARTESIAN_POINT('',(0.0119717397700168,0.0262,-0.00267645457218129));
#5261=CARTESIAN_POINT('',(0.0119717397700168,0.026202,-0.00267645457218129));
#5262=CARTESIAN_POINT('',(0.0119333326570284,0.026202,-0.00263417118917758));
#5263=CARTESIAN_POINT('',(0.0119333326570284,0.0262,-0.00263417118917758));
#5264=CARTESIAN_POINT('',(0.0118949255440399,0.0262,-0.00259188780617389));
#5265=CARTESIAN_POINT('',(0.0118949255440399,0.026202,-0.00259188780617389));
#5266=CARTESIAN_POINT('',(0.0118138799572587,0.026202,-0.00268705404421705));
#5267=CARTESIAN_POINT('',(0.0118138799572587,0.0262,-0.00268705404421705));
#5268=CARTESIAN_POINT('',(0.0116896544942697,0.0262,-0.00267316036417331));
#5269=CARTESIAN_POINT('',(0.0116896544942697,0.026202,-0.00267316036417331));
#5270=CARTESIAN_POINT('',(0.0116906018824565,0.026202,-0.00273027517188482));
#5271=CARTESIAN_POINT('',(0.0116906018824565,0.0262,-0.00273027517188482));
#5272=CARTESIAN_POINT('',(0.0116915492706432,0.0262,-0.00278738997959632));
#5273=CARTESIAN_POINT('',(0.0116915492706432,0.026202,-0.00278738997959632));
#5274=CARTESIAN_POINT('',(0.0115961609276732,0.0262,-0.00298228296519282));
#5275=CARTESIAN_POINT('',(0.0115961609276732,0.0227612574113277,-0.00298228296519282));
#5276=CARTESIAN_POINT('',(0.0116626342822161,0.0262,-0.00296342252942417));
#5277=CARTESIAN_POINT('',(0.0116626342822161,0.0227612574113277,-0.00296342252942417));
#5278=CARTESIAN_POINT('',(0.0116833503871334,0.0262,-0.00287176358014477));
#5279=CARTESIAN_POINT('',(0.0116833503871334,0.0227612574113277,-0.00287176358014477));
#5280=CARTESIAN_POINT('',(0.0116920524993954,0.0262,-0.0028177285870983));
#5281=CARTESIAN_POINT('',(0.0116920524993954,0.0227612574113277,-0.0028177285870983));
#5282=CARTESIAN_POINT('',(0.0116915492706432,0.0262,-0.00278738997959632));
#5283=CARTESIAN_POINT('',(0.0116915492706432,0.0227612574113277,-0.00278738997959632));
#5284=CARTESIAN_POINT('',(0.0115961609276732,0.0262,-0.00298228296519282));
#5285=CARTESIAN_POINT('',(0.0116127792663089,0.0262,-0.00297756785625066));
#5286=CARTESIAN_POINT('',(0.0116391424779817,0.0262,-0.00295977838930386));
#5287=CARTESIAN_POINT('',(0.0116663391605902,0.0262,-0.00292290328868643));
#5288=CARTESIAN_POINT('',(0.0116820820742725,0.0262,-0.00288056764528171));
#5289=CARTESIAN_POINT('',(0.0116905624588735,0.0262,-0.00283337641672383));
#5290=CARTESIAN_POINT('',(0.0116918008850193,0.0262,-0.00280255928334731));
#5291=CARTESIAN_POINT('',(0.0116915492706432,0.0262,-0.00278738997959632));
#5292=CARTESIAN_POINT('',(0.0115961609276732,0.0262,-0.00298228296519282));
#5293=CARTESIAN_POINT('',(0.0115961609276732,0.026202,-0.00298228296519282));
#5294=CARTESIAN_POINT('',(0.0107500001379545,0.026202,-5.37297273296364E-10));
#5295=CARTESIAN_POINT('',(0.0107500001379545,0.0262,-5.37297273296364E-10));
#5296=CARTESIAN_POINT('',(0.0114452293026875,0.0262,-0.00302103561989672));
#5297=CARTESIAN_POINT('',(0.0114452293026875,0.026202,-0.00302103561989672));
#5298=CARTESIAN_POINT('',(0.0114452293026875,0.0262,-0.00302103561989672));
#5299=CARTESIAN_POINT('',(0.0114452293026875,0.0227612574113277,-0.00302103561989672));
#5300=CARTESIAN_POINT('',(0.0113724283558169,0.0262,-0.00303778926265234));
#5301=CARTESIAN_POINT('',(0.0113724283558169,0.0227612574113277,-0.00303778926265234));
#5302=CARTESIAN_POINT('',(0.0113041983944857,0.0262,-0.00296518975057593));
#5303=CARTESIAN_POINT('',(0.0113041983944857,0.0227612574113277,-0.00296518975057593));
#5304=CARTESIAN_POINT('',(0.0112677493829525,0.0262,-0.00289620315567323));
#5305=CARTESIAN_POINT('',(0.0112677493829525,0.0227612574113277,-0.00289620315567323));
#5306=CARTESIAN_POINT('',(0.0114452293026875,0.0262,-0.00302103561989672));
#5307=CARTESIAN_POINT('',(0.0114270290659698,0.0262,-0.00302522403058562));
#5308=CARTESIAN_POINT('',(0.0113882810474623,0.0262,-0.00302157988412511));
#5309=CARTESIAN_POINT('',(0.0113236095125195,0.0262,-0.00298225702628863));
#5310=CARTESIAN_POINT('',(0.0112859738887191,0.0262,-0.00293069645312458));
#5311=CARTESIAN_POINT('',(0.0112677493829525,0.0262,-0.00289620315567323));
#5312=CARTESIAN_POINT('',(0.0112677493829618,0.0262,-0.00289620315569078));
#5313=CARTESIAN_POINT('',(0.0112677493829618,0.026202,-0.00289620315569078));
#5314=CARTESIAN_POINT('',(0.0112410643498018,0.026202,-0.00284569672232251));
#5315=CARTESIAN_POINT('',(0.0112410643498018,0.0262,-0.00284569672232251));
#5316=CARTESIAN_POINT('',(0.0112143793166418,0.0262,-0.00279519028895422));
#5317=CARTESIAN_POINT('',(0.0112143793166418,0.026202,-0.00279519028895422));
#5318=CARTESIAN_POINT('',(0.0111122130450008,0.026202,-0.00286721148679884));
#5319=CARTESIAN_POINT('',(0.0111122130450008,0.0262,-0.00286721148679884));
#5320=CARTESIAN_POINT('',(0.0109953455710887,0.0262,-0.00282286068588849));
#5321=CARTESIAN_POINT('',(0.0109953455710887,0.026202,-0.00282286068588849));
#5322=CARTESIAN_POINT('',(0.0109820593365332,0.026202,-0.00287841666465487));
#5323=CARTESIAN_POINT('',(0.0109820593365332,0.0262,-0.00287841666465487));
#5324=CARTESIAN_POINT('',(0.0109687731019778,0.0262,-0.00293397264342126));
#5325=CARTESIAN_POINT('',(0.0109687731019778,0.026202,-0.00293397264342126));
#5326=CARTESIAN_POINT('',(0.0109687731019778,0.0262,-0.00293397264342126));
#5327=CARTESIAN_POINT('',(0.0109687731019778,0.0227612574113277,-0.00293397264342126));
#5328=CARTESIAN_POINT('',(0.0109506254716646,0.0262,-0.00300985639815476));
#5329=CARTESIAN_POINT('',(0.0109506254716646,0.0227612574113277,-0.00300985639815476));
#5330=CARTESIAN_POINT('',(0.010902593844507,0.0262,-0.00309714316443896));
#5331=CARTESIAN_POINT('',(0.010902593844507,0.0227612574113277,-0.00309714316443896));
#5332=CARTESIAN_POINT('',(0.0108279136117269,0.0262,-0.0030990207274408));
#5333=CARTESIAN_POINT('',(0.0108279136117269,0.0227612574113277,-0.0030990207274408));
#5334=CARTESIAN_POINT('',(0.0109687731019778,0.0262,-0.00293397264342126));
#5335=CARTESIAN_POINT('',(0.0109596992868212,0.0262,-0.00297191452078801));
#5336=CARTESIAN_POINT('',(0.0109360686484707,0.0262,-0.00303121482276719));
#5337=CARTESIAN_POINT('',(0.0108832080858026,0.0262,-0.00308538543744086));
#5338=CARTESIAN_POINT('',(0.010846583669922,0.0262,-0.00309855133669034));
#5339=CARTESIAN_POINT('',(0.0108279136117269,0.0262,-0.0030990207274408));
#5340=CARTESIAN_POINT('',(0.0108279136121482,0.0262,-0.00309902072743021));
#5341=CARTESIAN_POINT('',(0.0108279136121482,0.026202,-0.00309902072743021));
#5342=CARTESIAN_POINT('',(0.01075,0.026202,-5.54746742683146E-10));
#5343=CARTESIAN_POINT('',(0.01075,0.0262,-5.54746742683146E-10));
#5344=CARTESIAN_POINT('',(0.0106720863882732,0.0262,-0.0030990207274408));
#5345=CARTESIAN_POINT('',(0.0106720863882732,0.026202,-0.0030990207274408));
#5346=CARTESIAN_POINT('',(0.0106720863882732,0.0262,-0.0030990207274408));
#5347=CARTESIAN_POINT('',(0.0106720863882732,0.0227612574113277,-0.0030990207274408));
#5348=CARTESIAN_POINT('',(0.0105974061554936,0.0262,-0.00309714316443873));
#5349=CARTESIAN_POINT('',(0.0105974061554936,0.0227612574113277,-0.00309714316443873));
#5350=CARTESIAN_POINT('',(0.0105493745283303,0.0262,-0.00300985639815065));
#5351=CARTESIAN_POINT('',(0.0105493745283303,0.0227612574113277,-0.00300985639815065));
#5352=CARTESIAN_POINT('',(0.0105312268980217,0.0262,-0.00293397264341883));
#5353=CARTESIAN_POINT('',(0.0105312268980217,0.0227612574113277,-0.00293397264341883));
#5354=CARTESIAN_POINT('',(0.0106720863882732,0.0262,-0.0030990207274408));
#5355=CARTESIAN_POINT('',(0.0106534163300783,0.0262,-0.00309855133669029));
#5356=CARTESIAN_POINT('',(0.0106167919141969,0.0262,-0.00308538543744145));
#5357=CARTESIAN_POINT('',(0.0105639313515254,0.0262,-0.0030312148227659));
#5358=CARTESIAN_POINT('',(0.010540300713176,0.0262,-0.00297191452078474));
#5359=CARTESIAN_POINT('',(0.0105312268980217,0.0262,-0.00293397264341883));
#5360=CARTESIAN_POINT('',(0.0105312269009769,0.0262,-0.00293397264272241));
#5361=CARTESIAN_POINT('',(0.0105312269009769,0.026202,-0.00293397264272241));
#5362=CARTESIAN_POINT('',(0.0105179406691688,0.026202,-0.00287841667543784));
#5363=CARTESIAN_POINT('',(0.0105179406691688,0.0262,-0.00287841667543784));
#5364=CARTESIAN_POINT('',(0.0105046544373607,0.0262,-0.00282286070815325));
#5365=CARTESIAN_POINT('',(0.0105046544373607,0.026202,-0.00282286070815325));
#5366=CARTESIAN_POINT('',(0.0103877869549992,0.026202,-0.00286721148679885));
#5367=CARTESIAN_POINT('',(0.0103877869549992,0.0262,-0.00286721148679885));
#5368=CARTESIAN_POINT('',(0.0102842122620727,0.0262,-0.00279723089673868));
#5369=CARTESIAN_POINT('',(0.0102842122620727,0.026202,-0.00279723089673868));
#5370=CARTESIAN_POINT('',(0.0106926307403314,0.026202,-0.00307318021691008));
#5371=CARTESIAN_POINT('',(0.0106926307403314,0.0262,-0.00307318021691008));
#5372=CARTESIAN_POINT('',(0.0102335452398137,0.0262,-0.00289375283912003));
#5373=CARTESIAN_POINT('',(0.0102335452398137,0.026202,-0.00289375283912003));
#5374=CARTESIAN_POINT('',(0.0102335452398137,0.0262,-0.00289375283912003));
#5375=CARTESIAN_POINT('',(0.0102335452398137,0.0227612574113277,-0.00289375283912003));
#5376=CARTESIAN_POINT('',(0.0101966646873546,0.0262,-0.00296355620620861));
#5377=CARTESIAN_POINT('',(0.0101966646873546,0.0227612574113277,-0.00296355620620861));
#5378=CARTESIAN_POINT('',(0.0101284335766873,0.0262,-0.00303798761871628));
#5379=CARTESIAN_POINT('',(0.0101284335766873,0.0227612574113277,-0.00303798761871628));
#5380=CARTESIAN_POINT('',(0.0100547706973127,0.0262,-0.00302103561989675));
#5381=CARTESIAN_POINT('',(0.0100547706973127,0.0227612574113277,-0.00302103561989675));
#5382=CARTESIAN_POINT('',(0.0102335452398137,0.0262,-0.00289375283912003));
#5383=CARTESIAN_POINT('',(0.0102331136988913,0.0262,-0.00289456961130518));
#5384=CARTESIAN_POINT('',(0.0102326821579688,0.0262,-0.00289538638349031));
#5385=CARTESIAN_POINT('',(0.0102322506170464,0.0262,-0.00289620315567546));
#5386=CARTESIAN_POINT('',(0.0102140261112774,0.0262,-0.00293069645312705));
#5387=CARTESIAN_POINT('',(0.0101763904874763,0.0262,-0.00298225702628891));
#5388=CARTESIAN_POINT('',(0.0101117189525374,0.0262,-0.00302157988412441));
#5389=CARTESIAN_POINT('',(0.0100729709340304,0.0262,-0.00302522403058574));
#5390=CARTESIAN_POINT('',(0.0100547706973127,0.0262,-0.00302103561989675));
#5391=CARTESIAN_POINT('',(0.0100547706977234,0.0262,-0.00302103561999127));
#5392=CARTESIAN_POINT('',(0.0100547706977234,0.026202,-0.00302103561999127));
#5393=CARTESIAN_POINT('',(0.0107499998620249,0.026202,-5.37377864212249E-10));
#5394=CARTESIAN_POINT('',(0.0107499998620249,0.0262,-5.37377864212249E-10));
#5395=CARTESIAN_POINT('',(0.0099038390726299,0.0262,-0.00298228296527881));
#5396=CARTESIAN_POINT('',(0.0099038390726299,0.026202,-0.00298228296527881));
#5397=CARTESIAN_POINT('',(0.0099038390726299,0.0262,-0.00298228296527881));
#5398=CARTESIAN_POINT('',(0.0099038390726299,0.0227612574113277,-0.00298228296527881));
#5399=CARTESIAN_POINT('',(0.00983197198762158,0.0262,-0.00296189217070766));
#5400=CARTESIAN_POINT('',(0.00983197198762158,0.0227612574113277,-0.00296189217070766));
#5401=CARTESIAN_POINT('',(0.00980715669840877,0.0262,-0.00286540269875205));
#5402=CARTESIAN_POINT('',(0.00980715669840877,0.0227612574113277,-0.00286540269875205));
#5403=CARTESIAN_POINT('',(0.00980845073167933,0.0262,-0.00278738983958183));
#5404=CARTESIAN_POINT('',(0.00980845073167933,0.0227612574113277,-0.00278738983958183));
#5405=CARTESIAN_POINT('',(0.0099038390726299,0.0262,-0.00298228296527881));
#5406=CARTESIAN_POINT('',(0.00988587230137782,0.0262,-0.00297718526663603));
#5407=CARTESIAN_POINT('',(0.00985367273486755,0.0262,-0.00295532487646947));
#5408=CARTESIAN_POINT('',(0.00981594456802742,0.0262,-0.00288971024390047));
#5409=CARTESIAN_POINT('',(0.00980780371504405,0.0262,-0.00282639626916694));
#5410=CARTESIAN_POINT('',(0.00980845073167933,0.0262,-0.00278738983958183));
#5411=CARTESIAN_POINT('',(0.009808450731679,0.0262,-0.00278738983960175));
#5412=CARTESIAN_POINT('',(0.009808450731679,0.026202,-0.00278738983960175));
#5413=CARTESIAN_POINT('',(0.00980939811870468,0.026202,-0.00273027510188748));
#5414=CARTESIAN_POINT('',(0.00980939811870468,0.0262,-0.00273027510188748));
#5415=CARTESIAN_POINT('',(0.00981034550573036,0.0262,-0.00267316036417322));
#5416=CARTESIAN_POINT('',(0.00981034550573036,0.026202,-0.00267316036417322));
#5417=CARTESIAN_POINT('',(0.00968612004274133,0.026202,-0.00268705404421707));
#5418=CARTESIAN_POINT('',(0.00968612004274133,0.0262,-0.00268705404421707));
#5419=CARTESIAN_POINT('',(0.00960507445596008,0.0262,-0.00259188780617394));
#5420=CARTESIAN_POINT('',(0.00960507445596008,0.026202,-0.00259188780617394));
#5421=CARTESIAN_POINT('',(0.00956666734297753,0.026202,-0.00263417118917119));
#5422=CARTESIAN_POINT('',(0.00956666734297753,0.0262,-0.00263417118917119));
#5423=CARTESIAN_POINT('',(0.00952826022999499,0.0262,-0.00267645457216844));
#5424=CARTESIAN_POINT('',(0.00952826022999499,0.026202,-0.00267645457216844));
#5425=CARTESIAN_POINT('',(0.00952826022999499,0.0262,-0.00267645457216844));
#5426=CARTESIAN_POINT('',(0.00952826022999499,0.0227612574113277,-0.00267645457216844));
#5427=CARTESIAN_POINT('',(0.00947580006267713,0.0262,-0.00273420932576863));
#5428=CARTESIAN_POINT('',(0.00947580006267713,0.0227612574113277,-0.00273420932576863));
#5429=CARTESIAN_POINT('',(0.00939165890658768,0.0262,-0.00278755988928665));
#5430=CARTESIAN_POINT('',(0.00939165890658768,0.0227612574113277,-0.00278755988928665));
#5431=CARTESIAN_POINT('',(0.00932531159686072,0.0262,-0.00275322773376277));
#5432=CARTESIAN_POINT('',(0.00932531159686072,0.0227612574113277,-0.00275322773376277));
#5433=CARTESIAN_POINT('',(0.00952826022999499,0.0262,-0.00267645457216844));
#5434=CARTESIAN_POINT('',(0.00950203014633606,0.0262,-0.00270533194896854));
#5435=CARTESIAN_POINT('',(0.00945275432174198,0.0262,-0.00274591305287479));
#5436=CARTESIAN_POINT('',(0.00938033536491766,0.0262,-0.00276791735409496));
#5437=CARTESIAN_POINT('',(0.00934189842429246,0.0262,-0.00276181077264374));
#5438=CARTESIAN_POINT('',(0.00932531159686072,0.0262,-0.00275322773376277));
#5439=CARTESIAN_POINT('',(0.00932531159723498,0.0262,-0.00275322773395643));
#5440=CARTESIAN_POINT('',(0.00932531159723498,0.026202,-0.00275322773395643));
#5441=CARTESIAN_POINT('',(0.0107499997327724,0.026202,-4.86085006013576E-10));
#5442=CARTESIAN_POINT('',(0.0107499997327724,0.0262,-4.86085006013576E-10));
#5443=CARTESIAN_POINT('',(0.00918876313553821,0.0262,-0.00267815064315878));
#5444=CARTESIAN_POINT('',(0.00918876707239383,0.026202,-0.00267814386743759));
#5445=CARTESIAN_POINT('',(0.00918877498513598,0.0262,-0.00267813033874841));
#5446=CARTESIAN_POINT('',(0.00918877498513598,0.0227612574113277,-0.00267813033874841));
#5447=CARTESIAN_POINT('',(0.00911947688666958,0.0262,-0.00263759883365065));
#5448=CARTESIAN_POINT('',(0.00911947688666958,0.0227612574113277,-0.00263759883365065));
#5449=CARTESIAN_POINT('',(0.0091226430149349,0.0262,-0.00254658912905169));
#5450=CARTESIAN_POINT('',(0.0091226430149349,0.0227612574113277,-0.00254658912905169));
#5451=CARTESIAN_POINT('',(0.00914484094894356,0.0262,-0.00246566655671976));
#5452=CARTESIAN_POINT('',(0.00914484094894356,0.0227612574113277,-0.00246566655671976));
#5453=CARTESIAN_POINT('',(0.00918877498513598,0.0262,-0.00267813033874841));
#5454=CARTESIAN_POINT('',(0.00918290438325002,0.0262,-0.00267469670441308));
#5455=CARTESIAN_POINT('',(0.0091677922755965,0.0262,-0.00266347576759196));
#5456=CARTESIAN_POINT('',(0.00915024591785575,0.0262,-0.00263987719945564));
#5457=CARTESIAN_POINT('',(0.00913831881521823,0.0262,-0.00260931352254418));
#5458=CARTESIAN_POINT('',(0.00913063612090753,0.0262,-0.00256566772078549));
#5459=CARTESIAN_POINT('',(0.00913292665040476,0.0262,-0.00251704253535663));
#5460=CARTESIAN_POINT('',(0.00914115015812756,0.0262,-0.00247912133528849));
#5461=CARTESIAN_POINT('',(0.00914484094894356,0.0262,-0.00246566655671976));
#5462=CARTESIAN_POINT('',(0.0091448355691464,0.0262,-0.00246566508097855));
#5463=CARTESIAN_POINT('',(0.0091448355691464,0.026202,-0.00246566508097855));
#5464=CARTESIAN_POINT('',(0.00915995704939996,0.026202,-0.00241058031533213));
#5465=CARTESIAN_POINT('',(0.00915995704939996,0.0262,-0.00241058031533213));
#5466=CARTESIAN_POINT('',(0.00917507852965354,0.0262,-0.00235549554968565));
#5467=CARTESIAN_POINT('',(0.00917507852965354,0.026202,-0.00235549554968565));
#5468=CARTESIAN_POINT('',(0.00905130062087479,0.026202,-0.00233805911374363));
#5469=CARTESIAN_POINT('',(0.00905130062087479,0.0262,-0.00233805911374363));
#5470=CARTESIAN_POINT('',(0.00899646811123555,0.0262,-0.00222572748023524));
#5471=CARTESIAN_POINT('',(0.00899646811123555,0.026202,-0.00222572748023524));
#5472=CARTESIAN_POINT('',(0.00894875217858655,0.026202,-0.00225713099240798));
#5473=CARTESIAN_POINT('',(0.00894875217858655,0.0262,-0.00225713099240798));
#5474=CARTESIAN_POINT('',(0.00890103624593754,0.0262,-0.00228853450458072));
#5475=CARTESIAN_POINT('',(0.00890103624593754,0.026202,-0.00228853450458072));
#5476=CARTESIAN_POINT('',(0.00890103624593754,0.0262,-0.00228853450458072));
#5477=CARTESIAN_POINT('',(0.00890103624593754,0.0227612574113277,-0.00228853450458072));
#5478=CARTESIAN_POINT('',(0.00883586118808742,0.0262,-0.00233142847330206));
#5479=CARTESIAN_POINT('',(0.00883586118808742,0.0227612574113277,-0.00233142847330206));
#5480=CARTESIAN_POINT('',(0.00874109573551981,0.0262,-0.00236217787614856));
#5481=CARTESIAN_POINT('',(0.00874109573551981,0.0227612574113277,-0.00236217787614856));
#5482=CARTESIAN_POINT('',(0.00868537090841545,0.0262,-0.00231242442345317));
#5483=CARTESIAN_POINT('',(0.00868537090841545,0.0227612574113277,-0.00231242442345317));
#5484=CARTESIAN_POINT('',(0.00890103624593754,0.0262,-0.00228853450458072));
#5485=CARTESIAN_POINT('',(0.00886844871701248,0.0262,-0.00230998148894139));
#5486=CARTESIAN_POINT('',(0.00881062887290847,0.0262,-0.00233703326358674));
#5487=CARTESIAN_POINT('',(0.00873501284359433,0.0262,-0.00234033639701977));
#5488=CARTESIAN_POINT('',(0.00869930211519154,0.0262,-0.00232486278662702));
#5489=CARTESIAN_POINT('',(0.00868537090841545,0.0262,-0.00231242442345317));
#5490=CARTESIAN_POINT('',(0.0086853709087298,0.0262,-0.00231242442373384));
#5491=CARTESIAN_POINT('',(0.0086853709087298,0.026202,-0.00231242442373384));
#5492=CARTESIAN_POINT('',(0.0107499996202778,0.026202,-4.04362877166539E-10));
#5493=CARTESIAN_POINT('',(0.0107499996202778,0.0262,-4.04362877166539E-10));
#5494=CARTESIAN_POINT('',(0.00857177775121944,0.0262,-0.00220575334861297));
#5495=CARTESIAN_POINT('',(0.00857177775121944,0.026202,-0.00220575334861297));
#5496=CARTESIAN_POINT('',(0.00857177775121944,0.0262,-0.00220575334861297));
#5497=CARTESIAN_POINT('',(0.00857177775121944,0.0227612574113277,-0.00220575334861297));
#5498=CARTESIAN_POINT('',(0.00851862348475388,0.0262,-0.00215326252686912));
#5499=CARTESIAN_POINT('',(0.00851862348475388,0.0227612574113277,-0.00215326252686912));
#5500=CARTESIAN_POINT('',(0.00854336183867621,0.0262,-0.00205675330128836));
#5501=CARTESIAN_POINT('',(0.00854336183867621,0.0227612574113277,-0.00205675330128836));
#5502=CARTESIAN_POINT('',(0.00858207879020785,0.0262,-0.00198901351695068));
#5503=CARTESIAN_POINT('',(0.00858207879020785,0.0227612574113277,-0.00198901351695068));
#5504=CARTESIAN_POINT('',(0.00857177775121944,0.0262,-0.00220575334861297));
#5505=CARTESIAN_POINT('',(0.00855848918460305,0.0262,-0.00219263064317701));
#5506=CARTESIAN_POINT('',(0.00854080381265563,0.0262,-0.00215796197777488));
#5507=CARTESIAN_POINT('',(0.00853935245834276,0.0262,-0.0020822877539537));
#5508=CARTESIAN_POINT('',(0.00856272031444203,0.0262,-0.00202288340911952));
#5509=CARTESIAN_POINT('',(0.00858207879020785,0.0262,-0.00198901351695068));
#5510=CARTESIAN_POINT('',(0.00858207879019798,0.0262,-0.00198901351696794));
#5511=CARTESIAN_POINT('',(0.00858207879019798,0.026202,-0.00198901351696794));
#5512=CARTESIAN_POINT('',(0.00861042422651636,0.026202,-0.00193941989796042));
#5513=CARTESIAN_POINT('',(0.00861042422651636,0.0262,-0.00193941989796042));
#5514=CARTESIAN_POINT('',(0.00863876966283474,0.0262,-0.0018898262789529));
#5515=CARTESIAN_POINT('',(0.00863876966283474,0.026202,-0.0018898262789529));
#5516=CARTESIAN_POINT('',(0.008523216728378,0.026202,-0.00184215533037375));
#5517=CARTESIAN_POINT('',(0.008523216728378,0.0262,-0.00184215533037375));
#5518=CARTESIAN_POINT('',(0.00849804262278207,0.0262,-0.00171971651133565));
#5519=CARTESIAN_POINT('',(0.00849804262278207,0.026202,-0.00171971651133565));
#5520=CARTESIAN_POINT('',(0.00844401603864316,0.026202,-0.00173826695429992));
#5521=CARTESIAN_POINT('',(0.00844401603864316,0.0262,-0.00173826695429992));
#5522=CARTESIAN_POINT('',(0.00838998945456087,0.0262,-0.00175681739742904));
#5523=CARTESIAN_POINT('',(0.00838998945456087,0.026202,-0.00175681739742904));
#5524=CARTESIAN_POINT('',(0.00838998945456087,0.0262,-0.00175681739742904));
#5525=CARTESIAN_POINT('',(0.00838998945456087,0.0227612574113277,-0.00175681739742904));
#5526=CARTESIAN_POINT('',(0.00831619469476029,0.0262,-0.00178215539546379));
#5527=CARTESIAN_POINT('',(0.00831619469476029,0.0227612574113277,-0.00178215539546379));
#5528=CARTESIAN_POINT('',(0.00821675940762228,0.0262,-0.0017883715395695));
#5529=CARTESIAN_POINT('',(0.00821675940762228,0.0227612574113277,-0.0017883715395695));
#5530=CARTESIAN_POINT('',(0.00817515845896908,0.0262,-0.00172632298211588));
#5531=CARTESIAN_POINT('',(0.00817515845896908,0.0227612574113277,-0.00172632298211588));
#5532=CARTESIAN_POINT('',(0.00838998945456087,0.0262,-0.00175681739742904));
#5533=CARTESIAN_POINT('',(0.00835309207466058,0.0262,-0.00176948639644641));
#5534=CARTESIAN_POINT('',(0.00829036124449819,0.0262,-0.00178130907934043));
#5535=CARTESIAN_POINT('',(0.00821629937591236,0.0262,-0.00176570349696464));
#5536=CARTESIAN_POINT('',(0.00818555869613238,0.0262,-0.00174183512147929));
#5537=CARTESIAN_POINT('',(0.00817515845896908,0.0262,-0.00172632298211588));
#5538=CARTESIAN_POINT('',(0.00817515845920384,0.0262,-0.00172632298246603));
#5539=CARTESIAN_POINT('',(0.00817515845920384,0.026202,-0.00172632298246603));
#5540=CARTESIAN_POINT('',(0.0107499995314707,0.026202,-2.97337773434888E-10));
#5541=CARTESIAN_POINT('',(0.0107499995314707,0.0262,-2.97337773434888E-10));
#5542=CARTESIAN_POINT('',(0.00809166205725535,0.0262,-0.00159475370580041));
#5543=CARTESIAN_POINT('',(0.00809166205725535,0.026202,-0.00159475370580041));
#5544=CARTESIAN_POINT('',(0.00809166205725535,0.0262,-0.00159475370580041));
#5545=CARTESIAN_POINT('',(0.00809166205725535,0.0227612574113277,-0.00159475370580041));
#5546=CARTESIAN_POINT('',(0.00805323166635131,0.0262,-0.00153069305121585));
#5547=CARTESIAN_POINT('',(0.00805323166635131,0.0227612574113277,-0.00153069305121585));
#5548=CARTESIAN_POINT('',(0.00810119368781459,0.0262,-0.00144336801887035));
#5549=CARTESIAN_POINT('',(0.00810119368781459,0.0227612574113277,-0.00144336801887035));
#5550=CARTESIAN_POINT('',(0.00815554047444187,0.0262,-0.00138738491873016));
#5551=CARTESIAN_POINT('',(0.00815554047444187,0.0227612574113277,-0.00138738491873016));
#5552=CARTESIAN_POINT('',(0.00809166205725535,0.0262,-0.00159475370580041));
#5553=CARTESIAN_POINT('',(0.00808205445952934,0.0262,-0.00157873854215427));
#5554=CARTESIAN_POINT('',(0.00807354645254978,0.0262,-0.00154076088347289));
#5555=CARTESIAN_POINT('',(0.00809096010938488,0.0262,-0.00146710316740791));
#5556=CARTESIAN_POINT('',(0.00812836708112823,0.0262,-0.00141537646880026));
#5557=CARTESIAN_POINT('',(0.00815554047444187,0.0262,-0.00138738491873016));
#5558=CARTESIAN_POINT('',(0.00815554047442802,0.0262,-0.00138738491874443));
#5559=CARTESIAN_POINT('',(0.00815554047442802,0.026202,-0.00138738491874443));
#5560=CARTESIAN_POINT('',(0.0081953288182559,0.026202,-0.001346398597834));
#5561=CARTESIAN_POINT('',(0.0081953288182559,0.0262,-0.001346398597834));
#5562=CARTESIAN_POINT('',(0.00823511716208379,0.0262,-0.00130541227692356));
#5563=CARTESIAN_POINT('',(0.00823511716208379,0.026202,-0.00130541227692356));
#5564=CARTESIAN_POINT('',(0.00813504981837322,0.026202,-0.0012305021526231));
#5565=CARTESIAN_POINT('',(0.00813504981837322,0.0262,-0.0012305021526231));
#5566=CARTESIAN_POINT('',(0.0081411159010533,0.0262,-0.00110564942882053));
#5567=CARTESIAN_POINT('',(0.0081411159010533,0.026202,-0.00110564942882053));
#5568=CARTESIAN_POINT('',(0.00808417335315954,0.026202,-0.0011101812104475));
#5569=CARTESIAN_POINT('',(0.00808417335315954,0.0262,-0.0011101812104475));
#5570=CARTESIAN_POINT('',(0.00802723080526578,0.0262,-0.00111471299207447));
#5571=CARTESIAN_POINT('',(0.00802723080526578,0.026202,-0.00111471299207447));
#5572=CARTESIAN_POINT('',(0.00802723080526578,0.0262,-0.00111471299207447));
#5573=CARTESIAN_POINT('',(0.00802723080526578,0.0227612574113277,-0.00111471299207447));
#5574=CARTESIAN_POINT('',(0.00794945313967116,0.0262,-0.00112090293981947));
#5575=CARTESIAN_POINT('',(0.00794945313967116,0.0227612574113277,-0.00112090293981947));
#5576=CARTESIAN_POINT('',(0.00785159590275106,0.0262,-0.00110219524198886));
#5577=CARTESIAN_POINT('',(0.00785159590275106,0.0227612574113277,-0.00110219524198886));
#5578=CARTESIAN_POINT('',(0.00782673277315046,0.0262,-0.00103175031884044));
#5579=CARTESIAN_POINT('',(0.00782673277315046,0.0227612574113277,-0.00103175031884044));
#5580=CARTESIAN_POINT('',(0.00802723080526578,0.0262,-0.00111471299207447));
#5581=CARTESIAN_POINT('',(0.00798834197246847,0.0262,-0.00111780796594697));
#5582=CARTESIAN_POINT('',(0.00792464176501466,0.0262,-0.00111365869444264));
#5583=CARTESIAN_POINT('',(0.00785678763674088,0.0262,-0.001080124952392));
#5584=CARTESIAN_POINT('',(0.00783294855555061,0.0262,-0.00104936154962754));
#5585=CARTESIAN_POINT('',(0.00782673277315046,0.0262,-0.00103175031884044));
#5586=CARTESIAN_POINT('',(0.00782673277329076,0.0262,-0.00103175031923794));
#5587=CARTESIAN_POINT('',(0.00782673277329076,0.026202,-0.00103175031923794));
#5588=CARTESIAN_POINT('',(0.0107499994722937,0.026202,-1.7146217057935E-10));
#5589=CARTESIAN_POINT('',(0.0107499994722937,0.0262,-1.7146217057935E-10));
#5590=CARTESIAN_POINT('',(0.00777857951291697,0.0262,-0.000883549822558533));
#5591=CARTESIAN_POINT('',(0.00777857951291697,0.026202,-0.000883549822558533));
#5592=CARTESIAN_POINT('',(0.00777857951291697,0.0262,-0.000883549822558533));
#5593=CARTESIAN_POINT('',(0.00777857951291697,0.0227612574113277,-0.000883549822558533));
#5594=CARTESIAN_POINT('',(0.00775728772037209,0.0262,-0.000811944501659433));
#5595=CARTESIAN_POINT('',(0.00775728772037209,0.0227612574113277,-0.000811944501659433));
#5596=CARTESIAN_POINT('',(0.00782545977917575,0.0262,-0.000739290615490465));
#5597=CARTESIAN_POINT('',(0.00782545977917575,0.0227612574113277,-0.000739290615490465));
#5598=CARTESIAN_POINT('',(0.00789202159242139,0.0262,-0.000698581823621013));
#5599=CARTESIAN_POINT('',(0.00789202159242139,0.0227612574113277,-0.000698581823621013));
#5600=CARTESIAN_POINT('',(0.00777857951291697,0.0262,-0.000883549822558533));
#5601=CARTESIAN_POINT('',(0.00777325656478075,0.0262,-0.000865648492333758));
#5602=CARTESIAN_POINT('',(0.00777446051213784,0.0262,-0.000826748116340143));
#5603=CARTESIAN_POINT('',(0.00780964501601901,0.0262,-0.000759735093225857));
#5604=CARTESIAN_POINT('',(0.00785874068579857,0.0262,-0.000718936219555739));
#5605=CARTESIAN_POINT('',(0.00789202159242139,0.0262,-0.000698581823621013));
#5606=CARTESIAN_POINT('',(0.00789202159289924,0.0262,-0.000698581824434524));
#5607=CARTESIAN_POINT('',(0.00789202159289924,0.026202,-0.000698581824434524));
#5608=CARTESIAN_POINT('',(0.00794075279313137,0.026202,-0.000668778124816697));
#5609=CARTESIAN_POINT('',(0.00794075279313137,0.0262,-0.000668778124816697));
#5610=CARTESIAN_POINT('',(0.00798948399336348,0.0262,-0.000638974425198878));
#5611=CARTESIAN_POINT('',(0.00798948399336348,0.026202,-0.000638974425198878));
#5612=CARTESIAN_POINT('',(0.0079111898453941,0.026202,-0.000541531999152782));
#5613=CARTESIAN_POINT('',(0.0079111898453941,0.0262,-0.000541531999152782));
#5614=CARTESIAN_POINT('',(0.00794811496072672,0.0262,-0.000422110326673819));
#5615=CARTESIAN_POINT('',(0.00794811496072672,0.026202,-0.000422110326673819));
#5616=CARTESIAN_POINT('',(0.0078918343594236,0.026202,-0.000412338698237031));
#5617=CARTESIAN_POINT('',(0.0078918343594236,0.0262,-0.000412338698237031));
#5618=CARTESIAN_POINT('',(0.00783555375812047,0.0262,-0.000402567069800243));
#5619=CARTESIAN_POINT('',(0.00783555375812047,0.026202,-0.000402567069800243));
#5620=CARTESIAN_POINT('',(0.00783555375812047,0.0262,-0.000402567069800243));
#5621=CARTESIAN_POINT('',(0.00783555375812047,0.0227612574113277,-0.000402567069800243));
#5622=CARTESIAN_POINT('',(0.00775868024350735,0.0262,-0.000389220030073648));
#5623=CARTESIAN_POINT('',(0.00775868024350735,0.0227612574113277,-0.000389220030073648));
#5624=CARTESIAN_POINT('',(0.00766854978689461,0.0262,-0.000346763963763507));
#5625=CARTESIAN_POINT('',(0.00766854978689461,0.0227612574113277,-0.000346763963763507));
#5626=CARTESIAN_POINT('',(0.00766198671821961,0.0262,-0.000272348988520014));
#5627=CARTESIAN_POINT('',(0.00766198671821961,0.0227612574113277,-0.000272348988520014));
#5628=CARTESIAN_POINT('',(0.00783555375812047,0.0262,-0.000402567069800243));
#5629=CARTESIAN_POINT('',(0.00779711700081391,0.0262,-0.000395893549936945));
#5630=CARTESIAN_POINT('',(0.00773644993437598,0.0262,-0.000376033038022832));
#5631=CARTESIAN_POINT('',(0.00767906707084373,0.0262,-0.000326678184638882));
#5632=CARTESIAN_POINT('',(0.00766362748538836,0.0262,-0.000290952732330887));
#5633=CARTESIAN_POINT('',(0.00766198671821961,0.0262,-0.000272348988520014));
#5634=CARTESIAN_POINT('',(0.00766198671823804,0.0262,-0.000272348988728684));
#5635=CARTESIAN_POINT('',(0.00766198671823804,0.026202,-0.000272348988728684));
#5636=CARTESIAN_POINT('',(0.0107499997250046,0.026202,-1.73006356284219E-11));
#5637=CARTESIAN_POINT('',(0.0107499997250046,0.0262,-1.73006356284219E-11));
#5638=CARTESIAN_POINT('',(0.00765220224589459,0.0262,-0.000116829254296559));
#5639=CARTESIAN_POINT('',(0.00765220224589459,0.026202,-0.000116829254296559));
#5640=CARTESIAN_POINT('',(0.00780807994652297,0.0262,3.41157386344462E-5));
#5641=CARTESIAN_POINT('',(0.00780807994652297,0.0227612574113277,3.41157386344462E-5));
#5642=CARTESIAN_POINT('',(0.00777910834082135,0.0262,2.52307454979837E-5));
#5643=CARTESIAN_POINT('',(0.00777910834082135,0.0227612574113277,2.52307454979837E-5));
#5644=CARTESIAN_POINT('',(0.00773059363140103,0.0262,2.51443280497735E-7));
#5645=CARTESIAN_POINT('',(0.00773059363140103,0.0227612574113277,2.51443280497735E-7));
#5646=CARTESIAN_POINT('',(0.00764958710753751,0.0262,-4.74872880349075E-5));
#5647=CARTESIAN_POINT('',(0.00764958710753751,0.0227612574113277,-4.74872880349075E-5));
#5648=CARTESIAN_POINT('',(0.00765220224589459,0.0262,-0.000116829254296559));
#5649=CARTESIAN_POINT('',(0.00765220224589459,0.0227612574113277,-0.000116829254296559));
#5650=CARTESIAN_POINT('',(0.00780807994652297,0.0262,3.41157386344462E-5));
#5651=CARTESIAN_POINT('',(0.00779359414367216,0.0262,2.9673242066215E-5));
#5652=CARTESIAN_POINT('',(0.00776486553532201,0.0262,1.90484003033086E-5));
#5653=CARTESIAN_POINT('',(0.00772253830401071,0.0262,-3.55409902061238E-6));
#5654=CARTESIAN_POINT('',(0.00768692748014888,0.0262,-3.18110899907283E-5));
#5655=CARTESIAN_POINT('',(0.00766037902161199,0.0262,-6.89190305454355E-5));
#5656=CARTESIAN_POINT('',(0.00765154846130532,0.0262,-9.94937627311458E-5));
#5657=CARTESIAN_POINT('',(0.00765220224589459,0.0262,-0.000116829254296559));
#5658=CARTESIAN_POINT('',(0.00780807993868388,0.0262,3.41157164374486E-5));
#5659=CARTESIAN_POINT('',(0.00780807993868388,0.026202,3.41157164374486E-5));
#5660=CARTESIAN_POINT('',(0.00786269207383243,0.026202,5.08641325297839E-5));
#5661=CARTESIAN_POINT('',(0.00786269207383243,0.0262,5.08641325297839E-5));
#5662=CARTESIAN_POINT('',(0.00791730420898098,0.0262,6.76125486221194E-5));
#5663=CARTESIAN_POINT('',(0.00791730420898098,0.026202,6.76125486221194E-5));
#5664=CARTESIAN_POINT('',(0.0078657027548423,0.026202,0.000181464601439686));
#5665=CARTESIAN_POINT('',(0.0078657027548423,0.0262,0.000181464601439686));
#5666=CARTESIAN_POINT('',(0.00793116676203006,0.0262,0.000287951519710999));
#5667=CARTESIAN_POINT('',(0.00793116676203006,0.026202,0.000287951519710999));
#5668=CARTESIAN_POINT('',(0.00787908442448301,0.026202,0.000311412570859326));
#5669=CARTESIAN_POINT('',(0.00787908442448301,0.0262,0.000311412570859326));
#5670=CARTESIAN_POINT('',(0.00782700208693597,0.0262,0.000334873622007653));
#5671=CARTESIAN_POINT('',(0.00782700208693597,0.026202,0.000334873622007653));
#5672=CARTESIAN_POINT('',(0.00782700208693597,0.0262,0.000334873622007653));
#5673=CARTESIAN_POINT('',(0.00782700208693597,0.0227612574113277,0.000334873622007653));
#5674=CARTESIAN_POINT('',(0.00775586296894851,0.0262,0.000366919005612848));
#5675=CARTESIAN_POINT('',(0.00775586296894851,0.0227612574113277,0.000366919005612848));
#5676=CARTESIAN_POINT('',(0.00767912252070869,0.0262,0.000430455769613755));
#5677=CARTESIAN_POINT('',(0.00767912252070869,0.0227612574113277,0.000430455769613755));
#5678=CARTESIAN_POINT('',(0.00769127189470145,0.0262,0.000504165030378647));
#5679=CARTESIAN_POINT('',(0.00769127189470145,0.0227612574113277,0.000504165030378647));
#5680=CARTESIAN_POINT('',(0.00782700208693597,0.0262,0.000334873622007653));
#5681=CARTESIAN_POINT('',(0.00779143252794224,0.0262,0.000350896313810251));
#5682=CARTESIAN_POINT('',(0.00773761053742234,0.0262,0.000385220157128727));
#5683=CARTESIAN_POINT('',(0.00769430451498675,0.0262,0.000447294974893425));
#5684=CARTESIAN_POINT('',(0.00768823455120326,0.0262,0.000485737715187424));
#5685=CARTESIAN_POINT('',(0.00769127189470145,0.0262,0.000504165030378647));
#5686=CARTESIAN_POINT('',(0.00769127189466738,0.0262,0.00050416503017196));
#5687=CARTESIAN_POINT('',(0.00769127189466738,0.026202,0.00050416503017196));
#5688=CARTESIAN_POINT('',(0.0107499997293388,0.026202,5.16313111514032E-11));
#5689=CARTESIAN_POINT('',(0.0107499997293388,0.0262,5.16313111514032E-11));
#5690=CARTESIAN_POINT('',(0.00772047100468046,0.0262,0.000657232125293755));
#5691=CARTESIAN_POINT('',(0.00772047100468046,0.026202,0.000657232125293755));
#5692=CARTESIAN_POINT('',(0.00772047100468046,0.0262,0.000657232125293755));
#5693=CARTESIAN_POINT('',(0.00772047100468046,0.0227612574113277,0.000657232125293755));
#5694=CARTESIAN_POINT('',(0.00773630899107166,0.0262,0.000730237745611027));
#5695=CARTESIAN_POINT('',(0.00773630899107166,0.0227612574113277,0.000730237745611027));
#5696=CARTESIAN_POINT('',(0.00783104989819331,0.0262,0.000761062691592299));
#5697=CARTESIAN_POINT('',(0.00783104989819331,0.0227612574113277,0.000761062691592299));
#5698=CARTESIAN_POINT('',(0.00790899006982765,0.0262,0.000764669679758055));
#5699=CARTESIAN_POINT('',(0.00790899006982765,0.0227612574113277,0.000764669679758055));
#5700=CARTESIAN_POINT('',(0.00772047100468046,0.0262,0.000657232125293755));
#5701=CARTESIAN_POINT('',(0.00772443050127826,0.0262,0.000675483530373073));
#5702=CARTESIAN_POINT('',(0.00774422592744856,0.0262,0.000708992183649797));
#5703=CARTESIAN_POINT('',(0.00780734211333163,0.0262,0.000750765879438577));
#5704=CARTESIAN_POINT('',(0.00787001998401048,0.0262,0.000762866185675177));
#5705=CARTESIAN_POINT('',(0.00790899006982765,0.0262,0.000764669679758055));
#5706=CARTESIAN_POINT('',(0.00790899006980777,0.0262,0.000764669679757136));
#5707=CARTESIAN_POINT('',(0.00790899006980777,0.026202,0.000764669679757136));
#5708=CARTESIAN_POINT('',(0.00796605159155728,0.026202,0.000767310426237198));
#5709=CARTESIAN_POINT('',(0.00796605159155728,0.0262,0.000767310426237198));
#5710=CARTESIAN_POINT('',(0.00802311311330679,0.0262,0.00076995117271726));
#5711=CARTESIAN_POINT('',(0.00802311311330679,0.026202,0.00076995117271726));
#5712=CARTESIAN_POINT('',(0.008001446667907,0.026202,0.000893059113743573));
#5713=CARTESIAN_POINT('',(0.008001446667907,0.0262,0.000893059113743573));
#5714=CARTESIAN_POINT('',(0.00809133622261848,0.0262,0.000979920313100775));
#5715=CARTESIAN_POINT('',(0.00809133622261848,0.026202,0.000979920313100775));
#5716=CARTESIAN_POINT('',(0.00804672467364105,0.026202,0.00101559664283327));
#5717=CARTESIAN_POINT('',(0.00804672467364105,0.0262,0.00101559664283327));
#5718=CARTESIAN_POINT('',(0.00800211312466361,0.0262,0.00105127297256577));
#5719=CARTESIAN_POINT('',(0.00800211312466361,0.026202,0.00105127297256577));
#5720=CARTESIAN_POINT('',(0.00800211312466361,0.0262,0.00105127297256577));
#5721=CARTESIAN_POINT('',(0.00800211312466361,0.0227612574113277,0.00105127297256577));
#5722=CARTESIAN_POINT('',(0.00794117833571637,0.0262,0.00110000317074297));
#5723=CARTESIAN_POINT('',(0.00794117833571637,0.0227612574113277,0.00110000317074297));
#5724=CARTESIAN_POINT('',(0.00788264978044403,0.0262,0.00118062838388059));
#5725=CARTESIAN_POINT('',(0.00788264978044403,0.0227612574113277,0.00118062838388059));
#5726=CARTESIAN_POINT('',(0.00791274820725427,0.0262,0.00124900050622933));
#5727=CARTESIAN_POINT('',(0.00791274820725427,0.0227612574113277,0.00124900050622933));
#5728=CARTESIAN_POINT('',(0.00800211312466361,0.0262,0.00105127297256577));
#5729=CARTESIAN_POINT('',(0.00797164573018999,0.0262,0.00107563807165437));
#5730=CARTESIAN_POINT('',(0.00792805064919593,0.0262,0.00112226855306725));
#5731=CARTESIAN_POINT('',(0.00790154254451504,0.0262,0.00119316294611733));
#5732=CARTESIAN_POINT('',(0.00790522360055171,0.0262,0.00123190747564215));
#5733=CARTESIAN_POINT('',(0.00791274820725427,0.0262,0.00124900050622933));
#5734=CARTESIAN_POINT('',(0.00791274820716988,0.0262,0.00124900050603761));
#5735=CARTESIAN_POINT('',(0.00791274820716988,0.026202,0.00124900050603761));
#5736=CARTESIAN_POINT('',(0.0107499997506788,0.026202,1.17321834864313E-10));
#5737=CARTESIAN_POINT('',(0.0107499997506788,0.0262,1.17321834864313E-10));
#5738=CARTESIAN_POINT('',(0.00797909621215261,0.0262,0.00138999719369969));
#5739=CARTESIAN_POINT('',(0.00797909621215261,0.026202,0.00138999719369969));
#5740=CARTESIAN_POINT('',(0.0081884111874149,0.0262,0.00144717664433608));
#5741=CARTESIAN_POINT('',(0.0081884111874149,0.0227612574113277,0.00144717664433608));
#5742=CARTESIAN_POINT('',(0.00815874279771912,0.0262,0.00145334784298983));
#5743=CARTESIAN_POINT('',(0.00815874279771912,0.0227612574113277,0.00145334784298983));
#5744=CARTESIAN_POINT('',(0.00810419516315305,0.0262,0.00145483045310323));
#5745=CARTESIAN_POINT('',(0.00810419516315305,0.0227612574113277,0.00145483045310323));
#5746=CARTESIAN_POINT('',(0.00801021029595885,0.0262,0.00145202187445759));
#5747=CARTESIAN_POINT('',(0.00801021029595885,0.0227612574113277,0.00145202187445759));
#5748=CARTESIAN_POINT('',(0.00797909621215261,0.0262,0.00138999719369969));
#5749=CARTESIAN_POINT('',(0.00797909621215261,0.0227612574113277,0.00138999719369969));
#5750=CARTESIAN_POINT('',(0.0081884111874149,0.0262,0.00144717664433608));
#5751=CARTESIAN_POINT('',(0.00817357699256701,0.0262,0.00145026224366296));
#5752=CARTESIAN_POINT('',(0.00814328336460539,0.0262,0.00145479173647625));
#5753=CARTESIAN_POINT('',(0.00809530289196631,0.0262,0.00145537631453167));
#5754=CARTESIAN_POINT('',(0.00805048397991561,0.0262,0.00144777016982019));
#5755=CARTESIAN_POINT('',(0.00800934250165387,0.0262,0.00142804205107057));
#5756=CARTESIAN_POINT('',(0.00798687473310417,0.0262,0.00140550336388916));
#5757=CARTESIAN_POINT('',(0.00797909621215261,0.0262,0.00138999719369969));
#5758=CARTESIAN_POINT('',(0.00818841116966702,0.0262,0.00144717662775684));
#5759=CARTESIAN_POINT('',(0.00818841116966702,0.026202,0.00144717662775684));
#5760=CARTESIAN_POINT('',(0.00824433675598017,0.026202,0.00143554378063143));
#5761=CARTESIAN_POINT('',(0.00824433675598017,0.0262,0.00143554378063143));
#5762=CARTESIAN_POINT('',(0.00830026234229331,0.0262,0.00142391093350602));
#5763=CARTESIAN_POINT('',(0.00830026234229331,0.026202,0.00142391093350602));
#5764=CARTESIAN_POINT('',(0.00830989229529916,0.026202,0.00154853943748928));
#5765=CARTESIAN_POINT('',(0.00830989229529916,0.0262,0.00154853943748928));
#5766=CARTESIAN_POINT('',(0.0084185593062212,0.0262,0.0016103171093236));
#5767=CARTESIAN_POINT('',(0.0084185593062212,0.026202,0.0016103171093236));
#5768=CARTESIAN_POINT('',(0.00838422161141749,0.026202,0.0016559670985883));
#5769=CARTESIAN_POINT('',(0.00838422161141749,0.0262,0.0016559670985883));
#5770=CARTESIAN_POINT('',(0.00834988391661381,0.0262,0.00170161708785302));
#5771=CARTESIAN_POINT('',(0.00834988391661381,0.026202,0.00170161708785302));
#5772=CARTESIAN_POINT('',(0.00831249948443293,0.0262,0.0019153566865235));
#5773=CARTESIAN_POINT('',(0.00831249948443293,0.0227612574113277,0.0019153566865235));
#5774=CARTESIAN_POINT('',(0.0082698072969314,0.0262,0.00186102621599485));
#5775=CARTESIAN_POINT('',(0.0082698072969314,0.0227612574113277,0.00186102621599485));
#5776=CARTESIAN_POINT('',(0.0083069233946228,0.0262,0.00177469594738555));
#5777=CARTESIAN_POINT('',(0.0083069233946228,0.0227612574113277,0.00177469594738555));
#5778=CARTESIAN_POINT('',(0.00833164420993641,0.0262,0.00172586574646874));
#5779=CARTESIAN_POINT('',(0.00833164420993641,0.0227612574113277,0.00172586574646874));
#5780=CARTESIAN_POINT('',(0.00834988391661381,0.0262,0.00170161708785302));
#5781=CARTESIAN_POINT('',(0.00834988391661381,0.0227612574113277,0.00170161708785302));
#5782=CARTESIAN_POINT('',(0.00831249948443293,0.0262,0.0019153566865235));
#5783=CARTESIAN_POINT('',(0.00830182643755755,0.0262,0.00190177406889133));
#5784=CARTESIAN_POINT('',(0.00829095453760534,0.0262,0.00187188618078596));
#5785=CARTESIAN_POINT('',(0.00829062659950419,0.0262,0.00182606778876903));
#5786=CARTESIAN_POINT('',(0.00830277458163379,0.0262,0.00178256408129585));
#5787=CARTESIAN_POINT('',(0.00832365211455668,0.0262,0.00173940093040498));
#5788=CARTESIAN_POINT('',(0.00834076406327511,0.0262,0.00171374141716088));
#5789=CARTESIAN_POINT('',(0.00834988391661381,0.0262,0.00170161708785302));
#5790=CARTESIAN_POINT('',(0.00831249948443293,0.0262,0.0019153566865235));
#5791=CARTESIAN_POINT('',(0.00831249948443293,0.026202,0.0019153566865235));
#5792=CARTESIAN_POINT('',(0.010749999787583,0.026202,1.75726612189515E-10));
#5793=CARTESIAN_POINT('',(0.010749999787583,0.0262,1.75726612189515E-10));
#5794=CARTESIAN_POINT('',(0.00841182749511286,0.0262,0.00203542362602723));
#5795=CARTESIAN_POINT('',(0.00841182749511286,0.026202,0.00203542362602723));
#5796=CARTESIAN_POINT('',(0.00841182749511286,0.0262,0.00203542362602723));
#5797=CARTESIAN_POINT('',(0.00841182749511286,0.0227612574113277,0.00203542362602723));
#5798=CARTESIAN_POINT('',(0.00846087715420382,0.0262,0.00209176893065766));
#5799=CARTESIAN_POINT('',(0.00846087715420382,0.0227612574113277,0.00209176893065766));
#5800=CARTESIAN_POINT('',(0.00855874927496841,0.0262,0.00207313925663945));
#5801=CARTESIAN_POINT('',(0.00855874927496841,0.0227612574113277,0.00207313925663945));
#5802=CARTESIAN_POINT('',(0.00862878644781665,0.0262,0.00203875212041898));
#5803=CARTESIAN_POINT('',(0.00862878644781665,0.0227612574113277,0.00203875212041898));
#5804=CARTESIAN_POINT('',(0.00841182749511286,0.0262,0.00203542362602723));
#5805=CARTESIAN_POINT('',(0.0084240899098856,0.0262,0.00204950995218483));
#5806=CARTESIAN_POINT('',(0.00845757969090322,0.0262,0.00206933728960254));
#5807=CARTESIAN_POINT('',(0.00853301345763849,0.0262,0.00207553740382791));
#5808=CARTESIAN_POINT('',(0.00859376786139253,0.0262,0.00205594568852921));
#5809=CARTESIAN_POINT('',(0.00862878644781665,0.0262,0.00203875212041898));
#5810=CARTESIAN_POINT('',(0.0086287864477988,0.0262,0.00203875212042775));
#5811=CARTESIAN_POINT('',(0.0086287864477988,0.026202,0.00203875212042775));
#5812=CARTESIAN_POINT('',(0.0086800620298005,0.026202,0.00201357662645587));
#5813=CARTESIAN_POINT('',(0.0086800620298005,0.0262,0.00201357662645587));
#5814=CARTESIAN_POINT('',(0.0087313376118022,0.0262,0.00198840113248398));
#5815=CARTESIAN_POINT('',(0.0087313376118022,0.026202,0.00198840113248398));
#5816=CARTESIAN_POINT('',(0.00877165886386607,0.026202,0.00210671933324787));
#5817=CARTESIAN_POINT('',(0.00877165886386607,0.0262,0.00210671933324787));
#5818=CARTESIAN_POINT('',(0.00889227538009029,0.0262,0.00213953177012676));
#5819=CARTESIAN_POINT('',(0.00889227538009029,0.026202,0.00213953177012676));
#5820=CARTESIAN_POINT('',(0.00887036918678816,0.026202,0.00219228694864625));
#5821=CARTESIAN_POINT('',(0.00887036918678816,0.0262,0.00219228694864625));
#5822=CARTESIAN_POINT('',(0.00884846814505466,0.0262,0.00224504426520525));
#5823=CARTESIAN_POINT('',(0.00884846814505466,0.026202,0.00224504426520525));
#5824=CARTESIAN_POINT('',(0.00884846814505466,0.0262,0.00224504426520525));
#5825=CARTESIAN_POINT('',(0.00884846814505466,0.0227612574113277,0.00224504426520525));
#5826=CARTESIAN_POINT('',(0.00881630296069921,0.0262,0.00232254660011212));
#5827=CARTESIAN_POINT('',(0.00881630296069921,0.0227612574113277,0.00232254660011212));
#5828=CARTESIAN_POINT('',(0.00880175525772329,0.0262,0.0024124418450619));
#5829=CARTESIAN_POINT('',(0.00880175525772329,0.0227612574113277,0.0024124418450619));
#5830=CARTESIAN_POINT('',(0.0088654269756175,0.0262,0.00246133910181692));
#5831=CARTESIAN_POINT('',(0.0088654269756175,0.0227612574113277,0.00246133910181692));
#5832=CARTESIAN_POINT('',(0.00884846814505466,0.0262,0.00224504426520525));
#5833=CARTESIAN_POINT('',(0.00884312012632464,0.0262,0.00225793037007322));
#5834=CARTESIAN_POINT('',(0.00883020867679253,0.0262,0.00229452187133485));
#5835=CARTESIAN_POINT('',(0.00882184185707999,0.0262,0.00234247655318186));
#5836=CARTESIAN_POINT('',(0.0088239937015823,0.0262,0.0023867410916813));
#5837=CARTESIAN_POINT('',(0.00883199611099395,0.0262,0.00241855862721455));
#5838=CARTESIAN_POINT('',(0.00884644642564697,0.0262,0.00244417025541411));
#5839=CARTESIAN_POINT('',(0.00886003301360038,0.0262,0.0024571967611608));
#5840=CARTESIAN_POINT('',(0.0088654269756175,0.0262,0.00246133910181692));
#5841=CARTESIAN_POINT('',(0.00886542220712808,0.0262,0.00246134532038926));
#5842=CARTESIAN_POINT('',(0.00886541742966625,0.026202,0.0024613515320917));
#5843=CARTESIAN_POINT('',(0.0107499998380496,0.026202,2.22905751148805E-10));
#5844=CARTESIAN_POINT('',(0.0107499998380496,0.0262,2.22905751148805E-10));
#5845=CARTESIAN_POINT('',(0.00899147475584175,0.0262,0.00255295690634569));
#5846=CARTESIAN_POINT('',(0.00899147475584175,0.026202,0.00255295690634569));
#5847=CARTESIAN_POINT('',(0.00899147475584175,0.0262,0.00255295690634569));
#5848=CARTESIAN_POINT('',(0.00899147475584175,0.0227612574113277,0.00255295690634569));
#5849=CARTESIAN_POINT('',(0.00905299593714719,0.0262,0.00259533386543462));
#5850=CARTESIAN_POINT('',(0.00905299593714719,0.0227612574113277,0.00259533386543462));
#5851=CARTESIAN_POINT('',(0.0091431602137342,0.0262,0.00255294967021371));
#5852=CARTESIAN_POINT('',(0.0091431602137342,0.0227612574113277,0.00255294967021371));
#5853=CARTESIAN_POINT('',(0.00920244530698146,0.0262,0.00250222533249816));
#5854=CARTESIAN_POINT('',(0.00920244530698146,0.0227612574113277,0.00250222533249816));
#5855=CARTESIAN_POINT('',(0.00899147475584175,0.0262,0.00255295690634569));
#5856=CARTESIAN_POINT('',(0.00900685505116811,0.0262,0.00256355114611793));
#5857=CARTESIAN_POINT('',(0.00904422354743684,0.0262,0.00257442700140829));
#5858=CARTESIAN_POINT('',(0.00911882932938425,0.0262,0.00256167271270624));
#5859=CARTESIAN_POINT('',(0.00917280276035783,0.0262,0.00252758750135594));
#5860=CARTESIAN_POINT('',(0.00920244530698146,0.0262,0.00250222533249816));
#5861=CARTESIAN_POINT('',(0.00920244530696634,0.0262,0.00250222533251109));
#5862=CARTESIAN_POINT('',(0.00920244530696634,0.026202,0.00250222533251109));
#5863=CARTESIAN_POINT('',(0.00924584908151506,0.026202,0.00246508905427453));
#5864=CARTESIAN_POINT('',(0.00924584908151506,0.0262,0.00246508905427453));
#5865=CARTESIAN_POINT('',(0.00928925285606378,0.0262,0.00242795277603796));
#5866=CARTESIAN_POINT('',(0.00928925285606378,0.026202,0.00242795277603796));
#5867=CARTESIAN_POINT('',(0.00935773188184603,0.026202,0.00253252630532676));
#5868=CARTESIAN_POINT('',(0.00935773188184603,0.0262,0.00253252630532676));
#5869=CARTESIAN_POINT('',(0.00948271912980105,0.0262,0.00253431176006738));
#5870=CARTESIAN_POINT('',(0.00948271912980105,0.026202,0.00253431176006738));
#5871=CARTESIAN_POINT('',(0.00947462082851823,0.026202,0.00259085746123585));
#5872=CARTESIAN_POINT('',(0.00947462082851823,0.0262,0.00259085746123585));
#5873=CARTESIAN_POINT('',(0.00946652252723542,0.0262,0.00264740316240431));
#5874=CARTESIAN_POINT('',(0.00946652252723542,0.026202,0.00264740316240431));
#5875=CARTESIAN_POINT('',(0.00953673213654615,0.0262,0.00285271468806646));
#5876=CARTESIAN_POINT('',(0.00953673213654615,0.0227612574113277,0.00285271468806646));
#5877=CARTESIAN_POINT('',(0.00947314678366006,0.0262,0.00282567165199653));
#5878=CARTESIAN_POINT('',(0.00947314678366006,0.0227612574113277,0.00282567165199653));
#5879=CARTESIAN_POINT('',(0.00946408194391551,0.0262,0.0027321390444932));
#5880=CARTESIAN_POINT('',(0.00946408194391551,0.0227612574113277,0.0027321390444932));
#5881=CARTESIAN_POINT('',(0.00946222083081214,0.0262,0.00267743946963774));
#5882=CARTESIAN_POINT('',(0.00946222083081214,0.0227612574113277,0.00267743946963774));
#5883=CARTESIAN_POINT('',(0.00946652252723542,0.0262,0.00264740316240431));
#5884=CARTESIAN_POINT('',(0.00946652252723542,0.0227612574113277,0.00264740316240431));
#5885=CARTESIAN_POINT('',(0.00953673213654615,0.0262,0.00285271468806646));
#5886=CARTESIAN_POINT('',(0.00952083579832463,0.0262,0.00284595392904897));
#5887=CARTESIAN_POINT('',(0.00949691007986588,0.0262,0.0028250005507963));
#5888=CARTESIAN_POINT('',(0.0094745495268216,0.0262,0.00278500757318802));
#5889=CARTESIAN_POINT('',(0.0094642368137986,0.0262,0.00274103264869889));
#5890=CARTESIAN_POINT('',(0.00946173792883425,0.0262,0.00269315066304959));
#5891=CARTESIAN_POINT('',(0.00946437167902378,0.0262,0.00266242131602102));
#5892=CARTESIAN_POINT('',(0.00946652252723542,0.0262,0.00264740316240431));
#5893=CARTESIAN_POINT('',(0.00953673213654615,0.0262,0.00285271468806646));
#5894=CARTESIAN_POINT('',(0.00953673213654615,0.026202,0.00285271468806646));
#5895=CARTESIAN_POINT('',(0.0107499997957541,0.026202,5.1586662610896E-10));
#5896=CARTESIAN_POINT('',(0.0107499997957541,0.0262,5.1586662610896E-10));
#5897=CARTESIAN_POINT('',(0.00968161662506456,0.0262,0.00291007851511975));
#5898=CARTESIAN_POINT('',(0.00968161662506456,0.026202,0.00291007851511975));
#5899=CARTESIAN_POINT('',(0.00968161662506456,0.0262,0.00291007851511975));
#5900=CARTESIAN_POINT('',(0.00968161662506456,0.0227612574113277,0.00291007851511975));
#5901=CARTESIAN_POINT('',(0.00975174372650396,0.0262,0.00293582442847599));
#5902=CARTESIAN_POINT('',(0.00975174372650396,0.0227612574113277,0.00293582442847599));
#5903=CARTESIAN_POINT('',(0.00982853480581443,0.0262,0.00287234886691634));
#5904=CARTESIAN_POINT('',(0.00982853480581443,0.0227612574113277,0.00287234886691634));
#5905=CARTESIAN_POINT('',(0.00987334271901667,0.0262,0.00280847452439544));
#5906=CARTESIAN_POINT('',(0.00987334271901667,0.0227612574113277,0.00280847452439544));
#5907=CARTESIAN_POINT('',(0.00968161662506456,0.0262,0.00291007851511975));
#5908=CARTESIAN_POINT('',(0.00969914840042441,0.0262,0.00291651499345882));
#5909=CARTESIAN_POINT('',(0.00973804761189198,0.0262,0.00291775599663535));
#5910=CARTESIAN_POINT('',(0.0098071376533909,0.0262,0.00288684870387202));
#5911=CARTESIAN_POINT('',(0.00985093876241555,0.0262,0.00284041169565589));
#5912=CARTESIAN_POINT('',(0.00987334271901667,0.0262,0.00280847452439544));
#5913=CARTESIAN_POINT('',(0.00987334271900525,0.0262,0.00280847452441171));
#5914=CARTESIAN_POINT('',(0.00987334271900525,0.026202,0.00280847452441171));
#5915=CARTESIAN_POINT('',(0.0099061474673182,0.026202,0.00276171087084973));
#5916=CARTESIAN_POINT('',(0.0099061474673182,0.0262,0.00276171087084973));
#5917=CARTESIAN_POINT('',(0.00993895221563114,0.0262,0.00271494721728776));
#5918=CARTESIAN_POINT('',(0.00993895221563114,0.026202,0.00271494721728776));
#5919=CARTESIAN_POINT('',(0.0100312862260936,0.026202,0.00279920533566174));
#5920=CARTESIAN_POINT('',(0.0100312862260936,0.0262,0.00279920533566174));
#5921=CARTESIAN_POINT('',(0.0101527907943566,0.0262,0.00276985163246744));
#5922=CARTESIAN_POINT('',(0.0101527907943566,0.026202,0.00276985163246744));
#5923=CARTESIAN_POINT('',(0.0101590092525215,0.026202,0.0028266347424862));
#5924=CARTESIAN_POINT('',(0.0101590092525215,0.0262,0.0028266347424862));
#5925=CARTESIAN_POINT('',(0.0101652277106865,0.0262,0.00288341785250495));
#5926=CARTESIAN_POINT('',(0.0101652277106865,0.026202,0.00288341785250495));
#5927=CARTESIAN_POINT('',(0.0101652277106865,0.0262,0.00288341785250495));
#5928=CARTESIAN_POINT('',(0.0101652277106865,0.0227612574113277,0.00288341785250495));
#5929=CARTESIAN_POINT('',(0.0101737214851584,0.0262,0.00296097774235567));
#5930=CARTESIAN_POINT('',(0.0101737214851584,0.0227612574113277,0.00296097774235567));
#5931=CARTESIAN_POINT('',(0.0102104344359237,0.0262,0.00305359618556143));
#5932=CARTESIAN_POINT('',(0.0102104344359237,0.0227612574113277,0.00305359618556143));
#5933=CARTESIAN_POINT('',(0.0102842904717202,0.0262,0.00306481885847589));
#5934=CARTESIAN_POINT('',(0.0102842904717202,0.0227612574113277,0.00306481885847589));
#5935=CARTESIAN_POINT('',(0.0101652277106865,0.0262,0.00288341785250495));
#5936=CARTESIAN_POINT('',(0.0101694745979224,0.0262,0.00292219779743031));
#5937=CARTESIAN_POINT('',(0.010185486603033,0.0262,0.0029839922031319));
#5938=CARTESIAN_POINT('',(0.0102311409660746,0.0262,0.00304436085157612));
#5939=CARTESIAN_POINT('',(0.0102658264627711,0.0262,0.00306201319024728));
#5940=CARTESIAN_POINT('',(0.0102842904717202,0.0262,0.00306481885847589));
#5941=CARTESIAN_POINT('',(0.0102842904713036,0.0262,0.00306481885841259));
#5942=CARTESIAN_POINT('',(0.0102842904713036,0.026202,0.00306481885841259));
#5943=CARTESIAN_POINT('',(0.0107499999304747,0.026202,5.50349507719844E-10));
#5944=CARTESIAN_POINT('',(0.0107499999304747,0.0262,5.50349507719844E-10));
#5945=CARTESIAN_POINT('',(0.0104388889509737,0.0262,0.00308434918826871));
#5946=CARTESIAN_POINT('',(0.0104388889509737,0.026202,0.00308434918826871));
#5947=CARTESIAN_POINT('',(0.0104388889509737,0.0262,0.00308434918826871));
#5948=CARTESIAN_POINT('',(0.0104388889509737,0.0227612574113277,0.00308434918826871));
#5949=CARTESIAN_POINT('',(0.0105132156288542,0.0262,0.00309184634546929));
#5950=CARTESIAN_POINT('',(0.0105132156288542,0.0227612574113277,0.00309184634546929));
#5951=CARTESIAN_POINT('',(0.0105718084449572,0.0262,0.00301126782055043));
#5952=CARTESIAN_POINT('',(0.0105718084449572,0.0227612574113277,0.00301126782055043));
#5953=CARTESIAN_POINT('',(0.010599323732136,0.0262,0.00293825693307815));
#5954=CARTESIAN_POINT('',(0.010599323732136,0.0227612574113277,0.00293825693307815));
#5955=CARTESIAN_POINT('',(0.0104388889509737,0.0262,0.00308434918826871));
#5956=CARTESIAN_POINT('',(0.0104574706204439,0.0262,0.00308622347756886));
#5957=CARTESIAN_POINT('',(0.0104954563665925,0.0262,0.00307775165183788));
#5958=CARTESIAN_POINT('',(0.0105546894862401,0.0262,0.00303063337388666));
#5959=CARTESIAN_POINT('',(0.0105855660885466,0.0262,0.00297476237681429));
#5960=CARTESIAN_POINT('',(0.010599323732136,0.0262,0.00293825693307815));
#5961=CARTESIAN_POINT('',(0.010599323732136,0.0262,0.00293825693307815));
#5962=CARTESIAN_POINT('',(0.010599323732136,0.026202,0.00293825693307815));
#5963=CARTESIAN_POINT('',(0.0106194682112222,0.026202,0.00288480423654736));
#5964=CARTESIAN_POINT('',(0.0106194682112222,0.0262,0.00288480423654736));
#5965=CARTESIAN_POINT('',(0.0106396126903154,0.0262,0.00283135153999799));
#5966=CARTESIAN_POINT('',(0.0106396126903154,0.026202,0.00283135153999799));
#5967=CARTESIAN_POINT('',(0.01075,0.026202,0.00289));
#5968=CARTESIAN_POINT('',(0.01075,0.0262,0.00289));
#5969=CARTESIAN_POINT('',(0.0108603873096844,0.0262,0.00283135153999778));
#5970=CARTESIAN_POINT('',(0.0108603873096844,0.026202,0.00283135153999778));
#5971=CARTESIAN_POINT('',(0.0108805317887746,0.026202,0.00288480423653914));
#5972=CARTESIAN_POINT('',(0.0108805317887746,0.0262,0.00288480423653914));
#5973=CARTESIAN_POINT('',(0.0109006762678648,0.0262,0.0029382569330805));
#5974=CARTESIAN_POINT('',(0.0109006762678648,0.026202,0.0029382569330805));
#5975=CARTESIAN_POINT('',(0.0109006762678648,0.0262,0.0029382569330805));
#5976=CARTESIAN_POINT('',(0.0109006762678648,0.0227612574113277,0.0029382569330805));
#5977=CARTESIAN_POINT('',(0.0109281915550483,0.0262,0.00301126782055386));
#5978=CARTESIAN_POINT('',(0.0109281915550483,0.0227612574113277,0.00301126782055386));
#5979=CARTESIAN_POINT('',(0.0109867843711452,0.0262,0.00309184634546962));
#5980=CARTESIAN_POINT('',(0.0109867843711452,0.0227612574113277,0.00309184634546962));
#5981=CARTESIAN_POINT('',(0.0110611110490261,0.0262,0.00308434918826871));
#5982=CARTESIAN_POINT('',(0.0110611110490261,0.0227612574113277,0.00308434918826871));
#5983=CARTESIAN_POINT('',(0.0109006762678648,0.0262,0.0029382569330805));
#5984=CARTESIAN_POINT('',(0.0109144339114566,0.0262,0.00297476237681718));
#5985=CARTESIAN_POINT('',(0.0109453105137639,0.0262,0.00303063337388746));
#5986=CARTESIAN_POINT('',(0.0110045436334079,0.0262,0.00307775165183722));
#5987=CARTESIAN_POINT('',(0.0110425293795559,0.0262,0.00308622347756894));
#5988=CARTESIAN_POINT('',(0.0110611110490261,0.0262,0.00308434918826871));
#5989=CARTESIAN_POINT('',(0.01075,0.0262,0.));
#5990=CARTESIAN_POINT('',(0.01075,0.0262,7.65404249467096E-20));
#5991=CARTESIAN_POINT('',(0.01075,0.0262,0.00125));
#5992=CARTESIAN_POINT('',(0.01075,0.0272,7.65404249467096E-20));
#5993=CARTESIAN_POINT('',(0.01075,0.0272,7.65404249467096E-20));
#5994=CARTESIAN_POINT('',(0.01075,0.0272,0.00125));
#5995=CARTESIAN_POINT('',(0.01075,0.0272,0.));
#5996=CARTESIAN_POINT('',(0.01075,0.0272,2.2578306044392E-19));
#5997=CARTESIAN_POINT('',(0.01075,0.0272,-0.00368731720200663));
#5998=CARTESIAN_POINT('',(-0.016107356917311,0.0331,0.00023459655773818));
#5999=CARTESIAN_POINT('',(0.0246081760035222,0.0331,0.00368731720200663));
#6000=CARTESIAN_POINT('',(0.035471992,0.0331,0.00368731720200663));
#6001=CARTESIAN_POINT('',(0.0137443600070442,0.0331,0.00368731720200663));
#6002=CARTESIAN_POINT('',(0.035471992,0.0331,-7.37257477290143E-18));
#6003=CARTESIAN_POINT('',(0.035471992,0.0331,-0.00368731720200664));
#6004=CARTESIAN_POINT('',(0.0246081760035222,0.0331,-0.00368731720200663));
#6005=CARTESIAN_POINT('',(0.0137443600070442,0.0331,-0.00368731720200663));
#6006=CARTESIAN_POINT('',(0.01075,0.0331,1.12891530221959E-19));
#6007=CARTESIAN_POINT('',(0.035471992,0.0331,-7.37257477290143E-18));
#6008=CARTESIAN_POINT('',(0.035471992,0.0331,-0.00150000000000001));
#6009=CARTESIAN_POINT('',(0.01075,0.0331,2.2578306044392E-19));
#6010=CARTESIAN_POINT('',(0.01075,0.0331,-0.00368731720200663));
#6011=CARTESIAN_POINT('',(0.0225796546010033,0.0252,0.));
#6012=CARTESIAN_POINT('',(0.01075,0.0252,1.12891530221959E-19));
#6013=CARTESIAN_POINT('',(0.0137443600070442,0.0252,-0.00368731720200663));
#6014=CARTESIAN_POINT('',(0.0137443600070442,0.0252,0.00368731720200663));
#6015=CARTESIAN_POINT('',(0.0246081760035222,0.0252,-0.00368731720200663));
#6016=CARTESIAN_POINT('',(0.035471992,0.0252,-0.00368731720200664));
#6017=CARTESIAN_POINT('',(0.035471992,0.0252,-7.37257477290143E-18));
#6018=CARTESIAN_POINT('',(0.035471992,0.0252,0.00368731720200663));
#6019=CARTESIAN_POINT('',(0.0246081760035222,0.0252,0.00368731720200663));
#6020=CARTESIAN_POINT('',(0.035471992,0.0252,-7.37257477290143E-18));
#6021=CARTESIAN_POINT('',(0.035471992,0.0252,0.00149999999999999));
#6022=CARTESIAN_POINT('',(0.035471992,0.033102,-7.37257477290143E-18));
#6023=CARTESIAN_POINT('',(0.0246081760035222,0.033102,-0.00368731720200663));
#6024=CARTESIAN_POINT('',(0.035471992,0.033102,-0.00368731720200664));
#6025=CARTESIAN_POINT('',(0.0137443600070442,0.033102,-0.00368731720200663));
#6026=CARTESIAN_POINT('',(0.01075,0.033102,2.2578306044392E-19));
#6027=CARTESIAN_POINT('',(0.035471992,0.033102,-7.37257477290143E-18));
#6028=CARTESIAN_POINT('',(0.035471992,0.033102,0.00368731720200663));
#6029=CARTESIAN_POINT('',(0.0246081760035222,0.033102,0.00368731720200663));
#6030=CARTESIAN_POINT('',(0.0137443600070442,0.033102,0.00368731720200663));
#6031=CARTESIAN_POINT('',(0.01075,0.033102,1.12891530221959E-19));
#6032=MECHANICAL_DESIGN_GEOMETRIC_PRESENTATION_REPRESENTATION('',(#3158),
#6033);
#6033=(
GEOMETRIC_REPRESENTATION_CONTEXT(3)
GLOBAL_UNCERTAINTY_ASSIGNED_CONTEXT((#6034))
GLOBAL_UNIT_ASSIGNED_CONTEXT((#6037,#6036,#6035))
REPRESENTATION_CONTEXT('Part 6','TOP_LEVEL_ASSEMBLY_PART')
);
#6034=UNCERTAINTY_MEASURE_WITH_UNIT(LENGTH_MEASURE(2.E-5),#6037,
'DISTANCE_ACCURACY_VALUE','Maximum Tolerance applied to model');
#6035=(
NAMED_UNIT(*)
SI_UNIT($,.STERADIAN.)
SOLID_ANGLE_UNIT()
);
#6036=(
NAMED_UNIT(*)
PLANE_ANGLE_UNIT()
SI_UNIT($,.RADIAN.)
);
#6037=(
LENGTH_UNIT()
NAMED_UNIT(*)
SI_UNIT($,.METRE.)
);
#6038=PRODUCT_DEFINITION_SHAPE('','',#6039);
#6039=PRODUCT_DEFINITION('','',#6041,#6040);
#6040=PRODUCT_DEFINITION_CONTEXT('',#6047,'design');
#6041=PRODUCT_DEFINITION_FORMATION_WITH_SPECIFIED_SOURCE('','',#6043,
 .NOT_KNOWN.);
#6042=PRODUCT_RELATED_PRODUCT_CATEGORY('','',(#6043));
#6043=PRODUCT('Part 6','Part 6','Part 6',(#6045));
#6044=PRODUCT_CATEGORY('','');
#6045=PRODUCT_CONTEXT('',#6047,'mechanical');
#6046=APPLICATION_PROTOCOL_DEFINITION('international standard',
'ap242_managed_model_based_3d_engineering',2020,#6047);
#6047=APPLICATION_CONTEXT('managed model based 3d engineering');
ENDSEC;
END-ISO-10303-21;
