ISO-10303-21;
HEADER;
/* Generated by software containing ST-Developer
 * from STEP Tools, Inc. (www.steptools.com) 
 */
/* OPTION: using custom renumber hook */

FILE_DESCRIPTION(
/* description */ ('STEP AP242 Edition 2',
'CAx-IF Rec.Pracs.---Representation and Presentation of Product Manufa
cturing Information (PMI)---4.0---2014-10-13',
'CAx-IF Rec.Pracs.---3D Tessellated Geometry---0.4---2014-09-14','2;1',
'CAx-IF Rec.Pracs.---User Defined Attributes---1.5---2016-08-15'),
/* implementation_level */ '2;1');

FILE_NAME(
/* name */ 'Part Studio 1 - Part 5',
/* time_stamp */ '2026-08-31T00:57:29Z',
/* author */ (''),
/* organization */ (''),
/* preprocessor_version */ 'ST-DEVELOPER v20',
/* originating_system */ 'ONSHAPE BY PTC INC, 1.220',
/* authorisation */ '  ');

FILE_SCHEMA (('AP242_MANAGED_MODEL_BASED_3D_ENGINEERING_MIM_LF { 1 0 10303 442 3 1 4 }'));
ENDSEC;

DATA;
#10=SHAPE_REPRESENTATION_RELATIONSHIP('','',#1420,#11);
#11=ADVANCED_BREP_SHAPE_REPRESENTATION('',(#1418),#2346);
#12=CYLINDRICAL_SURFACE('',#1461,0.0016);
#13=CYLINDRICAL_SURFACE('',#1466,0.0016);
#14=CYLINDRICAL_SURFACE('',#1468,0.0016);
#15=CYLINDRICAL_SURFACE('',#1473,0.0016);
#16=CYLINDRICAL_SURFACE('',#1477,0.01);
#17=CYLINDRICAL_SURFACE('',#1478,0.01);
#18=CYLINDRICAL_SURFACE('',#1486,0.00225);
#19=CYLINDRICAL_SURFACE('',#1487,0.00225);
#20=CYLINDRICAL_SURFACE('',#1488,0.00225);
#21=CYLINDRICAL_SURFACE('',#1489,0.00225);
#22=CYLINDRICAL_SURFACE('',#1494,0.00333765096207956);
#23=CYLINDRICAL_SURFACE('',#1499,0.00175);
#24=CYLINDRICAL_SURFACE('',#1507,0.00333765096207956);
#25=CYLINDRICAL_SURFACE('',#1512,0.00175);
#26=CYLINDRICAL_SURFACE('',#1519,0.001);
#27=CYLINDRICAL_SURFACE('',#1520,0.001);
#28=CYLINDRICAL_SURFACE('',#1521,0.001);
#29=CYLINDRICAL_SURFACE('',#1522,0.001);
#30=CYLINDRICAL_SURFACE('',#1526,0.0024);
#31=CYLINDRICAL_SURFACE('',#1527,0.0024);
#32=CYLINDRICAL_SURFACE('',#1534,0.0024);
#33=CYLINDRICAL_SURFACE('',#1535,0.0024);
#34=CYLINDRICAL_SURFACE('',#1541,0.00205);
#35=CYLINDRICAL_SURFACE('',#1544,0.00205);
#36=CYLINDRICAL_SURFACE('',#1547,0.00205);
#37=CYLINDRICAL_SURFACE('',#1550,0.00205);
#38=LINE('',#1950,#173);
#39=LINE('',#1953,#174);
#40=LINE('',#1955,#175);
#41=LINE('',#1957,#176);
#42=LINE('',#1959,#177);
#43=LINE('',#1961,#178);
#44=LINE('',#1963,#179);
#45=LINE('',#1967,#180);
#46=LINE('',#1971,#181);
#47=LINE('',#1973,#182);
#48=LINE('',#1979,#183);
#49=LINE('',#1981,#184);
#50=LINE('',#1983,#185);
#51=LINE('',#1985,#186);
#52=LINE('',#1987,#187);
#53=LINE('',#1993,#188);
#54=LINE('',#1999,#189);
#55=LINE('',#2001,#190);
#56=LINE('',#2003,#191);
#57=LINE('',#2005,#192);
#58=LINE('',#2007,#193);
#59=LINE('',#2013,#194);
#60=LINE('',#2021,#195);
#61=LINE('',#2024,#196);
#62=LINE('',#2026,#197);
#63=LINE('',#2028,#198);
#64=LINE('',#2033,#199);
#65=LINE('',#2039,#200);
#66=LINE('',#2045,#201);
#67=LINE('',#2051,#202);
#68=LINE('',#2054,#203);
#69=LINE('',#2057,#204);
#70=LINE('',#2061,#205);
#71=LINE('',#2065,#206);
#72=LINE('',#2071,#207);
#73=LINE('',#2074,#208);
#74=LINE('',#2076,#209);
#75=LINE('',#2078,#210);
#76=LINE('',#2090,#211);
#77=LINE('',#2093,#212);
#78=LINE('',#2095,#213);
#79=LINE('',#2097,#214);
#80=LINE('',#2099,#215);
#81=LINE('',#2101,#216);
#82=LINE('',#2103,#217);
#83=LINE('',#2105,#218);
#84=LINE('',#2107,#219);
#85=LINE('',#2109,#220);
#86=LINE('',#2113,#221);
#87=LINE('',#2114,#222);
#88=LINE('',#2116,#223);
#89=LINE('',#2119,#224);
#90=LINE('',#2121,#225);
#91=LINE('',#2123,#226);
#92=LINE('',#2125,#227);
#93=LINE('',#2126,#228);
#94=LINE('',#2128,#229);
#95=LINE('',#2129,#230);
#96=LINE('',#2130,#231);
#97=LINE('',#2132,#232);
#98=LINE('',#2134,#233);
#99=LINE('',#2137,#234);
#100=LINE('',#2139,#235);
#101=LINE('',#2140,#236);
#102=LINE('',#2142,#237);
#103=LINE('',#2143,#238);
#104=LINE('',#2145,#239);
#105=LINE('',#2146,#240);
#106=LINE('',#2147,#241);
#107=LINE('',#2149,#242);
#108=LINE('',#2151,#243);
#109=LINE('',#2154,#244);
#110=LINE('',#2156,#245);
#111=LINE('',#2157,#246);
#112=LINE('',#2159,#247);
#113=LINE('',#2160,#248);
#114=LINE('',#2161,#249);
#115=LINE('',#2163,#250);
#116=LINE('',#2164,#251);
#117=LINE('',#2165,#252);
#118=LINE('',#2169,#253);
#119=LINE('',#2170,#254);
#120=LINE('',#2172,#255);
#121=LINE('',#2174,#256);
#122=LINE('',#2176,#257);
#123=LINE('',#2178,#258);
#124=LINE('',#2180,#259);
#125=LINE('',#2182,#260);
#126=LINE('',#2184,#261);
#127=LINE('',#2186,#262);
#128=LINE('',#2188,#263);
#129=LINE('',#2190,#264);
#130=LINE('',#2192,#265);
#131=LINE('',#2194,#266);
#132=LINE('',#2196,#267);
#133=LINE('',#2198,#268);
#134=LINE('',#2200,#269);
#135=LINE('',#2207,#270);
#136=LINE('',#2209,#271);
#137=LINE('',#2210,#272);
#138=LINE('',#2212,#273);
#139=LINE('',#2214,#274);
#140=LINE('',#2217,#275);
#141=LINE('',#2218,#276);
#142=LINE('',#2220,#277);
#143=LINE('',#2222,#278);
#144=LINE('',#2224,#279);
#145=LINE('',#2226,#280);
#146=LINE('',#2228,#281);
#147=LINE('',#2230,#282);
#148=LINE('',#2232,#283);
#149=LINE('',#2236,#284);
#150=LINE('',#2240,#285);
#151=LINE('',#2242,#286);
#152=LINE('',#2244,#287);
#153=LINE('',#2246,#288);
#154=LINE('',#2247,#289);
#155=LINE('',#2254,#290);
#156=LINE('',#2257,#291);
#157=LINE('',#2259,#292);
#158=LINE('',#2261,#293);
#159=LINE('',#2263,#294);
#160=LINE('',#2265,#295);
#161=LINE('',#2267,#296);
#162=LINE('',#2269,#297);
#163=LINE('',#2271,#298);
#164=LINE('',#2273,#299);
#165=LINE('',#2275,#300);
#166=LINE('',#2279,#301);
#167=LINE('',#2283,#302);
#168=LINE('',#2285,#303);
#169=LINE('',#2287,#304);
#170=LINE('',#2289,#305);
#171=LINE('',#2290,#306);
#172=LINE('',#2297,#307);
#173=VECTOR('',#1557,1.);
#174=VECTOR('',#1558,1.);
#175=VECTOR('',#1559,1.);
#176=VECTOR('',#1560,1.);
#177=VECTOR('',#1561,1.);
#178=VECTOR('',#1562,1.);
#179=VECTOR('',#1563,1.);
#180=VECTOR('',#1566,1.);
#181=VECTOR('',#1569,1.);
#182=VECTOR('',#1570,1.);
#183=VECTOR('',#1575,1.);
#184=VECTOR('',#1576,1.);
#185=VECTOR('',#1577,1.);
#186=VECTOR('',#1578,1.);
#187=VECTOR('',#1579,1.);
#188=VECTOR('',#1584,1.);
#189=VECTOR('',#1589,1.);
#190=VECTOR('',#1590,1.);
#191=VECTOR('',#1591,1.);
#192=VECTOR('',#1592,1.);
#193=VECTOR('',#1593,1.);
#194=VECTOR('',#1598,1.);
#195=VECTOR('',#1607,1.);
#196=VECTOR('',#1608,1.);
#197=VECTOR('',#1609,1.);
#198=VECTOR('',#1610,1.);
#199=VECTOR('',#1615,1.);
#200=VECTOR('',#1620,1.);
#201=VECTOR('',#1625,1.);
#202=VECTOR('',#1630,1.);
#203=VECTOR('',#1633,1.);
#204=VECTOR('',#1634,1.);
#205=VECTOR('',#1637,1.);
#206=VECTOR('',#1640,1.);
#207=VECTOR('',#1647,1.);
#208=VECTOR('',#1648,1.);
#209=VECTOR('',#1649,1.);
#210=VECTOR('',#1650,1.);
#211=VECTOR('',#1663,1.);
#212=VECTOR('',#1664,1.);
#213=VECTOR('',#1665,1.);
#214=VECTOR('',#1666,1.);
#215=VECTOR('',#1667,1.);
#216=VECTOR('',#1668,1.);
#217=VECTOR('',#1669,1.);
#218=VECTOR('',#1670,1.);
#219=VECTOR('',#1671,1.);
#220=VECTOR('',#1672,1.);
#221=VECTOR('',#1677,1.);
#222=VECTOR('',#1678,1.);
#223=VECTOR('',#1681,1.);
#224=VECTOR('',#1682,1.);
#225=VECTOR('',#1683,1.);
#226=VECTOR('',#1684,1.);
#227=VECTOR('',#1687,1.);
#228=VECTOR('',#1688,1.);
#229=VECTOR('',#1691,1.);
#230=VECTOR('',#1692,1.);
#231=VECTOR('',#1693,1.);
#232=VECTOR('',#1696,1.);
#233=VECTOR('',#1699,1.);
#234=VECTOR('',#1704,1.);
#235=VECTOR('',#1707,1.);
#236=VECTOR('',#1708,1.);
#237=VECTOR('',#1711,1.);
#238=VECTOR('',#1712,1.);
#239=VECTOR('',#1715,1.);
#240=VECTOR('',#1716,1.);
#241=VECTOR('',#1717,1.);
#242=VECTOR('',#1720,1.);
#243=VECTOR('',#1723,1.);
#244=VECTOR('',#1728,1.);
#245=VECTOR('',#1731,1.);
#246=VECTOR('',#1732,1.);
#247=VECTOR('',#1735,1.);
#248=VECTOR('',#1736,1.);
#249=VECTOR('',#1737,1.);
#250=VECTOR('',#1740,1.);
#251=VECTOR('',#1741,1.);
#252=VECTOR('',#1742,1.);
#253=VECTOR('',#1749,1.);
#254=VECTOR('',#1750,1.);
#255=VECTOR('',#1753,1.);
#256=VECTOR('',#1754,1.);
#257=VECTOR('',#1755,1.);
#258=VECTOR('',#1758,1.);
#259=VECTOR('',#1759,1.);
#260=VECTOR('',#1760,1.);
#261=VECTOR('',#1763,1.);
#262=VECTOR('',#1764,1.);
#263=VECTOR('',#1765,1.);
#264=VECTOR('',#1766,1.);
#265=VECTOR('',#1767,1.);
#266=VECTOR('',#1768,1.);
#267=VECTOR('',#1769,1.);
#268=VECTOR('',#1772,1.);
#269=VECTOR('',#1775,1.);
#270=VECTOR('',#1788,1.);
#271=VECTOR('',#1789,1.);
#272=VECTOR('',#1790,1.);
#273=VECTOR('',#1791,1.);
#274=VECTOR('',#1794,1.);
#275=VECTOR('',#1795,1.);
#276=VECTOR('',#1796,1.);
#277=VECTOR('',#1797,1.);
#278=VECTOR('',#1800,1.);
#279=VECTOR('',#1801,1.);
#280=VECTOR('',#1802,1.);
#281=VECTOR('',#1805,1.);
#282=VECTOR('',#1806,1.);
#283=VECTOR('',#1807,1.);
#284=VECTOR('',#1812,1.);
#285=VECTOR('',#1817,1.);
#286=VECTOR('',#1818,1.);
#287=VECTOR('',#1819,1.);
#288=VECTOR('',#1822,1.);
#289=VECTOR('',#1823,1.);
#290=VECTOR('',#1832,1.);
#291=VECTOR('',#1837,1.);
#292=VECTOR('',#1838,1.);
#293=VECTOR('',#1839,1.);
#294=VECTOR('',#1840,1.);
#295=VECTOR('',#1843,1.);
#296=VECTOR('',#1844,1.);
#297=VECTOR('',#1845,1.);
#298=VECTOR('',#1848,1.);
#299=VECTOR('',#1849,1.);
#300=VECTOR('',#1850,1.);
#301=VECTOR('',#1855,1.);
#302=VECTOR('',#1860,1.);
#303=VECTOR('',#1861,1.);
#304=VECTOR('',#1862,1.);
#305=VECTOR('',#1865,1.);
#306=VECTOR('',#1866,1.);
#307=VECTOR('',#1875,1.);
#308=ORIENTED_EDGE('',*,*,#682,.F.);
#309=ORIENTED_EDGE('',*,*,#683,.F.);
#310=ORIENTED_EDGE('',*,*,#684,.T.);
#311=ORIENTED_EDGE('',*,*,#685,.T.);
#312=ORIENTED_EDGE('',*,*,#686,.T.);
#313=ORIENTED_EDGE('',*,*,#687,.T.);
#314=ORIENTED_EDGE('',*,*,#688,.T.);
#315=ORIENTED_EDGE('',*,*,#689,.T.);
#316=ORIENTED_EDGE('',*,*,#690,.F.);
#317=ORIENTED_EDGE('',*,*,#691,.T.);
#318=ORIENTED_EDGE('',*,*,#692,.F.);
#319=ORIENTED_EDGE('',*,*,#693,.F.);
#320=ORIENTED_EDGE('',*,*,#694,.F.);
#321=ORIENTED_EDGE('',*,*,#695,.T.);
#322=ORIENTED_EDGE('',*,*,#696,.T.);
#323=ORIENTED_EDGE('',*,*,#697,.T.);
#324=ORIENTED_EDGE('',*,*,#698,.T.);
#325=ORIENTED_EDGE('',*,*,#699,.T.);
#326=ORIENTED_EDGE('',*,*,#700,.T.);
#327=ORIENTED_EDGE('',*,*,#701,.T.);
#328=ORIENTED_EDGE('',*,*,#702,.T.);
#329=ORIENTED_EDGE('',*,*,#703,.T.);
#330=ORIENTED_EDGE('',*,*,#704,.T.);
#331=ORIENTED_EDGE('',*,*,#705,.T.);
#332=ORIENTED_EDGE('',*,*,#706,.T.);
#333=ORIENTED_EDGE('',*,*,#707,.T.);
#334=ORIENTED_EDGE('',*,*,#708,.T.);
#335=ORIENTED_EDGE('',*,*,#709,.T.);
#336=ORIENTED_EDGE('',*,*,#710,.T.);
#337=ORIENTED_EDGE('',*,*,#711,.T.);
#338=ORIENTED_EDGE('',*,*,#712,.T.);
#339=ORIENTED_EDGE('',*,*,#713,.T.);
#340=ORIENTED_EDGE('',*,*,#714,.T.);
#341=ORIENTED_EDGE('',*,*,#715,.T.);
#342=ORIENTED_EDGE('',*,*,#716,.F.);
#343=ORIENTED_EDGE('',*,*,#717,.F.);
#344=ORIENTED_EDGE('',*,*,#718,.F.);
#345=ORIENTED_EDGE('',*,*,#719,.T.);
#346=ORIENTED_EDGE('',*,*,#720,.T.);
#347=ORIENTED_EDGE('',*,*,#721,.T.);
#348=ORIENTED_EDGE('',*,*,#722,.T.);
#349=ORIENTED_EDGE('',*,*,#723,.T.);
#350=ORIENTED_EDGE('',*,*,#724,.T.);
#351=ORIENTED_EDGE('',*,*,#725,.T.);
#352=ORIENTED_EDGE('',*,*,#726,.T.);
#353=ORIENTED_EDGE('',*,*,#727,.T.);
#354=ORIENTED_EDGE('',*,*,#728,.T.);
#355=ORIENTED_EDGE('',*,*,#729,.T.);
#356=ORIENTED_EDGE('',*,*,#730,.T.);
#357=ORIENTED_EDGE('',*,*,#731,.T.);
#358=ORIENTED_EDGE('',*,*,#732,.T.);
#359=ORIENTED_EDGE('',*,*,#733,.T.);
#360=ORIENTED_EDGE('',*,*,#734,.F.);
#361=ORIENTED_EDGE('',*,*,#735,.F.);
#362=ORIENTED_EDGE('',*,*,#736,.T.);
#363=ORIENTED_EDGE('',*,*,#737,.T.);
#364=ORIENTED_EDGE('',*,*,#738,.T.);
#365=ORIENTED_EDGE('',*,*,#739,.T.);
#366=ORIENTED_EDGE('',*,*,#740,.T.);
#367=ORIENTED_EDGE('',*,*,#741,.T.);
#368=ORIENTED_EDGE('',*,*,#742,.T.);
#369=ORIENTED_EDGE('',*,*,#743,.F.);
#370=ORIENTED_EDGE('',*,*,#744,.F.);
#371=ORIENTED_EDGE('',*,*,#745,.T.);
#372=ORIENTED_EDGE('',*,*,#746,.F.);
#373=ORIENTED_EDGE('',*,*,#747,.F.);
#374=ORIENTED_EDGE('',*,*,#748,.F.);
#375=ORIENTED_EDGE('',*,*,#749,.T.);
#376=ORIENTED_EDGE('',*,*,#750,.T.);
#377=ORIENTED_EDGE('',*,*,#751,.F.);
#378=ORIENTED_EDGE('',*,*,#752,.F.);
#379=ORIENTED_EDGE('',*,*,#753,.F.);
#380=ORIENTED_EDGE('',*,*,#754,.T.);
#381=ORIENTED_EDGE('',*,*,#755,.T.);
#382=ORIENTED_EDGE('',*,*,#756,.F.);
#383=ORIENTED_EDGE('',*,*,#757,.T.);
#384=ORIENTED_EDGE('',*,*,#758,.T.);
#385=ORIENTED_EDGE('',*,*,#759,.F.);
#386=ORIENTED_EDGE('',*,*,#760,.F.);
#387=ORIENTED_EDGE('',*,*,#761,.F.);
#388=ORIENTED_EDGE('',*,*,#737,.F.);
#389=ORIENTED_EDGE('',*,*,#762,.T.);
#390=ORIENTED_EDGE('',*,*,#691,.F.);
#391=ORIENTED_EDGE('',*,*,#763,.T.);
#392=ORIENTED_EDGE('',*,*,#764,.F.);
#393=ORIENTED_EDGE('',*,*,#765,.T.);
#394=ORIENTED_EDGE('',*,*,#766,.T.);
#395=ORIENTED_EDGE('',*,*,#767,.T.);
#396=ORIENTED_EDGE('',*,*,#768,.F.);
#397=ORIENTED_EDGE('',*,*,#730,.F.);
#398=ORIENTED_EDGE('',*,*,#769,.F.);
#399=ORIENTED_EDGE('',*,*,#696,.F.);
#400=ORIENTED_EDGE('',*,*,#769,.T.);
#401=ORIENTED_EDGE('',*,*,#729,.F.);
#402=ORIENTED_EDGE('',*,*,#770,.F.);
#403=ORIENTED_EDGE('',*,*,#701,.F.);
#404=ORIENTED_EDGE('',*,*,#771,.T.);
#405=ORIENTED_EDGE('',*,*,#764,.T.);
#406=ORIENTED_EDGE('',*,*,#772,.F.);
#407=ORIENTED_EDGE('',*,*,#697,.F.);
#408=ORIENTED_EDGE('',*,*,#767,.F.);
#409=ORIENTED_EDGE('',*,*,#773,.F.);
#410=ORIENTED_EDGE('',*,*,#698,.F.);
#411=ORIENTED_EDGE('',*,*,#772,.T.);
#412=ORIENTED_EDGE('',*,*,#766,.F.);
#413=ORIENTED_EDGE('',*,*,#774,.F.);
#414=ORIENTED_EDGE('',*,*,#699,.F.);
#415=ORIENTED_EDGE('',*,*,#773,.T.);
#416=ORIENTED_EDGE('',*,*,#765,.F.);
#417=ORIENTED_EDGE('',*,*,#771,.F.);
#418=ORIENTED_EDGE('',*,*,#700,.F.);
#419=ORIENTED_EDGE('',*,*,#774,.T.);
#420=ORIENTED_EDGE('',*,*,#775,.F.);
#421=ORIENTED_EDGE('',*,*,#702,.F.);
#422=ORIENTED_EDGE('',*,*,#770,.T.);
#423=ORIENTED_EDGE('',*,*,#728,.F.);
#424=ORIENTED_EDGE('',*,*,#776,.F.);
#425=ORIENTED_EDGE('',*,*,#726,.F.);
#426=ORIENTED_EDGE('',*,*,#777,.T.);
#427=ORIENTED_EDGE('',*,*,#704,.F.);
#428=ORIENTED_EDGE('',*,*,#778,.F.);
#429=ORIENTED_EDGE('',*,*,#724,.F.);
#430=ORIENTED_EDGE('',*,*,#779,.F.);
#431=ORIENTED_EDGE('',*,*,#706,.F.);
#432=ORIENTED_EDGE('',*,*,#779,.T.);
#433=ORIENTED_EDGE('',*,*,#723,.F.);
#434=ORIENTED_EDGE('',*,*,#780,.F.);
#435=ORIENTED_EDGE('',*,*,#711,.F.);
#436=ORIENTED_EDGE('',*,*,#781,.T.);
#437=ORIENTED_EDGE('',*,*,#718,.T.);
#438=ORIENTED_EDGE('',*,*,#782,.F.);
#439=ORIENTED_EDGE('',*,*,#707,.F.);
#440=ORIENTED_EDGE('',*,*,#721,.F.);
#441=ORIENTED_EDGE('',*,*,#783,.F.);
#442=ORIENTED_EDGE('',*,*,#708,.F.);
#443=ORIENTED_EDGE('',*,*,#782,.T.);
#444=ORIENTED_EDGE('',*,*,#720,.F.);
#445=ORIENTED_EDGE('',*,*,#784,.F.);
#446=ORIENTED_EDGE('',*,*,#709,.F.);
#447=ORIENTED_EDGE('',*,*,#783,.T.);
#448=ORIENTED_EDGE('',*,*,#719,.F.);
#449=ORIENTED_EDGE('',*,*,#781,.F.);
#450=ORIENTED_EDGE('',*,*,#710,.F.);
#451=ORIENTED_EDGE('',*,*,#784,.T.);
#452=ORIENTED_EDGE('',*,*,#785,.F.);
#453=ORIENTED_EDGE('',*,*,#712,.F.);
#454=ORIENTED_EDGE('',*,*,#780,.T.);
#455=ORIENTED_EDGE('',*,*,#722,.F.);
#456=ORIENTED_EDGE('',*,*,#786,.F.);
#457=ORIENTED_EDGE('',*,*,#732,.F.);
#458=ORIENTED_EDGE('',*,*,#787,.T.);
#459=ORIENTED_EDGE('',*,*,#714,.F.);
#460=ORIENTED_EDGE('',*,*,#788,.T.);
#461=ORIENTED_EDGE('',*,*,#693,.T.);
#462=ORIENTED_EDGE('',*,*,#789,.T.);
#463=ORIENTED_EDGE('',*,*,#735,.T.);
#464=ORIENTED_EDGE('',*,*,#790,.F.);
#465=ORIENTED_EDGE('',*,*,#751,.T.);
#466=ORIENTED_EDGE('',*,*,#739,.F.);
#467=ORIENTED_EDGE('',*,*,#791,.T.);
#468=ORIENTED_EDGE('',*,*,#689,.F.);
#469=ORIENTED_EDGE('',*,*,#792,.F.);
#470=ORIENTED_EDGE('',*,*,#757,.F.);
#471=ORIENTED_EDGE('',*,*,#793,.T.);
#472=ORIENTED_EDGE('',*,*,#736,.F.);
#473=ORIENTED_EDGE('',*,*,#789,.F.);
#474=ORIENTED_EDGE('',*,*,#692,.T.);
#475=ORIENTED_EDGE('',*,*,#762,.F.);
#476=ORIENTED_EDGE('',*,*,#738,.F.);
#477=ORIENTED_EDGE('',*,*,#763,.F.);
#478=ORIENTED_EDGE('',*,*,#690,.T.);
#479=ORIENTED_EDGE('',*,*,#791,.F.);
#480=ORIENTED_EDGE('',*,*,#734,.T.);
#481=ORIENTED_EDGE('',*,*,#793,.F.);
#482=ORIENTED_EDGE('',*,*,#756,.T.);
#483=ORIENTED_EDGE('',*,*,#794,.F.);
#484=ORIENTED_EDGE('',*,*,#742,.F.);
#485=ORIENTED_EDGE('',*,*,#795,.T.);
#486=ORIENTED_EDGE('',*,*,#752,.T.);
#487=ORIENTED_EDGE('',*,*,#790,.T.);
#488=ORIENTED_EDGE('',*,*,#792,.T.);
#489=ORIENTED_EDGE('',*,*,#688,.F.);
#490=ORIENTED_EDGE('',*,*,#796,.T.);
#491=ORIENTED_EDGE('',*,*,#797,.T.);
#492=ORIENTED_EDGE('',*,*,#798,.F.);
#493=ORIENTED_EDGE('',*,*,#758,.F.);
#494=ORIENTED_EDGE('',*,*,#799,.F.);
#495=ORIENTED_EDGE('',*,*,#694,.T.);
#496=ORIENTED_EDGE('',*,*,#788,.F.);
#497=ORIENTED_EDGE('',*,*,#760,.T.);
#498=ORIENTED_EDGE('',*,*,#800,.T.);
#499=ORIENTED_EDGE('',*,*,#801,.F.);
#500=ORIENTED_EDGE('',*,*,#798,.T.);
#501=ORIENTED_EDGE('',*,*,#802,.T.);
#502=ORIENTED_EDGE('',*,*,#803,.F.);
#503=ORIENTED_EDGE('',*,*,#804,.F.);
#504=ORIENTED_EDGE('',*,*,#805,.T.);
#505=ORIENTED_EDGE('',*,*,#806,.T.);
#506=ORIENTED_EDGE('',*,*,#807,.T.);
#507=ORIENTED_EDGE('',*,*,#808,.F.);
#508=ORIENTED_EDGE('',*,*,#800,.F.);
#509=ORIENTED_EDGE('',*,*,#759,.T.);
#510=ORIENTED_EDGE('',*,*,#755,.F.);
#511=ORIENTED_EDGE('',*,*,#809,.F.);
#512=ORIENTED_EDGE('',*,*,#743,.T.);
#513=ORIENTED_EDGE('',*,*,#794,.T.);
#514=ORIENTED_EDGE('',*,*,#754,.F.);
#515=ORIENTED_EDGE('',*,*,#810,.F.);
#516=ORIENTED_EDGE('',*,*,#744,.T.);
#517=ORIENTED_EDGE('',*,*,#809,.T.);
#518=ORIENTED_EDGE('',*,*,#753,.T.);
#519=ORIENTED_EDGE('',*,*,#795,.F.);
#520=ORIENTED_EDGE('',*,*,#745,.F.);
#521=ORIENTED_EDGE('',*,*,#810,.T.);
#522=ORIENTED_EDGE('',*,*,#741,.F.);
#523=ORIENTED_EDGE('',*,*,#750,.F.);
#524=ORIENTED_EDGE('',*,*,#740,.F.);
#525=ORIENTED_EDGE('',*,*,#749,.F.);
#526=ORIENTED_EDGE('',*,*,#746,.T.);
#527=ORIENTED_EDGE('',*,*,#748,.T.);
#528=ORIENTED_EDGE('',*,*,#747,.T.);
#529=ORIENTED_EDGE('',*,*,#761,.T.);
#530=ORIENTED_EDGE('',*,*,#811,.T.);
#531=ORIENTED_EDGE('',*,*,#812,.T.);
#532=ORIENTED_EDGE('',*,*,#685,.F.);
#533=ORIENTED_EDGE('',*,*,#813,.F.);
#534=ORIENTED_EDGE('',*,*,#814,.T.);
#535=ORIENTED_EDGE('',*,*,#805,.F.);
#536=ORIENTED_EDGE('',*,*,#815,.T.);
#537=ORIENTED_EDGE('',*,*,#816,.T.);
#538=ORIENTED_EDGE('',*,*,#683,.T.);
#539=ORIENTED_EDGE('',*,*,#799,.T.);
#540=ORIENTED_EDGE('',*,*,#817,.T.);
#541=ORIENTED_EDGE('',*,*,#818,.F.);
#542=ORIENTED_EDGE('',*,*,#819,.T.);
#543=ORIENTED_EDGE('',*,*,#820,.F.);
#544=ORIENTED_EDGE('',*,*,#821,.F.);
#545=ORIENTED_EDGE('',*,*,#818,.T.);
#546=ORIENTED_EDGE('',*,*,#822,.T.);
#547=ORIENTED_EDGE('',*,*,#823,.F.);
#548=ORIENTED_EDGE('',*,*,#824,.F.);
#549=ORIENTED_EDGE('',*,*,#820,.T.);
#550=ORIENTED_EDGE('',*,*,#825,.F.);
#551=ORIENTED_EDGE('',*,*,#826,.F.);
#552=ORIENTED_EDGE('',*,*,#827,.T.);
#553=ORIENTED_EDGE('',*,*,#823,.T.);
#554=ORIENTED_EDGE('',*,*,#828,.F.);
#555=ORIENTED_EDGE('',*,*,#829,.F.);
#556=ORIENTED_EDGE('',*,*,#830,.T.);
#557=ORIENTED_EDGE('',*,*,#826,.T.);
#558=ORIENTED_EDGE('',*,*,#831,.F.);
#559=ORIENTED_EDGE('',*,*,#807,.F.);
#560=ORIENTED_EDGE('',*,*,#832,.T.);
#561=ORIENTED_EDGE('',*,*,#829,.T.);
#562=ORIENTED_EDGE('',*,*,#833,.F.);
#563=ORIENTED_EDGE('',*,*,#834,.T.);
#564=ORIENTED_EDGE('',*,*,#833,.T.);
#565=ORIENTED_EDGE('',*,*,#806,.F.);
#566=ORIENTED_EDGE('',*,*,#835,.T.);
#567=ORIENTED_EDGE('',*,*,#821,.T.);
#568=ORIENTED_EDGE('',*,*,#824,.T.);
#569=ORIENTED_EDGE('',*,*,#827,.F.);
#570=ORIENTED_EDGE('',*,*,#830,.F.);
#571=ORIENTED_EDGE('',*,*,#832,.F.);
#572=ORIENTED_EDGE('',*,*,#834,.F.);
#573=ORIENTED_EDGE('',*,*,#801,.T.);
#574=ORIENTED_EDGE('',*,*,#808,.T.);
#575=ORIENTED_EDGE('',*,*,#831,.T.);
#576=ORIENTED_EDGE('',*,*,#828,.T.);
#577=ORIENTED_EDGE('',*,*,#825,.T.);
#578=ORIENTED_EDGE('',*,*,#822,.F.);
#579=ORIENTED_EDGE('',*,*,#819,.F.);
#580=ORIENTED_EDGE('',*,*,#817,.F.);
#581=ORIENTED_EDGE('',*,*,#687,.F.);
#582=ORIENTED_EDGE('',*,*,#836,.T.);
#583=ORIENTED_EDGE('',*,*,#837,.T.);
#584=ORIENTED_EDGE('',*,*,#838,.T.);
#585=ORIENTED_EDGE('',*,*,#839,.F.);
#586=ORIENTED_EDGE('',*,*,#796,.F.);
#587=ORIENTED_EDGE('',*,*,#840,.T.);
#588=ORIENTED_EDGE('',*,*,#841,.F.);
#589=ORIENTED_EDGE('',*,*,#842,.F.);
#590=ORIENTED_EDGE('',*,*,#803,.T.);
#591=ORIENTED_EDGE('',*,*,#843,.T.);
#592=ORIENTED_EDGE('',*,*,#844,.F.);
#593=ORIENTED_EDGE('',*,*,#845,.F.);
#594=ORIENTED_EDGE('',*,*,#841,.T.);
#595=ORIENTED_EDGE('',*,*,#846,.T.);
#596=ORIENTED_EDGE('',*,*,#847,.F.);
#597=ORIENTED_EDGE('',*,*,#848,.F.);
#598=ORIENTED_EDGE('',*,*,#844,.T.);
#599=ORIENTED_EDGE('',*,*,#849,.F.);
#600=ORIENTED_EDGE('',*,*,#850,.F.);
#601=ORIENTED_EDGE('',*,*,#851,.T.);
#602=ORIENTED_EDGE('',*,*,#847,.T.);
#603=ORIENTED_EDGE('',*,*,#852,.F.);
#604=ORIENTED_EDGE('',*,*,#838,.F.);
#605=ORIENTED_EDGE('',*,*,#853,.T.);
#606=ORIENTED_EDGE('',*,*,#850,.T.);
#607=ORIENTED_EDGE('',*,*,#854,.T.);
#608=ORIENTED_EDGE('',*,*,#855,.F.);
#609=ORIENTED_EDGE('',*,*,#853,.F.);
#610=ORIENTED_EDGE('',*,*,#856,.T.);
#611=ORIENTED_EDGE('',*,*,#804,.T.);
#612=ORIENTED_EDGE('',*,*,#842,.T.);
#613=ORIENTED_EDGE('',*,*,#845,.T.);
#614=ORIENTED_EDGE('',*,*,#848,.T.);
#615=ORIENTED_EDGE('',*,*,#851,.F.);
#616=ORIENTED_EDGE('',*,*,#854,.F.);
#617=ORIENTED_EDGE('',*,*,#839,.T.);
#618=ORIENTED_EDGE('',*,*,#852,.T.);
#619=ORIENTED_EDGE('',*,*,#849,.T.);
#620=ORIENTED_EDGE('',*,*,#846,.F.);
#621=ORIENTED_EDGE('',*,*,#843,.F.);
#622=ORIENTED_EDGE('',*,*,#840,.F.);
#623=ORIENTED_EDGE('',*,*,#802,.F.);
#624=ORIENTED_EDGE('',*,*,#797,.F.);
#625=ORIENTED_EDGE('',*,*,#855,.T.);
#626=ORIENTED_EDGE('',*,*,#837,.F.);
#627=ORIENTED_EDGE('',*,*,#836,.F.);
#628=ORIENTED_EDGE('',*,*,#686,.F.);
#629=ORIENTED_EDGE('',*,*,#812,.F.);
#630=ORIENTED_EDGE('',*,*,#811,.F.);
#631=ORIENTED_EDGE('',*,*,#856,.F.);
#632=ORIENTED_EDGE('',*,*,#815,.F.);
#633=ORIENTED_EDGE('',*,*,#835,.F.);
#634=ORIENTED_EDGE('',*,*,#814,.F.);
#635=ORIENTED_EDGE('',*,*,#813,.T.);
#636=ORIENTED_EDGE('',*,*,#684,.F.);
#637=ORIENTED_EDGE('',*,*,#816,.F.);
#638=ORIENTED_EDGE('',*,*,#786,.T.);
#639=ORIENTED_EDGE('',*,*,#713,.F.);
#640=ORIENTED_EDGE('',*,*,#785,.T.);
#641=ORIENTED_EDGE('',*,*,#733,.F.);
#642=ORIENTED_EDGE('',*,*,#778,.T.);
#643=ORIENTED_EDGE('',*,*,#705,.F.);
#644=ORIENTED_EDGE('',*,*,#777,.F.);
#645=ORIENTED_EDGE('',*,*,#725,.F.);
#646=ORIENTED_EDGE('',*,*,#776,.T.);
#647=ORIENTED_EDGE('',*,*,#703,.F.);
#648=ORIENTED_EDGE('',*,*,#775,.T.);
#649=ORIENTED_EDGE('',*,*,#727,.F.);
#650=ORIENTED_EDGE('',*,*,#768,.T.);
#651=ORIENTED_EDGE('',*,*,#695,.F.);
#652=ORIENTED_EDGE('',*,*,#787,.F.);
#653=ORIENTED_EDGE('',*,*,#731,.F.);
#654=ORIENTED_EDGE('',*,*,#857,.F.);
#655=ORIENTED_EDGE('',*,*,#858,.T.);
#656=ORIENTED_EDGE('',*,*,#857,.T.);
#657=ORIENTED_EDGE('',*,*,#715,.F.);
#658=ORIENTED_EDGE('',*,*,#859,.F.);
#659=ORIENTED_EDGE('',*,*,#716,.T.);
#660=ORIENTED_EDGE('',*,*,#860,.F.);
#661=ORIENTED_EDGE('',*,*,#859,.T.);
#662=ORIENTED_EDGE('',*,*,#861,.T.);
#663=ORIENTED_EDGE('',*,*,#862,.T.);
#664=ORIENTED_EDGE('',*,*,#861,.F.);
#665=ORIENTED_EDGE('',*,*,#682,.T.);
#666=ORIENTED_EDGE('',*,*,#863,.F.);
#667=ORIENTED_EDGE('',*,*,#717,.T.);
#668=ORIENTED_EDGE('',*,*,#864,.F.);
#669=ORIENTED_EDGE('',*,*,#863,.T.);
#670=ORIENTED_EDGE('',*,*,#865,.T.);
#671=ORIENTED_EDGE('',*,*,#865,.F.);
#672=ORIENTED_EDGE('',*,*,#858,.F.);
#673=ORIENTED_EDGE('',*,*,#866,.F.);
#674=ORIENTED_EDGE('',*,*,#866,.T.);
#675=ORIENTED_EDGE('',*,*,#860,.T.);
#676=ORIENTED_EDGE('',*,*,#867,.T.);
#677=ORIENTED_EDGE('',*,*,#867,.F.);
#678=ORIENTED_EDGE('',*,*,#862,.F.);
#679=ORIENTED_EDGE('',*,*,#868,.F.);
#680=ORIENTED_EDGE('',*,*,#868,.T.);
#681=ORIENTED_EDGE('',*,*,#864,.T.);
#682=EDGE_CURVE('',#869,#869,#1003,.T.);
#683=EDGE_CURVE('',#870,#871,#38,.T.);
#684=EDGE_CURVE('',#870,#872,#39,.T.);
#685=EDGE_CURVE('',#872,#873,#40,.T.);
#686=EDGE_CURVE('',#873,#874,#41,.T.);
#687=EDGE_CURVE('',#874,#875,#42,.T.);
#688=EDGE_CURVE('',#875,#876,#43,.T.);
#689=EDGE_CURVE('',#876,#877,#44,.T.);
#690=EDGE_CURVE('',#878,#877,#1004,.T.);
#691=EDGE_CURVE('',#878,#879,#45,.T.);
#692=EDGE_CURVE('',#880,#879,#1005,.T.);
#693=EDGE_CURVE('',#881,#880,#46,.T.);
#694=EDGE_CURVE('',#871,#881,#47,.T.);
#695=EDGE_CURVE('',#882,#883,#1006,.T.);
#696=EDGE_CURVE('',#883,#884,#1007,.T.);
#697=EDGE_CURVE('',#884,#885,#48,.T.);
#698=EDGE_CURVE('',#885,#886,#49,.T.);
#699=EDGE_CURVE('',#886,#887,#50,.T.);
#700=EDGE_CURVE('',#887,#888,#51,.T.);
#701=EDGE_CURVE('',#888,#889,#52,.T.);
#702=EDGE_CURVE('',#889,#890,#1008,.T.);
#703=EDGE_CURVE('',#890,#891,#1009,.T.);
#704=EDGE_CURVE('',#891,#892,#53,.T.);
#705=EDGE_CURVE('',#892,#893,#1010,.T.);
#706=EDGE_CURVE('',#893,#894,#1011,.T.);
#707=EDGE_CURVE('',#894,#895,#54,.T.);
#708=EDGE_CURVE('',#895,#896,#55,.T.);
#709=EDGE_CURVE('',#896,#897,#56,.T.);
#710=EDGE_CURVE('',#897,#898,#57,.T.);
#711=EDGE_CURVE('',#898,#899,#58,.T.);
#712=EDGE_CURVE('',#899,#900,#1012,.T.);
#713=EDGE_CURVE('',#900,#901,#1013,.T.);
#714=EDGE_CURVE('',#901,#882,#59,.T.);
#715=EDGE_CURVE('',#902,#902,#1014,.T.);
#716=EDGE_CURVE('',#903,#903,#1015,.T.);
#717=EDGE_CURVE('',#904,#904,#1016,.T.);
#718=EDGE_CURVE('',#905,#906,#60,.T.);
#719=EDGE_CURVE('',#905,#907,#61,.T.);
#720=EDGE_CURVE('',#907,#908,#62,.T.);
#721=EDGE_CURVE('',#908,#906,#63,.T.);
#722=EDGE_CURVE('',#909,#910,#1017,.T.);
#723=EDGE_CURVE('',#910,#911,#64,.T.);
#724=EDGE_CURVE('',#911,#912,#1018,.T.);
#725=EDGE_CURVE('',#912,#913,#1019,.T.);
#726=EDGE_CURVE('',#913,#914,#65,.T.);
#727=EDGE_CURVE('',#914,#915,#1020,.T.);
#728=EDGE_CURVE('',#915,#916,#1021,.T.);
#729=EDGE_CURVE('',#916,#917,#66,.T.);
#730=EDGE_CURVE('',#917,#918,#1022,.T.);
#731=EDGE_CURVE('',#918,#919,#1023,.T.);
#732=EDGE_CURVE('',#919,#920,#67,.T.);
#733=EDGE_CURVE('',#920,#909,#1024,.T.);
#734=EDGE_CURVE('',#921,#922,#68,.T.);
#735=EDGE_CURVE('',#923,#921,#69,.T.);
#736=EDGE_CURVE('',#923,#924,#1025,.F.);
#737=EDGE_CURVE('',#924,#925,#70,.T.);
#738=EDGE_CURVE('',#925,#926,#1026,.F.);
#739=EDGE_CURVE('',#926,#922,#71,.T.);
#740=EDGE_CURVE('',#927,#927,#1027,.F.);
#741=EDGE_CURVE('',#928,#928,#1028,.F.);
#742=EDGE_CURVE('',#929,#930,#72,.T.);
#743=EDGE_CURVE('',#931,#930,#73,.T.);
#744=EDGE_CURVE('',#932,#931,#74,.T.);
#745=EDGE_CURVE('',#932,#929,#75,.T.);
#746=EDGE_CURVE('',#933,#933,#1029,.T.);
#747=EDGE_CURVE('',#934,#934,#1030,.T.);
#748=EDGE_CURVE('',#935,#935,#1031,.T.);
#749=EDGE_CURVE('',#936,#936,#1032,.T.);
#750=EDGE_CURVE('',#937,#937,#1033,.T.);
#751=EDGE_CURVE('',#938,#939,#76,.T.);
#752=EDGE_CURVE('',#940,#938,#77,.T.);
#753=EDGE_CURVE('',#941,#940,#78,.T.);
#754=EDGE_CURVE('',#941,#942,#79,.T.);
#755=EDGE_CURVE('',#942,#943,#80,.T.);
#756=EDGE_CURVE('',#944,#943,#81,.T.);
#757=EDGE_CURVE('',#944,#945,#82,.T.);
#758=EDGE_CURVE('',#945,#946,#83,.T.);
#759=EDGE_CURVE('',#947,#946,#84,.T.);
#760=EDGE_CURVE('',#939,#947,#85,.T.);
#761=EDGE_CURVE('',#948,#948,#1034,.T.);
#762=EDGE_CURVE('',#924,#879,#86,.T.);
#763=EDGE_CURVE('',#878,#925,#87,.F.);
#764=EDGE_CURVE('',#949,#950,#88,.T.);
#765=EDGE_CURVE('',#949,#951,#89,.T.);
#766=EDGE_CURVE('',#951,#952,#90,.T.);
#767=EDGE_CURVE('',#952,#950,#91,.T.);
#768=EDGE_CURVE('',#918,#883,#92,.T.);
#769=EDGE_CURVE('',#884,#917,#93,.T.);
#770=EDGE_CURVE('',#889,#916,#94,.T.);
#771=EDGE_CURVE('',#888,#949,#95,.T.);
#772=EDGE_CURVE('',#885,#950,#96,.T.);
#773=EDGE_CURVE('',#886,#952,#97,.T.);
#774=EDGE_CURVE('',#887,#951,#98,.T.);
#775=EDGE_CURVE('',#890,#915,#99,.F.);
#776=EDGE_CURVE('',#914,#891,#100,.T.);
#777=EDGE_CURVE('',#913,#892,#101,.T.);
#778=EDGE_CURVE('',#912,#893,#102,.T.);
#779=EDGE_CURVE('',#894,#911,#103,.T.);
#780=EDGE_CURVE('',#899,#910,#104,.T.);
#781=EDGE_CURVE('',#898,#905,#105,.T.);
#782=EDGE_CURVE('',#895,#906,#106,.T.);
#783=EDGE_CURVE('',#896,#908,#107,.T.);
#784=EDGE_CURVE('',#897,#907,#108,.T.);
#785=EDGE_CURVE('',#900,#909,#109,.F.);
#786=EDGE_CURVE('',#920,#901,#110,.T.);
#787=EDGE_CURVE('',#919,#882,#111,.T.);
#788=EDGE_CURVE('',#939,#881,#112,.T.);
#789=EDGE_CURVE('',#880,#923,#113,.F.);
#790=EDGE_CURVE('',#938,#921,#114,.T.);
#791=EDGE_CURVE('',#926,#877,#115,.T.);
#792=EDGE_CURVE('',#945,#876,#116,.T.);
#793=EDGE_CURVE('',#944,#922,#117,.T.);
#794=EDGE_CURVE('',#930,#943,#118,.T.);
#795=EDGE_CURVE('',#929,#940,#119,.T.);
#796=EDGE_CURVE('',#875,#953,#120,.T.);
#797=EDGE_CURVE('',#953,#954,#121,.T.);
#798=EDGE_CURVE('',#946,#954,#122,.T.);
#799=EDGE_CURVE('',#871,#955,#123,.T.);
#800=EDGE_CURVE('',#947,#956,#124,.T.);
#801=EDGE_CURVE('',#955,#956,#125,.T.);
#802=EDGE_CURVE('',#954,#957,#126,.T.);
#803=EDGE_CURVE('',#958,#957,#127,.T.);
#804=EDGE_CURVE('',#959,#958,#128,.T.);
#805=EDGE_CURVE('',#959,#960,#129,.T.);
#806=EDGE_CURVE('',#960,#961,#130,.T.);
#807=EDGE_CURVE('',#961,#962,#131,.T.);
#808=EDGE_CURVE('',#956,#962,#132,.T.);
#809=EDGE_CURVE('',#931,#942,#133,.T.);
#810=EDGE_CURVE('',#932,#941,#134,.T.);
#811=EDGE_CURVE('',#959,#963,#135,.F.);
#812=EDGE_CURVE('',#963,#873,#136,.F.);
#813=EDGE_CURVE('',#964,#872,#137,.F.);
#814=EDGE_CURVE('',#964,#960,#138,.T.);
#815=EDGE_CURVE('',#965,#966,#139,.F.);
#816=EDGE_CURVE('',#966,#870,#140,.F.);
#817=EDGE_CURVE('',#955,#967,#141,.T.);
#818=EDGE_CURVE('',#965,#967,#142,.T.);
#819=EDGE_CURVE('',#967,#968,#143,.T.);
#820=EDGE_CURVE('',#969,#968,#144,.T.);
#821=EDGE_CURVE('',#965,#969,#145,.T.);
#822=EDGE_CURVE('',#968,#970,#146,.T.);
#823=EDGE_CURVE('',#971,#970,#147,.T.);
#824=EDGE_CURVE('',#969,#971,#148,.T.);
#825=EDGE_CURVE('',#972,#970,#1035,.T.);
#826=EDGE_CURVE('',#973,#972,#149,.T.);
#827=EDGE_CURVE('',#973,#971,#1036,.T.);
#828=EDGE_CURVE('',#974,#972,#150,.T.);
#829=EDGE_CURVE('',#975,#974,#151,.T.);
#830=EDGE_CURVE('',#975,#973,#152,.T.);
#831=EDGE_CURVE('',#962,#974,#153,.T.);
#832=EDGE_CURVE('',#961,#975,#154,.T.);
#833=EDGE_CURVE('',#976,#976,#1037,.T.);
#834=EDGE_CURVE('',#977,#977,#1038,.T.);
#835=EDGE_CURVE('',#960,#965,#155,.T.);
#836=EDGE_CURVE('',#874,#978,#156,.F.);
#837=EDGE_CURVE('',#978,#979,#157,.T.);
#838=EDGE_CURVE('',#979,#980,#158,.T.);
#839=EDGE_CURVE('',#953,#980,#159,.T.);
#840=EDGE_CURVE('',#957,#981,#160,.T.);
#841=EDGE_CURVE('',#982,#981,#161,.T.);
#842=EDGE_CURVE('',#958,#982,#162,.T.);
#843=EDGE_CURVE('',#981,#983,#163,.T.);
#844=EDGE_CURVE('',#984,#983,#164,.T.);
#845=EDGE_CURVE('',#982,#984,#165,.T.);
#846=EDGE_CURVE('',#983,#985,#1039,.T.);
#847=EDGE_CURVE('',#986,#985,#166,.T.);
#848=EDGE_CURVE('',#984,#986,#1040,.T.);
#849=EDGE_CURVE('',#987,#985,#167,.T.);
#850=EDGE_CURVE('',#988,#987,#168,.T.);
#851=EDGE_CURVE('',#988,#986,#169,.T.);
#852=EDGE_CURVE('',#980,#987,#170,.T.);
#853=EDGE_CURVE('',#979,#988,#171,.T.);
#854=EDGE_CURVE('',#989,#989,#1041,.T.);
#855=EDGE_CURVE('',#990,#990,#1042,.T.);
#856=EDGE_CURVE('',#979,#959,#172,.T.);
#857=EDGE_CURVE('',#991,#991,#1043,.T.);
#858=EDGE_CURVE('',#992,#992,#1044,.F.);
#859=EDGE_CURVE('',#993,#993,#1045,.T.);
#860=EDGE_CURVE('',#994,#994,#1046,.T.);
#861=EDGE_CURVE('',#995,#995,#1047,.T.);
#862=EDGE_CURVE('',#996,#996,#1048,.F.);
#863=EDGE_CURVE('',#997,#997,#1049,.T.);
#864=EDGE_CURVE('',#998,#998,#1050,.T.);
#865=EDGE_CURVE('',#999,#999,#1051,.T.);
#866=EDGE_CURVE('',#1000,#1000,#1052,.T.);
#867=EDGE_CURVE('',#1001,#1001,#1053,.T.);
#868=EDGE_CURVE('',#1002,#1002,#1054,.T.);
#869=VERTEX_POINT('',#1949);
#870=VERTEX_POINT('',#1951);
#871=VERTEX_POINT('',#1952);
#872=VERTEX_POINT('',#1954);
#873=VERTEX_POINT('',#1956);
#874=VERTEX_POINT('',#1958);
#875=VERTEX_POINT('',#1960);
#876=VERTEX_POINT('',#1962);
#877=VERTEX_POINT('',#1964);
#878=VERTEX_POINT('',#1966);
#879=VERTEX_POINT('',#1968);
#880=VERTEX_POINT('',#1970);
#881=VERTEX_POINT('',#1972);
#882=VERTEX_POINT('',#1975);
#883=VERTEX_POINT('',#1976);
#884=VERTEX_POINT('',#1978);
#885=VERTEX_POINT('',#1980);
#886=VERTEX_POINT('',#1982);
#887=VERTEX_POINT('',#1984);
#888=VERTEX_POINT('',#1986);
#889=VERTEX_POINT('',#1988);
#890=VERTEX_POINT('',#1990);
#891=VERTEX_POINT('',#1992);
#892=VERTEX_POINT('',#1994);
#893=VERTEX_POINT('',#1996);
#894=VERTEX_POINT('',#1998);
#895=VERTEX_POINT('',#2000);
#896=VERTEX_POINT('',#2002);
#897=VERTEX_POINT('',#2004);
#898=VERTEX_POINT('',#2006);
#899=VERTEX_POINT('',#2008);
#900=VERTEX_POINT('',#2010);
#901=VERTEX_POINT('',#2012);
#902=VERTEX_POINT('',#2015);
#903=VERTEX_POINT('',#2017);
#904=VERTEX_POINT('',#2019);
#905=VERTEX_POINT('',#2022);
#906=VERTEX_POINT('',#2023);
#907=VERTEX_POINT('',#2025);
#908=VERTEX_POINT('',#2027);
#909=VERTEX_POINT('',#2031);
#910=VERTEX_POINT('',#2032);
#911=VERTEX_POINT('',#2034);
#912=VERTEX_POINT('',#2036);
#913=VERTEX_POINT('',#2038);
#914=VERTEX_POINT('',#2040);
#915=VERTEX_POINT('',#2042);
#916=VERTEX_POINT('',#2044);
#917=VERTEX_POINT('',#2046);
#918=VERTEX_POINT('',#2048);
#919=VERTEX_POINT('',#2050);
#920=VERTEX_POINT('',#2052);
#921=VERTEX_POINT('',#2055);
#922=VERTEX_POINT('',#2056);
#923=VERTEX_POINT('',#2058);
#924=VERTEX_POINT('',#2060);
#925=VERTEX_POINT('',#2062);
#926=VERTEX_POINT('',#2064);
#927=VERTEX_POINT('',#2068);
#928=VERTEX_POINT('',#2070);
#929=VERTEX_POINT('',#2072);
#930=VERTEX_POINT('',#2073);
#931=VERTEX_POINT('',#2075);
#932=VERTEX_POINT('',#2077);
#933=VERTEX_POINT('',#2080);
#934=VERTEX_POINT('',#2082);
#935=VERTEX_POINT('',#2085);
#936=VERTEX_POINT('',#2087);
#937=VERTEX_POINT('',#2089);
#938=VERTEX_POINT('',#2091);
#939=VERTEX_POINT('',#2092);
#940=VERTEX_POINT('',#2094);
#941=VERTEX_POINT('',#2096);
#942=VERTEX_POINT('',#2098);
#943=VERTEX_POINT('',#2100);
#944=VERTEX_POINT('',#2102);
#945=VERTEX_POINT('',#2104);
#946=VERTEX_POINT('',#2106);
#947=VERTEX_POINT('',#2108);
#948=VERTEX_POINT('',#2111);
#949=VERTEX_POINT('',#2117);
#950=VERTEX_POINT('',#2118);
#951=VERTEX_POINT('',#2120);
#952=VERTEX_POINT('',#2122);
#953=VERTEX_POINT('',#2173);
#954=VERTEX_POINT('',#2175);
#955=VERTEX_POINT('',#2179);
#956=VERTEX_POINT('',#2181);
#957=VERTEX_POINT('',#2185);
#958=VERTEX_POINT('',#2187);
#959=VERTEX_POINT('',#2189);
#960=VERTEX_POINT('',#2191);
#961=VERTEX_POINT('',#2193);
#962=VERTEX_POINT('',#2195);
#963=VERTEX_POINT('',#2208);
#964=VERTEX_POINT('',#2211);
#965=VERTEX_POINT('',#2215);
#966=VERTEX_POINT('',#2216);
#967=VERTEX_POINT('',#2219);
#968=VERTEX_POINT('',#2223);
#969=VERTEX_POINT('',#2225);
#970=VERTEX_POINT('',#2229);
#971=VERTEX_POINT('',#2231);
#972=VERTEX_POINT('',#2235);
#973=VERTEX_POINT('',#2237);
#974=VERTEX_POINT('',#2241);
#975=VERTEX_POINT('',#2243);
#976=VERTEX_POINT('',#2250);
#977=VERTEX_POINT('',#2252);
#978=VERTEX_POINT('',#2258);
#979=VERTEX_POINT('',#2260);
#980=VERTEX_POINT('',#2262);
#981=VERTEX_POINT('',#2266);
#982=VERTEX_POINT('',#2268);
#983=VERTEX_POINT('',#2272);
#984=VERTEX_POINT('',#2274);
#985=VERTEX_POINT('',#2278);
#986=VERTEX_POINT('',#2280);
#987=VERTEX_POINT('',#2284);
#988=VERTEX_POINT('',#2286);
#989=VERTEX_POINT('',#2293);
#990=VERTEX_POINT('',#2295);
#991=VERTEX_POINT('',#2307);
#992=VERTEX_POINT('',#2309);
#993=VERTEX_POINT('',#2313);
#994=VERTEX_POINT('',#2316);
#995=VERTEX_POINT('',#2319);
#996=VERTEX_POINT('',#2321);
#997=VERTEX_POINT('',#2325);
#998=VERTEX_POINT('',#2328);
#999=VERTEX_POINT('',#2331);
#1000=VERTEX_POINT('',#2335);
#1001=VERTEX_POINT('',#2339);
#1002=VERTEX_POINT('',#2343);
#1003=CIRCLE('',#1423,0.0024);
#1004=CIRCLE('',#1424,0.01);
#1005=CIRCLE('',#1425,0.01);
#1006=CIRCLE('',#1426,0.001);
#1007=CIRCLE('',#1427,0.0016);
#1008=CIRCLE('',#1428,0.0016);
#1009=CIRCLE('',#1429,0.001);
#1010=CIRCLE('',#1430,0.001);
#1011=CIRCLE('',#1431,0.0016);
#1012=CIRCLE('',#1432,0.0016);
#1013=CIRCLE('',#1433,0.001);
#1014=CIRCLE('',#1434,0.0024);
#1015=CIRCLE('',#1435,0.0024);
#1016=CIRCLE('',#1436,0.0024);
#1017=CIRCLE('',#1439,0.0016);
#1018=CIRCLE('',#1440,0.0016);
#1019=CIRCLE('',#1441,0.001);
#1020=CIRCLE('',#1442,0.001);
#1021=CIRCLE('',#1443,0.0016);
#1022=CIRCLE('',#1444,0.0016);
#1023=CIRCLE('',#1445,0.001);
#1024=CIRCLE('',#1446,0.001);
#1025=CIRCLE('',#1447,0.01);
#1026=CIRCLE('',#1448,0.01);
#1027=CIRCLE('',#1450,0.00225);
#1028=CIRCLE('',#1451,0.00225);
#1029=CIRCLE('',#1452,0.00225);
#1030=CIRCLE('',#1453,0.00225);
#1031=CIRCLE('',#1455,0.00225);
#1032=CIRCLE('',#1456,0.00225);
#1033=CIRCLE('',#1457,0.00225);
#1034=CIRCLE('',#1458,0.00225);
#1035=CIRCLE('',#1495,0.00333765096207956);
#1036=CIRCLE('',#1496,0.00333765096207956);
#1037=CIRCLE('',#1500,0.00175);
#1038=CIRCLE('',#1501,0.00175);
#1039=CIRCLE('',#1508,0.00333765096207956);
#1040=CIRCLE('',#1509,0.00333765096207956);
#1041=CIRCLE('',#1513,0.00175);
#1042=CIRCLE('',#1514,0.00175);
#1043=CIRCLE('',#1524,0.0024);
#1044=CIRCLE('',#1525,0.00205);
#1045=CIRCLE('',#1528,0.0024);
#1046=CIRCLE('',#1530,0.00205);
#1047=CIRCLE('',#1532,0.0024);
#1048=CIRCLE('',#1533,0.00205);
#1049=CIRCLE('',#1536,0.0024);
#1050=CIRCLE('',#1538,0.00205);
#1051=CIRCLE('',#1540,0.00205);
#1052=CIRCLE('',#1543,0.00205);
#1053=CIRCLE('',#1546,0.00205);
#1054=CIRCLE('',#1549,0.00205);
#1055=EDGE_LOOP('',(#308));
#1056=EDGE_LOOP('',(#309,#310,#311,#312,#313,#314,#315,#316,#317,#318,#319,
#320));
#1057=EDGE_LOOP('',(#321,#322,#323,#324,#325,#326,#327,#328,#329,#330,#331,
#332,#333,#334,#335,#336,#337,#338,#339,#340));
#1058=EDGE_LOOP('',(#341));
#1059=EDGE_LOOP('',(#342));
#1060=EDGE_LOOP('',(#343));
#1061=EDGE_LOOP('',(#344,#345,#346,#347));
#1062=EDGE_LOOP('',(#348,#349,#350,#351,#352,#353,#354,#355,#356,#357,#358,
#359));
#1063=EDGE_LOOP('',(#360,#361,#362,#363,#364,#365));
#1064=EDGE_LOOP('',(#366));
#1065=EDGE_LOOP('',(#367));
#1066=EDGE_LOOP('',(#368,#369,#370,#371));
#1067=EDGE_LOOP('',(#372));
#1068=EDGE_LOOP('',(#373));
#1069=EDGE_LOOP('',(#374));
#1070=EDGE_LOOP('',(#375));
#1071=EDGE_LOOP('',(#376));
#1072=EDGE_LOOP('',(#377,#378,#379,#380,#381,#382,#383,#384,#385,#386));
#1073=EDGE_LOOP('',(#387));
#1074=EDGE_LOOP('',(#388,#389,#390,#391));
#1075=EDGE_LOOP('',(#392,#393,#394,#395));
#1076=EDGE_LOOP('',(#396,#397,#398,#399));
#1077=EDGE_LOOP('',(#400,#401,#402,#403,#404,#405,#406,#407));
#1078=EDGE_LOOP('',(#408,#409,#410,#411));
#1079=EDGE_LOOP('',(#412,#413,#414,#415));
#1080=EDGE_LOOP('',(#416,#417,#418,#419));
#1081=EDGE_LOOP('',(#420,#421,#422,#423));
#1082=EDGE_LOOP('',(#424,#425,#426,#427));
#1083=EDGE_LOOP('',(#428,#429,#430,#431));
#1084=EDGE_LOOP('',(#432,#433,#434,#435,#436,#437,#438,#439));
#1085=EDGE_LOOP('',(#440,#441,#442,#443));
#1086=EDGE_LOOP('',(#444,#445,#446,#447));
#1087=EDGE_LOOP('',(#448,#449,#450,#451));
#1088=EDGE_LOOP('',(#452,#453,#454,#455));
#1089=EDGE_LOOP('',(#456,#457,#458,#459));
#1090=EDGE_LOOP('',(#460,#461,#462,#463,#464,#465));
#1091=EDGE_LOOP('',(#466,#467,#468,#469,#470,#471));
#1092=EDGE_LOOP('',(#472,#473,#474,#475));
#1093=EDGE_LOOP('',(#476,#477,#478,#479));
#1094=EDGE_LOOP('',(#480,#481,#482,#483,#484,#485,#486,#487));
#1095=EDGE_LOOP('',(#488,#489,#490,#491,#492,#493));
#1096=EDGE_LOOP('',(#494,#495,#496,#497,#498,#499));
#1097=EDGE_LOOP('',(#500,#501,#502,#503,#504,#505,#506,#507,#508,#509));
#1098=EDGE_LOOP('',(#510,#511,#512,#513));
#1099=EDGE_LOOP('',(#514,#515,#516,#517));
#1100=EDGE_LOOP('',(#518,#519,#520,#521));
#1101=EDGE_LOOP('',(#522));
#1102=EDGE_LOOP('',(#523));
#1103=EDGE_LOOP('',(#524));
#1104=EDGE_LOOP('',(#525));
#1105=EDGE_LOOP('',(#526));
#1106=EDGE_LOOP('',(#527));
#1107=EDGE_LOOP('',(#528));
#1108=EDGE_LOOP('',(#529));
#1109=EDGE_LOOP('',(#530,#531,#532,#533,#534,#535));
#1110=EDGE_LOOP('',(#536,#537,#538,#539,#540,#541));
#1111=EDGE_LOOP('',(#542,#543,#544,#545));
#1112=EDGE_LOOP('',(#546,#547,#548,#549));
#1113=EDGE_LOOP('',(#550,#551,#552,#553));
#1114=EDGE_LOOP('',(#554,#555,#556,#557));
#1115=EDGE_LOOP('',(#558,#559,#560,#561));
#1116=EDGE_LOOP('',(#562));
#1117=EDGE_LOOP('',(#563));
#1118=EDGE_LOOP('',(#564));
#1119=EDGE_LOOP('',(#565,#566,#567,#568,#569,#570,#571));
#1120=EDGE_LOOP('',(#572));
#1121=EDGE_LOOP('',(#573,#574,#575,#576,#577,#578,#579,#580));
#1122=EDGE_LOOP('',(#581,#582,#583,#584,#585,#586));
#1123=EDGE_LOOP('',(#587,#588,#589,#590));
#1124=EDGE_LOOP('',(#591,#592,#593,#594));
#1125=EDGE_LOOP('',(#595,#596,#597,#598));
#1126=EDGE_LOOP('',(#599,#600,#601,#602));
#1127=EDGE_LOOP('',(#603,#604,#605,#606));
#1128=EDGE_LOOP('',(#607));
#1129=EDGE_LOOP('',(#608));
#1130=EDGE_LOOP('',(#609,#610,#611,#612,#613,#614,#615));
#1131=EDGE_LOOP('',(#616));
#1132=EDGE_LOOP('',(#617,#618,#619,#620,#621,#622,#623,#624));
#1133=EDGE_LOOP('',(#625));
#1134=EDGE_LOOP('',(#626,#627,#628,#629,#630,#631));
#1135=EDGE_LOOP('',(#632,#633,#634,#635,#636,#637));
#1136=EDGE_LOOP('',(#638,#639,#640,#641));
#1137=EDGE_LOOP('',(#642,#643,#644,#645));
#1138=EDGE_LOOP('',(#646,#647,#648,#649));
#1139=EDGE_LOOP('',(#650,#651,#652,#653));
#1140=EDGE_LOOP('',(#654));
#1141=EDGE_LOOP('',(#655));
#1142=EDGE_LOOP('',(#656));
#1143=EDGE_LOOP('',(#657));
#1144=EDGE_LOOP('',(#658));
#1145=EDGE_LOOP('',(#659));
#1146=EDGE_LOOP('',(#660));
#1147=EDGE_LOOP('',(#661));
#1148=EDGE_LOOP('',(#662));
#1149=EDGE_LOOP('',(#663));
#1150=EDGE_LOOP('',(#664));
#1151=EDGE_LOOP('',(#665));
#1152=EDGE_LOOP('',(#666));
#1153=EDGE_LOOP('',(#667));
#1154=EDGE_LOOP('',(#668));
#1155=EDGE_LOOP('',(#669));
#1156=EDGE_LOOP('',(#670));
#1157=EDGE_LOOP('',(#671));
#1158=EDGE_LOOP('',(#672));
#1159=EDGE_LOOP('',(#673));
#1160=EDGE_LOOP('',(#674));
#1161=EDGE_LOOP('',(#675));
#1162=EDGE_LOOP('',(#676));
#1163=EDGE_LOOP('',(#677));
#1164=EDGE_LOOP('',(#678));
#1165=EDGE_LOOP('',(#679));
#1166=EDGE_LOOP('',(#680));
#1167=EDGE_LOOP('',(#681));
#1168=FACE_BOUND('',#1055,.T.);
#1169=FACE_BOUND('',#1056,.T.);
#1170=FACE_BOUND('',#1057,.T.);
#1171=FACE_BOUND('',#1058,.T.);
#1172=FACE_BOUND('',#1059,.T.);
#1173=FACE_BOUND('',#1060,.T.);
#1174=FACE_BOUND('',#1061,.T.);
#1175=FACE_BOUND('',#1062,.T.);
#1176=FACE_BOUND('',#1063,.T.);
#1177=FACE_BOUND('',#1064,.T.);
#1178=FACE_BOUND('',#1065,.T.);
#1179=FACE_BOUND('',#1066,.T.);
#1180=FACE_BOUND('',#1067,.T.);
#1181=FACE_BOUND('',#1068,.T.);
#1182=FACE_BOUND('',#1069,.T.);
#1183=FACE_BOUND('',#1070,.T.);
#1184=FACE_BOUND('',#1071,.T.);
#1185=FACE_BOUND('',#1072,.T.);
#1186=FACE_BOUND('',#1073,.T.);
#1187=FACE_BOUND('',#1074,.T.);
#1188=FACE_BOUND('',#1075,.T.);
#1189=FACE_BOUND('',#1076,.T.);
#1190=FACE_BOUND('',#1077,.T.);
#1191=FACE_BOUND('',#1078,.T.);
#1192=FACE_BOUND('',#1079,.T.);
#1193=FACE_BOUND('',#1080,.T.);
#1194=FACE_BOUND('',#1081,.T.);
#1195=FACE_BOUND('',#1082,.T.);
#1196=FACE_BOUND('',#1083,.T.);
#1197=FACE_BOUND('',#1084,.T.);
#1198=FACE_BOUND('',#1085,.T.);
#1199=FACE_BOUND('',#1086,.T.);
#1200=FACE_BOUND('',#1087,.T.);
#1201=FACE_BOUND('',#1088,.T.);
#1202=FACE_BOUND('',#1089,.T.);
#1203=FACE_BOUND('',#1090,.T.);
#1204=FACE_BOUND('',#1091,.T.);
#1205=FACE_BOUND('',#1092,.T.);
#1206=FACE_BOUND('',#1093,.T.);
#1207=FACE_BOUND('',#1094,.T.);
#1208=FACE_BOUND('',#1095,.T.);
#1209=FACE_BOUND('',#1096,.T.);
#1210=FACE_BOUND('',#1097,.T.);
#1211=FACE_BOUND('',#1098,.T.);
#1212=FACE_BOUND('',#1099,.T.);
#1213=FACE_BOUND('',#1100,.T.);
#1214=FACE_BOUND('',#1101,.T.);
#1215=FACE_BOUND('',#1102,.T.);
#1216=FACE_BOUND('',#1103,.T.);
#1217=FACE_BOUND('',#1104,.T.);
#1218=FACE_BOUND('',#1105,.T.);
#1219=FACE_BOUND('',#1106,.T.);
#1220=FACE_BOUND('',#1107,.T.);
#1221=FACE_BOUND('',#1108,.T.);
#1222=FACE_BOUND('',#1109,.T.);
#1223=FACE_BOUND('',#1110,.T.);
#1224=FACE_BOUND('',#1111,.T.);
#1225=FACE_BOUND('',#1112,.T.);
#1226=FACE_BOUND('',#1113,.T.);
#1227=FACE_BOUND('',#1114,.T.);
#1228=FACE_BOUND('',#1115,.T.);
#1229=FACE_BOUND('',#1116,.T.);
#1230=FACE_BOUND('',#1117,.T.);
#1231=FACE_BOUND('',#1118,.T.);
#1232=FACE_BOUND('',#1119,.T.);
#1233=FACE_BOUND('',#1120,.T.);
#1234=FACE_BOUND('',#1121,.T.);
#1235=FACE_BOUND('',#1122,.T.);
#1236=FACE_BOUND('',#1123,.T.);
#1237=FACE_BOUND('',#1124,.T.);
#1238=FACE_BOUND('',#1125,.T.);
#1239=FACE_BOUND('',#1126,.T.);
#1240=FACE_BOUND('',#1127,.T.);
#1241=FACE_BOUND('',#1128,.T.);
#1242=FACE_BOUND('',#1129,.T.);
#1243=FACE_BOUND('',#1130,.T.);
#1244=FACE_BOUND('',#1131,.T.);
#1245=FACE_BOUND('',#1132,.T.);
#1246=FACE_BOUND('',#1133,.T.);
#1247=FACE_BOUND('',#1134,.T.);
#1248=FACE_BOUND('',#1135,.T.);
#1249=FACE_BOUND('',#1136,.T.);
#1250=FACE_BOUND('',#1137,.T.);
#1251=FACE_BOUND('',#1138,.T.);
#1252=FACE_BOUND('',#1139,.T.);
#1253=FACE_BOUND('',#1140,.T.);
#1254=FACE_BOUND('',#1141,.T.);
#1255=FACE_BOUND('',#1142,.T.);
#1256=FACE_BOUND('',#1143,.T.);
#1257=FACE_BOUND('',#1144,.T.);
#1258=FACE_BOUND('',#1145,.T.);
#1259=FACE_BOUND('',#1146,.T.);
#1260=FACE_BOUND('',#1147,.T.);
#1261=FACE_BOUND('',#1148,.T.);
#1262=FACE_BOUND('',#1149,.T.);
#1263=FACE_BOUND('',#1150,.T.);
#1264=FACE_BOUND('',#1151,.T.);
#1265=FACE_BOUND('',#1152,.T.);
#1266=FACE_BOUND('',#1153,.T.);
#1267=FACE_BOUND('',#1154,.T.);
#1268=FACE_BOUND('',#1155,.T.);
#1269=FACE_BOUND('',#1156,.T.);
#1270=FACE_BOUND('',#1157,.T.);
#1271=FACE_BOUND('',#1158,.T.);
#1272=FACE_BOUND('',#1159,.T.);
#1273=FACE_BOUND('',#1160,.T.);
#1274=FACE_BOUND('',#1161,.T.);
#1275=FACE_BOUND('',#1162,.T.);
#1276=FACE_BOUND('',#1163,.T.);
#1277=FACE_BOUND('',#1164,.T.);
#1278=FACE_BOUND('',#1165,.T.);
#1279=FACE_BOUND('',#1166,.T.);
#1280=FACE_BOUND('',#1167,.T.);
#1281=PLANE('',#1422);
#1282=PLANE('',#1437);
#1283=PLANE('',#1438);
#1284=PLANE('',#1449);
#1285=PLANE('',#1454);
#1286=PLANE('',#1459);
#1287=PLANE('',#1460);
#1288=PLANE('',#1462);
#1289=PLANE('',#1463);
#1290=PLANE('',#1464);
#1291=PLANE('',#1465);
#1292=PLANE('',#1467);
#1293=PLANE('',#1469);
#1294=PLANE('',#1470);
#1295=PLANE('',#1471);
#1296=PLANE('',#1472);
#1297=PLANE('',#1474);
#1298=PLANE('',#1475);
#1299=PLANE('',#1476);
#1300=PLANE('',#1479);
#1301=PLANE('',#1480);
#1302=PLANE('',#1481);
#1303=PLANE('',#1482);
#1304=PLANE('',#1483);
#1305=PLANE('',#1484);
#1306=PLANE('',#1485);
#1307=PLANE('',#1490);
#1308=PLANE('',#1491);
#1309=PLANE('',#1492);
#1310=PLANE('',#1493);
#1311=PLANE('',#1497);
#1312=PLANE('',#1498);
#1313=PLANE('',#1502);
#1314=PLANE('',#1503);
#1315=PLANE('',#1504);
#1316=PLANE('',#1505);
#1317=PLANE('',#1506);
#1318=PLANE('',#1510);
#1319=PLANE('',#1511);
#1320=PLANE('',#1515);
#1321=PLANE('',#1516);
#1322=PLANE('',#1517);
#1323=PLANE('',#1518);
#1324=PLANE('',#1523);
#1325=PLANE('',#1529);
#1326=PLANE('',#1531);
#1327=PLANE('',#1537);
#1328=PLANE('',#1539);
#1329=PLANE('',#1542);
#1330=PLANE('',#1545);
#1331=PLANE('',#1548);
#1332=ADVANCED_FACE('',(#1168,#1169,#1170,#1171,#1172,#1173),#1281,.F.);
#1333=ADVANCED_FACE('',(#1174),#1282,.T.);
#1334=ADVANCED_FACE('',(#1175,#1176),#1283,.F.);
#1335=ADVANCED_FACE('',(#1177,#1178,#1179,#1180,#1181),#1284,.T.);
#1336=ADVANCED_FACE('',(#1182,#1183,#1184,#1185,#1186),#1285,.F.);
#1337=ADVANCED_FACE('',(#1187),#1286,.F.);
#1338=ADVANCED_FACE('',(#1188),#1287,.T.);
#1339=ADVANCED_FACE('',(#1189),#12,.F.);
#1340=ADVANCED_FACE('',(#1190),#1288,.T.);
#1341=ADVANCED_FACE('',(#1191),#1289,.T.);
#1342=ADVANCED_FACE('',(#1192),#1290,.T.);
#1343=ADVANCED_FACE('',(#1193),#1291,.T.);
#1344=ADVANCED_FACE('',(#1194),#13,.F.);
#1345=ADVANCED_FACE('',(#1195),#1292,.T.);
#1346=ADVANCED_FACE('',(#1196),#14,.F.);
#1347=ADVANCED_FACE('',(#1197),#1293,.T.);
#1348=ADVANCED_FACE('',(#1198),#1294,.T.);
#1349=ADVANCED_FACE('',(#1199),#1295,.T.);
#1350=ADVANCED_FACE('',(#1200),#1296,.T.);
#1351=ADVANCED_FACE('',(#1201),#15,.F.);
#1352=ADVANCED_FACE('',(#1202),#1297,.T.);
#1353=ADVANCED_FACE('',(#1203),#1298,.T.);
#1354=ADVANCED_FACE('',(#1204),#1299,.F.);
#1355=ADVANCED_FACE('',(#1205),#16,.T.);
#1356=ADVANCED_FACE('',(#1206),#17,.T.);
#1357=ADVANCED_FACE('',(#1207),#1300,.F.);
#1358=ADVANCED_FACE('',(#1208),#1301,.F.);
#1359=ADVANCED_FACE('',(#1209),#1302,.T.);
#1360=ADVANCED_FACE('',(#1210),#1303,.T.);
#1361=ADVANCED_FACE('',(#1211),#1304,.T.);
#1362=ADVANCED_FACE('',(#1212),#1305,.T.);
#1363=ADVANCED_FACE('',(#1213),#1306,.F.);
#1364=ADVANCED_FACE('',(#1214,#1215),#18,.F.);
#1365=ADVANCED_FACE('',(#1216,#1217),#19,.F.);
#1366=ADVANCED_FACE('',(#1218,#1219),#20,.F.);
#1367=ADVANCED_FACE('',(#1220,#1221),#21,.F.);
#1368=ADVANCED_FACE('',(#1222),#1307,.F.);
#1369=ADVANCED_FACE('',(#1223),#1308,.F.);
#1370=ADVANCED_FACE('',(#1224),#1309,.F.);
#1371=ADVANCED_FACE('',(#1225),#1310,.F.);
#1372=ADVANCED_FACE('',(#1226),#22,.T.);
#1373=ADVANCED_FACE('',(#1227),#1311,.T.);
#1374=ADVANCED_FACE('',(#1228),#1312,.T.);
#1375=ADVANCED_FACE('',(#1229,#1230),#23,.F.);
#1376=ADVANCED_FACE('',(#1231,#1232),#1313,.T.);
#1377=ADVANCED_FACE('',(#1233,#1234),#1314,.F.);
#1378=ADVANCED_FACE('',(#1235),#1315,.T.);
#1379=ADVANCED_FACE('',(#1236),#1316,.F.);
#1380=ADVANCED_FACE('',(#1237),#1317,.F.);
#1381=ADVANCED_FACE('',(#1238),#24,.T.);
#1382=ADVANCED_FACE('',(#1239),#1318,.T.);
#1383=ADVANCED_FACE('',(#1240),#1319,.T.);
#1384=ADVANCED_FACE('',(#1241,#1242),#25,.F.);
#1385=ADVANCED_FACE('',(#1243,#1244),#1320,.T.);
#1386=ADVANCED_FACE('',(#1245,#1246),#1321,.F.);
#1387=ADVANCED_FACE('',(#1247),#1322,.F.);
#1388=ADVANCED_FACE('',(#1248),#1323,.T.);
#1389=ADVANCED_FACE('',(#1249),#26,.F.);
#1390=ADVANCED_FACE('',(#1250),#27,.F.);
#1391=ADVANCED_FACE('',(#1251),#28,.F.);
#1392=ADVANCED_FACE('',(#1252),#29,.F.);
#1393=ADVANCED_FACE('',(#1253,#1254),#1324,.T.);
#1394=ADVANCED_FACE('',(#1255,#1256),#30,.F.);
#1395=ADVANCED_FACE('',(#1257,#1258),#31,.F.);
#1396=ADVANCED_FACE('',(#1259,#1260),#1325,.T.);
#1397=ADVANCED_FACE('',(#1261,#1262),#1326,.T.);
#1398=ADVANCED_FACE('',(#1263,#1264),#32,.F.);
#1399=ADVANCED_FACE('',(#1265,#1266),#33,.F.);
#1400=ADVANCED_FACE('',(#1267,#1268),#1327,.T.);
#1401=ADVANCED_FACE('',(#1269),#1328,.T.);
#1402=ADVANCED_FACE('',(#1270,#1271),#34,.F.);
#1403=ADVANCED_FACE('',(#1272),#1329,.T.);
#1404=ADVANCED_FACE('',(#1273,#1274),#35,.F.);
#1405=ADVANCED_FACE('',(#1275),#1330,.T.);
#1406=ADVANCED_FACE('',(#1276,#1277),#36,.F.);
#1407=ADVANCED_FACE('',(#1278),#1331,.T.);
#1408=ADVANCED_FACE('',(#1279,#1280),#37,.F.);
#1409=CLOSED_SHELL('',(#1332,#1333,#1334,#1335,#1336,#1337,#1338,#1339,
#1340,#1341,#1342,#1343,#1344,#1345,#1346,#1347,#1348,#1349,#1350,#1351,
#1352,#1353,#1354,#1355,#1356,#1357,#1358,#1359,#1360,#1361,#1362,#1363,
#1364,#1365,#1366,#1367,#1368,#1369,#1370,#1371,#1372,#1373,#1374,#1375,
#1376,#1377,#1378,#1379,#1380,#1381,#1382,#1383,#1384,#1385,#1386,#1387,
#1388,#1389,#1390,#1391,#1392,#1393,#1394,#1395,#1396,#1397,#1398,#1399,
#1400,#1401,#1402,#1403,#1404,#1405,#1406,#1407,#1408));
#1410=STYLED_ITEM('',(#1411),#1418);
#1411=PRESENTATION_STYLE_ASSIGNMENT((#1412));
#1412=SURFACE_STYLE_USAGE(.BOTH.,#1413);
#1413=SURFACE_SIDE_STYLE('',(#1414));
#1414=SURFACE_STYLE_FILL_AREA(#1415);
#1415=FILL_AREA_STYLE('',(#1416));
#1416=FILL_AREA_STYLE_COLOUR('',#1417);
#1417=COLOUR_RGB('',0.972549019607843,0.529411764705882,0.00392156862745098);
#1418=MANIFOLD_SOLID_BREP('Part 5',#1409);
#1419=SHAPE_DEFINITION_REPRESENTATION(#2351,#1420);
#1420=SHAPE_REPRESENTATION('Part 5',(#1421),#2346);
#1421=AXIS2_PLACEMENT_3D('',#1946,#1551,#1552);
#1422=AXIS2_PLACEMENT_3D('',#1947,#1553,#1554);
#1423=AXIS2_PLACEMENT_3D('',#1948,#1555,#1556);
#1424=AXIS2_PLACEMENT_3D('',#1965,#1564,#1565);
#1425=AXIS2_PLACEMENT_3D('',#1969,#1567,#1568);
#1426=AXIS2_PLACEMENT_3D('',#1974,#1571,#1572);
#1427=AXIS2_PLACEMENT_3D('',#1977,#1573,#1574);
#1428=AXIS2_PLACEMENT_3D('',#1989,#1580,#1581);
#1429=AXIS2_PLACEMENT_3D('',#1991,#1582,#1583);
#1430=AXIS2_PLACEMENT_3D('',#1995,#1585,#1586);
#1431=AXIS2_PLACEMENT_3D('',#1997,#1587,#1588);
#1432=AXIS2_PLACEMENT_3D('',#2009,#1594,#1595);
#1433=AXIS2_PLACEMENT_3D('',#2011,#1596,#1597);
#1434=AXIS2_PLACEMENT_3D('',#2014,#1599,#1600);
#1435=AXIS2_PLACEMENT_3D('',#2016,#1601,#1602);
#1436=AXIS2_PLACEMENT_3D('',#2018,#1603,#1604);
#1437=AXIS2_PLACEMENT_3D('',#2020,#1605,#1606);
#1438=AXIS2_PLACEMENT_3D('',#2029,#1611,#1612);
#1439=AXIS2_PLACEMENT_3D('',#2030,#1613,#1614);
#1440=AXIS2_PLACEMENT_3D('',#2035,#1616,#1617);
#1441=AXIS2_PLACEMENT_3D('',#2037,#1618,#1619);
#1442=AXIS2_PLACEMENT_3D('',#2041,#1621,#1622);
#1443=AXIS2_PLACEMENT_3D('',#2043,#1623,#1624);
#1444=AXIS2_PLACEMENT_3D('',#2047,#1626,#1627);
#1445=AXIS2_PLACEMENT_3D('',#2049,#1628,#1629);
#1446=AXIS2_PLACEMENT_3D('',#2053,#1631,#1632);
#1447=AXIS2_PLACEMENT_3D('',#2059,#1635,#1636);
#1448=AXIS2_PLACEMENT_3D('',#2063,#1638,#1639);
#1449=AXIS2_PLACEMENT_3D('',#2066,#1641,#1642);
#1450=AXIS2_PLACEMENT_3D('',#2067,#1643,#1644);
#1451=AXIS2_PLACEMENT_3D('',#2069,#1645,#1646);
#1452=AXIS2_PLACEMENT_3D('',#2079,#1651,#1652);
#1453=AXIS2_PLACEMENT_3D('',#2081,#1653,#1654);
#1454=AXIS2_PLACEMENT_3D('',#2083,#1655,#1656);
#1455=AXIS2_PLACEMENT_3D('',#2084,#1657,#1658);
#1456=AXIS2_PLACEMENT_3D('',#2086,#1659,#1660);
#1457=AXIS2_PLACEMENT_3D('',#2088,#1661,#1662);
#1458=AXIS2_PLACEMENT_3D('',#2110,#1673,#1674);
#1459=AXIS2_PLACEMENT_3D('',#2112,#1675,#1676);
#1460=AXIS2_PLACEMENT_3D('',#2115,#1679,#1680);
#1461=AXIS2_PLACEMENT_3D('',#2124,#1685,#1686);
#1462=AXIS2_PLACEMENT_3D('',#2127,#1689,#1690);
#1463=AXIS2_PLACEMENT_3D('',#2131,#1694,#1695);
#1464=AXIS2_PLACEMENT_3D('',#2133,#1697,#1698);
#1465=AXIS2_PLACEMENT_3D('',#2135,#1700,#1701);
#1466=AXIS2_PLACEMENT_3D('',#2136,#1702,#1703);
#1467=AXIS2_PLACEMENT_3D('',#2138,#1705,#1706);
#1468=AXIS2_PLACEMENT_3D('',#2141,#1709,#1710);
#1469=AXIS2_PLACEMENT_3D('',#2144,#1713,#1714);
#1470=AXIS2_PLACEMENT_3D('',#2148,#1718,#1719);
#1471=AXIS2_PLACEMENT_3D('',#2150,#1721,#1722);
#1472=AXIS2_PLACEMENT_3D('',#2152,#1724,#1725);
#1473=AXIS2_PLACEMENT_3D('',#2153,#1726,#1727);
#1474=AXIS2_PLACEMENT_3D('',#2155,#1729,#1730);
#1475=AXIS2_PLACEMENT_3D('',#2158,#1733,#1734);
#1476=AXIS2_PLACEMENT_3D('',#2162,#1738,#1739);
#1477=AXIS2_PLACEMENT_3D('',#2166,#1743,#1744);
#1478=AXIS2_PLACEMENT_3D('',#2167,#1745,#1746);
#1479=AXIS2_PLACEMENT_3D('',#2168,#1747,#1748);
#1480=AXIS2_PLACEMENT_3D('',#2171,#1751,#1752);
#1481=AXIS2_PLACEMENT_3D('',#2177,#1756,#1757);
#1482=AXIS2_PLACEMENT_3D('',#2183,#1761,#1762);
#1483=AXIS2_PLACEMENT_3D('',#2197,#1770,#1771);
#1484=AXIS2_PLACEMENT_3D('',#2199,#1773,#1774);
#1485=AXIS2_PLACEMENT_3D('',#2201,#1776,#1777);
#1486=AXIS2_PLACEMENT_3D('',#2202,#1778,#1779);
#1487=AXIS2_PLACEMENT_3D('',#2203,#1780,#1781);
#1488=AXIS2_PLACEMENT_3D('',#2204,#1782,#1783);
#1489=AXIS2_PLACEMENT_3D('',#2205,#1784,#1785);
#1490=AXIS2_PLACEMENT_3D('',#2206,#1786,#1787);
#1491=AXIS2_PLACEMENT_3D('',#2213,#1792,#1793);
#1492=AXIS2_PLACEMENT_3D('',#2221,#1798,#1799);
#1493=AXIS2_PLACEMENT_3D('',#2227,#1803,#1804);
#1494=AXIS2_PLACEMENT_3D('',#2233,#1808,#1809);
#1495=AXIS2_PLACEMENT_3D('',#2234,#1810,#1811);
#1496=AXIS2_PLACEMENT_3D('',#2238,#1813,#1814);
#1497=AXIS2_PLACEMENT_3D('',#2239,#1815,#1816);
#1498=AXIS2_PLACEMENT_3D('',#2245,#1820,#1821);
#1499=AXIS2_PLACEMENT_3D('',#2248,#1824,#1825);
#1500=AXIS2_PLACEMENT_3D('',#2249,#1826,#1827);
#1501=AXIS2_PLACEMENT_3D('',#2251,#1828,#1829);
#1502=AXIS2_PLACEMENT_3D('',#2253,#1830,#1831);
#1503=AXIS2_PLACEMENT_3D('',#2255,#1833,#1834);
#1504=AXIS2_PLACEMENT_3D('',#2256,#1835,#1836);
#1505=AXIS2_PLACEMENT_3D('',#2264,#1841,#1842);
#1506=AXIS2_PLACEMENT_3D('',#2270,#1846,#1847);
#1507=AXIS2_PLACEMENT_3D('',#2276,#1851,#1852);
#1508=AXIS2_PLACEMENT_3D('',#2277,#1853,#1854);
#1509=AXIS2_PLACEMENT_3D('',#2281,#1856,#1857);
#1510=AXIS2_PLACEMENT_3D('',#2282,#1858,#1859);
#1511=AXIS2_PLACEMENT_3D('',#2288,#1863,#1864);
#1512=AXIS2_PLACEMENT_3D('',#2291,#1867,#1868);
#1513=AXIS2_PLACEMENT_3D('',#2292,#1869,#1870);
#1514=AXIS2_PLACEMENT_3D('',#2294,#1871,#1872);
#1515=AXIS2_PLACEMENT_3D('',#2296,#1873,#1874);
#1516=AXIS2_PLACEMENT_3D('',#2298,#1876,#1877);
#1517=AXIS2_PLACEMENT_3D('',#2299,#1878,#1879);
#1518=AXIS2_PLACEMENT_3D('',#2300,#1880,#1881);
#1519=AXIS2_PLACEMENT_3D('',#2301,#1882,#1883);
#1520=AXIS2_PLACEMENT_3D('',#2302,#1884,#1885);
#1521=AXIS2_PLACEMENT_3D('',#2303,#1886,#1887);
#1522=AXIS2_PLACEMENT_3D('',#2304,#1888,#1889);
#1523=AXIS2_PLACEMENT_3D('',#2305,#1890,#1891);
#1524=AXIS2_PLACEMENT_3D('',#2306,#1892,#1893);
#1525=AXIS2_PLACEMENT_3D('',#2308,#1894,#1895);
#1526=AXIS2_PLACEMENT_3D('',#2310,#1896,#1897);
#1527=AXIS2_PLACEMENT_3D('',#2311,#1898,#1899);
#1528=AXIS2_PLACEMENT_3D('',#2312,#1900,#1901);
#1529=AXIS2_PLACEMENT_3D('',#2314,#1902,#1903);
#1530=AXIS2_PLACEMENT_3D('',#2315,#1904,#1905);
#1531=AXIS2_PLACEMENT_3D('',#2317,#1906,#1907);
#1532=AXIS2_PLACEMENT_3D('',#2318,#1908,#1909);
#1533=AXIS2_PLACEMENT_3D('',#2320,#1910,#1911);
#1534=AXIS2_PLACEMENT_3D('',#2322,#1912,#1913);
#1535=AXIS2_PLACEMENT_3D('',#2323,#1914,#1915);
#1536=AXIS2_PLACEMENT_3D('',#2324,#1916,#1917);
#1537=AXIS2_PLACEMENT_3D('',#2326,#1918,#1919);
#1538=AXIS2_PLACEMENT_3D('',#2327,#1920,#1921);
#1539=AXIS2_PLACEMENT_3D('',#2329,#1922,#1923);
#1540=AXIS2_PLACEMENT_3D('',#2330,#1924,#1925);
#1541=AXIS2_PLACEMENT_3D('',#2332,#1926,#1927);
#1542=AXIS2_PLACEMENT_3D('',#2333,#1928,#1929);
#1543=AXIS2_PLACEMENT_3D('',#2334,#1930,#1931);
#1544=AXIS2_PLACEMENT_3D('',#2336,#1932,#1933);
#1545=AXIS2_PLACEMENT_3D('',#2337,#1934,#1935);
#1546=AXIS2_PLACEMENT_3D('',#2338,#1936,#1937);
#1547=AXIS2_PLACEMENT_3D('',#2340,#1938,#1939);
#1548=AXIS2_PLACEMENT_3D('',#2341,#1940,#1941);
#1549=AXIS2_PLACEMENT_3D('',#2342,#1942,#1943);
#1550=AXIS2_PLACEMENT_3D('',#2344,#1944,#1945);
#1551=DIRECTION('',(0.,0.,1.));
#1552=DIRECTION('',(1.,0.,0.));
#1553=DIRECTION('',(3.0666396615087E-16,0.999999999999972,-7.24420023556865E-17));
#1554=DIRECTION('',(1.23259516440783E-31,-1.11006572361083E-16,-1.00000000000001));
#1555=DIRECTION('',(-3.06663966150879E-16,-1.,7.24420023556886E-17));
#1556=DIRECTION('',(1.,-3.06663966150879E-16,0.));
#1557=DIRECTION('',(0.,-7.24420023556886E-17,-1.));
#1558=DIRECTION('',(-1.,3.06663966150879E-16,0.));
#1559=DIRECTION('',(2.73691106313448E-48,-7.24420023556886E-17,-1.));
#1560=DIRECTION('',(1.,-3.06663966150879E-16,0.));
#1561=DIRECTION('',(0.,7.24420023556886E-17,1.));
#1562=DIRECTION('',(1.,-3.06663966150879E-16,0.));
#1563=DIRECTION('',(0.998138578931544,-3.0167513691331E-16,0.0609866973078358));
#1564=DIRECTION('',(3.0666396615087E-16,0.999999999999972,-7.24420023556865E-17));
#1565=DIRECTION('',(-1.,3.06663966150879E-16,0.));
#1566=DIRECTION('',(0.,7.24420023556886E-17,1.));
#1567=DIRECTION('',(3.0666396615087E-16,0.999999999999972,-7.24420023556865E-17));
#1568=DIRECTION('',(-1.,3.06663966150879E-16,0.));
#1569=DIRECTION('',(0.998138578931544,-3.10511133853389E-16,-0.0609866973078358));
#1570=DIRECTION('',(1.,-3.06663966150879E-16,0.));
#1571=DIRECTION('',(3.0666396615087E-16,0.999999999999972,-7.24420023556865E-17));
#1572=DIRECTION('',(-1.,3.06663966150879E-16,0.));
#1573=DIRECTION('',(3.0666396615087E-16,0.999999999999972,-7.24420023556865E-17));
#1574=DIRECTION('',(-1.,3.06663966150879E-16,0.));
#1575=DIRECTION('',(0.,-7.24420023556886E-17,-1.));
#1576=DIRECTION('',(1.,-3.06663966150879E-16,0.));
#1577=DIRECTION('',(0.,-7.24420023556886E-17,-1.));
#1578=DIRECTION('',(-1.,3.06663966150879E-16,0.));
#1579=DIRECTION('',(0.,-7.24420023556886E-17,-1.));
#1580=DIRECTION('',(3.0666396615087E-16,0.999999999999972,-7.24420023556865E-17));
#1581=DIRECTION('',(-1.,3.06663966150879E-16,0.));
#1582=DIRECTION('',(3.0666396615087E-16,0.999999999999972,-7.24420023556865E-17));
#1583=DIRECTION('',(-1.,3.06663966150879E-16,0.));
#1584=DIRECTION('',(-1.,3.06663966150879E-16,0.));
#1585=DIRECTION('',(3.0666396615087E-16,0.999999999999972,-7.24420023556865E-17));
#1586=DIRECTION('',(-1.,3.06663966150879E-16,0.));
#1587=DIRECTION('',(3.0666396615087E-16,0.999999999999972,-7.24420023556865E-17));
#1588=DIRECTION('',(-1.,3.06663966150879E-16,0.));
#1589=DIRECTION('',(0.,7.24420023556886E-17,1.));
#1590=DIRECTION('',(-1.,3.06663966150879E-16,0.));
#1591=DIRECTION('',(0.,7.24420023556886E-17,1.));
#1592=DIRECTION('',(1.,-3.06663966150879E-16,0.));
#1593=DIRECTION('',(0.,7.24420023556886E-17,1.));
#1594=DIRECTION('',(3.0666396615087E-16,0.999999999999972,-7.24420023556865E-17));
#1595=DIRECTION('',(-1.,3.06663966150879E-16,0.));
#1596=DIRECTION('',(3.0666396615087E-16,0.999999999999972,-7.24420023556865E-17));
#1597=DIRECTION('',(-1.,3.06663966150879E-16,0.));
#1598=DIRECTION('',(1.,-3.06663966150879E-16,0.));
#1599=DIRECTION('',(3.06663966150879E-16,1.,-7.24420023556886E-17));
#1600=DIRECTION('',(1.,-3.06663966150879E-16,0.));
#1601=DIRECTION('',(-3.06663966150879E-16,-1.,7.24420023556886E-17));
#1602=DIRECTION('',(1.,-3.06663966150879E-16,0.));
#1603=DIRECTION('',(-3.06663966150879E-16,-1.,7.24420023556886E-17));
#1604=DIRECTION('',(1.,-3.06663966150879E-16,0.));
#1605=DIRECTION('',(0.,-1.,0.));
#1606=DIRECTION('',(1.,0.,0.));
#1607=DIRECTION('',(0.,0.,-1.));
#1608=DIRECTION('',(-1.,0.,0.));
#1609=DIRECTION('',(0.,0.,-1.));
#1610=DIRECTION('',(1.,0.,0.));
#1611=DIRECTION('',(0.,-1.,0.));
#1612=DIRECTION('',(1.,0.,0.));
#1613=DIRECTION('',(0.,-1.,0.));
#1614=DIRECTION('',(0.,0.,-1.));
#1615=DIRECTION('',(0.,0.,-1.));
#1616=DIRECTION('',(0.,-1.,0.));
#1617=DIRECTION('',(0.,0.,-1.));
#1618=DIRECTION('',(0.,-1.,0.));
#1619=DIRECTION('',(0.,0.,-1.));
#1620=DIRECTION('',(1.,0.,0.));
#1621=DIRECTION('',(0.,-1.,0.));
#1622=DIRECTION('',(0.,0.,-1.));
#1623=DIRECTION('',(0.,-1.,0.));
#1624=DIRECTION('',(0.,0.,-1.));
#1625=DIRECTION('',(0.,0.,1.));
#1626=DIRECTION('',(0.,-1.,0.));
#1627=DIRECTION('',(0.,0.,-1.));
#1628=DIRECTION('',(0.,-1.,0.));
#1629=DIRECTION('',(0.,0.,-1.));
#1630=DIRECTION('',(-1.,0.,0.));
#1631=DIRECTION('',(0.,-1.,0.));
#1632=DIRECTION('',(0.,0.,-1.));
#1633=DIRECTION('',(0.,0.,-1.));
#1634=DIRECTION('',(-0.998138578931544,0.,0.0609866973078358));
#1635=DIRECTION('',(0.,-1.,0.));
#1636=DIRECTION('',(0.,0.,-1.));
#1637=DIRECTION('',(0.,0.,-1.));
#1638=DIRECTION('',(0.,-1.,0.));
#1639=DIRECTION('',(0.,0.,-1.));
#1640=DIRECTION('',(-0.998138578931544,0.,-0.0609866973078358));
#1641=DIRECTION('',(0.,1.,0.));
#1642=DIRECTION('',(-1.,0.,0.));
#1643=DIRECTION('',(0.,1.,0.));
#1644=DIRECTION('',(0.,0.,1.));
#1645=DIRECTION('',(0.,1.,0.));
#1646=DIRECTION('',(0.,0.,1.));
#1647=DIRECTION('',(0.,0.,-1.));
#1648=DIRECTION('',(1.,0.,0.));
#1649=DIRECTION('',(0.,0.,-1.));
#1650=DIRECTION('',(1.,0.,0.));
#1651=DIRECTION('',(0.,1.,0.));
#1652=DIRECTION('',(0.,0.,1.));
#1653=DIRECTION('',(0.,1.,0.));
#1654=DIRECTION('',(0.,0.,1.));
#1655=DIRECTION('',(0.,1.,0.));
#1656=DIRECTION('',(-1.,0.,0.));
#1657=DIRECTION('',(0.,-1.,0.));
#1658=DIRECTION('',(0.,0.,-1.));
#1659=DIRECTION('',(0.,1.,0.));
#1660=DIRECTION('',(0.,0.,-1.));
#1661=DIRECTION('',(0.,1.,0.));
#1662=DIRECTION('',(0.,0.,-1.));
#1663=DIRECTION('',(-0.998138578931544,0.,0.0609866973078358));
#1664=DIRECTION('',(0.,0.,-1.));
#1665=DIRECTION('',(1.,0.,0.));
#1666=DIRECTION('',(0.,0.,-1.));
#1667=DIRECTION('',(1.,0.,0.));
#1668=DIRECTION('',(0.,0.,-1.));
#1669=DIRECTION('',(-0.998138578931544,0.,-0.0609866973078358));
#1670=DIRECTION('',(-1.,0.,0.));
#1671=DIRECTION('',(0.,0.,-1.));
#1672=DIRECTION('',(-1.,0.,0.));
#1673=DIRECTION('',(0.,-1.,0.));
#1674=DIRECTION('',(0.,0.,-1.));
#1675=DIRECTION('',(-1.,0.,0.));
#1676=DIRECTION('',(0.,0.,1.));
#1677=DIRECTION('',(0.,-1.,0.));
#1678=DIRECTION('',(0.,-1.,0.));
#1679=DIRECTION('',(0.,-1.,0.));
#1680=DIRECTION('',(1.,0.,0.));
#1681=DIRECTION('',(0.,0.,1.));
#1682=DIRECTION('',(1.,0.,0.));
#1683=DIRECTION('',(0.,0.,1.));
#1684=DIRECTION('',(-1.,0.,0.));
#1685=DIRECTION('',(0.,1.,0.));
#1686=DIRECTION('',(0.,0.,1.));
#1687=DIRECTION('',(0.,-1.,0.));
#1688=DIRECTION('',(0.,1.,0.));
#1689=DIRECTION('',(-1.,0.,0.));
#1690=DIRECTION('',(0.,0.,1.));
#1691=DIRECTION('',(0.,1.,0.));
#1692=DIRECTION('',(0.,1.,0.));
#1693=DIRECTION('',(0.,1.,0.));
#1694=DIRECTION('',(0.,0.,-1.));
#1695=DIRECTION('',(-1.,0.,0.));
#1696=DIRECTION('',(0.,1.,0.));
#1697=DIRECTION('',(-1.,0.,0.));
#1698=DIRECTION('',(0.,0.,1.));
#1699=DIRECTION('',(0.,1.,0.));
#1700=DIRECTION('',(0.,0.,1.));
#1701=DIRECTION('',(1.,0.,0.));
#1702=DIRECTION('',(0.,1.,0.));
#1703=DIRECTION('',(0.,0.,1.));
#1704=DIRECTION('',(0.,-1.,0.));
#1705=DIRECTION('',(0.,0.,1.));
#1706=DIRECTION('',(1.,0.,0.));
#1707=DIRECTION('',(0.,-1.,0.));
#1708=DIRECTION('',(0.,-1.,0.));
#1709=DIRECTION('',(0.,1.,0.));
#1710=DIRECTION('',(0.,0.,1.));
#1711=DIRECTION('',(0.,-1.,0.));
#1712=DIRECTION('',(0.,1.,0.));
#1713=DIRECTION('',(1.,0.,0.));
#1714=DIRECTION('',(0.,0.,-1.));
#1715=DIRECTION('',(0.,1.,0.));
#1716=DIRECTION('',(0.,1.,0.));
#1717=DIRECTION('',(0.,1.,0.));
#1718=DIRECTION('',(0.,0.,1.));
#1719=DIRECTION('',(1.,0.,0.));
#1720=DIRECTION('',(0.,1.,0.));
#1721=DIRECTION('',(1.,0.,0.));
#1722=DIRECTION('',(0.,0.,-1.));
#1723=DIRECTION('',(0.,1.,0.));
#1724=DIRECTION('',(0.,0.,-1.));
#1725=DIRECTION('',(-1.,0.,0.));
#1726=DIRECTION('',(0.,1.,0.));
#1727=DIRECTION('',(0.,0.,1.));
#1728=DIRECTION('',(0.,-1.,0.));
#1729=DIRECTION('',(0.,0.,-1.));
#1730=DIRECTION('',(-1.,0.,0.));
#1731=DIRECTION('',(0.,-1.,0.));
#1732=DIRECTION('',(0.,-1.,0.));
#1733=DIRECTION('',(0.0609866973078358,0.,0.998138578931544));
#1734=DIRECTION('',(0.998138578931544,0.,-0.0609866973078358));
#1735=DIRECTION('',(0.,-1.,0.));
#1736=DIRECTION('',(0.,-1.,0.));
#1737=DIRECTION('',(0.,-1.,0.));
#1738=DIRECTION('',(-0.0609866973078358,0.,0.998138578931544));
#1739=DIRECTION('',(0.998138578931544,0.,0.0609866973078358));
#1740=DIRECTION('',(0.,-1.,0.));
#1741=DIRECTION('',(0.,-1.,0.));
#1742=DIRECTION('',(0.,-1.,0.));
#1743=DIRECTION('',(0.,1.,0.));
#1744=DIRECTION('',(0.,0.,1.));
#1745=DIRECTION('',(0.,-1.,0.));
#1746=DIRECTION('',(0.,0.,-1.));
#1747=DIRECTION('',(-1.,0.,0.));
#1748=DIRECTION('',(0.,0.,1.));
#1749=DIRECTION('',(0.,-1.,0.));
#1750=DIRECTION('',(0.,-1.,0.));
#1751=DIRECTION('',(0.,0.,1.));
#1752=DIRECTION('',(1.,0.,0.));
#1753=DIRECTION('',(0.,1.,0.));
#1754=DIRECTION('',(-1.,0.,0.));
#1755=DIRECTION('',(0.,-1.,0.));
#1756=DIRECTION('',(0.,0.,1.));
#1757=DIRECTION('',(1.,0.,0.));
#1758=DIRECTION('',(0.,1.,0.));
#1759=DIRECTION('',(0.,-1.,0.));
#1760=DIRECTION('',(-1.,0.,0.));
#1761=DIRECTION('',(-1.,0.,0.));
#1762=DIRECTION('',(0.,0.,1.));
#1763=DIRECTION('',(0.,0.,-1.));
#1764=DIRECTION('',(0.,1.,0.));
#1765=DIRECTION('',(0.,0.,-1.));
#1766=DIRECTION('',(0.,0.,1.));
#1767=DIRECTION('',(0.,0.,1.));
#1768=DIRECTION('',(0.,1.,0.));
#1769=DIRECTION('',(0.,0.,1.));
#1770=DIRECTION('',(0.,0.,-1.));
#1771=DIRECTION('',(-1.,0.,0.));
#1772=DIRECTION('',(0.,-1.,0.));
#1773=DIRECTION('',(-1.,0.,0.));
#1774=DIRECTION('',(0.,0.,1.));
#1775=DIRECTION('',(0.,-1.,0.));
#1776=DIRECTION('',(0.,0.,-1.));
#1777=DIRECTION('',(-1.,0.,0.));
#1778=DIRECTION('',(0.,-1.,0.));
#1779=DIRECTION('',(0.,0.,-1.));
#1780=DIRECTION('',(0.,-1.,0.));
#1781=DIRECTION('',(0.,0.,-1.));
#1782=DIRECTION('',(0.,-1.,0.));
#1783=DIRECTION('',(0.,0.,-1.));
#1784=DIRECTION('',(0.,-1.,0.));
#1785=DIRECTION('',(0.,0.,-1.));
#1786=DIRECTION('',(0.707106781186548,0.707106781186547,0.));
#1787=DIRECTION('',(0.,0.,-1.));
#1788=DIRECTION('',(-0.577350269189625,0.577350269189626,-0.577350269189626));
#1789=DIRECTION('',(-0.577350269189654,0.577350269189568,-0.577350269189656));
#1790=DIRECTION('',(-0.577350269189653,0.577350269189567,0.577350269189657));
#1791=DIRECTION('',(-0.577350269189626,0.577350269189626,0.577350269189626));
#1792=DIRECTION('',(-1.,0.,0.));
#1793=DIRECTION('',(0.,0.,1.));
#1794=DIRECTION('',(0.,0.707106781186548,0.707106781186547));
#1795=DIRECTION('',(0.,0.707106781186493,0.707106781186602));
#1796=DIRECTION('',(0.,0.,1.));
#1797=DIRECTION('',(0.,1.,0.));
#1798=DIRECTION('',(-0.347814936275446,0.,0.937563208591137));
#1799=DIRECTION('',(0.937563208591137,0.,0.347814936275447));
#1800=DIRECTION('',(0.937563208591137,0.,0.347814936275446));
#1801=DIRECTION('',(0.,1.,0.));
#1802=DIRECTION('',(0.937563208591137,0.,0.347814936275446));
#1803=DIRECTION('',(-1.,0.,1.84936113648617E-16));
#1804=DIRECTION('',(1.84936113648617E-16,0.,1.));
#1805=DIRECTION('',(1.84936113648617E-16,0.,1.));
#1806=DIRECTION('',(0.,1.,0.));
#1807=DIRECTION('',(1.84936113648617E-16,0.,1.));
#1808=DIRECTION('',(0.,1.,0.));
#1809=DIRECTION('',(0.,0.,1.));
#1810=DIRECTION('',(0.,1.,0.));
#1811=DIRECTION('',(0.,0.,-1.));
#1812=DIRECTION('',(0.,1.,0.));
#1813=DIRECTION('',(0.,1.,0.));
#1814=DIRECTION('',(0.,0.,-1.));
#1815=DIRECTION('',(-1.,0.,-1.84736569284495E-16));
#1816=DIRECTION('',(-1.84736569284495E-16,0.,1.));
#1817=DIRECTION('',(-1.84736569284495E-16,0.,1.));
#1818=DIRECTION('',(0.,1.,0.));
#1819=DIRECTION('',(-1.84736569284495E-16,0.,1.));
#1820=DIRECTION('',(-0.347814936275446,0.,0.937563208591137));
#1821=DIRECTION('',(0.937563208591137,0.,0.347814936275446));
#1822=DIRECTION('',(0.937563208591137,0.,0.347814936275446));
#1823=DIRECTION('',(0.937563208591137,0.,0.347814936275446));
#1824=DIRECTION('',(0.,1.,0.));
#1825=DIRECTION('',(0.,0.,1.));
#1826=DIRECTION('',(0.,1.,0.));
#1827=DIRECTION('',(0.,0.,-1.));
#1828=DIRECTION('',(0.,1.,0.));
#1829=DIRECTION('',(0.,0.,-1.));
#1830=DIRECTION('',(0.,-1.,0.));
#1831=DIRECTION('',(1.,0.,0.));
#1832=DIRECTION('',(1.,0.,0.));
#1833=DIRECTION('',(0.,-1.,0.));
#1834=DIRECTION('',(1.,0.,0.));
#1835=DIRECTION('',(1.,0.,0.));
#1836=DIRECTION('',(0.,0.,-1.));
#1837=DIRECTION('',(0.,-0.707106781186493,0.707106781186602));
#1838=DIRECTION('',(0.,0.707106781186548,-0.707106781186547));
#1839=DIRECTION('',(0.,1.,0.));
#1840=DIRECTION('',(0.,0.,-1.));
#1841=DIRECTION('',(0.347814936275446,0.,0.937563208591137));
#1842=DIRECTION('',(0.937563208591137,0.,-0.347814936275446));
#1843=DIRECTION('',(0.937563208591137,0.,-0.347814936275446));
#1844=DIRECTION('',(0.,1.,0.));
#1845=DIRECTION('',(0.937563208591137,0.,-0.347814936275446));
#1846=DIRECTION('',(1.,0.,-1.84736569284495E-16));
#1847=DIRECTION('',(-1.84736569284495E-16,0.,-1.));
#1848=DIRECTION('',(-1.84736569284495E-16,0.,-1.));
#1849=DIRECTION('',(0.,1.,0.));
#1850=DIRECTION('',(-1.84736569284495E-16,0.,-1.));
#1851=DIRECTION('',(0.,1.,0.));
#1852=DIRECTION('',(0.,0.,1.));
#1853=DIRECTION('',(0.,-1.,0.));
#1854=DIRECTION('',(0.,0.,-1.));
#1855=DIRECTION('',(0.,1.,0.));
#1856=DIRECTION('',(0.,-1.,0.));
#1857=DIRECTION('',(0.,0.,-1.));
#1858=DIRECTION('',(1.,0.,2.21923336378341E-16));
#1859=DIRECTION('',(2.21923336378341E-16,0.,-1.));
#1860=DIRECTION('',(2.21923336378341E-16,0.,-1.));
#1861=DIRECTION('',(0.,1.,0.));
#1862=DIRECTION('',(2.21923336378341E-16,0.,-1.));
#1863=DIRECTION('',(0.347814936275447,0.,0.937563208591137));
#1864=DIRECTION('',(0.937563208591137,0.,-0.347814936275446));
#1865=DIRECTION('',(0.937563208591137,0.,-0.347814936275447));
#1866=DIRECTION('',(0.937563208591137,0.,-0.347814936275447));
#1867=DIRECTION('',(0.,1.,0.));
#1868=DIRECTION('',(0.,0.,1.));
#1869=DIRECTION('',(0.,-1.,0.));
#1870=DIRECTION('',(0.,0.,-1.));
#1871=DIRECTION('',(0.,-1.,0.));
#1872=DIRECTION('',(0.,0.,-1.));
#1873=DIRECTION('',(0.,-1.,0.));
#1874=DIRECTION('',(1.,0.,0.));
#1875=DIRECTION('',(-1.,0.,0.));
#1876=DIRECTION('',(0.,-1.,0.));
#1877=DIRECTION('',(1.,0.,0.));
#1878=DIRECTION('',(0.,0.707106781186547,0.707106781186548));
#1879=DIRECTION('',(-1.,0.,0.));
#1880=DIRECTION('',(0.,-0.707106781186547,0.707106781186548));
#1881=DIRECTION('',(1.,0.,0.));
#1882=DIRECTION('',(0.,-1.,0.));
#1883=DIRECTION('',(0.,0.,-1.));
#1884=DIRECTION('',(0.,-1.,0.));
#1885=DIRECTION('',(0.,0.,-1.));
#1886=DIRECTION('',(0.,-1.,0.));
#1887=DIRECTION('',(0.,0.,-1.));
#1888=DIRECTION('',(0.,-1.,0.));
#1889=DIRECTION('',(0.,0.,-1.));
#1890=DIRECTION('',(-3.06663966150879E-16,-1.,7.24420023556886E-17));
#1891=DIRECTION('',(1.,-3.06663966150879E-16,2.22153517583068E-32));
#1892=DIRECTION('',(3.06663966150879E-16,1.,-7.24420023556886E-17));
#1893=DIRECTION('',(1.,-3.06663966150879E-16,0.));
#1894=DIRECTION('',(-3.06663966150879E-16,-1.,7.24420023556886E-17));
#1895=DIRECTION('',(1.,-3.06663966150879E-16,0.));
#1896=DIRECTION('',(-3.06663966150879E-16,-1.,7.24420023556886E-17));
#1897=DIRECTION('',(1.,-3.06663966150879E-16,0.));
#1898=DIRECTION('',(-3.06663966150879E-16,-1.,7.24420023556886E-17));
#1899=DIRECTION('',(1.,-3.06663966150879E-16,0.));
#1900=DIRECTION('',(-3.06663966150879E-16,-1.,7.24420023556886E-17));
#1901=DIRECTION('',(1.,-3.06663966150879E-16,0.));
#1902=DIRECTION('',(-3.06663966150879E-16,-1.,7.24420023556886E-17));
#1903=DIRECTION('',(1.,-3.06663966150879E-16,2.22153517583068E-32));
#1904=DIRECTION('',(-3.06663966150879E-16,-1.,7.24420023556886E-17));
#1905=DIRECTION('',(1.,-3.06663966150879E-16,0.));
#1906=DIRECTION('',(-3.06663966150879E-16,-1.,7.24420023556886E-17));
#1907=DIRECTION('',(1.,-3.06663966150879E-16,2.22153517583068E-32));
#1908=DIRECTION('',(-3.06663966150879E-16,-1.,7.24420023556886E-17));
#1909=DIRECTION('',(1.,-3.06663966150879E-16,0.));
#1910=DIRECTION('',(-3.06663966150879E-16,-1.,7.24420023556886E-17));
#1911=DIRECTION('',(1.,-3.06663966150879E-16,0.));
#1912=DIRECTION('',(-3.06663966150879E-16,-1.,7.24420023556886E-17));
#1913=DIRECTION('',(1.,-3.06663966150879E-16,0.));
#1914=DIRECTION('',(-3.06663966150879E-16,-1.,7.24420023556886E-17));
#1915=DIRECTION('',(1.,-3.06663966150879E-16,0.));
#1916=DIRECTION('',(-3.06663966150879E-16,-1.,7.24420023556886E-17));
#1917=DIRECTION('',(1.,-3.06663966150879E-16,0.));
#1918=DIRECTION('',(-3.06663966150879E-16,-1.,7.24420023556886E-17));
#1919=DIRECTION('',(1.,-3.06663966150879E-16,2.22153517583068E-32));
#1920=DIRECTION('',(-3.06663966150879E-16,-1.,7.24420023556886E-17));
#1921=DIRECTION('',(1.,-3.06663966150879E-16,0.));
#1922=DIRECTION('',(0.,-1.,0.));
#1923=DIRECTION('',(1.,0.,0.));
#1924=DIRECTION('',(0.,-1.,0.));
#1925=DIRECTION('',(0.,0.,-1.));
#1926=DIRECTION('',(0.,-1.,0.));
#1927=DIRECTION('',(0.,0.,-1.));
#1928=DIRECTION('',(0.,-1.,0.));
#1929=DIRECTION('',(1.,0.,0.));
#1930=DIRECTION('',(0.,1.,0.));
#1931=DIRECTION('',(0.,0.,-1.));
#1932=DIRECTION('',(0.,-1.,0.));
#1933=DIRECTION('',(0.,0.,-1.));
#1934=DIRECTION('',(0.,-1.,0.));
#1935=DIRECTION('',(1.,0.,0.));
#1936=DIRECTION('',(0.,-1.,0.));
#1937=DIRECTION('',(0.,0.,-1.));
#1938=DIRECTION('',(0.,-1.,0.));
#1939=DIRECTION('',(0.,0.,-1.));
#1940=DIRECTION('',(0.,-1.,0.));
#1941=DIRECTION('',(1.,0.,0.));
#1942=DIRECTION('',(0.,1.,0.));
#1943=DIRECTION('',(0.,0.,-1.));
#1944=DIRECTION('',(0.,-1.,0.));
#1945=DIRECTION('',(0.,0.,-1.));
#1946=CARTESIAN_POINT('',(0.,0.,0.));
#1947=CARTESIAN_POINT('',(-0.0252500000000016,0.00999999999999816,0.00699999999999987));
#1948=CARTESIAN_POINT('',(0.0250000000000009,0.00999999999999814,0.00500000000000015));
#1949=CARTESIAN_POINT('',(0.0274000000000009,0.00999999999999814,0.00500000000000015));
#1950=CARTESIAN_POINT('',(-0.0340465948509751,0.00999999999999816,0.0192767685003462));
#1951=CARTESIAN_POINT('',(-0.0340465948509751,0.00999999999999816,0.0187919710545045));
#1952=CARTESIAN_POINT('',(-0.0340465948509751,0.00999999999999816,0.0168845510545025));
#1953=CARTESIAN_POINT('',(-0.0252500000000016,0.00999999999999816,0.0187919710545045));
#1954=CARTESIAN_POINT('',(-0.0378695848509751,0.00999999999999816,0.0187919710545045));
#1955=CARTESIAN_POINT('',(-0.0378695848509751,0.00999999999999816,0.00699999999999987));
#1956=CARTESIAN_POINT('',(-0.0378695848509751,0.00999999999999816,-0.0187919710545045));
#1957=CARTESIAN_POINT('',(-0.0252500000000016,0.00999999999999816,-0.0187919710545045));
#1958=CARTESIAN_POINT('',(-0.0340465948509751,0.00999999999999816,-0.0187919710545045));
#1959=CARTESIAN_POINT('',(-0.0340465948509751,0.00999999999999816,6.0856330110215E-6));
#1960=CARTESIAN_POINT('',(-0.0340465948509751,0.00999999999999816,-0.0168845510545025));
#1961=CARTESIAN_POINT('',(-0.035488444850975,0.00999999999999816,-0.0168845510545025));
#1962=CARTESIAN_POINT('',(-0.0302302948509751,0.00999999999999815,-0.0168845510545025));
#1963=CARTESIAN_POINT('',(9.85257451248736E-6,0.00999999999999815,-0.0150368650151986));
#1964=CARTESIAN_POINT('',(0.0208598669730784,0.00999999999999815,-0.0137629201503978));
#1965=CARTESIAN_POINT('',(0.02025,0.00999999999999815,-0.00378153436108236));
#1966=CARTESIAN_POINT('',(0.03025,0.00999999999999814,-0.00378153436108236));
#1967=CARTESIAN_POINT('',(0.03025,0.00999999999999814,-1.44884004710127E-22));
#1968=CARTESIAN_POINT('',(0.03025,0.00999999999999815,0.00378153436108236));
#1969=CARTESIAN_POINT('',(0.02025,0.00999999999999815,0.00378153436108236));
#1970=CARTESIAN_POINT('',(0.0208598669730784,0.00999999999999815,0.0137629201503978));
#1971=CARTESIAN_POINT('',(9.85257451248736E-6,0.00999999999999815,0.0150368650151986));
#1972=CARTESIAN_POINT('',(-0.0302302948509751,0.00999999999999816,0.0168845510545025));
#1973=CARTESIAN_POINT('',(-0.035488444850975,0.00999999999999816,0.0168845510545025));
#1974=CARTESIAN_POINT('',(0.019,0.00999999999999815,0.009));
#1975=CARTESIAN_POINT('',(0.019,0.00999999999999815,0.01));
#1976=CARTESIAN_POINT('',(0.0199360401370854,0.00999999999999815,0.00935189325336683));
#1977=CARTESIAN_POINT('',(0.01865,0.00999999999999815,0.0084));
#1978=CARTESIAN_POINT('',(0.02025,0.00999999999999815,0.0084));
#1979=CARTESIAN_POINT('',(0.02025,0.00999999999999815,0.004575));
#1980=CARTESIAN_POINT('',(0.02025,0.00999999999999815,0.00075));
#1981=CARTESIAN_POINT('',(0.0206537087982164,0.00999999999999815,0.00075));
#1982=CARTESIAN_POINT('',(0.02625,0.00999999999999814,0.00075));
#1983=CARTESIAN_POINT('',(0.02625,0.00999999999999814,-1.44884004710215E-22));
#1984=CARTESIAN_POINT('',(0.02625,0.00999999999999815,-0.00075));
#1985=CARTESIAN_POINT('',(0.0238394041363935,0.00999999999999814,-0.00075));
#1986=CARTESIAN_POINT('',(0.02025,0.00999999999999814,-0.00075));
#1987=CARTESIAN_POINT('',(0.02025,0.00999999999999814,-0.004575));
#1988=CARTESIAN_POINT('',(0.02025,0.00999999999999815,-0.0084));
#1989=CARTESIAN_POINT('',(0.01865,0.00999999999999815,-0.0084));
#1990=CARTESIAN_POINT('',(0.0199360401370854,0.00999999999999815,-0.00935189325336683));
#1991=CARTESIAN_POINT('',(0.019,0.00999999999999815,-0.009));
#1992=CARTESIAN_POINT('',(0.019,0.00999999999999815,-0.01));
#1993=CARTESIAN_POINT('',(0.0172,0.00999999999999815,-0.01));
#1994=CARTESIAN_POINT('',(-0.019,0.00999999999999816,-0.01));
#1995=CARTESIAN_POINT('',(-0.019,0.00999999999999816,-0.009));
#1996=CARTESIAN_POINT('',(-0.0199360401370854,0.00999999999999816,-0.00935189325336683));
#1997=CARTESIAN_POINT('',(-0.01865,0.00999999999999816,-0.0084));
#1998=CARTESIAN_POINT('',(-0.02025,0.00999999999999816,-0.0084));
#1999=CARTESIAN_POINT('',(-0.02025,0.00999999999999816,-0.004575));
#2000=CARTESIAN_POINT('',(-0.02025,0.00999999999999816,-0.00075));
#2001=CARTESIAN_POINT('',(-0.02325,0.00999999999999816,-0.00075));
#2002=CARTESIAN_POINT('',(-0.02625,0.00999999999999816,-0.00075));
#2003=CARTESIAN_POINT('',(-0.02625,0.00999999999999816,-1.44884004711382E-22));
#2004=CARTESIAN_POINT('',(-0.02625,0.00999999999999816,0.00075));
#2005=CARTESIAN_POINT('',(-0.02325,0.00999999999999816,0.00075));
#2006=CARTESIAN_POINT('',(-0.02025,0.00999999999999816,0.00075));
#2007=CARTESIAN_POINT('',(-0.02025,0.00999999999999816,0.004575));
#2008=CARTESIAN_POINT('',(-0.02025,0.00999999999999816,0.0084));
#2009=CARTESIAN_POINT('',(-0.01865,0.00999999999999816,0.0084));
#2010=CARTESIAN_POINT('',(-0.0199360401370854,0.00999999999999816,0.00935189325336683));
#2011=CARTESIAN_POINT('',(-0.019,0.00999999999999816,0.009));
#2012=CARTESIAN_POINT('',(-0.019,0.00999999999999815,0.01));
#2013=CARTESIAN_POINT('',(-0.0172,0.00999999999999816,0.01));
#2014=CARTESIAN_POINT('',(-0.0250000000000009,0.00999999999999816,-0.00500000000000016));
#2015=CARTESIAN_POINT('',(-0.0226000000000009,0.00999999999999816,-0.00500000000000016));
#2016=CARTESIAN_POINT('',(-0.0250000000000009,0.00999999999999816,0.00500000000000015));
#2017=CARTESIAN_POINT('',(-0.0226000000000009,0.00999999999999816,0.00500000000000015));
#2018=CARTESIAN_POINT('',(0.0250000000000009,0.00999999999999814,-0.00500000000000016));
#2019=CARTESIAN_POINT('',(0.0274000000000009,0.00999999999999814,-0.00500000000000016));
#2020=CARTESIAN_POINT('',(9.85257451248389E-6,0.0185,6.0856330110215E-6));
#2021=CARTESIAN_POINT('',(-0.02025,0.0185,6.0856330110215E-6));
#2022=CARTESIAN_POINT('',(-0.02025,0.0185,0.00075));
#2023=CARTESIAN_POINT('',(-0.02025,0.0185,-0.00075));
#2024=CARTESIAN_POINT('',(-0.02325,0.0185,0.00075));
#2025=CARTESIAN_POINT('',(-0.02625,0.0185,0.00075));
#2026=CARTESIAN_POINT('',(-0.02625,0.0185,0.));
#2027=CARTESIAN_POINT('',(-0.02625,0.0185,-0.00075));
#2028=CARTESIAN_POINT('',(-0.02325,0.0185,-0.00075));
#2029=CARTESIAN_POINT('',(9.85257451248389E-6,0.0203,6.0856330110215E-6));
#2030=CARTESIAN_POINT('',(-0.01865,0.0203,0.0084));
#2031=CARTESIAN_POINT('',(-0.0199360401370854,0.0203,0.00935189325336683));
#2032=CARTESIAN_POINT('',(-0.02025,0.0203,0.0084));
#2033=CARTESIAN_POINT('',(-0.02025,0.0203,6.0856330110215E-6));
#2034=CARTESIAN_POINT('',(-0.02025,0.0203,-0.0084));
#2035=CARTESIAN_POINT('',(-0.01865,0.0203,-0.0084));
#2036=CARTESIAN_POINT('',(-0.0199360401370854,0.0203,-0.00935189325336683));
#2037=CARTESIAN_POINT('',(-0.019,0.0203,-0.009));
#2038=CARTESIAN_POINT('',(-0.019,0.0203,-0.01));
#2039=CARTESIAN_POINT('',(9.85257451248389E-6,0.0203,-0.01));
#2040=CARTESIAN_POINT('',(0.019,0.0203,-0.01));
#2041=CARTESIAN_POINT('',(0.019,0.0203,-0.009));
#2042=CARTESIAN_POINT('',(0.0199360401370854,0.0203,-0.00935189325336683));
#2043=CARTESIAN_POINT('',(0.01865,0.0203,-0.0084));
#2044=CARTESIAN_POINT('',(0.02025,0.0203,-0.0084));
#2045=CARTESIAN_POINT('',(0.02025,0.0203,6.0856330110215E-6));
#2046=CARTESIAN_POINT('',(0.02025,0.0203,0.0084));
#2047=CARTESIAN_POINT('',(0.01865,0.0203,0.0084));
#2048=CARTESIAN_POINT('',(0.0199360401370854,0.0203,0.00935189325336683));
#2049=CARTESIAN_POINT('',(0.019,0.0203,0.009));
#2050=CARTESIAN_POINT('',(0.019,0.0203,0.01));
#2051=CARTESIAN_POINT('',(9.85257451248389E-6,0.0203,0.01));
#2052=CARTESIAN_POINT('',(-0.019,0.0203,0.01));
#2053=CARTESIAN_POINT('',(-0.019,0.0203,0.009));
#2054=CARTESIAN_POINT('',(-0.0217503138096818,0.0203,0.));
#2055=CARTESIAN_POINT('',(-0.0217503138096818,0.0203,0.0163664205585396));
#2056=CARTESIAN_POINT('',(-0.0217503138096818,0.0203,-0.0163664205585396));
#2057=CARTESIAN_POINT('',(0.000924823844011185,0.0203,0.0149809598763369));
#2058=CARTESIAN_POINT('',(0.0208598669730784,0.0203,0.0137629201503978));
#2059=CARTESIAN_POINT('',(0.02025,0.0203,0.00378153436108236));
#2060=CARTESIAN_POINT('',(0.03025,0.0203,0.00378153436108236));
#2061=CARTESIAN_POINT('',(0.03025,0.0203,0.));
#2062=CARTESIAN_POINT('',(0.03025,0.0203,-0.00378153436108236));
#2063=CARTESIAN_POINT('',(0.02025,0.0203,-0.00378153436108236));
#2064=CARTESIAN_POINT('',(0.0208598669730784,0.0203,-0.0137629201503978));
#2065=CARTESIAN_POINT('',(0.000925564747622397,0.0203,-0.014980914606807));
#2066=CARTESIAN_POINT('',(-0.0297023724254875,0.04477,0.));
#2067=CARTESIAN_POINT('',(-0.0277723465700052,0.04477,-0.021));
#2068=CARTESIAN_POINT('',(-0.0277723465700052,0.04477,-0.01875));
#2069=CARTESIAN_POINT('',(-0.0398164120906518,0.04477,0.021));
#2070=CARTESIAN_POINT('',(-0.0398164120906518,0.04477,0.02325));
#2071=CARTESIAN_POINT('',(-0.0217503138096818,0.04477,0.));
#2072=CARTESIAN_POINT('',(-0.0217503138096818,0.04477,0.025));
#2073=CARTESIAN_POINT('',(-0.0217503138096818,0.04477,-0.025));
#2074=CARTESIAN_POINT('',(-0.0244251569048409,0.04477,-0.025));
#2075=CARTESIAN_POINT('',(-0.045838444850975,0.04477,-0.025));
#2076=CARTESIAN_POINT('',(-0.045838444850975,0.04477,0.));
#2077=CARTESIAN_POINT('',(-0.045838444850975,0.04477,0.025));
#2078=CARTESIAN_POINT('',(-0.044384369850975,0.04477,0.025));
#2079=CARTESIAN_POINT('',(-0.0398164120906518,0.04477,-0.021));
#2080=CARTESIAN_POINT('',(-0.0398164120906518,0.04477,-0.01875));
#2081=CARTESIAN_POINT('',(-0.0277723465700052,0.04477,0.021));
#2082=CARTESIAN_POINT('',(-0.0277723465700052,0.04477,0.02325));
#2083=CARTESIAN_POINT('',(-0.0297023724254875,0.03977,0.));
#2084=CARTESIAN_POINT('',(-0.0398164120906518,0.03977,-0.021));
#2085=CARTESIAN_POINT('',(-0.0398164120906518,0.03977,-0.02325));
#2086=CARTESIAN_POINT('',(-0.0277723465700052,0.03977,-0.021));
#2087=CARTESIAN_POINT('',(-0.0277723465700052,0.03977,-0.02325));
#2088=CARTESIAN_POINT('',(-0.0398164120906518,0.03977,0.021));
#2089=CARTESIAN_POINT('',(-0.0398164120906518,0.03977,0.01875));
#2090=CARTESIAN_POINT('',(0.000924823844011185,0.03977,0.0149809598763369));
#2091=CARTESIAN_POINT('',(-0.0217503138096818,0.03977,0.0163664205585396));
#2092=CARTESIAN_POINT('',(-0.0302302948509751,0.03977,0.0168845510545025));
#2093=CARTESIAN_POINT('',(-0.0217503138096818,0.03977,0.));
#2094=CARTESIAN_POINT('',(-0.0217503138096818,0.03977,0.025));
#2095=CARTESIAN_POINT('',(-0.044384369850975,0.03977,0.025));
#2096=CARTESIAN_POINT('',(-0.045838444850975,0.03977,0.025));
#2097=CARTESIAN_POINT('',(-0.045838444850975,0.03977,0.));
#2098=CARTESIAN_POINT('',(-0.045838444850975,0.03977,-0.025));
#2099=CARTESIAN_POINT('',(-0.0244251569048409,0.03977,-0.025));
#2100=CARTESIAN_POINT('',(-0.0217503138096818,0.03977,-0.025));
#2101=CARTESIAN_POINT('',(-0.0217503138096818,0.03977,0.));
#2102=CARTESIAN_POINT('',(-0.0217503138096818,0.03977,-0.0163664205585396));
#2103=CARTESIAN_POINT('',(0.000925564747622397,0.03977,-0.014980914606807));
#2104=CARTESIAN_POINT('',(-0.0302302948509751,0.03977,-0.0168845510545025));
#2105=CARTESIAN_POINT('',(-0.035488444850975,0.03977,-0.0168845510545025));
#2106=CARTESIAN_POINT('',(-0.0407465948509751,0.03977,-0.0168845510545025));
#2107=CARTESIAN_POINT('',(-0.0407465948509751,0.03977,-3.46944695195361E-18));
#2108=CARTESIAN_POINT('',(-0.0407465948509751,0.03977,0.0168845510545025));
#2109=CARTESIAN_POINT('',(-0.035488444850975,0.03977,0.0168845510545025));
#2110=CARTESIAN_POINT('',(-0.0277723465700052,0.03977,0.021));
#2111=CARTESIAN_POINT('',(-0.0277723465700052,0.03977,0.01875));
#2112=CARTESIAN_POINT('',(0.03025,0.0203,0.));
#2113=CARTESIAN_POINT('',(0.03025,0.0103,0.00378153436108236));
#2114=CARTESIAN_POINT('',(0.03025,0.0203,-0.00378153436108236));
#2115=CARTESIAN_POINT('',(9.85257451248389E-6,0.0185,6.0856330110215E-6));
#2116=CARTESIAN_POINT('',(0.02025,0.0185,6.0856330110215E-6));
#2117=CARTESIAN_POINT('',(0.02025,0.0185,-0.00075));
#2118=CARTESIAN_POINT('',(0.02025,0.0185,0.00075));
#2119=CARTESIAN_POINT('',(0.0238394041363935,0.0185,-0.00075));
#2120=CARTESIAN_POINT('',(0.02625,0.0185,-0.00075));
#2121=CARTESIAN_POINT('',(0.02625,0.0185,0.));
#2122=CARTESIAN_POINT('',(0.02625,0.0185,0.00075));
#2123=CARTESIAN_POINT('',(0.0206537087982164,0.0185,0.00075));
#2124=CARTESIAN_POINT('',(0.01865,0.0103,0.0084));
#2125=CARTESIAN_POINT('',(0.0199360401370854,0.00925,0.00935189325336683));
#2126=CARTESIAN_POINT('',(0.02025,0.0103,0.0084));
#2127=CARTESIAN_POINT('',(0.02025,0.0103,0.004575));
#2128=CARTESIAN_POINT('',(0.02025,0.0103,-0.0084));
#2129=CARTESIAN_POINT('',(0.02025,0.0103,-0.00075));
#2130=CARTESIAN_POINT('',(0.02025,0.0103,0.00075));
#2131=CARTESIAN_POINT('',(0.0206537087982164,0.0103,0.00075));
#2132=CARTESIAN_POINT('',(0.02625,0.0103,0.00075));
#2133=CARTESIAN_POINT('',(0.02625,0.0103,0.));
#2134=CARTESIAN_POINT('',(0.02625,0.0103,-0.00075));
#2135=CARTESIAN_POINT('',(0.0238394041363935,0.0103,-0.00075));
#2136=CARTESIAN_POINT('',(0.01865,0.0103,-0.0084));
#2137=CARTESIAN_POINT('',(0.0199360401370854,0.00925,-0.00935189325336683));
#2138=CARTESIAN_POINT('',(0.0172,0.0103,-0.01));
#2139=CARTESIAN_POINT('',(0.019,0.018502,-0.01));
#2140=CARTESIAN_POINT('',(-0.019,0.018502,-0.01));
#2141=CARTESIAN_POINT('',(-0.01865,0.0103,-0.0084));
#2142=CARTESIAN_POINT('',(-0.0199360401370854,0.00925,-0.00935189325336683));
#2143=CARTESIAN_POINT('',(-0.02025,0.0103,-0.0084));
#2144=CARTESIAN_POINT('',(-0.02025,0.0103,-0.004575));
#2145=CARTESIAN_POINT('',(-0.02025,0.0103,0.0084));
#2146=CARTESIAN_POINT('',(-0.02025,0.0103,0.00075));
#2147=CARTESIAN_POINT('',(-0.02025,0.0103,-0.00075));
#2148=CARTESIAN_POINT('',(-0.02325,0.0103,-0.00075));
#2149=CARTESIAN_POINT('',(-0.02625,0.0103,-0.00075));
#2150=CARTESIAN_POINT('',(-0.02625,0.0103,0.));
#2151=CARTESIAN_POINT('',(-0.02625,0.0103,0.00075));
#2152=CARTESIAN_POINT('',(-0.02325,0.0103,0.00075));
#2153=CARTESIAN_POINT('',(-0.01865,0.0103,0.0084));
#2154=CARTESIAN_POINT('',(-0.0199360401370854,0.00925,0.00935189325336683));
#2155=CARTESIAN_POINT('',(-0.0172,0.0103,0.01));
#2156=CARTESIAN_POINT('',(-0.019,0.018502,0.01));
#2157=CARTESIAN_POINT('',(0.019,0.018502,0.01));
#2158=CARTESIAN_POINT('',(9.85257451248736E-6,0.0357,0.0150368650151986));
#2159=CARTESIAN_POINT('',(-0.0302302948509751,0.0203,0.0168845510545025));
#2160=CARTESIAN_POINT('',(0.0208598669730784,0.0203,0.0137629201503978));
#2161=CARTESIAN_POINT('',(-0.0217503138096818,0.03977,0.0163664205585396));
#2162=CARTESIAN_POINT('',(9.85257451248736E-6,0.0357,-0.0150368650151986));
#2163=CARTESIAN_POINT('',(0.0208598669730784,0.0357,-0.0137629201503978));
#2164=CARTESIAN_POINT('',(-0.0302302948509751,0.0203,-0.0168845510545025));
#2165=CARTESIAN_POINT('',(-0.0217503138096818,0.03977,-0.0163664205585396));
#2166=CARTESIAN_POINT('',(0.02025,0.0203,0.00378153436108236));
#2167=CARTESIAN_POINT('',(0.02025,0.0357,-0.00378153436108236));
#2168=CARTESIAN_POINT('',(-0.0217503138096818,0.03977,0.));
#2169=CARTESIAN_POINT('',(-0.0217503138096818,0.04477,-0.025));
#2170=CARTESIAN_POINT('',(-0.0217503138096818,0.04477,0.025));
#2171=CARTESIAN_POINT('',(-0.035488444850975,0.039772,-0.0168845510545025));
#2172=CARTESIAN_POINT('',(-0.0340465948509751,0.0128770099999981,-0.0168845510545025));
#2173=CARTESIAN_POINT('',(-0.0340465948509751,0.0228770099999981,-0.0168845510545025));
#2174=CARTESIAN_POINT('',(-0.035488444850975,0.0228770099999981,-0.0168845510545025));
#2175=CARTESIAN_POINT('',(-0.0407465948509751,0.0228770099999981,-0.0168845510545025));
#2176=CARTESIAN_POINT('',(-0.0407465948509751,0.039772,-0.0168845510545025));
#2177=CARTESIAN_POINT('',(-0.035488444850975,0.039772,0.0168845510545025));
#2178=CARTESIAN_POINT('',(-0.0340465948509751,0.0128770099999981,0.0168845510545025));
#2179=CARTESIAN_POINT('',(-0.0340465948509751,0.0228770099999981,0.0168845510545025));
#2180=CARTESIAN_POINT('',(-0.0407465948509751,0.039772,0.0168845510545025));
#2181=CARTESIAN_POINT('',(-0.0407465948509751,0.0228770099999981,0.0168845510545025));
#2182=CARTESIAN_POINT('',(-0.035488444850975,0.0228770099999981,0.0168845510545025));
#2183=CARTESIAN_POINT('',(-0.0407465948509751,0.039772,-3.46944695195361E-18));
#2184=CARTESIAN_POINT('',(-0.0407465948509751,0.0228770099999981,-0.0216070860122294));
#2185=CARTESIAN_POINT('',(-0.0407465948509751,0.0228770099999981,-0.0263296209699561));
#2186=CARTESIAN_POINT('',(-0.0407465948509751,0.0128770099999981,-0.0263296209699561));
#2187=CARTESIAN_POINT('',(-0.0407465948509751,0.0128770099999981,-0.0263296209699561));
#2188=CARTESIAN_POINT('',(-0.0407465948509751,0.0128770099999981,-0.0216070860122294));
#2189=CARTESIAN_POINT('',(-0.0407465948509751,0.01287701,-0.0216689810545025));
#2190=CARTESIAN_POINT('',(-0.0407465948509751,0.01287701,-3.46944695195361E-18));
#2191=CARTESIAN_POINT('',(-0.0407465948509751,0.0128770099999981,0.0216689810545025));
#2192=CARTESIAN_POINT('',(-0.0407465948509751,0.0128770099999981,0.0216070860122294));
#2193=CARTESIAN_POINT('',(-0.0407465948509751,0.0128770099999981,0.0263296209699561));
#2194=CARTESIAN_POINT('',(-0.0407465948509751,0.0128770099999981,0.0263296209699561));
#2195=CARTESIAN_POINT('',(-0.0407465948509751,0.0228770099999981,0.0263296209699561));
#2196=CARTESIAN_POINT('',(-0.0407465948509751,0.0228770099999981,0.0216070860122294));
#2197=CARTESIAN_POINT('',(-0.0244251569048409,0.04477,-0.025));
#2198=CARTESIAN_POINT('',(-0.045838444850975,0.04477,-0.025));
#2199=CARTESIAN_POINT('',(-0.045838444850975,0.04477,0.));
#2200=CARTESIAN_POINT('',(-0.045838444850975,0.04477,0.025));
#2201=CARTESIAN_POINT('',(-0.044384369850975,0.04477,0.025));
#2202=CARTESIAN_POINT('',(-0.0398164120906518,0.06517,0.021));
#2203=CARTESIAN_POINT('',(-0.0277723465700052,0.06517,-0.021));
#2204=CARTESIAN_POINT('',(-0.0398164120906518,0.06517,-0.021));
#2205=CARTESIAN_POINT('',(-0.0277723465700052,0.06517,0.021));
#2206=CARTESIAN_POINT('',(-0.0381695848509751,0.0103,6.0856330110215E-6));
#2207=CARTESIAN_POINT('',(-0.028913829042478,0.00104424419150288,-0.00983621524600734));
#2208=CARTESIAN_POINT('',(-0.0381695848509751,0.0103,-0.0190919710545044));
#2209=CARTESIAN_POINT('',(-0.0271958223758114,-0.000673762475163819,-0.00811820857934084));
#2210=CARTESIAN_POINT('',(-0.0318076230438099,0.00393803819283395,0.0127300092473393));
#2211=CARTESIAN_POINT('',(-0.0381695848509751,0.0103,0.0190919710545044));
#2212=CARTESIAN_POINT('',(-0.0358042581843071,0.00793467333333205,0.0167266443878365));
#2213=CARTESIAN_POINT('',(-0.0340465948509751,0.0128770099999981,0.0192767685003462));
#2214=CARTESIAN_POINT('',(-0.0340465948509751,0.0116809037229199,0.0204728747774243));
#2215=CARTESIAN_POINT('',(-0.0340465948509751,0.0128770099999981,0.0216689859461899));
#2216=CARTESIAN_POINT('',(-0.0340465948509751,0.0103,0.0190919710545044));
#2217=CARTESIAN_POINT('',(-0.0340465948509751,0.0102999999999981,0.0190919710545044));
#2218=CARTESIAN_POINT('',(-0.0340465948509751,0.0228770099999981,0.0192767685003462));
#2219=CARTESIAN_POINT('',(-0.0340465948509751,0.0228770099999981,0.0216689859461899));
#2220=CARTESIAN_POINT('',(-0.0340465948509751,0.0128770099999981,0.0216689859461899));
#2221=CARTESIAN_POINT('',(-0.0207294738888955,0.0128770099999981,0.0266093393392784));
#2222=CARTESIAN_POINT('',(-0.0207294738888955,0.0228770099999981,0.0266093393392784));
#2223=CARTESIAN_POINT('',(-0.00741235292681593,0.0228770099999981,0.0315496927323668));
#2224=CARTESIAN_POINT('',(-0.00741235292681593,0.0128770099999981,0.0315496927323668));
#2225=CARTESIAN_POINT('',(-0.00741235292681593,0.0128770099999981,0.0315496927323668));
#2226=CARTESIAN_POINT('',(-0.0207294738888955,0.0128770099999981,0.0266093393392784));
#2227=CARTESIAN_POINT('',(-0.00741235292681593,0.0128770099999981,0.0432748463661834));
#2228=CARTESIAN_POINT('',(-0.00741235292681593,0.0228770099999981,0.0432748463661834));
#2229=CARTESIAN_POINT('',(-0.00741235292681593,0.0228770099999981,0.055));
#2230=CARTESIAN_POINT('',(-0.00741235292681593,0.0128770099999981,0.055));
#2231=CARTESIAN_POINT('',(-0.00741235292681593,0.0128770099999981,0.055));
#2232=CARTESIAN_POINT('',(-0.00741235292681593,0.0128770099999981,0.0432748463661834));
#2233=CARTESIAN_POINT('',(-0.0107500038888955,0.0128770099999981,0.055));
#2234=CARTESIAN_POINT('',(-0.0107500038888955,0.0228770099999981,0.055));
#2235=CARTESIAN_POINT('',(-0.014087654850975,0.0228770099999981,0.055));
#2236=CARTESIAN_POINT('',(-0.014087654850975,0.0128770099999981,0.055));
#2237=CARTESIAN_POINT('',(-0.014087654850975,0.0128770099999981,0.055));
#2238=CARTESIAN_POINT('',(-0.0107500038888955,0.0128770099999981,0.055));
#2239=CARTESIAN_POINT('',(-0.014087654850975,0.0128770099999981,0.0456097450943493));
#2240=CARTESIAN_POINT('',(-0.014087654850975,0.0228770099999981,0.0456097450943493));
#2241=CARTESIAN_POINT('',(-0.0140876548509751,0.0228770099999981,0.0362194901886987));
#2242=CARTESIAN_POINT('',(-0.0140876548509751,0.0128770099999981,0.0362194901886987));
#2243=CARTESIAN_POINT('',(-0.0140876548509751,0.0128770099999981,0.0362194901886987));
#2244=CARTESIAN_POINT('',(-0.014087654850975,0.0128770099999981,0.0456097450943493));
#2245=CARTESIAN_POINT('',(-0.0274171248509751,0.0128770099999981,0.0312745555793274));
#2246=CARTESIAN_POINT('',(-0.0274171248509751,0.0228770099999981,0.0312745555793274));
#2247=CARTESIAN_POINT('',(-0.0274171248509751,0.0128770099999981,0.0312745555793274));
#2248=CARTESIAN_POINT('',(-0.0107500038888955,0.0128770099999981,0.055));
#2249=CARTESIAN_POINT('',(-0.0107500038888955,0.0128770099999981,0.055));
#2250=CARTESIAN_POINT('',(-0.0107500038888955,0.0128770099999981,0.05325));
#2251=CARTESIAN_POINT('',(-0.0107500038888955,0.0228770099999981,0.055));
#2252=CARTESIAN_POINT('',(-0.0107500038888955,0.0228770099999981,0.05325));
#2253=CARTESIAN_POINT('',(-0.00524829742548752,0.0128770099999981,0.));
#2254=CARTESIAN_POINT('',(-0.0340465948509751,0.0128770099999981,0.0216689810545025));
#2255=CARTESIAN_POINT('',(-0.00524829742548752,0.0228770099999981,0.));
#2256=CARTESIAN_POINT('',(-0.0340465948509751,0.0128770099999981,-0.0192767685003462));
#2257=CARTESIAN_POINT('',(-0.0340465948509751,0.0116809037229188,-0.0204728747774253));
#2258=CARTESIAN_POINT('',(-0.0340465948509751,0.0103,-0.0190919710545044));
#2259=CARTESIAN_POINT('',(-0.0340465948509751,0.0128770099999981,-0.0216689810545025));
#2260=CARTESIAN_POINT('',(-0.0340465948509751,0.0128770099999981,-0.0216689859461899));
#2261=CARTESIAN_POINT('',(-0.0340465948509751,0.0128770099999981,-0.0216689859461899));
#2262=CARTESIAN_POINT('',(-0.0340465948509751,0.0228770099999981,-0.0216689859461899));
#2263=CARTESIAN_POINT('',(-0.0340465948509751,0.0228770099999981,-0.0192767685003462));
#2264=CARTESIAN_POINT('',(-0.0274171248509751,0.0128770099999981,-0.0312745555793274));
#2265=CARTESIAN_POINT('',(-0.0274171248509751,0.0228770099999981,-0.0312745555793274));
#2266=CARTESIAN_POINT('',(-0.0140876548509751,0.0228770099999981,-0.0362194901886987));
#2267=CARTESIAN_POINT('',(-0.0140876548509751,0.0128770099999981,-0.0362194901886987));
#2268=CARTESIAN_POINT('',(-0.0140876548509751,0.0128770099999981,-0.0362194901886987));
#2269=CARTESIAN_POINT('',(-0.0274171248509751,0.0128770099999981,-0.0312745555793274));
#2270=CARTESIAN_POINT('',(-0.014087654850975,0.0128770099999981,-0.0456097450943493));
#2271=CARTESIAN_POINT('',(-0.014087654850975,0.0228770099999981,-0.0456097450943493));
#2272=CARTESIAN_POINT('',(-0.014087654850975,0.0228770099999981,-0.055));
#2273=CARTESIAN_POINT('',(-0.014087654850975,0.0128770099999981,-0.055));
#2274=CARTESIAN_POINT('',(-0.014087654850975,0.0128770099999981,-0.055));
#2275=CARTESIAN_POINT('',(-0.014087654850975,0.0128770099999981,-0.0456097450943493));
#2276=CARTESIAN_POINT('',(-0.0107500038888955,0.0128770099999981,-0.055));
#2277=CARTESIAN_POINT('',(-0.0107500038888955,0.0228770099999981,-0.055));
#2278=CARTESIAN_POINT('',(-0.00741235292681593,0.0228770099999981,-0.055));
#2279=CARTESIAN_POINT('',(-0.00741235292681593,0.0128770099999981,-0.055));
#2280=CARTESIAN_POINT('',(-0.00741235292681593,0.0128770099999981,-0.055));
#2281=CARTESIAN_POINT('',(-0.0107500038888955,0.0128770099999981,-0.055));
#2282=CARTESIAN_POINT('',(-0.00741235292681593,0.0128770099999981,-0.0432748463661834));
#2283=CARTESIAN_POINT('',(-0.00741235292681593,0.0228770099999981,-0.0432748463661834));
#2284=CARTESIAN_POINT('',(-0.00741235292681593,0.0228770099999981,-0.0315496927323668));
#2285=CARTESIAN_POINT('',(-0.00741235292681593,0.0128770099999981,-0.0315496927323668));
#2286=CARTESIAN_POINT('',(-0.00741235292681593,0.0128770099999981,-0.0315496927323668));
#2287=CARTESIAN_POINT('',(-0.00741235292681593,0.0128770099999981,-0.0432748463661834));
#2288=CARTESIAN_POINT('',(-0.0207294738888955,0.0128770099999981,-0.0266093393392784));
#2289=CARTESIAN_POINT('',(-0.0207294738888955,0.0228770099999981,-0.0266093393392784));
#2290=CARTESIAN_POINT('',(-0.0207294738888955,0.0128770099999981,-0.0266093393392784));
#2291=CARTESIAN_POINT('',(-0.0107500038888955,0.0128770099999981,-0.055));
#2292=CARTESIAN_POINT('',(-0.0107500038888955,0.0128770099999981,-0.055));
#2293=CARTESIAN_POINT('',(-0.0107500038888955,0.0128770099999981,-0.05675));
#2294=CARTESIAN_POINT('',(-0.0107500038888955,0.0228770099999981,-0.055));
#2295=CARTESIAN_POINT('',(-0.0107500038888955,0.0228770099999981,-0.05675));
#2296=CARTESIAN_POINT('',(-0.00524829742548752,0.0128770099999981,0.));
#2297=CARTESIAN_POINT('',(-0.00524829742548752,0.0128770099999981,-0.0216689810545025));
#2298=CARTESIAN_POINT('',(-0.00524829742548752,0.0228770099999981,0.));
#2299=CARTESIAN_POINT('',(-0.00524829742548752,0.0128770099999981,-0.0216689810545025));
#2300=CARTESIAN_POINT('',(-0.035488444850975,0.00809257999999808,0.0168845510545025));
#2301=CARTESIAN_POINT('',(-0.019,0.018502,0.009));
#2302=CARTESIAN_POINT('',(-0.019,0.018502,-0.009));
#2303=CARTESIAN_POINT('',(0.019,0.018502,-0.009));
#2304=CARTESIAN_POINT('',(0.019,0.018502,0.009));
#2305=CARTESIAN_POINT('',(-0.00380979242548751,0.0109999999999981,-4.26630897786605E-18));
#2306=CARTESIAN_POINT('',(-0.0250000000000009,0.0109999999999982,-0.00500000000000016));
#2307=CARTESIAN_POINT('',(-0.0226000000000009,0.0109999999999982,-0.00500000000000016));
#2308=CARTESIAN_POINT('',(-0.0250000000000009,0.0109999999999982,-0.00500000000000016));
#2309=CARTESIAN_POINT('',(-0.0229500000000009,0.0109999999999982,-0.00500000000000016));
#2310=CARTESIAN_POINT('',(-0.0250000000000009,0.0109999999999982,-0.00500000000000016));
#2311=CARTESIAN_POINT('',(-0.0250000000000009,0.0109999999999982,0.00500000000000015));
#2312=CARTESIAN_POINT('',(-0.0250000000000009,0.0109999999999982,0.00500000000000015));
#2313=CARTESIAN_POINT('',(-0.0226000000000009,0.0109999999999982,0.00500000000000015));
#2314=CARTESIAN_POINT('',(-0.00380979242548751,0.0109999999999981,-4.26630897786605E-18));
#2315=CARTESIAN_POINT('',(-0.0250000000000009,0.0109999999999982,0.00500000000000015));
#2316=CARTESIAN_POINT('',(-0.0229500000000009,0.0109999999999982,0.00500000000000015));
#2317=CARTESIAN_POINT('',(-0.00380979242548751,0.0109999999999981,-4.26630897786605E-18));
#2318=CARTESIAN_POINT('',(0.0250000000000009,0.0109999999999981,0.00500000000000015));
#2319=CARTESIAN_POINT('',(0.0274000000000009,0.0109999999999981,0.00500000000000015));
#2320=CARTESIAN_POINT('',(0.0250000000000009,0.0109999999999981,0.00500000000000015));
#2321=CARTESIAN_POINT('',(0.0270500000000009,0.0109999999999981,0.00500000000000015));
#2322=CARTESIAN_POINT('',(0.0250000000000009,0.0109999999999981,0.00500000000000015));
#2323=CARTESIAN_POINT('',(0.0250000000000009,0.0109999999999981,-0.00500000000000016));
#2324=CARTESIAN_POINT('',(0.0250000000000009,0.0109999999999981,-0.00500000000000016));
#2325=CARTESIAN_POINT('',(0.0274000000000009,0.0109999999999981,-0.00500000000000016));
#2326=CARTESIAN_POINT('',(-0.00380979242548751,0.0109999999999981,-4.26630897786605E-18));
#2327=CARTESIAN_POINT('',(0.0250000000000009,0.0109999999999981,-0.00500000000000016));
#2328=CARTESIAN_POINT('',(0.0270500000000009,0.0109999999999981,-0.00500000000000016));
#2329=CARTESIAN_POINT('',(-0.00126685596978201,0.0143,0.000631675585427326));
#2330=CARTESIAN_POINT('',(-0.0250000000000009,0.0143,-0.00500000000000016));
#2331=CARTESIAN_POINT('',(-0.0250000000000009,0.0143,-0.00705000000000016));
#2332=CARTESIAN_POINT('',(-0.0250000000000009,0.0143,-0.00500000000000016));
#2333=CARTESIAN_POINT('',(-0.00126685596978201,0.0143,0.000631675585427326));
#2334=CARTESIAN_POINT('',(-0.0250000000000009,0.0143,0.00500000000000015));
#2335=CARTESIAN_POINT('',(-0.0250000000000009,0.0143,0.00295000000000015));
#2336=CARTESIAN_POINT('',(-0.0250000000000009,0.0143,0.00500000000000015));
#2337=CARTESIAN_POINT('',(-0.00126685596978201,0.0143,0.000631675585427326));
#2338=CARTESIAN_POINT('',(0.0250000000000009,0.0143,0.00500000000000015));
#2339=CARTESIAN_POINT('',(0.0250000000000009,0.0143,0.00295000000000015));
#2340=CARTESIAN_POINT('',(0.0250000000000009,0.0143,0.00500000000000015));
#2341=CARTESIAN_POINT('',(-0.00126685596978201,0.0143,0.000631675585427326));
#2342=CARTESIAN_POINT('',(0.0250000000000009,0.0143,-0.00500000000000016));
#2343=CARTESIAN_POINT('',(0.0250000000000009,0.0143,-0.00705000000000016));
#2344=CARTESIAN_POINT('',(0.0250000000000009,0.0143,-0.00500000000000016));
#2345=MECHANICAL_DESIGN_GEOMETRIC_PRESENTATION_REPRESENTATION('',(#1410),
#2346);
#2346=(
GEOMETRIC_REPRESENTATION_CONTEXT(3)
GLOBAL_UNCERTAINTY_ASSIGNED_CONTEXT((#2347))
GLOBAL_UNIT_ASSIGNED_CONTEXT((#2350,#2349,#2348))
REPRESENTATION_CONTEXT('Part 5','TOP_LEVEL_ASSEMBLY_PART')
);
#2347=UNCERTAINTY_MEASURE_WITH_UNIT(LENGTH_MEASURE(1.E-8),#2350,
'DISTANCE_ACCURACY_VALUE','Maximum Tolerance applied to model');
#2348=(
NAMED_UNIT(*)
SI_UNIT($,.STERADIAN.)
SOLID_ANGLE_UNIT()
);
#2349=(
NAMED_UNIT(*)
PLANE_ANGLE_UNIT()
SI_UNIT($,.RADIAN.)
);
#2350=(
LENGTH_UNIT()
NAMED_UNIT(*)
SI_UNIT($,.METRE.)
);
#2351=PRODUCT_DEFINITION_SHAPE('','',#2352);
#2352=PRODUCT_DEFINITION('','',#2354,#2353);
#2353=PRODUCT_DEFINITION_CONTEXT('',#2360,'design');
#2354=PRODUCT_DEFINITION_FORMATION_WITH_SPECIFIED_SOURCE('','',#2356,
 .NOT_KNOWN.);
#2355=PRODUCT_RELATED_PRODUCT_CATEGORY('','',(#2356));
#2356=PRODUCT('Part 5','Part 5','Part 5',(#2358));
#2357=PRODUCT_CATEGORY('','');
#2358=PRODUCT_CONTEXT('',#2360,'mechanical');
#2359=APPLICATION_PROTOCOL_DEFINITION('international standard',
'ap242_managed_model_based_3d_engineering',2020,#2360);
#2360=APPLICATION_CONTEXT('managed model based 3d engineering');
ENDSEC;
END-ISO-10303-21;
