ISO-10303-21;
HEADER;
/* Generated by software containing ST-Developer
 * from STEP Tools, Inc. (www.steptools.com) 
 */
/* OPTION: using custom renumber hook */

FILE_DESCRIPTION(
/* description */ ('STEP AP242 Edition 2',
'CAx-IF Rec.Pracs.---Representation and Presentation of Product Manufa
cturing Information (PMI)---4.0---2014-10-13',
'CAx-IF Rec.Pracs.---3D Tessellated Geometry---0.4---2014-09-14','2;1',
'CAx-IF Rec.Pracs.---User Defined Attributes---1.5---2016-08-15'),
/* implementation_level */ '2;1');

FILE_NAME(
/* name */ 'Part Studio 1 - Part 3',
/* time_stamp */ '2026-09-08T01:12:04Z',
/* author */ (''),
/* organization */ (''),
/* preprocessor_version */ 'ST-DEVELOPER v20',
/* originating_system */ 'ONSHAPE BY PTC INC, 1.220',
/* authorisation */ '  ');

FILE_SCHEMA (('AP242_MANAGED_MODEL_BASED_3D_ENGINEERING_MIM_LF { 1 0 10303 442 3 1 4 }'));
ENDSEC;

DATA;
#10=SHAPE_REPRESENTATION_RELATIONSHIP('','',#7717,#11);
#11=ADVANCED_BREP_SHAPE_REPRESENTATION('',(#7715),#12143);
#12=CYLINDRICAL_SURFACE('',#7758,0.01);
#13=CYLINDRICAL_SURFACE('',#7760,0.01);
#14=CYLINDRICAL_SURFACE('',#7762,0.01);
#15=CYLINDRICAL_SURFACE('',#7764,0.01);
#16=CYLINDRICAL_SURFACE('',#7765,0.00225);
#17=CYLINDRICAL_SURFACE('',#7766,0.00225);
#18=CYLINDRICAL_SURFACE('',#7767,0.00225);
#19=CYLINDRICAL_SURFACE('',#7768,0.00225);
#20=CYLINDRICAL_SURFACE('',#7769,0.00225);
#21=CYLINDRICAL_SURFACE('',#7770,0.00225);
#22=CYLINDRICAL_SURFACE('',#7771,0.0019);
#23=CYLINDRICAL_SURFACE('',#7775,0.0019);
#24=CYLINDRICAL_SURFACE('',#7779,0.0019);
#25=CYLINDRICAL_SURFACE('',#7783,0.0019);
#26=CYLINDRICAL_SURFACE('',#7789,0.00155);
#27=CYLINDRICAL_SURFACE('',#7792,0.00155);
#28=CYLINDRICAL_SURFACE('',#7795,0.00155);
#29=CYLINDRICAL_SURFACE('',#7798,0.00155);
#30=CYLINDRICAL_SURFACE('',#7799,0.005);
#31=CYLINDRICAL_SURFACE('',#7801,0.005);
#32=CYLINDRICAL_SURFACE('',#7803,0.005);
#33=CYLINDRICAL_SURFACE('',#7805,0.005);
#34=CYLINDRICAL_SURFACE('',#7807,0.0024);
#35=CYLINDRICAL_SURFACE('',#7811,0.0024);
#36=CYLINDRICAL_SURFACE('',#7815,0.0024);
#37=CYLINDRICAL_SURFACE('',#7819,0.0024);
#38=CYLINDRICAL_SURFACE('',#7825,0.00205);
#39=CYLINDRICAL_SURFACE('',#7828,0.00205);
#40=CYLINDRICAL_SURFACE('',#7831,0.00205);
#41=CYLINDRICAL_SURFACE('',#7834,0.00205);
#42=CIRCLE('',#7720,0.0024);
#43=CIRCLE('',#7721,0.0024);
#44=CIRCLE('',#7722,0.005);
#45=CIRCLE('',#7723,0.005);
#46=CIRCLE('',#7724,0.005);
#47=CIRCLE('',#7725,0.005);
#48=CIRCLE('',#7726,0.0019);
#49=CIRCLE('',#7727,0.0019);
#50=CIRCLE('',#7728,0.0019);
#51=CIRCLE('',#7729,0.0019);
#52=CIRCLE('',#7730,0.00225);
#53=CIRCLE('',#7731,0.00225);
#54=CIRCLE('',#7732,0.00225);
#55=CIRCLE('',#7733,0.01);
#56=CIRCLE('',#7734,0.01);
#57=CIRCLE('',#7735,0.01);
#58=CIRCLE('',#7736,0.01);
#59=CIRCLE('',#7737,0.00225);
#60=CIRCLE('',#7738,0.00225);
#61=CIRCLE('',#7739,0.00225);
#62=CIRCLE('',#7740,0.0024);
#63=CIRCLE('',#7741,0.0024);
#64=CIRCLE('',#7743,0.005);
#65=CIRCLE('',#7744,0.005);
#66=CIRCLE('',#7745,0.005);
#67=CIRCLE('',#7746,0.005);
#68=CIRCLE('',#7747,0.00225);
#69=CIRCLE('',#7748,0.00225);
#70=CIRCLE('',#7749,0.00225);
#71=CIRCLE('',#7750,0.01);
#72=CIRCLE('',#7751,0.01);
#73=CIRCLE('',#7752,0.01);
#74=CIRCLE('',#7753,0.01);
#75=CIRCLE('',#7754,0.00225);
#76=CIRCLE('',#7755,0.00225);
#77=CIRCLE('',#7756,0.00225);
#78=CIRCLE('',#7772,0.0019);
#79=CIRCLE('',#7774,0.00155);
#80=CIRCLE('',#7776,0.0019);
#81=CIRCLE('',#7778,0.00155);
#82=CIRCLE('',#7780,0.0019);
#83=CIRCLE('',#7782,0.00155);
#84=CIRCLE('',#7784,0.0019);
#85=CIRCLE('',#7786,0.00155);
#86=CIRCLE('',#7788,0.00155);
#87=CIRCLE('',#7791,0.00155);
#88=CIRCLE('',#7794,0.00155);
#89=CIRCLE('',#7797,0.00155);
#90=CIRCLE('',#7808,0.0024);
#91=CIRCLE('',#7810,0.00205);
#92=CIRCLE('',#7812,0.0024);
#93=CIRCLE('',#7814,0.00205);
#94=CIRCLE('',#7816,0.0024);
#95=CIRCLE('',#7818,0.00205);
#96=CIRCLE('',#7820,0.0024);
#97=CIRCLE('',#7822,0.00205);
#98=CIRCLE('',#7824,0.00205);
#99=CIRCLE('',#7827,0.00205);
#100=CIRCLE('',#7830,0.00205);
#101=CIRCLE('',#7833,0.00205);
#102=ORIENTED_EDGE('',*,*,#2194,.F.);
#103=ORIENTED_EDGE('',*,*,#2195,.F.);
#104=ORIENTED_EDGE('',*,*,#2196,.F.);
#105=ORIENTED_EDGE('',*,*,#2197,.F.);
#106=ORIENTED_EDGE('',*,*,#2198,.F.);
#107=ORIENTED_EDGE('',*,*,#2199,.F.);
#108=ORIENTED_EDGE('',*,*,#2200,.F.);
#109=ORIENTED_EDGE('',*,*,#2201,.F.);
#110=ORIENTED_EDGE('',*,*,#2202,.F.);
#111=ORIENTED_EDGE('',*,*,#2203,.F.);
#112=ORIENTED_EDGE('',*,*,#2204,.F.);
#113=ORIENTED_EDGE('',*,*,#2205,.F.);
#114=ORIENTED_EDGE('',*,*,#2206,.F.);
#115=ORIENTED_EDGE('',*,*,#2207,.F.);
#116=ORIENTED_EDGE('',*,*,#2208,.F.);
#117=ORIENTED_EDGE('',*,*,#2209,.F.);
#118=ORIENTED_EDGE('',*,*,#2210,.F.);
#119=ORIENTED_EDGE('',*,*,#2211,.F.);
#120=ORIENTED_EDGE('',*,*,#2212,.F.);
#121=ORIENTED_EDGE('',*,*,#2213,.F.);
#122=ORIENTED_EDGE('',*,*,#2214,.F.);
#123=ORIENTED_EDGE('',*,*,#2215,.F.);
#124=ORIENTED_EDGE('',*,*,#2216,.F.);
#125=ORIENTED_EDGE('',*,*,#2217,.F.);
#126=ORIENTED_EDGE('',*,*,#2218,.F.);
#127=ORIENTED_EDGE('',*,*,#2219,.F.);
#128=ORIENTED_EDGE('',*,*,#2220,.F.);
#129=ORIENTED_EDGE('',*,*,#2221,.F.);
#130=ORIENTED_EDGE('',*,*,#2222,.F.);
#131=ORIENTED_EDGE('',*,*,#2223,.F.);
#132=ORIENTED_EDGE('',*,*,#2224,.F.);
#133=ORIENTED_EDGE('',*,*,#2225,.F.);
#134=ORIENTED_EDGE('',*,*,#2226,.F.);
#135=ORIENTED_EDGE('',*,*,#2227,.F.);
#136=ORIENTED_EDGE('',*,*,#2228,.F.);
#137=ORIENTED_EDGE('',*,*,#2229,.F.);
#138=ORIENTED_EDGE('',*,*,#2230,.F.);
#139=ORIENTED_EDGE('',*,*,#2231,.F.);
#140=ORIENTED_EDGE('',*,*,#2232,.F.);
#141=ORIENTED_EDGE('',*,*,#2233,.F.);
#142=ORIENTED_EDGE('',*,*,#2234,.F.);
#143=ORIENTED_EDGE('',*,*,#2235,.F.);
#144=ORIENTED_EDGE('',*,*,#2236,.F.);
#145=ORIENTED_EDGE('',*,*,#2237,.F.);
#146=ORIENTED_EDGE('',*,*,#2238,.F.);
#147=ORIENTED_EDGE('',*,*,#2239,.F.);
#148=ORIENTED_EDGE('',*,*,#2240,.F.);
#149=ORIENTED_EDGE('',*,*,#2241,.F.);
#150=ORIENTED_EDGE('',*,*,#2242,.F.);
#151=ORIENTED_EDGE('',*,*,#2243,.F.);
#152=ORIENTED_EDGE('',*,*,#2244,.F.);
#153=ORIENTED_EDGE('',*,*,#2245,.F.);
#154=ORIENTED_EDGE('',*,*,#2246,.F.);
#155=ORIENTED_EDGE('',*,*,#2247,.F.);
#156=ORIENTED_EDGE('',*,*,#2248,.F.);
#157=ORIENTED_EDGE('',*,*,#2249,.F.);
#158=ORIENTED_EDGE('',*,*,#2250,.F.);
#159=ORIENTED_EDGE('',*,*,#2251,.F.);
#160=ORIENTED_EDGE('',*,*,#2252,.F.);
#161=ORIENTED_EDGE('',*,*,#2253,.F.);
#162=ORIENTED_EDGE('',*,*,#2254,.F.);
#163=ORIENTED_EDGE('',*,*,#2255,.F.);
#164=ORIENTED_EDGE('',*,*,#2256,.F.);
#165=ORIENTED_EDGE('',*,*,#2257,.F.);
#166=ORIENTED_EDGE('',*,*,#2258,.F.);
#167=ORIENTED_EDGE('',*,*,#2259,.F.);
#168=ORIENTED_EDGE('',*,*,#2260,.F.);
#169=ORIENTED_EDGE('',*,*,#2261,.F.);
#170=ORIENTED_EDGE('',*,*,#2262,.F.);
#171=ORIENTED_EDGE('',*,*,#2263,.F.);
#172=ORIENTED_EDGE('',*,*,#2264,.F.);
#173=ORIENTED_EDGE('',*,*,#2265,.F.);
#174=ORIENTED_EDGE('',*,*,#2266,.F.);
#175=ORIENTED_EDGE('',*,*,#2267,.F.);
#176=ORIENTED_EDGE('',*,*,#2268,.F.);
#177=ORIENTED_EDGE('',*,*,#2269,.F.);
#178=ORIENTED_EDGE('',*,*,#2270,.F.);
#179=ORIENTED_EDGE('',*,*,#2271,.F.);
#180=ORIENTED_EDGE('',*,*,#2272,.F.);
#181=ORIENTED_EDGE('',*,*,#2273,.F.);
#182=ORIENTED_EDGE('',*,*,#2274,.F.);
#183=ORIENTED_EDGE('',*,*,#2275,.F.);
#184=ORIENTED_EDGE('',*,*,#2276,.F.);
#185=ORIENTED_EDGE('',*,*,#2277,.F.);
#186=ORIENTED_EDGE('',*,*,#2278,.F.);
#187=ORIENTED_EDGE('',*,*,#2279,.F.);
#188=ORIENTED_EDGE('',*,*,#2280,.F.);
#189=ORIENTED_EDGE('',*,*,#2281,.F.);
#190=ORIENTED_EDGE('',*,*,#2282,.F.);
#191=ORIENTED_EDGE('',*,*,#2283,.F.);
#192=ORIENTED_EDGE('',*,*,#2284,.F.);
#193=ORIENTED_EDGE('',*,*,#2285,.F.);
#194=ORIENTED_EDGE('',*,*,#2286,.F.);
#195=ORIENTED_EDGE('',*,*,#2287,.F.);
#196=ORIENTED_EDGE('',*,*,#2288,.F.);
#197=ORIENTED_EDGE('',*,*,#2289,.F.);
#198=ORIENTED_EDGE('',*,*,#2290,.F.);
#199=ORIENTED_EDGE('',*,*,#2291,.F.);
#200=ORIENTED_EDGE('',*,*,#2292,.F.);
#201=ORIENTED_EDGE('',*,*,#2293,.F.);
#202=ORIENTED_EDGE('',*,*,#2294,.F.);
#203=ORIENTED_EDGE('',*,*,#2295,.F.);
#204=ORIENTED_EDGE('',*,*,#2296,.F.);
#205=ORIENTED_EDGE('',*,*,#2297,.F.);
#206=ORIENTED_EDGE('',*,*,#2298,.F.);
#207=ORIENTED_EDGE('',*,*,#2299,.F.);
#208=ORIENTED_EDGE('',*,*,#2300,.F.);
#209=ORIENTED_EDGE('',*,*,#2301,.F.);
#210=ORIENTED_EDGE('',*,*,#2302,.F.);
#211=ORIENTED_EDGE('',*,*,#2303,.F.);
#212=ORIENTED_EDGE('',*,*,#2304,.F.);
#213=ORIENTED_EDGE('',*,*,#2305,.F.);
#214=ORIENTED_EDGE('',*,*,#2306,.F.);
#215=ORIENTED_EDGE('',*,*,#2307,.F.);
#216=ORIENTED_EDGE('',*,*,#2308,.F.);
#217=ORIENTED_EDGE('',*,*,#2309,.F.);
#218=ORIENTED_EDGE('',*,*,#2310,.F.);
#219=ORIENTED_EDGE('',*,*,#2311,.F.);
#220=ORIENTED_EDGE('',*,*,#2312,.F.);
#221=ORIENTED_EDGE('',*,*,#2313,.F.);
#222=ORIENTED_EDGE('',*,*,#2314,.F.);
#223=ORIENTED_EDGE('',*,*,#2315,.F.);
#224=ORIENTED_EDGE('',*,*,#2316,.F.);
#225=ORIENTED_EDGE('',*,*,#2317,.F.);
#226=ORIENTED_EDGE('',*,*,#2318,.F.);
#227=ORIENTED_EDGE('',*,*,#2319,.F.);
#228=ORIENTED_EDGE('',*,*,#2320,.F.);
#229=ORIENTED_EDGE('',*,*,#2321,.F.);
#230=ORIENTED_EDGE('',*,*,#2322,.F.);
#231=ORIENTED_EDGE('',*,*,#2323,.F.);
#232=ORIENTED_EDGE('',*,*,#2324,.F.);
#233=ORIENTED_EDGE('',*,*,#2325,.F.);
#234=ORIENTED_EDGE('',*,*,#2326,.F.);
#235=ORIENTED_EDGE('',*,*,#2327,.F.);
#236=ORIENTED_EDGE('',*,*,#2328,.F.);
#237=ORIENTED_EDGE('',*,*,#2329,.F.);
#238=ORIENTED_EDGE('',*,*,#2330,.F.);
#239=ORIENTED_EDGE('',*,*,#2331,.F.);
#240=ORIENTED_EDGE('',*,*,#2332,.F.);
#241=ORIENTED_EDGE('',*,*,#2333,.F.);
#242=ORIENTED_EDGE('',*,*,#2334,.F.);
#243=ORIENTED_EDGE('',*,*,#2335,.F.);
#244=ORIENTED_EDGE('',*,*,#2336,.F.);
#245=ORIENTED_EDGE('',*,*,#2337,.F.);
#246=ORIENTED_EDGE('',*,*,#2338,.F.);
#247=ORIENTED_EDGE('',*,*,#2339,.F.);
#248=ORIENTED_EDGE('',*,*,#2340,.F.);
#249=ORIENTED_EDGE('',*,*,#2341,.F.);
#250=ORIENTED_EDGE('',*,*,#2342,.F.);
#251=ORIENTED_EDGE('',*,*,#2343,.F.);
#252=ORIENTED_EDGE('',*,*,#2344,.F.);
#253=ORIENTED_EDGE('',*,*,#2345,.F.);
#254=ORIENTED_EDGE('',*,*,#2346,.F.);
#255=ORIENTED_EDGE('',*,*,#2347,.F.);
#256=ORIENTED_EDGE('',*,*,#2348,.F.);
#257=ORIENTED_EDGE('',*,*,#2349,.F.);
#258=ORIENTED_EDGE('',*,*,#2350,.F.);
#259=ORIENTED_EDGE('',*,*,#2351,.F.);
#260=ORIENTED_EDGE('',*,*,#2352,.F.);
#261=ORIENTED_EDGE('',*,*,#2353,.F.);
#262=ORIENTED_EDGE('',*,*,#2354,.F.);
#263=ORIENTED_EDGE('',*,*,#2355,.F.);
#264=ORIENTED_EDGE('',*,*,#2356,.F.);
#265=ORIENTED_EDGE('',*,*,#2357,.F.);
#266=ORIENTED_EDGE('',*,*,#2358,.F.);
#267=ORIENTED_EDGE('',*,*,#2359,.F.);
#268=ORIENTED_EDGE('',*,*,#2360,.F.);
#269=ORIENTED_EDGE('',*,*,#2361,.F.);
#270=ORIENTED_EDGE('',*,*,#2362,.F.);
#271=ORIENTED_EDGE('',*,*,#2363,.F.);
#272=ORIENTED_EDGE('',*,*,#2364,.F.);
#273=ORIENTED_EDGE('',*,*,#2365,.F.);
#274=ORIENTED_EDGE('',*,*,#2366,.F.);
#275=ORIENTED_EDGE('',*,*,#2367,.F.);
#276=ORIENTED_EDGE('',*,*,#2368,.F.);
#277=ORIENTED_EDGE('',*,*,#2369,.F.);
#278=ORIENTED_EDGE('',*,*,#2370,.F.);
#279=ORIENTED_EDGE('',*,*,#2371,.F.);
#280=ORIENTED_EDGE('',*,*,#2372,.F.);
#281=ORIENTED_EDGE('',*,*,#2373,.F.);
#282=ORIENTED_EDGE('',*,*,#2374,.F.);
#283=ORIENTED_EDGE('',*,*,#2375,.F.);
#284=ORIENTED_EDGE('',*,*,#2376,.F.);
#285=ORIENTED_EDGE('',*,*,#2377,.F.);
#286=ORIENTED_EDGE('',*,*,#2378,.F.);
#287=ORIENTED_EDGE('',*,*,#2379,.F.);
#288=ORIENTED_EDGE('',*,*,#2380,.F.);
#289=ORIENTED_EDGE('',*,*,#2381,.F.);
#290=ORIENTED_EDGE('',*,*,#2382,.F.);
#291=ORIENTED_EDGE('',*,*,#2383,.F.);
#292=ORIENTED_EDGE('',*,*,#2384,.F.);
#293=ORIENTED_EDGE('',*,*,#2385,.F.);
#294=ORIENTED_EDGE('',*,*,#2386,.F.);
#295=ORIENTED_EDGE('',*,*,#2387,.F.);
#296=ORIENTED_EDGE('',*,*,#2388,.F.);
#297=ORIENTED_EDGE('',*,*,#2389,.F.);
#298=ORIENTED_EDGE('',*,*,#2390,.F.);
#299=ORIENTED_EDGE('',*,*,#2391,.F.);
#300=ORIENTED_EDGE('',*,*,#2392,.F.);
#301=ORIENTED_EDGE('',*,*,#2393,.F.);
#302=ORIENTED_EDGE('',*,*,#2394,.F.);
#303=ORIENTED_EDGE('',*,*,#2395,.F.);
#304=ORIENTED_EDGE('',*,*,#2396,.F.);
#305=ORIENTED_EDGE('',*,*,#2397,.F.);
#306=ORIENTED_EDGE('',*,*,#2398,.F.);
#307=ORIENTED_EDGE('',*,*,#2399,.F.);
#308=ORIENTED_EDGE('',*,*,#2400,.F.);
#309=ORIENTED_EDGE('',*,*,#2401,.F.);
#310=ORIENTED_EDGE('',*,*,#2402,.F.);
#311=ORIENTED_EDGE('',*,*,#2403,.F.);
#312=ORIENTED_EDGE('',*,*,#2404,.F.);
#313=ORIENTED_EDGE('',*,*,#2405,.F.);
#314=ORIENTED_EDGE('',*,*,#2406,.F.);
#315=ORIENTED_EDGE('',*,*,#2407,.F.);
#316=ORIENTED_EDGE('',*,*,#2408,.F.);
#317=ORIENTED_EDGE('',*,*,#2409,.F.);
#318=ORIENTED_EDGE('',*,*,#2410,.F.);
#319=ORIENTED_EDGE('',*,*,#2411,.F.);
#320=ORIENTED_EDGE('',*,*,#2412,.F.);
#321=ORIENTED_EDGE('',*,*,#2413,.F.);
#322=ORIENTED_EDGE('',*,*,#2414,.F.);
#323=ORIENTED_EDGE('',*,*,#2415,.F.);
#324=ORIENTED_EDGE('',*,*,#2416,.F.);
#325=ORIENTED_EDGE('',*,*,#2417,.F.);
#326=ORIENTED_EDGE('',*,*,#2418,.F.);
#327=ORIENTED_EDGE('',*,*,#2419,.F.);
#328=ORIENTED_EDGE('',*,*,#2420,.F.);
#329=ORIENTED_EDGE('',*,*,#2421,.F.);
#330=ORIENTED_EDGE('',*,*,#2422,.F.);
#331=ORIENTED_EDGE('',*,*,#2423,.F.);
#332=ORIENTED_EDGE('',*,*,#2424,.F.);
#333=ORIENTED_EDGE('',*,*,#2425,.F.);
#334=ORIENTED_EDGE('',*,*,#2426,.F.);
#335=ORIENTED_EDGE('',*,*,#2427,.F.);
#336=ORIENTED_EDGE('',*,*,#2428,.F.);
#337=ORIENTED_EDGE('',*,*,#2429,.F.);
#338=ORIENTED_EDGE('',*,*,#2430,.F.);
#339=ORIENTED_EDGE('',*,*,#2431,.F.);
#340=ORIENTED_EDGE('',*,*,#2432,.F.);
#341=ORIENTED_EDGE('',*,*,#2433,.F.);
#342=ORIENTED_EDGE('',*,*,#2434,.F.);
#343=ORIENTED_EDGE('',*,*,#2435,.F.);
#344=ORIENTED_EDGE('',*,*,#2436,.F.);
#345=ORIENTED_EDGE('',*,*,#2437,.F.);
#346=ORIENTED_EDGE('',*,*,#2438,.F.);
#347=ORIENTED_EDGE('',*,*,#2439,.F.);
#348=ORIENTED_EDGE('',*,*,#2440,.F.);
#349=ORIENTED_EDGE('',*,*,#2441,.F.);
#350=ORIENTED_EDGE('',*,*,#2442,.F.);
#351=ORIENTED_EDGE('',*,*,#2443,.F.);
#352=ORIENTED_EDGE('',*,*,#2444,.F.);
#353=ORIENTED_EDGE('',*,*,#2445,.F.);
#354=ORIENTED_EDGE('',*,*,#2446,.F.);
#355=ORIENTED_EDGE('',*,*,#2447,.F.);
#356=ORIENTED_EDGE('',*,*,#2448,.F.);
#357=ORIENTED_EDGE('',*,*,#2449,.F.);
#358=ORIENTED_EDGE('',*,*,#2450,.F.);
#359=ORIENTED_EDGE('',*,*,#2451,.F.);
#360=ORIENTED_EDGE('',*,*,#2452,.F.);
#361=ORIENTED_EDGE('',*,*,#2453,.F.);
#362=ORIENTED_EDGE('',*,*,#2454,.F.);
#363=ORIENTED_EDGE('',*,*,#2455,.F.);
#364=ORIENTED_EDGE('',*,*,#2456,.F.);
#365=ORIENTED_EDGE('',*,*,#2457,.F.);
#366=ORIENTED_EDGE('',*,*,#2458,.F.);
#367=ORIENTED_EDGE('',*,*,#2459,.F.);
#368=ORIENTED_EDGE('',*,*,#2460,.F.);
#369=ORIENTED_EDGE('',*,*,#2461,.F.);
#370=ORIENTED_EDGE('',*,*,#2462,.F.);
#371=ORIENTED_EDGE('',*,*,#2463,.F.);
#372=ORIENTED_EDGE('',*,*,#2464,.F.);
#373=ORIENTED_EDGE('',*,*,#2465,.F.);
#374=ORIENTED_EDGE('',*,*,#2466,.F.);
#375=ORIENTED_EDGE('',*,*,#2467,.F.);
#376=ORIENTED_EDGE('',*,*,#2468,.F.);
#377=ORIENTED_EDGE('',*,*,#2469,.F.);
#378=ORIENTED_EDGE('',*,*,#2470,.F.);
#379=ORIENTED_EDGE('',*,*,#2471,.F.);
#380=ORIENTED_EDGE('',*,*,#2472,.F.);
#381=ORIENTED_EDGE('',*,*,#2473,.F.);
#382=ORIENTED_EDGE('',*,*,#2474,.F.);
#383=ORIENTED_EDGE('',*,*,#2475,.F.);
#384=ORIENTED_EDGE('',*,*,#2476,.F.);
#385=ORIENTED_EDGE('',*,*,#2477,.F.);
#386=ORIENTED_EDGE('',*,*,#2478,.F.);
#387=ORIENTED_EDGE('',*,*,#2479,.F.);
#388=ORIENTED_EDGE('',*,*,#2480,.F.);
#389=ORIENTED_EDGE('',*,*,#2481,.F.);
#390=ORIENTED_EDGE('',*,*,#2482,.F.);
#391=ORIENTED_EDGE('',*,*,#2483,.F.);
#392=ORIENTED_EDGE('',*,*,#2484,.F.);
#393=ORIENTED_EDGE('',*,*,#2485,.F.);
#394=ORIENTED_EDGE('',*,*,#2486,.F.);
#395=ORIENTED_EDGE('',*,*,#2487,.F.);
#396=ORIENTED_EDGE('',*,*,#2488,.F.);
#397=ORIENTED_EDGE('',*,*,#2489,.F.);
#398=ORIENTED_EDGE('',*,*,#2490,.F.);
#399=ORIENTED_EDGE('',*,*,#2491,.F.);
#400=ORIENTED_EDGE('',*,*,#2492,.F.);
#401=ORIENTED_EDGE('',*,*,#2493,.F.);
#402=ORIENTED_EDGE('',*,*,#2494,.F.);
#403=ORIENTED_EDGE('',*,*,#2495,.F.);
#404=ORIENTED_EDGE('',*,*,#2496,.F.);
#405=ORIENTED_EDGE('',*,*,#2497,.F.);
#406=ORIENTED_EDGE('',*,*,#2498,.F.);
#407=ORIENTED_EDGE('',*,*,#2499,.F.);
#408=ORIENTED_EDGE('',*,*,#2500,.F.);
#409=ORIENTED_EDGE('',*,*,#2501,.F.);
#410=ORIENTED_EDGE('',*,*,#2502,.F.);
#411=ORIENTED_EDGE('',*,*,#2503,.F.);
#412=ORIENTED_EDGE('',*,*,#2504,.F.);
#413=ORIENTED_EDGE('',*,*,#2505,.F.);
#414=ORIENTED_EDGE('',*,*,#2506,.F.);
#415=ORIENTED_EDGE('',*,*,#2507,.F.);
#416=ORIENTED_EDGE('',*,*,#2508,.F.);
#417=ORIENTED_EDGE('',*,*,#2509,.F.);
#418=ORIENTED_EDGE('',*,*,#2510,.F.);
#419=ORIENTED_EDGE('',*,*,#2511,.F.);
#420=ORIENTED_EDGE('',*,*,#2512,.F.);
#421=ORIENTED_EDGE('',*,*,#2513,.T.);
#422=ORIENTED_EDGE('',*,*,#2514,.F.);
#423=ORIENTED_EDGE('',*,*,#2515,.F.);
#424=ORIENTED_EDGE('',*,*,#2516,.T.);
#425=ORIENTED_EDGE('',*,*,#2517,.F.);
#426=ORIENTED_EDGE('',*,*,#2518,.T.);
#427=ORIENTED_EDGE('',*,*,#2519,.F.);
#428=ORIENTED_EDGE('',*,*,#2520,.F.);
#429=ORIENTED_EDGE('',*,*,#2521,.F.);
#430=ORIENTED_EDGE('',*,*,#2522,.F.);
#431=ORIENTED_EDGE('',*,*,#2523,.F.);
#432=ORIENTED_EDGE('',*,*,#2524,.F.);
#433=ORIENTED_EDGE('',*,*,#2525,.F.);
#434=ORIENTED_EDGE('',*,*,#2526,.F.);
#435=ORIENTED_EDGE('',*,*,#2527,.F.);
#436=ORIENTED_EDGE('',*,*,#2528,.T.);
#437=ORIENTED_EDGE('',*,*,#2529,.F.);
#438=ORIENTED_EDGE('',*,*,#2530,.T.);
#439=ORIENTED_EDGE('',*,*,#2531,.F.);
#440=ORIENTED_EDGE('',*,*,#2532,.T.);
#441=ORIENTED_EDGE('',*,*,#2533,.F.);
#442=ORIENTED_EDGE('',*,*,#2534,.T.);
#443=ORIENTED_EDGE('',*,*,#2535,.F.);
#444=ORIENTED_EDGE('',*,*,#2536,.T.);
#445=ORIENTED_EDGE('',*,*,#2537,.F.);
#446=ORIENTED_EDGE('',*,*,#2538,.T.);
#447=ORIENTED_EDGE('',*,*,#2539,.T.);
#448=ORIENTED_EDGE('',*,*,#2540,.T.);
#449=ORIENTED_EDGE('',*,*,#2541,.F.);
#450=ORIENTED_EDGE('',*,*,#2542,.F.);
#451=ORIENTED_EDGE('',*,*,#2543,.F.);
#452=ORIENTED_EDGE('',*,*,#2544,.F.);
#453=ORIENTED_EDGE('',*,*,#2545,.F.);
#454=ORIENTED_EDGE('',*,*,#2546,.F.);
#455=ORIENTED_EDGE('',*,*,#2547,.F.);
#456=ORIENTED_EDGE('',*,*,#2548,.F.);
#457=ORIENTED_EDGE('',*,*,#2549,.F.);
#458=ORIENTED_EDGE('',*,*,#2550,.F.);
#459=ORIENTED_EDGE('',*,*,#2551,.F.);
#460=ORIENTED_EDGE('',*,*,#2552,.F.);
#461=ORIENTED_EDGE('',*,*,#2553,.F.);
#462=ORIENTED_EDGE('',*,*,#2554,.F.);
#463=ORIENTED_EDGE('',*,*,#2555,.F.);
#464=ORIENTED_EDGE('',*,*,#2556,.F.);
#465=ORIENTED_EDGE('',*,*,#2557,.F.);
#466=ORIENTED_EDGE('',*,*,#2558,.F.);
#467=ORIENTED_EDGE('',*,*,#2559,.F.);
#468=ORIENTED_EDGE('',*,*,#2560,.F.);
#469=ORIENTED_EDGE('',*,*,#2561,.F.);
#470=ORIENTED_EDGE('',*,*,#2562,.F.);
#471=ORIENTED_EDGE('',*,*,#2563,.F.);
#472=ORIENTED_EDGE('',*,*,#2564,.F.);
#473=ORIENTED_EDGE('',*,*,#2565,.F.);
#474=ORIENTED_EDGE('',*,*,#2566,.F.);
#475=ORIENTED_EDGE('',*,*,#2567,.F.);
#476=ORIENTED_EDGE('',*,*,#2568,.F.);
#477=ORIENTED_EDGE('',*,*,#2569,.F.);
#478=ORIENTED_EDGE('',*,*,#2570,.F.);
#479=ORIENTED_EDGE('',*,*,#2571,.F.);
#480=ORIENTED_EDGE('',*,*,#2572,.F.);
#481=ORIENTED_EDGE('',*,*,#2573,.F.);
#482=ORIENTED_EDGE('',*,*,#2574,.F.);
#483=ORIENTED_EDGE('',*,*,#2575,.F.);
#484=ORIENTED_EDGE('',*,*,#2576,.F.);
#485=ORIENTED_EDGE('',*,*,#2577,.F.);
#486=ORIENTED_EDGE('',*,*,#2578,.F.);
#487=ORIENTED_EDGE('',*,*,#2579,.F.);
#488=ORIENTED_EDGE('',*,*,#2580,.F.);
#489=ORIENTED_EDGE('',*,*,#2581,.F.);
#490=ORIENTED_EDGE('',*,*,#2582,.F.);
#491=ORIENTED_EDGE('',*,*,#2583,.F.);
#492=ORIENTED_EDGE('',*,*,#2584,.F.);
#493=ORIENTED_EDGE('',*,*,#2585,.F.);
#494=ORIENTED_EDGE('',*,*,#2586,.F.);
#495=ORIENTED_EDGE('',*,*,#2587,.F.);
#496=ORIENTED_EDGE('',*,*,#2588,.F.);
#497=ORIENTED_EDGE('',*,*,#2589,.F.);
#498=ORIENTED_EDGE('',*,*,#2590,.F.);
#499=ORIENTED_EDGE('',*,*,#2591,.F.);
#500=ORIENTED_EDGE('',*,*,#2592,.F.);
#501=ORIENTED_EDGE('',*,*,#2593,.F.);
#502=ORIENTED_EDGE('',*,*,#2594,.F.);
#503=ORIENTED_EDGE('',*,*,#2595,.F.);
#504=ORIENTED_EDGE('',*,*,#2596,.F.);
#505=ORIENTED_EDGE('',*,*,#2597,.F.);
#506=ORIENTED_EDGE('',*,*,#2598,.F.);
#507=ORIENTED_EDGE('',*,*,#2599,.F.);
#508=ORIENTED_EDGE('',*,*,#2600,.F.);
#509=ORIENTED_EDGE('',*,*,#2601,.F.);
#510=ORIENTED_EDGE('',*,*,#2602,.F.);
#511=ORIENTED_EDGE('',*,*,#2603,.F.);
#512=ORIENTED_EDGE('',*,*,#2604,.F.);
#513=ORIENTED_EDGE('',*,*,#2605,.F.);
#514=ORIENTED_EDGE('',*,*,#2606,.F.);
#515=ORIENTED_EDGE('',*,*,#2607,.F.);
#516=ORIENTED_EDGE('',*,*,#2608,.F.);
#517=ORIENTED_EDGE('',*,*,#2609,.F.);
#518=ORIENTED_EDGE('',*,*,#2610,.F.);
#519=ORIENTED_EDGE('',*,*,#2611,.F.);
#520=ORIENTED_EDGE('',*,*,#2612,.F.);
#521=ORIENTED_EDGE('',*,*,#2613,.F.);
#522=ORIENTED_EDGE('',*,*,#2614,.F.);
#523=ORIENTED_EDGE('',*,*,#2615,.F.);
#524=ORIENTED_EDGE('',*,*,#2616,.F.);
#525=ORIENTED_EDGE('',*,*,#2617,.F.);
#526=ORIENTED_EDGE('',*,*,#2618,.F.);
#527=ORIENTED_EDGE('',*,*,#2619,.F.);
#528=ORIENTED_EDGE('',*,*,#2620,.F.);
#529=ORIENTED_EDGE('',*,*,#2621,.F.);
#530=ORIENTED_EDGE('',*,*,#2622,.F.);
#531=ORIENTED_EDGE('',*,*,#2623,.F.);
#532=ORIENTED_EDGE('',*,*,#2624,.F.);
#533=ORIENTED_EDGE('',*,*,#2625,.F.);
#534=ORIENTED_EDGE('',*,*,#2626,.F.);
#535=ORIENTED_EDGE('',*,*,#2627,.F.);
#536=ORIENTED_EDGE('',*,*,#2628,.F.);
#537=ORIENTED_EDGE('',*,*,#2629,.F.);
#538=ORIENTED_EDGE('',*,*,#2630,.F.);
#539=ORIENTED_EDGE('',*,*,#2631,.F.);
#540=ORIENTED_EDGE('',*,*,#2632,.F.);
#541=ORIENTED_EDGE('',*,*,#2633,.F.);
#542=ORIENTED_EDGE('',*,*,#2634,.F.);
#543=ORIENTED_EDGE('',*,*,#2635,.F.);
#544=ORIENTED_EDGE('',*,*,#2636,.F.);
#545=ORIENTED_EDGE('',*,*,#2637,.F.);
#546=ORIENTED_EDGE('',*,*,#2638,.F.);
#547=ORIENTED_EDGE('',*,*,#2639,.F.);
#548=ORIENTED_EDGE('',*,*,#2640,.F.);
#549=ORIENTED_EDGE('',*,*,#2641,.F.);
#550=ORIENTED_EDGE('',*,*,#2642,.F.);
#551=ORIENTED_EDGE('',*,*,#2643,.F.);
#552=ORIENTED_EDGE('',*,*,#2644,.F.);
#553=ORIENTED_EDGE('',*,*,#2645,.F.);
#554=ORIENTED_EDGE('',*,*,#2646,.F.);
#555=ORIENTED_EDGE('',*,*,#2647,.F.);
#556=ORIENTED_EDGE('',*,*,#2648,.F.);
#557=ORIENTED_EDGE('',*,*,#2649,.F.);
#558=ORIENTED_EDGE('',*,*,#2650,.F.);
#559=ORIENTED_EDGE('',*,*,#2651,.F.);
#560=ORIENTED_EDGE('',*,*,#2652,.F.);
#561=ORIENTED_EDGE('',*,*,#2653,.F.);
#562=ORIENTED_EDGE('',*,*,#2654,.F.);
#563=ORIENTED_EDGE('',*,*,#2655,.F.);
#564=ORIENTED_EDGE('',*,*,#2656,.F.);
#565=ORIENTED_EDGE('',*,*,#2657,.F.);
#566=ORIENTED_EDGE('',*,*,#2658,.F.);
#567=ORIENTED_EDGE('',*,*,#2659,.F.);
#568=ORIENTED_EDGE('',*,*,#2660,.F.);
#569=ORIENTED_EDGE('',*,*,#2661,.F.);
#570=ORIENTED_EDGE('',*,*,#2662,.F.);
#571=ORIENTED_EDGE('',*,*,#2663,.F.);
#572=ORIENTED_EDGE('',*,*,#2664,.F.);
#573=ORIENTED_EDGE('',*,*,#2665,.F.);
#574=ORIENTED_EDGE('',*,*,#2666,.F.);
#575=ORIENTED_EDGE('',*,*,#2667,.F.);
#576=ORIENTED_EDGE('',*,*,#2668,.F.);
#577=ORIENTED_EDGE('',*,*,#2669,.F.);
#578=ORIENTED_EDGE('',*,*,#2670,.F.);
#579=ORIENTED_EDGE('',*,*,#2671,.F.);
#580=ORIENTED_EDGE('',*,*,#2672,.F.);
#581=ORIENTED_EDGE('',*,*,#2673,.F.);
#582=ORIENTED_EDGE('',*,*,#2674,.F.);
#583=ORIENTED_EDGE('',*,*,#2675,.F.);
#584=ORIENTED_EDGE('',*,*,#2676,.F.);
#585=ORIENTED_EDGE('',*,*,#2677,.F.);
#586=ORIENTED_EDGE('',*,*,#2678,.F.);
#587=ORIENTED_EDGE('',*,*,#2679,.F.);
#588=ORIENTED_EDGE('',*,*,#2680,.F.);
#589=ORIENTED_EDGE('',*,*,#2681,.F.);
#590=ORIENTED_EDGE('',*,*,#2682,.F.);
#591=ORIENTED_EDGE('',*,*,#2683,.F.);
#592=ORIENTED_EDGE('',*,*,#2684,.F.);
#593=ORIENTED_EDGE('',*,*,#2685,.F.);
#594=ORIENTED_EDGE('',*,*,#2686,.F.);
#595=ORIENTED_EDGE('',*,*,#2687,.F.);
#596=ORIENTED_EDGE('',*,*,#2688,.F.);
#597=ORIENTED_EDGE('',*,*,#2689,.F.);
#598=ORIENTED_EDGE('',*,*,#2690,.F.);
#599=ORIENTED_EDGE('',*,*,#2691,.F.);
#600=ORIENTED_EDGE('',*,*,#2692,.F.);
#601=ORIENTED_EDGE('',*,*,#2693,.F.);
#602=ORIENTED_EDGE('',*,*,#2694,.F.);
#603=ORIENTED_EDGE('',*,*,#2695,.F.);
#604=ORIENTED_EDGE('',*,*,#2696,.F.);
#605=ORIENTED_EDGE('',*,*,#2697,.F.);
#606=ORIENTED_EDGE('',*,*,#2698,.F.);
#607=ORIENTED_EDGE('',*,*,#2699,.F.);
#608=ORIENTED_EDGE('',*,*,#2700,.F.);
#609=ORIENTED_EDGE('',*,*,#2701,.F.);
#610=ORIENTED_EDGE('',*,*,#2702,.F.);
#611=ORIENTED_EDGE('',*,*,#2703,.F.);
#612=ORIENTED_EDGE('',*,*,#2704,.F.);
#613=ORIENTED_EDGE('',*,*,#2705,.F.);
#614=ORIENTED_EDGE('',*,*,#2706,.F.);
#615=ORIENTED_EDGE('',*,*,#2707,.F.);
#616=ORIENTED_EDGE('',*,*,#2708,.F.);
#617=ORIENTED_EDGE('',*,*,#2709,.F.);
#618=ORIENTED_EDGE('',*,*,#2710,.F.);
#619=ORIENTED_EDGE('',*,*,#2711,.F.);
#620=ORIENTED_EDGE('',*,*,#2712,.F.);
#621=ORIENTED_EDGE('',*,*,#2713,.F.);
#622=ORIENTED_EDGE('',*,*,#2714,.F.);
#623=ORIENTED_EDGE('',*,*,#2715,.F.);
#624=ORIENTED_EDGE('',*,*,#2716,.F.);
#625=ORIENTED_EDGE('',*,*,#2717,.F.);
#626=ORIENTED_EDGE('',*,*,#2718,.F.);
#627=ORIENTED_EDGE('',*,*,#2719,.F.);
#628=ORIENTED_EDGE('',*,*,#2720,.F.);
#629=ORIENTED_EDGE('',*,*,#2721,.F.);
#630=ORIENTED_EDGE('',*,*,#2722,.F.);
#631=ORIENTED_EDGE('',*,*,#2723,.F.);
#632=ORIENTED_EDGE('',*,*,#2724,.F.);
#633=ORIENTED_EDGE('',*,*,#2725,.F.);
#634=ORIENTED_EDGE('',*,*,#2726,.F.);
#635=ORIENTED_EDGE('',*,*,#2727,.F.);
#636=ORIENTED_EDGE('',*,*,#2728,.F.);
#637=ORIENTED_EDGE('',*,*,#2729,.F.);
#638=ORIENTED_EDGE('',*,*,#2730,.F.);
#639=ORIENTED_EDGE('',*,*,#2731,.F.);
#640=ORIENTED_EDGE('',*,*,#2732,.F.);
#641=ORIENTED_EDGE('',*,*,#2733,.F.);
#642=ORIENTED_EDGE('',*,*,#2734,.F.);
#643=ORIENTED_EDGE('',*,*,#2735,.F.);
#644=ORIENTED_EDGE('',*,*,#2736,.F.);
#645=ORIENTED_EDGE('',*,*,#2737,.F.);
#646=ORIENTED_EDGE('',*,*,#2738,.F.);
#647=ORIENTED_EDGE('',*,*,#2739,.F.);
#648=ORIENTED_EDGE('',*,*,#2740,.F.);
#649=ORIENTED_EDGE('',*,*,#2741,.F.);
#650=ORIENTED_EDGE('',*,*,#2742,.F.);
#651=ORIENTED_EDGE('',*,*,#2743,.F.);
#652=ORIENTED_EDGE('',*,*,#2744,.F.);
#653=ORIENTED_EDGE('',*,*,#2745,.F.);
#654=ORIENTED_EDGE('',*,*,#2746,.F.);
#655=ORIENTED_EDGE('',*,*,#2747,.F.);
#656=ORIENTED_EDGE('',*,*,#2748,.F.);
#657=ORIENTED_EDGE('',*,*,#2749,.F.);
#658=ORIENTED_EDGE('',*,*,#2750,.F.);
#659=ORIENTED_EDGE('',*,*,#2751,.F.);
#660=ORIENTED_EDGE('',*,*,#2752,.F.);
#661=ORIENTED_EDGE('',*,*,#2753,.F.);
#662=ORIENTED_EDGE('',*,*,#2754,.F.);
#663=ORIENTED_EDGE('',*,*,#2755,.F.);
#664=ORIENTED_EDGE('',*,*,#2756,.F.);
#665=ORIENTED_EDGE('',*,*,#2757,.F.);
#666=ORIENTED_EDGE('',*,*,#2758,.F.);
#667=ORIENTED_EDGE('',*,*,#2759,.F.);
#668=ORIENTED_EDGE('',*,*,#2760,.F.);
#669=ORIENTED_EDGE('',*,*,#2761,.F.);
#670=ORIENTED_EDGE('',*,*,#2762,.F.);
#671=ORIENTED_EDGE('',*,*,#2763,.F.);
#672=ORIENTED_EDGE('',*,*,#2764,.F.);
#673=ORIENTED_EDGE('',*,*,#2765,.F.);
#674=ORIENTED_EDGE('',*,*,#2766,.F.);
#675=ORIENTED_EDGE('',*,*,#2767,.F.);
#676=ORIENTED_EDGE('',*,*,#2768,.F.);
#677=ORIENTED_EDGE('',*,*,#2769,.F.);
#678=ORIENTED_EDGE('',*,*,#2770,.F.);
#679=ORIENTED_EDGE('',*,*,#2771,.F.);
#680=ORIENTED_EDGE('',*,*,#2772,.F.);
#681=ORIENTED_EDGE('',*,*,#2773,.F.);
#682=ORIENTED_EDGE('',*,*,#2774,.F.);
#683=ORIENTED_EDGE('',*,*,#2775,.F.);
#684=ORIENTED_EDGE('',*,*,#2776,.F.);
#685=ORIENTED_EDGE('',*,*,#2777,.F.);
#686=ORIENTED_EDGE('',*,*,#2778,.F.);
#687=ORIENTED_EDGE('',*,*,#2779,.F.);
#688=ORIENTED_EDGE('',*,*,#2780,.F.);
#689=ORIENTED_EDGE('',*,*,#2781,.F.);
#690=ORIENTED_EDGE('',*,*,#2782,.F.);
#691=ORIENTED_EDGE('',*,*,#2783,.F.);
#692=ORIENTED_EDGE('',*,*,#2784,.F.);
#693=ORIENTED_EDGE('',*,*,#2785,.F.);
#694=ORIENTED_EDGE('',*,*,#2786,.F.);
#695=ORIENTED_EDGE('',*,*,#2787,.F.);
#696=ORIENTED_EDGE('',*,*,#2788,.F.);
#697=ORIENTED_EDGE('',*,*,#2789,.F.);
#698=ORIENTED_EDGE('',*,*,#2790,.F.);
#699=ORIENTED_EDGE('',*,*,#2791,.F.);
#700=ORIENTED_EDGE('',*,*,#2792,.F.);
#701=ORIENTED_EDGE('',*,*,#2793,.F.);
#702=ORIENTED_EDGE('',*,*,#2794,.F.);
#703=ORIENTED_EDGE('',*,*,#2795,.F.);
#704=ORIENTED_EDGE('',*,*,#2796,.F.);
#705=ORIENTED_EDGE('',*,*,#2797,.F.);
#706=ORIENTED_EDGE('',*,*,#2798,.F.);
#707=ORIENTED_EDGE('',*,*,#2799,.F.);
#708=ORIENTED_EDGE('',*,*,#2800,.F.);
#709=ORIENTED_EDGE('',*,*,#2801,.F.);
#710=ORIENTED_EDGE('',*,*,#2802,.F.);
#711=ORIENTED_EDGE('',*,*,#2803,.F.);
#712=ORIENTED_EDGE('',*,*,#2804,.F.);
#713=ORIENTED_EDGE('',*,*,#2805,.F.);
#714=ORIENTED_EDGE('',*,*,#2806,.F.);
#715=ORIENTED_EDGE('',*,*,#2807,.F.);
#716=ORIENTED_EDGE('',*,*,#2808,.F.);
#717=ORIENTED_EDGE('',*,*,#2809,.F.);
#718=ORIENTED_EDGE('',*,*,#2810,.F.);
#719=ORIENTED_EDGE('',*,*,#2811,.F.);
#720=ORIENTED_EDGE('',*,*,#2812,.F.);
#721=ORIENTED_EDGE('',*,*,#2813,.F.);
#722=ORIENTED_EDGE('',*,*,#2814,.F.);
#723=ORIENTED_EDGE('',*,*,#2815,.F.);
#724=ORIENTED_EDGE('',*,*,#2816,.F.);
#725=ORIENTED_EDGE('',*,*,#2817,.F.);
#726=ORIENTED_EDGE('',*,*,#2818,.F.);
#727=ORIENTED_EDGE('',*,*,#2819,.F.);
#728=ORIENTED_EDGE('',*,*,#2820,.F.);
#729=ORIENTED_EDGE('',*,*,#2821,.F.);
#730=ORIENTED_EDGE('',*,*,#2822,.F.);
#731=ORIENTED_EDGE('',*,*,#2823,.F.);
#732=ORIENTED_EDGE('',*,*,#2824,.F.);
#733=ORIENTED_EDGE('',*,*,#2825,.F.);
#734=ORIENTED_EDGE('',*,*,#2826,.F.);
#735=ORIENTED_EDGE('',*,*,#2827,.F.);
#736=ORIENTED_EDGE('',*,*,#2828,.F.);
#737=ORIENTED_EDGE('',*,*,#2829,.F.);
#738=ORIENTED_EDGE('',*,*,#2830,.F.);
#739=ORIENTED_EDGE('',*,*,#2831,.F.);
#740=ORIENTED_EDGE('',*,*,#2832,.F.);
#741=ORIENTED_EDGE('',*,*,#2833,.F.);
#742=ORIENTED_EDGE('',*,*,#2834,.F.);
#743=ORIENTED_EDGE('',*,*,#2835,.F.);
#744=ORIENTED_EDGE('',*,*,#2836,.F.);
#745=ORIENTED_EDGE('',*,*,#2837,.F.);
#746=ORIENTED_EDGE('',*,*,#2838,.F.);
#747=ORIENTED_EDGE('',*,*,#2839,.F.);
#748=ORIENTED_EDGE('',*,*,#2840,.F.);
#749=ORIENTED_EDGE('',*,*,#2841,.F.);
#750=ORIENTED_EDGE('',*,*,#2842,.F.);
#751=ORIENTED_EDGE('',*,*,#2843,.F.);
#752=ORIENTED_EDGE('',*,*,#2844,.F.);
#753=ORIENTED_EDGE('',*,*,#2845,.F.);
#754=ORIENTED_EDGE('',*,*,#2846,.F.);
#755=ORIENTED_EDGE('',*,*,#2847,.F.);
#756=ORIENTED_EDGE('',*,*,#2848,.F.);
#757=ORIENTED_EDGE('',*,*,#2849,.F.);
#758=ORIENTED_EDGE('',*,*,#2850,.F.);
#759=ORIENTED_EDGE('',*,*,#2851,.F.);
#760=ORIENTED_EDGE('',*,*,#2852,.F.);
#761=ORIENTED_EDGE('',*,*,#2853,.F.);
#762=ORIENTED_EDGE('',*,*,#2854,.F.);
#763=ORIENTED_EDGE('',*,*,#2855,.F.);
#764=ORIENTED_EDGE('',*,*,#2856,.F.);
#765=ORIENTED_EDGE('',*,*,#2857,.F.);
#766=ORIENTED_EDGE('',*,*,#2858,.F.);
#767=ORIENTED_EDGE('',*,*,#2859,.F.);
#768=ORIENTED_EDGE('',*,*,#2860,.F.);
#769=ORIENTED_EDGE('',*,*,#2861,.F.);
#770=ORIENTED_EDGE('',*,*,#2862,.F.);
#771=ORIENTED_EDGE('',*,*,#2863,.F.);
#772=ORIENTED_EDGE('',*,*,#2864,.F.);
#773=ORIENTED_EDGE('',*,*,#2865,.T.);
#774=ORIENTED_EDGE('',*,*,#2866,.F.);
#775=ORIENTED_EDGE('',*,*,#2867,.T.);
#776=ORIENTED_EDGE('',*,*,#2868,.F.);
#777=ORIENTED_EDGE('',*,*,#2869,.F.);
#778=ORIENTED_EDGE('',*,*,#2870,.F.);
#779=ORIENTED_EDGE('',*,*,#2871,.T.);
#780=ORIENTED_EDGE('',*,*,#2872,.F.);
#781=ORIENTED_EDGE('',*,*,#2873,.T.);
#782=ORIENTED_EDGE('',*,*,#2874,.F.);
#783=ORIENTED_EDGE('',*,*,#2875,.T.);
#784=ORIENTED_EDGE('',*,*,#2876,.F.);
#785=ORIENTED_EDGE('',*,*,#2877,.T.);
#786=ORIENTED_EDGE('',*,*,#2878,.F.);
#787=ORIENTED_EDGE('',*,*,#2879,.T.);
#788=ORIENTED_EDGE('',*,*,#2880,.T.);
#789=ORIENTED_EDGE('',*,*,#2881,.T.);
#790=ORIENTED_EDGE('',*,*,#2871,.F.);
#791=ORIENTED_EDGE('',*,*,#2882,.F.);
#792=ORIENTED_EDGE('',*,*,#2529,.T.);
#793=ORIENTED_EDGE('',*,*,#2883,.T.);
#794=ORIENTED_EDGE('',*,*,#2878,.T.);
#795=ORIENTED_EDGE('',*,*,#2884,.F.);
#796=ORIENTED_EDGE('',*,*,#2530,.F.);
#797=ORIENTED_EDGE('',*,*,#2882,.T.);
#798=ORIENTED_EDGE('',*,*,#2877,.F.);
#799=ORIENTED_EDGE('',*,*,#2885,.F.);
#800=ORIENTED_EDGE('',*,*,#2531,.T.);
#801=ORIENTED_EDGE('',*,*,#2884,.T.);
#802=ORIENTED_EDGE('',*,*,#2876,.T.);
#803=ORIENTED_EDGE('',*,*,#2886,.F.);
#804=ORIENTED_EDGE('',*,*,#2532,.F.);
#805=ORIENTED_EDGE('',*,*,#2885,.T.);
#806=ORIENTED_EDGE('',*,*,#2875,.F.);
#807=ORIENTED_EDGE('',*,*,#2887,.F.);
#808=ORIENTED_EDGE('',*,*,#2533,.T.);
#809=ORIENTED_EDGE('',*,*,#2886,.T.);
#810=ORIENTED_EDGE('',*,*,#2874,.T.);
#811=ORIENTED_EDGE('',*,*,#2888,.F.);
#812=ORIENTED_EDGE('',*,*,#2534,.F.);
#813=ORIENTED_EDGE('',*,*,#2887,.T.);
#814=ORIENTED_EDGE('',*,*,#2873,.F.);
#815=ORIENTED_EDGE('',*,*,#2889,.F.);
#816=ORIENTED_EDGE('',*,*,#2535,.T.);
#817=ORIENTED_EDGE('',*,*,#2888,.T.);
#818=ORIENTED_EDGE('',*,*,#2872,.T.);
#819=ORIENTED_EDGE('',*,*,#2883,.F.);
#820=ORIENTED_EDGE('',*,*,#2536,.F.);
#821=ORIENTED_EDGE('',*,*,#2889,.T.);
#822=ORIENTED_EDGE('',*,*,#2870,.T.);
#823=ORIENTED_EDGE('',*,*,#2537,.T.);
#824=ORIENTED_EDGE('',*,*,#2879,.F.);
#825=ORIENTED_EDGE('',*,*,#2538,.F.);
#826=ORIENTED_EDGE('',*,*,#2880,.F.);
#827=ORIENTED_EDGE('',*,*,#2528,.F.);
#828=ORIENTED_EDGE('',*,*,#2881,.F.);
#829=ORIENTED_EDGE('',*,*,#2539,.F.);
#830=ORIENTED_EDGE('',*,*,#2869,.T.);
#831=ORIENTED_EDGE('',*,*,#2527,.T.);
#832=ORIENTED_EDGE('',*,*,#2868,.T.);
#833=ORIENTED_EDGE('',*,*,#2526,.T.);
#834=ORIENTED_EDGE('',*,*,#2890,.F.);
#835=ORIENTED_EDGE('',*,*,#2524,.T.);
#836=ORIENTED_EDGE('',*,*,#2891,.F.);
#837=ORIENTED_EDGE('',*,*,#2890,.T.);
#838=ORIENTED_EDGE('',*,*,#2892,.F.);
#839=ORIENTED_EDGE('',*,*,#2522,.T.);
#840=ORIENTED_EDGE('',*,*,#2893,.F.);
#841=ORIENTED_EDGE('',*,*,#2892,.T.);
#842=ORIENTED_EDGE('',*,*,#2894,.F.);
#843=ORIENTED_EDGE('',*,*,#2523,.T.);
#844=ORIENTED_EDGE('',*,*,#2895,.F.);
#845=ORIENTED_EDGE('',*,*,#2894,.T.);
#846=ORIENTED_EDGE('',*,*,#2896,.F.);
#847=ORIENTED_EDGE('',*,*,#2525,.T.);
#848=ORIENTED_EDGE('',*,*,#2897,.F.);
#849=ORIENTED_EDGE('',*,*,#2896,.T.);
#850=ORIENTED_EDGE('',*,*,#2898,.T.);
#851=ORIENTED_EDGE('',*,*,#2898,.F.);
#852=ORIENTED_EDGE('',*,*,#2891,.T.);
#853=ORIENTED_EDGE('',*,*,#2899,.T.);
#854=ORIENTED_EDGE('',*,*,#2899,.F.);
#855=ORIENTED_EDGE('',*,*,#2893,.T.);
#856=ORIENTED_EDGE('',*,*,#2900,.T.);
#857=ORIENTED_EDGE('',*,*,#2900,.F.);
#858=ORIENTED_EDGE('',*,*,#2895,.T.);
#859=ORIENTED_EDGE('',*,*,#2901,.T.);
#860=ORIENTED_EDGE('',*,*,#2901,.F.);
#861=ORIENTED_EDGE('',*,*,#2897,.T.);
#862=ORIENTED_EDGE('',*,*,#2860,.T.);
#863=ORIENTED_EDGE('',*,*,#2902,.T.);
#864=ORIENTED_EDGE('',*,*,#2515,.T.);
#865=ORIENTED_EDGE('',*,*,#2903,.F.);
#866=ORIENTED_EDGE('',*,*,#2904,.T.);
#867=ORIENTED_EDGE('',*,*,#2516,.F.);
#868=ORIENTED_EDGE('',*,*,#2902,.F.);
#869=ORIENTED_EDGE('',*,*,#2867,.F.);
#870=ORIENTED_EDGE('',*,*,#2866,.T.);
#871=ORIENTED_EDGE('',*,*,#2905,.T.);
#872=ORIENTED_EDGE('',*,*,#2517,.T.);
#873=ORIENTED_EDGE('',*,*,#2904,.F.);
#874=ORIENTED_EDGE('',*,*,#2906,.T.);
#875=ORIENTED_EDGE('',*,*,#2518,.F.);
#876=ORIENTED_EDGE('',*,*,#2905,.F.);
#877=ORIENTED_EDGE('',*,*,#2865,.F.);
#878=ORIENTED_EDGE('',*,*,#2864,.T.);
#879=ORIENTED_EDGE('',*,*,#2907,.T.);
#880=ORIENTED_EDGE('',*,*,#2519,.T.);
#881=ORIENTED_EDGE('',*,*,#2906,.F.);
#882=ORIENTED_EDGE('',*,*,#2863,.T.);
#883=ORIENTED_EDGE('',*,*,#2908,.T.);
#884=ORIENTED_EDGE('',*,*,#2520,.T.);
#885=ORIENTED_EDGE('',*,*,#2907,.F.);
#886=ORIENTED_EDGE('',*,*,#2862,.T.);
#887=ORIENTED_EDGE('',*,*,#2909,.T.);
#888=ORIENTED_EDGE('',*,*,#2521,.T.);
#889=ORIENTED_EDGE('',*,*,#2908,.F.);
#890=ORIENTED_EDGE('',*,*,#2861,.T.);
#891=ORIENTED_EDGE('',*,*,#2903,.T.);
#892=ORIENTED_EDGE('',*,*,#2514,.T.);
#893=ORIENTED_EDGE('',*,*,#2909,.F.);
#894=ORIENTED_EDGE('',*,*,#2910,.F.);
#895=ORIENTED_EDGE('',*,*,#2512,.T.);
#896=ORIENTED_EDGE('',*,*,#2911,.F.);
#897=ORIENTED_EDGE('',*,*,#2910,.T.);
#898=ORIENTED_EDGE('',*,*,#2912,.F.);
#899=ORIENTED_EDGE('',*,*,#2541,.T.);
#900=ORIENTED_EDGE('',*,*,#2913,.F.);
#901=ORIENTED_EDGE('',*,*,#2912,.T.);
#902=ORIENTED_EDGE('',*,*,#2914,.T.);
#903=ORIENTED_EDGE('',*,*,#2540,.F.);
#904=ORIENTED_EDGE('',*,*,#2914,.F.);
#905=ORIENTED_EDGE('',*,*,#2915,.T.);
#906=ORIENTED_EDGE('',*,*,#2916,.T.);
#907=ORIENTED_EDGE('',*,*,#2513,.F.);
#908=ORIENTED_EDGE('',*,*,#2916,.F.);
#909=ORIENTED_EDGE('',*,*,#2917,.T.);
#910=ORIENTED_EDGE('',*,*,#2918,.T.);
#911=ORIENTED_EDGE('',*,*,#2918,.F.);
#912=ORIENTED_EDGE('',*,*,#2911,.T.);
#913=ORIENTED_EDGE('',*,*,#2919,.T.);
#914=ORIENTED_EDGE('',*,*,#2919,.F.);
#915=ORIENTED_EDGE('',*,*,#2913,.T.);
#916=ORIENTED_EDGE('',*,*,#2920,.F.);
#917=ORIENTED_EDGE('',*,*,#2920,.T.);
#918=ORIENTED_EDGE('',*,*,#2915,.F.);
#919=ORIENTED_EDGE('',*,*,#2921,.F.);
#920=ORIENTED_EDGE('',*,*,#2921,.T.);
#921=ORIENTED_EDGE('',*,*,#2917,.F.);
#922=ORIENTED_EDGE('',*,*,#2854,.T.);
#923=ORIENTED_EDGE('',*,*,#2922,.T.);
#924=ORIENTED_EDGE('',*,*,#2507,.T.);
#925=ORIENTED_EDGE('',*,*,#2923,.F.);
#926=ORIENTED_EDGE('',*,*,#2859,.T.);
#927=ORIENTED_EDGE('',*,*,#2924,.T.);
#928=ORIENTED_EDGE('',*,*,#2508,.T.);
#929=ORIENTED_EDGE('',*,*,#2922,.F.);
#930=ORIENTED_EDGE('',*,*,#2858,.T.);
#931=ORIENTED_EDGE('',*,*,#2925,.T.);
#932=ORIENTED_EDGE('',*,*,#2509,.T.);
#933=ORIENTED_EDGE('',*,*,#2924,.F.);
#934=ORIENTED_EDGE('',*,*,#2857,.T.);
#935=ORIENTED_EDGE('',*,*,#2926,.T.);
#936=ORIENTED_EDGE('',*,*,#2510,.T.);
#937=ORIENTED_EDGE('',*,*,#2925,.F.);
#938=ORIENTED_EDGE('',*,*,#2856,.T.);
#939=ORIENTED_EDGE('',*,*,#2927,.T.);
#940=ORIENTED_EDGE('',*,*,#2511,.T.);
#941=ORIENTED_EDGE('',*,*,#2926,.F.);
#942=ORIENTED_EDGE('',*,*,#2855,.T.);
#943=ORIENTED_EDGE('',*,*,#2923,.T.);
#944=ORIENTED_EDGE('',*,*,#2506,.T.);
#945=ORIENTED_EDGE('',*,*,#2927,.F.);
#946=ORIENTED_EDGE('',*,*,#2848,.T.);
#947=ORIENTED_EDGE('',*,*,#2928,.T.);
#948=ORIENTED_EDGE('',*,*,#2501,.T.);
#949=ORIENTED_EDGE('',*,*,#2929,.F.);
#950=ORIENTED_EDGE('',*,*,#2853,.T.);
#951=ORIENTED_EDGE('',*,*,#2930,.T.);
#952=ORIENTED_EDGE('',*,*,#2502,.T.);
#953=ORIENTED_EDGE('',*,*,#2928,.F.);
#954=ORIENTED_EDGE('',*,*,#2852,.T.);
#955=ORIENTED_EDGE('',*,*,#2931,.T.);
#956=ORIENTED_EDGE('',*,*,#2503,.T.);
#957=ORIENTED_EDGE('',*,*,#2930,.F.);
#958=ORIENTED_EDGE('',*,*,#2851,.T.);
#959=ORIENTED_EDGE('',*,*,#2932,.T.);
#960=ORIENTED_EDGE('',*,*,#2504,.T.);
#961=ORIENTED_EDGE('',*,*,#2931,.F.);
#962=ORIENTED_EDGE('',*,*,#2850,.T.);
#963=ORIENTED_EDGE('',*,*,#2933,.T.);
#964=ORIENTED_EDGE('',*,*,#2505,.T.);
#965=ORIENTED_EDGE('',*,*,#2932,.F.);
#966=ORIENTED_EDGE('',*,*,#2849,.T.);
#967=ORIENTED_EDGE('',*,*,#2929,.T.);
#968=ORIENTED_EDGE('',*,*,#2500,.T.);
#969=ORIENTED_EDGE('',*,*,#2933,.F.);
#970=ORIENTED_EDGE('',*,*,#2842,.T.);
#971=ORIENTED_EDGE('',*,*,#2934,.T.);
#972=ORIENTED_EDGE('',*,*,#2495,.T.);
#973=ORIENTED_EDGE('',*,*,#2935,.F.);
#974=ORIENTED_EDGE('',*,*,#2847,.T.);
#975=ORIENTED_EDGE('',*,*,#2936,.T.);
#976=ORIENTED_EDGE('',*,*,#2496,.T.);
#977=ORIENTED_EDGE('',*,*,#2934,.F.);
#978=ORIENTED_EDGE('',*,*,#2846,.T.);
#979=ORIENTED_EDGE('',*,*,#2937,.T.);
#980=ORIENTED_EDGE('',*,*,#2497,.T.);
#981=ORIENTED_EDGE('',*,*,#2936,.F.);
#982=ORIENTED_EDGE('',*,*,#2845,.T.);
#983=ORIENTED_EDGE('',*,*,#2938,.T.);
#984=ORIENTED_EDGE('',*,*,#2498,.T.);
#985=ORIENTED_EDGE('',*,*,#2937,.F.);
#986=ORIENTED_EDGE('',*,*,#2844,.T.);
#987=ORIENTED_EDGE('',*,*,#2939,.T.);
#988=ORIENTED_EDGE('',*,*,#2499,.T.);
#989=ORIENTED_EDGE('',*,*,#2938,.F.);
#990=ORIENTED_EDGE('',*,*,#2843,.T.);
#991=ORIENTED_EDGE('',*,*,#2935,.T.);
#992=ORIENTED_EDGE('',*,*,#2494,.T.);
#993=ORIENTED_EDGE('',*,*,#2939,.F.);
#994=ORIENTED_EDGE('',*,*,#2836,.T.);
#995=ORIENTED_EDGE('',*,*,#2940,.T.);
#996=ORIENTED_EDGE('',*,*,#2489,.T.);
#997=ORIENTED_EDGE('',*,*,#2941,.F.);
#998=ORIENTED_EDGE('',*,*,#2841,.T.);
#999=ORIENTED_EDGE('',*,*,#2942,.T.);
#1000=ORIENTED_EDGE('',*,*,#2490,.T.);
#1001=ORIENTED_EDGE('',*,*,#2940,.F.);
#1002=ORIENTED_EDGE('',*,*,#2840,.T.);
#1003=ORIENTED_EDGE('',*,*,#2943,.T.);
#1004=ORIENTED_EDGE('',*,*,#2491,.T.);
#1005=ORIENTED_EDGE('',*,*,#2942,.F.);
#1006=ORIENTED_EDGE('',*,*,#2839,.T.);
#1007=ORIENTED_EDGE('',*,*,#2944,.T.);
#1008=ORIENTED_EDGE('',*,*,#2492,.T.);
#1009=ORIENTED_EDGE('',*,*,#2943,.F.);
#1010=ORIENTED_EDGE('',*,*,#2838,.T.);
#1011=ORIENTED_EDGE('',*,*,#2945,.T.);
#1012=ORIENTED_EDGE('',*,*,#2493,.T.);
#1013=ORIENTED_EDGE('',*,*,#2944,.F.);
#1014=ORIENTED_EDGE('',*,*,#2837,.T.);
#1015=ORIENTED_EDGE('',*,*,#2941,.T.);
#1016=ORIENTED_EDGE('',*,*,#2488,.T.);
#1017=ORIENTED_EDGE('',*,*,#2945,.F.);
#1018=ORIENTED_EDGE('',*,*,#2830,.T.);
#1019=ORIENTED_EDGE('',*,*,#2946,.T.);
#1020=ORIENTED_EDGE('',*,*,#2483,.T.);
#1021=ORIENTED_EDGE('',*,*,#2947,.F.);
#1022=ORIENTED_EDGE('',*,*,#2835,.T.);
#1023=ORIENTED_EDGE('',*,*,#2948,.T.);
#1024=ORIENTED_EDGE('',*,*,#2484,.T.);
#1025=ORIENTED_EDGE('',*,*,#2946,.F.);
#1026=ORIENTED_EDGE('',*,*,#2834,.T.);
#1027=ORIENTED_EDGE('',*,*,#2949,.T.);
#1028=ORIENTED_EDGE('',*,*,#2485,.T.);
#1029=ORIENTED_EDGE('',*,*,#2948,.F.);
#1030=ORIENTED_EDGE('',*,*,#2833,.T.);
#1031=ORIENTED_EDGE('',*,*,#2950,.T.);
#1032=ORIENTED_EDGE('',*,*,#2486,.T.);
#1033=ORIENTED_EDGE('',*,*,#2949,.F.);
#1034=ORIENTED_EDGE('',*,*,#2832,.T.);
#1035=ORIENTED_EDGE('',*,*,#2951,.T.);
#1036=ORIENTED_EDGE('',*,*,#2487,.T.);
#1037=ORIENTED_EDGE('',*,*,#2950,.F.);
#1038=ORIENTED_EDGE('',*,*,#2831,.T.);
#1039=ORIENTED_EDGE('',*,*,#2947,.T.);
#1040=ORIENTED_EDGE('',*,*,#2482,.T.);
#1041=ORIENTED_EDGE('',*,*,#2951,.F.);
#1042=ORIENTED_EDGE('',*,*,#2824,.T.);
#1043=ORIENTED_EDGE('',*,*,#2952,.T.);
#1044=ORIENTED_EDGE('',*,*,#2477,.T.);
#1045=ORIENTED_EDGE('',*,*,#2953,.F.);
#1046=ORIENTED_EDGE('',*,*,#2829,.T.);
#1047=ORIENTED_EDGE('',*,*,#2954,.T.);
#1048=ORIENTED_EDGE('',*,*,#2478,.T.);
#1049=ORIENTED_EDGE('',*,*,#2952,.F.);
#1050=ORIENTED_EDGE('',*,*,#2828,.T.);
#1051=ORIENTED_EDGE('',*,*,#2955,.T.);
#1052=ORIENTED_EDGE('',*,*,#2479,.T.);
#1053=ORIENTED_EDGE('',*,*,#2954,.F.);
#1054=ORIENTED_EDGE('',*,*,#2827,.T.);
#1055=ORIENTED_EDGE('',*,*,#2956,.T.);
#1056=ORIENTED_EDGE('',*,*,#2480,.T.);
#1057=ORIENTED_EDGE('',*,*,#2955,.F.);
#1058=ORIENTED_EDGE('',*,*,#2826,.T.);
#1059=ORIENTED_EDGE('',*,*,#2957,.T.);
#1060=ORIENTED_EDGE('',*,*,#2481,.T.);
#1061=ORIENTED_EDGE('',*,*,#2956,.F.);
#1062=ORIENTED_EDGE('',*,*,#2825,.T.);
#1063=ORIENTED_EDGE('',*,*,#2953,.T.);
#1064=ORIENTED_EDGE('',*,*,#2476,.T.);
#1065=ORIENTED_EDGE('',*,*,#2957,.F.);
#1066=ORIENTED_EDGE('',*,*,#2818,.T.);
#1067=ORIENTED_EDGE('',*,*,#2958,.T.);
#1068=ORIENTED_EDGE('',*,*,#2471,.T.);
#1069=ORIENTED_EDGE('',*,*,#2959,.F.);
#1070=ORIENTED_EDGE('',*,*,#2823,.T.);
#1071=ORIENTED_EDGE('',*,*,#2960,.T.);
#1072=ORIENTED_EDGE('',*,*,#2472,.T.);
#1073=ORIENTED_EDGE('',*,*,#2958,.F.);
#1074=ORIENTED_EDGE('',*,*,#2822,.T.);
#1075=ORIENTED_EDGE('',*,*,#2961,.T.);
#1076=ORIENTED_EDGE('',*,*,#2473,.T.);
#1077=ORIENTED_EDGE('',*,*,#2960,.F.);
#1078=ORIENTED_EDGE('',*,*,#2821,.T.);
#1079=ORIENTED_EDGE('',*,*,#2962,.T.);
#1080=ORIENTED_EDGE('',*,*,#2474,.T.);
#1081=ORIENTED_EDGE('',*,*,#2961,.F.);
#1082=ORIENTED_EDGE('',*,*,#2820,.T.);
#1083=ORIENTED_EDGE('',*,*,#2963,.T.);
#1084=ORIENTED_EDGE('',*,*,#2475,.T.);
#1085=ORIENTED_EDGE('',*,*,#2962,.F.);
#1086=ORIENTED_EDGE('',*,*,#2819,.T.);
#1087=ORIENTED_EDGE('',*,*,#2959,.T.);
#1088=ORIENTED_EDGE('',*,*,#2470,.T.);
#1089=ORIENTED_EDGE('',*,*,#2963,.F.);
#1090=ORIENTED_EDGE('',*,*,#2812,.T.);
#1091=ORIENTED_EDGE('',*,*,#2964,.T.);
#1092=ORIENTED_EDGE('',*,*,#2465,.T.);
#1093=ORIENTED_EDGE('',*,*,#2965,.F.);
#1094=ORIENTED_EDGE('',*,*,#2817,.T.);
#1095=ORIENTED_EDGE('',*,*,#2966,.T.);
#1096=ORIENTED_EDGE('',*,*,#2466,.T.);
#1097=ORIENTED_EDGE('',*,*,#2964,.F.);
#1098=ORIENTED_EDGE('',*,*,#2816,.T.);
#1099=ORIENTED_EDGE('',*,*,#2967,.T.);
#1100=ORIENTED_EDGE('',*,*,#2467,.T.);
#1101=ORIENTED_EDGE('',*,*,#2966,.F.);
#1102=ORIENTED_EDGE('',*,*,#2815,.T.);
#1103=ORIENTED_EDGE('',*,*,#2968,.T.);
#1104=ORIENTED_EDGE('',*,*,#2468,.T.);
#1105=ORIENTED_EDGE('',*,*,#2967,.F.);
#1106=ORIENTED_EDGE('',*,*,#2814,.T.);
#1107=ORIENTED_EDGE('',*,*,#2969,.T.);
#1108=ORIENTED_EDGE('',*,*,#2469,.T.);
#1109=ORIENTED_EDGE('',*,*,#2968,.F.);
#1110=ORIENTED_EDGE('',*,*,#2813,.T.);
#1111=ORIENTED_EDGE('',*,*,#2965,.T.);
#1112=ORIENTED_EDGE('',*,*,#2464,.T.);
#1113=ORIENTED_EDGE('',*,*,#2969,.F.);
#1114=ORIENTED_EDGE('',*,*,#2806,.T.);
#1115=ORIENTED_EDGE('',*,*,#2970,.T.);
#1116=ORIENTED_EDGE('',*,*,#2459,.T.);
#1117=ORIENTED_EDGE('',*,*,#2971,.F.);
#1118=ORIENTED_EDGE('',*,*,#2811,.T.);
#1119=ORIENTED_EDGE('',*,*,#2972,.T.);
#1120=ORIENTED_EDGE('',*,*,#2460,.T.);
#1121=ORIENTED_EDGE('',*,*,#2970,.F.);
#1122=ORIENTED_EDGE('',*,*,#2810,.T.);
#1123=ORIENTED_EDGE('',*,*,#2973,.T.);
#1124=ORIENTED_EDGE('',*,*,#2461,.T.);
#1125=ORIENTED_EDGE('',*,*,#2972,.F.);
#1126=ORIENTED_EDGE('',*,*,#2809,.T.);
#1127=ORIENTED_EDGE('',*,*,#2974,.T.);
#1128=ORIENTED_EDGE('',*,*,#2462,.T.);
#1129=ORIENTED_EDGE('',*,*,#2973,.F.);
#1130=ORIENTED_EDGE('',*,*,#2808,.T.);
#1131=ORIENTED_EDGE('',*,*,#2975,.T.);
#1132=ORIENTED_EDGE('',*,*,#2463,.T.);
#1133=ORIENTED_EDGE('',*,*,#2974,.F.);
#1134=ORIENTED_EDGE('',*,*,#2807,.T.);
#1135=ORIENTED_EDGE('',*,*,#2971,.T.);
#1136=ORIENTED_EDGE('',*,*,#2458,.T.);
#1137=ORIENTED_EDGE('',*,*,#2975,.F.);
#1138=ORIENTED_EDGE('',*,*,#2800,.T.);
#1139=ORIENTED_EDGE('',*,*,#2976,.T.);
#1140=ORIENTED_EDGE('',*,*,#2453,.T.);
#1141=ORIENTED_EDGE('',*,*,#2977,.F.);
#1142=ORIENTED_EDGE('',*,*,#2805,.T.);
#1143=ORIENTED_EDGE('',*,*,#2978,.T.);
#1144=ORIENTED_EDGE('',*,*,#2454,.T.);
#1145=ORIENTED_EDGE('',*,*,#2976,.F.);
#1146=ORIENTED_EDGE('',*,*,#2804,.T.);
#1147=ORIENTED_EDGE('',*,*,#2979,.T.);
#1148=ORIENTED_EDGE('',*,*,#2455,.T.);
#1149=ORIENTED_EDGE('',*,*,#2978,.F.);
#1150=ORIENTED_EDGE('',*,*,#2803,.T.);
#1151=ORIENTED_EDGE('',*,*,#2980,.T.);
#1152=ORIENTED_EDGE('',*,*,#2456,.T.);
#1153=ORIENTED_EDGE('',*,*,#2979,.F.);
#1154=ORIENTED_EDGE('',*,*,#2802,.T.);
#1155=ORIENTED_EDGE('',*,*,#2981,.T.);
#1156=ORIENTED_EDGE('',*,*,#2457,.T.);
#1157=ORIENTED_EDGE('',*,*,#2980,.F.);
#1158=ORIENTED_EDGE('',*,*,#2801,.T.);
#1159=ORIENTED_EDGE('',*,*,#2977,.T.);
#1160=ORIENTED_EDGE('',*,*,#2452,.T.);
#1161=ORIENTED_EDGE('',*,*,#2981,.F.);
#1162=ORIENTED_EDGE('',*,*,#2794,.T.);
#1163=ORIENTED_EDGE('',*,*,#2982,.T.);
#1164=ORIENTED_EDGE('',*,*,#2447,.T.);
#1165=ORIENTED_EDGE('',*,*,#2983,.F.);
#1166=ORIENTED_EDGE('',*,*,#2799,.T.);
#1167=ORIENTED_EDGE('',*,*,#2984,.T.);
#1168=ORIENTED_EDGE('',*,*,#2448,.T.);
#1169=ORIENTED_EDGE('',*,*,#2982,.F.);
#1170=ORIENTED_EDGE('',*,*,#2798,.T.);
#1171=ORIENTED_EDGE('',*,*,#2985,.T.);
#1172=ORIENTED_EDGE('',*,*,#2449,.T.);
#1173=ORIENTED_EDGE('',*,*,#2984,.F.);
#1174=ORIENTED_EDGE('',*,*,#2797,.T.);
#1175=ORIENTED_EDGE('',*,*,#2986,.T.);
#1176=ORIENTED_EDGE('',*,*,#2450,.T.);
#1177=ORIENTED_EDGE('',*,*,#2985,.F.);
#1178=ORIENTED_EDGE('',*,*,#2796,.T.);
#1179=ORIENTED_EDGE('',*,*,#2987,.T.);
#1180=ORIENTED_EDGE('',*,*,#2451,.T.);
#1181=ORIENTED_EDGE('',*,*,#2986,.F.);
#1182=ORIENTED_EDGE('',*,*,#2795,.T.);
#1183=ORIENTED_EDGE('',*,*,#2983,.T.);
#1184=ORIENTED_EDGE('',*,*,#2446,.T.);
#1185=ORIENTED_EDGE('',*,*,#2987,.F.);
#1186=ORIENTED_EDGE('',*,*,#2788,.T.);
#1187=ORIENTED_EDGE('',*,*,#2988,.T.);
#1188=ORIENTED_EDGE('',*,*,#2441,.T.);
#1189=ORIENTED_EDGE('',*,*,#2989,.F.);
#1190=ORIENTED_EDGE('',*,*,#2793,.T.);
#1191=ORIENTED_EDGE('',*,*,#2990,.T.);
#1192=ORIENTED_EDGE('',*,*,#2442,.T.);
#1193=ORIENTED_EDGE('',*,*,#2988,.F.);
#1194=ORIENTED_EDGE('',*,*,#2792,.T.);
#1195=ORIENTED_EDGE('',*,*,#2991,.T.);
#1196=ORIENTED_EDGE('',*,*,#2443,.T.);
#1197=ORIENTED_EDGE('',*,*,#2990,.F.);
#1198=ORIENTED_EDGE('',*,*,#2791,.T.);
#1199=ORIENTED_EDGE('',*,*,#2992,.T.);
#1200=ORIENTED_EDGE('',*,*,#2444,.T.);
#1201=ORIENTED_EDGE('',*,*,#2991,.F.);
#1202=ORIENTED_EDGE('',*,*,#2790,.T.);
#1203=ORIENTED_EDGE('',*,*,#2993,.T.);
#1204=ORIENTED_EDGE('',*,*,#2445,.T.);
#1205=ORIENTED_EDGE('',*,*,#2992,.F.);
#1206=ORIENTED_EDGE('',*,*,#2789,.T.);
#1207=ORIENTED_EDGE('',*,*,#2989,.T.);
#1208=ORIENTED_EDGE('',*,*,#2440,.T.);
#1209=ORIENTED_EDGE('',*,*,#2993,.F.);
#1210=ORIENTED_EDGE('',*,*,#2782,.T.);
#1211=ORIENTED_EDGE('',*,*,#2994,.T.);
#1212=ORIENTED_EDGE('',*,*,#2435,.T.);
#1213=ORIENTED_EDGE('',*,*,#2995,.F.);
#1214=ORIENTED_EDGE('',*,*,#2787,.T.);
#1215=ORIENTED_EDGE('',*,*,#2996,.T.);
#1216=ORIENTED_EDGE('',*,*,#2436,.T.);
#1217=ORIENTED_EDGE('',*,*,#2994,.F.);
#1218=ORIENTED_EDGE('',*,*,#2786,.T.);
#1219=ORIENTED_EDGE('',*,*,#2997,.T.);
#1220=ORIENTED_EDGE('',*,*,#2437,.T.);
#1221=ORIENTED_EDGE('',*,*,#2996,.F.);
#1222=ORIENTED_EDGE('',*,*,#2785,.T.);
#1223=ORIENTED_EDGE('',*,*,#2998,.T.);
#1224=ORIENTED_EDGE('',*,*,#2438,.T.);
#1225=ORIENTED_EDGE('',*,*,#2997,.F.);
#1226=ORIENTED_EDGE('',*,*,#2784,.T.);
#1227=ORIENTED_EDGE('',*,*,#2999,.T.);
#1228=ORIENTED_EDGE('',*,*,#2439,.T.);
#1229=ORIENTED_EDGE('',*,*,#2998,.F.);
#1230=ORIENTED_EDGE('',*,*,#2783,.T.);
#1231=ORIENTED_EDGE('',*,*,#2995,.T.);
#1232=ORIENTED_EDGE('',*,*,#2434,.T.);
#1233=ORIENTED_EDGE('',*,*,#2999,.F.);
#1234=ORIENTED_EDGE('',*,*,#2776,.T.);
#1235=ORIENTED_EDGE('',*,*,#3000,.T.);
#1236=ORIENTED_EDGE('',*,*,#2429,.T.);
#1237=ORIENTED_EDGE('',*,*,#3001,.F.);
#1238=ORIENTED_EDGE('',*,*,#2781,.T.);
#1239=ORIENTED_EDGE('',*,*,#3002,.T.);
#1240=ORIENTED_EDGE('',*,*,#2430,.T.);
#1241=ORIENTED_EDGE('',*,*,#3000,.F.);
#1242=ORIENTED_EDGE('',*,*,#2780,.T.);
#1243=ORIENTED_EDGE('',*,*,#3003,.T.);
#1244=ORIENTED_EDGE('',*,*,#2431,.T.);
#1245=ORIENTED_EDGE('',*,*,#3002,.F.);
#1246=ORIENTED_EDGE('',*,*,#2779,.T.);
#1247=ORIENTED_EDGE('',*,*,#3004,.T.);
#1248=ORIENTED_EDGE('',*,*,#2432,.T.);
#1249=ORIENTED_EDGE('',*,*,#3003,.F.);
#1250=ORIENTED_EDGE('',*,*,#2778,.T.);
#1251=ORIENTED_EDGE('',*,*,#3005,.T.);
#1252=ORIENTED_EDGE('',*,*,#2433,.T.);
#1253=ORIENTED_EDGE('',*,*,#3004,.F.);
#1254=ORIENTED_EDGE('',*,*,#2777,.T.);
#1255=ORIENTED_EDGE('',*,*,#3001,.T.);
#1256=ORIENTED_EDGE('',*,*,#2428,.T.);
#1257=ORIENTED_EDGE('',*,*,#3005,.F.);
#1258=ORIENTED_EDGE('',*,*,#2770,.T.);
#1259=ORIENTED_EDGE('',*,*,#3006,.T.);
#1260=ORIENTED_EDGE('',*,*,#2423,.T.);
#1261=ORIENTED_EDGE('',*,*,#3007,.F.);
#1262=ORIENTED_EDGE('',*,*,#2775,.T.);
#1263=ORIENTED_EDGE('',*,*,#3008,.T.);
#1264=ORIENTED_EDGE('',*,*,#2424,.T.);
#1265=ORIENTED_EDGE('',*,*,#3006,.F.);
#1266=ORIENTED_EDGE('',*,*,#2774,.T.);
#1267=ORIENTED_EDGE('',*,*,#3009,.T.);
#1268=ORIENTED_EDGE('',*,*,#2425,.T.);
#1269=ORIENTED_EDGE('',*,*,#3008,.F.);
#1270=ORIENTED_EDGE('',*,*,#2773,.T.);
#1271=ORIENTED_EDGE('',*,*,#3010,.T.);
#1272=ORIENTED_EDGE('',*,*,#2426,.T.);
#1273=ORIENTED_EDGE('',*,*,#3009,.F.);
#1274=ORIENTED_EDGE('',*,*,#2772,.T.);
#1275=ORIENTED_EDGE('',*,*,#3011,.T.);
#1276=ORIENTED_EDGE('',*,*,#2427,.T.);
#1277=ORIENTED_EDGE('',*,*,#3010,.F.);
#1278=ORIENTED_EDGE('',*,*,#2771,.T.);
#1279=ORIENTED_EDGE('',*,*,#3007,.T.);
#1280=ORIENTED_EDGE('',*,*,#2422,.T.);
#1281=ORIENTED_EDGE('',*,*,#3011,.F.);
#1282=ORIENTED_EDGE('',*,*,#2764,.T.);
#1283=ORIENTED_EDGE('',*,*,#3012,.T.);
#1284=ORIENTED_EDGE('',*,*,#2417,.T.);
#1285=ORIENTED_EDGE('',*,*,#3013,.F.);
#1286=ORIENTED_EDGE('',*,*,#2769,.T.);
#1287=ORIENTED_EDGE('',*,*,#3014,.T.);
#1288=ORIENTED_EDGE('',*,*,#2418,.T.);
#1289=ORIENTED_EDGE('',*,*,#3012,.F.);
#1290=ORIENTED_EDGE('',*,*,#2768,.T.);
#1291=ORIENTED_EDGE('',*,*,#3015,.T.);
#1292=ORIENTED_EDGE('',*,*,#2419,.T.);
#1293=ORIENTED_EDGE('',*,*,#3014,.F.);
#1294=ORIENTED_EDGE('',*,*,#2767,.T.);
#1295=ORIENTED_EDGE('',*,*,#3016,.T.);
#1296=ORIENTED_EDGE('',*,*,#2420,.T.);
#1297=ORIENTED_EDGE('',*,*,#3015,.F.);
#1298=ORIENTED_EDGE('',*,*,#2766,.T.);
#1299=ORIENTED_EDGE('',*,*,#3017,.T.);
#1300=ORIENTED_EDGE('',*,*,#2421,.T.);
#1301=ORIENTED_EDGE('',*,*,#3016,.F.);
#1302=ORIENTED_EDGE('',*,*,#2765,.T.);
#1303=ORIENTED_EDGE('',*,*,#3013,.T.);
#1304=ORIENTED_EDGE('',*,*,#2416,.T.);
#1305=ORIENTED_EDGE('',*,*,#3017,.F.);
#1306=ORIENTED_EDGE('',*,*,#2758,.T.);
#1307=ORIENTED_EDGE('',*,*,#3018,.T.);
#1308=ORIENTED_EDGE('',*,*,#2411,.T.);
#1309=ORIENTED_EDGE('',*,*,#3019,.F.);
#1310=ORIENTED_EDGE('',*,*,#2763,.T.);
#1311=ORIENTED_EDGE('',*,*,#3020,.T.);
#1312=ORIENTED_EDGE('',*,*,#2412,.T.);
#1313=ORIENTED_EDGE('',*,*,#3018,.F.);
#1314=ORIENTED_EDGE('',*,*,#2762,.T.);
#1315=ORIENTED_EDGE('',*,*,#3021,.T.);
#1316=ORIENTED_EDGE('',*,*,#2413,.T.);
#1317=ORIENTED_EDGE('',*,*,#3020,.F.);
#1318=ORIENTED_EDGE('',*,*,#2761,.T.);
#1319=ORIENTED_EDGE('',*,*,#3022,.T.);
#1320=ORIENTED_EDGE('',*,*,#2414,.T.);
#1321=ORIENTED_EDGE('',*,*,#3021,.F.);
#1322=ORIENTED_EDGE('',*,*,#2760,.T.);
#1323=ORIENTED_EDGE('',*,*,#3023,.T.);
#1324=ORIENTED_EDGE('',*,*,#2415,.T.);
#1325=ORIENTED_EDGE('',*,*,#3022,.F.);
#1326=ORIENTED_EDGE('',*,*,#2759,.T.);
#1327=ORIENTED_EDGE('',*,*,#3019,.T.);
#1328=ORIENTED_EDGE('',*,*,#2410,.T.);
#1329=ORIENTED_EDGE('',*,*,#3023,.F.);
#1330=ORIENTED_EDGE('',*,*,#2752,.T.);
#1331=ORIENTED_EDGE('',*,*,#3024,.T.);
#1332=ORIENTED_EDGE('',*,*,#2405,.T.);
#1333=ORIENTED_EDGE('',*,*,#3025,.F.);
#1334=ORIENTED_EDGE('',*,*,#2757,.T.);
#1335=ORIENTED_EDGE('',*,*,#3026,.T.);
#1336=ORIENTED_EDGE('',*,*,#2406,.T.);
#1337=ORIENTED_EDGE('',*,*,#3024,.F.);
#1338=ORIENTED_EDGE('',*,*,#2756,.T.);
#1339=ORIENTED_EDGE('',*,*,#3027,.T.);
#1340=ORIENTED_EDGE('',*,*,#2407,.T.);
#1341=ORIENTED_EDGE('',*,*,#3026,.F.);
#1342=ORIENTED_EDGE('',*,*,#2755,.T.);
#1343=ORIENTED_EDGE('',*,*,#3028,.T.);
#1344=ORIENTED_EDGE('',*,*,#2408,.T.);
#1345=ORIENTED_EDGE('',*,*,#3027,.F.);
#1346=ORIENTED_EDGE('',*,*,#2754,.T.);
#1347=ORIENTED_EDGE('',*,*,#3029,.T.);
#1348=ORIENTED_EDGE('',*,*,#2409,.T.);
#1349=ORIENTED_EDGE('',*,*,#3028,.F.);
#1350=ORIENTED_EDGE('',*,*,#2753,.T.);
#1351=ORIENTED_EDGE('',*,*,#3025,.T.);
#1352=ORIENTED_EDGE('',*,*,#2404,.T.);
#1353=ORIENTED_EDGE('',*,*,#3029,.F.);
#1354=ORIENTED_EDGE('',*,*,#2746,.T.);
#1355=ORIENTED_EDGE('',*,*,#3030,.T.);
#1356=ORIENTED_EDGE('',*,*,#2399,.T.);
#1357=ORIENTED_EDGE('',*,*,#3031,.F.);
#1358=ORIENTED_EDGE('',*,*,#2751,.T.);
#1359=ORIENTED_EDGE('',*,*,#3032,.T.);
#1360=ORIENTED_EDGE('',*,*,#2400,.T.);
#1361=ORIENTED_EDGE('',*,*,#3030,.F.);
#1362=ORIENTED_EDGE('',*,*,#2750,.T.);
#1363=ORIENTED_EDGE('',*,*,#3033,.T.);
#1364=ORIENTED_EDGE('',*,*,#2401,.T.);
#1365=ORIENTED_EDGE('',*,*,#3032,.F.);
#1366=ORIENTED_EDGE('',*,*,#2749,.T.);
#1367=ORIENTED_EDGE('',*,*,#3034,.T.);
#1368=ORIENTED_EDGE('',*,*,#2402,.T.);
#1369=ORIENTED_EDGE('',*,*,#3033,.F.);
#1370=ORIENTED_EDGE('',*,*,#2748,.T.);
#1371=ORIENTED_EDGE('',*,*,#3035,.T.);
#1372=ORIENTED_EDGE('',*,*,#2403,.T.);
#1373=ORIENTED_EDGE('',*,*,#3034,.F.);
#1374=ORIENTED_EDGE('',*,*,#2747,.T.);
#1375=ORIENTED_EDGE('',*,*,#3031,.T.);
#1376=ORIENTED_EDGE('',*,*,#2398,.T.);
#1377=ORIENTED_EDGE('',*,*,#3035,.F.);
#1378=ORIENTED_EDGE('',*,*,#2740,.T.);
#1379=ORIENTED_EDGE('',*,*,#3036,.T.);
#1380=ORIENTED_EDGE('',*,*,#2393,.T.);
#1381=ORIENTED_EDGE('',*,*,#3037,.F.);
#1382=ORIENTED_EDGE('',*,*,#2745,.T.);
#1383=ORIENTED_EDGE('',*,*,#3038,.T.);
#1384=ORIENTED_EDGE('',*,*,#2394,.T.);
#1385=ORIENTED_EDGE('',*,*,#3036,.F.);
#1386=ORIENTED_EDGE('',*,*,#2744,.T.);
#1387=ORIENTED_EDGE('',*,*,#3039,.T.);
#1388=ORIENTED_EDGE('',*,*,#2395,.T.);
#1389=ORIENTED_EDGE('',*,*,#3038,.F.);
#1390=ORIENTED_EDGE('',*,*,#2743,.T.);
#1391=ORIENTED_EDGE('',*,*,#3040,.T.);
#1392=ORIENTED_EDGE('',*,*,#2396,.T.);
#1393=ORIENTED_EDGE('',*,*,#3039,.F.);
#1394=ORIENTED_EDGE('',*,*,#2742,.T.);
#1395=ORIENTED_EDGE('',*,*,#3041,.T.);
#1396=ORIENTED_EDGE('',*,*,#2397,.T.);
#1397=ORIENTED_EDGE('',*,*,#3040,.F.);
#1398=ORIENTED_EDGE('',*,*,#2741,.T.);
#1399=ORIENTED_EDGE('',*,*,#3037,.T.);
#1400=ORIENTED_EDGE('',*,*,#2392,.T.);
#1401=ORIENTED_EDGE('',*,*,#3041,.F.);
#1402=ORIENTED_EDGE('',*,*,#2734,.T.);
#1403=ORIENTED_EDGE('',*,*,#3042,.T.);
#1404=ORIENTED_EDGE('',*,*,#2387,.T.);
#1405=ORIENTED_EDGE('',*,*,#3043,.F.);
#1406=ORIENTED_EDGE('',*,*,#2739,.T.);
#1407=ORIENTED_EDGE('',*,*,#3044,.T.);
#1408=ORIENTED_EDGE('',*,*,#2388,.T.);
#1409=ORIENTED_EDGE('',*,*,#3042,.F.);
#1410=ORIENTED_EDGE('',*,*,#2738,.T.);
#1411=ORIENTED_EDGE('',*,*,#3045,.T.);
#1412=ORIENTED_EDGE('',*,*,#2389,.T.);
#1413=ORIENTED_EDGE('',*,*,#3044,.F.);
#1414=ORIENTED_EDGE('',*,*,#2737,.T.);
#1415=ORIENTED_EDGE('',*,*,#3046,.T.);
#1416=ORIENTED_EDGE('',*,*,#2390,.T.);
#1417=ORIENTED_EDGE('',*,*,#3045,.F.);
#1418=ORIENTED_EDGE('',*,*,#2736,.T.);
#1419=ORIENTED_EDGE('',*,*,#3047,.T.);
#1420=ORIENTED_EDGE('',*,*,#2391,.T.);
#1421=ORIENTED_EDGE('',*,*,#3046,.F.);
#1422=ORIENTED_EDGE('',*,*,#2735,.T.);
#1423=ORIENTED_EDGE('',*,*,#3043,.T.);
#1424=ORIENTED_EDGE('',*,*,#2386,.T.);
#1425=ORIENTED_EDGE('',*,*,#3047,.F.);
#1426=ORIENTED_EDGE('',*,*,#2728,.T.);
#1427=ORIENTED_EDGE('',*,*,#3048,.T.);
#1428=ORIENTED_EDGE('',*,*,#2381,.T.);
#1429=ORIENTED_EDGE('',*,*,#3049,.F.);
#1430=ORIENTED_EDGE('',*,*,#2733,.T.);
#1431=ORIENTED_EDGE('',*,*,#3050,.T.);
#1432=ORIENTED_EDGE('',*,*,#2382,.T.);
#1433=ORIENTED_EDGE('',*,*,#3048,.F.);
#1434=ORIENTED_EDGE('',*,*,#2732,.T.);
#1435=ORIENTED_EDGE('',*,*,#3051,.T.);
#1436=ORIENTED_EDGE('',*,*,#2383,.T.);
#1437=ORIENTED_EDGE('',*,*,#3050,.F.);
#1438=ORIENTED_EDGE('',*,*,#2731,.T.);
#1439=ORIENTED_EDGE('',*,*,#3052,.T.);
#1440=ORIENTED_EDGE('',*,*,#2384,.T.);
#1441=ORIENTED_EDGE('',*,*,#3051,.F.);
#1442=ORIENTED_EDGE('',*,*,#2730,.T.);
#1443=ORIENTED_EDGE('',*,*,#3053,.T.);
#1444=ORIENTED_EDGE('',*,*,#2385,.T.);
#1445=ORIENTED_EDGE('',*,*,#3052,.F.);
#1446=ORIENTED_EDGE('',*,*,#2729,.T.);
#1447=ORIENTED_EDGE('',*,*,#3049,.T.);
#1448=ORIENTED_EDGE('',*,*,#2380,.T.);
#1449=ORIENTED_EDGE('',*,*,#3053,.F.);
#1450=ORIENTED_EDGE('',*,*,#2722,.T.);
#1451=ORIENTED_EDGE('',*,*,#3054,.T.);
#1452=ORIENTED_EDGE('',*,*,#2375,.T.);
#1453=ORIENTED_EDGE('',*,*,#3055,.F.);
#1454=ORIENTED_EDGE('',*,*,#2727,.T.);
#1455=ORIENTED_EDGE('',*,*,#3056,.T.);
#1456=ORIENTED_EDGE('',*,*,#2376,.T.);
#1457=ORIENTED_EDGE('',*,*,#3054,.F.);
#1458=ORIENTED_EDGE('',*,*,#2726,.T.);
#1459=ORIENTED_EDGE('',*,*,#3057,.T.);
#1460=ORIENTED_EDGE('',*,*,#2377,.T.);
#1461=ORIENTED_EDGE('',*,*,#3056,.F.);
#1462=ORIENTED_EDGE('',*,*,#2725,.T.);
#1463=ORIENTED_EDGE('',*,*,#3058,.T.);
#1464=ORIENTED_EDGE('',*,*,#2378,.T.);
#1465=ORIENTED_EDGE('',*,*,#3057,.F.);
#1466=ORIENTED_EDGE('',*,*,#2724,.T.);
#1467=ORIENTED_EDGE('',*,*,#3059,.T.);
#1468=ORIENTED_EDGE('',*,*,#2379,.T.);
#1469=ORIENTED_EDGE('',*,*,#3058,.F.);
#1470=ORIENTED_EDGE('',*,*,#2723,.T.);
#1471=ORIENTED_EDGE('',*,*,#3055,.T.);
#1472=ORIENTED_EDGE('',*,*,#2374,.T.);
#1473=ORIENTED_EDGE('',*,*,#3059,.F.);
#1474=ORIENTED_EDGE('',*,*,#2716,.T.);
#1475=ORIENTED_EDGE('',*,*,#3060,.T.);
#1476=ORIENTED_EDGE('',*,*,#2369,.T.);
#1477=ORIENTED_EDGE('',*,*,#3061,.F.);
#1478=ORIENTED_EDGE('',*,*,#2721,.T.);
#1479=ORIENTED_EDGE('',*,*,#3062,.T.);
#1480=ORIENTED_EDGE('',*,*,#2370,.T.);
#1481=ORIENTED_EDGE('',*,*,#3060,.F.);
#1482=ORIENTED_EDGE('',*,*,#2720,.T.);
#1483=ORIENTED_EDGE('',*,*,#3063,.T.);
#1484=ORIENTED_EDGE('',*,*,#2371,.T.);
#1485=ORIENTED_EDGE('',*,*,#3062,.F.);
#1486=ORIENTED_EDGE('',*,*,#2719,.T.);
#1487=ORIENTED_EDGE('',*,*,#3064,.T.);
#1488=ORIENTED_EDGE('',*,*,#2372,.T.);
#1489=ORIENTED_EDGE('',*,*,#3063,.F.);
#1490=ORIENTED_EDGE('',*,*,#2718,.T.);
#1491=ORIENTED_EDGE('',*,*,#3065,.T.);
#1492=ORIENTED_EDGE('',*,*,#2373,.T.);
#1493=ORIENTED_EDGE('',*,*,#3064,.F.);
#1494=ORIENTED_EDGE('',*,*,#2717,.T.);
#1495=ORIENTED_EDGE('',*,*,#3061,.T.);
#1496=ORIENTED_EDGE('',*,*,#2368,.T.);
#1497=ORIENTED_EDGE('',*,*,#3065,.F.);
#1498=ORIENTED_EDGE('',*,*,#2710,.T.);
#1499=ORIENTED_EDGE('',*,*,#3066,.T.);
#1500=ORIENTED_EDGE('',*,*,#2363,.T.);
#1501=ORIENTED_EDGE('',*,*,#3067,.F.);
#1502=ORIENTED_EDGE('',*,*,#2715,.T.);
#1503=ORIENTED_EDGE('',*,*,#3068,.T.);
#1504=ORIENTED_EDGE('',*,*,#2364,.T.);
#1505=ORIENTED_EDGE('',*,*,#3066,.F.);
#1506=ORIENTED_EDGE('',*,*,#2714,.T.);
#1507=ORIENTED_EDGE('',*,*,#3069,.T.);
#1508=ORIENTED_EDGE('',*,*,#2365,.T.);
#1509=ORIENTED_EDGE('',*,*,#3068,.F.);
#1510=ORIENTED_EDGE('',*,*,#2713,.T.);
#1511=ORIENTED_EDGE('',*,*,#3070,.T.);
#1512=ORIENTED_EDGE('',*,*,#2366,.T.);
#1513=ORIENTED_EDGE('',*,*,#3069,.F.);
#1514=ORIENTED_EDGE('',*,*,#2712,.T.);
#1515=ORIENTED_EDGE('',*,*,#3071,.T.);
#1516=ORIENTED_EDGE('',*,*,#2367,.T.);
#1517=ORIENTED_EDGE('',*,*,#3070,.F.);
#1518=ORIENTED_EDGE('',*,*,#2711,.T.);
#1519=ORIENTED_EDGE('',*,*,#3067,.T.);
#1520=ORIENTED_EDGE('',*,*,#2362,.T.);
#1521=ORIENTED_EDGE('',*,*,#3071,.F.);
#1522=ORIENTED_EDGE('',*,*,#2704,.T.);
#1523=ORIENTED_EDGE('',*,*,#3072,.T.);
#1524=ORIENTED_EDGE('',*,*,#2357,.T.);
#1525=ORIENTED_EDGE('',*,*,#3073,.F.);
#1526=ORIENTED_EDGE('',*,*,#2709,.T.);
#1527=ORIENTED_EDGE('',*,*,#3074,.T.);
#1528=ORIENTED_EDGE('',*,*,#2358,.T.);
#1529=ORIENTED_EDGE('',*,*,#3072,.F.);
#1530=ORIENTED_EDGE('',*,*,#2708,.T.);
#1531=ORIENTED_EDGE('',*,*,#3075,.T.);
#1532=ORIENTED_EDGE('',*,*,#2359,.T.);
#1533=ORIENTED_EDGE('',*,*,#3074,.F.);
#1534=ORIENTED_EDGE('',*,*,#2707,.T.);
#1535=ORIENTED_EDGE('',*,*,#3076,.T.);
#1536=ORIENTED_EDGE('',*,*,#2360,.T.);
#1537=ORIENTED_EDGE('',*,*,#3075,.F.);
#1538=ORIENTED_EDGE('',*,*,#2706,.T.);
#1539=ORIENTED_EDGE('',*,*,#3077,.T.);
#1540=ORIENTED_EDGE('',*,*,#2361,.T.);
#1541=ORIENTED_EDGE('',*,*,#3076,.F.);
#1542=ORIENTED_EDGE('',*,*,#2705,.T.);
#1543=ORIENTED_EDGE('',*,*,#3073,.T.);
#1544=ORIENTED_EDGE('',*,*,#2356,.T.);
#1545=ORIENTED_EDGE('',*,*,#3077,.F.);
#1546=ORIENTED_EDGE('',*,*,#2698,.T.);
#1547=ORIENTED_EDGE('',*,*,#3078,.T.);
#1548=ORIENTED_EDGE('',*,*,#2351,.T.);
#1549=ORIENTED_EDGE('',*,*,#3079,.F.);
#1550=ORIENTED_EDGE('',*,*,#2703,.T.);
#1551=ORIENTED_EDGE('',*,*,#3080,.T.);
#1552=ORIENTED_EDGE('',*,*,#2352,.T.);
#1553=ORIENTED_EDGE('',*,*,#3078,.F.);
#1554=ORIENTED_EDGE('',*,*,#2702,.T.);
#1555=ORIENTED_EDGE('',*,*,#3081,.T.);
#1556=ORIENTED_EDGE('',*,*,#2353,.T.);
#1557=ORIENTED_EDGE('',*,*,#3080,.F.);
#1558=ORIENTED_EDGE('',*,*,#2701,.T.);
#1559=ORIENTED_EDGE('',*,*,#3082,.T.);
#1560=ORIENTED_EDGE('',*,*,#2354,.T.);
#1561=ORIENTED_EDGE('',*,*,#3081,.F.);
#1562=ORIENTED_EDGE('',*,*,#2700,.T.);
#1563=ORIENTED_EDGE('',*,*,#3083,.T.);
#1564=ORIENTED_EDGE('',*,*,#2355,.T.);
#1565=ORIENTED_EDGE('',*,*,#3082,.F.);
#1566=ORIENTED_EDGE('',*,*,#2699,.T.);
#1567=ORIENTED_EDGE('',*,*,#3079,.T.);
#1568=ORIENTED_EDGE('',*,*,#2350,.T.);
#1569=ORIENTED_EDGE('',*,*,#3083,.F.);
#1570=ORIENTED_EDGE('',*,*,#2692,.T.);
#1571=ORIENTED_EDGE('',*,*,#3084,.T.);
#1572=ORIENTED_EDGE('',*,*,#2345,.T.);
#1573=ORIENTED_EDGE('',*,*,#3085,.F.);
#1574=ORIENTED_EDGE('',*,*,#2697,.T.);
#1575=ORIENTED_EDGE('',*,*,#3086,.T.);
#1576=ORIENTED_EDGE('',*,*,#2346,.T.);
#1577=ORIENTED_EDGE('',*,*,#3084,.F.);
#1578=ORIENTED_EDGE('',*,*,#2696,.T.);
#1579=ORIENTED_EDGE('',*,*,#3087,.T.);
#1580=ORIENTED_EDGE('',*,*,#2347,.T.);
#1581=ORIENTED_EDGE('',*,*,#3086,.F.);
#1582=ORIENTED_EDGE('',*,*,#2695,.T.);
#1583=ORIENTED_EDGE('',*,*,#3088,.T.);
#1584=ORIENTED_EDGE('',*,*,#2348,.T.);
#1585=ORIENTED_EDGE('',*,*,#3087,.F.);
#1586=ORIENTED_EDGE('',*,*,#2694,.T.);
#1587=ORIENTED_EDGE('',*,*,#3089,.T.);
#1588=ORIENTED_EDGE('',*,*,#2349,.T.);
#1589=ORIENTED_EDGE('',*,*,#3088,.F.);
#1590=ORIENTED_EDGE('',*,*,#2693,.T.);
#1591=ORIENTED_EDGE('',*,*,#3085,.T.);
#1592=ORIENTED_EDGE('',*,*,#2344,.T.);
#1593=ORIENTED_EDGE('',*,*,#3089,.F.);
#1594=ORIENTED_EDGE('',*,*,#2686,.T.);
#1595=ORIENTED_EDGE('',*,*,#3090,.T.);
#1596=ORIENTED_EDGE('',*,*,#2339,.T.);
#1597=ORIENTED_EDGE('',*,*,#3091,.F.);
#1598=ORIENTED_EDGE('',*,*,#2691,.T.);
#1599=ORIENTED_EDGE('',*,*,#3092,.T.);
#1600=ORIENTED_EDGE('',*,*,#2340,.T.);
#1601=ORIENTED_EDGE('',*,*,#3090,.F.);
#1602=ORIENTED_EDGE('',*,*,#2690,.T.);
#1603=ORIENTED_EDGE('',*,*,#3093,.T.);
#1604=ORIENTED_EDGE('',*,*,#2341,.T.);
#1605=ORIENTED_EDGE('',*,*,#3092,.F.);
#1606=ORIENTED_EDGE('',*,*,#2689,.T.);
#1607=ORIENTED_EDGE('',*,*,#3094,.T.);
#1608=ORIENTED_EDGE('',*,*,#2342,.T.);
#1609=ORIENTED_EDGE('',*,*,#3093,.F.);
#1610=ORIENTED_EDGE('',*,*,#2688,.T.);
#1611=ORIENTED_EDGE('',*,*,#3095,.T.);
#1612=ORIENTED_EDGE('',*,*,#2343,.T.);
#1613=ORIENTED_EDGE('',*,*,#3094,.F.);
#1614=ORIENTED_EDGE('',*,*,#2687,.T.);
#1615=ORIENTED_EDGE('',*,*,#3091,.T.);
#1616=ORIENTED_EDGE('',*,*,#2338,.T.);
#1617=ORIENTED_EDGE('',*,*,#3095,.F.);
#1618=ORIENTED_EDGE('',*,*,#2680,.T.);
#1619=ORIENTED_EDGE('',*,*,#3096,.T.);
#1620=ORIENTED_EDGE('',*,*,#2333,.T.);
#1621=ORIENTED_EDGE('',*,*,#3097,.F.);
#1622=ORIENTED_EDGE('',*,*,#2685,.T.);
#1623=ORIENTED_EDGE('',*,*,#3098,.T.);
#1624=ORIENTED_EDGE('',*,*,#2334,.T.);
#1625=ORIENTED_EDGE('',*,*,#3096,.F.);
#1626=ORIENTED_EDGE('',*,*,#2684,.T.);
#1627=ORIENTED_EDGE('',*,*,#3099,.T.);
#1628=ORIENTED_EDGE('',*,*,#2335,.T.);
#1629=ORIENTED_EDGE('',*,*,#3098,.F.);
#1630=ORIENTED_EDGE('',*,*,#2683,.T.);
#1631=ORIENTED_EDGE('',*,*,#3100,.T.);
#1632=ORIENTED_EDGE('',*,*,#2336,.T.);
#1633=ORIENTED_EDGE('',*,*,#3099,.F.);
#1634=ORIENTED_EDGE('',*,*,#2682,.T.);
#1635=ORIENTED_EDGE('',*,*,#3101,.T.);
#1636=ORIENTED_EDGE('',*,*,#2337,.T.);
#1637=ORIENTED_EDGE('',*,*,#3100,.F.);
#1638=ORIENTED_EDGE('',*,*,#2681,.T.);
#1639=ORIENTED_EDGE('',*,*,#3097,.T.);
#1640=ORIENTED_EDGE('',*,*,#2332,.T.);
#1641=ORIENTED_EDGE('',*,*,#3101,.F.);
#1642=ORIENTED_EDGE('',*,*,#2674,.T.);
#1643=ORIENTED_EDGE('',*,*,#3102,.T.);
#1644=ORIENTED_EDGE('',*,*,#2327,.T.);
#1645=ORIENTED_EDGE('',*,*,#3103,.F.);
#1646=ORIENTED_EDGE('',*,*,#2679,.T.);
#1647=ORIENTED_EDGE('',*,*,#3104,.T.);
#1648=ORIENTED_EDGE('',*,*,#2328,.T.);
#1649=ORIENTED_EDGE('',*,*,#3102,.F.);
#1650=ORIENTED_EDGE('',*,*,#2678,.T.);
#1651=ORIENTED_EDGE('',*,*,#3105,.T.);
#1652=ORIENTED_EDGE('',*,*,#2329,.T.);
#1653=ORIENTED_EDGE('',*,*,#3104,.F.);
#1654=ORIENTED_EDGE('',*,*,#2677,.T.);
#1655=ORIENTED_EDGE('',*,*,#3106,.T.);
#1656=ORIENTED_EDGE('',*,*,#2330,.T.);
#1657=ORIENTED_EDGE('',*,*,#3105,.F.);
#1658=ORIENTED_EDGE('',*,*,#2676,.T.);
#1659=ORIENTED_EDGE('',*,*,#3107,.T.);
#1660=ORIENTED_EDGE('',*,*,#2331,.T.);
#1661=ORIENTED_EDGE('',*,*,#3106,.F.);
#1662=ORIENTED_EDGE('',*,*,#2675,.T.);
#1663=ORIENTED_EDGE('',*,*,#3103,.T.);
#1664=ORIENTED_EDGE('',*,*,#2326,.T.);
#1665=ORIENTED_EDGE('',*,*,#3107,.F.);
#1666=ORIENTED_EDGE('',*,*,#2668,.T.);
#1667=ORIENTED_EDGE('',*,*,#3108,.T.);
#1668=ORIENTED_EDGE('',*,*,#2321,.T.);
#1669=ORIENTED_EDGE('',*,*,#3109,.F.);
#1670=ORIENTED_EDGE('',*,*,#2673,.T.);
#1671=ORIENTED_EDGE('',*,*,#3110,.T.);
#1672=ORIENTED_EDGE('',*,*,#2322,.T.);
#1673=ORIENTED_EDGE('',*,*,#3108,.F.);
#1674=ORIENTED_EDGE('',*,*,#2672,.T.);
#1675=ORIENTED_EDGE('',*,*,#3111,.T.);
#1676=ORIENTED_EDGE('',*,*,#2323,.T.);
#1677=ORIENTED_EDGE('',*,*,#3110,.F.);
#1678=ORIENTED_EDGE('',*,*,#2671,.T.);
#1679=ORIENTED_EDGE('',*,*,#3112,.T.);
#1680=ORIENTED_EDGE('',*,*,#2324,.T.);
#1681=ORIENTED_EDGE('',*,*,#3111,.F.);
#1682=ORIENTED_EDGE('',*,*,#2670,.T.);
#1683=ORIENTED_EDGE('',*,*,#3113,.T.);
#1684=ORIENTED_EDGE('',*,*,#2325,.T.);
#1685=ORIENTED_EDGE('',*,*,#3112,.F.);
#1686=ORIENTED_EDGE('',*,*,#2669,.T.);
#1687=ORIENTED_EDGE('',*,*,#3109,.T.);
#1688=ORIENTED_EDGE('',*,*,#2320,.T.);
#1689=ORIENTED_EDGE('',*,*,#3113,.F.);
#1690=ORIENTED_EDGE('',*,*,#2662,.T.);
#1691=ORIENTED_EDGE('',*,*,#3114,.T.);
#1692=ORIENTED_EDGE('',*,*,#2315,.T.);
#1693=ORIENTED_EDGE('',*,*,#3115,.F.);
#1694=ORIENTED_EDGE('',*,*,#2667,.T.);
#1695=ORIENTED_EDGE('',*,*,#3116,.T.);
#1696=ORIENTED_EDGE('',*,*,#2316,.T.);
#1697=ORIENTED_EDGE('',*,*,#3114,.F.);
#1698=ORIENTED_EDGE('',*,*,#2666,.T.);
#1699=ORIENTED_EDGE('',*,*,#3117,.T.);
#1700=ORIENTED_EDGE('',*,*,#2317,.T.);
#1701=ORIENTED_EDGE('',*,*,#3116,.F.);
#1702=ORIENTED_EDGE('',*,*,#2665,.T.);
#1703=ORIENTED_EDGE('',*,*,#3118,.T.);
#1704=ORIENTED_EDGE('',*,*,#2318,.T.);
#1705=ORIENTED_EDGE('',*,*,#3117,.F.);
#1706=ORIENTED_EDGE('',*,*,#2664,.T.);
#1707=ORIENTED_EDGE('',*,*,#3119,.T.);
#1708=ORIENTED_EDGE('',*,*,#2319,.T.);
#1709=ORIENTED_EDGE('',*,*,#3118,.F.);
#1710=ORIENTED_EDGE('',*,*,#2663,.T.);
#1711=ORIENTED_EDGE('',*,*,#3115,.T.);
#1712=ORIENTED_EDGE('',*,*,#2314,.T.);
#1713=ORIENTED_EDGE('',*,*,#3119,.F.);
#1714=ORIENTED_EDGE('',*,*,#2656,.T.);
#1715=ORIENTED_EDGE('',*,*,#3120,.T.);
#1716=ORIENTED_EDGE('',*,*,#2309,.T.);
#1717=ORIENTED_EDGE('',*,*,#3121,.F.);
#1718=ORIENTED_EDGE('',*,*,#2661,.T.);
#1719=ORIENTED_EDGE('',*,*,#3122,.T.);
#1720=ORIENTED_EDGE('',*,*,#2310,.T.);
#1721=ORIENTED_EDGE('',*,*,#3120,.F.);
#1722=ORIENTED_EDGE('',*,*,#2660,.T.);
#1723=ORIENTED_EDGE('',*,*,#3123,.T.);
#1724=ORIENTED_EDGE('',*,*,#2311,.T.);
#1725=ORIENTED_EDGE('',*,*,#3122,.F.);
#1726=ORIENTED_EDGE('',*,*,#2659,.T.);
#1727=ORIENTED_EDGE('',*,*,#3124,.T.);
#1728=ORIENTED_EDGE('',*,*,#2312,.T.);
#1729=ORIENTED_EDGE('',*,*,#3123,.F.);
#1730=ORIENTED_EDGE('',*,*,#2658,.T.);
#1731=ORIENTED_EDGE('',*,*,#3125,.T.);
#1732=ORIENTED_EDGE('',*,*,#2313,.T.);
#1733=ORIENTED_EDGE('',*,*,#3124,.F.);
#1734=ORIENTED_EDGE('',*,*,#2657,.T.);
#1735=ORIENTED_EDGE('',*,*,#3121,.T.);
#1736=ORIENTED_EDGE('',*,*,#2308,.T.);
#1737=ORIENTED_EDGE('',*,*,#3125,.F.);
#1738=ORIENTED_EDGE('',*,*,#2650,.T.);
#1739=ORIENTED_EDGE('',*,*,#3126,.T.);
#1740=ORIENTED_EDGE('',*,*,#2303,.T.);
#1741=ORIENTED_EDGE('',*,*,#3127,.F.);
#1742=ORIENTED_EDGE('',*,*,#2655,.T.);
#1743=ORIENTED_EDGE('',*,*,#3128,.T.);
#1744=ORIENTED_EDGE('',*,*,#2304,.T.);
#1745=ORIENTED_EDGE('',*,*,#3126,.F.);
#1746=ORIENTED_EDGE('',*,*,#2654,.T.);
#1747=ORIENTED_EDGE('',*,*,#3129,.T.);
#1748=ORIENTED_EDGE('',*,*,#2305,.T.);
#1749=ORIENTED_EDGE('',*,*,#3128,.F.);
#1750=ORIENTED_EDGE('',*,*,#2653,.T.);
#1751=ORIENTED_EDGE('',*,*,#3130,.T.);
#1752=ORIENTED_EDGE('',*,*,#2306,.T.);
#1753=ORIENTED_EDGE('',*,*,#3129,.F.);
#1754=ORIENTED_EDGE('',*,*,#2652,.T.);
#1755=ORIENTED_EDGE('',*,*,#3131,.T.);
#1756=ORIENTED_EDGE('',*,*,#2307,.T.);
#1757=ORIENTED_EDGE('',*,*,#3130,.F.);
#1758=ORIENTED_EDGE('',*,*,#2651,.T.);
#1759=ORIENTED_EDGE('',*,*,#3127,.T.);
#1760=ORIENTED_EDGE('',*,*,#2302,.T.);
#1761=ORIENTED_EDGE('',*,*,#3131,.F.);
#1762=ORIENTED_EDGE('',*,*,#2644,.T.);
#1763=ORIENTED_EDGE('',*,*,#3132,.T.);
#1764=ORIENTED_EDGE('',*,*,#2297,.T.);
#1765=ORIENTED_EDGE('',*,*,#3133,.F.);
#1766=ORIENTED_EDGE('',*,*,#2649,.T.);
#1767=ORIENTED_EDGE('',*,*,#3134,.T.);
#1768=ORIENTED_EDGE('',*,*,#2298,.T.);
#1769=ORIENTED_EDGE('',*,*,#3132,.F.);
#1770=ORIENTED_EDGE('',*,*,#2648,.T.);
#1771=ORIENTED_EDGE('',*,*,#3135,.T.);
#1772=ORIENTED_EDGE('',*,*,#2299,.T.);
#1773=ORIENTED_EDGE('',*,*,#3134,.F.);
#1774=ORIENTED_EDGE('',*,*,#2647,.T.);
#1775=ORIENTED_EDGE('',*,*,#3136,.T.);
#1776=ORIENTED_EDGE('',*,*,#2300,.T.);
#1777=ORIENTED_EDGE('',*,*,#3135,.F.);
#1778=ORIENTED_EDGE('',*,*,#2646,.T.);
#1779=ORIENTED_EDGE('',*,*,#3137,.T.);
#1780=ORIENTED_EDGE('',*,*,#2301,.T.);
#1781=ORIENTED_EDGE('',*,*,#3136,.F.);
#1782=ORIENTED_EDGE('',*,*,#2645,.T.);
#1783=ORIENTED_EDGE('',*,*,#3133,.T.);
#1784=ORIENTED_EDGE('',*,*,#2296,.T.);
#1785=ORIENTED_EDGE('',*,*,#3137,.F.);
#1786=ORIENTED_EDGE('',*,*,#2638,.T.);
#1787=ORIENTED_EDGE('',*,*,#3138,.T.);
#1788=ORIENTED_EDGE('',*,*,#2291,.T.);
#1789=ORIENTED_EDGE('',*,*,#3139,.F.);
#1790=ORIENTED_EDGE('',*,*,#2643,.T.);
#1791=ORIENTED_EDGE('',*,*,#3140,.T.);
#1792=ORIENTED_EDGE('',*,*,#2292,.T.);
#1793=ORIENTED_EDGE('',*,*,#3138,.F.);
#1794=ORIENTED_EDGE('',*,*,#2642,.T.);
#1795=ORIENTED_EDGE('',*,*,#3141,.T.);
#1796=ORIENTED_EDGE('',*,*,#2293,.T.);
#1797=ORIENTED_EDGE('',*,*,#3140,.F.);
#1798=ORIENTED_EDGE('',*,*,#2641,.T.);
#1799=ORIENTED_EDGE('',*,*,#3142,.T.);
#1800=ORIENTED_EDGE('',*,*,#2294,.T.);
#1801=ORIENTED_EDGE('',*,*,#3141,.F.);
#1802=ORIENTED_EDGE('',*,*,#2640,.T.);
#1803=ORIENTED_EDGE('',*,*,#3143,.T.);
#1804=ORIENTED_EDGE('',*,*,#2295,.T.);
#1805=ORIENTED_EDGE('',*,*,#3142,.F.);
#1806=ORIENTED_EDGE('',*,*,#2639,.T.);
#1807=ORIENTED_EDGE('',*,*,#3139,.T.);
#1808=ORIENTED_EDGE('',*,*,#2290,.T.);
#1809=ORIENTED_EDGE('',*,*,#3143,.F.);
#1810=ORIENTED_EDGE('',*,*,#2632,.T.);
#1811=ORIENTED_EDGE('',*,*,#3144,.T.);
#1812=ORIENTED_EDGE('',*,*,#2285,.T.);
#1813=ORIENTED_EDGE('',*,*,#3145,.F.);
#1814=ORIENTED_EDGE('',*,*,#2637,.T.);
#1815=ORIENTED_EDGE('',*,*,#3146,.T.);
#1816=ORIENTED_EDGE('',*,*,#2286,.T.);
#1817=ORIENTED_EDGE('',*,*,#3144,.F.);
#1818=ORIENTED_EDGE('',*,*,#2636,.T.);
#1819=ORIENTED_EDGE('',*,*,#3147,.T.);
#1820=ORIENTED_EDGE('',*,*,#2287,.T.);
#1821=ORIENTED_EDGE('',*,*,#3146,.F.);
#1822=ORIENTED_EDGE('',*,*,#2635,.T.);
#1823=ORIENTED_EDGE('',*,*,#3148,.T.);
#1824=ORIENTED_EDGE('',*,*,#2288,.T.);
#1825=ORIENTED_EDGE('',*,*,#3147,.F.);
#1826=ORIENTED_EDGE('',*,*,#2634,.T.);
#1827=ORIENTED_EDGE('',*,*,#3149,.T.);
#1828=ORIENTED_EDGE('',*,*,#2289,.T.);
#1829=ORIENTED_EDGE('',*,*,#3148,.F.);
#1830=ORIENTED_EDGE('',*,*,#2633,.T.);
#1831=ORIENTED_EDGE('',*,*,#3145,.T.);
#1832=ORIENTED_EDGE('',*,*,#2284,.T.);
#1833=ORIENTED_EDGE('',*,*,#3149,.F.);
#1834=ORIENTED_EDGE('',*,*,#2626,.T.);
#1835=ORIENTED_EDGE('',*,*,#3150,.T.);
#1836=ORIENTED_EDGE('',*,*,#2279,.T.);
#1837=ORIENTED_EDGE('',*,*,#3151,.F.);
#1838=ORIENTED_EDGE('',*,*,#2631,.T.);
#1839=ORIENTED_EDGE('',*,*,#3152,.T.);
#1840=ORIENTED_EDGE('',*,*,#2280,.T.);
#1841=ORIENTED_EDGE('',*,*,#3150,.F.);
#1842=ORIENTED_EDGE('',*,*,#2630,.T.);
#1843=ORIENTED_EDGE('',*,*,#3153,.T.);
#1844=ORIENTED_EDGE('',*,*,#2281,.T.);
#1845=ORIENTED_EDGE('',*,*,#3152,.F.);
#1846=ORIENTED_EDGE('',*,*,#2629,.T.);
#1847=ORIENTED_EDGE('',*,*,#3154,.T.);
#1848=ORIENTED_EDGE('',*,*,#2282,.T.);
#1849=ORIENTED_EDGE('',*,*,#3153,.F.);
#1850=ORIENTED_EDGE('',*,*,#2628,.T.);
#1851=ORIENTED_EDGE('',*,*,#3155,.T.);
#1852=ORIENTED_EDGE('',*,*,#2283,.T.);
#1853=ORIENTED_EDGE('',*,*,#3154,.F.);
#1854=ORIENTED_EDGE('',*,*,#2627,.T.);
#1855=ORIENTED_EDGE('',*,*,#3151,.T.);
#1856=ORIENTED_EDGE('',*,*,#2278,.T.);
#1857=ORIENTED_EDGE('',*,*,#3155,.F.);
#1858=ORIENTED_EDGE('',*,*,#2620,.T.);
#1859=ORIENTED_EDGE('',*,*,#3156,.T.);
#1860=ORIENTED_EDGE('',*,*,#2273,.T.);
#1861=ORIENTED_EDGE('',*,*,#3157,.F.);
#1862=ORIENTED_EDGE('',*,*,#2625,.T.);
#1863=ORIENTED_EDGE('',*,*,#3158,.T.);
#1864=ORIENTED_EDGE('',*,*,#2274,.T.);
#1865=ORIENTED_EDGE('',*,*,#3156,.F.);
#1866=ORIENTED_EDGE('',*,*,#2624,.T.);
#1867=ORIENTED_EDGE('',*,*,#3159,.T.);
#1868=ORIENTED_EDGE('',*,*,#2275,.T.);
#1869=ORIENTED_EDGE('',*,*,#3158,.F.);
#1870=ORIENTED_EDGE('',*,*,#2623,.T.);
#1871=ORIENTED_EDGE('',*,*,#3160,.T.);
#1872=ORIENTED_EDGE('',*,*,#2276,.T.);
#1873=ORIENTED_EDGE('',*,*,#3159,.F.);
#1874=ORIENTED_EDGE('',*,*,#2622,.T.);
#1875=ORIENTED_EDGE('',*,*,#3161,.T.);
#1876=ORIENTED_EDGE('',*,*,#2277,.T.);
#1877=ORIENTED_EDGE('',*,*,#3160,.F.);
#1878=ORIENTED_EDGE('',*,*,#2621,.T.);
#1879=ORIENTED_EDGE('',*,*,#3157,.T.);
#1880=ORIENTED_EDGE('',*,*,#2272,.T.);
#1881=ORIENTED_EDGE('',*,*,#3161,.F.);
#1882=ORIENTED_EDGE('',*,*,#2614,.T.);
#1883=ORIENTED_EDGE('',*,*,#3162,.T.);
#1884=ORIENTED_EDGE('',*,*,#2267,.T.);
#1885=ORIENTED_EDGE('',*,*,#3163,.F.);
#1886=ORIENTED_EDGE('',*,*,#2619,.T.);
#1887=ORIENTED_EDGE('',*,*,#3164,.T.);
#1888=ORIENTED_EDGE('',*,*,#2268,.T.);
#1889=ORIENTED_EDGE('',*,*,#3162,.F.);
#1890=ORIENTED_EDGE('',*,*,#2618,.T.);
#1891=ORIENTED_EDGE('',*,*,#3165,.T.);
#1892=ORIENTED_EDGE('',*,*,#2269,.T.);
#1893=ORIENTED_EDGE('',*,*,#3164,.F.);
#1894=ORIENTED_EDGE('',*,*,#2617,.T.);
#1895=ORIENTED_EDGE('',*,*,#3166,.T.);
#1896=ORIENTED_EDGE('',*,*,#2270,.T.);
#1897=ORIENTED_EDGE('',*,*,#3165,.F.);
#1898=ORIENTED_EDGE('',*,*,#2616,.T.);
#1899=ORIENTED_EDGE('',*,*,#3167,.T.);
#1900=ORIENTED_EDGE('',*,*,#2271,.T.);
#1901=ORIENTED_EDGE('',*,*,#3166,.F.);
#1902=ORIENTED_EDGE('',*,*,#2615,.T.);
#1903=ORIENTED_EDGE('',*,*,#3163,.T.);
#1904=ORIENTED_EDGE('',*,*,#2266,.T.);
#1905=ORIENTED_EDGE('',*,*,#3167,.F.);
#1906=ORIENTED_EDGE('',*,*,#2608,.T.);
#1907=ORIENTED_EDGE('',*,*,#3168,.T.);
#1908=ORIENTED_EDGE('',*,*,#2261,.T.);
#1909=ORIENTED_EDGE('',*,*,#3169,.F.);
#1910=ORIENTED_EDGE('',*,*,#2613,.T.);
#1911=ORIENTED_EDGE('',*,*,#3170,.T.);
#1912=ORIENTED_EDGE('',*,*,#2262,.T.);
#1913=ORIENTED_EDGE('',*,*,#3168,.F.);
#1914=ORIENTED_EDGE('',*,*,#2612,.T.);
#1915=ORIENTED_EDGE('',*,*,#3171,.T.);
#1916=ORIENTED_EDGE('',*,*,#2263,.T.);
#1917=ORIENTED_EDGE('',*,*,#3170,.F.);
#1918=ORIENTED_EDGE('',*,*,#2611,.T.);
#1919=ORIENTED_EDGE('',*,*,#3172,.T.);
#1920=ORIENTED_EDGE('',*,*,#2264,.T.);
#1921=ORIENTED_EDGE('',*,*,#3171,.F.);
#1922=ORIENTED_EDGE('',*,*,#2610,.T.);
#1923=ORIENTED_EDGE('',*,*,#3173,.T.);
#1924=ORIENTED_EDGE('',*,*,#2265,.T.);
#1925=ORIENTED_EDGE('',*,*,#3172,.F.);
#1926=ORIENTED_EDGE('',*,*,#2609,.T.);
#1927=ORIENTED_EDGE('',*,*,#3169,.T.);
#1928=ORIENTED_EDGE('',*,*,#2260,.T.);
#1929=ORIENTED_EDGE('',*,*,#3173,.F.);
#1930=ORIENTED_EDGE('',*,*,#2602,.T.);
#1931=ORIENTED_EDGE('',*,*,#3174,.T.);
#1932=ORIENTED_EDGE('',*,*,#2255,.T.);
#1933=ORIENTED_EDGE('',*,*,#3175,.F.);
#1934=ORIENTED_EDGE('',*,*,#2607,.T.);
#1935=ORIENTED_EDGE('',*,*,#3176,.T.);
#1936=ORIENTED_EDGE('',*,*,#2256,.T.);
#1937=ORIENTED_EDGE('',*,*,#3174,.F.);
#1938=ORIENTED_EDGE('',*,*,#2606,.T.);
#1939=ORIENTED_EDGE('',*,*,#3177,.T.);
#1940=ORIENTED_EDGE('',*,*,#2257,.T.);
#1941=ORIENTED_EDGE('',*,*,#3176,.F.);
#1942=ORIENTED_EDGE('',*,*,#2605,.T.);
#1943=ORIENTED_EDGE('',*,*,#3178,.T.);
#1944=ORIENTED_EDGE('',*,*,#2258,.T.);
#1945=ORIENTED_EDGE('',*,*,#3177,.F.);
#1946=ORIENTED_EDGE('',*,*,#2604,.T.);
#1947=ORIENTED_EDGE('',*,*,#3179,.T.);
#1948=ORIENTED_EDGE('',*,*,#2259,.T.);
#1949=ORIENTED_EDGE('',*,*,#3178,.F.);
#1950=ORIENTED_EDGE('',*,*,#2603,.T.);
#1951=ORIENTED_EDGE('',*,*,#3175,.T.);
#1952=ORIENTED_EDGE('',*,*,#2254,.T.);
#1953=ORIENTED_EDGE('',*,*,#3179,.F.);
#1954=ORIENTED_EDGE('',*,*,#2596,.T.);
#1955=ORIENTED_EDGE('',*,*,#3180,.T.);
#1956=ORIENTED_EDGE('',*,*,#2249,.T.);
#1957=ORIENTED_EDGE('',*,*,#3181,.F.);
#1958=ORIENTED_EDGE('',*,*,#2601,.T.);
#1959=ORIENTED_EDGE('',*,*,#3182,.T.);
#1960=ORIENTED_EDGE('',*,*,#2250,.T.);
#1961=ORIENTED_EDGE('',*,*,#3180,.F.);
#1962=ORIENTED_EDGE('',*,*,#2600,.T.);
#1963=ORIENTED_EDGE('',*,*,#3183,.T.);
#1964=ORIENTED_EDGE('',*,*,#2251,.T.);
#1965=ORIENTED_EDGE('',*,*,#3182,.F.);
#1966=ORIENTED_EDGE('',*,*,#2599,.T.);
#1967=ORIENTED_EDGE('',*,*,#3184,.T.);
#1968=ORIENTED_EDGE('',*,*,#2252,.T.);
#1969=ORIENTED_EDGE('',*,*,#3183,.F.);
#1970=ORIENTED_EDGE('',*,*,#2598,.T.);
#1971=ORIENTED_EDGE('',*,*,#3185,.T.);
#1972=ORIENTED_EDGE('',*,*,#2253,.T.);
#1973=ORIENTED_EDGE('',*,*,#3184,.F.);
#1974=ORIENTED_EDGE('',*,*,#2597,.T.);
#1975=ORIENTED_EDGE('',*,*,#3181,.T.);
#1976=ORIENTED_EDGE('',*,*,#2248,.T.);
#1977=ORIENTED_EDGE('',*,*,#3185,.F.);
#1978=ORIENTED_EDGE('',*,*,#2590,.T.);
#1979=ORIENTED_EDGE('',*,*,#3186,.T.);
#1980=ORIENTED_EDGE('',*,*,#2243,.T.);
#1981=ORIENTED_EDGE('',*,*,#3187,.F.);
#1982=ORIENTED_EDGE('',*,*,#2595,.T.);
#1983=ORIENTED_EDGE('',*,*,#3188,.T.);
#1984=ORIENTED_EDGE('',*,*,#2244,.T.);
#1985=ORIENTED_EDGE('',*,*,#3186,.F.);
#1986=ORIENTED_EDGE('',*,*,#2594,.T.);
#1987=ORIENTED_EDGE('',*,*,#3189,.T.);
#1988=ORIENTED_EDGE('',*,*,#2245,.T.);
#1989=ORIENTED_EDGE('',*,*,#3188,.F.);
#1990=ORIENTED_EDGE('',*,*,#2593,.T.);
#1991=ORIENTED_EDGE('',*,*,#3190,.T.);
#1992=ORIENTED_EDGE('',*,*,#2246,.T.);
#1993=ORIENTED_EDGE('',*,*,#3189,.F.);
#1994=ORIENTED_EDGE('',*,*,#2592,.T.);
#1995=ORIENTED_EDGE('',*,*,#3191,.T.);
#1996=ORIENTED_EDGE('',*,*,#2247,.T.);
#1997=ORIENTED_EDGE('',*,*,#3190,.F.);
#1998=ORIENTED_EDGE('',*,*,#2591,.T.);
#1999=ORIENTED_EDGE('',*,*,#3187,.T.);
#2000=ORIENTED_EDGE('',*,*,#2242,.T.);
#2001=ORIENTED_EDGE('',*,*,#3191,.F.);
#2002=ORIENTED_EDGE('',*,*,#2584,.T.);
#2003=ORIENTED_EDGE('',*,*,#3192,.T.);
#2004=ORIENTED_EDGE('',*,*,#2237,.T.);
#2005=ORIENTED_EDGE('',*,*,#3193,.F.);
#2006=ORIENTED_EDGE('',*,*,#2589,.T.);
#2007=ORIENTED_EDGE('',*,*,#3194,.T.);
#2008=ORIENTED_EDGE('',*,*,#2238,.T.);
#2009=ORIENTED_EDGE('',*,*,#3192,.F.);
#2010=ORIENTED_EDGE('',*,*,#2588,.T.);
#2011=ORIENTED_EDGE('',*,*,#3195,.T.);
#2012=ORIENTED_EDGE('',*,*,#2239,.T.);
#2013=ORIENTED_EDGE('',*,*,#3194,.F.);
#2014=ORIENTED_EDGE('',*,*,#2587,.T.);
#2015=ORIENTED_EDGE('',*,*,#3196,.T.);
#2016=ORIENTED_EDGE('',*,*,#2240,.T.);
#2017=ORIENTED_EDGE('',*,*,#3195,.F.);
#2018=ORIENTED_EDGE('',*,*,#2586,.T.);
#2019=ORIENTED_EDGE('',*,*,#3197,.T.);
#2020=ORIENTED_EDGE('',*,*,#2241,.T.);
#2021=ORIENTED_EDGE('',*,*,#3196,.F.);
#2022=ORIENTED_EDGE('',*,*,#2585,.T.);
#2023=ORIENTED_EDGE('',*,*,#3193,.T.);
#2024=ORIENTED_EDGE('',*,*,#2236,.T.);
#2025=ORIENTED_EDGE('',*,*,#3197,.F.);
#2026=ORIENTED_EDGE('',*,*,#2578,.T.);
#2027=ORIENTED_EDGE('',*,*,#3198,.T.);
#2028=ORIENTED_EDGE('',*,*,#2231,.T.);
#2029=ORIENTED_EDGE('',*,*,#3199,.F.);
#2030=ORIENTED_EDGE('',*,*,#2583,.T.);
#2031=ORIENTED_EDGE('',*,*,#3200,.T.);
#2032=ORIENTED_EDGE('',*,*,#2232,.T.);
#2033=ORIENTED_EDGE('',*,*,#3198,.F.);
#2034=ORIENTED_EDGE('',*,*,#2582,.T.);
#2035=ORIENTED_EDGE('',*,*,#3201,.T.);
#2036=ORIENTED_EDGE('',*,*,#2233,.T.);
#2037=ORIENTED_EDGE('',*,*,#3200,.F.);
#2038=ORIENTED_EDGE('',*,*,#2581,.T.);
#2039=ORIENTED_EDGE('',*,*,#3202,.T.);
#2040=ORIENTED_EDGE('',*,*,#2234,.T.);
#2041=ORIENTED_EDGE('',*,*,#3201,.F.);
#2042=ORIENTED_EDGE('',*,*,#2580,.T.);
#2043=ORIENTED_EDGE('',*,*,#3203,.T.);
#2044=ORIENTED_EDGE('',*,*,#2235,.T.);
#2045=ORIENTED_EDGE('',*,*,#3202,.F.);
#2046=ORIENTED_EDGE('',*,*,#2579,.T.);
#2047=ORIENTED_EDGE('',*,*,#3199,.T.);
#2048=ORIENTED_EDGE('',*,*,#2230,.T.);
#2049=ORIENTED_EDGE('',*,*,#3203,.F.);
#2050=ORIENTED_EDGE('',*,*,#2572,.T.);
#2051=ORIENTED_EDGE('',*,*,#3204,.T.);
#2052=ORIENTED_EDGE('',*,*,#2225,.T.);
#2053=ORIENTED_EDGE('',*,*,#3205,.F.);
#2054=ORIENTED_EDGE('',*,*,#2577,.T.);
#2055=ORIENTED_EDGE('',*,*,#3206,.T.);
#2056=ORIENTED_EDGE('',*,*,#2226,.T.);
#2057=ORIENTED_EDGE('',*,*,#3204,.F.);
#2058=ORIENTED_EDGE('',*,*,#2576,.T.);
#2059=ORIENTED_EDGE('',*,*,#3207,.T.);
#2060=ORIENTED_EDGE('',*,*,#2227,.T.);
#2061=ORIENTED_EDGE('',*,*,#3206,.F.);
#2062=ORIENTED_EDGE('',*,*,#2575,.T.);
#2063=ORIENTED_EDGE('',*,*,#3208,.T.);
#2064=ORIENTED_EDGE('',*,*,#2228,.T.);
#2065=ORIENTED_EDGE('',*,*,#3207,.F.);
#2066=ORIENTED_EDGE('',*,*,#2574,.T.);
#2067=ORIENTED_EDGE('',*,*,#3209,.T.);
#2068=ORIENTED_EDGE('',*,*,#2229,.T.);
#2069=ORIENTED_EDGE('',*,*,#3208,.F.);
#2070=ORIENTED_EDGE('',*,*,#2573,.T.);
#2071=ORIENTED_EDGE('',*,*,#3205,.T.);
#2072=ORIENTED_EDGE('',*,*,#2224,.T.);
#2073=ORIENTED_EDGE('',*,*,#3209,.F.);
#2074=ORIENTED_EDGE('',*,*,#2566,.T.);
#2075=ORIENTED_EDGE('',*,*,#3210,.T.);
#2076=ORIENTED_EDGE('',*,*,#2219,.T.);
#2077=ORIENTED_EDGE('',*,*,#3211,.F.);
#2078=ORIENTED_EDGE('',*,*,#2571,.T.);
#2079=ORIENTED_EDGE('',*,*,#3212,.T.);
#2080=ORIENTED_EDGE('',*,*,#2220,.T.);
#2081=ORIENTED_EDGE('',*,*,#3210,.F.);
#2082=ORIENTED_EDGE('',*,*,#2570,.T.);
#2083=ORIENTED_EDGE('',*,*,#3213,.T.);
#2084=ORIENTED_EDGE('',*,*,#2221,.T.);
#2085=ORIENTED_EDGE('',*,*,#3212,.F.);
#2086=ORIENTED_EDGE('',*,*,#2569,.T.);
#2087=ORIENTED_EDGE('',*,*,#3214,.T.);
#2088=ORIENTED_EDGE('',*,*,#2222,.T.);
#2089=ORIENTED_EDGE('',*,*,#3213,.F.);
#2090=ORIENTED_EDGE('',*,*,#2568,.T.);
#2091=ORIENTED_EDGE('',*,*,#3215,.T.);
#2092=ORIENTED_EDGE('',*,*,#2223,.T.);
#2093=ORIENTED_EDGE('',*,*,#3214,.F.);
#2094=ORIENTED_EDGE('',*,*,#2567,.T.);
#2095=ORIENTED_EDGE('',*,*,#3211,.T.);
#2096=ORIENTED_EDGE('',*,*,#2218,.T.);
#2097=ORIENTED_EDGE('',*,*,#3215,.F.);
#2098=ORIENTED_EDGE('',*,*,#2560,.T.);
#2099=ORIENTED_EDGE('',*,*,#3216,.T.);
#2100=ORIENTED_EDGE('',*,*,#2213,.T.);
#2101=ORIENTED_EDGE('',*,*,#3217,.F.);
#2102=ORIENTED_EDGE('',*,*,#2565,.T.);
#2103=ORIENTED_EDGE('',*,*,#3218,.T.);
#2104=ORIENTED_EDGE('',*,*,#2214,.T.);
#2105=ORIENTED_EDGE('',*,*,#3216,.F.);
#2106=ORIENTED_EDGE('',*,*,#2564,.T.);
#2107=ORIENTED_EDGE('',*,*,#3219,.T.);
#2108=ORIENTED_EDGE('',*,*,#2215,.T.);
#2109=ORIENTED_EDGE('',*,*,#3218,.F.);
#2110=ORIENTED_EDGE('',*,*,#2563,.T.);
#2111=ORIENTED_EDGE('',*,*,#3220,.T.);
#2112=ORIENTED_EDGE('',*,*,#2216,.T.);
#2113=ORIENTED_EDGE('',*,*,#3219,.F.);
#2114=ORIENTED_EDGE('',*,*,#2562,.T.);
#2115=ORIENTED_EDGE('',*,*,#3221,.T.);
#2116=ORIENTED_EDGE('',*,*,#2217,.T.);
#2117=ORIENTED_EDGE('',*,*,#3220,.F.);
#2118=ORIENTED_EDGE('',*,*,#2561,.T.);
#2119=ORIENTED_EDGE('',*,*,#3217,.T.);
#2120=ORIENTED_EDGE('',*,*,#2212,.T.);
#2121=ORIENTED_EDGE('',*,*,#3221,.F.);
#2122=ORIENTED_EDGE('',*,*,#2554,.T.);
#2123=ORIENTED_EDGE('',*,*,#3222,.T.);
#2124=ORIENTED_EDGE('',*,*,#2207,.T.);
#2125=ORIENTED_EDGE('',*,*,#3223,.F.);
#2126=ORIENTED_EDGE('',*,*,#2559,.T.);
#2127=ORIENTED_EDGE('',*,*,#3224,.T.);
#2128=ORIENTED_EDGE('',*,*,#2208,.T.);
#2129=ORIENTED_EDGE('',*,*,#3222,.F.);
#2130=ORIENTED_EDGE('',*,*,#2558,.T.);
#2131=ORIENTED_EDGE('',*,*,#3225,.T.);
#2132=ORIENTED_EDGE('',*,*,#2209,.T.);
#2133=ORIENTED_EDGE('',*,*,#3224,.F.);
#2134=ORIENTED_EDGE('',*,*,#2557,.T.);
#2135=ORIENTED_EDGE('',*,*,#3226,.T.);
#2136=ORIENTED_EDGE('',*,*,#2210,.T.);
#2137=ORIENTED_EDGE('',*,*,#3225,.F.);
#2138=ORIENTED_EDGE('',*,*,#2556,.T.);
#2139=ORIENTED_EDGE('',*,*,#3227,.T.);
#2140=ORIENTED_EDGE('',*,*,#2211,.T.);
#2141=ORIENTED_EDGE('',*,*,#3226,.F.);
#2142=ORIENTED_EDGE('',*,*,#2555,.T.);
#2143=ORIENTED_EDGE('',*,*,#3223,.T.);
#2144=ORIENTED_EDGE('',*,*,#2206,.T.);
#2145=ORIENTED_EDGE('',*,*,#3227,.F.);
#2146=ORIENTED_EDGE('',*,*,#2548,.T.);
#2147=ORIENTED_EDGE('',*,*,#3228,.T.);
#2148=ORIENTED_EDGE('',*,*,#2201,.T.);
#2149=ORIENTED_EDGE('',*,*,#3229,.F.);
#2150=ORIENTED_EDGE('',*,*,#2553,.T.);
#2151=ORIENTED_EDGE('',*,*,#3230,.T.);
#2152=ORIENTED_EDGE('',*,*,#2202,.T.);
#2153=ORIENTED_EDGE('',*,*,#3228,.F.);
#2154=ORIENTED_EDGE('',*,*,#2552,.T.);
#2155=ORIENTED_EDGE('',*,*,#3231,.T.);
#2156=ORIENTED_EDGE('',*,*,#2203,.T.);
#2157=ORIENTED_EDGE('',*,*,#3230,.F.);
#2158=ORIENTED_EDGE('',*,*,#2551,.T.);
#2159=ORIENTED_EDGE('',*,*,#3232,.T.);
#2160=ORIENTED_EDGE('',*,*,#2204,.T.);
#2161=ORIENTED_EDGE('',*,*,#3231,.F.);
#2162=ORIENTED_EDGE('',*,*,#2550,.T.);
#2163=ORIENTED_EDGE('',*,*,#3233,.T.);
#2164=ORIENTED_EDGE('',*,*,#2205,.T.);
#2165=ORIENTED_EDGE('',*,*,#3232,.F.);
#2166=ORIENTED_EDGE('',*,*,#2549,.T.);
#2167=ORIENTED_EDGE('',*,*,#3229,.T.);
#2168=ORIENTED_EDGE('',*,*,#2200,.T.);
#2169=ORIENTED_EDGE('',*,*,#3233,.F.);
#2170=ORIENTED_EDGE('',*,*,#2542,.T.);
#2171=ORIENTED_EDGE('',*,*,#3234,.T.);
#2172=ORIENTED_EDGE('',*,*,#2195,.T.);
#2173=ORIENTED_EDGE('',*,*,#3235,.F.);
#2174=ORIENTED_EDGE('',*,*,#2547,.T.);
#2175=ORIENTED_EDGE('',*,*,#3236,.T.);
#2176=ORIENTED_EDGE('',*,*,#2196,.T.);
#2177=ORIENTED_EDGE('',*,*,#3234,.F.);
#2178=ORIENTED_EDGE('',*,*,#2546,.T.);
#2179=ORIENTED_EDGE('',*,*,#3237,.T.);
#2180=ORIENTED_EDGE('',*,*,#2197,.T.);
#2181=ORIENTED_EDGE('',*,*,#3236,.F.);
#2182=ORIENTED_EDGE('',*,*,#2545,.T.);
#2183=ORIENTED_EDGE('',*,*,#3238,.T.);
#2184=ORIENTED_EDGE('',*,*,#2198,.T.);
#2185=ORIENTED_EDGE('',*,*,#3237,.F.);
#2186=ORIENTED_EDGE('',*,*,#2544,.T.);
#2187=ORIENTED_EDGE('',*,*,#3239,.T.);
#2188=ORIENTED_EDGE('',*,*,#2199,.T.);
#2189=ORIENTED_EDGE('',*,*,#3238,.F.);
#2190=ORIENTED_EDGE('',*,*,#2543,.T.);
#2191=ORIENTED_EDGE('',*,*,#3235,.T.);
#2192=ORIENTED_EDGE('',*,*,#2194,.T.);
#2193=ORIENTED_EDGE('',*,*,#3239,.F.);
#2194=EDGE_CURVE('',#3240,#3241,#3952,.T.);
#2195=EDGE_CURVE('',#3242,#3240,#3953,.T.);
#2196=EDGE_CURVE('',#3243,#3242,#3954,.T.);
#2197=EDGE_CURVE('',#3244,#3243,#3955,.T.);
#2198=EDGE_CURVE('',#3245,#3244,#3956,.T.);
#2199=EDGE_CURVE('',#3241,#3245,#3957,.T.);
#2200=EDGE_CURVE('',#3246,#3247,#3958,.T.);
#2201=EDGE_CURVE('',#3248,#3246,#3959,.T.);
#2202=EDGE_CURVE('',#3249,#3248,#3960,.T.);
#2203=EDGE_CURVE('',#3250,#3249,#3961,.T.);
#2204=EDGE_CURVE('',#3251,#3250,#3962,.T.);
#2205=EDGE_CURVE('',#3247,#3251,#3963,.T.);
#2206=EDGE_CURVE('',#3252,#3253,#3964,.T.);
#2207=EDGE_CURVE('',#3254,#3252,#3965,.T.);
#2208=EDGE_CURVE('',#3255,#3254,#3966,.T.);
#2209=EDGE_CURVE('',#3256,#3255,#3967,.T.);
#2210=EDGE_CURVE('',#3257,#3256,#3968,.T.);
#2211=EDGE_CURVE('',#3253,#3257,#3969,.T.);
#2212=EDGE_CURVE('',#3258,#3259,#3970,.T.);
#2213=EDGE_CURVE('',#3260,#3258,#3971,.T.);
#2214=EDGE_CURVE('',#3261,#3260,#3972,.T.);
#2215=EDGE_CURVE('',#3262,#3261,#3973,.T.);
#2216=EDGE_CURVE('',#3263,#3262,#3974,.T.);
#2217=EDGE_CURVE('',#3259,#3263,#3975,.T.);
#2218=EDGE_CURVE('',#3264,#3265,#3976,.T.);
#2219=EDGE_CURVE('',#3266,#3264,#3977,.T.);
#2220=EDGE_CURVE('',#3267,#3266,#3978,.T.);
#2221=EDGE_CURVE('',#3268,#3267,#3979,.T.);
#2222=EDGE_CURVE('',#3269,#3268,#3980,.T.);
#2223=EDGE_CURVE('',#3265,#3269,#3981,.T.);
#2224=EDGE_CURVE('',#3270,#3271,#3982,.T.);
#2225=EDGE_CURVE('',#3272,#3270,#3983,.T.);
#2226=EDGE_CURVE('',#3273,#3272,#3984,.T.);
#2227=EDGE_CURVE('',#3274,#3273,#3985,.T.);
#2228=EDGE_CURVE('',#3275,#3274,#3986,.T.);
#2229=EDGE_CURVE('',#3271,#3275,#3987,.T.);
#2230=EDGE_CURVE('',#3276,#3277,#3988,.T.);
#2231=EDGE_CURVE('',#3278,#3276,#3989,.T.);
#2232=EDGE_CURVE('',#3279,#3278,#3990,.T.);
#2233=EDGE_CURVE('',#3280,#3279,#3991,.T.);
#2234=EDGE_CURVE('',#3281,#3280,#3992,.T.);
#2235=EDGE_CURVE('',#3277,#3281,#3993,.T.);
#2236=EDGE_CURVE('',#3282,#3283,#3994,.T.);
#2237=EDGE_CURVE('',#3284,#3282,#3995,.T.);
#2238=EDGE_CURVE('',#3285,#3284,#3996,.T.);
#2239=EDGE_CURVE('',#3286,#3285,#3997,.T.);
#2240=EDGE_CURVE('',#3287,#3286,#3998,.T.);
#2241=EDGE_CURVE('',#3283,#3287,#3999,.T.);
#2242=EDGE_CURVE('',#3288,#3289,#4000,.T.);
#2243=EDGE_CURVE('',#3290,#3288,#4001,.T.);
#2244=EDGE_CURVE('',#3291,#3290,#4002,.T.);
#2245=EDGE_CURVE('',#3292,#3291,#4003,.T.);
#2246=EDGE_CURVE('',#3293,#3292,#4004,.T.);
#2247=EDGE_CURVE('',#3289,#3293,#4005,.T.);
#2248=EDGE_CURVE('',#3294,#3295,#4006,.T.);
#2249=EDGE_CURVE('',#3296,#3294,#4007,.T.);
#2250=EDGE_CURVE('',#3297,#3296,#4008,.T.);
#2251=EDGE_CURVE('',#3298,#3297,#4009,.T.);
#2252=EDGE_CURVE('',#3299,#3298,#4010,.T.);
#2253=EDGE_CURVE('',#3295,#3299,#4011,.T.);
#2254=EDGE_CURVE('',#3300,#3301,#4012,.T.);
#2255=EDGE_CURVE('',#3302,#3300,#4013,.T.);
#2256=EDGE_CURVE('',#3303,#3302,#4014,.T.);
#2257=EDGE_CURVE('',#3304,#3303,#4015,.T.);
#2258=EDGE_CURVE('',#3305,#3304,#4016,.T.);
#2259=EDGE_CURVE('',#3301,#3305,#4017,.T.);
#2260=EDGE_CURVE('',#3306,#3307,#4018,.T.);
#2261=EDGE_CURVE('',#3308,#3306,#4019,.T.);
#2262=EDGE_CURVE('',#3309,#3308,#4020,.T.);
#2263=EDGE_CURVE('',#3310,#3309,#4021,.T.);
#2264=EDGE_CURVE('',#3311,#3310,#4022,.T.);
#2265=EDGE_CURVE('',#3307,#3311,#4023,.T.);
#2266=EDGE_CURVE('',#3312,#3313,#4024,.T.);
#2267=EDGE_CURVE('',#3314,#3312,#4025,.T.);
#2268=EDGE_CURVE('',#3315,#3314,#4026,.T.);
#2269=EDGE_CURVE('',#3316,#3315,#4027,.T.);
#2270=EDGE_CURVE('',#3317,#3316,#4028,.T.);
#2271=EDGE_CURVE('',#3313,#3317,#4029,.T.);
#2272=EDGE_CURVE('',#3318,#3319,#4030,.T.);
#2273=EDGE_CURVE('',#3320,#3318,#4031,.T.);
#2274=EDGE_CURVE('',#3321,#3320,#4032,.T.);
#2275=EDGE_CURVE('',#3322,#3321,#4033,.T.);
#2276=EDGE_CURVE('',#3323,#3322,#4034,.T.);
#2277=EDGE_CURVE('',#3319,#3323,#4035,.T.);
#2278=EDGE_CURVE('',#3324,#3325,#4036,.T.);
#2279=EDGE_CURVE('',#3326,#3324,#4037,.T.);
#2280=EDGE_CURVE('',#3327,#3326,#4038,.T.);
#2281=EDGE_CURVE('',#3328,#3327,#4039,.T.);
#2282=EDGE_CURVE('',#3329,#3328,#4040,.T.);
#2283=EDGE_CURVE('',#3325,#3329,#4041,.T.);
#2284=EDGE_CURVE('',#3330,#3331,#4042,.T.);
#2285=EDGE_CURVE('',#3332,#3330,#4043,.T.);
#2286=EDGE_CURVE('',#3333,#3332,#4044,.T.);
#2287=EDGE_CURVE('',#3334,#3333,#4045,.T.);
#2288=EDGE_CURVE('',#3335,#3334,#4046,.T.);
#2289=EDGE_CURVE('',#3331,#3335,#4047,.T.);
#2290=EDGE_CURVE('',#3336,#3337,#4048,.T.);
#2291=EDGE_CURVE('',#3338,#3336,#4049,.T.);
#2292=EDGE_CURVE('',#3339,#3338,#4050,.T.);
#2293=EDGE_CURVE('',#3340,#3339,#4051,.T.);
#2294=EDGE_CURVE('',#3341,#3340,#4052,.T.);
#2295=EDGE_CURVE('',#3337,#3341,#4053,.T.);
#2296=EDGE_CURVE('',#3342,#3343,#4054,.T.);
#2297=EDGE_CURVE('',#3344,#3342,#4055,.T.);
#2298=EDGE_CURVE('',#3345,#3344,#4056,.T.);
#2299=EDGE_CURVE('',#3346,#3345,#4057,.T.);
#2300=EDGE_CURVE('',#3347,#3346,#4058,.T.);
#2301=EDGE_CURVE('',#3343,#3347,#4059,.T.);
#2302=EDGE_CURVE('',#3348,#3349,#4060,.T.);
#2303=EDGE_CURVE('',#3350,#3348,#4061,.T.);
#2304=EDGE_CURVE('',#3351,#3350,#4062,.T.);
#2305=EDGE_CURVE('',#3352,#3351,#4063,.T.);
#2306=EDGE_CURVE('',#3353,#3352,#4064,.T.);
#2307=EDGE_CURVE('',#3349,#3353,#4065,.T.);
#2308=EDGE_CURVE('',#3354,#3355,#4066,.T.);
#2309=EDGE_CURVE('',#3356,#3354,#4067,.T.);
#2310=EDGE_CURVE('',#3357,#3356,#4068,.T.);
#2311=EDGE_CURVE('',#3358,#3357,#4069,.T.);
#2312=EDGE_CURVE('',#3359,#3358,#4070,.T.);
#2313=EDGE_CURVE('',#3355,#3359,#4071,.T.);
#2314=EDGE_CURVE('',#3360,#3361,#4072,.T.);
#2315=EDGE_CURVE('',#3362,#3360,#4073,.T.);
#2316=EDGE_CURVE('',#3363,#3362,#4074,.T.);
#2317=EDGE_CURVE('',#3364,#3363,#4075,.T.);
#2318=EDGE_CURVE('',#3365,#3364,#4076,.T.);
#2319=EDGE_CURVE('',#3361,#3365,#4077,.T.);
#2320=EDGE_CURVE('',#3366,#3367,#4078,.T.);
#2321=EDGE_CURVE('',#3368,#3366,#4079,.T.);
#2322=EDGE_CURVE('',#3369,#3368,#4080,.T.);
#2323=EDGE_CURVE('',#3370,#3369,#4081,.T.);
#2324=EDGE_CURVE('',#3371,#3370,#4082,.T.);
#2325=EDGE_CURVE('',#3367,#3371,#4083,.T.);
#2326=EDGE_CURVE('',#3372,#3373,#4084,.T.);
#2327=EDGE_CURVE('',#3374,#3372,#4085,.T.);
#2328=EDGE_CURVE('',#3375,#3374,#4086,.T.);
#2329=EDGE_CURVE('',#3376,#3375,#4087,.T.);
#2330=EDGE_CURVE('',#3377,#3376,#4088,.T.);
#2331=EDGE_CURVE('',#3373,#3377,#4089,.T.);
#2332=EDGE_CURVE('',#3378,#3379,#4090,.T.);
#2333=EDGE_CURVE('',#3380,#3378,#4091,.T.);
#2334=EDGE_CURVE('',#3381,#3380,#4092,.T.);
#2335=EDGE_CURVE('',#3382,#3381,#4093,.T.);
#2336=EDGE_CURVE('',#3383,#3382,#4094,.T.);
#2337=EDGE_CURVE('',#3379,#3383,#4095,.T.);
#2338=EDGE_CURVE('',#3384,#3385,#4096,.T.);
#2339=EDGE_CURVE('',#3386,#3384,#4097,.T.);
#2340=EDGE_CURVE('',#3387,#3386,#4098,.T.);
#2341=EDGE_CURVE('',#3388,#3387,#4099,.T.);
#2342=EDGE_CURVE('',#3389,#3388,#4100,.T.);
#2343=EDGE_CURVE('',#3385,#3389,#4101,.T.);
#2344=EDGE_CURVE('',#3390,#3391,#4102,.T.);
#2345=EDGE_CURVE('',#3392,#3390,#4103,.T.);
#2346=EDGE_CURVE('',#3393,#3392,#4104,.T.);
#2347=EDGE_CURVE('',#3394,#3393,#4105,.T.);
#2348=EDGE_CURVE('',#3395,#3394,#4106,.T.);
#2349=EDGE_CURVE('',#3391,#3395,#4107,.T.);
#2350=EDGE_CURVE('',#3396,#3397,#4108,.T.);
#2351=EDGE_CURVE('',#3398,#3396,#4109,.T.);
#2352=EDGE_CURVE('',#3399,#3398,#4110,.T.);
#2353=EDGE_CURVE('',#3400,#3399,#4111,.T.);
#2354=EDGE_CURVE('',#3401,#3400,#4112,.T.);
#2355=EDGE_CURVE('',#3397,#3401,#4113,.T.);
#2356=EDGE_CURVE('',#3402,#3403,#4114,.T.);
#2357=EDGE_CURVE('',#3404,#3402,#4115,.T.);
#2358=EDGE_CURVE('',#3405,#3404,#4116,.T.);
#2359=EDGE_CURVE('',#3406,#3405,#4117,.T.);
#2360=EDGE_CURVE('',#3407,#3406,#4118,.T.);
#2361=EDGE_CURVE('',#3403,#3407,#4119,.T.);
#2362=EDGE_CURVE('',#3408,#3409,#4120,.T.);
#2363=EDGE_CURVE('',#3410,#3408,#4121,.T.);
#2364=EDGE_CURVE('',#3411,#3410,#4122,.T.);
#2365=EDGE_CURVE('',#3412,#3411,#4123,.T.);
#2366=EDGE_CURVE('',#3413,#3412,#4124,.T.);
#2367=EDGE_CURVE('',#3409,#3413,#4125,.T.);
#2368=EDGE_CURVE('',#3414,#3415,#4126,.T.);
#2369=EDGE_CURVE('',#3416,#3414,#4127,.T.);
#2370=EDGE_CURVE('',#3417,#3416,#4128,.T.);
#2371=EDGE_CURVE('',#3418,#3417,#4129,.T.);
#2372=EDGE_CURVE('',#3419,#3418,#4130,.T.);
#2373=EDGE_CURVE('',#3415,#3419,#4131,.T.);
#2374=EDGE_CURVE('',#3420,#3421,#4132,.T.);
#2375=EDGE_CURVE('',#3422,#3420,#4133,.T.);
#2376=EDGE_CURVE('',#3423,#3422,#4134,.T.);
#2377=EDGE_CURVE('',#3424,#3423,#4135,.T.);
#2378=EDGE_CURVE('',#3425,#3424,#4136,.T.);
#2379=EDGE_CURVE('',#3421,#3425,#4137,.T.);
#2380=EDGE_CURVE('',#3426,#3427,#4138,.T.);
#2381=EDGE_CURVE('',#3428,#3426,#4139,.T.);
#2382=EDGE_CURVE('',#3429,#3428,#4140,.T.);
#2383=EDGE_CURVE('',#3430,#3429,#4141,.T.);
#2384=EDGE_CURVE('',#3431,#3430,#4142,.T.);
#2385=EDGE_CURVE('',#3427,#3431,#4143,.T.);
#2386=EDGE_CURVE('',#3432,#3433,#4144,.T.);
#2387=EDGE_CURVE('',#3434,#3432,#4145,.T.);
#2388=EDGE_CURVE('',#3435,#3434,#4146,.T.);
#2389=EDGE_CURVE('',#3436,#3435,#4147,.T.);
#2390=EDGE_CURVE('',#3437,#3436,#4148,.T.);
#2391=EDGE_CURVE('',#3433,#3437,#4149,.T.);
#2392=EDGE_CURVE('',#3438,#3439,#4150,.T.);
#2393=EDGE_CURVE('',#3440,#3438,#4151,.T.);
#2394=EDGE_CURVE('',#3441,#3440,#4152,.T.);
#2395=EDGE_CURVE('',#3442,#3441,#4153,.T.);
#2396=EDGE_CURVE('',#3443,#3442,#4154,.T.);
#2397=EDGE_CURVE('',#3439,#3443,#4155,.T.);
#2398=EDGE_CURVE('',#3444,#3445,#4156,.T.);
#2399=EDGE_CURVE('',#3446,#3444,#4157,.T.);
#2400=EDGE_CURVE('',#3447,#3446,#4158,.T.);
#2401=EDGE_CURVE('',#3448,#3447,#4159,.T.);
#2402=EDGE_CURVE('',#3449,#3448,#4160,.T.);
#2403=EDGE_CURVE('',#3445,#3449,#4161,.T.);
#2404=EDGE_CURVE('',#3450,#3451,#4162,.T.);
#2405=EDGE_CURVE('',#3452,#3450,#4163,.T.);
#2406=EDGE_CURVE('',#3453,#3452,#4164,.T.);
#2407=EDGE_CURVE('',#3454,#3453,#4165,.T.);
#2408=EDGE_CURVE('',#3455,#3454,#4166,.T.);
#2409=EDGE_CURVE('',#3451,#3455,#4167,.T.);
#2410=EDGE_CURVE('',#3456,#3457,#4168,.T.);
#2411=EDGE_CURVE('',#3458,#3456,#4169,.T.);
#2412=EDGE_CURVE('',#3459,#3458,#4170,.T.);
#2413=EDGE_CURVE('',#3460,#3459,#4171,.T.);
#2414=EDGE_CURVE('',#3461,#3460,#4172,.T.);
#2415=EDGE_CURVE('',#3457,#3461,#4173,.T.);
#2416=EDGE_CURVE('',#3462,#3463,#4174,.T.);
#2417=EDGE_CURVE('',#3464,#3462,#4175,.T.);
#2418=EDGE_CURVE('',#3465,#3464,#4176,.T.);
#2419=EDGE_CURVE('',#3466,#3465,#4177,.T.);
#2420=EDGE_CURVE('',#3467,#3466,#4178,.T.);
#2421=EDGE_CURVE('',#3463,#3467,#4179,.T.);
#2422=EDGE_CURVE('',#3468,#3469,#4180,.T.);
#2423=EDGE_CURVE('',#3470,#3468,#4181,.T.);
#2424=EDGE_CURVE('',#3471,#3470,#4182,.T.);
#2425=EDGE_CURVE('',#3472,#3471,#4183,.T.);
#2426=EDGE_CURVE('',#3473,#3472,#4184,.T.);
#2427=EDGE_CURVE('',#3469,#3473,#4185,.T.);
#2428=EDGE_CURVE('',#3474,#3475,#4186,.T.);
#2429=EDGE_CURVE('',#3476,#3474,#4187,.T.);
#2430=EDGE_CURVE('',#3477,#3476,#4188,.T.);
#2431=EDGE_CURVE('',#3478,#3477,#4189,.T.);
#2432=EDGE_CURVE('',#3479,#3478,#4190,.T.);
#2433=EDGE_CURVE('',#3475,#3479,#4191,.T.);
#2434=EDGE_CURVE('',#3480,#3481,#4192,.T.);
#2435=EDGE_CURVE('',#3482,#3480,#4193,.T.);
#2436=EDGE_CURVE('',#3483,#3482,#4194,.T.);
#2437=EDGE_CURVE('',#3484,#3483,#4195,.T.);
#2438=EDGE_CURVE('',#3485,#3484,#4196,.T.);
#2439=EDGE_CURVE('',#3481,#3485,#4197,.T.);
#2440=EDGE_CURVE('',#3486,#3487,#4198,.T.);
#2441=EDGE_CURVE('',#3488,#3486,#4199,.T.);
#2442=EDGE_CURVE('',#3489,#3488,#4200,.T.);
#2443=EDGE_CURVE('',#3490,#3489,#4201,.T.);
#2444=EDGE_CURVE('',#3491,#3490,#4202,.T.);
#2445=EDGE_CURVE('',#3487,#3491,#4203,.T.);
#2446=EDGE_CURVE('',#3492,#3493,#4204,.T.);
#2447=EDGE_CURVE('',#3494,#3492,#4205,.T.);
#2448=EDGE_CURVE('',#3495,#3494,#4206,.T.);
#2449=EDGE_CURVE('',#3496,#3495,#4207,.T.);
#2450=EDGE_CURVE('',#3497,#3496,#4208,.T.);
#2451=EDGE_CURVE('',#3493,#3497,#4209,.T.);
#2452=EDGE_CURVE('',#3498,#3499,#4210,.T.);
#2453=EDGE_CURVE('',#3500,#3498,#4211,.T.);
#2454=EDGE_CURVE('',#3501,#3500,#4212,.T.);
#2455=EDGE_CURVE('',#3502,#3501,#4213,.T.);
#2456=EDGE_CURVE('',#3503,#3502,#4214,.T.);
#2457=EDGE_CURVE('',#3499,#3503,#4215,.T.);
#2458=EDGE_CURVE('',#3504,#3505,#4216,.T.);
#2459=EDGE_CURVE('',#3506,#3504,#4217,.T.);
#2460=EDGE_CURVE('',#3507,#3506,#4218,.T.);
#2461=EDGE_CURVE('',#3508,#3507,#4219,.T.);
#2462=EDGE_CURVE('',#3509,#3508,#4220,.T.);
#2463=EDGE_CURVE('',#3505,#3509,#4221,.T.);
#2464=EDGE_CURVE('',#3510,#3511,#4222,.T.);
#2465=EDGE_CURVE('',#3512,#3510,#4223,.T.);
#2466=EDGE_CURVE('',#3513,#3512,#4224,.T.);
#2467=EDGE_CURVE('',#3514,#3513,#4225,.T.);
#2468=EDGE_CURVE('',#3515,#3514,#4226,.T.);
#2469=EDGE_CURVE('',#3511,#3515,#4227,.T.);
#2470=EDGE_CURVE('',#3516,#3517,#4228,.T.);
#2471=EDGE_CURVE('',#3518,#3516,#4229,.T.);
#2472=EDGE_CURVE('',#3519,#3518,#4230,.T.);
#2473=EDGE_CURVE('',#3520,#3519,#4231,.T.);
#2474=EDGE_CURVE('',#3521,#3520,#4232,.T.);
#2475=EDGE_CURVE('',#3517,#3521,#4233,.T.);
#2476=EDGE_CURVE('',#3522,#3523,#4234,.T.);
#2477=EDGE_CURVE('',#3524,#3522,#4235,.T.);
#2478=EDGE_CURVE('',#3525,#3524,#4236,.T.);
#2479=EDGE_CURVE('',#3526,#3525,#4237,.T.);
#2480=EDGE_CURVE('',#3527,#3526,#4238,.T.);
#2481=EDGE_CURVE('',#3523,#3527,#4239,.T.);
#2482=EDGE_CURVE('',#3528,#3529,#4240,.T.);
#2483=EDGE_CURVE('',#3530,#3528,#4241,.T.);
#2484=EDGE_CURVE('',#3531,#3530,#4242,.T.);
#2485=EDGE_CURVE('',#3532,#3531,#4243,.T.);
#2486=EDGE_CURVE('',#3533,#3532,#4244,.T.);
#2487=EDGE_CURVE('',#3529,#3533,#4245,.T.);
#2488=EDGE_CURVE('',#3534,#3535,#4246,.T.);
#2489=EDGE_CURVE('',#3536,#3534,#4247,.T.);
#2490=EDGE_CURVE('',#3537,#3536,#4248,.T.);
#2491=EDGE_CURVE('',#3538,#3537,#4249,.T.);
#2492=EDGE_CURVE('',#3539,#3538,#4250,.T.);
#2493=EDGE_CURVE('',#3535,#3539,#4251,.T.);
#2494=EDGE_CURVE('',#3540,#3541,#4252,.T.);
#2495=EDGE_CURVE('',#3542,#3540,#4253,.T.);
#2496=EDGE_CURVE('',#3543,#3542,#4254,.T.);
#2497=EDGE_CURVE('',#3544,#3543,#4255,.T.);
#2498=EDGE_CURVE('',#3545,#3544,#4256,.T.);
#2499=EDGE_CURVE('',#3541,#3545,#4257,.T.);
#2500=EDGE_CURVE('',#3546,#3547,#4258,.T.);
#2501=EDGE_CURVE('',#3548,#3546,#4259,.T.);
#2502=EDGE_CURVE('',#3549,#3548,#4260,.T.);
#2503=EDGE_CURVE('',#3550,#3549,#4261,.T.);
#2504=EDGE_CURVE('',#3551,#3550,#4262,.T.);
#2505=EDGE_CURVE('',#3547,#3551,#4263,.T.);
#2506=EDGE_CURVE('',#3552,#3553,#4264,.T.);
#2507=EDGE_CURVE('',#3554,#3552,#4265,.T.);
#2508=EDGE_CURVE('',#3555,#3554,#4266,.T.);
#2509=EDGE_CURVE('',#3556,#3555,#4267,.T.);
#2510=EDGE_CURVE('',#3557,#3556,#4268,.T.);
#2511=EDGE_CURVE('',#3553,#3557,#4269,.T.);
#2512=EDGE_CURVE('',#3558,#3558,#42,.T.);
#2513=EDGE_CURVE('',#3559,#3559,#43,.T.);
#2514=EDGE_CURVE('',#3560,#3561,#4270,.T.);
#2515=EDGE_CURVE('',#3562,#3560,#44,.T.);
#2516=EDGE_CURVE('',#3562,#3563,#4271,.T.);
#2517=EDGE_CURVE('',#3564,#3563,#45,.T.);
#2518=EDGE_CURVE('',#3564,#3565,#4272,.T.);
#2519=EDGE_CURVE('',#3566,#3565,#46,.T.);
#2520=EDGE_CURVE('',#3567,#3566,#4273,.T.);
#2521=EDGE_CURVE('',#3561,#3567,#47,.T.);
#2522=EDGE_CURVE('',#3568,#3568,#48,.T.);
#2523=EDGE_CURVE('',#3569,#3569,#49,.T.);
#2524=EDGE_CURVE('',#3570,#3570,#50,.T.);
#2525=EDGE_CURVE('',#3571,#3571,#51,.T.);
#2526=EDGE_CURVE('',#3572,#3572,#52,.T.);
#2527=EDGE_CURVE('',#3573,#3573,#53,.T.);
#2528=EDGE_CURVE('',#3574,#3574,#54,.T.);
#2529=EDGE_CURVE('',#3575,#3576,#4274,.T.);
#2530=EDGE_CURVE('',#3575,#3577,#55,.T.);
#2531=EDGE_CURVE('',#3578,#3577,#4275,.T.);
#2532=EDGE_CURVE('',#3578,#3579,#56,.T.);
#2533=EDGE_CURVE('',#3580,#3579,#4276,.T.);
#2534=EDGE_CURVE('',#3580,#3581,#57,.T.);
#2535=EDGE_CURVE('',#3582,#3581,#4277,.T.);
#2536=EDGE_CURVE('',#3582,#3576,#58,.T.);
#2537=EDGE_CURVE('',#3583,#3583,#59,.T.);
#2538=EDGE_CURVE('',#3584,#3584,#60,.T.);
#2539=EDGE_CURVE('',#3585,#3585,#61,.T.);
#2540=EDGE_CURVE('',#3586,#3586,#62,.T.);
#2541=EDGE_CURVE('',#3587,#3587,#63,.T.);
#2542=EDGE_CURVE('',#3588,#3589,#4278,.T.);
#2543=EDGE_CURVE('',#3590,#3588,#4279,.T.);
#2544=EDGE_CURVE('',#3591,#3590,#4280,.T.);
#2545=EDGE_CURVE('',#3592,#3591,#4281,.T.);
#2546=EDGE_CURVE('',#3593,#3592,#4282,.T.);
#2547=EDGE_CURVE('',#3589,#3593,#4283,.T.);
#2548=EDGE_CURVE('',#3594,#3595,#4284,.T.);
#2549=EDGE_CURVE('',#3596,#3594,#4285,.T.);
#2550=EDGE_CURVE('',#3597,#3596,#4286,.T.);
#2551=EDGE_CURVE('',#3598,#3597,#4287,.T.);
#2552=EDGE_CURVE('',#3599,#3598,#4288,.T.);
#2553=EDGE_CURVE('',#3595,#3599,#4289,.T.);
#2554=EDGE_CURVE('',#3600,#3601,#4290,.T.);
#2555=EDGE_CURVE('',#3602,#3600,#4291,.T.);
#2556=EDGE_CURVE('',#3603,#3602,#4292,.T.);
#2557=EDGE_CURVE('',#3604,#3603,#4293,.T.);
#2558=EDGE_CURVE('',#3605,#3604,#4294,.T.);
#2559=EDGE_CURVE('',#3601,#3605,#4295,.T.);
#2560=EDGE_CURVE('',#3606,#3607,#4296,.T.);
#2561=EDGE_CURVE('',#3608,#3606,#4297,.T.);
#2562=EDGE_CURVE('',#3609,#3608,#4298,.T.);
#2563=EDGE_CURVE('',#3610,#3609,#4299,.T.);
#2564=EDGE_CURVE('',#3611,#3610,#4300,.T.);
#2565=EDGE_CURVE('',#3607,#3611,#4301,.T.);
#2566=EDGE_CURVE('',#3612,#3613,#4302,.T.);
#2567=EDGE_CURVE('',#3614,#3612,#4303,.T.);
#2568=EDGE_CURVE('',#3615,#3614,#4304,.T.);
#2569=EDGE_CURVE('',#3616,#3615,#4305,.T.);
#2570=EDGE_CURVE('',#3617,#3616,#4306,.T.);
#2571=EDGE_CURVE('',#3613,#3617,#4307,.T.);
#2572=EDGE_CURVE('',#3618,#3619,#4308,.T.);
#2573=EDGE_CURVE('',#3620,#3618,#4309,.T.);
#2574=EDGE_CURVE('',#3621,#3620,#4310,.T.);
#2575=EDGE_CURVE('',#3622,#3621,#4311,.T.);
#2576=EDGE_CURVE('',#3623,#3622,#4312,.T.);
#2577=EDGE_CURVE('',#3619,#3623,#4313,.T.);
#2578=EDGE_CURVE('',#3624,#3625,#4314,.T.);
#2579=EDGE_CURVE('',#3626,#3624,#4315,.T.);
#2580=EDGE_CURVE('',#3627,#3626,#4316,.T.);
#2581=EDGE_CURVE('',#3628,#3627,#4317,.T.);
#2582=EDGE_CURVE('',#3629,#3628,#4318,.T.);
#2583=EDGE_CURVE('',#3625,#3629,#4319,.T.);
#2584=EDGE_CURVE('',#3630,#3631,#4320,.T.);
#2585=EDGE_CURVE('',#3632,#3630,#4321,.T.);
#2586=EDGE_CURVE('',#3633,#3632,#4322,.T.);
#2587=EDGE_CURVE('',#3634,#3633,#4323,.T.);
#2588=EDGE_CURVE('',#3635,#3634,#4324,.T.);
#2589=EDGE_CURVE('',#3631,#3635,#4325,.T.);
#2590=EDGE_CURVE('',#3636,#3637,#4326,.T.);
#2591=EDGE_CURVE('',#3638,#3636,#4327,.T.);
#2592=EDGE_CURVE('',#3639,#3638,#4328,.T.);
#2593=EDGE_CURVE('',#3640,#3639,#4329,.T.);
#2594=EDGE_CURVE('',#3641,#3640,#4330,.T.);
#2595=EDGE_CURVE('',#3637,#3641,#4331,.T.);
#2596=EDGE_CURVE('',#3642,#3643,#4332,.T.);
#2597=EDGE_CURVE('',#3644,#3642,#4333,.T.);
#2598=EDGE_CURVE('',#3645,#3644,#4334,.T.);
#2599=EDGE_CURVE('',#3646,#3645,#4335,.T.);
#2600=EDGE_CURVE('',#3647,#3646,#4336,.T.);
#2601=EDGE_CURVE('',#3643,#3647,#4337,.T.);
#2602=EDGE_CURVE('',#3648,#3649,#4338,.T.);
#2603=EDGE_CURVE('',#3650,#3648,#4339,.T.);
#2604=EDGE_CURVE('',#3651,#3650,#4340,.T.);
#2605=EDGE_CURVE('',#3652,#3651,#4341,.T.);
#2606=EDGE_CURVE('',#3653,#3652,#4342,.T.);
#2607=EDGE_CURVE('',#3649,#3653,#4343,.T.);
#2608=EDGE_CURVE('',#3654,#3655,#4344,.T.);
#2609=EDGE_CURVE('',#3656,#3654,#4345,.T.);
#2610=EDGE_CURVE('',#3657,#3656,#4346,.T.);
#2611=EDGE_CURVE('',#3658,#3657,#4347,.T.);
#2612=EDGE_CURVE('',#3659,#3658,#4348,.T.);
#2613=EDGE_CURVE('',#3655,#3659,#4349,.T.);
#2614=EDGE_CURVE('',#3660,#3661,#4350,.T.);
#2615=EDGE_CURVE('',#3662,#3660,#4351,.T.);
#2616=EDGE_CURVE('',#3663,#3662,#4352,.T.);
#2617=EDGE_CURVE('',#3664,#3663,#4353,.T.);
#2618=EDGE_CURVE('',#3665,#3664,#4354,.T.);
#2619=EDGE_CURVE('',#3661,#3665,#4355,.T.);
#2620=EDGE_CURVE('',#3666,#3667,#4356,.T.);
#2621=EDGE_CURVE('',#3668,#3666,#4357,.T.);
#2622=EDGE_CURVE('',#3669,#3668,#4358,.T.);
#2623=EDGE_CURVE('',#3670,#3669,#4359,.T.);
#2624=EDGE_CURVE('',#3671,#3670,#4360,.T.);
#2625=EDGE_CURVE('',#3667,#3671,#4361,.T.);
#2626=EDGE_CURVE('',#3672,#3673,#4362,.T.);
#2627=EDGE_CURVE('',#3674,#3672,#4363,.T.);
#2628=EDGE_CURVE('',#3675,#3674,#4364,.T.);
#2629=EDGE_CURVE('',#3676,#3675,#4365,.T.);
#2630=EDGE_CURVE('',#3677,#3676,#4366,.T.);
#2631=EDGE_CURVE('',#3673,#3677,#4367,.T.);
#2632=EDGE_CURVE('',#3678,#3679,#4368,.T.);
#2633=EDGE_CURVE('',#3680,#3678,#4369,.T.);
#2634=EDGE_CURVE('',#3681,#3680,#4370,.T.);
#2635=EDGE_CURVE('',#3682,#3681,#4371,.T.);
#2636=EDGE_CURVE('',#3683,#3682,#4372,.T.);
#2637=EDGE_CURVE('',#3679,#3683,#4373,.T.);
#2638=EDGE_CURVE('',#3684,#3685,#4374,.T.);
#2639=EDGE_CURVE('',#3686,#3684,#4375,.T.);
#2640=EDGE_CURVE('',#3687,#3686,#4376,.T.);
#2641=EDGE_CURVE('',#3688,#3687,#4377,.T.);
#2642=EDGE_CURVE('',#3689,#3688,#4378,.T.);
#2643=EDGE_CURVE('',#3685,#3689,#4379,.T.);
#2644=EDGE_CURVE('',#3690,#3691,#4380,.T.);
#2645=EDGE_CURVE('',#3692,#3690,#4381,.T.);
#2646=EDGE_CURVE('',#3693,#3692,#4382,.T.);
#2647=EDGE_CURVE('',#3694,#3693,#4383,.T.);
#2648=EDGE_CURVE('',#3695,#3694,#4384,.T.);
#2649=EDGE_CURVE('',#3691,#3695,#4385,.T.);
#2650=EDGE_CURVE('',#3696,#3697,#4386,.T.);
#2651=EDGE_CURVE('',#3698,#3696,#4387,.T.);
#2652=EDGE_CURVE('',#3699,#3698,#4388,.T.);
#2653=EDGE_CURVE('',#3700,#3699,#4389,.T.);
#2654=EDGE_CURVE('',#3701,#3700,#4390,.T.);
#2655=EDGE_CURVE('',#3697,#3701,#4391,.T.);
#2656=EDGE_CURVE('',#3702,#3703,#4392,.T.);
#2657=EDGE_CURVE('',#3704,#3702,#4393,.T.);
#2658=EDGE_CURVE('',#3705,#3704,#4394,.T.);
#2659=EDGE_CURVE('',#3706,#3705,#4395,.T.);
#2660=EDGE_CURVE('',#3707,#3706,#4396,.T.);
#2661=EDGE_CURVE('',#3703,#3707,#4397,.T.);
#2662=EDGE_CURVE('',#3708,#3709,#4398,.T.);
#2663=EDGE_CURVE('',#3710,#3708,#4399,.T.);
#2664=EDGE_CURVE('',#3711,#3710,#4400,.T.);
#2665=EDGE_CURVE('',#3712,#3711,#4401,.T.);
#2666=EDGE_CURVE('',#3713,#3712,#4402,.T.);
#2667=EDGE_CURVE('',#3709,#3713,#4403,.T.);
#2668=EDGE_CURVE('',#3714,#3715,#4404,.T.);
#2669=EDGE_CURVE('',#3716,#3714,#4405,.T.);
#2670=EDGE_CURVE('',#3717,#3716,#4406,.T.);
#2671=EDGE_CURVE('',#3718,#3717,#4407,.T.);
#2672=EDGE_CURVE('',#3719,#3718,#4408,.T.);
#2673=EDGE_CURVE('',#3715,#3719,#4409,.T.);
#2674=EDGE_CURVE('',#3720,#3721,#4410,.T.);
#2675=EDGE_CURVE('',#3722,#3720,#4411,.T.);
#2676=EDGE_CURVE('',#3723,#3722,#4412,.T.);
#2677=EDGE_CURVE('',#3724,#3723,#4413,.T.);
#2678=EDGE_CURVE('',#3725,#3724,#4414,.T.);
#2679=EDGE_CURVE('',#3721,#3725,#4415,.T.);
#2680=EDGE_CURVE('',#3726,#3727,#4416,.T.);
#2681=EDGE_CURVE('',#3728,#3726,#4417,.T.);
#2682=EDGE_CURVE('',#3729,#3728,#4418,.T.);
#2683=EDGE_CURVE('',#3730,#3729,#4419,.T.);
#2684=EDGE_CURVE('',#3731,#3730,#4420,.T.);
#2685=EDGE_CURVE('',#3727,#3731,#4421,.T.);
#2686=EDGE_CURVE('',#3732,#3733,#4422,.T.);
#2687=EDGE_CURVE('',#3734,#3732,#4423,.T.);
#2688=EDGE_CURVE('',#3735,#3734,#4424,.T.);
#2689=EDGE_CURVE('',#3736,#3735,#4425,.T.);
#2690=EDGE_CURVE('',#3737,#3736,#4426,.T.);
#2691=EDGE_CURVE('',#3733,#3737,#4427,.T.);
#2692=EDGE_CURVE('',#3738,#3739,#4428,.T.);
#2693=EDGE_CURVE('',#3740,#3738,#4429,.T.);
#2694=EDGE_CURVE('',#3741,#3740,#4430,.T.);
#2695=EDGE_CURVE('',#3742,#3741,#4431,.T.);
#2696=EDGE_CURVE('',#3743,#3742,#4432,.T.);
#2697=EDGE_CURVE('',#3739,#3743,#4433,.T.);
#2698=EDGE_CURVE('',#3744,#3745,#4434,.T.);
#2699=EDGE_CURVE('',#3746,#3744,#4435,.T.);
#2700=EDGE_CURVE('',#3747,#3746,#4436,.T.);
#2701=EDGE_CURVE('',#3748,#3747,#4437,.T.);
#2702=EDGE_CURVE('',#3749,#3748,#4438,.T.);
#2703=EDGE_CURVE('',#3745,#3749,#4439,.T.);
#2704=EDGE_CURVE('',#3750,#3751,#4440,.T.);
#2705=EDGE_CURVE('',#3752,#3750,#4441,.T.);
#2706=EDGE_CURVE('',#3753,#3752,#4442,.T.);
#2707=EDGE_CURVE('',#3754,#3753,#4443,.T.);
#2708=EDGE_CURVE('',#3755,#3754,#4444,.T.);
#2709=EDGE_CURVE('',#3751,#3755,#4445,.T.);
#2710=EDGE_CURVE('',#3756,#3757,#4446,.T.);
#2711=EDGE_CURVE('',#3758,#3756,#4447,.T.);
#2712=EDGE_CURVE('',#3759,#3758,#4448,.T.);
#2713=EDGE_CURVE('',#3760,#3759,#4449,.T.);
#2714=EDGE_CURVE('',#3761,#3760,#4450,.T.);
#2715=EDGE_CURVE('',#3757,#3761,#4451,.T.);
#2716=EDGE_CURVE('',#3762,#3763,#4452,.T.);
#2717=EDGE_CURVE('',#3764,#3762,#4453,.T.);
#2718=EDGE_CURVE('',#3765,#3764,#4454,.T.);
#2719=EDGE_CURVE('',#3766,#3765,#4455,.T.);
#2720=EDGE_CURVE('',#3767,#3766,#4456,.T.);
#2721=EDGE_CURVE('',#3763,#3767,#4457,.T.);
#2722=EDGE_CURVE('',#3768,#3769,#4458,.T.);
#2723=EDGE_CURVE('',#3770,#3768,#4459,.T.);
#2724=EDGE_CURVE('',#3771,#3770,#4460,.T.);
#2725=EDGE_CURVE('',#3772,#3771,#4461,.T.);
#2726=EDGE_CURVE('',#3773,#3772,#4462,.T.);
#2727=EDGE_CURVE('',#3769,#3773,#4463,.T.);
#2728=EDGE_CURVE('',#3774,#3775,#4464,.T.);
#2729=EDGE_CURVE('',#3776,#3774,#4465,.T.);
#2730=EDGE_CURVE('',#3777,#3776,#4466,.T.);
#2731=EDGE_CURVE('',#3778,#3777,#4467,.T.);
#2732=EDGE_CURVE('',#3779,#3778,#4468,.T.);
#2733=EDGE_CURVE('',#3775,#3779,#4469,.T.);
#2734=EDGE_CURVE('',#3780,#3781,#4470,.T.);
#2735=EDGE_CURVE('',#3782,#3780,#4471,.T.);
#2736=EDGE_CURVE('',#3783,#3782,#4472,.T.);
#2737=EDGE_CURVE('',#3784,#3783,#4473,.T.);
#2738=EDGE_CURVE('',#3785,#3784,#4474,.T.);
#2739=EDGE_CURVE('',#3781,#3785,#4475,.T.);
#2740=EDGE_CURVE('',#3786,#3787,#4476,.T.);
#2741=EDGE_CURVE('',#3788,#3786,#4477,.T.);
#2742=EDGE_CURVE('',#3789,#3788,#4478,.T.);
#2743=EDGE_CURVE('',#3790,#3789,#4479,.T.);
#2744=EDGE_CURVE('',#3791,#3790,#4480,.T.);
#2745=EDGE_CURVE('',#3787,#3791,#4481,.T.);
#2746=EDGE_CURVE('',#3792,#3793,#4482,.T.);
#2747=EDGE_CURVE('',#3794,#3792,#4483,.T.);
#2748=EDGE_CURVE('',#3795,#3794,#4484,.T.);
#2749=EDGE_CURVE('',#3796,#3795,#4485,.T.);
#2750=EDGE_CURVE('',#3797,#3796,#4486,.T.);
#2751=EDGE_CURVE('',#3793,#3797,#4487,.T.);
#2752=EDGE_CURVE('',#3798,#3799,#4488,.T.);
#2753=EDGE_CURVE('',#3800,#3798,#4489,.T.);
#2754=EDGE_CURVE('',#3801,#3800,#4490,.T.);
#2755=EDGE_CURVE('',#3802,#3801,#4491,.T.);
#2756=EDGE_CURVE('',#3803,#3802,#4492,.T.);
#2757=EDGE_CURVE('',#3799,#3803,#4493,.T.);
#2758=EDGE_CURVE('',#3804,#3805,#4494,.T.);
#2759=EDGE_CURVE('',#3806,#3804,#4495,.T.);
#2760=EDGE_CURVE('',#3807,#3806,#4496,.T.);
#2761=EDGE_CURVE('',#3808,#3807,#4497,.T.);
#2762=EDGE_CURVE('',#3809,#3808,#4498,.T.);
#2763=EDGE_CURVE('',#3805,#3809,#4499,.T.);
#2764=EDGE_CURVE('',#3810,#3811,#4500,.T.);
#2765=EDGE_CURVE('',#3812,#3810,#4501,.T.);
#2766=EDGE_CURVE('',#3813,#3812,#4502,.T.);
#2767=EDGE_CURVE('',#3814,#3813,#4503,.T.);
#2768=EDGE_CURVE('',#3815,#3814,#4504,.T.);
#2769=EDGE_CURVE('',#3811,#3815,#4505,.T.);
#2770=EDGE_CURVE('',#3816,#3817,#4506,.T.);
#2771=EDGE_CURVE('',#3818,#3816,#4507,.T.);
#2772=EDGE_CURVE('',#3819,#3818,#4508,.T.);
#2773=EDGE_CURVE('',#3820,#3819,#4509,.T.);
#2774=EDGE_CURVE('',#3821,#3820,#4510,.T.);
#2775=EDGE_CURVE('',#3817,#3821,#4511,.T.);
#2776=EDGE_CURVE('',#3822,#3823,#4512,.T.);
#2777=EDGE_CURVE('',#3824,#3822,#4513,.T.);
#2778=EDGE_CURVE('',#3825,#3824,#4514,.T.);
#2779=EDGE_CURVE('',#3826,#3825,#4515,.T.);
#2780=EDGE_CURVE('',#3827,#3826,#4516,.T.);
#2781=EDGE_CURVE('',#3823,#3827,#4517,.T.);
#2782=EDGE_CURVE('',#3828,#3829,#4518,.T.);
#2783=EDGE_CURVE('',#3830,#3828,#4519,.T.);
#2784=EDGE_CURVE('',#3831,#3830,#4520,.T.);
#2785=EDGE_CURVE('',#3832,#3831,#4521,.T.);
#2786=EDGE_CURVE('',#3833,#3832,#4522,.T.);
#2787=EDGE_CURVE('',#3829,#3833,#4523,.T.);
#2788=EDGE_CURVE('',#3834,#3835,#4524,.T.);
#2789=EDGE_CURVE('',#3836,#3834,#4525,.T.);
#2790=EDGE_CURVE('',#3837,#3836,#4526,.T.);
#2791=EDGE_CURVE('',#3838,#3837,#4527,.T.);
#2792=EDGE_CURVE('',#3839,#3838,#4528,.T.);
#2793=EDGE_CURVE('',#3835,#3839,#4529,.T.);
#2794=EDGE_CURVE('',#3840,#3841,#4530,.T.);
#2795=EDGE_CURVE('',#3842,#3840,#4531,.T.);
#2796=EDGE_CURVE('',#3843,#3842,#4532,.T.);
#2797=EDGE_CURVE('',#3844,#3843,#4533,.T.);
#2798=EDGE_CURVE('',#3845,#3844,#4534,.T.);
#2799=EDGE_CURVE('',#3841,#3845,#4535,.T.);
#2800=EDGE_CURVE('',#3846,#3847,#4536,.T.);
#2801=EDGE_CURVE('',#3848,#3846,#4537,.T.);
#2802=EDGE_CURVE('',#3849,#3848,#4538,.T.);
#2803=EDGE_CURVE('',#3850,#3849,#4539,.T.);
#2804=EDGE_CURVE('',#3851,#3850,#4540,.T.);
#2805=EDGE_CURVE('',#3847,#3851,#4541,.T.);
#2806=EDGE_CURVE('',#3852,#3853,#4542,.T.);
#2807=EDGE_CURVE('',#3854,#3852,#4543,.T.);
#2808=EDGE_CURVE('',#3855,#3854,#4544,.T.);
#2809=EDGE_CURVE('',#3856,#3855,#4545,.T.);
#2810=EDGE_CURVE('',#3857,#3856,#4546,.T.);
#2811=EDGE_CURVE('',#3853,#3857,#4547,.T.);
#2812=EDGE_CURVE('',#3858,#3859,#4548,.T.);
#2813=EDGE_CURVE('',#3860,#3858,#4549,.T.);
#2814=EDGE_CURVE('',#3861,#3860,#4550,.T.);
#2815=EDGE_CURVE('',#3862,#3861,#4551,.T.);
#2816=EDGE_CURVE('',#3863,#3862,#4552,.T.);
#2817=EDGE_CURVE('',#3859,#3863,#4553,.T.);
#2818=EDGE_CURVE('',#3864,#3865,#4554,.T.);
#2819=EDGE_CURVE('',#3866,#3864,#4555,.T.);
#2820=EDGE_CURVE('',#3867,#3866,#4556,.T.);
#2821=EDGE_CURVE('',#3868,#3867,#4557,.T.);
#2822=EDGE_CURVE('',#3869,#3868,#4558,.T.);
#2823=EDGE_CURVE('',#3865,#3869,#4559,.T.);
#2824=EDGE_CURVE('',#3870,#3871,#4560,.T.);
#2825=EDGE_CURVE('',#3872,#3870,#4561,.T.);
#2826=EDGE_CURVE('',#3873,#3872,#4562,.T.);
#2827=EDGE_CURVE('',#3874,#3873,#4563,.T.);
#2828=EDGE_CURVE('',#3875,#3874,#4564,.T.);
#2829=EDGE_CURVE('',#3871,#3875,#4565,.T.);
#2830=EDGE_CURVE('',#3876,#3877,#4566,.T.);
#2831=EDGE_CURVE('',#3878,#3876,#4567,.T.);
#2832=EDGE_CURVE('',#3879,#3878,#4568,.T.);
#2833=EDGE_CURVE('',#3880,#3879,#4569,.T.);
#2834=EDGE_CURVE('',#3881,#3880,#4570,.T.);
#2835=EDGE_CURVE('',#3877,#3881,#4571,.T.);
#2836=EDGE_CURVE('',#3882,#3883,#4572,.T.);
#2837=EDGE_CURVE('',#3884,#3882,#4573,.T.);
#2838=EDGE_CURVE('',#3885,#3884,#4574,.T.);
#2839=EDGE_CURVE('',#3886,#3885,#4575,.T.);
#2840=EDGE_CURVE('',#3887,#3886,#4576,.T.);
#2841=EDGE_CURVE('',#3883,#3887,#4577,.T.);
#2842=EDGE_CURVE('',#3888,#3889,#4578,.T.);
#2843=EDGE_CURVE('',#3890,#3888,#4579,.T.);
#2844=EDGE_CURVE('',#3891,#3890,#4580,.T.);
#2845=EDGE_CURVE('',#3892,#3891,#4581,.T.);
#2846=EDGE_CURVE('',#3893,#3892,#4582,.T.);
#2847=EDGE_CURVE('',#3889,#3893,#4583,.T.);
#2848=EDGE_CURVE('',#3894,#3895,#4584,.T.);
#2849=EDGE_CURVE('',#3896,#3894,#4585,.T.);
#2850=EDGE_CURVE('',#3897,#3896,#4586,.T.);
#2851=EDGE_CURVE('',#3898,#3897,#4587,.T.);
#2852=EDGE_CURVE('',#3899,#3898,#4588,.T.);
#2853=EDGE_CURVE('',#3895,#3899,#4589,.T.);
#2854=EDGE_CURVE('',#3900,#3901,#4590,.T.);
#2855=EDGE_CURVE('',#3902,#3900,#4591,.T.);
#2856=EDGE_CURVE('',#3903,#3902,#4592,.T.);
#2857=EDGE_CURVE('',#3904,#3903,#4593,.T.);
#2858=EDGE_CURVE('',#3905,#3904,#4594,.T.);
#2859=EDGE_CURVE('',#3901,#3905,#4595,.T.);
#2860=EDGE_CURVE('',#3906,#3907,#64,.F.);
#2861=EDGE_CURVE('',#3908,#3906,#4596,.T.);
#2862=EDGE_CURVE('',#3909,#3908,#65,.F.);
#2863=EDGE_CURVE('',#3910,#3909,#4597,.T.);
#2864=EDGE_CURVE('',#3911,#3910,#66,.F.);
#2865=EDGE_CURVE('',#3911,#3912,#4598,.T.);
#2866=EDGE_CURVE('',#3913,#3912,#67,.F.);
#2867=EDGE_CURVE('',#3913,#3907,#4599,.T.);
#2868=EDGE_CURVE('',#3914,#3914,#68,.F.);
#2869=EDGE_CURVE('',#3915,#3915,#69,.F.);
#2870=EDGE_CURVE('',#3916,#3916,#70,.F.);
#2871=EDGE_CURVE('',#3917,#3918,#4600,.T.);
#2872=EDGE_CURVE('',#3919,#3918,#71,.T.);
#2873=EDGE_CURVE('',#3919,#3920,#4601,.T.);
#2874=EDGE_CURVE('',#3921,#3920,#72,.T.);
#2875=EDGE_CURVE('',#3921,#3922,#4602,.T.);
#2876=EDGE_CURVE('',#3923,#3922,#73,.T.);
#2877=EDGE_CURVE('',#3923,#3924,#4603,.T.);
#2878=EDGE_CURVE('',#3917,#3924,#74,.T.);
#2879=EDGE_CURVE('',#3925,#3925,#75,.T.);
#2880=EDGE_CURVE('',#3926,#3926,#76,.T.);
#2881=EDGE_CURVE('',#3927,#3927,#77,.T.);
#2882=EDGE_CURVE('',#3575,#3917,#4604,.T.);
#2883=EDGE_CURVE('',#3576,#3918,#4605,.T.);
#2884=EDGE_CURVE('',#3577,#3924,#4606,.T.);
#2885=EDGE_CURVE('',#3578,#3923,#4607,.T.);
#2886=EDGE_CURVE('',#3579,#3922,#4608,.T.);
#2887=EDGE_CURVE('',#3580,#3921,#4609,.T.);
#2888=EDGE_CURVE('',#3581,#3920,#4610,.T.);
#2889=EDGE_CURVE('',#3582,#3919,#4611,.T.);
#2890=EDGE_CURVE('',#3928,#3928,#78,.T.);
#2891=EDGE_CURVE('',#3929,#3929,#79,.T.);
#2892=EDGE_CURVE('',#3930,#3930,#80,.T.);
#2893=EDGE_CURVE('',#3931,#3931,#81,.T.);
#2894=EDGE_CURVE('',#3932,#3932,#82,.T.);
#2895=EDGE_CURVE('',#3933,#3933,#83,.T.);
#2896=EDGE_CURVE('',#3934,#3934,#84,.T.);
#2897=EDGE_CURVE('',#3935,#3935,#85,.T.);
#2898=EDGE_CURVE('',#3936,#3936,#86,.T.);
#2899=EDGE_CURVE('',#3937,#3937,#87,.T.);
#2900=EDGE_CURVE('',#3938,#3938,#88,.T.);
#2901=EDGE_CURVE('',#3939,#3939,#89,.T.);
#2902=EDGE_CURVE('',#3907,#3562,#4612,.T.);
#2903=EDGE_CURVE('',#3906,#3560,#4613,.T.);
#2904=EDGE_CURVE('',#3913,#3563,#4614,.T.);
#2905=EDGE_CURVE('',#3912,#3564,#4615,.T.);
#2906=EDGE_CURVE('',#3911,#3565,#4616,.T.);
#2907=EDGE_CURVE('',#3910,#3566,#4617,.T.);
#2908=EDGE_CURVE('',#3909,#3567,#4618,.T.);
#2909=EDGE_CURVE('',#3908,#3561,#4619,.T.);
#2910=EDGE_CURVE('',#3940,#3940,#90,.T.);
#2911=EDGE_CURVE('',#3941,#3941,#91,.T.);
#2912=EDGE_CURVE('',#3942,#3942,#92,.T.);
#2913=EDGE_CURVE('',#3943,#3943,#93,.T.);
#2914=EDGE_CURVE('',#3944,#3944,#94,.T.);
#2915=EDGE_CURVE('',#3945,#3945,#95,.T.);
#2916=EDGE_CURVE('',#3946,#3946,#96,.T.);
#2917=EDGE_CURVE('',#3947,#3947,#97,.T.);
#2918=EDGE_CURVE('',#3948,#3948,#98,.T.);
#2919=EDGE_CURVE('',#3949,#3949,#99,.T.);
#2920=EDGE_CURVE('',#3950,#3950,#100,.T.);
#2921=EDGE_CURVE('',#3951,#3951,#101,.T.);
#2922=EDGE_CURVE('',#3901,#3554,#4620,.T.);
#2923=EDGE_CURVE('',#3900,#3552,#4621,.T.);
#2924=EDGE_CURVE('',#3905,#3555,#4622,.T.);
#2925=EDGE_CURVE('',#3904,#3556,#4623,.T.);
#2926=EDGE_CURVE('',#3903,#3557,#4624,.T.);
#2927=EDGE_CURVE('',#3902,#3553,#4625,.T.);
#2928=EDGE_CURVE('',#3895,#3548,#4626,.T.);
#2929=EDGE_CURVE('',#3894,#3546,#4627,.T.);
#2930=EDGE_CURVE('',#3899,#3549,#4628,.T.);
#2931=EDGE_CURVE('',#3898,#3550,#4629,.T.);
#2932=EDGE_CURVE('',#3897,#3551,#4630,.T.);
#2933=EDGE_CURVE('',#3896,#3547,#4631,.T.);
#2934=EDGE_CURVE('',#3889,#3542,#4632,.T.);
#2935=EDGE_CURVE('',#3888,#3540,#4633,.T.);
#2936=EDGE_CURVE('',#3893,#3543,#4634,.T.);
#2937=EDGE_CURVE('',#3892,#3544,#4635,.T.);
#2938=EDGE_CURVE('',#3891,#3545,#4636,.T.);
#2939=EDGE_CURVE('',#3890,#3541,#4637,.T.);
#2940=EDGE_CURVE('',#3883,#3536,#4638,.T.);
#2941=EDGE_CURVE('',#3882,#3534,#4639,.T.);
#2942=EDGE_CURVE('',#3887,#3537,#4640,.T.);
#2943=EDGE_CURVE('',#3886,#3538,#4641,.T.);
#2944=EDGE_CURVE('',#3885,#3539,#4642,.T.);
#2945=EDGE_CURVE('',#3884,#3535,#4643,.T.);
#2946=EDGE_CURVE('',#3877,#3530,#4644,.T.);
#2947=EDGE_CURVE('',#3876,#3528,#4645,.T.);
#2948=EDGE_CURVE('',#3881,#3531,#4646,.T.);
#2949=EDGE_CURVE('',#3880,#3532,#4647,.T.);
#2950=EDGE_CURVE('',#3879,#3533,#4648,.T.);
#2951=EDGE_CURVE('',#3878,#3529,#4649,.T.);
#2952=EDGE_CURVE('',#3871,#3524,#4650,.T.);
#2953=EDGE_CURVE('',#3870,#3522,#4651,.T.);
#2954=EDGE_CURVE('',#3875,#3525,#4652,.T.);
#2955=EDGE_CURVE('',#3874,#3526,#4653,.T.);
#2956=EDGE_CURVE('',#3873,#3527,#4654,.T.);
#2957=EDGE_CURVE('',#3872,#3523,#4655,.T.);
#2958=EDGE_CURVE('',#3865,#3518,#4656,.T.);
#2959=EDGE_CURVE('',#3864,#3516,#4657,.T.);
#2960=EDGE_CURVE('',#3869,#3519,#4658,.T.);
#2961=EDGE_CURVE('',#3868,#3520,#4659,.T.);
#2962=EDGE_CURVE('',#3867,#3521,#4660,.T.);
#2963=EDGE_CURVE('',#3866,#3517,#4661,.T.);
#2964=EDGE_CURVE('',#3859,#3512,#4662,.T.);
#2965=EDGE_CURVE('',#3858,#3510,#4663,.T.);
#2966=EDGE_CURVE('',#3863,#3513,#4664,.T.);
#2967=EDGE_CURVE('',#3862,#3514,#4665,.T.);
#2968=EDGE_CURVE('',#3861,#3515,#4666,.T.);
#2969=EDGE_CURVE('',#3860,#3511,#4667,.T.);
#2970=EDGE_CURVE('',#3853,#3506,#4668,.T.);
#2971=EDGE_CURVE('',#3852,#3504,#4669,.T.);
#2972=EDGE_CURVE('',#3857,#3507,#4670,.T.);
#2973=EDGE_CURVE('',#3856,#3508,#4671,.T.);
#2974=EDGE_CURVE('',#3855,#3509,#4672,.T.);
#2975=EDGE_CURVE('',#3854,#3505,#4673,.T.);
#2976=EDGE_CURVE('',#3847,#3500,#4674,.T.);
#2977=EDGE_CURVE('',#3846,#3498,#4675,.T.);
#2978=EDGE_CURVE('',#3851,#3501,#4676,.T.);
#2979=EDGE_CURVE('',#3850,#3502,#4677,.T.);
#2980=EDGE_CURVE('',#3849,#3503,#4678,.T.);
#2981=EDGE_CURVE('',#3848,#3499,#4679,.T.);
#2982=EDGE_CURVE('',#3841,#3494,#4680,.T.);
#2983=EDGE_CURVE('',#3840,#3492,#4681,.T.);
#2984=EDGE_CURVE('',#3845,#3495,#4682,.T.);
#2985=EDGE_CURVE('',#3844,#3496,#4683,.T.);
#2986=EDGE_CURVE('',#3843,#3497,#4684,.T.);
#2987=EDGE_CURVE('',#3842,#3493,#4685,.T.);
#2988=EDGE_CURVE('',#3835,#3488,#4686,.T.);
#2989=EDGE_CURVE('',#3834,#3486,#4687,.T.);
#2990=EDGE_CURVE('',#3839,#3489,#4688,.T.);
#2991=EDGE_CURVE('',#3838,#3490,#4689,.T.);
#2992=EDGE_CURVE('',#3837,#3491,#4690,.T.);
#2993=EDGE_CURVE('',#3836,#3487,#4691,.T.);
#2994=EDGE_CURVE('',#3829,#3482,#4692,.T.);
#2995=EDGE_CURVE('',#3828,#3480,#4693,.T.);
#2996=EDGE_CURVE('',#3833,#3483,#4694,.T.);
#2997=EDGE_CURVE('',#3832,#3484,#4695,.T.);
#2998=EDGE_CURVE('',#3831,#3485,#4696,.T.);
#2999=EDGE_CURVE('',#3830,#3481,#4697,.T.);
#3000=EDGE_CURVE('',#3823,#3476,#4698,.T.);
#3001=EDGE_CURVE('',#3822,#3474,#4699,.T.);
#3002=EDGE_CURVE('',#3827,#3477,#4700,.T.);
#3003=EDGE_CURVE('',#3826,#3478,#4701,.T.);
#3004=EDGE_CURVE('',#3825,#3479,#4702,.T.);
#3005=EDGE_CURVE('',#3824,#3475,#4703,.T.);
#3006=EDGE_CURVE('',#3817,#3470,#4704,.T.);
#3007=EDGE_CURVE('',#3816,#3468,#4705,.T.);
#3008=EDGE_CURVE('',#3821,#3471,#4706,.T.);
#3009=EDGE_CURVE('',#3820,#3472,#4707,.T.);
#3010=EDGE_CURVE('',#3819,#3473,#4708,.T.);
#3011=EDGE_CURVE('',#3818,#3469,#4709,.T.);
#3012=EDGE_CURVE('',#3811,#3464,#4710,.T.);
#3013=EDGE_CURVE('',#3810,#3462,#4711,.T.);
#3014=EDGE_CURVE('',#3815,#3465,#4712,.T.);
#3015=EDGE_CURVE('',#3814,#3466,#4713,.T.);
#3016=EDGE_CURVE('',#3813,#3467,#4714,.T.);
#3017=EDGE_CURVE('',#3812,#3463,#4715,.T.);
#3018=EDGE_CURVE('',#3805,#3458,#4716,.T.);
#3019=EDGE_CURVE('',#3804,#3456,#4717,.T.);
#3020=EDGE_CURVE('',#3809,#3459,#4718,.T.);
#3021=EDGE_CURVE('',#3808,#3460,#4719,.T.);
#3022=EDGE_CURVE('',#3807,#3461,#4720,.T.);
#3023=EDGE_CURVE('',#3806,#3457,#4721,.T.);
#3024=EDGE_CURVE('',#3799,#3452,#4722,.T.);
#3025=EDGE_CURVE('',#3798,#3450,#4723,.T.);
#3026=EDGE_CURVE('',#3803,#3453,#4724,.T.);
#3027=EDGE_CURVE('',#3802,#3454,#4725,.T.);
#3028=EDGE_CURVE('',#3801,#3455,#4726,.T.);
#3029=EDGE_CURVE('',#3800,#3451,#4727,.T.);
#3030=EDGE_CURVE('',#3793,#3446,#4728,.T.);
#3031=EDGE_CURVE('',#3792,#3444,#4729,.T.);
#3032=EDGE_CURVE('',#3797,#3447,#4730,.T.);
#3033=EDGE_CURVE('',#3796,#3448,#4731,.T.);
#3034=EDGE_CURVE('',#3795,#3449,#4732,.T.);
#3035=EDGE_CURVE('',#3794,#3445,#4733,.T.);
#3036=EDGE_CURVE('',#3787,#3440,#4734,.T.);
#3037=EDGE_CURVE('',#3786,#3438,#4735,.T.);
#3038=EDGE_CURVE('',#3791,#3441,#4736,.T.);
#3039=EDGE_CURVE('',#3790,#3442,#4737,.T.);
#3040=EDGE_CURVE('',#3789,#3443,#4738,.T.);
#3041=EDGE_CURVE('',#3788,#3439,#4739,.T.);
#3042=EDGE_CURVE('',#3781,#3434,#4740,.T.);
#3043=EDGE_CURVE('',#3780,#3432,#4741,.T.);
#3044=EDGE_CURVE('',#3785,#3435,#4742,.T.);
#3045=EDGE_CURVE('',#3784,#3436,#4743,.T.);
#3046=EDGE_CURVE('',#3783,#3437,#4744,.T.);
#3047=EDGE_CURVE('',#3782,#3433,#4745,.T.);
#3048=EDGE_CURVE('',#3775,#3428,#4746,.T.);
#3049=EDGE_CURVE('',#3774,#3426,#4747,.T.);
#3050=EDGE_CURVE('',#3779,#3429,#4748,.T.);
#3051=EDGE_CURVE('',#3778,#3430,#4749,.T.);
#3052=EDGE_CURVE('',#3777,#3431,#4750,.T.);
#3053=EDGE_CURVE('',#3776,#3427,#4751,.T.);
#3054=EDGE_CURVE('',#3769,#3422,#4752,.T.);
#3055=EDGE_CURVE('',#3768,#3420,#4753,.T.);
#3056=EDGE_CURVE('',#3773,#3423,#4754,.T.);
#3057=EDGE_CURVE('',#3772,#3424,#4755,.T.);
#3058=EDGE_CURVE('',#3771,#3425,#4756,.T.);
#3059=EDGE_CURVE('',#3770,#3421,#4757,.T.);
#3060=EDGE_CURVE('',#3763,#3416,#4758,.T.);
#3061=EDGE_CURVE('',#3762,#3414,#4759,.T.);
#3062=EDGE_CURVE('',#3767,#3417,#4760,.T.);
#3063=EDGE_CURVE('',#3766,#3418,#4761,.T.);
#3064=EDGE_CURVE('',#3765,#3419,#4762,.T.);
#3065=EDGE_CURVE('',#3764,#3415,#4763,.T.);
#3066=EDGE_CURVE('',#3757,#3410,#4764,.T.);
#3067=EDGE_CURVE('',#3756,#3408,#4765,.T.);
#3068=EDGE_CURVE('',#3761,#3411,#4766,.T.);
#3069=EDGE_CURVE('',#3760,#3412,#4767,.T.);
#3070=EDGE_CURVE('',#3759,#3413,#4768,.T.);
#3071=EDGE_CURVE('',#3758,#3409,#4769,.T.);
#3072=EDGE_CURVE('',#3751,#3404,#4770,.T.);
#3073=EDGE_CURVE('',#3750,#3402,#4771,.T.);
#3074=EDGE_CURVE('',#3755,#3405,#4772,.T.);
#3075=EDGE_CURVE('',#3754,#3406,#4773,.T.);
#3076=EDGE_CURVE('',#3753,#3407,#4774,.T.);
#3077=EDGE_CURVE('',#3752,#3403,#4775,.T.);
#3078=EDGE_CURVE('',#3745,#3398,#4776,.T.);
#3079=EDGE_CURVE('',#3744,#3396,#4777,.T.);
#3080=EDGE_CURVE('',#3749,#3399,#4778,.T.);
#3081=EDGE_CURVE('',#3748,#3400,#4779,.T.);
#3082=EDGE_CURVE('',#3747,#3401,#4780,.T.);
#3083=EDGE_CURVE('',#3746,#3397,#4781,.T.);
#3084=EDGE_CURVE('',#3739,#3392,#4782,.T.);
#3085=EDGE_CURVE('',#3738,#3390,#4783,.T.);
#3086=EDGE_CURVE('',#3743,#3393,#4784,.T.);
#3087=EDGE_CURVE('',#3742,#3394,#4785,.T.);
#3088=EDGE_CURVE('',#3741,#3395,#4786,.T.);
#3089=EDGE_CURVE('',#3740,#3391,#4787,.T.);
#3090=EDGE_CURVE('',#3733,#3386,#4788,.T.);
#3091=EDGE_CURVE('',#3732,#3384,#4789,.T.);
#3092=EDGE_CURVE('',#3737,#3387,#4790,.T.);
#3093=EDGE_CURVE('',#3736,#3388,#4791,.T.);
#3094=EDGE_CURVE('',#3735,#3389,#4792,.T.);
#3095=EDGE_CURVE('',#3734,#3385,#4793,.T.);
#3096=EDGE_CURVE('',#3727,#3380,#4794,.T.);
#3097=EDGE_CURVE('',#3726,#3378,#4795,.T.);
#3098=EDGE_CURVE('',#3731,#3381,#4796,.T.);
#3099=EDGE_CURVE('',#3730,#3382,#4797,.T.);
#3100=EDGE_CURVE('',#3729,#3383,#4798,.T.);
#3101=EDGE_CURVE('',#3728,#3379,#4799,.T.);
#3102=EDGE_CURVE('',#3721,#3374,#4800,.T.);
#3103=EDGE_CURVE('',#3720,#3372,#4801,.T.);
#3104=EDGE_CURVE('',#3725,#3375,#4802,.T.);
#3105=EDGE_CURVE('',#3724,#3376,#4803,.T.);
#3106=EDGE_CURVE('',#3723,#3377,#4804,.T.);
#3107=EDGE_CURVE('',#3722,#3373,#4805,.T.);
#3108=EDGE_CURVE('',#3715,#3368,#4806,.T.);
#3109=EDGE_CURVE('',#3714,#3366,#4807,.T.);
#3110=EDGE_CURVE('',#3719,#3369,#4808,.T.);
#3111=EDGE_CURVE('',#3718,#3370,#4809,.T.);
#3112=EDGE_CURVE('',#3717,#3371,#4810,.T.);
#3113=EDGE_CURVE('',#3716,#3367,#4811,.T.);
#3114=EDGE_CURVE('',#3709,#3362,#4812,.T.);
#3115=EDGE_CURVE('',#3708,#3360,#4813,.T.);
#3116=EDGE_CURVE('',#3713,#3363,#4814,.T.);
#3117=EDGE_CURVE('',#3712,#3364,#4815,.T.);
#3118=EDGE_CURVE('',#3711,#3365,#4816,.T.);
#3119=EDGE_CURVE('',#3710,#3361,#4817,.T.);
#3120=EDGE_CURVE('',#3703,#3356,#4818,.T.);
#3121=EDGE_CURVE('',#3702,#3354,#4819,.T.);
#3122=EDGE_CURVE('',#3707,#3357,#4820,.T.);
#3123=EDGE_CURVE('',#3706,#3358,#4821,.T.);
#3124=EDGE_CURVE('',#3705,#3359,#4822,.T.);
#3125=EDGE_CURVE('',#3704,#3355,#4823,.T.);
#3126=EDGE_CURVE('',#3697,#3350,#4824,.T.);
#3127=EDGE_CURVE('',#3696,#3348,#4825,.T.);
#3128=EDGE_CURVE('',#3701,#3351,#4826,.T.);
#3129=EDGE_CURVE('',#3700,#3352,#4827,.T.);
#3130=EDGE_CURVE('',#3699,#3353,#4828,.T.);
#3131=EDGE_CURVE('',#3698,#3349,#4829,.T.);
#3132=EDGE_CURVE('',#3691,#3344,#4830,.T.);
#3133=EDGE_CURVE('',#3690,#3342,#4831,.T.);
#3134=EDGE_CURVE('',#3695,#3345,#4832,.T.);
#3135=EDGE_CURVE('',#3694,#3346,#4833,.T.);
#3136=EDGE_CURVE('',#3693,#3347,#4834,.T.);
#3137=EDGE_CURVE('',#3692,#3343,#4835,.T.);
#3138=EDGE_CURVE('',#3685,#3338,#4836,.T.);
#3139=EDGE_CURVE('',#3684,#3336,#4837,.T.);
#3140=EDGE_CURVE('',#3689,#3339,#4838,.T.);
#3141=EDGE_CURVE('',#3688,#3340,#4839,.T.);
#3142=EDGE_CURVE('',#3687,#3341,#4840,.T.);
#3143=EDGE_CURVE('',#3686,#3337,#4841,.T.);
#3144=EDGE_CURVE('',#3679,#3332,#4842,.T.);
#3145=EDGE_CURVE('',#3678,#3330,#4843,.T.);
#3146=EDGE_CURVE('',#3683,#3333,#4844,.T.);
#3147=EDGE_CURVE('',#3682,#3334,#4845,.T.);
#3148=EDGE_CURVE('',#3681,#3335,#4846,.T.);
#3149=EDGE_CURVE('',#3680,#3331,#4847,.T.);
#3150=EDGE_CURVE('',#3673,#3326,#4848,.T.);
#3151=EDGE_CURVE('',#3672,#3324,#4849,.T.);
#3152=EDGE_CURVE('',#3677,#3327,#4850,.T.);
#3153=EDGE_CURVE('',#3676,#3328,#4851,.T.);
#3154=EDGE_CURVE('',#3675,#3329,#4852,.T.);
#3155=EDGE_CURVE('',#3674,#3325,#4853,.T.);
#3156=EDGE_CURVE('',#3667,#3320,#4854,.T.);
#3157=EDGE_CURVE('',#3666,#3318,#4855,.T.);
#3158=EDGE_CURVE('',#3671,#3321,#4856,.T.);
#3159=EDGE_CURVE('',#3670,#3322,#4857,.T.);
#3160=EDGE_CURVE('',#3669,#3323,#4858,.T.);
#3161=EDGE_CURVE('',#3668,#3319,#4859,.T.);
#3162=EDGE_CURVE('',#3661,#3314,#4860,.T.);
#3163=EDGE_CURVE('',#3660,#3312,#4861,.T.);
#3164=EDGE_CURVE('',#3665,#3315,#4862,.T.);
#3165=EDGE_CURVE('',#3664,#3316,#4863,.T.);
#3166=EDGE_CURVE('',#3663,#3317,#4864,.T.);
#3167=EDGE_CURVE('',#3662,#3313,#4865,.T.);
#3168=EDGE_CURVE('',#3655,#3308,#4866,.T.);
#3169=EDGE_CURVE('',#3654,#3306,#4867,.T.);
#3170=EDGE_CURVE('',#3659,#3309,#4868,.T.);
#3171=EDGE_CURVE('',#3658,#3310,#4869,.T.);
#3172=EDGE_CURVE('',#3657,#3311,#4870,.T.);
#3173=EDGE_CURVE('',#3656,#3307,#4871,.T.);
#3174=EDGE_CURVE('',#3649,#3302,#4872,.T.);
#3175=EDGE_CURVE('',#3648,#3300,#4873,.T.);
#3176=EDGE_CURVE('',#3653,#3303,#4874,.T.);
#3177=EDGE_CURVE('',#3652,#3304,#4875,.T.);
#3178=EDGE_CURVE('',#3651,#3305,#4876,.T.);
#3179=EDGE_CURVE('',#3650,#3301,#4877,.T.);
#3180=EDGE_CURVE('',#3643,#3296,#4878,.T.);
#3181=EDGE_CURVE('',#3642,#3294,#4879,.T.);
#3182=EDGE_CURVE('',#3647,#3297,#4880,.T.);
#3183=EDGE_CURVE('',#3646,#3298,#4881,.T.);
#3184=EDGE_CURVE('',#3645,#3299,#4882,.T.);
#3185=EDGE_CURVE('',#3644,#3295,#4883,.T.);
#3186=EDGE_CURVE('',#3637,#3290,#4884,.T.);
#3187=EDGE_CURVE('',#3636,#3288,#4885,.T.);
#3188=EDGE_CURVE('',#3641,#3291,#4886,.T.);
#3189=EDGE_CURVE('',#3640,#3292,#4887,.T.);
#3190=EDGE_CURVE('',#3639,#3293,#4888,.T.);
#3191=EDGE_CURVE('',#3638,#3289,#4889,.T.);
#3192=EDGE_CURVE('',#3631,#3284,#4890,.T.);
#3193=EDGE_CURVE('',#3630,#3282,#4891,.T.);
#3194=EDGE_CURVE('',#3635,#3285,#4892,.T.);
#3195=EDGE_CURVE('',#3634,#3286,#4893,.T.);
#3196=EDGE_CURVE('',#3633,#3287,#4894,.T.);
#3197=EDGE_CURVE('',#3632,#3283,#4895,.T.);
#3198=EDGE_CURVE('',#3625,#3278,#4896,.T.);
#3199=EDGE_CURVE('',#3624,#3276,#4897,.T.);
#3200=EDGE_CURVE('',#3629,#3279,#4898,.T.);
#3201=EDGE_CURVE('',#3628,#3280,#4899,.T.);
#3202=EDGE_CURVE('',#3627,#3281,#4900,.T.);
#3203=EDGE_CURVE('',#3626,#3277,#4901,.T.);
#3204=EDGE_CURVE('',#3619,#3272,#4902,.T.);
#3205=EDGE_CURVE('',#3618,#3270,#4903,.T.);
#3206=EDGE_CURVE('',#3623,#3273,#4904,.T.);
#3207=EDGE_CURVE('',#3622,#3274,#4905,.T.);
#3208=EDGE_CURVE('',#3621,#3275,#4906,.T.);
#3209=EDGE_CURVE('',#3620,#3271,#4907,.T.);
#3210=EDGE_CURVE('',#3613,#3266,#4908,.T.);
#3211=EDGE_CURVE('',#3612,#3264,#4909,.T.);
#3212=EDGE_CURVE('',#3617,#3267,#4910,.T.);
#3213=EDGE_CURVE('',#3616,#3268,#4911,.T.);
#3214=EDGE_CURVE('',#3615,#3269,#4912,.T.);
#3215=EDGE_CURVE('',#3614,#3265,#4913,.T.);
#3216=EDGE_CURVE('',#3607,#3260,#4914,.T.);
#3217=EDGE_CURVE('',#3606,#3258,#4915,.T.);
#3218=EDGE_CURVE('',#3611,#3261,#4916,.T.);
#3219=EDGE_CURVE('',#3610,#3262,#4917,.T.);
#3220=EDGE_CURVE('',#3609,#3263,#4918,.T.);
#3221=EDGE_CURVE('',#3608,#3259,#4919,.T.);
#3222=EDGE_CURVE('',#3601,#3254,#4920,.T.);
#3223=EDGE_CURVE('',#3600,#3252,#4921,.T.);
#3224=EDGE_CURVE('',#3605,#3255,#4922,.T.);
#3225=EDGE_CURVE('',#3604,#3256,#4923,.T.);
#3226=EDGE_CURVE('',#3603,#3257,#4924,.T.);
#3227=EDGE_CURVE('',#3602,#3253,#4925,.T.);
#3228=EDGE_CURVE('',#3595,#3248,#4926,.T.);
#3229=EDGE_CURVE('',#3594,#3246,#4927,.T.);
#3230=EDGE_CURVE('',#3599,#3249,#4928,.T.);
#3231=EDGE_CURVE('',#3598,#3250,#4929,.T.);
#3232=EDGE_CURVE('',#3597,#3251,#4930,.T.);
#3233=EDGE_CURVE('',#3596,#3247,#4931,.T.);
#3234=EDGE_CURVE('',#3589,#3242,#4932,.T.);
#3235=EDGE_CURVE('',#3588,#3240,#4933,.T.);
#3236=EDGE_CURVE('',#3593,#3243,#4934,.T.);
#3237=EDGE_CURVE('',#3592,#3244,#4935,.T.);
#3238=EDGE_CURVE('',#3591,#3245,#4936,.T.);
#3239=EDGE_CURVE('',#3590,#3241,#4937,.T.);
#3240=VERTEX_POINT('',#10012);
#3241=VERTEX_POINT('',#10013);
#3242=VERTEX_POINT('',#10015);
#3243=VERTEX_POINT('',#10017);
#3244=VERTEX_POINT('',#10019);
#3245=VERTEX_POINT('',#10021);
#3246=VERTEX_POINT('',#10024);
#3247=VERTEX_POINT('',#10025);
#3248=VERTEX_POINT('',#10027);
#3249=VERTEX_POINT('',#10029);
#3250=VERTEX_POINT('',#10031);
#3251=VERTEX_POINT('',#10033);
#3252=VERTEX_POINT('',#10036);
#3253=VERTEX_POINT('',#10037);
#3254=VERTEX_POINT('',#10039);
#3255=VERTEX_POINT('',#10041);
#3256=VERTEX_POINT('',#10043);
#3257=VERTEX_POINT('',#10045);
#3258=VERTEX_POINT('',#10048);
#3259=VERTEX_POINT('',#10049);
#3260=VERTEX_POINT('',#10051);
#3261=VERTEX_POINT('',#10053);
#3262=VERTEX_POINT('',#10055);
#3263=VERTEX_POINT('',#10057);
#3264=VERTEX_POINT('',#10060);
#3265=VERTEX_POINT('',#10061);
#3266=VERTEX_POINT('',#10063);
#3267=VERTEX_POINT('',#10065);
#3268=VERTEX_POINT('',#10067);
#3269=VERTEX_POINT('',#10069);
#3270=VERTEX_POINT('',#10072);
#3271=VERTEX_POINT('',#10073);
#3272=VERTEX_POINT('',#10075);
#3273=VERTEX_POINT('',#10077);
#3274=VERTEX_POINT('',#10079);
#3275=VERTEX_POINT('',#10081);
#3276=VERTEX_POINT('',#10084);
#3277=VERTEX_POINT('',#10085);
#3278=VERTEX_POINT('',#10087);
#3279=VERTEX_POINT('',#10089);
#3280=VERTEX_POINT('',#10091);
#3281=VERTEX_POINT('',#10093);
#3282=VERTEX_POINT('',#10096);
#3283=VERTEX_POINT('',#10097);
#3284=VERTEX_POINT('',#10099);
#3285=VERTEX_POINT('',#10101);
#3286=VERTEX_POINT('',#10103);
#3287=VERTEX_POINT('',#10105);
#3288=VERTEX_POINT('',#10108);
#3289=VERTEX_POINT('',#10109);
#3290=VERTEX_POINT('',#10111);
#3291=VERTEX_POINT('',#10113);
#3292=VERTEX_POINT('',#10115);
#3293=VERTEX_POINT('',#10117);
#3294=VERTEX_POINT('',#10120);
#3295=VERTEX_POINT('',#10121);
#3296=VERTEX_POINT('',#10123);
#3297=VERTEX_POINT('',#10125);
#3298=VERTEX_POINT('',#10127);
#3299=VERTEX_POINT('',#10129);
#3300=VERTEX_POINT('',#10132);
#3301=VERTEX_POINT('',#10133);
#3302=VERTEX_POINT('',#10135);
#3303=VERTEX_POINT('',#10137);
#3304=VERTEX_POINT('',#10139);
#3305=VERTEX_POINT('',#10141);
#3306=VERTEX_POINT('',#10144);
#3307=VERTEX_POINT('',#10145);
#3308=VERTEX_POINT('',#10147);
#3309=VERTEX_POINT('',#10149);
#3310=VERTEX_POINT('',#10151);
#3311=VERTEX_POINT('',#10153);
#3312=VERTEX_POINT('',#10156);
#3313=VERTEX_POINT('',#10157);
#3314=VERTEX_POINT('',#10159);
#3315=VERTEX_POINT('',#10161);
#3316=VERTEX_POINT('',#10163);
#3317=VERTEX_POINT('',#10165);
#3318=VERTEX_POINT('',#10168);
#3319=VERTEX_POINT('',#10169);
#3320=VERTEX_POINT('',#10171);
#3321=VERTEX_POINT('',#10173);
#3322=VERTEX_POINT('',#10175);
#3323=VERTEX_POINT('',#10177);
#3324=VERTEX_POINT('',#10180);
#3325=VERTEX_POINT('',#10181);
#3326=VERTEX_POINT('',#10183);
#3327=VERTEX_POINT('',#10185);
#3328=VERTEX_POINT('',#10187);
#3329=VERTEX_POINT('',#10189);
#3330=VERTEX_POINT('',#10192);
#3331=VERTEX_POINT('',#10193);
#3332=VERTEX_POINT('',#10195);
#3333=VERTEX_POINT('',#10197);
#3334=VERTEX_POINT('',#10199);
#3335=VERTEX_POINT('',#10201);
#3336=VERTEX_POINT('',#10204);
#3337=VERTEX_POINT('',#10205);
#3338=VERTEX_POINT('',#10207);
#3339=VERTEX_POINT('',#10209);
#3340=VERTEX_POINT('',#10211);
#3341=VERTEX_POINT('',#10213);
#3342=VERTEX_POINT('',#10216);
#3343=VERTEX_POINT('',#10217);
#3344=VERTEX_POINT('',#10219);
#3345=VERTEX_POINT('',#10221);
#3346=VERTEX_POINT('',#10223);
#3347=VERTEX_POINT('',#10225);
#3348=VERTEX_POINT('',#10228);
#3349=VERTEX_POINT('',#10229);
#3350=VERTEX_POINT('',#10231);
#3351=VERTEX_POINT('',#10233);
#3352=VERTEX_POINT('',#10235);
#3353=VERTEX_POINT('',#10237);
#3354=VERTEX_POINT('',#10240);
#3355=VERTEX_POINT('',#10241);
#3356=VERTEX_POINT('',#10243);
#3357=VERTEX_POINT('',#10245);
#3358=VERTEX_POINT('',#10247);
#3359=VERTEX_POINT('',#10249);
#3360=VERTEX_POINT('',#10252);
#3361=VERTEX_POINT('',#10253);
#3362=VERTEX_POINT('',#10255);
#3363=VERTEX_POINT('',#10257);
#3364=VERTEX_POINT('',#10259);
#3365=VERTEX_POINT('',#10261);
#3366=VERTEX_POINT('',#10264);
#3367=VERTEX_POINT('',#10265);
#3368=VERTEX_POINT('',#10267);
#3369=VERTEX_POINT('',#10269);
#3370=VERTEX_POINT('',#10271);
#3371=VERTEX_POINT('',#10273);
#3372=VERTEX_POINT('',#10276);
#3373=VERTEX_POINT('',#10277);
#3374=VERTEX_POINT('',#10279);
#3375=VERTEX_POINT('',#10281);
#3376=VERTEX_POINT('',#10283);
#3377=VERTEX_POINT('',#10285);
#3378=VERTEX_POINT('',#10288);
#3379=VERTEX_POINT('',#10289);
#3380=VERTEX_POINT('',#10291);
#3381=VERTEX_POINT('',#10293);
#3382=VERTEX_POINT('',#10295);
#3383=VERTEX_POINT('',#10297);
#3384=VERTEX_POINT('',#10300);
#3385=VERTEX_POINT('',#10301);
#3386=VERTEX_POINT('',#10303);
#3387=VERTEX_POINT('',#10305);
#3388=VERTEX_POINT('',#10307);
#3389=VERTEX_POINT('',#10309);
#3390=VERTEX_POINT('',#10312);
#3391=VERTEX_POINT('',#10313);
#3392=VERTEX_POINT('',#10315);
#3393=VERTEX_POINT('',#10317);
#3394=VERTEX_POINT('',#10319);
#3395=VERTEX_POINT('',#10321);
#3396=VERTEX_POINT('',#10324);
#3397=VERTEX_POINT('',#10325);
#3398=VERTEX_POINT('',#10327);
#3399=VERTEX_POINT('',#10329);
#3400=VERTEX_POINT('',#10331);
#3401=VERTEX_POINT('',#10333);
#3402=VERTEX_POINT('',#10336);
#3403=VERTEX_POINT('',#10337);
#3404=VERTEX_POINT('',#10339);
#3405=VERTEX_POINT('',#10341);
#3406=VERTEX_POINT('',#10343);
#3407=VERTEX_POINT('',#10345);
#3408=VERTEX_POINT('',#10348);
#3409=VERTEX_POINT('',#10349);
#3410=VERTEX_POINT('',#10351);
#3411=VERTEX_POINT('',#10353);
#3412=VERTEX_POINT('',#10355);
#3413=VERTEX_POINT('',#10357);
#3414=VERTEX_POINT('',#10360);
#3415=VERTEX_POINT('',#10361);
#3416=VERTEX_POINT('',#10363);
#3417=VERTEX_POINT('',#10365);
#3418=VERTEX_POINT('',#10367);
#3419=VERTEX_POINT('',#10369);
#3420=VERTEX_POINT('',#10372);
#3421=VERTEX_POINT('',#10373);
#3422=VERTEX_POINT('',#10375);
#3423=VERTEX_POINT('',#10377);
#3424=VERTEX_POINT('',#10379);
#3425=VERTEX_POINT('',#10381);
#3426=VERTEX_POINT('',#10384);
#3427=VERTEX_POINT('',#10385);
#3428=VERTEX_POINT('',#10387);
#3429=VERTEX_POINT('',#10389);
#3430=VERTEX_POINT('',#10391);
#3431=VERTEX_POINT('',#10393);
#3432=VERTEX_POINT('',#10396);
#3433=VERTEX_POINT('',#10397);
#3434=VERTEX_POINT('',#10399);
#3435=VERTEX_POINT('',#10401);
#3436=VERTEX_POINT('',#10403);
#3437=VERTEX_POINT('',#10405);
#3438=VERTEX_POINT('',#10408);
#3439=VERTEX_POINT('',#10409);
#3440=VERTEX_POINT('',#10411);
#3441=VERTEX_POINT('',#10413);
#3442=VERTEX_POINT('',#10415);
#3443=VERTEX_POINT('',#10417);
#3444=VERTEX_POINT('',#10420);
#3445=VERTEX_POINT('',#10421);
#3446=VERTEX_POINT('',#10423);
#3447=VERTEX_POINT('',#10425);
#3448=VERTEX_POINT('',#10427);
#3449=VERTEX_POINT('',#10429);
#3450=VERTEX_POINT('',#10432);
#3451=VERTEX_POINT('',#10433);
#3452=VERTEX_POINT('',#10435);
#3453=VERTEX_POINT('',#10437);
#3454=VERTEX_POINT('',#10439);
#3455=VERTEX_POINT('',#10441);
#3456=VERTEX_POINT('',#10444);
#3457=VERTEX_POINT('',#10445);
#3458=VERTEX_POINT('',#10447);
#3459=VERTEX_POINT('',#10449);
#3460=VERTEX_POINT('',#10451);
#3461=VERTEX_POINT('',#10453);
#3462=VERTEX_POINT('',#10456);
#3463=VERTEX_POINT('',#10457);
#3464=VERTEX_POINT('',#10459);
#3465=VERTEX_POINT('',#10461);
#3466=VERTEX_POINT('',#10463);
#3467=VERTEX_POINT('',#10465);
#3468=VERTEX_POINT('',#10468);
#3469=VERTEX_POINT('',#10469);
#3470=VERTEX_POINT('',#10471);
#3471=VERTEX_POINT('',#10473);
#3472=VERTEX_POINT('',#10475);
#3473=VERTEX_POINT('',#10477);
#3474=VERTEX_POINT('',#10480);
#3475=VERTEX_POINT('',#10481);
#3476=VERTEX_POINT('',#10483);
#3477=VERTEX_POINT('',#10485);
#3478=VERTEX_POINT('',#10487);
#3479=VERTEX_POINT('',#10489);
#3480=VERTEX_POINT('',#10492);
#3481=VERTEX_POINT('',#10493);
#3482=VERTEX_POINT('',#10495);
#3483=VERTEX_POINT('',#10497);
#3484=VERTEX_POINT('',#10499);
#3485=VERTEX_POINT('',#10501);
#3486=VERTEX_POINT('',#10504);
#3487=VERTEX_POINT('',#10505);
#3488=VERTEX_POINT('',#10507);
#3489=VERTEX_POINT('',#10509);
#3490=VERTEX_POINT('',#10511);
#3491=VERTEX_POINT('',#10513);
#3492=VERTEX_POINT('',#10516);
#3493=VERTEX_POINT('',#10517);
#3494=VERTEX_POINT('',#10519);
#3495=VERTEX_POINT('',#10521);
#3496=VERTEX_POINT('',#10523);
#3497=VERTEX_POINT('',#10525);
#3498=VERTEX_POINT('',#10528);
#3499=VERTEX_POINT('',#10529);
#3500=VERTEX_POINT('',#10531);
#3501=VERTEX_POINT('',#10533);
#3502=VERTEX_POINT('',#10535);
#3503=VERTEX_POINT('',#10537);
#3504=VERTEX_POINT('',#10540);
#3505=VERTEX_POINT('',#10541);
#3506=VERTEX_POINT('',#10543);
#3507=VERTEX_POINT('',#10545);
#3508=VERTEX_POINT('',#10547);
#3509=VERTEX_POINT('',#10549);
#3510=VERTEX_POINT('',#10552);
#3511=VERTEX_POINT('',#10553);
#3512=VERTEX_POINT('',#10555);
#3513=VERTEX_POINT('',#10557);
#3514=VERTEX_POINT('',#10559);
#3515=VERTEX_POINT('',#10561);
#3516=VERTEX_POINT('',#10564);
#3517=VERTEX_POINT('',#10565);
#3518=VERTEX_POINT('',#10567);
#3519=VERTEX_POINT('',#10569);
#3520=VERTEX_POINT('',#10571);
#3521=VERTEX_POINT('',#10573);
#3522=VERTEX_POINT('',#10576);
#3523=VERTEX_POINT('',#10577);
#3524=VERTEX_POINT('',#10579);
#3525=VERTEX_POINT('',#10581);
#3526=VERTEX_POINT('',#10583);
#3527=VERTEX_POINT('',#10585);
#3528=VERTEX_POINT('',#10588);
#3529=VERTEX_POINT('',#10589);
#3530=VERTEX_POINT('',#10591);
#3531=VERTEX_POINT('',#10593);
#3532=VERTEX_POINT('',#10595);
#3533=VERTEX_POINT('',#10597);
#3534=VERTEX_POINT('',#10600);
#3535=VERTEX_POINT('',#10601);
#3536=VERTEX_POINT('',#10603);
#3537=VERTEX_POINT('',#10605);
#3538=VERTEX_POINT('',#10607);
#3539=VERTEX_POINT('',#10609);
#3540=VERTEX_POINT('',#10612);
#3541=VERTEX_POINT('',#10613);
#3542=VERTEX_POINT('',#10615);
#3543=VERTEX_POINT('',#10617);
#3544=VERTEX_POINT('',#10619);
#3545=VERTEX_POINT('',#10621);
#3546=VERTEX_POINT('',#10624);
#3547=VERTEX_POINT('',#10625);
#3548=VERTEX_POINT('',#10627);
#3549=VERTEX_POINT('',#10629);
#3550=VERTEX_POINT('',#10631);
#3551=VERTEX_POINT('',#10633);
#3552=VERTEX_POINT('',#10636);
#3553=VERTEX_POINT('',#10637);
#3554=VERTEX_POINT('',#10639);
#3555=VERTEX_POINT('',#10641);
#3556=VERTEX_POINT('',#10643);
#3557=VERTEX_POINT('',#10645);
#3558=VERTEX_POINT('',#10648);
#3559=VERTEX_POINT('',#10650);
#3560=VERTEX_POINT('',#10652);
#3561=VERTEX_POINT('',#10653);
#3562=VERTEX_POINT('',#10655);
#3563=VERTEX_POINT('',#10657);
#3564=VERTEX_POINT('',#10659);
#3565=VERTEX_POINT('',#10661);
#3566=VERTEX_POINT('',#10663);
#3567=VERTEX_POINT('',#10665);
#3568=VERTEX_POINT('',#10668);
#3569=VERTEX_POINT('',#10670);
#3570=VERTEX_POINT('',#10672);
#3571=VERTEX_POINT('',#10674);
#3572=VERTEX_POINT('',#10676);
#3573=VERTEX_POINT('',#10678);
#3574=VERTEX_POINT('',#10680);
#3575=VERTEX_POINT('',#10682);
#3576=VERTEX_POINT('',#10683);
#3577=VERTEX_POINT('',#10685);
#3578=VERTEX_POINT('',#10687);
#3579=VERTEX_POINT('',#10689);
#3580=VERTEX_POINT('',#10691);
#3581=VERTEX_POINT('',#10693);
#3582=VERTEX_POINT('',#10695);
#3583=VERTEX_POINT('',#10698);
#3584=VERTEX_POINT('',#10700);
#3585=VERTEX_POINT('',#10702);
#3586=VERTEX_POINT('',#10704);
#3587=VERTEX_POINT('',#10706);
#3588=VERTEX_POINT('',#10709);
#3589=VERTEX_POINT('',#10710);
#3590=VERTEX_POINT('',#10712);
#3591=VERTEX_POINT('',#10714);
#3592=VERTEX_POINT('',#10716);
#3593=VERTEX_POINT('',#10718);
#3594=VERTEX_POINT('',#10721);
#3595=VERTEX_POINT('',#10722);
#3596=VERTEX_POINT('',#10724);
#3597=VERTEX_POINT('',#10726);
#3598=VERTEX_POINT('',#10728);
#3599=VERTEX_POINT('',#10730);
#3600=VERTEX_POINT('',#10733);
#3601=VERTEX_POINT('',#10734);
#3602=VERTEX_POINT('',#10736);
#3603=VERTEX_POINT('',#10738);
#3604=VERTEX_POINT('',#10740);
#3605=VERTEX_POINT('',#10742);
#3606=VERTEX_POINT('',#10745);
#3607=VERTEX_POINT('',#10746);
#3608=VERTEX_POINT('',#10748);
#3609=VERTEX_POINT('',#10750);
#3610=VERTEX_POINT('',#10752);
#3611=VERTEX_POINT('',#10754);
#3612=VERTEX_POINT('',#10757);
#3613=VERTEX_POINT('',#10758);
#3614=VERTEX_POINT('',#10760);
#3615=VERTEX_POINT('',#10762);
#3616=VERTEX_POINT('',#10764);
#3617=VERTEX_POINT('',#10766);
#3618=VERTEX_POINT('',#10769);
#3619=VERTEX_POINT('',#10770);
#3620=VERTEX_POINT('',#10772);
#3621=VERTEX_POINT('',#10774);
#3622=VERTEX_POINT('',#10776);
#3623=VERTEX_POINT('',#10778);
#3624=VERTEX_POINT('',#10781);
#3625=VERTEX_POINT('',#10782);
#3626=VERTEX_POINT('',#10784);
#3627=VERTEX_POINT('',#10786);
#3628=VERTEX_POINT('',#10788);
#3629=VERTEX_POINT('',#10790);
#3630=VERTEX_POINT('',#10793);
#3631=VERTEX_POINT('',#10794);
#3632=VERTEX_POINT('',#10796);
#3633=VERTEX_POINT('',#10798);
#3634=VERTEX_POINT('',#10800);
#3635=VERTEX_POINT('',#10802);
#3636=VERTEX_POINT('',#10805);
#3637=VERTEX_POINT('',#10806);
#3638=VERTEX_POINT('',#10808);
#3639=VERTEX_POINT('',#10810);
#3640=VERTEX_POINT('',#10812);
#3641=VERTEX_POINT('',#10814);
#3642=VERTEX_POINT('',#10817);
#3643=VERTEX_POINT('',#10818);
#3644=VERTEX_POINT('',#10820);
#3645=VERTEX_POINT('',#10822);
#3646=VERTEX_POINT('',#10824);
#3647=VERTEX_POINT('',#10826);
#3648=VERTEX_POINT('',#10829);
#3649=VERTEX_POINT('',#10830);
#3650=VERTEX_POINT('',#10832);
#3651=VERTEX_POINT('',#10834);
#3652=VERTEX_POINT('',#10836);
#3653=VERTEX_POINT('',#10838);
#3654=VERTEX_POINT('',#10841);
#3655=VERTEX_POINT('',#10842);
#3656=VERTEX_POINT('',#10844);
#3657=VERTEX_POINT('',#10846);
#3658=VERTEX_POINT('',#10848);
#3659=VERTEX_POINT('',#10850);
#3660=VERTEX_POINT('',#10853);
#3661=VERTEX_POINT('',#10854);
#3662=VERTEX_POINT('',#10856);
#3663=VERTEX_POINT('',#10858);
#3664=VERTEX_POINT('',#10860);
#3665=VERTEX_POINT('',#10862);
#3666=VERTEX_POINT('',#10865);
#3667=VERTEX_POINT('',#10866);
#3668=VERTEX_POINT('',#10868);
#3669=VERTEX_POINT('',#10870);
#3670=VERTEX_POINT('',#10872);
#3671=VERTEX_POINT('',#10874);
#3672=VERTEX_POINT('',#10877);
#3673=VERTEX_POINT('',#10878);
#3674=VERTEX_POINT('',#10880);
#3675=VERTEX_POINT('',#10882);
#3676=VERTEX_POINT('',#10884);
#3677=VERTEX_POINT('',#10886);
#3678=VERTEX_POINT('',#10889);
#3679=VERTEX_POINT('',#10890);
#3680=VERTEX_POINT('',#10892);
#3681=VERTEX_POINT('',#10894);
#3682=VERTEX_POINT('',#10896);
#3683=VERTEX_POINT('',#10898);
#3684=VERTEX_POINT('',#10901);
#3685=VERTEX_POINT('',#10902);
#3686=VERTEX_POINT('',#10904);
#3687=VERTEX_POINT('',#10906);
#3688=VERTEX_POINT('',#10908);
#3689=VERTEX_POINT('',#10910);
#3690=VERTEX_POINT('',#10913);
#3691=VERTEX_POINT('',#10914);
#3692=VERTEX_POINT('',#10916);
#3693=VERTEX_POINT('',#10918);
#3694=VERTEX_POINT('',#10920);
#3695=VERTEX_POINT('',#10922);
#3696=VERTEX_POINT('',#10925);
#3697=VERTEX_POINT('',#10926);
#3698=VERTEX_POINT('',#10928);
#3699=VERTEX_POINT('',#10930);
#3700=VERTEX_POINT('',#10932);
#3701=VERTEX_POINT('',#10934);
#3702=VERTEX_POINT('',#10937);
#3703=VERTEX_POINT('',#10938);
#3704=VERTEX_POINT('',#10940);
#3705=VERTEX_POINT('',#10942);
#3706=VERTEX_POINT('',#10944);
#3707=VERTEX_POINT('',#10946);
#3708=VERTEX_POINT('',#10949);
#3709=VERTEX_POINT('',#10950);
#3710=VERTEX_POINT('',#10952);
#3711=VERTEX_POINT('',#10954);
#3712=VERTEX_POINT('',#10956);
#3713=VERTEX_POINT('',#10958);
#3714=VERTEX_POINT('',#10961);
#3715=VERTEX_POINT('',#10962);
#3716=VERTEX_POINT('',#10964);
#3717=VERTEX_POINT('',#10966);
#3718=VERTEX_POINT('',#10968);
#3719=VERTEX_POINT('',#10970);
#3720=VERTEX_POINT('',#10973);
#3721=VERTEX_POINT('',#10974);
#3722=VERTEX_POINT('',#10976);
#3723=VERTEX_POINT('',#10978);
#3724=VERTEX_POINT('',#10980);
#3725=VERTEX_POINT('',#10982);
#3726=VERTEX_POINT('',#10985);
#3727=VERTEX_POINT('',#10986);
#3728=VERTEX_POINT('',#10988);
#3729=VERTEX_POINT('',#10990);
#3730=VERTEX_POINT('',#10992);
#3731=VERTEX_POINT('',#10994);
#3732=VERTEX_POINT('',#10997);
#3733=VERTEX_POINT('',#10998);
#3734=VERTEX_POINT('',#11000);
#3735=VERTEX_POINT('',#11002);
#3736=VERTEX_POINT('',#11004);
#3737=VERTEX_POINT('',#11006);
#3738=VERTEX_POINT('',#11009);
#3739=VERTEX_POINT('',#11010);
#3740=VERTEX_POINT('',#11012);
#3741=VERTEX_POINT('',#11014);
#3742=VERTEX_POINT('',#11016);
#3743=VERTEX_POINT('',#11018);
#3744=VERTEX_POINT('',#11021);
#3745=VERTEX_POINT('',#11022);
#3746=VERTEX_POINT('',#11024);
#3747=VERTEX_POINT('',#11026);
#3748=VERTEX_POINT('',#11028);
#3749=VERTEX_POINT('',#11030);
#3750=VERTEX_POINT('',#11033);
#3751=VERTEX_POINT('',#11034);
#3752=VERTEX_POINT('',#11036);
#3753=VERTEX_POINT('',#11038);
#3754=VERTEX_POINT('',#11040);
#3755=VERTEX_POINT('',#11042);
#3756=VERTEX_POINT('',#11045);
#3757=VERTEX_POINT('',#11046);
#3758=VERTEX_POINT('',#11048);
#3759=VERTEX_POINT('',#11050);
#3760=VERTEX_POINT('',#11052);
#3761=VERTEX_POINT('',#11054);
#3762=VERTEX_POINT('',#11057);
#3763=VERTEX_POINT('',#11058);
#3764=VERTEX_POINT('',#11060);
#3765=VERTEX_POINT('',#11062);
#3766=VERTEX_POINT('',#11064);
#3767=VERTEX_POINT('',#11066);
#3768=VERTEX_POINT('',#11069);
#3769=VERTEX_POINT('',#11070);
#3770=VERTEX_POINT('',#11072);
#3771=VERTEX_POINT('',#11074);
#3772=VERTEX_POINT('',#11076);
#3773=VERTEX_POINT('',#11078);
#3774=VERTEX_POINT('',#11081);
#3775=VERTEX_POINT('',#11082);
#3776=VERTEX_POINT('',#11084);
#3777=VERTEX_POINT('',#11086);
#3778=VERTEX_POINT('',#11088);
#3779=VERTEX_POINT('',#11090);
#3780=VERTEX_POINT('',#11093);
#3781=VERTEX_POINT('',#11094);
#3782=VERTEX_POINT('',#11096);
#3783=VERTEX_POINT('',#11098);
#3784=VERTEX_POINT('',#11100);
#3785=VERTEX_POINT('',#11102);
#3786=VERTEX_POINT('',#11105);
#3787=VERTEX_POINT('',#11106);
#3788=VERTEX_POINT('',#11108);
#3789=VERTEX_POINT('',#11110);
#3790=VERTEX_POINT('',#11112);
#3791=VERTEX_POINT('',#11114);
#3792=VERTEX_POINT('',#11117);
#3793=VERTEX_POINT('',#11118);
#3794=VERTEX_POINT('',#11120);
#3795=VERTEX_POINT('',#11122);
#3796=VERTEX_POINT('',#11124);
#3797=VERTEX_POINT('',#11126);
#3798=VERTEX_POINT('',#11129);
#3799=VERTEX_POINT('',#11130);
#3800=VERTEX_POINT('',#11132);
#3801=VERTEX_POINT('',#11134);
#3802=VERTEX_POINT('',#11136);
#3803=VERTEX_POINT('',#11138);
#3804=VERTEX_POINT('',#11141);
#3805=VERTEX_POINT('',#11142);
#3806=VERTEX_POINT('',#11144);
#3807=VERTEX_POINT('',#11146);
#3808=VERTEX_POINT('',#11148);
#3809=VERTEX_POINT('',#11150);
#3810=VERTEX_POINT('',#11153);
#3811=VERTEX_POINT('',#11154);
#3812=VERTEX_POINT('',#11156);
#3813=VERTEX_POINT('',#11158);
#3814=VERTEX_POINT('',#11160);
#3815=VERTEX_POINT('',#11162);
#3816=VERTEX_POINT('',#11165);
#3817=VERTEX_POINT('',#11166);
#3818=VERTEX_POINT('',#11168);
#3819=VERTEX_POINT('',#11170);
#3820=VERTEX_POINT('',#11172);
#3821=VERTEX_POINT('',#11174);
#3822=VERTEX_POINT('',#11177);
#3823=VERTEX_POINT('',#11178);
#3824=VERTEX_POINT('',#11180);
#3825=VERTEX_POINT('',#11182);
#3826=VERTEX_POINT('',#11184);
#3827=VERTEX_POINT('',#11186);
#3828=VERTEX_POINT('',#11189);
#3829=VERTEX_POINT('',#11190);
#3830=VERTEX_POINT('',#11192);
#3831=VERTEX_POINT('',#11194);
#3832=VERTEX_POINT('',#11196);
#3833=VERTEX_POINT('',#11198);
#3834=VERTEX_POINT('',#11201);
#3835=VERTEX_POINT('',#11202);
#3836=VERTEX_POINT('',#11204);
#3837=VERTEX_POINT('',#11206);
#3838=VERTEX_POINT('',#11208);
#3839=VERTEX_POINT('',#11210);
#3840=VERTEX_POINT('',#11213);
#3841=VERTEX_POINT('',#11214);
#3842=VERTEX_POINT('',#11216);
#3843=VERTEX_POINT('',#11218);
#3844=VERTEX_POINT('',#11220);
#3845=VERTEX_POINT('',#11222);
#3846=VERTEX_POINT('',#11225);
#3847=VERTEX_POINT('',#11226);
#3848=VERTEX_POINT('',#11228);
#3849=VERTEX_POINT('',#11230);
#3850=VERTEX_POINT('',#11232);
#3851=VERTEX_POINT('',#11234);
#3852=VERTEX_POINT('',#11237);
#3853=VERTEX_POINT('',#11238);
#3854=VERTEX_POINT('',#11240);
#3855=VERTEX_POINT('',#11242);
#3856=VERTEX_POINT('',#11244);
#3857=VERTEX_POINT('',#11246);
#3858=VERTEX_POINT('',#11249);
#3859=VERTEX_POINT('',#11250);
#3860=VERTEX_POINT('',#11252);
#3861=VERTEX_POINT('',#11254);
#3862=VERTEX_POINT('',#11256);
#3863=VERTEX_POINT('',#11258);
#3864=VERTEX_POINT('',#11261);
#3865=VERTEX_POINT('',#11262);
#3866=VERTEX_POINT('',#11264);
#3867=VERTEX_POINT('',#11266);
#3868=VERTEX_POINT('',#11268);
#3869=VERTEX_POINT('',#11270);
#3870=VERTEX_POINT('',#11273);
#3871=VERTEX_POINT('',#11274);
#3872=VERTEX_POINT('',#11276);
#3873=VERTEX_POINT('',#11278);
#3874=VERTEX_POINT('',#11280);
#3875=VERTEX_POINT('',#11282);
#3876=VERTEX_POINT('',#11285);
#3877=VERTEX_POINT('',#11286);
#3878=VERTEX_POINT('',#11288);
#3879=VERTEX_POINT('',#11290);
#3880=VERTEX_POINT('',#11292);
#3881=VERTEX_POINT('',#11294);
#3882=VERTEX_POINT('',#11297);
#3883=VERTEX_POINT('',#11298);
#3884=VERTEX_POINT('',#11300);
#3885=VERTEX_POINT('',#11302);
#3886=VERTEX_POINT('',#11304);
#3887=VERTEX_POINT('',#11306);
#3888=VERTEX_POINT('',#11309);
#3889=VERTEX_POINT('',#11310);
#3890=VERTEX_POINT('',#11312);
#3891=VERTEX_POINT('',#11314);
#3892=VERTEX_POINT('',#11316);
#3893=VERTEX_POINT('',#11318);
#3894=VERTEX_POINT('',#11321);
#3895=VERTEX_POINT('',#11322);
#3896=VERTEX_POINT('',#11324);
#3897=VERTEX_POINT('',#11326);
#3898=VERTEX_POINT('',#11328);
#3899=VERTEX_POINT('',#11330);
#3900=VERTEX_POINT('',#11333);
#3901=VERTEX_POINT('',#11334);
#3902=VERTEX_POINT('',#11336);
#3903=VERTEX_POINT('',#11338);
#3904=VERTEX_POINT('',#11340);
#3905=VERTEX_POINT('',#11342);
#3906=VERTEX_POINT('',#11345);
#3907=VERTEX_POINT('',#11346);
#3908=VERTEX_POINT('',#11348);
#3909=VERTEX_POINT('',#11350);
#3910=VERTEX_POINT('',#11352);
#3911=VERTEX_POINT('',#11354);
#3912=VERTEX_POINT('',#11356);
#3913=VERTEX_POINT('',#11358);
#3914=VERTEX_POINT('',#11361);
#3915=VERTEX_POINT('',#11363);
#3916=VERTEX_POINT('',#11365);
#3917=VERTEX_POINT('',#11367);
#3918=VERTEX_POINT('',#11368);
#3919=VERTEX_POINT('',#11370);
#3920=VERTEX_POINT('',#11372);
#3921=VERTEX_POINT('',#11374);
#3922=VERTEX_POINT('',#11376);
#3923=VERTEX_POINT('',#11378);
#3924=VERTEX_POINT('',#11380);
#3925=VERTEX_POINT('',#11383);
#3926=VERTEX_POINT('',#11385);
#3927=VERTEX_POINT('',#11387);
#3928=VERTEX_POINT('',#11412);
#3929=VERTEX_POINT('',#11415);
#3930=VERTEX_POINT('',#11418);
#3931=VERTEX_POINT('',#11421);
#3932=VERTEX_POINT('',#11424);
#3933=VERTEX_POINT('',#11427);
#3934=VERTEX_POINT('',#11430);
#3935=VERTEX_POINT('',#11433);
#3936=VERTEX_POINT('',#11436);
#3937=VERTEX_POINT('',#11440);
#3938=VERTEX_POINT('',#11444);
#3939=VERTEX_POINT('',#11448);
#3940=VERTEX_POINT('',#11468);
#3941=VERTEX_POINT('',#11471);
#3942=VERTEX_POINT('',#11474);
#3943=VERTEX_POINT('',#11477);
#3944=VERTEX_POINT('',#11480);
#3945=VERTEX_POINT('',#11483);
#3946=VERTEX_POINT('',#11486);
#3947=VERTEX_POINT('',#11489);
#3948=VERTEX_POINT('',#11492);
#3949=VERTEX_POINT('',#11496);
#3950=VERTEX_POINT('',#11500);
#3951=VERTEX_POINT('',#11504);
#3952=LINE('',#10011,#4938);
#3953=LINE('',#10014,#4939);
#3954=LINE('',#10016,#4940);
#3955=LINE('',#10018,#4941);
#3956=LINE('',#10020,#4942);
#3957=LINE('',#10022,#4943);
#3958=LINE('',#10023,#4944);
#3959=LINE('',#10026,#4945);
#3960=LINE('',#10028,#4946);
#3961=LINE('',#10030,#4947);
#3962=LINE('',#10032,#4948);
#3963=LINE('',#10034,#4949);
#3964=LINE('',#10035,#4950);
#3965=LINE('',#10038,#4951);
#3966=LINE('',#10040,#4952);
#3967=LINE('',#10042,#4953);
#3968=LINE('',#10044,#4954);
#3969=LINE('',#10046,#4955);
#3970=LINE('',#10047,#4956);
#3971=LINE('',#10050,#4957);
#3972=LINE('',#10052,#4958);
#3973=LINE('',#10054,#4959);
#3974=LINE('',#10056,#4960);
#3975=LINE('',#10058,#4961);
#3976=LINE('',#10059,#4962);
#3977=LINE('',#10062,#4963);
#3978=LINE('',#10064,#4964);
#3979=LINE('',#10066,#4965);
#3980=LINE('',#10068,#4966);
#3981=LINE('',#10070,#4967);
#3982=LINE('',#10071,#4968);
#3983=LINE('',#10074,#4969);
#3984=LINE('',#10076,#4970);
#3985=LINE('',#10078,#4971);
#3986=LINE('',#10080,#4972);
#3987=LINE('',#10082,#4973);
#3988=LINE('',#10083,#4974);
#3989=LINE('',#10086,#4975);
#3990=LINE('',#10088,#4976);
#3991=LINE('',#10090,#4977);
#3992=LINE('',#10092,#4978);
#3993=LINE('',#10094,#4979);
#3994=LINE('',#10095,#4980);
#3995=LINE('',#10098,#4981);
#3996=LINE('',#10100,#4982);
#3997=LINE('',#10102,#4983);
#3998=LINE('',#10104,#4984);
#3999=LINE('',#10106,#4985);
#4000=LINE('',#10107,#4986);
#4001=LINE('',#10110,#4987);
#4002=LINE('',#10112,#4988);
#4003=LINE('',#10114,#4989);
#4004=LINE('',#10116,#4990);
#4005=LINE('',#10118,#4991);
#4006=LINE('',#10119,#4992);
#4007=LINE('',#10122,#4993);
#4008=LINE('',#10124,#4994);
#4009=LINE('',#10126,#4995);
#4010=LINE('',#10128,#4996);
#4011=LINE('',#10130,#4997);
#4012=LINE('',#10131,#4998);
#4013=LINE('',#10134,#4999);
#4014=LINE('',#10136,#5000);
#4015=LINE('',#10138,#5001);
#4016=LINE('',#10140,#5002);
#4017=LINE('',#10142,#5003);
#4018=LINE('',#10143,#5004);
#4019=LINE('',#10146,#5005);
#4020=LINE('',#10148,#5006);
#4021=LINE('',#10150,#5007);
#4022=LINE('',#10152,#5008);
#4023=LINE('',#10154,#5009);
#4024=LINE('',#10155,#5010);
#4025=LINE('',#10158,#5011);
#4026=LINE('',#10160,#5012);
#4027=LINE('',#10162,#5013);
#4028=LINE('',#10164,#5014);
#4029=LINE('',#10166,#5015);
#4030=LINE('',#10167,#5016);
#4031=LINE('',#10170,#5017);
#4032=LINE('',#10172,#5018);
#4033=LINE('',#10174,#5019);
#4034=LINE('',#10176,#5020);
#4035=LINE('',#10178,#5021);
#4036=LINE('',#10179,#5022);
#4037=LINE('',#10182,#5023);
#4038=LINE('',#10184,#5024);
#4039=LINE('',#10186,#5025);
#4040=LINE('',#10188,#5026);
#4041=LINE('',#10190,#5027);
#4042=LINE('',#10191,#5028);
#4043=LINE('',#10194,#5029);
#4044=LINE('',#10196,#5030);
#4045=LINE('',#10198,#5031);
#4046=LINE('',#10200,#5032);
#4047=LINE('',#10202,#5033);
#4048=LINE('',#10203,#5034);
#4049=LINE('',#10206,#5035);
#4050=LINE('',#10208,#5036);
#4051=LINE('',#10210,#5037);
#4052=LINE('',#10212,#5038);
#4053=LINE('',#10214,#5039);
#4054=LINE('',#10215,#5040);
#4055=LINE('',#10218,#5041);
#4056=LINE('',#10220,#5042);
#4057=LINE('',#10222,#5043);
#4058=LINE('',#10224,#5044);
#4059=LINE('',#10226,#5045);
#4060=LINE('',#10227,#5046);
#4061=LINE('',#10230,#5047);
#4062=LINE('',#10232,#5048);
#4063=LINE('',#10234,#5049);
#4064=LINE('',#10236,#5050);
#4065=LINE('',#10238,#5051);
#4066=LINE('',#10239,#5052);
#4067=LINE('',#10242,#5053);
#4068=LINE('',#10244,#5054);
#4069=LINE('',#10246,#5055);
#4070=LINE('',#10248,#5056);
#4071=LINE('',#10250,#5057);
#4072=LINE('',#10251,#5058);
#4073=LINE('',#10254,#5059);
#4074=LINE('',#10256,#5060);
#4075=LINE('',#10258,#5061);
#4076=LINE('',#10260,#5062);
#4077=LINE('',#10262,#5063);
#4078=LINE('',#10263,#5064);
#4079=LINE('',#10266,#5065);
#4080=LINE('',#10268,#5066);
#4081=LINE('',#10270,#5067);
#4082=LINE('',#10272,#5068);
#4083=LINE('',#10274,#5069);
#4084=LINE('',#10275,#5070);
#4085=LINE('',#10278,#5071);
#4086=LINE('',#10280,#5072);
#4087=LINE('',#10282,#5073);
#4088=LINE('',#10284,#5074);
#4089=LINE('',#10286,#5075);
#4090=LINE('',#10287,#5076);
#4091=LINE('',#10290,#5077);
#4092=LINE('',#10292,#5078);
#4093=LINE('',#10294,#5079);
#4094=LINE('',#10296,#5080);
#4095=LINE('',#10298,#5081);
#4096=LINE('',#10299,#5082);
#4097=LINE('',#10302,#5083);
#4098=LINE('',#10304,#5084);
#4099=LINE('',#10306,#5085);
#4100=LINE('',#10308,#5086);
#4101=LINE('',#10310,#5087);
#4102=LINE('',#10311,#5088);
#4103=LINE('',#10314,#5089);
#4104=LINE('',#10316,#5090);
#4105=LINE('',#10318,#5091);
#4106=LINE('',#10320,#5092);
#4107=LINE('',#10322,#5093);
#4108=LINE('',#10323,#5094);
#4109=LINE('',#10326,#5095);
#4110=LINE('',#10328,#5096);
#4111=LINE('',#10330,#5097);
#4112=LINE('',#10332,#5098);
#4113=LINE('',#10334,#5099);
#4114=LINE('',#10335,#5100);
#4115=LINE('',#10338,#5101);
#4116=LINE('',#10340,#5102);
#4117=LINE('',#10342,#5103);
#4118=LINE('',#10344,#5104);
#4119=LINE('',#10346,#5105);
#4120=LINE('',#10347,#5106);
#4121=LINE('',#10350,#5107);
#4122=LINE('',#10352,#5108);
#4123=LINE('',#10354,#5109);
#4124=LINE('',#10356,#5110);
#4125=LINE('',#10358,#5111);
#4126=LINE('',#10359,#5112);
#4127=LINE('',#10362,#5113);
#4128=LINE('',#10364,#5114);
#4129=LINE('',#10366,#5115);
#4130=LINE('',#10368,#5116);
#4131=LINE('',#10370,#5117);
#4132=LINE('',#10371,#5118);
#4133=LINE('',#10374,#5119);
#4134=LINE('',#10376,#5120);
#4135=LINE('',#10378,#5121);
#4136=LINE('',#10380,#5122);
#4137=LINE('',#10382,#5123);
#4138=LINE('',#10383,#5124);
#4139=LINE('',#10386,#5125);
#4140=LINE('',#10388,#5126);
#4141=LINE('',#10390,#5127);
#4142=LINE('',#10392,#5128);
#4143=LINE('',#10394,#5129);
#4144=LINE('',#10395,#5130);
#4145=LINE('',#10398,#5131);
#4146=LINE('',#10400,#5132);
#4147=LINE('',#10402,#5133);
#4148=LINE('',#10404,#5134);
#4149=LINE('',#10406,#5135);
#4150=LINE('',#10407,#5136);
#4151=LINE('',#10410,#5137);
#4152=LINE('',#10412,#5138);
#4153=LINE('',#10414,#5139);
#4154=LINE('',#10416,#5140);
#4155=LINE('',#10418,#5141);
#4156=LINE('',#10419,#5142);
#4157=LINE('',#10422,#5143);
#4158=LINE('',#10424,#5144);
#4159=LINE('',#10426,#5145);
#4160=LINE('',#10428,#5146);
#4161=LINE('',#10430,#5147);
#4162=LINE('',#10431,#5148);
#4163=LINE('',#10434,#5149);
#4164=LINE('',#10436,#5150);
#4165=LINE('',#10438,#5151);
#4166=LINE('',#10440,#5152);
#4167=LINE('',#10442,#5153);
#4168=LINE('',#10443,#5154);
#4169=LINE('',#10446,#5155);
#4170=LINE('',#10448,#5156);
#4171=LINE('',#10450,#5157);
#4172=LINE('',#10452,#5158);
#4173=LINE('',#10454,#5159);
#4174=LINE('',#10455,#5160);
#4175=LINE('',#10458,#5161);
#4176=LINE('',#10460,#5162);
#4177=LINE('',#10462,#5163);
#4178=LINE('',#10464,#5164);
#4179=LINE('',#10466,#5165);
#4180=LINE('',#10467,#5166);
#4181=LINE('',#10470,#5167);
#4182=LINE('',#10472,#5168);
#4183=LINE('',#10474,#5169);
#4184=LINE('',#10476,#5170);
#4185=LINE('',#10478,#5171);
#4186=LINE('',#10479,#5172);
#4187=LINE('',#10482,#5173);
#4188=LINE('',#10484,#5174);
#4189=LINE('',#10486,#5175);
#4190=LINE('',#10488,#5176);
#4191=LINE('',#10490,#5177);
#4192=LINE('',#10491,#5178);
#4193=LINE('',#10494,#5179);
#4194=LINE('',#10496,#5180);
#4195=LINE('',#10498,#5181);
#4196=LINE('',#10500,#5182);
#4197=LINE('',#10502,#5183);
#4198=LINE('',#10503,#5184);
#4199=LINE('',#10506,#5185);
#4200=LINE('',#10508,#5186);
#4201=LINE('',#10510,#5187);
#4202=LINE('',#10512,#5188);
#4203=LINE('',#10514,#5189);
#4204=LINE('',#10515,#5190);
#4205=LINE('',#10518,#5191);
#4206=LINE('',#10520,#5192);
#4207=LINE('',#10522,#5193);
#4208=LINE('',#10524,#5194);
#4209=LINE('',#10526,#5195);
#4210=LINE('',#10527,#5196);
#4211=LINE('',#10530,#5197);
#4212=LINE('',#10532,#5198);
#4213=LINE('',#10534,#5199);
#4214=LINE('',#10536,#5200);
#4215=LINE('',#10538,#5201);
#4216=LINE('',#10539,#5202);
#4217=LINE('',#10542,#5203);
#4218=LINE('',#10544,#5204);
#4219=LINE('',#10546,#5205);
#4220=LINE('',#10548,#5206);
#4221=LINE('',#10550,#5207);
#4222=LINE('',#10551,#5208);
#4223=LINE('',#10554,#5209);
#4224=LINE('',#10556,#5210);
#4225=LINE('',#10558,#5211);
#4226=LINE('',#10560,#5212);
#4227=LINE('',#10562,#5213);
#4228=LINE('',#10563,#5214);
#4229=LINE('',#10566,#5215);
#4230=LINE('',#10568,#5216);
#4231=LINE('',#10570,#5217);
#4232=LINE('',#10572,#5218);
#4233=LINE('',#10574,#5219);
#4234=LINE('',#10575,#5220);
#4235=LINE('',#10578,#5221);
#4236=LINE('',#10580,#5222);
#4237=LINE('',#10582,#5223);
#4238=LINE('',#10584,#5224);
#4239=LINE('',#10586,#5225);
#4240=LINE('',#10587,#5226);
#4241=LINE('',#10590,#5227);
#4242=LINE('',#10592,#5228);
#4243=LINE('',#10594,#5229);
#4244=LINE('',#10596,#5230);
#4245=LINE('',#10598,#5231);
#4246=LINE('',#10599,#5232);
#4247=LINE('',#10602,#5233);
#4248=LINE('',#10604,#5234);
#4249=LINE('',#10606,#5235);
#4250=LINE('',#10608,#5236);
#4251=LINE('',#10610,#5237);
#4252=LINE('',#10611,#5238);
#4253=LINE('',#10614,#5239);
#4254=LINE('',#10616,#5240);
#4255=LINE('',#10618,#5241);
#4256=LINE('',#10620,#5242);
#4257=LINE('',#10622,#5243);
#4258=LINE('',#10623,#5244);
#4259=LINE('',#10626,#5245);
#4260=LINE('',#10628,#5246);
#4261=LINE('',#10630,#5247);
#4262=LINE('',#10632,#5248);
#4263=LINE('',#10634,#5249);
#4264=LINE('',#10635,#5250);
#4265=LINE('',#10638,#5251);
#4266=LINE('',#10640,#5252);
#4267=LINE('',#10642,#5253);
#4268=LINE('',#10644,#5254);
#4269=LINE('',#10646,#5255);
#4270=LINE('',#10651,#5256);
#4271=LINE('',#10656,#5257);
#4272=LINE('',#10660,#5258);
#4273=LINE('',#10664,#5259);
#4274=LINE('',#10681,#5260);
#4275=LINE('',#10686,#5261);
#4276=LINE('',#10690,#5262);
#4277=LINE('',#10694,#5263);
#4278=LINE('',#10708,#5264);
#4279=LINE('',#10711,#5265);
#4280=LINE('',#10713,#5266);
#4281=LINE('',#10715,#5267);
#4282=LINE('',#10717,#5268);
#4283=LINE('',#10719,#5269);
#4284=LINE('',#10720,#5270);
#4285=LINE('',#10723,#5271);
#4286=LINE('',#10725,#5272);
#4287=LINE('',#10727,#5273);
#4288=LINE('',#10729,#5274);
#4289=LINE('',#10731,#5275);
#4290=LINE('',#10732,#5276);
#4291=LINE('',#10735,#5277);
#4292=LINE('',#10737,#5278);
#4293=LINE('',#10739,#5279);
#4294=LINE('',#10741,#5280);
#4295=LINE('',#10743,#5281);
#4296=LINE('',#10744,#5282);
#4297=LINE('',#10747,#5283);
#4298=LINE('',#10749,#5284);
#4299=LINE('',#10751,#5285);
#4300=LINE('',#10753,#5286);
#4301=LINE('',#10755,#5287);
#4302=LINE('',#10756,#5288);
#4303=LINE('',#10759,#5289);
#4304=LINE('',#10761,#5290);
#4305=LINE('',#10763,#5291);
#4306=LINE('',#10765,#5292);
#4307=LINE('',#10767,#5293);
#4308=LINE('',#10768,#5294);
#4309=LINE('',#10771,#5295);
#4310=LINE('',#10773,#5296);
#4311=LINE('',#10775,#5297);
#4312=LINE('',#10777,#5298);
#4313=LINE('',#10779,#5299);
#4314=LINE('',#10780,#5300);
#4315=LINE('',#10783,#5301);
#4316=LINE('',#10785,#5302);
#4317=LINE('',#10787,#5303);
#4318=LINE('',#10789,#5304);
#4319=LINE('',#10791,#5305);
#4320=LINE('',#10792,#5306);
#4321=LINE('',#10795,#5307);
#4322=LINE('',#10797,#5308);
#4323=LINE('',#10799,#5309);
#4324=LINE('',#10801,#5310);
#4325=LINE('',#10803,#5311);
#4326=LINE('',#10804,#5312);
#4327=LINE('',#10807,#5313);
#4328=LINE('',#10809,#5314);
#4329=LINE('',#10811,#5315);
#4330=LINE('',#10813,#5316);
#4331=LINE('',#10815,#5317);
#4332=LINE('',#10816,#5318);
#4333=LINE('',#10819,#5319);
#4334=LINE('',#10821,#5320);
#4335=LINE('',#10823,#5321);
#4336=LINE('',#10825,#5322);
#4337=LINE('',#10827,#5323);
#4338=LINE('',#10828,#5324);
#4339=LINE('',#10831,#5325);
#4340=LINE('',#10833,#5326);
#4341=LINE('',#10835,#5327);
#4342=LINE('',#10837,#5328);
#4343=LINE('',#10839,#5329);
#4344=LINE('',#10840,#5330);
#4345=LINE('',#10843,#5331);
#4346=LINE('',#10845,#5332);
#4347=LINE('',#10847,#5333);
#4348=LINE('',#10849,#5334);
#4349=LINE('',#10851,#5335);
#4350=LINE('',#10852,#5336);
#4351=LINE('',#10855,#5337);
#4352=LINE('',#10857,#5338);
#4353=LINE('',#10859,#5339);
#4354=LINE('',#10861,#5340);
#4355=LINE('',#10863,#5341);
#4356=LINE('',#10864,#5342);
#4357=LINE('',#10867,#5343);
#4358=LINE('',#10869,#5344);
#4359=LINE('',#10871,#5345);
#4360=LINE('',#10873,#5346);
#4361=LINE('',#10875,#5347);
#4362=LINE('',#10876,#5348);
#4363=LINE('',#10879,#5349);
#4364=LINE('',#10881,#5350);
#4365=LINE('',#10883,#5351);
#4366=LINE('',#10885,#5352);
#4367=LINE('',#10887,#5353);
#4368=LINE('',#10888,#5354);
#4369=LINE('',#10891,#5355);
#4370=LINE('',#10893,#5356);
#4371=LINE('',#10895,#5357);
#4372=LINE('',#10897,#5358);
#4373=LINE('',#10899,#5359);
#4374=LINE('',#10900,#5360);
#4375=LINE('',#10903,#5361);
#4376=LINE('',#10905,#5362);
#4377=LINE('',#10907,#5363);
#4378=LINE('',#10909,#5364);
#4379=LINE('',#10911,#5365);
#4380=LINE('',#10912,#5366);
#4381=LINE('',#10915,#5367);
#4382=LINE('',#10917,#5368);
#4383=LINE('',#10919,#5369);
#4384=LINE('',#10921,#5370);
#4385=LINE('',#10923,#5371);
#4386=LINE('',#10924,#5372);
#4387=LINE('',#10927,#5373);
#4388=LINE('',#10929,#5374);
#4389=LINE('',#10931,#5375);
#4390=LINE('',#10933,#5376);
#4391=LINE('',#10935,#5377);
#4392=LINE('',#10936,#5378);
#4393=LINE('',#10939,#5379);
#4394=LINE('',#10941,#5380);
#4395=LINE('',#10943,#5381);
#4396=LINE('',#10945,#5382);
#4397=LINE('',#10947,#5383);
#4398=LINE('',#10948,#5384);
#4399=LINE('',#10951,#5385);
#4400=LINE('',#10953,#5386);
#4401=LINE('',#10955,#5387);
#4402=LINE('',#10957,#5388);
#4403=LINE('',#10959,#5389);
#4404=LINE('',#10960,#5390);
#4405=LINE('',#10963,#5391);
#4406=LINE('',#10965,#5392);
#4407=LINE('',#10967,#5393);
#4408=LINE('',#10969,#5394);
#4409=LINE('',#10971,#5395);
#4410=LINE('',#10972,#5396);
#4411=LINE('',#10975,#5397);
#4412=LINE('',#10977,#5398);
#4413=LINE('',#10979,#5399);
#4414=LINE('',#10981,#5400);
#4415=LINE('',#10983,#5401);
#4416=LINE('',#10984,#5402);
#4417=LINE('',#10987,#5403);
#4418=LINE('',#10989,#5404);
#4419=LINE('',#10991,#5405);
#4420=LINE('',#10993,#5406);
#4421=LINE('',#10995,#5407);
#4422=LINE('',#10996,#5408);
#4423=LINE('',#10999,#5409);
#4424=LINE('',#11001,#5410);
#4425=LINE('',#11003,#5411);
#4426=LINE('',#11005,#5412);
#4427=LINE('',#11007,#5413);
#4428=LINE('',#11008,#5414);
#4429=LINE('',#11011,#5415);
#4430=LINE('',#11013,#5416);
#4431=LINE('',#11015,#5417);
#4432=LINE('',#11017,#5418);
#4433=LINE('',#11019,#5419);
#4434=LINE('',#11020,#5420);
#4435=LINE('',#11023,#5421);
#4436=LINE('',#11025,#5422);
#4437=LINE('',#11027,#5423);
#4438=LINE('',#11029,#5424);
#4439=LINE('',#11031,#5425);
#4440=LINE('',#11032,#5426);
#4441=LINE('',#11035,#5427);
#4442=LINE('',#11037,#5428);
#4443=LINE('',#11039,#5429);
#4444=LINE('',#11041,#5430);
#4445=LINE('',#11043,#5431);
#4446=LINE('',#11044,#5432);
#4447=LINE('',#11047,#5433);
#4448=LINE('',#11049,#5434);
#4449=LINE('',#11051,#5435);
#4450=LINE('',#11053,#5436);
#4451=LINE('',#11055,#5437);
#4452=LINE('',#11056,#5438);
#4453=LINE('',#11059,#5439);
#4454=LINE('',#11061,#5440);
#4455=LINE('',#11063,#5441);
#4456=LINE('',#11065,#5442);
#4457=LINE('',#11067,#5443);
#4458=LINE('',#11068,#5444);
#4459=LINE('',#11071,#5445);
#4460=LINE('',#11073,#5446);
#4461=LINE('',#11075,#5447);
#4462=LINE('',#11077,#5448);
#4463=LINE('',#11079,#5449);
#4464=LINE('',#11080,#5450);
#4465=LINE('',#11083,#5451);
#4466=LINE('',#11085,#5452);
#4467=LINE('',#11087,#5453);
#4468=LINE('',#11089,#5454);
#4469=LINE('',#11091,#5455);
#4470=LINE('',#11092,#5456);
#4471=LINE('',#11095,#5457);
#4472=LINE('',#11097,#5458);
#4473=LINE('',#11099,#5459);
#4474=LINE('',#11101,#5460);
#4475=LINE('',#11103,#5461);
#4476=LINE('',#11104,#5462);
#4477=LINE('',#11107,#5463);
#4478=LINE('',#11109,#5464);
#4479=LINE('',#11111,#5465);
#4480=LINE('',#11113,#5466);
#4481=LINE('',#11115,#5467);
#4482=LINE('',#11116,#5468);
#4483=LINE('',#11119,#5469);
#4484=LINE('',#11121,#5470);
#4485=LINE('',#11123,#5471);
#4486=LINE('',#11125,#5472);
#4487=LINE('',#11127,#5473);
#4488=LINE('',#11128,#5474);
#4489=LINE('',#11131,#5475);
#4490=LINE('',#11133,#5476);
#4491=LINE('',#11135,#5477);
#4492=LINE('',#11137,#5478);
#4493=LINE('',#11139,#5479);
#4494=LINE('',#11140,#5480);
#4495=LINE('',#11143,#5481);
#4496=LINE('',#11145,#5482);
#4497=LINE('',#11147,#5483);
#4498=LINE('',#11149,#5484);
#4499=LINE('',#11151,#5485);
#4500=LINE('',#11152,#5486);
#4501=LINE('',#11155,#5487);
#4502=LINE('',#11157,#5488);
#4503=LINE('',#11159,#5489);
#4504=LINE('',#11161,#5490);
#4505=LINE('',#11163,#5491);
#4506=LINE('',#11164,#5492);
#4507=LINE('',#11167,#5493);
#4508=LINE('',#11169,#5494);
#4509=LINE('',#11171,#5495);
#4510=LINE('',#11173,#5496);
#4511=LINE('',#11175,#5497);
#4512=LINE('',#11176,#5498);
#4513=LINE('',#11179,#5499);
#4514=LINE('',#11181,#5500);
#4515=LINE('',#11183,#5501);
#4516=LINE('',#11185,#5502);
#4517=LINE('',#11187,#5503);
#4518=LINE('',#11188,#5504);
#4519=LINE('',#11191,#5505);
#4520=LINE('',#11193,#5506);
#4521=LINE('',#11195,#5507);
#4522=LINE('',#11197,#5508);
#4523=LINE('',#11199,#5509);
#4524=LINE('',#11200,#5510);
#4525=LINE('',#11203,#5511);
#4526=LINE('',#11205,#5512);
#4527=LINE('',#11207,#5513);
#4528=LINE('',#11209,#5514);
#4529=LINE('',#11211,#5515);
#4530=LINE('',#11212,#5516);
#4531=LINE('',#11215,#5517);
#4532=LINE('',#11217,#5518);
#4533=LINE('',#11219,#5519);
#4534=LINE('',#11221,#5520);
#4535=LINE('',#11223,#5521);
#4536=LINE('',#11224,#5522);
#4537=LINE('',#11227,#5523);
#4538=LINE('',#11229,#5524);
#4539=LINE('',#11231,#5525);
#4540=LINE('',#11233,#5526);
#4541=LINE('',#11235,#5527);
#4542=LINE('',#11236,#5528);
#4543=LINE('',#11239,#5529);
#4544=LINE('',#11241,#5530);
#4545=LINE('',#11243,#5531);
#4546=LINE('',#11245,#5532);
#4547=LINE('',#11247,#5533);
#4548=LINE('',#11248,#5534);
#4549=LINE('',#11251,#5535);
#4550=LINE('',#11253,#5536);
#4551=LINE('',#11255,#5537);
#4552=LINE('',#11257,#5538);
#4553=LINE('',#11259,#5539);
#4554=LINE('',#11260,#5540);
#4555=LINE('',#11263,#5541);
#4556=LINE('',#11265,#5542);
#4557=LINE('',#11267,#5543);
#4558=LINE('',#11269,#5544);
#4559=LINE('',#11271,#5545);
#4560=LINE('',#11272,#5546);
#4561=LINE('',#11275,#5547);
#4562=LINE('',#11277,#5548);
#4563=LINE('',#11279,#5549);
#4564=LINE('',#11281,#5550);
#4565=LINE('',#11283,#5551);
#4566=LINE('',#11284,#5552);
#4567=LINE('',#11287,#5553);
#4568=LINE('',#11289,#5554);
#4569=LINE('',#11291,#5555);
#4570=LINE('',#11293,#5556);
#4571=LINE('',#11295,#5557);
#4572=LINE('',#11296,#5558);
#4573=LINE('',#11299,#5559);
#4574=LINE('',#11301,#5560);
#4575=LINE('',#11303,#5561);
#4576=LINE('',#11305,#5562);
#4577=LINE('',#11307,#5563);
#4578=LINE('',#11308,#5564);
#4579=LINE('',#11311,#5565);
#4580=LINE('',#11313,#5566);
#4581=LINE('',#11315,#5567);
#4582=LINE('',#11317,#5568);
#4583=LINE('',#11319,#5569);
#4584=LINE('',#11320,#5570);
#4585=LINE('',#11323,#5571);
#4586=LINE('',#11325,#5572);
#4587=LINE('',#11327,#5573);
#4588=LINE('',#11329,#5574);
#4589=LINE('',#11331,#5575);
#4590=LINE('',#11332,#5576);
#4591=LINE('',#11335,#5577);
#4592=LINE('',#11337,#5578);
#4593=LINE('',#11339,#5579);
#4594=LINE('',#11341,#5580);
#4595=LINE('',#11343,#5581);
#4596=LINE('',#11347,#5582);
#4597=LINE('',#11351,#5583);
#4598=LINE('',#11355,#5584);
#4599=LINE('',#11359,#5585);
#4600=LINE('',#11366,#5586);
#4601=LINE('',#11371,#5587);
#4602=LINE('',#11375,#5588);
#4603=LINE('',#11379,#5589);
#4604=LINE('',#11389,#5590);
#4605=LINE('',#11390,#5591);
#4606=LINE('',#11392,#5592);
#4607=LINE('',#11394,#5593);
#4608=LINE('',#11396,#5594);
#4609=LINE('',#11398,#5595);
#4610=LINE('',#11400,#5596);
#4611=LINE('',#11402,#5597);
#4612=LINE('',#11451,#5598);
#4613=LINE('',#11452,#5599);
#4614=LINE('',#11454,#5600);
#4615=LINE('',#11456,#5601);
#4616=LINE('',#11458,#5602);
#4617=LINE('',#11460,#5603);
#4618=LINE('',#11462,#5604);
#4619=LINE('',#11464,#5605);
#4620=LINE('',#11507,#5606);
#4621=LINE('',#11508,#5607);
#4622=LINE('',#11510,#5608);
#4623=LINE('',#11512,#5609);
#4624=LINE('',#11514,#5610);
#4625=LINE('',#11516,#5611);
#4626=LINE('',#11519,#5612);
#4627=LINE('',#11520,#5613);
#4628=LINE('',#11522,#5614);
#4629=LINE('',#11524,#5615);
#4630=LINE('',#11526,#5616);
#4631=LINE('',#11528,#5617);
#4632=LINE('',#11531,#5618);
#4633=LINE('',#11532,#5619);
#4634=LINE('',#11534,#5620);
#4635=LINE('',#11536,#5621);
#4636=LINE('',#11538,#5622);
#4637=LINE('',#11540,#5623);
#4638=LINE('',#11543,#5624);
#4639=LINE('',#11544,#5625);
#4640=LINE('',#11546,#5626);
#4641=LINE('',#11548,#5627);
#4642=LINE('',#11550,#5628);
#4643=LINE('',#11552,#5629);
#4644=LINE('',#11555,#5630);
#4645=LINE('',#11556,#5631);
#4646=LINE('',#11558,#5632);
#4647=LINE('',#11560,#5633);
#4648=LINE('',#11562,#5634);
#4649=LINE('',#11564,#5635);
#4650=LINE('',#11567,#5636);
#4651=LINE('',#11568,#5637);
#4652=LINE('',#11570,#5638);
#4653=LINE('',#11572,#5639);
#4654=LINE('',#11574,#5640);
#4655=LINE('',#11576,#5641);
#4656=LINE('',#11579,#5642);
#4657=LINE('',#11580,#5643);
#4658=LINE('',#11582,#5644);
#4659=LINE('',#11584,#5645);
#4660=LINE('',#11586,#5646);
#4661=LINE('',#11588,#5647);
#4662=LINE('',#11591,#5648);
#4663=LINE('',#11592,#5649);
#4664=LINE('',#11594,#5650);
#4665=LINE('',#11596,#5651);
#4666=LINE('',#11598,#5652);
#4667=LINE('',#11600,#5653);
#4668=LINE('',#11603,#5654);
#4669=LINE('',#11604,#5655);
#4670=LINE('',#11606,#5656);
#4671=LINE('',#11608,#5657);
#4672=LINE('',#11610,#5658);
#4673=LINE('',#11612,#5659);
#4674=LINE('',#11615,#5660);
#4675=LINE('',#11616,#5661);
#4676=LINE('',#11618,#5662);
#4677=LINE('',#11620,#5663);
#4678=LINE('',#11622,#5664);
#4679=LINE('',#11624,#5665);
#4680=LINE('',#11627,#5666);
#4681=LINE('',#11628,#5667);
#4682=LINE('',#11630,#5668);
#4683=LINE('',#11632,#5669);
#4684=LINE('',#11634,#5670);
#4685=LINE('',#11636,#5671);
#4686=LINE('',#11639,#5672);
#4687=LINE('',#11640,#5673);
#4688=LINE('',#11642,#5674);
#4689=LINE('',#11644,#5675);
#4690=LINE('',#11646,#5676);
#4691=LINE('',#11648,#5677);
#4692=LINE('',#11651,#5678);
#4693=LINE('',#11652,#5679);
#4694=LINE('',#11654,#5680);
#4695=LINE('',#11656,#5681);
#4696=LINE('',#11658,#5682);
#4697=LINE('',#11660,#5683);
#4698=LINE('',#11663,#5684);
#4699=LINE('',#11664,#5685);
#4700=LINE('',#11666,#5686);
#4701=LINE('',#11668,#5687);
#4702=LINE('',#11670,#5688);
#4703=LINE('',#11672,#5689);
#4704=LINE('',#11675,#5690);
#4705=LINE('',#11676,#5691);
#4706=LINE('',#11678,#5692);
#4707=LINE('',#11680,#5693);
#4708=LINE('',#11682,#5694);
#4709=LINE('',#11684,#5695);
#4710=LINE('',#11687,#5696);
#4711=LINE('',#11688,#5697);
#4712=LINE('',#11690,#5698);
#4713=LINE('',#11692,#5699);
#4714=LINE('',#11694,#5700);
#4715=LINE('',#11696,#5701);
#4716=LINE('',#11699,#5702);
#4717=LINE('',#11700,#5703);
#4718=LINE('',#11702,#5704);
#4719=LINE('',#11704,#5705);
#4720=LINE('',#11706,#5706);
#4721=LINE('',#11708,#5707);
#4722=LINE('',#11711,#5708);
#4723=LINE('',#11712,#5709);
#4724=LINE('',#11714,#5710);
#4725=LINE('',#11716,#5711);
#4726=LINE('',#11718,#5712);
#4727=LINE('',#11720,#5713);
#4728=LINE('',#11723,#5714);
#4729=LINE('',#11724,#5715);
#4730=LINE('',#11726,#5716);
#4731=LINE('',#11728,#5717);
#4732=LINE('',#11730,#5718);
#4733=LINE('',#11732,#5719);
#4734=LINE('',#11735,#5720);
#4735=LINE('',#11736,#5721);
#4736=LINE('',#11738,#5722);
#4737=LINE('',#11740,#5723);
#4738=LINE('',#11742,#5724);
#4739=LINE('',#11744,#5725);
#4740=LINE('',#11747,#5726);
#4741=LINE('',#11748,#5727);
#4742=LINE('',#11750,#5728);
#4743=LINE('',#11752,#5729);
#4744=LINE('',#11754,#5730);
#4745=LINE('',#11756,#5731);
#4746=LINE('',#11759,#5732);
#4747=LINE('',#11760,#5733);
#4748=LINE('',#11762,#5734);
#4749=LINE('',#11764,#5735);
#4750=LINE('',#11766,#5736);
#4751=LINE('',#11768,#5737);
#4752=LINE('',#11771,#5738);
#4753=LINE('',#11772,#5739);
#4754=LINE('',#11774,#5740);
#4755=LINE('',#11776,#5741);
#4756=LINE('',#11778,#5742);
#4757=LINE('',#11780,#5743);
#4758=LINE('',#11783,#5744);
#4759=LINE('',#11784,#5745);
#4760=LINE('',#11786,#5746);
#4761=LINE('',#11788,#5747);
#4762=LINE('',#11790,#5748);
#4763=LINE('',#11792,#5749);
#4764=LINE('',#11795,#5750);
#4765=LINE('',#11796,#5751);
#4766=LINE('',#11798,#5752);
#4767=LINE('',#11800,#5753);
#4768=LINE('',#11802,#5754);
#4769=LINE('',#11804,#5755);
#4770=LINE('',#11807,#5756);
#4771=LINE('',#11808,#5757);
#4772=LINE('',#11810,#5758);
#4773=LINE('',#11812,#5759);
#4774=LINE('',#11814,#5760);
#4775=LINE('',#11816,#5761);
#4776=LINE('',#11819,#5762);
#4777=LINE('',#11820,#5763);
#4778=LINE('',#11822,#5764);
#4779=LINE('',#11824,#5765);
#4780=LINE('',#11826,#5766);
#4781=LINE('',#11828,#5767);
#4782=LINE('',#11831,#5768);
#4783=LINE('',#11832,#5769);
#4784=LINE('',#11834,#5770);
#4785=LINE('',#11836,#5771);
#4786=LINE('',#11838,#5772);
#4787=LINE('',#11840,#5773);
#4788=LINE('',#11843,#5774);
#4789=LINE('',#11844,#5775);
#4790=LINE('',#11846,#5776);
#4791=LINE('',#11848,#5777);
#4792=LINE('',#11850,#5778);
#4793=LINE('',#11852,#5779);
#4794=LINE('',#11855,#5780);
#4795=LINE('',#11856,#5781);
#4796=LINE('',#11858,#5782);
#4797=LINE('',#11860,#5783);
#4798=LINE('',#11862,#5784);
#4799=LINE('',#11864,#5785);
#4800=LINE('',#11867,#5786);
#4801=LINE('',#11868,#5787);
#4802=LINE('',#11870,#5788);
#4803=LINE('',#11872,#5789);
#4804=LINE('',#11874,#5790);
#4805=LINE('',#11876,#5791);
#4806=LINE('',#11879,#5792);
#4807=LINE('',#11880,#5793);
#4808=LINE('',#11882,#5794);
#4809=LINE('',#11884,#5795);
#4810=LINE('',#11886,#5796);
#4811=LINE('',#11888,#5797);
#4812=LINE('',#11891,#5798);
#4813=LINE('',#11892,#5799);
#4814=LINE('',#11894,#5800);
#4815=LINE('',#11896,#5801);
#4816=LINE('',#11898,#5802);
#4817=LINE('',#11900,#5803);
#4818=LINE('',#11903,#5804);
#4819=LINE('',#11904,#5805);
#4820=LINE('',#11906,#5806);
#4821=LINE('',#11908,#5807);
#4822=LINE('',#11910,#5808);
#4823=LINE('',#11912,#5809);
#4824=LINE('',#11915,#5810);
#4825=LINE('',#11916,#5811);
#4826=LINE('',#11918,#5812);
#4827=LINE('',#11920,#5813);
#4828=LINE('',#11922,#5814);
#4829=LINE('',#11924,#5815);
#4830=LINE('',#11927,#5816);
#4831=LINE('',#11928,#5817);
#4832=LINE('',#11930,#5818);
#4833=LINE('',#11932,#5819);
#4834=LINE('',#11934,#5820);
#4835=LINE('',#11936,#5821);
#4836=LINE('',#11939,#5822);
#4837=LINE('',#11940,#5823);
#4838=LINE('',#11942,#5824);
#4839=LINE('',#11944,#5825);
#4840=LINE('',#11946,#5826);
#4841=LINE('',#11948,#5827);
#4842=LINE('',#11951,#5828);
#4843=LINE('',#11952,#5829);
#4844=LINE('',#11954,#5830);
#4845=LINE('',#11956,#5831);
#4846=LINE('',#11958,#5832);
#4847=LINE('',#11960,#5833);
#4848=LINE('',#11963,#5834);
#4849=LINE('',#11964,#5835);
#4850=LINE('',#11966,#5836);
#4851=LINE('',#11968,#5837);
#4852=LINE('',#11970,#5838);
#4853=LINE('',#11972,#5839);
#4854=LINE('',#11975,#5840);
#4855=LINE('',#11976,#5841);
#4856=LINE('',#11978,#5842);
#4857=LINE('',#11980,#5843);
#4858=LINE('',#11982,#5844);
#4859=LINE('',#11984,#5845);
#4860=LINE('',#11987,#5846);
#4861=LINE('',#11988,#5847);
#4862=LINE('',#11990,#5848);
#4863=LINE('',#11992,#5849);
#4864=LINE('',#11994,#5850);
#4865=LINE('',#11996,#5851);
#4866=LINE('',#11999,#5852);
#4867=LINE('',#12000,#5853);
#4868=LINE('',#12002,#5854);
#4869=LINE('',#12004,#5855);
#4870=LINE('',#12006,#5856);
#4871=LINE('',#12008,#5857);
#4872=LINE('',#12011,#5858);
#4873=LINE('',#12012,#5859);
#4874=LINE('',#12014,#5860);
#4875=LINE('',#12016,#5861);
#4876=LINE('',#12018,#5862);
#4877=LINE('',#12020,#5863);
#4878=LINE('',#12023,#5864);
#4879=LINE('',#12024,#5865);
#4880=LINE('',#12026,#5866);
#4881=LINE('',#12028,#5867);
#4882=LINE('',#12030,#5868);
#4883=LINE('',#12032,#5869);
#4884=LINE('',#12035,#5870);
#4885=LINE('',#12036,#5871);
#4886=LINE('',#12038,#5872);
#4887=LINE('',#12040,#5873);
#4888=LINE('',#12042,#5874);
#4889=LINE('',#12044,#5875);
#4890=LINE('',#12047,#5876);
#4891=LINE('',#12048,#5877);
#4892=LINE('',#12050,#5878);
#4893=LINE('',#12052,#5879);
#4894=LINE('',#12054,#5880);
#4895=LINE('',#12056,#5881);
#4896=LINE('',#12059,#5882);
#4897=LINE('',#12060,#5883);
#4898=LINE('',#12062,#5884);
#4899=LINE('',#12064,#5885);
#4900=LINE('',#12066,#5886);
#4901=LINE('',#12068,#5887);
#4902=LINE('',#12071,#5888);
#4903=LINE('',#12072,#5889);
#4904=LINE('',#12074,#5890);
#4905=LINE('',#12076,#5891);
#4906=LINE('',#12078,#5892);
#4907=LINE('',#12080,#5893);
#4908=LINE('',#12083,#5894);
#4909=LINE('',#12084,#5895);
#4910=LINE('',#12086,#5896);
#4911=LINE('',#12088,#5897);
#4912=LINE('',#12090,#5898);
#4913=LINE('',#12092,#5899);
#4914=LINE('',#12095,#5900);
#4915=LINE('',#12096,#5901);
#4916=LINE('',#12098,#5902);
#4917=LINE('',#12100,#5903);
#4918=LINE('',#12102,#5904);
#4919=LINE('',#12104,#5905);
#4920=LINE('',#12107,#5906);
#4921=LINE('',#12108,#5907);
#4922=LINE('',#12110,#5908);
#4923=LINE('',#12112,#5909);
#4924=LINE('',#12114,#5910);
#4925=LINE('',#12116,#5911);
#4926=LINE('',#12119,#5912);
#4927=LINE('',#12120,#5913);
#4928=LINE('',#12122,#5914);
#4929=LINE('',#12124,#5915);
#4930=LINE('',#12126,#5916);
#4931=LINE('',#12128,#5917);
#4932=LINE('',#12131,#5918);
#4933=LINE('',#12132,#5919);
#4934=LINE('',#12134,#5920);
#4935=LINE('',#12136,#5921);
#4936=LINE('',#12138,#5922);
#4937=LINE('',#12140,#5923);
#4938=VECTOR('',#8157,1.);
#4939=VECTOR('',#8158,1.);
#4940=VECTOR('',#8159,1.);
#4941=VECTOR('',#8160,1.);
#4942=VECTOR('',#8161,1.);
#4943=VECTOR('',#8162,1.);
#4944=VECTOR('',#8163,1.);
#4945=VECTOR('',#8164,1.);
#4946=VECTOR('',#8165,1.);
#4947=VECTOR('',#8166,1.);
#4948=VECTOR('',#8167,1.);
#4949=VECTOR('',#8168,1.);
#4950=VECTOR('',#8169,1.);
#4951=VECTOR('',#8170,1.);
#4952=VECTOR('',#8171,1.);
#4953=VECTOR('',#8172,1.);
#4954=VECTOR('',#8173,1.);
#4955=VECTOR('',#8174,1.);
#4956=VECTOR('',#8175,1.);
#4957=VECTOR('',#8176,1.);
#4958=VECTOR('',#8177,1.);
#4959=VECTOR('',#8178,1.);
#4960=VECTOR('',#8179,1.);
#4961=VECTOR('',#8180,1.);
#4962=VECTOR('',#8181,1.);
#4963=VECTOR('',#8182,1.);
#4964=VECTOR('',#8183,1.);
#4965=VECTOR('',#8184,1.);
#4966=VECTOR('',#8185,1.);
#4967=VECTOR('',#8186,1.);
#4968=VECTOR('',#8187,1.);
#4969=VECTOR('',#8188,1.);
#4970=VECTOR('',#8189,1.);
#4971=VECTOR('',#8190,1.);
#4972=VECTOR('',#8191,1.);
#4973=VECTOR('',#8192,1.);
#4974=VECTOR('',#8193,1.);
#4975=VECTOR('',#8194,1.);
#4976=VECTOR('',#8195,1.);
#4977=VECTOR('',#8196,1.);
#4978=VECTOR('',#8197,1.);
#4979=VECTOR('',#8198,1.);
#4980=VECTOR('',#8199,1.);
#4981=VECTOR('',#8200,1.);
#4982=VECTOR('',#8201,1.);
#4983=VECTOR('',#8202,1.);
#4984=VECTOR('',#8203,1.);
#4985=VECTOR('',#8204,1.);
#4986=VECTOR('',#8205,1.);
#4987=VECTOR('',#8206,1.);
#4988=VECTOR('',#8207,1.);
#4989=VECTOR('',#8208,1.);
#4990=VECTOR('',#8209,1.);
#4991=VECTOR('',#8210,1.);
#4992=VECTOR('',#8211,1.);
#4993=VECTOR('',#8212,1.);
#4994=VECTOR('',#8213,1.);
#4995=VECTOR('',#8214,1.);
#4996=VECTOR('',#8215,1.);
#4997=VECTOR('',#8216,1.);
#4998=VECTOR('',#8217,1.);
#4999=VECTOR('',#8218,1.);
#5000=VECTOR('',#8219,1.);
#5001=VECTOR('',#8220,1.);
#5002=VECTOR('',#8221,1.);
#5003=VECTOR('',#8222,1.);
#5004=VECTOR('',#8223,1.);
#5005=VECTOR('',#8224,1.);
#5006=VECTOR('',#8225,1.);
#5007=VECTOR('',#8226,1.);
#5008=VECTOR('',#8227,1.);
#5009=VECTOR('',#8228,1.);
#5010=VECTOR('',#8229,1.);
#5011=VECTOR('',#8230,1.);
#5012=VECTOR('',#8231,1.);
#5013=VECTOR('',#8232,1.);
#5014=VECTOR('',#8233,1.);
#5015=VECTOR('',#8234,1.);
#5016=VECTOR('',#8235,1.);
#5017=VECTOR('',#8236,1.);
#5018=VECTOR('',#8237,1.);
#5019=VECTOR('',#8238,1.);
#5020=VECTOR('',#8239,1.);
#5021=VECTOR('',#8240,1.);
#5022=VECTOR('',#8241,1.);
#5023=VECTOR('',#8242,1.);
#5024=VECTOR('',#8243,1.);
#5025=VECTOR('',#8244,1.);
#5026=VECTOR('',#8245,1.);
#5027=VECTOR('',#8246,1.);
#5028=VECTOR('',#8247,1.);
#5029=VECTOR('',#8248,1.);
#5030=VECTOR('',#8249,1.);
#5031=VECTOR('',#8250,1.);
#5032=VECTOR('',#8251,1.);
#5033=VECTOR('',#8252,1.);
#5034=VECTOR('',#8253,1.);
#5035=VECTOR('',#8254,1.);
#5036=VECTOR('',#8255,1.);
#5037=VECTOR('',#8256,1.);
#5038=VECTOR('',#8257,1.);
#5039=VECTOR('',#8258,1.);
#5040=VECTOR('',#8259,1.);
#5041=VECTOR('',#8260,1.);
#5042=VECTOR('',#8261,1.);
#5043=VECTOR('',#8262,1.);
#5044=VECTOR('',#8263,1.);
#5045=VECTOR('',#8264,1.);
#5046=VECTOR('',#8265,1.);
#5047=VECTOR('',#8266,1.);
#5048=VECTOR('',#8267,1.);
#5049=VECTOR('',#8268,1.);
#5050=VECTOR('',#8269,1.);
#5051=VECTOR('',#8270,1.);
#5052=VECTOR('',#8271,1.);
#5053=VECTOR('',#8272,1.);
#5054=VECTOR('',#8273,1.);
#5055=VECTOR('',#8274,1.);
#5056=VECTOR('',#8275,1.);
#5057=VECTOR('',#8276,1.);
#5058=VECTOR('',#8277,1.);
#5059=VECTOR('',#8278,1.);
#5060=VECTOR('',#8279,1.);
#5061=VECTOR('',#8280,1.);
#5062=VECTOR('',#8281,1.);
#5063=VECTOR('',#8282,1.);
#5064=VECTOR('',#8283,1.);
#5065=VECTOR('',#8284,1.);
#5066=VECTOR('',#8285,1.);
#5067=VECTOR('',#8286,1.);
#5068=VECTOR('',#8287,1.);
#5069=VECTOR('',#8288,1.);
#5070=VECTOR('',#8289,1.);
#5071=VECTOR('',#8290,1.);
#5072=VECTOR('',#8291,1.);
#5073=VECTOR('',#8292,1.);
#5074=VECTOR('',#8293,1.);
#5075=VECTOR('',#8294,1.);
#5076=VECTOR('',#8295,1.);
#5077=VECTOR('',#8296,1.);
#5078=VECTOR('',#8297,1.);
#5079=VECTOR('',#8298,1.);
#5080=VECTOR('',#8299,1.);
#5081=VECTOR('',#8300,1.);
#5082=VECTOR('',#8301,1.);
#5083=VECTOR('',#8302,1.);
#5084=VECTOR('',#8303,1.);
#5085=VECTOR('',#8304,1.);
#5086=VECTOR('',#8305,1.);
#5087=VECTOR('',#8306,1.);
#5088=VECTOR('',#8307,1.);
#5089=VECTOR('',#8308,1.);
#5090=VECTOR('',#8309,1.);
#5091=VECTOR('',#8310,1.);
#5092=VECTOR('',#8311,1.);
#5093=VECTOR('',#8312,1.);
#5094=VECTOR('',#8313,1.);
#5095=VECTOR('',#8314,1.);
#5096=VECTOR('',#8315,1.);
#5097=VECTOR('',#8316,1.);
#5098=VECTOR('',#8317,1.);
#5099=VECTOR('',#8318,1.);
#5100=VECTOR('',#8319,1.);
#5101=VECTOR('',#8320,1.);
#5102=VECTOR('',#8321,1.);
#5103=VECTOR('',#8322,1.);
#5104=VECTOR('',#8323,1.);
#5105=VECTOR('',#8324,1.);
#5106=VECTOR('',#8325,1.);
#5107=VECTOR('',#8326,1.);
#5108=VECTOR('',#8327,1.);
#5109=VECTOR('',#8328,1.);
#5110=VECTOR('',#8329,1.);
#5111=VECTOR('',#8330,1.);
#5112=VECTOR('',#8331,1.);
#5113=VECTOR('',#8332,1.);
#5114=VECTOR('',#8333,1.);
#5115=VECTOR('',#8334,1.);
#5116=VECTOR('',#8335,1.);
#5117=VECTOR('',#8336,1.);
#5118=VECTOR('',#8337,1.);
#5119=VECTOR('',#8338,1.);
#5120=VECTOR('',#8339,1.);
#5121=VECTOR('',#8340,1.);
#5122=VECTOR('',#8341,1.);
#5123=VECTOR('',#8342,1.);
#5124=VECTOR('',#8343,1.);
#5125=VECTOR('',#8344,1.);
#5126=VECTOR('',#8345,1.);
#5127=VECTOR('',#8346,1.);
#5128=VECTOR('',#8347,1.);
#5129=VECTOR('',#8348,1.);
#5130=VECTOR('',#8349,1.);
#5131=VECTOR('',#8350,1.);
#5132=VECTOR('',#8351,1.);
#5133=VECTOR('',#8352,1.);
#5134=VECTOR('',#8353,1.);
#5135=VECTOR('',#8354,1.);
#5136=VECTOR('',#8355,1.);
#5137=VECTOR('',#8356,1.);
#5138=VECTOR('',#8357,1.);
#5139=VECTOR('',#8358,1.);
#5140=VECTOR('',#8359,1.);
#5141=VECTOR('',#8360,1.);
#5142=VECTOR('',#8361,1.);
#5143=VECTOR('',#8362,1.);
#5144=VECTOR('',#8363,1.);
#5145=VECTOR('',#8364,1.);
#5146=VECTOR('',#8365,1.);
#5147=VECTOR('',#8366,1.);
#5148=VECTOR('',#8367,1.);
#5149=VECTOR('',#8368,1.);
#5150=VECTOR('',#8369,1.);
#5151=VECTOR('',#8370,1.);
#5152=VECTOR('',#8371,1.);
#5153=VECTOR('',#8372,1.);
#5154=VECTOR('',#8373,1.);
#5155=VECTOR('',#8374,1.);
#5156=VECTOR('',#8375,1.);
#5157=VECTOR('',#8376,1.);
#5158=VECTOR('',#8377,1.);
#5159=VECTOR('',#8378,1.);
#5160=VECTOR('',#8379,1.);
#5161=VECTOR('',#8380,1.);
#5162=VECTOR('',#8381,1.);
#5163=VECTOR('',#8382,1.);
#5164=VECTOR('',#8383,1.);
#5165=VECTOR('',#8384,1.);
#5166=VECTOR('',#8385,1.);
#5167=VECTOR('',#8386,1.);
#5168=VECTOR('',#8387,1.);
#5169=VECTOR('',#8388,1.);
#5170=VECTOR('',#8389,1.);
#5171=VECTOR('',#8390,1.);
#5172=VECTOR('',#8391,1.);
#5173=VECTOR('',#8392,1.);
#5174=VECTOR('',#8393,1.);
#5175=VECTOR('',#8394,1.);
#5176=VECTOR('',#8395,1.);
#5177=VECTOR('',#8396,1.);
#5178=VECTOR('',#8397,1.);
#5179=VECTOR('',#8398,1.);
#5180=VECTOR('',#8399,1.);
#5181=VECTOR('',#8400,1.);
#5182=VECTOR('',#8401,1.);
#5183=VECTOR('',#8402,1.);
#5184=VECTOR('',#8403,1.);
#5185=VECTOR('',#8404,1.);
#5186=VECTOR('',#8405,1.);
#5187=VECTOR('',#8406,1.);
#5188=VECTOR('',#8407,1.);
#5189=VECTOR('',#8408,1.);
#5190=VECTOR('',#8409,1.);
#5191=VECTOR('',#8410,1.);
#5192=VECTOR('',#8411,1.);
#5193=VECTOR('',#8412,1.);
#5194=VECTOR('',#8413,1.);
#5195=VECTOR('',#8414,1.);
#5196=VECTOR('',#8415,1.);
#5197=VECTOR('',#8416,1.);
#5198=VECTOR('',#8417,1.);
#5199=VECTOR('',#8418,1.);
#5200=VECTOR('',#8419,1.);
#5201=VECTOR('',#8420,1.);
#5202=VECTOR('',#8421,1.);
#5203=VECTOR('',#8422,1.);
#5204=VECTOR('',#8423,1.);
#5205=VECTOR('',#8424,1.);
#5206=VECTOR('',#8425,1.);
#5207=VECTOR('',#8426,1.);
#5208=VECTOR('',#8427,1.);
#5209=VECTOR('',#8428,1.);
#5210=VECTOR('',#8429,1.);
#5211=VECTOR('',#8430,1.);
#5212=VECTOR('',#8431,1.);
#5213=VECTOR('',#8432,1.);
#5214=VECTOR('',#8433,1.);
#5215=VECTOR('',#8434,1.);
#5216=VECTOR('',#8435,1.);
#5217=VECTOR('',#8436,1.);
#5218=VECTOR('',#8437,1.);
#5219=VECTOR('',#8438,1.);
#5220=VECTOR('',#8439,1.);
#5221=VECTOR('',#8440,1.);
#5222=VECTOR('',#8441,1.);
#5223=VECTOR('',#8442,1.);
#5224=VECTOR('',#8443,1.);
#5225=VECTOR('',#8444,1.);
#5226=VECTOR('',#8445,1.);
#5227=VECTOR('',#8446,1.);
#5228=VECTOR('',#8447,1.);
#5229=VECTOR('',#8448,1.);
#5230=VECTOR('',#8449,1.);
#5231=VECTOR('',#8450,1.);
#5232=VECTOR('',#8451,1.);
#5233=VECTOR('',#8452,1.);
#5234=VECTOR('',#8453,1.);
#5235=VECTOR('',#8454,1.);
#5236=VECTOR('',#8455,1.);
#5237=VECTOR('',#8456,1.);
#5238=VECTOR('',#8457,1.);
#5239=VECTOR('',#8458,1.);
#5240=VECTOR('',#8459,1.);
#5241=VECTOR('',#8460,1.);
#5242=VECTOR('',#8461,1.);
#5243=VECTOR('',#8462,1.);
#5244=VECTOR('',#8463,1.);
#5245=VECTOR('',#8464,1.);
#5246=VECTOR('',#8465,1.);
#5247=VECTOR('',#8466,1.);
#5248=VECTOR('',#8467,1.);
#5249=VECTOR('',#8468,1.);
#5250=VECTOR('',#8469,1.);
#5251=VECTOR('',#8470,1.);
#5252=VECTOR('',#8471,1.);
#5253=VECTOR('',#8472,1.);
#5254=VECTOR('',#8473,1.);
#5255=VECTOR('',#8474,1.);
#5256=VECTOR('',#8479,1.);
#5257=VECTOR('',#8482,1.);
#5258=VECTOR('',#8485,1.);
#5259=VECTOR('',#8488,1.);
#5260=VECTOR('',#8505,1.);
#5261=VECTOR('',#8508,1.);
#5262=VECTOR('',#8511,1.);
#5263=VECTOR('',#8514,1.);
#5264=VECTOR('',#8529,1.);
#5265=VECTOR('',#8530,1.);
#5266=VECTOR('',#8531,1.);
#5267=VECTOR('',#8532,1.);
#5268=VECTOR('',#8533,1.);
#5269=VECTOR('',#8534,1.);
#5270=VECTOR('',#8535,1.);
#5271=VECTOR('',#8536,1.);
#5272=VECTOR('',#8537,1.);
#5273=VECTOR('',#8538,1.);
#5274=VECTOR('',#8539,1.);
#5275=VECTOR('',#8540,1.);
#5276=VECTOR('',#8541,1.);
#5277=VECTOR('',#8542,1.);
#5278=VECTOR('',#8543,1.);
#5279=VECTOR('',#8544,1.);
#5280=VECTOR('',#8545,1.);
#5281=VECTOR('',#8546,1.);
#5282=VECTOR('',#8547,1.);
#5283=VECTOR('',#8548,1.);
#5284=VECTOR('',#8549,1.);
#5285=VECTOR('',#8550,1.);
#5286=VECTOR('',#8551,1.);
#5287=VECTOR('',#8552,1.);
#5288=VECTOR('',#8553,1.);
#5289=VECTOR('',#8554,1.);
#5290=VECTOR('',#8555,1.);
#5291=VECTOR('',#8556,1.);
#5292=VECTOR('',#8557,1.);
#5293=VECTOR('',#8558,1.);
#5294=VECTOR('',#8559,1.);
#5295=VECTOR('',#8560,1.);
#5296=VECTOR('',#8561,1.);
#5297=VECTOR('',#8562,1.);
#5298=VECTOR('',#8563,1.);
#5299=VECTOR('',#8564,1.);
#5300=VECTOR('',#8565,1.);
#5301=VECTOR('',#8566,1.);
#5302=VECTOR('',#8567,1.);
#5303=VECTOR('',#8568,1.);
#5304=VECTOR('',#8569,1.);
#5305=VECTOR('',#8570,1.);
#5306=VECTOR('',#8571,1.);
#5307=VECTOR('',#8572,1.);
#5308=VECTOR('',#8573,1.);
#5309=VECTOR('',#8574,1.);
#5310=VECTOR('',#8575,1.);
#5311=VECTOR('',#8576,1.);
#5312=VECTOR('',#8577,1.);
#5313=VECTOR('',#8578,1.);
#5314=VECTOR('',#8579,1.);
#5315=VECTOR('',#8580,1.);
#5316=VECTOR('',#8581,1.);
#5317=VECTOR('',#8582,1.);
#5318=VECTOR('',#8583,1.);
#5319=VECTOR('',#8584,1.);
#5320=VECTOR('',#8585,1.);
#5321=VECTOR('',#8586,1.);
#5322=VECTOR('',#8587,1.);
#5323=VECTOR('',#8588,1.);
#5324=VECTOR('',#8589,1.);
#5325=VECTOR('',#8590,1.);
#5326=VECTOR('',#8591,1.);
#5327=VECTOR('',#8592,1.);
#5328=VECTOR('',#8593,1.);
#5329=VECTOR('',#8594,1.);
#5330=VECTOR('',#8595,1.);
#5331=VECTOR('',#8596,1.);
#5332=VECTOR('',#8597,1.);
#5333=VECTOR('',#8598,1.);
#5334=VECTOR('',#8599,1.);
#5335=VECTOR('',#8600,1.);
#5336=VECTOR('',#8601,1.);
#5337=VECTOR('',#8602,1.);
#5338=VECTOR('',#8603,1.);
#5339=VECTOR('',#8604,1.);
#5340=VECTOR('',#8605,1.);
#5341=VECTOR('',#8606,1.);
#5342=VECTOR('',#8607,1.);
#5343=VECTOR('',#8608,1.);
#5344=VECTOR('',#8609,1.);
#5345=VECTOR('',#8610,1.);
#5346=VECTOR('',#8611,1.);
#5347=VECTOR('',#8612,1.);
#5348=VECTOR('',#8613,1.);
#5349=VECTOR('',#8614,1.);
#5350=VECTOR('',#8615,1.);
#5351=VECTOR('',#8616,1.);
#5352=VECTOR('',#8617,1.);
#5353=VECTOR('',#8618,1.);
#5354=VECTOR('',#8619,1.);
#5355=VECTOR('',#8620,1.);
#5356=VECTOR('',#8621,1.);
#5357=VECTOR('',#8622,1.);
#5358=VECTOR('',#8623,1.);
#5359=VECTOR('',#8624,1.);
#5360=VECTOR('',#8625,1.);
#5361=VECTOR('',#8626,1.);
#5362=VECTOR('',#8627,1.);
#5363=VECTOR('',#8628,1.);
#5364=VECTOR('',#8629,1.);
#5365=VECTOR('',#8630,1.);
#5366=VECTOR('',#8631,1.);
#5367=VECTOR('',#8632,1.);
#5368=VECTOR('',#8633,1.);
#5369=VECTOR('',#8634,1.);
#5370=VECTOR('',#8635,1.);
#5371=VECTOR('',#8636,1.);
#5372=VECTOR('',#8637,1.);
#5373=VECTOR('',#8638,1.);
#5374=VECTOR('',#8639,1.);
#5375=VECTOR('',#8640,1.);
#5376=VECTOR('',#8641,1.);
#5377=VECTOR('',#8642,1.);
#5378=VECTOR('',#8643,1.);
#5379=VECTOR('',#8644,1.);
#5380=VECTOR('',#8645,1.);
#5381=VECTOR('',#8646,1.);
#5382=VECTOR('',#8647,1.);
#5383=VECTOR('',#8648,1.);
#5384=VECTOR('',#8649,1.);
#5385=VECTOR('',#8650,1.);
#5386=VECTOR('',#8651,1.);
#5387=VECTOR('',#8652,1.);
#5388=VECTOR('',#8653,1.);
#5389=VECTOR('',#8654,1.);
#5390=VECTOR('',#8655,1.);
#5391=VECTOR('',#8656,1.);
#5392=VECTOR('',#8657,1.);
#5393=VECTOR('',#8658,1.);
#5394=VECTOR('',#8659,1.);
#5395=VECTOR('',#8660,1.);
#5396=VECTOR('',#8661,1.);
#5397=VECTOR('',#8662,1.);
#5398=VECTOR('',#8663,1.);
#5399=VECTOR('',#8664,1.);
#5400=VECTOR('',#8665,1.);
#5401=VECTOR('',#8666,1.);
#5402=VECTOR('',#8667,1.);
#5403=VECTOR('',#8668,1.);
#5404=VECTOR('',#8669,1.);
#5405=VECTOR('',#8670,1.);
#5406=VECTOR('',#8671,1.);
#5407=VECTOR('',#8672,1.);
#5408=VECTOR('',#8673,1.);
#5409=VECTOR('',#8674,1.);
#5410=VECTOR('',#8675,1.);
#5411=VECTOR('',#8676,1.);
#5412=VECTOR('',#8677,1.);
#5413=VECTOR('',#8678,1.);
#5414=VECTOR('',#8679,1.);
#5415=VECTOR('',#8680,1.);
#5416=VECTOR('',#8681,1.);
#5417=VECTOR('',#8682,1.);
#5418=VECTOR('',#8683,1.);
#5419=VECTOR('',#8684,1.);
#5420=VECTOR('',#8685,1.);
#5421=VECTOR('',#8686,1.);
#5422=VECTOR('',#8687,1.);
#5423=VECTOR('',#8688,1.);
#5424=VECTOR('',#8689,1.);
#5425=VECTOR('',#8690,1.);
#5426=VECTOR('',#8691,1.);
#5427=VECTOR('',#8692,1.);
#5428=VECTOR('',#8693,1.);
#5429=VECTOR('',#8694,1.);
#5430=VECTOR('',#8695,1.);
#5431=VECTOR('',#8696,1.);
#5432=VECTOR('',#8697,1.);
#5433=VECTOR('',#8698,1.);
#5434=VECTOR('',#8699,1.);
#5435=VECTOR('',#8700,1.);
#5436=VECTOR('',#8701,1.);
#5437=VECTOR('',#8702,1.);
#5438=VECTOR('',#8703,1.);
#5439=VECTOR('',#8704,1.);
#5440=VECTOR('',#8705,1.);
#5441=VECTOR('',#8706,1.);
#5442=VECTOR('',#8707,1.);
#5443=VECTOR('',#8708,1.);
#5444=VECTOR('',#8709,1.);
#5445=VECTOR('',#8710,1.);
#5446=VECTOR('',#8711,1.);
#5447=VECTOR('',#8712,1.);
#5448=VECTOR('',#8713,1.);
#5449=VECTOR('',#8714,1.);
#5450=VECTOR('',#8715,1.);
#5451=VECTOR('',#8716,1.);
#5452=VECTOR('',#8717,1.);
#5453=VECTOR('',#8718,1.);
#5454=VECTOR('',#8719,1.);
#5455=VECTOR('',#8720,1.);
#5456=VECTOR('',#8721,1.);
#5457=VECTOR('',#8722,1.);
#5458=VECTOR('',#8723,1.);
#5459=VECTOR('',#8724,1.);
#5460=VECTOR('',#8725,1.);
#5461=VECTOR('',#8726,1.);
#5462=VECTOR('',#8727,1.);
#5463=VECTOR('',#8728,1.);
#5464=VECTOR('',#8729,1.);
#5465=VECTOR('',#8730,1.);
#5466=VECTOR('',#8731,1.);
#5467=VECTOR('',#8732,1.);
#5468=VECTOR('',#8733,1.);
#5469=VECTOR('',#8734,1.);
#5470=VECTOR('',#8735,1.);
#5471=VECTOR('',#8736,1.);
#5472=VECTOR('',#8737,1.);
#5473=VECTOR('',#8738,1.);
#5474=VECTOR('',#8739,1.);
#5475=VECTOR('',#8740,1.);
#5476=VECTOR('',#8741,1.);
#5477=VECTOR('',#8742,1.);
#5478=VECTOR('',#8743,1.);
#5479=VECTOR('',#8744,1.);
#5480=VECTOR('',#8745,1.);
#5481=VECTOR('',#8746,1.);
#5482=VECTOR('',#8747,1.);
#5483=VECTOR('',#8748,1.);
#5484=VECTOR('',#8749,1.);
#5485=VECTOR('',#8750,1.);
#5486=VECTOR('',#8751,1.);
#5487=VECTOR('',#8752,1.);
#5488=VECTOR('',#8753,1.);
#5489=VECTOR('',#8754,1.);
#5490=VECTOR('',#8755,1.);
#5491=VECTOR('',#8756,1.);
#5492=VECTOR('',#8757,1.);
#5493=VECTOR('',#8758,1.);
#5494=VECTOR('',#8759,1.);
#5495=VECTOR('',#8760,1.);
#5496=VECTOR('',#8761,1.);
#5497=VECTOR('',#8762,1.);
#5498=VECTOR('',#8763,1.);
#5499=VECTOR('',#8764,1.);
#5500=VECTOR('',#8765,1.);
#5501=VECTOR('',#8766,1.);
#5502=VECTOR('',#8767,1.);
#5503=VECTOR('',#8768,1.);
#5504=VECTOR('',#8769,1.);
#5505=VECTOR('',#8770,1.);
#5506=VECTOR('',#8771,1.);
#5507=VECTOR('',#8772,1.);
#5508=VECTOR('',#8773,1.);
#5509=VECTOR('',#8774,1.);
#5510=VECTOR('',#8775,1.);
#5511=VECTOR('',#8776,1.);
#5512=VECTOR('',#8777,1.);
#5513=VECTOR('',#8778,1.);
#5514=VECTOR('',#8779,1.);
#5515=VECTOR('',#8780,1.);
#5516=VECTOR('',#8781,1.);
#5517=VECTOR('',#8782,1.);
#5518=VECTOR('',#8783,1.);
#5519=VECTOR('',#8784,1.);
#5520=VECTOR('',#8785,1.);
#5521=VECTOR('',#8786,1.);
#5522=VECTOR('',#8787,1.);
#5523=VECTOR('',#8788,1.);
#5524=VECTOR('',#8789,1.);
#5525=VECTOR('',#8790,1.);
#5526=VECTOR('',#8791,1.);
#5527=VECTOR('',#8792,1.);
#5528=VECTOR('',#8793,1.);
#5529=VECTOR('',#8794,1.);
#5530=VECTOR('',#8795,1.);
#5531=VECTOR('',#8796,1.);
#5532=VECTOR('',#8797,1.);
#5533=VECTOR('',#8798,1.);
#5534=VECTOR('',#8799,1.);
#5535=VECTOR('',#8800,1.);
#5536=VECTOR('',#8801,1.);
#5537=VECTOR('',#8802,1.);
#5538=VECTOR('',#8803,1.);
#5539=VECTOR('',#8804,1.);
#5540=VECTOR('',#8805,1.);
#5541=VECTOR('',#8806,1.);
#5542=VECTOR('',#8807,1.);
#5543=VECTOR('',#8808,1.);
#5544=VECTOR('',#8809,1.);
#5545=VECTOR('',#8810,1.);
#5546=VECTOR('',#8811,1.);
#5547=VECTOR('',#8812,1.);
#5548=VECTOR('',#8813,1.);
#5549=VECTOR('',#8814,1.);
#5550=VECTOR('',#8815,1.);
#5551=VECTOR('',#8816,1.);
#5552=VECTOR('',#8817,1.);
#5553=VECTOR('',#8818,1.);
#5554=VECTOR('',#8819,1.);
#5555=VECTOR('',#8820,1.);
#5556=VECTOR('',#8821,1.);
#5557=VECTOR('',#8822,1.);
#5558=VECTOR('',#8823,1.);
#5559=VECTOR('',#8824,1.);
#5560=VECTOR('',#8825,1.);
#5561=VECTOR('',#8826,1.);
#5562=VECTOR('',#8827,1.);
#5563=VECTOR('',#8828,1.);
#5564=VECTOR('',#8829,1.);
#5565=VECTOR('',#8830,1.);
#5566=VECTOR('',#8831,1.);
#5567=VECTOR('',#8832,1.);
#5568=VECTOR('',#8833,1.);
#5569=VECTOR('',#8834,1.);
#5570=VECTOR('',#8835,1.);
#5571=VECTOR('',#8836,1.);
#5572=VECTOR('',#8837,1.);
#5573=VECTOR('',#8838,1.);
#5574=VECTOR('',#8839,1.);
#5575=VECTOR('',#8840,1.);
#5576=VECTOR('',#8841,1.);
#5577=VECTOR('',#8842,1.);
#5578=VECTOR('',#8843,1.);
#5579=VECTOR('',#8844,1.);
#5580=VECTOR('',#8845,1.);
#5581=VECTOR('',#8846,1.);
#5582=VECTOR('',#8849,1.);
#5583=VECTOR('',#8852,1.);
#5584=VECTOR('',#8855,1.);
#5585=VECTOR('',#8858,1.);
#5586=VECTOR('',#8865,1.);
#5587=VECTOR('',#8868,1.);
#5588=VECTOR('',#8871,1.);
#5589=VECTOR('',#8874,1.);
#5590=VECTOR('',#8885,1.);
#5591=VECTOR('',#8886,1.);
#5592=VECTOR('',#8889,1.);
#5593=VECTOR('',#8892,1.);
#5594=VECTOR('',#8895,1.);
#5595=VECTOR('',#8898,1.);
#5596=VECTOR('',#8901,1.);
#5597=VECTOR('',#8904,1.);
#5598=VECTOR('',#8977,1.);
#5599=VECTOR('',#8978,1.);
#5600=VECTOR('',#8981,1.);
#5601=VECTOR('',#8984,1.);
#5602=VECTOR('',#8987,1.);
#5603=VECTOR('',#8990,1.);
#5604=VECTOR('',#8993,1.);
#5605=VECTOR('',#8996,1.);
#5606=VECTOR('',#9057,1.);
#5607=VECTOR('',#9058,1.);
#5608=VECTOR('',#9061,1.);
#5609=VECTOR('',#9064,1.);
#5610=VECTOR('',#9067,1.);
#5611=VECTOR('',#9070,1.);
#5612=VECTOR('',#9075,1.);
#5613=VECTOR('',#9076,1.);
#5614=VECTOR('',#9079,1.);
#5615=VECTOR('',#9082,1.);
#5616=VECTOR('',#9085,1.);
#5617=VECTOR('',#9088,1.);
#5618=VECTOR('',#9093,1.);
#5619=VECTOR('',#9094,1.);
#5620=VECTOR('',#9097,1.);
#5621=VECTOR('',#9100,1.);
#5622=VECTOR('',#9103,1.);
#5623=VECTOR('',#9106,1.);
#5624=VECTOR('',#9111,1.);
#5625=VECTOR('',#9112,1.);
#5626=VECTOR('',#9115,1.);
#5627=VECTOR('',#9118,1.);
#5628=VECTOR('',#9121,1.);
#5629=VECTOR('',#9124,1.);
#5630=VECTOR('',#9129,1.);
#5631=VECTOR('',#9130,1.);
#5632=VECTOR('',#9133,1.);
#5633=VECTOR('',#9136,1.);
#5634=VECTOR('',#9139,1.);
#5635=VECTOR('',#9142,1.);
#5636=VECTOR('',#9147,1.);
#5637=VECTOR('',#9148,1.);
#5638=VECTOR('',#9151,1.);
#5639=VECTOR('',#9154,1.);
#5640=VECTOR('',#9157,1.);
#5641=VECTOR('',#9160,1.);
#5642=VECTOR('',#9165,1.);
#5643=VECTOR('',#9166,1.);
#5644=VECTOR('',#9169,1.);
#5645=VECTOR('',#9172,1.);
#5646=VECTOR('',#9175,1.);
#5647=VECTOR('',#9178,1.);
#5648=VECTOR('',#9183,1.);
#5649=VECTOR('',#9184,1.);
#5650=VECTOR('',#9187,1.);
#5651=VECTOR('',#9190,1.);
#5652=VECTOR('',#9193,1.);
#5653=VECTOR('',#9196,1.);
#5654=VECTOR('',#9201,1.);
#5655=VECTOR('',#9202,1.);
#5656=VECTOR('',#9205,1.);
#5657=VECTOR('',#9208,1.);
#5658=VECTOR('',#9211,1.);
#5659=VECTOR('',#9214,1.);
#5660=VECTOR('',#9219,1.);
#5661=VECTOR('',#9220,1.);
#5662=VECTOR('',#9223,1.);
#5663=VECTOR('',#9226,1.);
#5664=VECTOR('',#9229,1.);
#5665=VECTOR('',#9232,1.);
#5666=VECTOR('',#9237,1.);
#5667=VECTOR('',#9238,1.);
#5668=VECTOR('',#9241,1.);
#5669=VECTOR('',#9244,1.);
#5670=VECTOR('',#9247,1.);
#5671=VECTOR('',#9250,1.);
#5672=VECTOR('',#9255,1.);
#5673=VECTOR('',#9256,1.);
#5674=VECTOR('',#9259,1.);
#5675=VECTOR('',#9262,1.);
#5676=VECTOR('',#9265,1.);
#5677=VECTOR('',#9268,1.);
#5678=VECTOR('',#9273,1.);
#5679=VECTOR('',#9274,1.);
#5680=VECTOR('',#9277,1.);
#5681=VECTOR('',#9280,1.);
#5682=VECTOR('',#9283,1.);
#5683=VECTOR('',#9286,1.);
#5684=VECTOR('',#9291,1.);
#5685=VECTOR('',#9292,1.);
#5686=VECTOR('',#9295,1.);
#5687=VECTOR('',#9298,1.);
#5688=VECTOR('',#9301,1.);
#5689=VECTOR('',#9304,1.);
#5690=VECTOR('',#9309,1.);
#5691=VECTOR('',#9310,1.);
#5692=VECTOR('',#9313,1.);
#5693=VECTOR('',#9316,1.);
#5694=VECTOR('',#9319,1.);
#5695=VECTOR('',#9322,1.);
#5696=VECTOR('',#9327,1.);
#5697=VECTOR('',#9328,1.);
#5698=VECTOR('',#9331,1.);
#5699=VECTOR('',#9334,1.);
#5700=VECTOR('',#9337,1.);
#5701=VECTOR('',#9340,1.);
#5702=VECTOR('',#9345,1.);
#5703=VECTOR('',#9346,1.);
#5704=VECTOR('',#9349,1.);
#5705=VECTOR('',#9352,1.);
#5706=VECTOR('',#9355,1.);
#5707=VECTOR('',#9358,1.);
#5708=VECTOR('',#9363,1.);
#5709=VECTOR('',#9364,1.);
#5710=VECTOR('',#9367,1.);
#5711=VECTOR('',#9370,1.);
#5712=VECTOR('',#9373,1.);
#5713=VECTOR('',#9376,1.);
#5714=VECTOR('',#9381,1.);
#5715=VECTOR('',#9382,1.);
#5716=VECTOR('',#9385,1.);
#5717=VECTOR('',#9388,1.);
#5718=VECTOR('',#9391,1.);
#5719=VECTOR('',#9394,1.);
#5720=VECTOR('',#9399,1.);
#5721=VECTOR('',#9400,1.);
#5722=VECTOR('',#9403,1.);
#5723=VECTOR('',#9406,1.);
#5724=VECTOR('',#9409,1.);
#5725=VECTOR('',#9412,1.);
#5726=VECTOR('',#9417,1.);
#5727=VECTOR('',#9418,1.);
#5728=VECTOR('',#9421,1.);
#5729=VECTOR('',#9424,1.);
#5730=VECTOR('',#9427,1.);
#5731=VECTOR('',#9430,1.);
#5732=VECTOR('',#9435,1.);
#5733=VECTOR('',#9436,1.);
#5734=VECTOR('',#9439,1.);
#5735=VECTOR('',#9442,1.);
#5736=VECTOR('',#9445,1.);
#5737=VECTOR('',#9448,1.);
#5738=VECTOR('',#9453,1.);
#5739=VECTOR('',#9454,1.);
#5740=VECTOR('',#9457,1.);
#5741=VECTOR('',#9460,1.);
#5742=VECTOR('',#9463,1.);
#5743=VECTOR('',#9466,1.);
#5744=VECTOR('',#9471,1.);
#5745=VECTOR('',#9472,1.);
#5746=VECTOR('',#9475,1.);
#5747=VECTOR('',#9478,1.);
#5748=VECTOR('',#9481,1.);
#5749=VECTOR('',#9484,1.);
#5750=VECTOR('',#9489,1.);
#5751=VECTOR('',#9490,1.);
#5752=VECTOR('',#9493,1.);
#5753=VECTOR('',#9496,1.);
#5754=VECTOR('',#9499,1.);
#5755=VECTOR('',#9502,1.);
#5756=VECTOR('',#9507,1.);
#5757=VECTOR('',#9508,1.);
#5758=VECTOR('',#9511,1.);
#5759=VECTOR('',#9514,1.);
#5760=VECTOR('',#9517,1.);
#5761=VECTOR('',#9520,1.);
#5762=VECTOR('',#9525,1.);
#5763=VECTOR('',#9526,1.);
#5764=VECTOR('',#9529,1.);
#5765=VECTOR('',#9532,1.);
#5766=VECTOR('',#9535,1.);
#5767=VECTOR('',#9538,1.);
#5768=VECTOR('',#9543,1.);
#5769=VECTOR('',#9544,1.);
#5770=VECTOR('',#9547,1.);
#5771=VECTOR('',#9550,1.);
#5772=VECTOR('',#9553,1.);
#5773=VECTOR('',#9556,1.);
#5774=VECTOR('',#9561,1.);
#5775=VECTOR('',#9562,1.);
#5776=VECTOR('',#9565,1.);
#5777=VECTOR('',#9568,1.);
#5778=VECTOR('',#9571,1.);
#5779=VECTOR('',#9574,1.);
#5780=VECTOR('',#9579,1.);
#5781=VECTOR('',#9580,1.);
#5782=VECTOR('',#9583,1.);
#5783=VECTOR('',#9586,1.);
#5784=VECTOR('',#9589,1.);
#5785=VECTOR('',#9592,1.);
#5786=VECTOR('',#9597,1.);
#5787=VECTOR('',#9598,1.);
#5788=VECTOR('',#9601,1.);
#5789=VECTOR('',#9604,1.);
#5790=VECTOR('',#9607,1.);
#5791=VECTOR('',#9610,1.);
#5792=VECTOR('',#9615,1.);
#5793=VECTOR('',#9616,1.);
#5794=VECTOR('',#9619,1.);
#5795=VECTOR('',#9622,1.);
#5796=VECTOR('',#9625,1.);
#5797=VECTOR('',#9628,1.);
#5798=VECTOR('',#9633,1.);
#5799=VECTOR('',#9634,1.);
#5800=VECTOR('',#9637,1.);
#5801=VECTOR('',#9640,1.);
#5802=VECTOR('',#9643,1.);
#5803=VECTOR('',#9646,1.);
#5804=VECTOR('',#9651,1.);
#5805=VECTOR('',#9652,1.);
#5806=VECTOR('',#9655,1.);
#5807=VECTOR('',#9658,1.);
#5808=VECTOR('',#9661,1.);
#5809=VECTOR('',#9664,1.);
#5810=VECTOR('',#9669,1.);
#5811=VECTOR('',#9670,1.);
#5812=VECTOR('',#9673,1.);
#5813=VECTOR('',#9676,1.);
#5814=VECTOR('',#9679,1.);
#5815=VECTOR('',#9682,1.);
#5816=VECTOR('',#9687,1.);
#5817=VECTOR('',#9688,1.);
#5818=VECTOR('',#9691,1.);
#5819=VECTOR('',#9694,1.);
#5820=VECTOR('',#9697,1.);
#5821=VECTOR('',#9700,1.);
#5822=VECTOR('',#9705,1.);
#5823=VECTOR('',#9706,1.);
#5824=VECTOR('',#9709,1.);
#5825=VECTOR('',#9712,1.);
#5826=VECTOR('',#9715,1.);
#5827=VECTOR('',#9718,1.);
#5828=VECTOR('',#9723,1.);
#5829=VECTOR('',#9724,1.);
#5830=VECTOR('',#9727,1.);
#5831=VECTOR('',#9730,1.);
#5832=VECTOR('',#9733,1.);
#5833=VECTOR('',#9736,1.);
#5834=VECTOR('',#9741,1.);
#5835=VECTOR('',#9742,1.);
#5836=VECTOR('',#9745,1.);
#5837=VECTOR('',#9748,1.);
#5838=VECTOR('',#9751,1.);
#5839=VECTOR('',#9754,1.);
#5840=VECTOR('',#9759,1.);
#5841=VECTOR('',#9760,1.);
#5842=VECTOR('',#9763,1.);
#5843=VECTOR('',#9766,1.);
#5844=VECTOR('',#9769,1.);
#5845=VECTOR('',#9772,1.);
#5846=VECTOR('',#9777,1.);
#5847=VECTOR('',#9778,1.);
#5848=VECTOR('',#9781,1.);
#5849=VECTOR('',#9784,1.);
#5850=VECTOR('',#9787,1.);
#5851=VECTOR('',#9790,1.);
#5852=VECTOR('',#9795,1.);
#5853=VECTOR('',#9796,1.);
#5854=VECTOR('',#9799,1.);
#5855=VECTOR('',#9802,1.);
#5856=VECTOR('',#9805,1.);
#5857=VECTOR('',#9808,1.);
#5858=VECTOR('',#9813,1.);
#5859=VECTOR('',#9814,1.);
#5860=VECTOR('',#9817,1.);
#5861=VECTOR('',#9820,1.);
#5862=VECTOR('',#9823,1.);
#5863=VECTOR('',#9826,1.);
#5864=VECTOR('',#9831,1.);
#5865=VECTOR('',#9832,1.);
#5866=VECTOR('',#9835,1.);
#5867=VECTOR('',#9838,1.);
#5868=VECTOR('',#9841,1.);
#5869=VECTOR('',#9844,1.);
#5870=VECTOR('',#9849,1.);
#5871=VECTOR('',#9850,1.);
#5872=VECTOR('',#9853,1.);
#5873=VECTOR('',#9856,1.);
#5874=VECTOR('',#9859,1.);
#5875=VECTOR('',#9862,1.);
#5876=VECTOR('',#9867,1.);
#5877=VECTOR('',#9868,1.);
#5878=VECTOR('',#9871,1.);
#5879=VECTOR('',#9874,1.);
#5880=VECTOR('',#9877,1.);
#5881=VECTOR('',#9880,1.);
#5882=VECTOR('',#9885,1.);
#5883=VECTOR('',#9886,1.);
#5884=VECTOR('',#9889,1.);
#5885=VECTOR('',#9892,1.);
#5886=VECTOR('',#9895,1.);
#5887=VECTOR('',#9898,1.);
#5888=VECTOR('',#9903,1.);
#5889=VECTOR('',#9904,1.);
#5890=VECTOR('',#9907,1.);
#5891=VECTOR('',#9910,1.);
#5892=VECTOR('',#9913,1.);
#5893=VECTOR('',#9916,1.);
#5894=VECTOR('',#9921,1.);
#5895=VECTOR('',#9922,1.);
#5896=VECTOR('',#9925,1.);
#5897=VECTOR('',#9928,1.);
#5898=VECTOR('',#9931,1.);
#5899=VECTOR('',#9934,1.);
#5900=VECTOR('',#9939,1.);
#5901=VECTOR('',#9940,1.);
#5902=VECTOR('',#9943,1.);
#5903=VECTOR('',#9946,1.);
#5904=VECTOR('',#9949,1.);
#5905=VECTOR('',#9952,1.);
#5906=VECTOR('',#9957,1.);
#5907=VECTOR('',#9958,1.);
#5908=VECTOR('',#9961,1.);
#5909=VECTOR('',#9964,1.);
#5910=VECTOR('',#9967,1.);
#5911=VECTOR('',#9970,1.);
#5912=VECTOR('',#9975,1.);
#5913=VECTOR('',#9976,1.);
#5914=VECTOR('',#9979,1.);
#5915=VECTOR('',#9982,1.);
#5916=VECTOR('',#9985,1.);
#5917=VECTOR('',#9988,1.);
#5918=VECTOR('',#9993,1.);
#5919=VECTOR('',#9994,1.);
#5920=VECTOR('',#9997,1.);
#5921=VECTOR('',#10000,1.);
#5922=VECTOR('',#10003,1.);
#5923=VECTOR('',#10006,1.);
#5924=EDGE_LOOP('',(#102,#103,#104,#105,#106,#107));
#5925=EDGE_LOOP('',(#108,#109,#110,#111,#112,#113));
#5926=EDGE_LOOP('',(#114,#115,#116,#117,#118,#119));
#5927=EDGE_LOOP('',(#120,#121,#122,#123,#124,#125));
#5928=EDGE_LOOP('',(#126,#127,#128,#129,#130,#131));
#5929=EDGE_LOOP('',(#132,#133,#134,#135,#136,#137));
#5930=EDGE_LOOP('',(#138,#139,#140,#141,#142,#143));
#5931=EDGE_LOOP('',(#144,#145,#146,#147,#148,#149));
#5932=EDGE_LOOP('',(#150,#151,#152,#153,#154,#155));
#5933=EDGE_LOOP('',(#156,#157,#158,#159,#160,#161));
#5934=EDGE_LOOP('',(#162,#163,#164,#165,#166,#167));
#5935=EDGE_LOOP('',(#168,#169,#170,#171,#172,#173));
#5936=EDGE_LOOP('',(#174,#175,#176,#177,#178,#179));
#5937=EDGE_LOOP('',(#180,#181,#182,#183,#184,#185));
#5938=EDGE_LOOP('',(#186,#187,#188,#189,#190,#191));
#5939=EDGE_LOOP('',(#192,#193,#194,#195,#196,#197));
#5940=EDGE_LOOP('',(#198,#199,#200,#201,#202,#203));
#5941=EDGE_LOOP('',(#204,#205,#206,#207,#208,#209));
#5942=EDGE_LOOP('',(#210,#211,#212,#213,#214,#215));
#5943=EDGE_LOOP('',(#216,#217,#218,#219,#220,#221));
#5944=EDGE_LOOP('',(#222,#223,#224,#225,#226,#227));
#5945=EDGE_LOOP('',(#228,#229,#230,#231,#232,#233));
#5946=EDGE_LOOP('',(#234,#235,#236,#237,#238,#239));
#5947=EDGE_LOOP('',(#240,#241,#242,#243,#244,#245));
#5948=EDGE_LOOP('',(#246,#247,#248,#249,#250,#251));
#5949=EDGE_LOOP('',(#252,#253,#254,#255,#256,#257));
#5950=EDGE_LOOP('',(#258,#259,#260,#261,#262,#263));
#5951=EDGE_LOOP('',(#264,#265,#266,#267,#268,#269));
#5952=EDGE_LOOP('',(#270,#271,#272,#273,#274,#275));
#5953=EDGE_LOOP('',(#276,#277,#278,#279,#280,#281));
#5954=EDGE_LOOP('',(#282,#283,#284,#285,#286,#287));
#5955=EDGE_LOOP('',(#288,#289,#290,#291,#292,#293));
#5956=EDGE_LOOP('',(#294,#295,#296,#297,#298,#299));
#5957=EDGE_LOOP('',(#300,#301,#302,#303,#304,#305));
#5958=EDGE_LOOP('',(#306,#307,#308,#309,#310,#311));
#5959=EDGE_LOOP('',(#312,#313,#314,#315,#316,#317));
#5960=EDGE_LOOP('',(#318,#319,#320,#321,#322,#323));
#5961=EDGE_LOOP('',(#324,#325,#326,#327,#328,#329));
#5962=EDGE_LOOP('',(#330,#331,#332,#333,#334,#335));
#5963=EDGE_LOOP('',(#336,#337,#338,#339,#340,#341));
#5964=EDGE_LOOP('',(#342,#343,#344,#345,#346,#347));
#5965=EDGE_LOOP('',(#348,#349,#350,#351,#352,#353));
#5966=EDGE_LOOP('',(#354,#355,#356,#357,#358,#359));
#5967=EDGE_LOOP('',(#360,#361,#362,#363,#364,#365));
#5968=EDGE_LOOP('',(#366,#367,#368,#369,#370,#371));
#5969=EDGE_LOOP('',(#372,#373,#374,#375,#376,#377));
#5970=EDGE_LOOP('',(#378,#379,#380,#381,#382,#383));
#5971=EDGE_LOOP('',(#384,#385,#386,#387,#388,#389));
#5972=EDGE_LOOP('',(#390,#391,#392,#393,#394,#395));
#5973=EDGE_LOOP('',(#396,#397,#398,#399,#400,#401));
#5974=EDGE_LOOP('',(#402,#403,#404,#405,#406,#407));
#5975=EDGE_LOOP('',(#408,#409,#410,#411,#412,#413));
#5976=EDGE_LOOP('',(#414,#415,#416,#417,#418,#419));
#5977=EDGE_LOOP('',(#420));
#5978=EDGE_LOOP('',(#421));
#5979=EDGE_LOOP('',(#422,#423,#424,#425,#426,#427,#428,#429));
#5980=EDGE_LOOP('',(#430));
#5981=EDGE_LOOP('',(#431));
#5982=EDGE_LOOP('',(#432));
#5983=EDGE_LOOP('',(#433));
#5984=EDGE_LOOP('',(#434));
#5985=EDGE_LOOP('',(#435));
#5986=EDGE_LOOP('',(#436));
#5987=EDGE_LOOP('',(#437,#438,#439,#440,#441,#442,#443,#444));
#5988=EDGE_LOOP('',(#445));
#5989=EDGE_LOOP('',(#446));
#5990=EDGE_LOOP('',(#447));
#5991=EDGE_LOOP('',(#448));
#5992=EDGE_LOOP('',(#449));
#5993=EDGE_LOOP('',(#450,#451,#452,#453,#454,#455));
#5994=EDGE_LOOP('',(#456,#457,#458,#459,#460,#461));
#5995=EDGE_LOOP('',(#462,#463,#464,#465,#466,#467));
#5996=EDGE_LOOP('',(#468,#469,#470,#471,#472,#473));
#5997=EDGE_LOOP('',(#474,#475,#476,#477,#478,#479));
#5998=EDGE_LOOP('',(#480,#481,#482,#483,#484,#485));
#5999=EDGE_LOOP('',(#486,#487,#488,#489,#490,#491));
#6000=EDGE_LOOP('',(#492,#493,#494,#495,#496,#497));
#6001=EDGE_LOOP('',(#498,#499,#500,#501,#502,#503));
#6002=EDGE_LOOP('',(#504,#505,#506,#507,#508,#509));
#6003=EDGE_LOOP('',(#510,#511,#512,#513,#514,#515));
#6004=EDGE_LOOP('',(#516,#517,#518,#519,#520,#521));
#6005=EDGE_LOOP('',(#522,#523,#524,#525,#526,#527));
#6006=EDGE_LOOP('',(#528,#529,#530,#531,#532,#533));
#6007=EDGE_LOOP('',(#534,#535,#536,#537,#538,#539));
#6008=EDGE_LOOP('',(#540,#541,#542,#543,#544,#545));
#6009=EDGE_LOOP('',(#546,#547,#548,#549,#550,#551));
#6010=EDGE_LOOP('',(#552,#553,#554,#555,#556,#557));
#6011=EDGE_LOOP('',(#558,#559,#560,#561,#562,#563));
#6012=EDGE_LOOP('',(#564,#565,#566,#567,#568,#569));
#6013=EDGE_LOOP('',(#570,#571,#572,#573,#574,#575));
#6014=EDGE_LOOP('',(#576,#577,#578,#579,#580,#581));
#6015=EDGE_LOOP('',(#582,#583,#584,#585,#586,#587));
#6016=EDGE_LOOP('',(#588,#589,#590,#591,#592,#593));
#6017=EDGE_LOOP('',(#594,#595,#596,#597,#598,#599));
#6018=EDGE_LOOP('',(#600,#601,#602,#603,#604,#605));
#6019=EDGE_LOOP('',(#606,#607,#608,#609,#610,#611));
#6020=EDGE_LOOP('',(#612,#613,#614,#615,#616,#617));
#6021=EDGE_LOOP('',(#618,#619,#620,#621,#622,#623));
#6022=EDGE_LOOP('',(#624,#625,#626,#627,#628,#629));
#6023=EDGE_LOOP('',(#630,#631,#632,#633,#634,#635));
#6024=EDGE_LOOP('',(#636,#637,#638,#639,#640,#641));
#6025=EDGE_LOOP('',(#642,#643,#644,#645,#646,#647));
#6026=EDGE_LOOP('',(#648,#649,#650,#651,#652,#653));
#6027=EDGE_LOOP('',(#654,#655,#656,#657,#658,#659));
#6028=EDGE_LOOP('',(#660,#661,#662,#663,#664,#665));
#6029=EDGE_LOOP('',(#666,#667,#668,#669,#670,#671));
#6030=EDGE_LOOP('',(#672,#673,#674,#675,#676,#677));
#6031=EDGE_LOOP('',(#678,#679,#680,#681,#682,#683));
#6032=EDGE_LOOP('',(#684,#685,#686,#687,#688,#689));
#6033=EDGE_LOOP('',(#690,#691,#692,#693,#694,#695));
#6034=EDGE_LOOP('',(#696,#697,#698,#699,#700,#701));
#6035=EDGE_LOOP('',(#702,#703,#704,#705,#706,#707));
#6036=EDGE_LOOP('',(#708,#709,#710,#711,#712,#713));
#6037=EDGE_LOOP('',(#714,#715,#716,#717,#718,#719));
#6038=EDGE_LOOP('',(#720,#721,#722,#723,#724,#725));
#6039=EDGE_LOOP('',(#726,#727,#728,#729,#730,#731));
#6040=EDGE_LOOP('',(#732,#733,#734,#735,#736,#737));
#6041=EDGE_LOOP('',(#738,#739,#740,#741,#742,#743));
#6042=EDGE_LOOP('',(#744,#745,#746,#747,#748,#749));
#6043=EDGE_LOOP('',(#750,#751,#752,#753,#754,#755));
#6044=EDGE_LOOP('',(#756,#757,#758,#759,#760,#761));
#6045=EDGE_LOOP('',(#762,#763,#764,#765,#766,#767));
#6046=EDGE_LOOP('',(#768,#769,#770,#771,#772,#773,#774,#775));
#6047=EDGE_LOOP('',(#776));
#6048=EDGE_LOOP('',(#777));
#6049=EDGE_LOOP('',(#778));
#6050=EDGE_LOOP('',(#779,#780,#781,#782,#783,#784,#785,#786));
#6051=EDGE_LOOP('',(#787));
#6052=EDGE_LOOP('',(#788));
#6053=EDGE_LOOP('',(#789));
#6054=EDGE_LOOP('',(#790,#791,#792,#793));
#6055=EDGE_LOOP('',(#794,#795,#796,#797));
#6056=EDGE_LOOP('',(#798,#799,#800,#801));
#6057=EDGE_LOOP('',(#802,#803,#804,#805));
#6058=EDGE_LOOP('',(#806,#807,#808,#809));
#6059=EDGE_LOOP('',(#810,#811,#812,#813));
#6060=EDGE_LOOP('',(#814,#815,#816,#817));
#6061=EDGE_LOOP('',(#818,#819,#820,#821));
#6062=EDGE_LOOP('',(#822));
#6063=EDGE_LOOP('',(#823));
#6064=EDGE_LOOP('',(#824));
#6065=EDGE_LOOP('',(#825));
#6066=EDGE_LOOP('',(#826));
#6067=EDGE_LOOP('',(#827));
#6068=EDGE_LOOP('',(#828));
#6069=EDGE_LOOP('',(#829));
#6070=EDGE_LOOP('',(#830));
#6071=EDGE_LOOP('',(#831));
#6072=EDGE_LOOP('',(#832));
#6073=EDGE_LOOP('',(#833));
#6074=EDGE_LOOP('',(#834));
#6075=EDGE_LOOP('',(#835));
#6076=EDGE_LOOP('',(#836));
#6077=EDGE_LOOP('',(#837));
#6078=EDGE_LOOP('',(#838));
#6079=EDGE_LOOP('',(#839));
#6080=EDGE_LOOP('',(#840));
#6081=EDGE_LOOP('',(#841));
#6082=EDGE_LOOP('',(#842));
#6083=EDGE_LOOP('',(#843));
#6084=EDGE_LOOP('',(#844));
#6085=EDGE_LOOP('',(#845));
#6086=EDGE_LOOP('',(#846));
#6087=EDGE_LOOP('',(#847));
#6088=EDGE_LOOP('',(#848));
#6089=EDGE_LOOP('',(#849));
#6090=EDGE_LOOP('',(#850));
#6091=EDGE_LOOP('',(#851));
#6092=EDGE_LOOP('',(#852));
#6093=EDGE_LOOP('',(#853));
#6094=EDGE_LOOP('',(#854));
#6095=EDGE_LOOP('',(#855));
#6096=EDGE_LOOP('',(#856));
#6097=EDGE_LOOP('',(#857));
#6098=EDGE_LOOP('',(#858));
#6099=EDGE_LOOP('',(#859));
#6100=EDGE_LOOP('',(#860));
#6101=EDGE_LOOP('',(#861));
#6102=EDGE_LOOP('',(#862,#863,#864,#865));
#6103=EDGE_LOOP('',(#866,#867,#868,#869));
#6104=EDGE_LOOP('',(#870,#871,#872,#873));
#6105=EDGE_LOOP('',(#874,#875,#876,#877));
#6106=EDGE_LOOP('',(#878,#879,#880,#881));
#6107=EDGE_LOOP('',(#882,#883,#884,#885));
#6108=EDGE_LOOP('',(#886,#887,#888,#889));
#6109=EDGE_LOOP('',(#890,#891,#892,#893));
#6110=EDGE_LOOP('',(#894));
#6111=EDGE_LOOP('',(#895));
#6112=EDGE_LOOP('',(#896));
#6113=EDGE_LOOP('',(#897));
#6114=EDGE_LOOP('',(#898));
#6115=EDGE_LOOP('',(#899));
#6116=EDGE_LOOP('',(#900));
#6117=EDGE_LOOP('',(#901));
#6118=EDGE_LOOP('',(#902));
#6119=EDGE_LOOP('',(#903));
#6120=EDGE_LOOP('',(#904));
#6121=EDGE_LOOP('',(#905));
#6122=EDGE_LOOP('',(#906));
#6123=EDGE_LOOP('',(#907));
#6124=EDGE_LOOP('',(#908));
#6125=EDGE_LOOP('',(#909));
#6126=EDGE_LOOP('',(#910));
#6127=EDGE_LOOP('',(#911));
#6128=EDGE_LOOP('',(#912));
#6129=EDGE_LOOP('',(#913));
#6130=EDGE_LOOP('',(#914));
#6131=EDGE_LOOP('',(#915));
#6132=EDGE_LOOP('',(#916));
#6133=EDGE_LOOP('',(#917));
#6134=EDGE_LOOP('',(#918));
#6135=EDGE_LOOP('',(#919));
#6136=EDGE_LOOP('',(#920));
#6137=EDGE_LOOP('',(#921));
#6138=EDGE_LOOP('',(#922,#923,#924,#925));
#6139=EDGE_LOOP('',(#926,#927,#928,#929));
#6140=EDGE_LOOP('',(#930,#931,#932,#933));
#6141=EDGE_LOOP('',(#934,#935,#936,#937));
#6142=EDGE_LOOP('',(#938,#939,#940,#941));
#6143=EDGE_LOOP('',(#942,#943,#944,#945));
#6144=EDGE_LOOP('',(#946,#947,#948,#949));
#6145=EDGE_LOOP('',(#950,#951,#952,#953));
#6146=EDGE_LOOP('',(#954,#955,#956,#957));
#6147=EDGE_LOOP('',(#958,#959,#960,#961));
#6148=EDGE_LOOP('',(#962,#963,#964,#965));
#6149=EDGE_LOOP('',(#966,#967,#968,#969));
#6150=EDGE_LOOP('',(#970,#971,#972,#973));
#6151=EDGE_LOOP('',(#974,#975,#976,#977));
#6152=EDGE_LOOP('',(#978,#979,#980,#981));
#6153=EDGE_LOOP('',(#982,#983,#984,#985));
#6154=EDGE_LOOP('',(#986,#987,#988,#989));
#6155=EDGE_LOOP('',(#990,#991,#992,#993));
#6156=EDGE_LOOP('',(#994,#995,#996,#997));
#6157=EDGE_LOOP('',(#998,#999,#1000,#1001));
#6158=EDGE_LOOP('',(#1002,#1003,#1004,#1005));
#6159=EDGE_LOOP('',(#1006,#1007,#1008,#1009));
#6160=EDGE_LOOP('',(#1010,#1011,#1012,#1013));
#6161=EDGE_LOOP('',(#1014,#1015,#1016,#1017));
#6162=EDGE_LOOP('',(#1018,#1019,#1020,#1021));
#6163=EDGE_LOOP('',(#1022,#1023,#1024,#1025));
#6164=EDGE_LOOP('',(#1026,#1027,#1028,#1029));
#6165=EDGE_LOOP('',(#1030,#1031,#1032,#1033));
#6166=EDGE_LOOP('',(#1034,#1035,#1036,#1037));
#6167=EDGE_LOOP('',(#1038,#1039,#1040,#1041));
#6168=EDGE_LOOP('',(#1042,#1043,#1044,#1045));
#6169=EDGE_LOOP('',(#1046,#1047,#1048,#1049));
#6170=EDGE_LOOP('',(#1050,#1051,#1052,#1053));
#6171=EDGE_LOOP('',(#1054,#1055,#1056,#1057));
#6172=EDGE_LOOP('',(#1058,#1059,#1060,#1061));
#6173=EDGE_LOOP('',(#1062,#1063,#1064,#1065));
#6174=EDGE_LOOP('',(#1066,#1067,#1068,#1069));
#6175=EDGE_LOOP('',(#1070,#1071,#1072,#1073));
#6176=EDGE_LOOP('',(#1074,#1075,#1076,#1077));
#6177=EDGE_LOOP('',(#1078,#1079,#1080,#1081));
#6178=EDGE_LOOP('',(#1082,#1083,#1084,#1085));
#6179=EDGE_LOOP('',(#1086,#1087,#1088,#1089));
#6180=EDGE_LOOP('',(#1090,#1091,#1092,#1093));
#6181=EDGE_LOOP('',(#1094,#1095,#1096,#1097));
#6182=EDGE_LOOP('',(#1098,#1099,#1100,#1101));
#6183=EDGE_LOOP('',(#1102,#1103,#1104,#1105));
#6184=EDGE_LOOP('',(#1106,#1107,#1108,#1109));
#6185=EDGE_LOOP('',(#1110,#1111,#1112,#1113));
#6186=EDGE_LOOP('',(#1114,#1115,#1116,#1117));
#6187=EDGE_LOOP('',(#1118,#1119,#1120,#1121));
#6188=EDGE_LOOP('',(#1122,#1123,#1124,#1125));
#6189=EDGE_LOOP('',(#1126,#1127,#1128,#1129));
#6190=EDGE_LOOP('',(#1130,#1131,#1132,#1133));
#6191=EDGE_LOOP('',(#1134,#1135,#1136,#1137));
#6192=EDGE_LOOP('',(#1138,#1139,#1140,#1141));
#6193=EDGE_LOOP('',(#1142,#1143,#1144,#1145));
#6194=EDGE_LOOP('',(#1146,#1147,#1148,#1149));
#6195=EDGE_LOOP('',(#1150,#1151,#1152,#1153));
#6196=EDGE_LOOP('',(#1154,#1155,#1156,#1157));
#6197=EDGE_LOOP('',(#1158,#1159,#1160,#1161));
#6198=EDGE_LOOP('',(#1162,#1163,#1164,#1165));
#6199=EDGE_LOOP('',(#1166,#1167,#1168,#1169));
#6200=EDGE_LOOP('',(#1170,#1171,#1172,#1173));
#6201=EDGE_LOOP('',(#1174,#1175,#1176,#1177));
#6202=EDGE_LOOP('',(#1178,#1179,#1180,#1181));
#6203=EDGE_LOOP('',(#1182,#1183,#1184,#1185));
#6204=EDGE_LOOP('',(#1186,#1187,#1188,#1189));
#6205=EDGE_LOOP('',(#1190,#1191,#1192,#1193));
#6206=EDGE_LOOP('',(#1194,#1195,#1196,#1197));
#6207=EDGE_LOOP('',(#1198,#1199,#1200,#1201));
#6208=EDGE_LOOP('',(#1202,#1203,#1204,#1205));
#6209=EDGE_LOOP('',(#1206,#1207,#1208,#1209));
#6210=EDGE_LOOP('',(#1210,#1211,#1212,#1213));
#6211=EDGE_LOOP('',(#1214,#1215,#1216,#1217));
#6212=EDGE_LOOP('',(#1218,#1219,#1220,#1221));
#6213=EDGE_LOOP('',(#1222,#1223,#1224,#1225));
#6214=EDGE_LOOP('',(#1226,#1227,#1228,#1229));
#6215=EDGE_LOOP('',(#1230,#1231,#1232,#1233));
#6216=EDGE_LOOP('',(#1234,#1235,#1236,#1237));
#6217=EDGE_LOOP('',(#1238,#1239,#1240,#1241));
#6218=EDGE_LOOP('',(#1242,#1243,#1244,#1245));
#6219=EDGE_LOOP('',(#1246,#1247,#1248,#1249));
#6220=EDGE_LOOP('',(#1250,#1251,#1252,#1253));
#6221=EDGE_LOOP('',(#1254,#1255,#1256,#1257));
#6222=EDGE_LOOP('',(#1258,#1259,#1260,#1261));
#6223=EDGE_LOOP('',(#1262,#1263,#1264,#1265));
#6224=EDGE_LOOP('',(#1266,#1267,#1268,#1269));
#6225=EDGE_LOOP('',(#1270,#1271,#1272,#1273));
#6226=EDGE_LOOP('',(#1274,#1275,#1276,#1277));
#6227=EDGE_LOOP('',(#1278,#1279,#1280,#1281));
#6228=EDGE_LOOP('',(#1282,#1283,#1284,#1285));
#6229=EDGE_LOOP('',(#1286,#1287,#1288,#1289));
#6230=EDGE_LOOP('',(#1290,#1291,#1292,#1293));
#6231=EDGE_LOOP('',(#1294,#1295,#1296,#1297));
#6232=EDGE_LOOP('',(#1298,#1299,#1300,#1301));
#6233=EDGE_LOOP('',(#1302,#1303,#1304,#1305));
#6234=EDGE_LOOP('',(#1306,#1307,#1308,#1309));
#6235=EDGE_LOOP('',(#1310,#1311,#1312,#1313));
#6236=EDGE_LOOP('',(#1314,#1315,#1316,#1317));
#6237=EDGE_LOOP('',(#1318,#1319,#1320,#1321));
#6238=EDGE_LOOP('',(#1322,#1323,#1324,#1325));
#6239=EDGE_LOOP('',(#1326,#1327,#1328,#1329));
#6240=EDGE_LOOP('',(#1330,#1331,#1332,#1333));
#6241=EDGE_LOOP('',(#1334,#1335,#1336,#1337));
#6242=EDGE_LOOP('',(#1338,#1339,#1340,#1341));
#6243=EDGE_LOOP('',(#1342,#1343,#1344,#1345));
#6244=EDGE_LOOP('',(#1346,#1347,#1348,#1349));
#6245=EDGE_LOOP('',(#1350,#1351,#1352,#1353));
#6246=EDGE_LOOP('',(#1354,#1355,#1356,#1357));
#6247=EDGE_LOOP('',(#1358,#1359,#1360,#1361));
#6248=EDGE_LOOP('',(#1362,#1363,#1364,#1365));
#6249=EDGE_LOOP('',(#1366,#1367,#1368,#1369));
#6250=EDGE_LOOP('',(#1370,#1371,#1372,#1373));
#6251=EDGE_LOOP('',(#1374,#1375,#1376,#1377));
#6252=EDGE_LOOP('',(#1378,#1379,#1380,#1381));
#6253=EDGE_LOOP('',(#1382,#1383,#1384,#1385));
#6254=EDGE_LOOP('',(#1386,#1387,#1388,#1389));
#6255=EDGE_LOOP('',(#1390,#1391,#1392,#1393));
#6256=EDGE_LOOP('',(#1394,#1395,#1396,#1397));
#6257=EDGE_LOOP('',(#1398,#1399,#1400,#1401));
#6258=EDGE_LOOP('',(#1402,#1403,#1404,#1405));
#6259=EDGE_LOOP('',(#1406,#1407,#1408,#1409));
#6260=EDGE_LOOP('',(#1410,#1411,#1412,#1413));
#6261=EDGE_LOOP('',(#1414,#1415,#1416,#1417));
#6262=EDGE_LOOP('',(#1418,#1419,#1420,#1421));
#6263=EDGE_LOOP('',(#1422,#1423,#1424,#1425));
#6264=EDGE_LOOP('',(#1426,#1427,#1428,#1429));
#6265=EDGE_LOOP('',(#1430,#1431,#1432,#1433));
#6266=EDGE_LOOP('',(#1434,#1435,#1436,#1437));
#6267=EDGE_LOOP('',(#1438,#1439,#1440,#1441));
#6268=EDGE_LOOP('',(#1442,#1443,#1444,#1445));
#6269=EDGE_LOOP('',(#1446,#1447,#1448,#1449));
#6270=EDGE_LOOP('',(#1450,#1451,#1452,#1453));
#6271=EDGE_LOOP('',(#1454,#1455,#1456,#1457));
#6272=EDGE_LOOP('',(#1458,#1459,#1460,#1461));
#6273=EDGE_LOOP('',(#1462,#1463,#1464,#1465));
#6274=EDGE_LOOP('',(#1466,#1467,#1468,#1469));
#6275=EDGE_LOOP('',(#1470,#1471,#1472,#1473));
#6276=EDGE_LOOP('',(#1474,#1475,#1476,#1477));
#6277=EDGE_LOOP('',(#1478,#1479,#1480,#1481));
#6278=EDGE_LOOP('',(#1482,#1483,#1484,#1485));
#6279=EDGE_LOOP('',(#1486,#1487,#1488,#1489));
#6280=EDGE_LOOP('',(#1490,#1491,#1492,#1493));
#6281=EDGE_LOOP('',(#1494,#1495,#1496,#1497));
#6282=EDGE_LOOP('',(#1498,#1499,#1500,#1501));
#6283=EDGE_LOOP('',(#1502,#1503,#1504,#1505));
#6284=EDGE_LOOP('',(#1506,#1507,#1508,#1509));
#6285=EDGE_LOOP('',(#1510,#1511,#1512,#1513));
#6286=EDGE_LOOP('',(#1514,#1515,#1516,#1517));
#6287=EDGE_LOOP('',(#1518,#1519,#1520,#1521));
#6288=EDGE_LOOP('',(#1522,#1523,#1524,#1525));
#6289=EDGE_LOOP('',(#1526,#1527,#1528,#1529));
#6290=EDGE_LOOP('',(#1530,#1531,#1532,#1533));
#6291=EDGE_LOOP('',(#1534,#1535,#1536,#1537));
#6292=EDGE_LOOP('',(#1538,#1539,#1540,#1541));
#6293=EDGE_LOOP('',(#1542,#1543,#1544,#1545));
#6294=EDGE_LOOP('',(#1546,#1547,#1548,#1549));
#6295=EDGE_LOOP('',(#1550,#1551,#1552,#1553));
#6296=EDGE_LOOP('',(#1554,#1555,#1556,#1557));
#6297=EDGE_LOOP('',(#1558,#1559,#1560,#1561));
#6298=EDGE_LOOP('',(#1562,#1563,#1564,#1565));
#6299=EDGE_LOOP('',(#1566,#1567,#1568,#1569));
#6300=EDGE_LOOP('',(#1570,#1571,#1572,#1573));
#6301=EDGE_LOOP('',(#1574,#1575,#1576,#1577));
#6302=EDGE_LOOP('',(#1578,#1579,#1580,#1581));
#6303=EDGE_LOOP('',(#1582,#1583,#1584,#1585));
#6304=EDGE_LOOP('',(#1586,#1587,#1588,#1589));
#6305=EDGE_LOOP('',(#1590,#1591,#1592,#1593));
#6306=EDGE_LOOP('',(#1594,#1595,#1596,#1597));
#6307=EDGE_LOOP('',(#1598,#1599,#1600,#1601));
#6308=EDGE_LOOP('',(#1602,#1603,#1604,#1605));
#6309=EDGE_LOOP('',(#1606,#1607,#1608,#1609));
#6310=EDGE_LOOP('',(#1610,#1611,#1612,#1613));
#6311=EDGE_LOOP('',(#1614,#1615,#1616,#1617));
#6312=EDGE_LOOP('',(#1618,#1619,#1620,#1621));
#6313=EDGE_LOOP('',(#1622,#1623,#1624,#1625));
#6314=EDGE_LOOP('',(#1626,#1627,#1628,#1629));
#6315=EDGE_LOOP('',(#1630,#1631,#1632,#1633));
#6316=EDGE_LOOP('',(#1634,#1635,#1636,#1637));
#6317=EDGE_LOOP('',(#1638,#1639,#1640,#1641));
#6318=EDGE_LOOP('',(#1642,#1643,#1644,#1645));
#6319=EDGE_LOOP('',(#1646,#1647,#1648,#1649));
#6320=EDGE_LOOP('',(#1650,#1651,#1652,#1653));
#6321=EDGE_LOOP('',(#1654,#1655,#1656,#1657));
#6322=EDGE_LOOP('',(#1658,#1659,#1660,#1661));
#6323=EDGE_LOOP('',(#1662,#1663,#1664,#1665));
#6324=EDGE_LOOP('',(#1666,#1667,#1668,#1669));
#6325=EDGE_LOOP('',(#1670,#1671,#1672,#1673));
#6326=EDGE_LOOP('',(#1674,#1675,#1676,#1677));
#6327=EDGE_LOOP('',(#1678,#1679,#1680,#1681));
#6328=EDGE_LOOP('',(#1682,#1683,#1684,#1685));
#6329=EDGE_LOOP('',(#1686,#1687,#1688,#1689));
#6330=EDGE_LOOP('',(#1690,#1691,#1692,#1693));
#6331=EDGE_LOOP('',(#1694,#1695,#1696,#1697));
#6332=EDGE_LOOP('',(#1698,#1699,#1700,#1701));
#6333=EDGE_LOOP('',(#1702,#1703,#1704,#1705));
#6334=EDGE_LOOP('',(#1706,#1707,#1708,#1709));
#6335=EDGE_LOOP('',(#1710,#1711,#1712,#1713));
#6336=EDGE_LOOP('',(#1714,#1715,#1716,#1717));
#6337=EDGE_LOOP('',(#1718,#1719,#1720,#1721));
#6338=EDGE_LOOP('',(#1722,#1723,#1724,#1725));
#6339=EDGE_LOOP('',(#1726,#1727,#1728,#1729));
#6340=EDGE_LOOP('',(#1730,#1731,#1732,#1733));
#6341=EDGE_LOOP('',(#1734,#1735,#1736,#1737));
#6342=EDGE_LOOP('',(#1738,#1739,#1740,#1741));
#6343=EDGE_LOOP('',(#1742,#1743,#1744,#1745));
#6344=EDGE_LOOP('',(#1746,#1747,#1748,#1749));
#6345=EDGE_LOOP('',(#1750,#1751,#1752,#1753));
#6346=EDGE_LOOP('',(#1754,#1755,#1756,#1757));
#6347=EDGE_LOOP('',(#1758,#1759,#1760,#1761));
#6348=EDGE_LOOP('',(#1762,#1763,#1764,#1765));
#6349=EDGE_LOOP('',(#1766,#1767,#1768,#1769));
#6350=EDGE_LOOP('',(#1770,#1771,#1772,#1773));
#6351=EDGE_LOOP('',(#1774,#1775,#1776,#1777));
#6352=EDGE_LOOP('',(#1778,#1779,#1780,#1781));
#6353=EDGE_LOOP('',(#1782,#1783,#1784,#1785));
#6354=EDGE_LOOP('',(#1786,#1787,#1788,#1789));
#6355=EDGE_LOOP('',(#1790,#1791,#1792,#1793));
#6356=EDGE_LOOP('',(#1794,#1795,#1796,#1797));
#6357=EDGE_LOOP('',(#1798,#1799,#1800,#1801));
#6358=EDGE_LOOP('',(#1802,#1803,#1804,#1805));
#6359=EDGE_LOOP('',(#1806,#1807,#1808,#1809));
#6360=EDGE_LOOP('',(#1810,#1811,#1812,#1813));
#6361=EDGE_LOOP('',(#1814,#1815,#1816,#1817));
#6362=EDGE_LOOP('',(#1818,#1819,#1820,#1821));
#6363=EDGE_LOOP('',(#1822,#1823,#1824,#1825));
#6364=EDGE_LOOP('',(#1826,#1827,#1828,#1829));
#6365=EDGE_LOOP('',(#1830,#1831,#1832,#1833));
#6366=EDGE_LOOP('',(#1834,#1835,#1836,#1837));
#6367=EDGE_LOOP('',(#1838,#1839,#1840,#1841));
#6368=EDGE_LOOP('',(#1842,#1843,#1844,#1845));
#6369=EDGE_LOOP('',(#1846,#1847,#1848,#1849));
#6370=EDGE_LOOP('',(#1850,#1851,#1852,#1853));
#6371=EDGE_LOOP('',(#1854,#1855,#1856,#1857));
#6372=EDGE_LOOP('',(#1858,#1859,#1860,#1861));
#6373=EDGE_LOOP('',(#1862,#1863,#1864,#1865));
#6374=EDGE_LOOP('',(#1866,#1867,#1868,#1869));
#6375=EDGE_LOOP('',(#1870,#1871,#1872,#1873));
#6376=EDGE_LOOP('',(#1874,#1875,#1876,#1877));
#6377=EDGE_LOOP('',(#1878,#1879,#1880,#1881));
#6378=EDGE_LOOP('',(#1882,#1883,#1884,#1885));
#6379=EDGE_LOOP('',(#1886,#1887,#1888,#1889));
#6380=EDGE_LOOP('',(#1890,#1891,#1892,#1893));
#6381=EDGE_LOOP('',(#1894,#1895,#1896,#1897));
#6382=EDGE_LOOP('',(#1898,#1899,#1900,#1901));
#6383=EDGE_LOOP('',(#1902,#1903,#1904,#1905));
#6384=EDGE_LOOP('',(#1906,#1907,#1908,#1909));
#6385=EDGE_LOOP('',(#1910,#1911,#1912,#1913));
#6386=EDGE_LOOP('',(#1914,#1915,#1916,#1917));
#6387=EDGE_LOOP('',(#1918,#1919,#1920,#1921));
#6388=EDGE_LOOP('',(#1922,#1923,#1924,#1925));
#6389=EDGE_LOOP('',(#1926,#1927,#1928,#1929));
#6390=EDGE_LOOP('',(#1930,#1931,#1932,#1933));
#6391=EDGE_LOOP('',(#1934,#1935,#1936,#1937));
#6392=EDGE_LOOP('',(#1938,#1939,#1940,#1941));
#6393=EDGE_LOOP('',(#1942,#1943,#1944,#1945));
#6394=EDGE_LOOP('',(#1946,#1947,#1948,#1949));
#6395=EDGE_LOOP('',(#1950,#1951,#1952,#1953));
#6396=EDGE_LOOP('',(#1954,#1955,#1956,#1957));
#6397=EDGE_LOOP('',(#1958,#1959,#1960,#1961));
#6398=EDGE_LOOP('',(#1962,#1963,#1964,#1965));
#6399=EDGE_LOOP('',(#1966,#1967,#1968,#1969));
#6400=EDGE_LOOP('',(#1970,#1971,#1972,#1973));
#6401=EDGE_LOOP('',(#1974,#1975,#1976,#1977));
#6402=EDGE_LOOP('',(#1978,#1979,#1980,#1981));
#6403=EDGE_LOOP('',(#1982,#1983,#1984,#1985));
#6404=EDGE_LOOP('',(#1986,#1987,#1988,#1989));
#6405=EDGE_LOOP('',(#1990,#1991,#1992,#1993));
#6406=EDGE_LOOP('',(#1994,#1995,#1996,#1997));
#6407=EDGE_LOOP('',(#1998,#1999,#2000,#2001));
#6408=EDGE_LOOP('',(#2002,#2003,#2004,#2005));
#6409=EDGE_LOOP('',(#2006,#2007,#2008,#2009));
#6410=EDGE_LOOP('',(#2010,#2011,#2012,#2013));
#6411=EDGE_LOOP('',(#2014,#2015,#2016,#2017));
#6412=EDGE_LOOP('',(#2018,#2019,#2020,#2021));
#6413=EDGE_LOOP('',(#2022,#2023,#2024,#2025));
#6414=EDGE_LOOP('',(#2026,#2027,#2028,#2029));
#6415=EDGE_LOOP('',(#2030,#2031,#2032,#2033));
#6416=EDGE_LOOP('',(#2034,#2035,#2036,#2037));
#6417=EDGE_LOOP('',(#2038,#2039,#2040,#2041));
#6418=EDGE_LOOP('',(#2042,#2043,#2044,#2045));
#6419=EDGE_LOOP('',(#2046,#2047,#2048,#2049));
#6420=EDGE_LOOP('',(#2050,#2051,#2052,#2053));
#6421=EDGE_LOOP('',(#2054,#2055,#2056,#2057));
#6422=EDGE_LOOP('',(#2058,#2059,#2060,#2061));
#6423=EDGE_LOOP('',(#2062,#2063,#2064,#2065));
#6424=EDGE_LOOP('',(#2066,#2067,#2068,#2069));
#6425=EDGE_LOOP('',(#2070,#2071,#2072,#2073));
#6426=EDGE_LOOP('',(#2074,#2075,#2076,#2077));
#6427=EDGE_LOOP('',(#2078,#2079,#2080,#2081));
#6428=EDGE_LOOP('',(#2082,#2083,#2084,#2085));
#6429=EDGE_LOOP('',(#2086,#2087,#2088,#2089));
#6430=EDGE_LOOP('',(#2090,#2091,#2092,#2093));
#6431=EDGE_LOOP('',(#2094,#2095,#2096,#2097));
#6432=EDGE_LOOP('',(#2098,#2099,#2100,#2101));
#6433=EDGE_LOOP('',(#2102,#2103,#2104,#2105));
#6434=EDGE_LOOP('',(#2106,#2107,#2108,#2109));
#6435=EDGE_LOOP('',(#2110,#2111,#2112,#2113));
#6436=EDGE_LOOP('',(#2114,#2115,#2116,#2117));
#6437=EDGE_LOOP('',(#2118,#2119,#2120,#2121));
#6438=EDGE_LOOP('',(#2122,#2123,#2124,#2125));
#6439=EDGE_LOOP('',(#2126,#2127,#2128,#2129));
#6440=EDGE_LOOP('',(#2130,#2131,#2132,#2133));
#6441=EDGE_LOOP('',(#2134,#2135,#2136,#2137));
#6442=EDGE_LOOP('',(#2138,#2139,#2140,#2141));
#6443=EDGE_LOOP('',(#2142,#2143,#2144,#2145));
#6444=EDGE_LOOP('',(#2146,#2147,#2148,#2149));
#6445=EDGE_LOOP('',(#2150,#2151,#2152,#2153));
#6446=EDGE_LOOP('',(#2154,#2155,#2156,#2157));
#6447=EDGE_LOOP('',(#2158,#2159,#2160,#2161));
#6448=EDGE_LOOP('',(#2162,#2163,#2164,#2165));
#6449=EDGE_LOOP('',(#2166,#2167,#2168,#2169));
#6450=EDGE_LOOP('',(#2170,#2171,#2172,#2173));
#6451=EDGE_LOOP('',(#2174,#2175,#2176,#2177));
#6452=EDGE_LOOP('',(#2178,#2179,#2180,#2181));
#6453=EDGE_LOOP('',(#2182,#2183,#2184,#2185));
#6454=EDGE_LOOP('',(#2186,#2187,#2188,#2189));
#6455=EDGE_LOOP('',(#2190,#2191,#2192,#2193));
#6456=FACE_BOUND('',#5924,.T.);
#6457=FACE_BOUND('',#5925,.T.);
#6458=FACE_BOUND('',#5926,.T.);
#6459=FACE_BOUND('',#5927,.T.);
#6460=FACE_BOUND('',#5928,.T.);
#6461=FACE_BOUND('',#5929,.T.);
#6462=FACE_BOUND('',#5930,.T.);
#6463=FACE_BOUND('',#5931,.T.);
#6464=FACE_BOUND('',#5932,.T.);
#6465=FACE_BOUND('',#5933,.T.);
#6466=FACE_BOUND('',#5934,.T.);
#6467=FACE_BOUND('',#5935,.T.);
#6468=FACE_BOUND('',#5936,.T.);
#6469=FACE_BOUND('',#5937,.T.);
#6470=FACE_BOUND('',#5938,.T.);
#6471=FACE_BOUND('',#5939,.T.);
#6472=FACE_BOUND('',#5940,.T.);
#6473=FACE_BOUND('',#5941,.T.);
#6474=FACE_BOUND('',#5942,.T.);
#6475=FACE_BOUND('',#5943,.T.);
#6476=FACE_BOUND('',#5944,.T.);
#6477=FACE_BOUND('',#5945,.T.);
#6478=FACE_BOUND('',#5946,.T.);
#6479=FACE_BOUND('',#5947,.T.);
#6480=FACE_BOUND('',#5948,.T.);
#6481=FACE_BOUND('',#5949,.T.);
#6482=FACE_BOUND('',#5950,.T.);
#6483=FACE_BOUND('',#5951,.T.);
#6484=FACE_BOUND('',#5952,.T.);
#6485=FACE_BOUND('',#5953,.T.);
#6486=FACE_BOUND('',#5954,.T.);
#6487=FACE_BOUND('',#5955,.T.);
#6488=FACE_BOUND('',#5956,.T.);
#6489=FACE_BOUND('',#5957,.T.);
#6490=FACE_BOUND('',#5958,.T.);
#6491=FACE_BOUND('',#5959,.T.);
#6492=FACE_BOUND('',#5960,.T.);
#6493=FACE_BOUND('',#5961,.T.);
#6494=FACE_BOUND('',#5962,.T.);
#6495=FACE_BOUND('',#5963,.T.);
#6496=FACE_BOUND('',#5964,.T.);
#6497=FACE_BOUND('',#5965,.T.);
#6498=FACE_BOUND('',#5966,.T.);
#6499=FACE_BOUND('',#5967,.T.);
#6500=FACE_BOUND('',#5968,.T.);
#6501=FACE_BOUND('',#5969,.T.);
#6502=FACE_BOUND('',#5970,.T.);
#6503=FACE_BOUND('',#5971,.T.);
#6504=FACE_BOUND('',#5972,.T.);
#6505=FACE_BOUND('',#5973,.T.);
#6506=FACE_BOUND('',#5974,.T.);
#6507=FACE_BOUND('',#5975,.T.);
#6508=FACE_BOUND('',#5976,.T.);
#6509=FACE_BOUND('',#5977,.T.);
#6510=FACE_BOUND('',#5978,.T.);
#6511=FACE_BOUND('',#5979,.T.);
#6512=FACE_BOUND('',#5980,.T.);
#6513=FACE_BOUND('',#5981,.T.);
#6514=FACE_BOUND('',#5982,.T.);
#6515=FACE_BOUND('',#5983,.T.);
#6516=FACE_BOUND('',#5984,.T.);
#6517=FACE_BOUND('',#5985,.T.);
#6518=FACE_BOUND('',#5986,.T.);
#6519=FACE_BOUND('',#5987,.T.);
#6520=FACE_BOUND('',#5988,.T.);
#6521=FACE_BOUND('',#5989,.T.);
#6522=FACE_BOUND('',#5990,.T.);
#6523=FACE_BOUND('',#5991,.T.);
#6524=FACE_BOUND('',#5992,.T.);
#6525=FACE_BOUND('',#5993,.T.);
#6526=FACE_BOUND('',#5994,.T.);
#6527=FACE_BOUND('',#5995,.T.);
#6528=FACE_BOUND('',#5996,.T.);
#6529=FACE_BOUND('',#5997,.T.);
#6530=FACE_BOUND('',#5998,.T.);
#6531=FACE_BOUND('',#5999,.T.);
#6532=FACE_BOUND('',#6000,.T.);
#6533=FACE_BOUND('',#6001,.T.);
#6534=FACE_BOUND('',#6002,.T.);
#6535=FACE_BOUND('',#6003,.T.);
#6536=FACE_BOUND('',#6004,.T.);
#6537=FACE_BOUND('',#6005,.T.);
#6538=FACE_BOUND('',#6006,.T.);
#6539=FACE_BOUND('',#6007,.T.);
#6540=FACE_BOUND('',#6008,.T.);
#6541=FACE_BOUND('',#6009,.T.);
#6542=FACE_BOUND('',#6010,.T.);
#6543=FACE_BOUND('',#6011,.T.);
#6544=FACE_BOUND('',#6012,.T.);
#6545=FACE_BOUND('',#6013,.T.);
#6546=FACE_BOUND('',#6014,.T.);
#6547=FACE_BOUND('',#6015,.T.);
#6548=FACE_BOUND('',#6016,.T.);
#6549=FACE_BOUND('',#6017,.T.);
#6550=FACE_BOUND('',#6018,.T.);
#6551=FACE_BOUND('',#6019,.T.);
#6552=FACE_BOUND('',#6020,.T.);
#6553=FACE_BOUND('',#6021,.T.);
#6554=FACE_BOUND('',#6022,.T.);
#6555=FACE_BOUND('',#6023,.T.);
#6556=FACE_BOUND('',#6024,.T.);
#6557=FACE_BOUND('',#6025,.T.);
#6558=FACE_BOUND('',#6026,.T.);
#6559=FACE_BOUND('',#6027,.T.);
#6560=FACE_BOUND('',#6028,.T.);
#6561=FACE_BOUND('',#6029,.T.);
#6562=FACE_BOUND('',#6030,.T.);
#6563=FACE_BOUND('',#6031,.T.);
#6564=FACE_BOUND('',#6032,.T.);
#6565=FACE_BOUND('',#6033,.T.);
#6566=FACE_BOUND('',#6034,.T.);
#6567=FACE_BOUND('',#6035,.T.);
#6568=FACE_BOUND('',#6036,.T.);
#6569=FACE_BOUND('',#6037,.T.);
#6570=FACE_BOUND('',#6038,.T.);
#6571=FACE_BOUND('',#6039,.T.);
#6572=FACE_BOUND('',#6040,.T.);
#6573=FACE_BOUND('',#6041,.T.);
#6574=FACE_BOUND('',#6042,.T.);
#6575=FACE_BOUND('',#6043,.T.);
#6576=FACE_BOUND('',#6044,.T.);
#6577=FACE_BOUND('',#6045,.T.);
#6578=FACE_BOUND('',#6046,.T.);
#6579=FACE_BOUND('',#6047,.T.);
#6580=FACE_BOUND('',#6048,.T.);
#6581=FACE_BOUND('',#6049,.T.);
#6582=FACE_BOUND('',#6050,.T.);
#6583=FACE_BOUND('',#6051,.T.);
#6584=FACE_BOUND('',#6052,.T.);
#6585=FACE_BOUND('',#6053,.T.);
#6586=FACE_BOUND('',#6054,.T.);
#6587=FACE_BOUND('',#6055,.T.);
#6588=FACE_BOUND('',#6056,.T.);
#6589=FACE_BOUND('',#6057,.T.);
#6590=FACE_BOUND('',#6058,.T.);
#6591=FACE_BOUND('',#6059,.T.);
#6592=FACE_BOUND('',#6060,.T.);
#6593=FACE_BOUND('',#6061,.T.);
#6594=FACE_BOUND('',#6062,.T.);
#6595=FACE_BOUND('',#6063,.T.);
#6596=FACE_BOUND('',#6064,.T.);
#6597=FACE_BOUND('',#6065,.T.);
#6598=FACE_BOUND('',#6066,.T.);
#6599=FACE_BOUND('',#6067,.T.);
#6600=FACE_BOUND('',#6068,.T.);
#6601=FACE_BOUND('',#6069,.T.);
#6602=FACE_BOUND('',#6070,.T.);
#6603=FACE_BOUND('',#6071,.T.);
#6604=FACE_BOUND('',#6072,.T.);
#6605=FACE_BOUND('',#6073,.T.);
#6606=FACE_BOUND('',#6074,.T.);
#6607=FACE_BOUND('',#6075,.T.);
#6608=FACE_BOUND('',#6076,.T.);
#6609=FACE_BOUND('',#6077,.T.);
#6610=FACE_BOUND('',#6078,.T.);
#6611=FACE_BOUND('',#6079,.T.);
#6612=FACE_BOUND('',#6080,.T.);
#6613=FACE_BOUND('',#6081,.T.);
#6614=FACE_BOUND('',#6082,.T.);
#6615=FACE_BOUND('',#6083,.T.);
#6616=FACE_BOUND('',#6084,.T.);
#6617=FACE_BOUND('',#6085,.T.);
#6618=FACE_BOUND('',#6086,.T.);
#6619=FACE_BOUND('',#6087,.T.);
#6620=FACE_BOUND('',#6088,.T.);
#6621=FACE_BOUND('',#6089,.T.);
#6622=FACE_BOUND('',#6090,.T.);
#6623=FACE_BOUND('',#6091,.T.);
#6624=FACE_BOUND('',#6092,.T.);
#6625=FACE_BOUND('',#6093,.T.);
#6626=FACE_BOUND('',#6094,.T.);
#6627=FACE_BOUND('',#6095,.T.);
#6628=FACE_BOUND('',#6096,.T.);
#6629=FACE_BOUND('',#6097,.T.);
#6630=FACE_BOUND('',#6098,.T.);
#6631=FACE_BOUND('',#6099,.T.);
#6632=FACE_BOUND('',#6100,.T.);
#6633=FACE_BOUND('',#6101,.T.);
#6634=FACE_BOUND('',#6102,.T.);
#6635=FACE_BOUND('',#6103,.T.);
#6636=FACE_BOUND('',#6104,.T.);
#6637=FACE_BOUND('',#6105,.T.);
#6638=FACE_BOUND('',#6106,.T.);
#6639=FACE_BOUND('',#6107,.T.);
#6640=FACE_BOUND('',#6108,.T.);
#6641=FACE_BOUND('',#6109,.T.);
#6642=FACE_BOUND('',#6110,.T.);
#6643=FACE_BOUND('',#6111,.T.);
#6644=FACE_BOUND('',#6112,.T.);
#6645=FACE_BOUND('',#6113,.T.);
#6646=FACE_BOUND('',#6114,.T.);
#6647=FACE_BOUND('',#6115,.T.);
#6648=FACE_BOUND('',#6116,.T.);
#6649=FACE_BOUND('',#6117,.T.);
#6650=FACE_BOUND('',#6118,.T.);
#6651=FACE_BOUND('',#6119,.T.);
#6652=FACE_BOUND('',#6120,.T.);
#6653=FACE_BOUND('',#6121,.T.);
#6654=FACE_BOUND('',#6122,.T.);
#6655=FACE_BOUND('',#6123,.T.);
#6656=FACE_BOUND('',#6124,.T.);
#6657=FACE_BOUND('',#6125,.T.);
#6658=FACE_BOUND('',#6126,.T.);
#6659=FACE_BOUND('',#6127,.T.);
#6660=FACE_BOUND('',#6128,.T.);
#6661=FACE_BOUND('',#6129,.T.);
#6662=FACE_BOUND('',#6130,.T.);
#6663=FACE_BOUND('',#6131,.T.);
#6664=FACE_BOUND('',#6132,.T.);
#6665=FACE_BOUND('',#6133,.T.);
#6666=FACE_BOUND('',#6134,.T.);
#6667=FACE_BOUND('',#6135,.T.);
#6668=FACE_BOUND('',#6136,.T.);
#6669=FACE_BOUND('',#6137,.T.);
#6670=FACE_BOUND('',#6138,.T.);
#6671=FACE_BOUND('',#6139,.T.);
#6672=FACE_BOUND('',#6140,.T.);
#6673=FACE_BOUND('',#6141,.T.);
#6674=FACE_BOUND('',#6142,.T.);
#6675=FACE_BOUND('',#6143,.T.);
#6676=FACE_BOUND('',#6144,.T.);
#6677=FACE_BOUND('',#6145,.T.);
#6678=FACE_BOUND('',#6146,.T.);
#6679=FACE_BOUND('',#6147,.T.);
#6680=FACE_BOUND('',#6148,.T.);
#6681=FACE_BOUND('',#6149,.T.);
#6682=FACE_BOUND('',#6150,.T.);
#6683=FACE_BOUND('',#6151,.T.);
#6684=FACE_BOUND('',#6152,.T.);
#6685=FACE_BOUND('',#6153,.T.);
#6686=FACE_BOUND('',#6154,.T.);
#6687=FACE_BOUND('',#6155,.T.);
#6688=FACE_BOUND('',#6156,.T.);
#6689=FACE_BOUND('',#6157,.T.);
#6690=FACE_BOUND('',#6158,.T.);
#6691=FACE_BOUND('',#6159,.T.);
#6692=FACE_BOUND('',#6160,.T.);
#6693=FACE_BOUND('',#6161,.T.);
#6694=FACE_BOUND('',#6162,.T.);
#6695=FACE_BOUND('',#6163,.T.);
#6696=FACE_BOUND('',#6164,.T.);
#6697=FACE_BOUND('',#6165,.T.);
#6698=FACE_BOUND('',#6166,.T.);
#6699=FACE_BOUND('',#6167,.T.);
#6700=FACE_BOUND('',#6168,.T.);
#6701=FACE_BOUND('',#6169,.T.);
#6702=FACE_BOUND('',#6170,.T.);
#6703=FACE_BOUND('',#6171,.T.);
#6704=FACE_BOUND('',#6172,.T.);
#6705=FACE_BOUND('',#6173,.T.);
#6706=FACE_BOUND('',#6174,.T.);
#6707=FACE_BOUND('',#6175,.T.);
#6708=FACE_BOUND('',#6176,.T.);
#6709=FACE_BOUND('',#6177,.T.);
#6710=FACE_BOUND('',#6178,.T.);
#6711=FACE_BOUND('',#6179,.T.);
#6712=FACE_BOUND('',#6180,.T.);
#6713=FACE_BOUND('',#6181,.T.);
#6714=FACE_BOUND('',#6182,.T.);
#6715=FACE_BOUND('',#6183,.T.);
#6716=FACE_BOUND('',#6184,.T.);
#6717=FACE_BOUND('',#6185,.T.);
#6718=FACE_BOUND('',#6186,.T.);
#6719=FACE_BOUND('',#6187,.T.);
#6720=FACE_BOUND('',#6188,.T.);
#6721=FACE_BOUND('',#6189,.T.);
#6722=FACE_BOUND('',#6190,.T.);
#6723=FACE_BOUND('',#6191,.T.);
#6724=FACE_BOUND('',#6192,.T.);
#6725=FACE_BOUND('',#6193,.T.);
#6726=FACE_BOUND('',#6194,.T.);
#6727=FACE_BOUND('',#6195,.T.);
#6728=FACE_BOUND('',#6196,.T.);
#6729=FACE_BOUND('',#6197,.T.);
#6730=FACE_BOUND('',#6198,.T.);
#6731=FACE_BOUND('',#6199,.T.);
#6732=FACE_BOUND('',#6200,.T.);
#6733=FACE_BOUND('',#6201,.T.);
#6734=FACE_BOUND('',#6202,.T.);
#6735=FACE_BOUND('',#6203,.T.);
#6736=FACE_BOUND('',#6204,.T.);
#6737=FACE_BOUND('',#6205,.T.);
#6738=FACE_BOUND('',#6206,.T.);
#6739=FACE_BOUND('',#6207,.T.);
#6740=FACE_BOUND('',#6208,.T.);
#6741=FACE_BOUND('',#6209,.T.);
#6742=FACE_BOUND('',#6210,.T.);
#6743=FACE_BOUND('',#6211,.T.);
#6744=FACE_BOUND('',#6212,.T.);
#6745=FACE_BOUND('',#6213,.T.);
#6746=FACE_BOUND('',#6214,.T.);
#6747=FACE_BOUND('',#6215,.T.);
#6748=FACE_BOUND('',#6216,.T.);
#6749=FACE_BOUND('',#6217,.T.);
#6750=FACE_BOUND('',#6218,.T.);
#6751=FACE_BOUND('',#6219,.T.);
#6752=FACE_BOUND('',#6220,.T.);
#6753=FACE_BOUND('',#6221,.T.);
#6754=FACE_BOUND('',#6222,.T.);
#6755=FACE_BOUND('',#6223,.T.);
#6756=FACE_BOUND('',#6224,.T.);
#6757=FACE_BOUND('',#6225,.T.);
#6758=FACE_BOUND('',#6226,.T.);
#6759=FACE_BOUND('',#6227,.T.);
#6760=FACE_BOUND('',#6228,.T.);
#6761=FACE_BOUND('',#6229,.T.);
#6762=FACE_BOUND('',#6230,.T.);
#6763=FACE_BOUND('',#6231,.T.);
#6764=FACE_BOUND('',#6232,.T.);
#6765=FACE_BOUND('',#6233,.T.);
#6766=FACE_BOUND('',#6234,.T.);
#6767=FACE_BOUND('',#6235,.T.);
#6768=FACE_BOUND('',#6236,.T.);
#6769=FACE_BOUND('',#6237,.T.);
#6770=FACE_BOUND('',#6238,.T.);
#6771=FACE_BOUND('',#6239,.T.);
#6772=FACE_BOUND('',#6240,.T.);
#6773=FACE_BOUND('',#6241,.T.);
#6774=FACE_BOUND('',#6242,.T.);
#6775=FACE_BOUND('',#6243,.T.);
#6776=FACE_BOUND('',#6244,.T.);
#6777=FACE_BOUND('',#6245,.T.);
#6778=FACE_BOUND('',#6246,.T.);
#6779=FACE_BOUND('',#6247,.T.);
#6780=FACE_BOUND('',#6248,.T.);
#6781=FACE_BOUND('',#6249,.T.);
#6782=FACE_BOUND('',#6250,.T.);
#6783=FACE_BOUND('',#6251,.T.);
#6784=FACE_BOUND('',#6252,.T.);
#6785=FACE_BOUND('',#6253,.T.);
#6786=FACE_BOUND('',#6254,.T.);
#6787=FACE_BOUND('',#6255,.T.);
#6788=FACE_BOUND('',#6256,.T.);
#6789=FACE_BOUND('',#6257,.T.);
#6790=FACE_BOUND('',#6258,.T.);
#6791=FACE_BOUND('',#6259,.T.);
#6792=FACE_BOUND('',#6260,.T.);
#6793=FACE_BOUND('',#6261,.T.);
#6794=FACE_BOUND('',#6262,.T.);
#6795=FACE_BOUND('',#6263,.T.);
#6796=FACE_BOUND('',#6264,.T.);
#6797=FACE_BOUND('',#6265,.T.);
#6798=FACE_BOUND('',#6266,.T.);
#6799=FACE_BOUND('',#6267,.T.);
#6800=FACE_BOUND('',#6268,.T.);
#6801=FACE_BOUND('',#6269,.T.);
#6802=FACE_BOUND('',#6270,.T.);
#6803=FACE_BOUND('',#6271,.T.);
#6804=FACE_BOUND('',#6272,.T.);
#6805=FACE_BOUND('',#6273,.T.);
#6806=FACE_BOUND('',#6274,.T.);
#6807=FACE_BOUND('',#6275,.T.);
#6808=FACE_BOUND('',#6276,.T.);
#6809=FACE_BOUND('',#6277,.T.);
#6810=FACE_BOUND('',#6278,.T.);
#6811=FACE_BOUND('',#6279,.T.);
#6812=FACE_BOUND('',#6280,.T.);
#6813=FACE_BOUND('',#6281,.T.);
#6814=FACE_BOUND('',#6282,.T.);
#6815=FACE_BOUND('',#6283,.T.);
#6816=FACE_BOUND('',#6284,.T.);
#6817=FACE_BOUND('',#6285,.T.);
#6818=FACE_BOUND('',#6286,.T.);
#6819=FACE_BOUND('',#6287,.T.);
#6820=FACE_BOUND('',#6288,.T.);
#6821=FACE_BOUND('',#6289,.T.);
#6822=FACE_BOUND('',#6290,.T.);
#6823=FACE_BOUND('',#6291,.T.);
#6824=FACE_BOUND('',#6292,.T.);
#6825=FACE_BOUND('',#6293,.T.);
#6826=FACE_BOUND('',#6294,.T.);
#6827=FACE_BOUND('',#6295,.T.);
#6828=FACE_BOUND('',#6296,.T.);
#6829=FACE_BOUND('',#6297,.T.);
#6830=FACE_BOUND('',#6298,.T.);
#6831=FACE_BOUND('',#6299,.T.);
#6832=FACE_BOUND('',#6300,.T.);
#6833=FACE_BOUND('',#6301,.T.);
#6834=FACE_BOUND('',#6302,.T.);
#6835=FACE_BOUND('',#6303,.T.);
#6836=FACE_BOUND('',#6304,.T.);
#6837=FACE_BOUND('',#6305,.T.);
#6838=FACE_BOUND('',#6306,.T.);
#6839=FACE_BOUND('',#6307,.T.);
#6840=FACE_BOUND('',#6308,.T.);
#6841=FACE_BOUND('',#6309,.T.);
#6842=FACE_BOUND('',#6310,.T.);
#6843=FACE_BOUND('',#6311,.T.);
#6844=FACE_BOUND('',#6312,.T.);
#6845=FACE_BOUND('',#6313,.T.);
#6846=FACE_BOUND('',#6314,.T.);
#6847=FACE_BOUND('',#6315,.T.);
#6848=FACE_BOUND('',#6316,.T.);
#6849=FACE_BOUND('',#6317,.T.);
#6850=FACE_BOUND('',#6318,.T.);
#6851=FACE_BOUND('',#6319,.T.);
#6852=FACE_BOUND('',#6320,.T.);
#6853=FACE_BOUND('',#6321,.T.);
#6854=FACE_BOUND('',#6322,.T.);
#6855=FACE_BOUND('',#6323,.T.);
#6856=FACE_BOUND('',#6324,.T.);
#6857=FACE_BOUND('',#6325,.T.);
#6858=FACE_BOUND('',#6326,.T.);
#6859=FACE_BOUND('',#6327,.T.);
#6860=FACE_BOUND('',#6328,.T.);
#6861=FACE_BOUND('',#6329,.T.);
#6862=FACE_BOUND('',#6330,.T.);
#6863=FACE_BOUND('',#6331,.T.);
#6864=FACE_BOUND('',#6332,.T.);
#6865=FACE_BOUND('',#6333,.T.);
#6866=FACE_BOUND('',#6334,.T.);
#6867=FACE_BOUND('',#6335,.T.);
#6868=FACE_BOUND('',#6336,.T.);
#6869=FACE_BOUND('',#6337,.T.);
#6870=FACE_BOUND('',#6338,.T.);
#6871=FACE_BOUND('',#6339,.T.);
#6872=FACE_BOUND('',#6340,.T.);
#6873=FACE_BOUND('',#6341,.T.);
#6874=FACE_BOUND('',#6342,.T.);
#6875=FACE_BOUND('',#6343,.T.);
#6876=FACE_BOUND('',#6344,.T.);
#6877=FACE_BOUND('',#6345,.T.);
#6878=FACE_BOUND('',#6346,.T.);
#6879=FACE_BOUND('',#6347,.T.);
#6880=FACE_BOUND('',#6348,.T.);
#6881=FACE_BOUND('',#6349,.T.);
#6882=FACE_BOUND('',#6350,.T.);
#6883=FACE_BOUND('',#6351,.T.);
#6884=FACE_BOUND('',#6352,.T.);
#6885=FACE_BOUND('',#6353,.T.);
#6886=FACE_BOUND('',#6354,.T.);
#6887=FACE_BOUND('',#6355,.T.);
#6888=FACE_BOUND('',#6356,.T.);
#6889=FACE_BOUND('',#6357,.T.);
#6890=FACE_BOUND('',#6358,.T.);
#6891=FACE_BOUND('',#6359,.T.);
#6892=FACE_BOUND('',#6360,.T.);
#6893=FACE_BOUND('',#6361,.T.);
#6894=FACE_BOUND('',#6362,.T.);
#6895=FACE_BOUND('',#6363,.T.);
#6896=FACE_BOUND('',#6364,.T.);
#6897=FACE_BOUND('',#6365,.T.);
#6898=FACE_BOUND('',#6366,.T.);
#6899=FACE_BOUND('',#6367,.T.);
#6900=FACE_BOUND('',#6368,.T.);
#6901=FACE_BOUND('',#6369,.T.);
#6902=FACE_BOUND('',#6370,.T.);
#6903=FACE_BOUND('',#6371,.T.);
#6904=FACE_BOUND('',#6372,.T.);
#6905=FACE_BOUND('',#6373,.T.);
#6906=FACE_BOUND('',#6374,.T.);
#6907=FACE_BOUND('',#6375,.T.);
#6908=FACE_BOUND('',#6376,.T.);
#6909=FACE_BOUND('',#6377,.T.);
#6910=FACE_BOUND('',#6378,.T.);
#6911=FACE_BOUND('',#6379,.T.);
#6912=FACE_BOUND('',#6380,.T.);
#6913=FACE_BOUND('',#6381,.T.);
#6914=FACE_BOUND('',#6382,.T.);
#6915=FACE_BOUND('',#6383,.T.);
#6916=FACE_BOUND('',#6384,.T.);
#6917=FACE_BOUND('',#6385,.T.);
#6918=FACE_BOUND('',#6386,.T.);
#6919=FACE_BOUND('',#6387,.T.);
#6920=FACE_BOUND('',#6388,.T.);
#6921=FACE_BOUND('',#6389,.T.);
#6922=FACE_BOUND('',#6390,.T.);
#6923=FACE_BOUND('',#6391,.T.);
#6924=FACE_BOUND('',#6392,.T.);
#6925=FACE_BOUND('',#6393,.T.);
#6926=FACE_BOUND('',#6394,.T.);
#6927=FACE_BOUND('',#6395,.T.);
#6928=FACE_BOUND('',#6396,.T.);
#6929=FACE_BOUND('',#6397,.T.);
#6930=FACE_BOUND('',#6398,.T.);
#6931=FACE_BOUND('',#6399,.T.);
#6932=FACE_BOUND('',#6400,.T.);
#6933=FACE_BOUND('',#6401,.T.);
#6934=FACE_BOUND('',#6402,.T.);
#6935=FACE_BOUND('',#6403,.T.);
#6936=FACE_BOUND('',#6404,.T.);
#6937=FACE_BOUND('',#6405,.T.);
#6938=FACE_BOUND('',#6406,.T.);
#6939=FACE_BOUND('',#6407,.T.);
#6940=FACE_BOUND('',#6408,.T.);
#6941=FACE_BOUND('',#6409,.T.);
#6942=FACE_BOUND('',#6410,.T.);
#6943=FACE_BOUND('',#6411,.T.);
#6944=FACE_BOUND('',#6412,.T.);
#6945=FACE_BOUND('',#6413,.T.);
#6946=FACE_BOUND('',#6414,.T.);
#6947=FACE_BOUND('',#6415,.T.);
#6948=FACE_BOUND('',#6416,.T.);
#6949=FACE_BOUND('',#6417,.T.);
#6950=FACE_BOUND('',#6418,.T.);
#6951=FACE_BOUND('',#6419,.T.);
#6952=FACE_BOUND('',#6420,.T.);
#6953=FACE_BOUND('',#6421,.T.);
#6954=FACE_BOUND('',#6422,.T.);
#6955=FACE_BOUND('',#6423,.T.);
#6956=FACE_BOUND('',#6424,.T.);
#6957=FACE_BOUND('',#6425,.T.);
#6958=FACE_BOUND('',#6426,.T.);
#6959=FACE_BOUND('',#6427,.T.);
#6960=FACE_BOUND('',#6428,.T.);
#6961=FACE_BOUND('',#6429,.T.);
#6962=FACE_BOUND('',#6430,.T.);
#6963=FACE_BOUND('',#6431,.T.);
#6964=FACE_BOUND('',#6432,.T.);
#6965=FACE_BOUND('',#6433,.T.);
#6966=FACE_BOUND('',#6434,.T.);
#6967=FACE_BOUND('',#6435,.T.);
#6968=FACE_BOUND('',#6436,.T.);
#6969=FACE_BOUND('',#6437,.T.);
#6970=FACE_BOUND('',#6438,.T.);
#6971=FACE_BOUND('',#6439,.T.);
#6972=FACE_BOUND('',#6440,.T.);
#6973=FACE_BOUND('',#6441,.T.);
#6974=FACE_BOUND('',#6442,.T.);
#6975=FACE_BOUND('',#6443,.T.);
#6976=FACE_BOUND('',#6444,.T.);
#6977=FACE_BOUND('',#6445,.T.);
#6978=FACE_BOUND('',#6446,.T.);
#6979=FACE_BOUND('',#6447,.T.);
#6980=FACE_BOUND('',#6448,.T.);
#6981=FACE_BOUND('',#6449,.T.);
#6982=FACE_BOUND('',#6450,.T.);
#6983=FACE_BOUND('',#6451,.T.);
#6984=FACE_BOUND('',#6452,.T.);
#6985=FACE_BOUND('',#6453,.T.);
#6986=FACE_BOUND('',#6454,.T.);
#6987=FACE_BOUND('',#6455,.T.);
#6988=PLANE('',#7719);
#6989=PLANE('',#7742);
#6990=PLANE('',#7757);
#6991=PLANE('',#7759);
#6992=PLANE('',#7761);
#6993=PLANE('',#7763);
#6994=PLANE('',#7773);
#6995=PLANE('',#7777);
#6996=PLANE('',#7781);
#6997=PLANE('',#7785);
#6998=PLANE('',#7787);
#6999=PLANE('',#7790);
#7000=PLANE('',#7793);
#7001=PLANE('',#7796);
#7002=PLANE('',#7800);
#7003=PLANE('',#7802);
#7004=PLANE('',#7804);
#7005=PLANE('',#7806);
#7006=PLANE('',#7809);
#7007=PLANE('',#7813);
#7008=PLANE('',#7817);
#7009=PLANE('',#7821);
#7010=PLANE('',#7823);
#7011=PLANE('',#7826);
#7012=PLANE('',#7829);
#7013=PLANE('',#7832);
#7014=PLANE('',#7835);
#7015=PLANE('',#7836);
#7016=PLANE('',#7837);
#7017=PLANE('',#7838);
#7018=PLANE('',#7839);
#7019=PLANE('',#7840);
#7020=PLANE('',#7841);
#7021=PLANE('',#7842);
#7022=PLANE('',#7843);
#7023=PLANE('',#7844);
#7024=PLANE('',#7845);
#7025=PLANE('',#7846);
#7026=PLANE('',#7847);
#7027=PLANE('',#7848);
#7028=PLANE('',#7849);
#7029=PLANE('',#7850);
#7030=PLANE('',#7851);
#7031=PLANE('',#7852);
#7032=PLANE('',#7853);
#7033=PLANE('',#7854);
#7034=PLANE('',#7855);
#7035=PLANE('',#7856);
#7036=PLANE('',#7857);
#7037=PLANE('',#7858);
#7038=PLANE('',#7859);
#7039=PLANE('',#7860);
#7040=PLANE('',#7861);
#7041=PLANE('',#7862);
#7042=PLANE('',#7863);
#7043=PLANE('',#7864);
#7044=PLANE('',#7865);
#7045=PLANE('',#7866);
#7046=PLANE('',#7867);
#7047=PLANE('',#7868);
#7048=PLANE('',#7869);
#7049=PLANE('',#7870);
#7050=PLANE('',#7871);
#7051=PLANE('',#7872);
#7052=PLANE('',#7873);
#7053=PLANE('',#7874);
#7054=PLANE('',#7875);
#7055=PLANE('',#7876);
#7056=PLANE('',#7877);
#7057=PLANE('',#7878);
#7058=PLANE('',#7879);
#7059=PLANE('',#7880);
#7060=PLANE('',#7881);
#7061=PLANE('',#7882);
#7062=PLANE('',#7883);
#7063=PLANE('',#7884);
#7064=PLANE('',#7885);
#7065=PLANE('',#7886);
#7066=PLANE('',#7887);
#7067=PLANE('',#7888);
#7068=PLANE('',#7889);
#7069=PLANE('',#7890);
#7070=PLANE('',#7891);
#7071=PLANE('',#7892);
#7072=PLANE('',#7893);
#7073=PLANE('',#7894);
#7074=PLANE('',#7895);
#7075=PLANE('',#7896);
#7076=PLANE('',#7897);
#7077=PLANE('',#7898);
#7078=PLANE('',#7899);
#7079=PLANE('',#7900);
#7080=PLANE('',#7901);
#7081=PLANE('',#7902);
#7082=PLANE('',#7903);
#7083=PLANE('',#7904);
#7084=PLANE('',#7905);
#7085=PLANE('',#7906);
#7086=PLANE('',#7907);
#7087=PLANE('',#7908);
#7088=PLANE('',#7909);
#7089=PLANE('',#7910);
#7090=PLANE('',#7911);
#7091=PLANE('',#7912);
#7092=PLANE('',#7913);
#7093=PLANE('',#7914);
#7094=PLANE('',#7915);
#7095=PLANE('',#7916);
#7096=PLANE('',#7917);
#7097=PLANE('',#7918);
#7098=PLANE('',#7919);
#7099=PLANE('',#7920);
#7100=PLANE('',#7921);
#7101=PLANE('',#7922);
#7102=PLANE('',#7923);
#7103=PLANE('',#7924);
#7104=PLANE('',#7925);
#7105=PLANE('',#7926);
#7106=PLANE('',#7927);
#7107=PLANE('',#7928);
#7108=PLANE('',#7929);
#7109=PLANE('',#7930);
#7110=PLANE('',#7931);
#7111=PLANE('',#7932);
#7112=PLANE('',#7933);
#7113=PLANE('',#7934);
#7114=PLANE('',#7935);
#7115=PLANE('',#7936);
#7116=PLANE('',#7937);
#7117=PLANE('',#7938);
#7118=PLANE('',#7939);
#7119=PLANE('',#7940);
#7120=PLANE('',#7941);
#7121=PLANE('',#7942);
#7122=PLANE('',#7943);
#7123=PLANE('',#7944);
#7124=PLANE('',#7945);
#7125=PLANE('',#7946);
#7126=PLANE('',#7947);
#7127=PLANE('',#7948);
#7128=PLANE('',#7949);
#7129=PLANE('',#7950);
#7130=PLANE('',#7951);
#7131=PLANE('',#7952);
#7132=PLANE('',#7953);
#7133=PLANE('',#7954);
#7134=PLANE('',#7955);
#7135=PLANE('',#7956);
#7136=PLANE('',#7957);
#7137=PLANE('',#7958);
#7138=PLANE('',#7959);
#7139=PLANE('',#7960);
#7140=PLANE('',#7961);
#7141=PLANE('',#7962);
#7142=PLANE('',#7963);
#7143=PLANE('',#7964);
#7144=PLANE('',#7965);
#7145=PLANE('',#7966);
#7146=PLANE('',#7967);
#7147=PLANE('',#7968);
#7148=PLANE('',#7969);
#7149=PLANE('',#7970);
#7150=PLANE('',#7971);
#7151=PLANE('',#7972);
#7152=PLANE('',#7973);
#7153=PLANE('',#7974);
#7154=PLANE('',#7975);
#7155=PLANE('',#7976);
#7156=PLANE('',#7977);
#7157=PLANE('',#7978);
#7158=PLANE('',#7979);
#7159=PLANE('',#7980);
#7160=PLANE('',#7981);
#7161=PLANE('',#7982);
#7162=PLANE('',#7983);
#7163=PLANE('',#7984);
#7164=PLANE('',#7985);
#7165=PLANE('',#7986);
#7166=PLANE('',#7987);
#7167=PLANE('',#7988);
#7168=PLANE('',#7989);
#7169=PLANE('',#7990);
#7170=PLANE('',#7991);
#7171=PLANE('',#7992);
#7172=PLANE('',#7993);
#7173=PLANE('',#7994);
#7174=PLANE('',#7995);
#7175=PLANE('',#7996);
#7176=PLANE('',#7997);
#7177=PLANE('',#7998);
#7178=PLANE('',#7999);
#7179=PLANE('',#8000);
#7180=PLANE('',#8001);
#7181=PLANE('',#8002);
#7182=PLANE('',#8003);
#7183=PLANE('',#8004);
#7184=PLANE('',#8005);
#7185=PLANE('',#8006);
#7186=PLANE('',#8007);
#7187=PLANE('',#8008);
#7188=PLANE('',#8009);
#7189=PLANE('',#8010);
#7190=PLANE('',#8011);
#7191=PLANE('',#8012);
#7192=PLANE('',#8013);
#7193=PLANE('',#8014);
#7194=PLANE('',#8015);
#7195=PLANE('',#8016);
#7196=PLANE('',#8017);
#7197=PLANE('',#8018);
#7198=PLANE('',#8019);
#7199=PLANE('',#8020);
#7200=PLANE('',#8021);
#7201=PLANE('',#8022);
#7202=PLANE('',#8023);
#7203=PLANE('',#8024);
#7204=PLANE('',#8025);
#7205=PLANE('',#8026);
#7206=PLANE('',#8027);
#7207=PLANE('',#8028);
#7208=PLANE('',#8029);
#7209=PLANE('',#8030);
#7210=PLANE('',#8031);
#7211=PLANE('',#8032);
#7212=PLANE('',#8033);
#7213=PLANE('',#8034);
#7214=PLANE('',#8035);
#7215=PLANE('',#8036);
#7216=PLANE('',#8037);
#7217=PLANE('',#8038);
#7218=PLANE('',#8039);
#7219=PLANE('',#8040);
#7220=PLANE('',#8041);
#7221=PLANE('',#8042);
#7222=PLANE('',#8043);
#7223=PLANE('',#8044);
#7224=PLANE('',#8045);
#7225=PLANE('',#8046);
#7226=PLANE('',#8047);
#7227=PLANE('',#8048);
#7228=PLANE('',#8049);
#7229=PLANE('',#8050);
#7230=PLANE('',#8051);
#7231=PLANE('',#8052);
#7232=PLANE('',#8053);
#7233=PLANE('',#8054);
#7234=PLANE('',#8055);
#7235=PLANE('',#8056);
#7236=PLANE('',#8057);
#7237=PLANE('',#8058);
#7238=PLANE('',#8059);
#7239=PLANE('',#8060);
#7240=PLANE('',#8061);
#7241=PLANE('',#8062);
#7242=PLANE('',#8063);
#7243=PLANE('',#8064);
#7244=PLANE('',#8065);
#7245=PLANE('',#8066);
#7246=PLANE('',#8067);
#7247=PLANE('',#8068);
#7248=PLANE('',#8069);
#7249=PLANE('',#8070);
#7250=PLANE('',#8071);
#7251=PLANE('',#8072);
#7252=PLANE('',#8073);
#7253=PLANE('',#8074);
#7254=PLANE('',#8075);
#7255=PLANE('',#8076);
#7256=PLANE('',#8077);
#7257=PLANE('',#8078);
#7258=PLANE('',#8079);
#7259=PLANE('',#8080);
#7260=PLANE('',#8081);
#7261=PLANE('',#8082);
#7262=PLANE('',#8083);
#7263=PLANE('',#8084);
#7264=PLANE('',#8085);
#7265=PLANE('',#8086);
#7266=PLANE('',#8087);
#7267=PLANE('',#8088);
#7268=PLANE('',#8089);
#7269=PLANE('',#8090);
#7270=PLANE('',#8091);
#7271=PLANE('',#8092);
#7272=PLANE('',#8093);
#7273=PLANE('',#8094);
#7274=PLANE('',#8095);
#7275=PLANE('',#8096);
#7276=PLANE('',#8097);
#7277=PLANE('',#8098);
#7278=PLANE('',#8099);
#7279=PLANE('',#8100);
#7280=PLANE('',#8101);
#7281=PLANE('',#8102);
#7282=PLANE('',#8103);
#7283=PLANE('',#8104);
#7284=PLANE('',#8105);
#7285=PLANE('',#8106);
#7286=PLANE('',#8107);
#7287=PLANE('',#8108);
#7288=PLANE('',#8109);
#7289=PLANE('',#8110);
#7290=PLANE('',#8111);
#7291=PLANE('',#8112);
#7292=PLANE('',#8113);
#7293=PLANE('',#8114);
#7294=PLANE('',#8115);
#7295=PLANE('',#8116);
#7296=PLANE('',#8117);
#7297=PLANE('',#8118);
#7298=PLANE('',#8119);
#7299=PLANE('',#8120);
#7300=PLANE('',#8121);
#7301=PLANE('',#8122);
#7302=PLANE('',#8123);
#7303=PLANE('',#8124);
#7304=PLANE('',#8125);
#7305=PLANE('',#8126);
#7306=PLANE('',#8127);
#7307=PLANE('',#8128);
#7308=PLANE('',#8129);
#7309=PLANE('',#8130);
#7310=PLANE('',#8131);
#7311=PLANE('',#8132);
#7312=PLANE('',#8133);
#7313=PLANE('',#8134);
#7314=PLANE('',#8135);
#7315=PLANE('',#8136);
#7316=PLANE('',#8137);
#7317=PLANE('',#8138);
#7318=PLANE('',#8139);
#7319=PLANE('',#8140);
#7320=PLANE('',#8141);
#7321=PLANE('',#8142);
#7322=PLANE('',#8143);
#7323=PLANE('',#8144);
#7324=PLANE('',#8145);
#7325=PLANE('',#8146);
#7326=PLANE('',#8147);
#7327=PLANE('',#8148);
#7328=PLANE('',#8149);
#7329=PLANE('',#8150);
#7330=PLANE('',#8151);
#7331=PLANE('',#8152);
#7332=ADVANCED_FACE('',(#6456,#6457,#6458,#6459,#6460,#6461,#6462,#6463,
#6464,#6465,#6466,#6467,#6468,#6469,#6470,#6471,#6472,#6473,#6474,#6475,
#6476,#6477,#6478,#6479,#6480,#6481,#6482,#6483,#6484,#6485,#6486,#6487,
#6488,#6489,#6490,#6491,#6492,#6493,#6494,#6495,#6496,#6497,#6498,#6499,
#6500,#6501,#6502,#6503,#6504,#6505,#6506,#6507,#6508,#6509,#6510,#6511,
#6512,#6513,#6514,#6515,#6516,#6517,#6518,#6519,#6520,#6521,#6522,#6523,
#6524),#6988,.T.);
#7333=ADVANCED_FACE('',(#6525,#6526,#6527,#6528,#6529,#6530,#6531,#6532,
#6533,#6534,#6535,#6536,#6537,#6538,#6539,#6540,#6541,#6542,#6543,#6544,
#6545,#6546,#6547,#6548,#6549,#6550,#6551,#6552,#6553,#6554,#6555,#6556,
#6557,#6558,#6559,#6560,#6561,#6562,#6563,#6564,#6565,#6566,#6567,#6568,
#6569,#6570,#6571,#6572,#6573,#6574,#6575,#6576,#6577,#6578,#6579,#6580,
#6581,#6582,#6583,#6584,#6585),#6989,.F.);
#7334=ADVANCED_FACE('',(#6586),#6990,.T.);
#7335=ADVANCED_FACE('',(#6587),#12,.T.);
#7336=ADVANCED_FACE('',(#6588),#6991,.T.);
#7337=ADVANCED_FACE('',(#6589),#13,.T.);
#7338=ADVANCED_FACE('',(#6590),#6992,.T.);
#7339=ADVANCED_FACE('',(#6591),#14,.T.);
#7340=ADVANCED_FACE('',(#6592),#6993,.T.);
#7341=ADVANCED_FACE('',(#6593),#15,.T.);
#7342=ADVANCED_FACE('',(#6594,#6595),#16,.F.);
#7343=ADVANCED_FACE('',(#6596,#6597),#17,.F.);
#7344=ADVANCED_FACE('',(#6598,#6599),#18,.F.);
#7345=ADVANCED_FACE('',(#6600,#6601),#19,.F.);
#7346=ADVANCED_FACE('',(#6602,#6603),#20,.F.);
#7347=ADVANCED_FACE('',(#6604,#6605),#21,.F.);
#7348=ADVANCED_FACE('',(#6606,#6607),#22,.F.);
#7349=ADVANCED_FACE('',(#6608,#6609),#6994,.T.);
#7350=ADVANCED_FACE('',(#6610,#6611),#23,.F.);
#7351=ADVANCED_FACE('',(#6612,#6613),#6995,.T.);
#7352=ADVANCED_FACE('',(#6614,#6615),#24,.F.);
#7353=ADVANCED_FACE('',(#6616,#6617),#6996,.T.);
#7354=ADVANCED_FACE('',(#6618,#6619),#25,.F.);
#7355=ADVANCED_FACE('',(#6620,#6621),#6997,.T.);
#7356=ADVANCED_FACE('',(#6622),#6998,.T.);
#7357=ADVANCED_FACE('',(#6623,#6624),#26,.F.);
#7358=ADVANCED_FACE('',(#6625),#6999,.T.);
#7359=ADVANCED_FACE('',(#6626,#6627),#27,.F.);
#7360=ADVANCED_FACE('',(#6628),#7000,.T.);
#7361=ADVANCED_FACE('',(#6629,#6630),#28,.F.);
#7362=ADVANCED_FACE('',(#6631),#7001,.T.);
#7363=ADVANCED_FACE('',(#6632,#6633),#29,.F.);
#7364=ADVANCED_FACE('',(#6634),#30,.F.);
#7365=ADVANCED_FACE('',(#6635),#7002,.T.);
#7366=ADVANCED_FACE('',(#6636),#31,.F.);
#7367=ADVANCED_FACE('',(#6637),#7003,.T.);
#7368=ADVANCED_FACE('',(#6638),#32,.F.);
#7369=ADVANCED_FACE('',(#6639),#7004,.F.);
#7370=ADVANCED_FACE('',(#6640),#33,.F.);
#7371=ADVANCED_FACE('',(#6641),#7005,.F.);
#7372=ADVANCED_FACE('',(#6642,#6643),#34,.F.);
#7373=ADVANCED_FACE('',(#6644,#6645),#7006,.T.);
#7374=ADVANCED_FACE('',(#6646,#6647),#35,.F.);
#7375=ADVANCED_FACE('',(#6648,#6649),#7007,.T.);
#7376=ADVANCED_FACE('',(#6650,#6651),#36,.F.);
#7377=ADVANCED_FACE('',(#6652,#6653),#7008,.T.);
#7378=ADVANCED_FACE('',(#6654,#6655),#37,.F.);
#7379=ADVANCED_FACE('',(#6656,#6657),#7009,.T.);
#7380=ADVANCED_FACE('',(#6658),#7010,.T.);
#7381=ADVANCED_FACE('',(#6659,#6660),#38,.F.);
#7382=ADVANCED_FACE('',(#6661),#7011,.T.);
#7383=ADVANCED_FACE('',(#6662,#6663),#39,.F.);
#7384=ADVANCED_FACE('',(#6664),#7012,.T.);
#7385=ADVANCED_FACE('',(#6665,#6666),#40,.F.);
#7386=ADVANCED_FACE('',(#6667),#7013,.T.);
#7387=ADVANCED_FACE('',(#6668,#6669),#41,.F.);
#7388=ADVANCED_FACE('',(#6670),#7014,.F.);
#7389=ADVANCED_FACE('',(#6671),#7015,.F.);
#7390=ADVANCED_FACE('',(#6672),#7016,.F.);
#7391=ADVANCED_FACE('',(#6673),#7017,.F.);
#7392=ADVANCED_FACE('',(#6674),#7018,.F.);
#7393=ADVANCED_FACE('',(#6675),#7019,.F.);
#7394=ADVANCED_FACE('',(#6676),#7020,.F.);
#7395=ADVANCED_FACE('',(#6677),#7021,.F.);
#7396=ADVANCED_FACE('',(#6678),#7022,.F.);
#7397=ADVANCED_FACE('',(#6679),#7023,.F.);
#7398=ADVANCED_FACE('',(#6680),#7024,.F.);
#7399=ADVANCED_FACE('',(#6681),#7025,.F.);
#7400=ADVANCED_FACE('',(#6682),#7026,.F.);
#7401=ADVANCED_FACE('',(#6683),#7027,.F.);
#7402=ADVANCED_FACE('',(#6684),#7028,.F.);
#7403=ADVANCED_FACE('',(#6685),#7029,.F.);
#7404=ADVANCED_FACE('',(#6686),#7030,.F.);
#7405=ADVANCED_FACE('',(#6687),#7031,.F.);
#7406=ADVANCED_FACE('',(#6688),#7032,.F.);
#7407=ADVANCED_FACE('',(#6689),#7033,.F.);
#7408=ADVANCED_FACE('',(#6690),#7034,.F.);
#7409=ADVANCED_FACE('',(#6691),#7035,.F.);
#7410=ADVANCED_FACE('',(#6692),#7036,.F.);
#7411=ADVANCED_FACE('',(#6693),#7037,.F.);
#7412=ADVANCED_FACE('',(#6694),#7038,.F.);
#7413=ADVANCED_FACE('',(#6695),#7039,.F.);
#7414=ADVANCED_FACE('',(#6696),#7040,.F.);
#7415=ADVANCED_FACE('',(#6697),#7041,.F.);
#7416=ADVANCED_FACE('',(#6698),#7042,.F.);
#7417=ADVANCED_FACE('',(#6699),#7043,.F.);
#7418=ADVANCED_FACE('',(#6700),#7044,.F.);
#7419=ADVANCED_FACE('',(#6701),#7045,.F.);
#7420=ADVANCED_FACE('',(#6702),#7046,.F.);
#7421=ADVANCED_FACE('',(#6703),#7047,.F.);
#7422=ADVANCED_FACE('',(#6704),#7048,.F.);
#7423=ADVANCED_FACE('',(#6705),#7049,.F.);
#7424=ADVANCED_FACE('',(#6706),#7050,.F.);
#7425=ADVANCED_FACE('',(#6707),#7051,.F.);
#7426=ADVANCED_FACE('',(#6708),#7052,.F.);
#7427=ADVANCED_FACE('',(#6709),#7053,.F.);
#7428=ADVANCED_FACE('',(#6710),#7054,.F.);
#7429=ADVANCED_FACE('',(#6711),#7055,.F.);
#7430=ADVANCED_FACE('',(#6712),#7056,.F.);
#7431=ADVANCED_FACE('',(#6713),#7057,.F.);
#7432=ADVANCED_FACE('',(#6714),#7058,.F.);
#7433=ADVANCED_FACE('',(#6715),#7059,.F.);
#7434=ADVANCED_FACE('',(#6716),#7060,.F.);
#7435=ADVANCED_FACE('',(#6717),#7061,.F.);
#7436=ADVANCED_FACE('',(#6718),#7062,.F.);
#7437=ADVANCED_FACE('',(#6719),#7063,.F.);
#7438=ADVANCED_FACE('',(#6720),#7064,.F.);
#7439=ADVANCED_FACE('',(#6721),#7065,.F.);
#7440=ADVANCED_FACE('',(#6722),#7066,.F.);
#7441=ADVANCED_FACE('',(#6723),#7067,.F.);
#7442=ADVANCED_FACE('',(#6724),#7068,.F.);
#7443=ADVANCED_FACE('',(#6725),#7069,.F.);
#7444=ADVANCED_FACE('',(#6726),#7070,.F.);
#7445=ADVANCED_FACE('',(#6727),#7071,.F.);
#7446=ADVANCED_FACE('',(#6728),#7072,.F.);
#7447=ADVANCED_FACE('',(#6729),#7073,.F.);
#7448=ADVANCED_FACE('',(#6730),#7074,.F.);
#7449=ADVANCED_FACE('',(#6731),#7075,.F.);
#7450=ADVANCED_FACE('',(#6732),#7076,.F.);
#7451=ADVANCED_FACE('',(#6733),#7077,.F.);
#7452=ADVANCED_FACE('',(#6734),#7078,.F.);
#7453=ADVANCED_FACE('',(#6735),#7079,.F.);
#7454=ADVANCED_FACE('',(#6736),#7080,.F.);
#7455=ADVANCED_FACE('',(#6737),#7081,.F.);
#7456=ADVANCED_FACE('',(#6738),#7082,.F.);
#7457=ADVANCED_FACE('',(#6739),#7083,.F.);
#7458=ADVANCED_FACE('',(#6740),#7084,.F.);
#7459=ADVANCED_FACE('',(#6741),#7085,.F.);
#7460=ADVANCED_FACE('',(#6742),#7086,.F.);
#7461=ADVANCED_FACE('',(#6743),#7087,.F.);
#7462=ADVANCED_FACE('',(#6744),#7088,.F.);
#7463=ADVANCED_FACE('',(#6745),#7089,.F.);
#7464=ADVANCED_FACE('',(#6746),#7090,.F.);
#7465=ADVANCED_FACE('',(#6747),#7091,.F.);
#7466=ADVANCED_FACE('',(#6748),#7092,.F.);
#7467=ADVANCED_FACE('',(#6749),#7093,.F.);
#7468=ADVANCED_FACE('',(#6750),#7094,.F.);
#7469=ADVANCED_FACE('',(#6751),#7095,.F.);
#7470=ADVANCED_FACE('',(#6752),#7096,.F.);
#7471=ADVANCED_FACE('',(#6753),#7097,.F.);
#7472=ADVANCED_FACE('',(#6754),#7098,.F.);
#7473=ADVANCED_FACE('',(#6755),#7099,.F.);
#7474=ADVANCED_FACE('',(#6756),#7100,.F.);
#7475=ADVANCED_FACE('',(#6757),#7101,.F.);
#7476=ADVANCED_FACE('',(#6758),#7102,.F.);
#7477=ADVANCED_FACE('',(#6759),#7103,.F.);
#7478=ADVANCED_FACE('',(#6760),#7104,.F.);
#7479=ADVANCED_FACE('',(#6761),#7105,.F.);
#7480=ADVANCED_FACE('',(#6762),#7106,.F.);
#7481=ADVANCED_FACE('',(#6763),#7107,.F.);
#7482=ADVANCED_FACE('',(#6764),#7108,.F.);
#7483=ADVANCED_FACE('',(#6765),#7109,.F.);
#7484=ADVANCED_FACE('',(#6766),#7110,.F.);
#7485=ADVANCED_FACE('',(#6767),#7111,.F.);
#7486=ADVANCED_FACE('',(#6768),#7112,.F.);
#7487=ADVANCED_FACE('',(#6769),#7113,.F.);
#7488=ADVANCED_FACE('',(#6770),#7114,.F.);
#7489=ADVANCED_FACE('',(#6771),#7115,.F.);
#7490=ADVANCED_FACE('',(#6772),#7116,.F.);
#7491=ADVANCED_FACE('',(#6773),#7117,.F.);
#7492=ADVANCED_FACE('',(#6774),#7118,.F.);
#7493=ADVANCED_FACE('',(#6775),#7119,.F.);
#7494=ADVANCED_FACE('',(#6776),#7120,.F.);
#7495=ADVANCED_FACE('',(#6777),#7121,.F.);
#7496=ADVANCED_FACE('',(#6778),#7122,.F.);
#7497=ADVANCED_FACE('',(#6779),#7123,.F.);
#7498=ADVANCED_FACE('',(#6780),#7124,.F.);
#7499=ADVANCED_FACE('',(#6781),#7125,.F.);
#7500=ADVANCED_FACE('',(#6782),#7126,.F.);
#7501=ADVANCED_FACE('',(#6783),#7127,.F.);
#7502=ADVANCED_FACE('',(#6784),#7128,.F.);
#7503=ADVANCED_FACE('',(#6785),#7129,.F.);
#7504=ADVANCED_FACE('',(#6786),#7130,.F.);
#7505=ADVANCED_FACE('',(#6787),#7131,.F.);
#7506=ADVANCED_FACE('',(#6788),#7132,.F.);
#7507=ADVANCED_FACE('',(#6789),#7133,.F.);
#7508=ADVANCED_FACE('',(#6790),#7134,.F.);
#7509=ADVANCED_FACE('',(#6791),#7135,.F.);
#7510=ADVANCED_FACE('',(#6792),#7136,.F.);
#7511=ADVANCED_FACE('',(#6793),#7137,.F.);
#7512=ADVANCED_FACE('',(#6794),#7138,.F.);
#7513=ADVANCED_FACE('',(#6795),#7139,.F.);
#7514=ADVANCED_FACE('',(#6796),#7140,.F.);
#7515=ADVANCED_FACE('',(#6797),#7141,.F.);
#7516=ADVANCED_FACE('',(#6798),#7142,.F.);
#7517=ADVANCED_FACE('',(#6799),#7143,.F.);
#7518=ADVANCED_FACE('',(#6800),#7144,.F.);
#7519=ADVANCED_FACE('',(#6801),#7145,.F.);
#7520=ADVANCED_FACE('',(#6802),#7146,.F.);
#7521=ADVANCED_FACE('',(#6803),#7147,.F.);
#7522=ADVANCED_FACE('',(#6804),#7148,.F.);
#7523=ADVANCED_FACE('',(#6805),#7149,.F.);
#7524=ADVANCED_FACE('',(#6806),#7150,.F.);
#7525=ADVANCED_FACE('',(#6807),#7151,.F.);
#7526=ADVANCED_FACE('',(#6808),#7152,.F.);
#7527=ADVANCED_FACE('',(#6809),#7153,.F.);
#7528=ADVANCED_FACE('',(#6810),#7154,.F.);
#7529=ADVANCED_FACE('',(#6811),#7155,.F.);
#7530=ADVANCED_FACE('',(#6812),#7156,.F.);
#7531=ADVANCED_FACE('',(#6813),#7157,.F.);
#7532=ADVANCED_FACE('',(#6814),#7158,.F.);
#7533=ADVANCED_FACE('',(#6815),#7159,.F.);
#7534=ADVANCED_FACE('',(#6816),#7160,.F.);
#7535=ADVANCED_FACE('',(#6817),#7161,.F.);
#7536=ADVANCED_FACE('',(#6818),#7162,.F.);
#7537=ADVANCED_FACE('',(#6819),#7163,.F.);
#7538=ADVANCED_FACE('',(#6820),#7164,.F.);
#7539=ADVANCED_FACE('',(#6821),#7165,.F.);
#7540=ADVANCED_FACE('',(#6822),#7166,.F.);
#7541=ADVANCED_FACE('',(#6823),#7167,.F.);
#7542=ADVANCED_FACE('',(#6824),#7168,.F.);
#7543=ADVANCED_FACE('',(#6825),#7169,.F.);
#7544=ADVANCED_FACE('',(#6826),#7170,.F.);
#7545=ADVANCED_FACE('',(#6827),#7171,.F.);
#7546=ADVANCED_FACE('',(#6828),#7172,.F.);
#7547=ADVANCED_FACE('',(#6829),#7173,.F.);
#7548=ADVANCED_FACE('',(#6830),#7174,.F.);
#7549=ADVANCED_FACE('',(#6831),#7175,.F.);
#7550=ADVANCED_FACE('',(#6832),#7176,.F.);
#7551=ADVANCED_FACE('',(#6833),#7177,.F.);
#7552=ADVANCED_FACE('',(#6834),#7178,.F.);
#7553=ADVANCED_FACE('',(#6835),#7179,.F.);
#7554=ADVANCED_FACE('',(#6836),#7180,.F.);
#7555=ADVANCED_FACE('',(#6837),#7181,.F.);
#7556=ADVANCED_FACE('',(#6838),#7182,.F.);
#7557=ADVANCED_FACE('',(#6839),#7183,.F.);
#7558=ADVANCED_FACE('',(#6840),#7184,.F.);
#7559=ADVANCED_FACE('',(#6841),#7185,.F.);
#7560=ADVANCED_FACE('',(#6842),#7186,.F.);
#7561=ADVANCED_FACE('',(#6843),#7187,.F.);
#7562=ADVANCED_FACE('',(#6844),#7188,.F.);
#7563=ADVANCED_FACE('',(#6845),#7189,.F.);
#7564=ADVANCED_FACE('',(#6846),#7190,.F.);
#7565=ADVANCED_FACE('',(#6847),#7191,.F.);
#7566=ADVANCED_FACE('',(#6848),#7192,.F.);
#7567=ADVANCED_FACE('',(#6849),#7193,.F.);
#7568=ADVANCED_FACE('',(#6850),#7194,.F.);
#7569=ADVANCED_FACE('',(#6851),#7195,.F.);
#7570=ADVANCED_FACE('',(#6852),#7196,.F.);
#7571=ADVANCED_FACE('',(#6853),#7197,.F.);
#7572=ADVANCED_FACE('',(#6854),#7198,.F.);
#7573=ADVANCED_FACE('',(#6855),#7199,.F.);
#7574=ADVANCED_FACE('',(#6856),#7200,.F.);
#7575=ADVANCED_FACE('',(#6857),#7201,.F.);
#7576=ADVANCED_FACE('',(#6858),#7202,.F.);
#7577=ADVANCED_FACE('',(#6859),#7203,.F.);
#7578=ADVANCED_FACE('',(#6860),#7204,.F.);
#7579=ADVANCED_FACE('',(#6861),#7205,.F.);
#7580=ADVANCED_FACE('',(#6862),#7206,.F.);
#7581=ADVANCED_FACE('',(#6863),#7207,.F.);
#7582=ADVANCED_FACE('',(#6864),#7208,.F.);
#7583=ADVANCED_FACE('',(#6865),#7209,.F.);
#7584=ADVANCED_FACE('',(#6866),#7210,.F.);
#7585=ADVANCED_FACE('',(#6867),#7211,.F.);
#7586=ADVANCED_FACE('',(#6868),#7212,.F.);
#7587=ADVANCED_FACE('',(#6869),#7213,.F.);
#7588=ADVANCED_FACE('',(#6870),#7214,.F.);
#7589=ADVANCED_FACE('',(#6871),#7215,.F.);
#7590=ADVANCED_FACE('',(#6872),#7216,.F.);
#7591=ADVANCED_FACE('',(#6873),#7217,.F.);
#7592=ADVANCED_FACE('',(#6874),#7218,.F.);
#7593=ADVANCED_FACE('',(#6875),#7219,.F.);
#7594=ADVANCED_FACE('',(#6876),#7220,.F.);
#7595=ADVANCED_FACE('',(#6877),#7221,.F.);
#7596=ADVANCED_FACE('',(#6878),#7222,.F.);
#7597=ADVANCED_FACE('',(#6879),#7223,.F.);
#7598=ADVANCED_FACE('',(#6880),#7224,.F.);
#7599=ADVANCED_FACE('',(#6881),#7225,.F.);
#7600=ADVANCED_FACE('',(#6882),#7226,.F.);
#7601=ADVANCED_FACE('',(#6883),#7227,.F.);
#7602=ADVANCED_FACE('',(#6884),#7228,.F.);
#7603=ADVANCED_FACE('',(#6885),#7229,.F.);
#7604=ADVANCED_FACE('',(#6886),#7230,.F.);
#7605=ADVANCED_FACE('',(#6887),#7231,.F.);
#7606=ADVANCED_FACE('',(#6888),#7232,.F.);
#7607=ADVANCED_FACE('',(#6889),#7233,.F.);
#7608=ADVANCED_FACE('',(#6890),#7234,.F.);
#7609=ADVANCED_FACE('',(#6891),#7235,.F.);
#7610=ADVANCED_FACE('',(#6892),#7236,.F.);
#7611=ADVANCED_FACE('',(#6893),#7237,.F.);
#7612=ADVANCED_FACE('',(#6894),#7238,.F.);
#7613=ADVANCED_FACE('',(#6895),#7239,.F.);
#7614=ADVANCED_FACE('',(#6896),#7240,.F.);
#7615=ADVANCED_FACE('',(#6897),#7241,.F.);
#7616=ADVANCED_FACE('',(#6898),#7242,.F.);
#7617=ADVANCED_FACE('',(#6899),#7243,.F.);
#7618=ADVANCED_FACE('',(#6900),#7244,.F.);
#7619=ADVANCED_FACE('',(#6901),#7245,.F.);
#7620=ADVANCED_FACE('',(#6902),#7246,.F.);
#7621=ADVANCED_FACE('',(#6903),#7247,.F.);
#7622=ADVANCED_FACE('',(#6904),#7248,.F.);
#7623=ADVANCED_FACE('',(#6905),#7249,.F.);
#7624=ADVANCED_FACE('',(#6906),#7250,.F.);
#7625=ADVANCED_FACE('',(#6907),#7251,.F.);
#7626=ADVANCED_FACE('',(#6908),#7252,.F.);
#7627=ADVANCED_FACE('',(#6909),#7253,.F.);
#7628=ADVANCED_FACE('',(#6910),#7254,.F.);
#7629=ADVANCED_FACE('',(#6911),#7255,.F.);
#7630=ADVANCED_FACE('',(#6912),#7256,.F.);
#7631=ADVANCED_FACE('',(#6913),#7257,.F.);
#7632=ADVANCED_FACE('',(#6914),#7258,.F.);
#7633=ADVANCED_FACE('',(#6915),#7259,.F.);
#7634=ADVANCED_FACE('',(#6916),#7260,.F.);
#7635=ADVANCED_FACE('',(#6917),#7261,.F.);
#7636=ADVANCED_FACE('',(#6918),#7262,.F.);
#7637=ADVANCED_FACE('',(#6919),#7263,.F.);
#7638=ADVANCED_FACE('',(#6920),#7264,.F.);
#7639=ADVANCED_FACE('',(#6921),#7265,.F.);
#7640=ADVANCED_FACE('',(#6922),#7266,.F.);
#7641=ADVANCED_FACE('',(#6923),#7267,.F.);
#7642=ADVANCED_FACE('',(#6924),#7268,.F.);
#7643=ADVANCED_FACE('',(#6925),#7269,.F.);
#7644=ADVANCED_FACE('',(#6926),#7270,.F.);
#7645=ADVANCED_FACE('',(#6927),#7271,.F.);
#7646=ADVANCED_FACE('',(#6928),#7272,.F.);
#7647=ADVANCED_FACE('',(#6929),#7273,.F.);
#7648=ADVANCED_FACE('',(#6930),#7274,.F.);
#7649=ADVANCED_FACE('',(#6931),#7275,.F.);
#7650=ADVANCED_FACE('',(#6932),#7276,.F.);
#7651=ADVANCED_FACE('',(#6933),#7277,.F.);
#7652=ADVANCED_FACE('',(#6934),#7278,.F.);
#7653=ADVANCED_FACE('',(#6935),#7279,.F.);
#7654=ADVANCED_FACE('',(#6936),#7280,.F.);
#7655=ADVANCED_FACE('',(#6937),#7281,.F.);
#7656=ADVANCED_FACE('',(#6938),#7282,.F.);
#7657=ADVANCED_FACE('',(#6939),#7283,.F.);
#7658=ADVANCED_FACE('',(#6940),#7284,.F.);
#7659=ADVANCED_FACE('',(#6941),#7285,.F.);
#7660=ADVANCED_FACE('',(#6942),#7286,.F.);
#7661=ADVANCED_FACE('',(#6943),#7287,.F.);
#7662=ADVANCED_FACE('',(#6944),#7288,.F.);
#7663=ADVANCED_FACE('',(#6945),#7289,.F.);
#7664=ADVANCED_FACE('',(#6946),#7290,.F.);
#7665=ADVANCED_FACE('',(#6947),#7291,.F.);
#7666=ADVANCED_FACE('',(#6948),#7292,.F.);
#7667=ADVANCED_FACE('',(#6949),#7293,.F.);
#7668=ADVANCED_FACE('',(#6950),#7294,.F.);
#7669=ADVANCED_FACE('',(#6951),#7295,.F.);
#7670=ADVANCED_FACE('',(#6952),#7296,.F.);
#7671=ADVANCED_FACE('',(#6953),#7297,.F.);
#7672=ADVANCED_FACE('',(#6954),#7298,.F.);
#7673=ADVANCED_FACE('',(#6955),#7299,.F.);
#7674=ADVANCED_FACE('',(#6956),#7300,.F.);
#7675=ADVANCED_FACE('',(#6957),#7301,.F.);
#7676=ADVANCED_FACE('',(#6958),#7302,.F.);
#7677=ADVANCED_FACE('',(#6959),#7303,.F.);
#7678=ADVANCED_FACE('',(#6960),#7304,.F.);
#7679=ADVANCED_FACE('',(#6961),#7305,.F.);
#7680=ADVANCED_FACE('',(#6962),#7306,.F.);
#7681=ADVANCED_FACE('',(#6963),#7307,.F.);
#7682=ADVANCED_FACE('',(#6964),#7308,.F.);
#7683=ADVANCED_FACE('',(#6965),#7309,.F.);
#7684=ADVANCED_FACE('',(#6966),#7310,.F.);
#7685=ADVANCED_FACE('',(#6967),#7311,.F.);
#7686=ADVANCED_FACE('',(#6968),#7312,.F.);
#7687=ADVANCED_FACE('',(#6969),#7313,.F.);
#7688=ADVANCED_FACE('',(#6970),#7314,.F.);
#7689=ADVANCED_FACE('',(#6971),#7315,.F.);
#7690=ADVANCED_FACE('',(#6972),#7316,.F.);
#7691=ADVANCED_FACE('',(#6973),#7317,.F.);
#7692=ADVANCED_FACE('',(#6974),#7318,.F.);
#7693=ADVANCED_FACE('',(#6975),#7319,.F.);
#7694=ADVANCED_FACE('',(#6976),#7320,.F.);
#7695=ADVANCED_FACE('',(#6977),#7321,.F.);
#7696=ADVANCED_FACE('',(#6978),#7322,.F.);
#7697=ADVANCED_FACE('',(#6979),#7323,.F.);
#7698=ADVANCED_FACE('',(#6980),#7324,.F.);
#7699=ADVANCED_FACE('',(#6981),#7325,.F.);
#7700=ADVANCED_FACE('',(#6982),#7326,.F.);
#7701=ADVANCED_FACE('',(#6983),#7327,.F.);
#7702=ADVANCED_FACE('',(#6984),#7328,.F.);
#7703=ADVANCED_FACE('',(#6985),#7329,.F.);
#7704=ADVANCED_FACE('',(#6986),#7330,.F.);
#7705=ADVANCED_FACE('',(#6987),#7331,.F.);
#7706=CLOSED_SHELL('',(#7332,#7333,#7334,#7335,#7336,#7337,#7338,#7339,
#7340,#7341,#7342,#7343,#7344,#7345,#7346,#7347,#7348,#7349,#7350,#7351,
#7352,#7353,#7354,#7355,#7356,#7357,#7358,#7359,#7360,#7361,#7362,#7363,
#7364,#7365,#7366,#7367,#7368,#7369,#7370,#7371,#7372,#7373,#7374,#7375,
#7376,#7377,#7378,#7379,#7380,#7381,#7382,#7383,#7384,#7385,#7386,#7387,
#7388,#7389,#7390,#7391,#7392,#7393,#7394,#7395,#7396,#7397,#7398,#7399,
#7400,#7401,#7402,#7403,#7404,#7405,#7406,#7407,#7408,#7409,#7410,#7411,
#7412,#7413,#7414,#7415,#7416,#7417,#7418,#7419,#7420,#7421,#7422,#7423,
#7424,#7425,#7426,#7427,#7428,#7429,#7430,#7431,#7432,#7433,#7434,#7435,
#7436,#7437,#7438,#7439,#7440,#7441,#7442,#7443,#7444,#7445,#7446,#7447,
#7448,#7449,#7450,#7451,#7452,#7453,#7454,#7455,#7456,#7457,#7458,#7459,
#7460,#7461,#7462,#7463,#7464,#7465,#7466,#7467,#7468,#7469,#7470,#7471,
#7472,#7473,#7474,#7475,#7476,#7477,#7478,#7479,#7480,#7481,#7482,#7483,
#7484,#7485,#7486,#7487,#7488,#7489,#7490,#7491,#7492,#7493,#7494,#7495,
#7496,#7497,#7498,#7499,#7500,#7501,#7502,#7503,#7504,#7505,#7506,#7507,
#7508,#7509,#7510,#7511,#7512,#7513,#7514,#7515,#7516,#7517,#7518,#7519,
#7520,#7521,#7522,#7523,#7524,#7525,#7526,#7527,#7528,#7529,#7530,#7531,
#7532,#7533,#7534,#7535,#7536,#7537,#7538,#7539,#7540,#7541,#7542,#7543,
#7544,#7545,#7546,#7547,#7548,#7549,#7550,#7551,#7552,#7553,#7554,#7555,
#7556,#7557,#7558,#7559,#7560,#7561,#7562,#7563,#7564,#7565,#7566,#7567,
#7568,#7569,#7570,#7571,#7572,#7573,#7574,#7575,#7576,#7577,#7578,#7579,
#7580,#7581,#7582,#7583,#7584,#7585,#7586,#7587,#7588,#7589,#7590,#7591,
#7592,#7593,#7594,#7595,#7596,#7597,#7598,#7599,#7600,#7601,#7602,#7603,
#7604,#7605,#7606,#7607,#7608,#7609,#7610,#7611,#7612,#7613,#7614,#7615,
#7616,#7617,#7618,#7619,#7620,#7621,#7622,#7623,#7624,#7625,#7626,#7627,
#7628,#7629,#7630,#7631,#7632,#7633,#7634,#7635,#7636,#7637,#7638,#7639,
#7640,#7641,#7642,#7643,#7644,#7645,#7646,#7647,#7648,#7649,#7650,#7651,
#7652,#7653,#7654,#7655,#7656,#7657,#7658,#7659,#7660,#7661,#7662,#7663,
#7664,#7665,#7666,#7667,#7668,#7669,#7670,#7671,#7672,#7673,#7674,#7675,
#7676,#7677,#7678,#7679,#7680,#7681,#7682,#7683,#7684,#7685,#7686,#7687,
#7688,#7689,#7690,#7691,#7692,#7693,#7694,#7695,#7696,#7697,#7698,#7699,
#7700,#7701,#7702,#7703,#7704,#7705));
#7707=STYLED_ITEM('',(#7708),#7715);
#7708=PRESENTATION_STYLE_ASSIGNMENT((#7709));
#7709=SURFACE_STYLE_USAGE(.BOTH.,#7710);
#7710=SURFACE_SIDE_STYLE('',(#7711));
#7711=SURFACE_STYLE_FILL_AREA(#7712);
#7712=FILL_AREA_STYLE('',(#7713));
#7713=FILL_AREA_STYLE_COLOUR('',#7714);
#7714=COLOUR_RGB('',0.231372549019608,0.380392156862745,0.705882352941177);
#7715=MANIFOLD_SOLID_BREP('Part 3',#7706);
#7716=SHAPE_DEFINITION_REPRESENTATION(#12148,#7717);
#7717=SHAPE_REPRESENTATION('Part 3',(#7718),#12143);
#7718=AXIS2_PLACEMENT_3D('',#10009,#8153,#8154);
#7719=AXIS2_PLACEMENT_3D('',#10010,#8155,#8156);
#7720=AXIS2_PLACEMENT_3D('',#10647,#8475,#8476);
#7721=AXIS2_PLACEMENT_3D('',#10649,#8477,#8478);
#7722=AXIS2_PLACEMENT_3D('',#10654,#8480,#8481);
#7723=AXIS2_PLACEMENT_3D('',#10658,#8483,#8484);
#7724=AXIS2_PLACEMENT_3D('',#10662,#8486,#8487);
#7725=AXIS2_PLACEMENT_3D('',#10666,#8489,#8490);
#7726=AXIS2_PLACEMENT_3D('',#10667,#8491,#8492);
#7727=AXIS2_PLACEMENT_3D('',#10669,#8493,#8494);
#7728=AXIS2_PLACEMENT_3D('',#10671,#8495,#8496);
#7729=AXIS2_PLACEMENT_3D('',#10673,#8497,#8498);
#7730=AXIS2_PLACEMENT_3D('',#10675,#8499,#8500);
#7731=AXIS2_PLACEMENT_3D('',#10677,#8501,#8502);
#7732=AXIS2_PLACEMENT_3D('',#10679,#8503,#8504);
#7733=AXIS2_PLACEMENT_3D('',#10684,#8506,#8507);
#7734=AXIS2_PLACEMENT_3D('',#10688,#8509,#8510);
#7735=AXIS2_PLACEMENT_3D('',#10692,#8512,#8513);
#7736=AXIS2_PLACEMENT_3D('',#10696,#8515,#8516);
#7737=AXIS2_PLACEMENT_3D('',#10697,#8517,#8518);
#7738=AXIS2_PLACEMENT_3D('',#10699,#8519,#8520);
#7739=AXIS2_PLACEMENT_3D('',#10701,#8521,#8522);
#7740=AXIS2_PLACEMENT_3D('',#10703,#8523,#8524);
#7741=AXIS2_PLACEMENT_3D('',#10705,#8525,#8526);
#7742=AXIS2_PLACEMENT_3D('',#10707,#8527,#8528);
#7743=AXIS2_PLACEMENT_3D('',#11344,#8847,#8848);
#7744=AXIS2_PLACEMENT_3D('',#11349,#8850,#8851);
#7745=AXIS2_PLACEMENT_3D('',#11353,#8853,#8854);
#7746=AXIS2_PLACEMENT_3D('',#11357,#8856,#8857);
#7747=AXIS2_PLACEMENT_3D('',#11360,#8859,#8860);
#7748=AXIS2_PLACEMENT_3D('',#11362,#8861,#8862);
#7749=AXIS2_PLACEMENT_3D('',#11364,#8863,#8864);
#7750=AXIS2_PLACEMENT_3D('',#11369,#8866,#8867);
#7751=AXIS2_PLACEMENT_3D('',#11373,#8869,#8870);
#7752=AXIS2_PLACEMENT_3D('',#11377,#8872,#8873);
#7753=AXIS2_PLACEMENT_3D('',#11381,#8875,#8876);
#7754=AXIS2_PLACEMENT_3D('',#11382,#8877,#8878);
#7755=AXIS2_PLACEMENT_3D('',#11384,#8879,#8880);
#7756=AXIS2_PLACEMENT_3D('',#11386,#8881,#8882);
#7757=AXIS2_PLACEMENT_3D('',#11388,#8883,#8884);
#7758=AXIS2_PLACEMENT_3D('',#11391,#8887,#8888);
#7759=AXIS2_PLACEMENT_3D('',#11393,#8890,#8891);
#7760=AXIS2_PLACEMENT_3D('',#11395,#8893,#8894);
#7761=AXIS2_PLACEMENT_3D('',#11397,#8896,#8897);
#7762=AXIS2_PLACEMENT_3D('',#11399,#8899,#8900);
#7763=AXIS2_PLACEMENT_3D('',#11401,#8902,#8903);
#7764=AXIS2_PLACEMENT_3D('',#11403,#8905,#8906);
#7765=AXIS2_PLACEMENT_3D('',#11404,#8907,#8908);
#7766=AXIS2_PLACEMENT_3D('',#11405,#8909,#8910);
#7767=AXIS2_PLACEMENT_3D('',#11406,#8911,#8912);
#7768=AXIS2_PLACEMENT_3D('',#11407,#8913,#8914);
#7769=AXIS2_PLACEMENT_3D('',#11408,#8915,#8916);
#7770=AXIS2_PLACEMENT_3D('',#11409,#8917,#8918);
#7771=AXIS2_PLACEMENT_3D('',#11410,#8919,#8920);
#7772=AXIS2_PLACEMENT_3D('',#11411,#8921,#8922);
#7773=AXIS2_PLACEMENT_3D('',#11413,#8923,#8924);
#7774=AXIS2_PLACEMENT_3D('',#11414,#8925,#8926);
#7775=AXIS2_PLACEMENT_3D('',#11416,#8927,#8928);
#7776=AXIS2_PLACEMENT_3D('',#11417,#8929,#8930);
#7777=AXIS2_PLACEMENT_3D('',#11419,#8931,#8932);
#7778=AXIS2_PLACEMENT_3D('',#11420,#8933,#8934);
#7779=AXIS2_PLACEMENT_3D('',#11422,#8935,#8936);
#7780=AXIS2_PLACEMENT_3D('',#11423,#8937,#8938);
#7781=AXIS2_PLACEMENT_3D('',#11425,#8939,#8940);
#7782=AXIS2_PLACEMENT_3D('',#11426,#8941,#8942);
#7783=AXIS2_PLACEMENT_3D('',#11428,#8943,#8944);
#7784=AXIS2_PLACEMENT_3D('',#11429,#8945,#8946);
#7785=AXIS2_PLACEMENT_3D('',#11431,#8947,#8948);
#7786=AXIS2_PLACEMENT_3D('',#11432,#8949,#8950);
#7787=AXIS2_PLACEMENT_3D('',#11434,#8951,#8952);
#7788=AXIS2_PLACEMENT_3D('',#11435,#8953,#8954);
#7789=AXIS2_PLACEMENT_3D('',#11437,#8955,#8956);
#7790=AXIS2_PLACEMENT_3D('',#11438,#8957,#8958);
#7791=AXIS2_PLACEMENT_3D('',#11439,#8959,#8960);
#7792=AXIS2_PLACEMENT_3D('',#11441,#8961,#8962);
#7793=AXIS2_PLACEMENT_3D('',#11442,#8963,#8964);
#7794=AXIS2_PLACEMENT_3D('',#11443,#8965,#8966);
#7795=AXIS2_PLACEMENT_3D('',#11445,#8967,#8968);
#7796=AXIS2_PLACEMENT_3D('',#11446,#8969,#8970);
#7797=AXIS2_PLACEMENT_3D('',#11447,#8971,#8972);
#7798=AXIS2_PLACEMENT_3D('',#11449,#8973,#8974);
#7799=AXIS2_PLACEMENT_3D('',#11450,#8975,#8976);
#7800=AXIS2_PLACEMENT_3D('',#11453,#8979,#8980);
#7801=AXIS2_PLACEMENT_3D('',#11455,#8982,#8983);
#7802=AXIS2_PLACEMENT_3D('',#11457,#8985,#8986);
#7803=AXIS2_PLACEMENT_3D('',#11459,#8988,#8989);
#7804=AXIS2_PLACEMENT_3D('',#11461,#8991,#8992);
#7805=AXIS2_PLACEMENT_3D('',#11463,#8994,#8995);
#7806=AXIS2_PLACEMENT_3D('',#11465,#8997,#8998);
#7807=AXIS2_PLACEMENT_3D('',#11466,#8999,#9000);
#7808=AXIS2_PLACEMENT_3D('',#11467,#9001,#9002);
#7809=AXIS2_PLACEMENT_3D('',#11469,#9003,#9004);
#7810=AXIS2_PLACEMENT_3D('',#11470,#9005,#9006);
#7811=AXIS2_PLACEMENT_3D('',#11472,#9007,#9008);
#7812=AXIS2_PLACEMENT_3D('',#11473,#9009,#9010);
#7813=AXIS2_PLACEMENT_3D('',#11475,#9011,#9012);
#7814=AXIS2_PLACEMENT_3D('',#11476,#9013,#9014);
#7815=AXIS2_PLACEMENT_3D('',#11478,#9015,#9016);
#7816=AXIS2_PLACEMENT_3D('',#11479,#9017,#9018);
#7817=AXIS2_PLACEMENT_3D('',#11481,#9019,#9020);
#7818=AXIS2_PLACEMENT_3D('',#11482,#9021,#9022);
#7819=AXIS2_PLACEMENT_3D('',#11484,#9023,#9024);
#7820=AXIS2_PLACEMENT_3D('',#11485,#9025,#9026);
#7821=AXIS2_PLACEMENT_3D('',#11487,#9027,#9028);
#7822=AXIS2_PLACEMENT_3D('',#11488,#9029,#9030);
#7823=AXIS2_PLACEMENT_3D('',#11490,#9031,#9032);
#7824=AXIS2_PLACEMENT_3D('',#11491,#9033,#9034);
#7825=AXIS2_PLACEMENT_3D('',#11493,#9035,#9036);
#7826=AXIS2_PLACEMENT_3D('',#11494,#9037,#9038);
#7827=AXIS2_PLACEMENT_3D('',#11495,#9039,#9040);
#7828=AXIS2_PLACEMENT_3D('',#11497,#9041,#9042);
#7829=AXIS2_PLACEMENT_3D('',#11498,#9043,#9044);
#7830=AXIS2_PLACEMENT_3D('',#11499,#9045,#9046);
#7831=AXIS2_PLACEMENT_3D('',#11501,#9047,#9048);
#7832=AXIS2_PLACEMENT_3D('',#11502,#9049,#9050);
#7833=AXIS2_PLACEMENT_3D('',#11503,#9051,#9052);
#7834=AXIS2_PLACEMENT_3D('',#11505,#9053,#9054);
#7835=AXIS2_PLACEMENT_3D('',#11506,#9055,#9056);
#7836=AXIS2_PLACEMENT_3D('',#11509,#9059,#9060);
#7837=AXIS2_PLACEMENT_3D('',#11511,#9062,#9063);
#7838=AXIS2_PLACEMENT_3D('',#11513,#9065,#9066);
#7839=AXIS2_PLACEMENT_3D('',#11515,#9068,#9069);
#7840=AXIS2_PLACEMENT_3D('',#11517,#9071,#9072);
#7841=AXIS2_PLACEMENT_3D('',#11518,#9073,#9074);
#7842=AXIS2_PLACEMENT_3D('',#11521,#9077,#9078);
#7843=AXIS2_PLACEMENT_3D('',#11523,#9080,#9081);
#7844=AXIS2_PLACEMENT_3D('',#11525,#9083,#9084);
#7845=AXIS2_PLACEMENT_3D('',#11527,#9086,#9087);
#7846=AXIS2_PLACEMENT_3D('',#11529,#9089,#9090);
#7847=AXIS2_PLACEMENT_3D('',#11530,#9091,#9092);
#7848=AXIS2_PLACEMENT_3D('',#11533,#9095,#9096);
#7849=AXIS2_PLACEMENT_3D('',#11535,#9098,#9099);
#7850=AXIS2_PLACEMENT_3D('',#11537,#9101,#9102);
#7851=AXIS2_PLACEMENT_3D('',#11539,#9104,#9105);
#7852=AXIS2_PLACEMENT_3D('',#11541,#9107,#9108);
#7853=AXIS2_PLACEMENT_3D('',#11542,#9109,#9110);
#7854=AXIS2_PLACEMENT_3D('',#11545,#9113,#9114);
#7855=AXIS2_PLACEMENT_3D('',#11547,#9116,#9117);
#7856=AXIS2_PLACEMENT_3D('',#11549,#9119,#9120);
#7857=AXIS2_PLACEMENT_3D('',#11551,#9122,#9123);
#7858=AXIS2_PLACEMENT_3D('',#11553,#9125,#9126);
#7859=AXIS2_PLACEMENT_3D('',#11554,#9127,#9128);
#7860=AXIS2_PLACEMENT_3D('',#11557,#9131,#9132);
#7861=AXIS2_PLACEMENT_3D('',#11559,#9134,#9135);
#7862=AXIS2_PLACEMENT_3D('',#11561,#9137,#9138);
#7863=AXIS2_PLACEMENT_3D('',#11563,#9140,#9141);
#7864=AXIS2_PLACEMENT_3D('',#11565,#9143,#9144);
#7865=AXIS2_PLACEMENT_3D('',#11566,#9145,#9146);
#7866=AXIS2_PLACEMENT_3D('',#11569,#9149,#9150);
#7867=AXIS2_PLACEMENT_3D('',#11571,#9152,#9153);
#7868=AXIS2_PLACEMENT_3D('',#11573,#9155,#9156);
#7869=AXIS2_PLACEMENT_3D('',#11575,#9158,#9159);
#7870=AXIS2_PLACEMENT_3D('',#11577,#9161,#9162);
#7871=AXIS2_PLACEMENT_3D('',#11578,#9163,#9164);
#7872=AXIS2_PLACEMENT_3D('',#11581,#9167,#9168);
#7873=AXIS2_PLACEMENT_3D('',#11583,#9170,#9171);
#7874=AXIS2_PLACEMENT_3D('',#11585,#9173,#9174);
#7875=AXIS2_PLACEMENT_3D('',#11587,#9176,#9177);
#7876=AXIS2_PLACEMENT_3D('',#11589,#9179,#9180);
#7877=AXIS2_PLACEMENT_3D('',#11590,#9181,#9182);
#7878=AXIS2_PLACEMENT_3D('',#11593,#9185,#9186);
#7879=AXIS2_PLACEMENT_3D('',#11595,#9188,#9189);
#7880=AXIS2_PLACEMENT_3D('',#11597,#9191,#9192);
#7881=AXIS2_PLACEMENT_3D('',#11599,#9194,#9195);
#7882=AXIS2_PLACEMENT_3D('',#11601,#9197,#9198);
#7883=AXIS2_PLACEMENT_3D('',#11602,#9199,#9200);
#7884=AXIS2_PLACEMENT_3D('',#11605,#9203,#9204);
#7885=AXIS2_PLACEMENT_3D('',#11607,#9206,#9207);
#7886=AXIS2_PLACEMENT_3D('',#11609,#9209,#9210);
#7887=AXIS2_PLACEMENT_3D('',#11611,#9212,#9213);
#7888=AXIS2_PLACEMENT_3D('',#11613,#9215,#9216);
#7889=AXIS2_PLACEMENT_3D('',#11614,#9217,#9218);
#7890=AXIS2_PLACEMENT_3D('',#11617,#9221,#9222);
#7891=AXIS2_PLACEMENT_3D('',#11619,#9224,#9225);
#7892=AXIS2_PLACEMENT_3D('',#11621,#9227,#9228);
#7893=AXIS2_PLACEMENT_3D('',#11623,#9230,#9231);
#7894=AXIS2_PLACEMENT_3D('',#11625,#9233,#9234);
#7895=AXIS2_PLACEMENT_3D('',#11626,#9235,#9236);
#7896=AXIS2_PLACEMENT_3D('',#11629,#9239,#9240);
#7897=AXIS2_PLACEMENT_3D('',#11631,#9242,#9243);
#7898=AXIS2_PLACEMENT_3D('',#11633,#9245,#9246);
#7899=AXIS2_PLACEMENT_3D('',#11635,#9248,#9249);
#7900=AXIS2_PLACEMENT_3D('',#11637,#9251,#9252);
#7901=AXIS2_PLACEMENT_3D('',#11638,#9253,#9254);
#7902=AXIS2_PLACEMENT_3D('',#11641,#9257,#9258);
#7903=AXIS2_PLACEMENT_3D('',#11643,#9260,#9261);
#7904=AXIS2_PLACEMENT_3D('',#11645,#9263,#9264);
#7905=AXIS2_PLACEMENT_3D('',#11647,#9266,#9267);
#7906=AXIS2_PLACEMENT_3D('',#11649,#9269,#9270);
#7907=AXIS2_PLACEMENT_3D('',#11650,#9271,#9272);
#7908=AXIS2_PLACEMENT_3D('',#11653,#9275,#9276);
#7909=AXIS2_PLACEMENT_3D('',#11655,#9278,#9279);
#7910=AXIS2_PLACEMENT_3D('',#11657,#9281,#9282);
#7911=AXIS2_PLACEMENT_3D('',#11659,#9284,#9285);
#7912=AXIS2_PLACEMENT_3D('',#11661,#9287,#9288);
#7913=AXIS2_PLACEMENT_3D('',#11662,#9289,#9290);
#7914=AXIS2_PLACEMENT_3D('',#11665,#9293,#9294);
#7915=AXIS2_PLACEMENT_3D('',#11667,#9296,#9297);
#7916=AXIS2_PLACEMENT_3D('',#11669,#9299,#9300);
#7917=AXIS2_PLACEMENT_3D('',#11671,#9302,#9303);
#7918=AXIS2_PLACEMENT_3D('',#11673,#9305,#9306);
#7919=AXIS2_PLACEMENT_3D('',#11674,#9307,#9308);
#7920=AXIS2_PLACEMENT_3D('',#11677,#9311,#9312);
#7921=AXIS2_PLACEMENT_3D('',#11679,#9314,#9315);
#7922=AXIS2_PLACEMENT_3D('',#11681,#9317,#9318);
#7923=AXIS2_PLACEMENT_3D('',#11683,#9320,#9321);
#7924=AXIS2_PLACEMENT_3D('',#11685,#9323,#9324);
#7925=AXIS2_PLACEMENT_3D('',#11686,#9325,#9326);
#7926=AXIS2_PLACEMENT_3D('',#11689,#9329,#9330);
#7927=AXIS2_PLACEMENT_3D('',#11691,#9332,#9333);
#7928=AXIS2_PLACEMENT_3D('',#11693,#9335,#9336);
#7929=AXIS2_PLACEMENT_3D('',#11695,#9338,#9339);
#7930=AXIS2_PLACEMENT_3D('',#11697,#9341,#9342);
#7931=AXIS2_PLACEMENT_3D('',#11698,#9343,#9344);
#7932=AXIS2_PLACEMENT_3D('',#11701,#9347,#9348);
#7933=AXIS2_PLACEMENT_3D('',#11703,#9350,#9351);
#7934=AXIS2_PLACEMENT_3D('',#11705,#9353,#9354);
#7935=AXIS2_PLACEMENT_3D('',#11707,#9356,#9357);
#7936=AXIS2_PLACEMENT_3D('',#11709,#9359,#9360);
#7937=AXIS2_PLACEMENT_3D('',#11710,#9361,#9362);
#7938=AXIS2_PLACEMENT_3D('',#11713,#9365,#9366);
#7939=AXIS2_PLACEMENT_3D('',#11715,#9368,#9369);
#7940=AXIS2_PLACEMENT_3D('',#11717,#9371,#9372);
#7941=AXIS2_PLACEMENT_3D('',#11719,#9374,#9375);
#7942=AXIS2_PLACEMENT_3D('',#11721,#9377,#9378);
#7943=AXIS2_PLACEMENT_3D('',#11722,#9379,#9380);
#7944=AXIS2_PLACEMENT_3D('',#11725,#9383,#9384);
#7945=AXIS2_PLACEMENT_3D('',#11727,#9386,#9387);
#7946=AXIS2_PLACEMENT_3D('',#11729,#9389,#9390);
#7947=AXIS2_PLACEMENT_3D('',#11731,#9392,#9393);
#7948=AXIS2_PLACEMENT_3D('',#11733,#9395,#9396);
#7949=AXIS2_PLACEMENT_3D('',#11734,#9397,#9398);
#7950=AXIS2_PLACEMENT_3D('',#11737,#9401,#9402);
#7951=AXIS2_PLACEMENT_3D('',#11739,#9404,#9405);
#7952=AXIS2_PLACEMENT_3D('',#11741,#9407,#9408);
#7953=AXIS2_PLACEMENT_3D('',#11743,#9410,#9411);
#7954=AXIS2_PLACEMENT_3D('',#11745,#9413,#9414);
#7955=AXIS2_PLACEMENT_3D('',#11746,#9415,#9416);
#7956=AXIS2_PLACEMENT_3D('',#11749,#9419,#9420);
#7957=AXIS2_PLACEMENT_3D('',#11751,#9422,#9423);
#7958=AXIS2_PLACEMENT_3D('',#11753,#9425,#9426);
#7959=AXIS2_PLACEMENT_3D('',#11755,#9428,#9429);
#7960=AXIS2_PLACEMENT_3D('',#11757,#9431,#9432);
#7961=AXIS2_PLACEMENT_3D('',#11758,#9433,#9434);
#7962=AXIS2_PLACEMENT_3D('',#11761,#9437,#9438);
#7963=AXIS2_PLACEMENT_3D('',#11763,#9440,#9441);
#7964=AXIS2_PLACEMENT_3D('',#11765,#9443,#9444);
#7965=AXIS2_PLACEMENT_3D('',#11767,#9446,#9447);
#7966=AXIS2_PLACEMENT_3D('',#11769,#9449,#9450);
#7967=AXIS2_PLACEMENT_3D('',#11770,#9451,#9452);
#7968=AXIS2_PLACEMENT_3D('',#11773,#9455,#9456);
#7969=AXIS2_PLACEMENT_3D('',#11775,#9458,#9459);
#7970=AXIS2_PLACEMENT_3D('',#11777,#9461,#9462);
#7971=AXIS2_PLACEMENT_3D('',#11779,#9464,#9465);
#7972=AXIS2_PLACEMENT_3D('',#11781,#9467,#9468);
#7973=AXIS2_PLACEMENT_3D('',#11782,#9469,#9470);
#7974=AXIS2_PLACEMENT_3D('',#11785,#9473,#9474);
#7975=AXIS2_PLACEMENT_3D('',#11787,#9476,#9477);
#7976=AXIS2_PLACEMENT_3D('',#11789,#9479,#9480);
#7977=AXIS2_PLACEMENT_3D('',#11791,#9482,#9483);
#7978=AXIS2_PLACEMENT_3D('',#11793,#9485,#9486);
#7979=AXIS2_PLACEMENT_3D('',#11794,#9487,#9488);
#7980=AXIS2_PLACEMENT_3D('',#11797,#9491,#9492);
#7981=AXIS2_PLACEMENT_3D('',#11799,#9494,#9495);
#7982=AXIS2_PLACEMENT_3D('',#11801,#9497,#9498);
#7983=AXIS2_PLACEMENT_3D('',#11803,#9500,#9501);
#7984=AXIS2_PLACEMENT_3D('',#11805,#9503,#9504);
#7985=AXIS2_PLACEMENT_3D('',#11806,#9505,#9506);
#7986=AXIS2_PLACEMENT_3D('',#11809,#9509,#9510);
#7987=AXIS2_PLACEMENT_3D('',#11811,#9512,#9513);
#7988=AXIS2_PLACEMENT_3D('',#11813,#9515,#9516);
#7989=AXIS2_PLACEMENT_3D('',#11815,#9518,#9519);
#7990=AXIS2_PLACEMENT_3D('',#11817,#9521,#9522);
#7991=AXIS2_PLACEMENT_3D('',#11818,#9523,#9524);
#7992=AXIS2_PLACEMENT_3D('',#11821,#9527,#9528);
#7993=AXIS2_PLACEMENT_3D('',#11823,#9530,#9531);
#7994=AXIS2_PLACEMENT_3D('',#11825,#9533,#9534);
#7995=AXIS2_PLACEMENT_3D('',#11827,#9536,#9537);
#7996=AXIS2_PLACEMENT_3D('',#11829,#9539,#9540);
#7997=AXIS2_PLACEMENT_3D('',#11830,#9541,#9542);
#7998=AXIS2_PLACEMENT_3D('',#11833,#9545,#9546);
#7999=AXIS2_PLACEMENT_3D('',#11835,#9548,#9549);
#8000=AXIS2_PLACEMENT_3D('',#11837,#9551,#9552);
#8001=AXIS2_PLACEMENT_3D('',#11839,#9554,#9555);
#8002=AXIS2_PLACEMENT_3D('',#11841,#9557,#9558);
#8003=AXIS2_PLACEMENT_3D('',#11842,#9559,#9560);
#8004=AXIS2_PLACEMENT_3D('',#11845,#9563,#9564);
#8005=AXIS2_PLACEMENT_3D('',#11847,#9566,#9567);
#8006=AXIS2_PLACEMENT_3D('',#11849,#9569,#9570);
#8007=AXIS2_PLACEMENT_3D('',#11851,#9572,#9573);
#8008=AXIS2_PLACEMENT_3D('',#11853,#9575,#9576);
#8009=AXIS2_PLACEMENT_3D('',#11854,#9577,#9578);
#8010=AXIS2_PLACEMENT_3D('',#11857,#9581,#9582);
#8011=AXIS2_PLACEMENT_3D('',#11859,#9584,#9585);
#8012=AXIS2_PLACEMENT_3D('',#11861,#9587,#9588);
#8013=AXIS2_PLACEMENT_3D('',#11863,#9590,#9591);
#8014=AXIS2_PLACEMENT_3D('',#11865,#9593,#9594);
#8015=AXIS2_PLACEMENT_3D('',#11866,#9595,#9596);
#8016=AXIS2_PLACEMENT_3D('',#11869,#9599,#9600);
#8017=AXIS2_PLACEMENT_3D('',#11871,#9602,#9603);
#8018=AXIS2_PLACEMENT_3D('',#11873,#9605,#9606);
#8019=AXIS2_PLACEMENT_3D('',#11875,#9608,#9609);
#8020=AXIS2_PLACEMENT_3D('',#11877,#9611,#9612);
#8021=AXIS2_PLACEMENT_3D('',#11878,#9613,#9614);
#8022=AXIS2_PLACEMENT_3D('',#11881,#9617,#9618);
#8023=AXIS2_PLACEMENT_3D('',#11883,#9620,#9621);
#8024=AXIS2_PLACEMENT_3D('',#11885,#9623,#9624);
#8025=AXIS2_PLACEMENT_3D('',#11887,#9626,#9627);
#8026=AXIS2_PLACEMENT_3D('',#11889,#9629,#9630);
#8027=AXIS2_PLACEMENT_3D('',#11890,#9631,#9632);
#8028=AXIS2_PLACEMENT_3D('',#11893,#9635,#9636);
#8029=AXIS2_PLACEMENT_3D('',#11895,#9638,#9639);
#8030=AXIS2_PLACEMENT_3D('',#11897,#9641,#9642);
#8031=AXIS2_PLACEMENT_3D('',#11899,#9644,#9645);
#8032=AXIS2_PLACEMENT_3D('',#11901,#9647,#9648);
#8033=AXIS2_PLACEMENT_3D('',#11902,#9649,#9650);
#8034=AXIS2_PLACEMENT_3D('',#11905,#9653,#9654);
#8035=AXIS2_PLACEMENT_3D('',#11907,#9656,#9657);
#8036=AXIS2_PLACEMENT_3D('',#11909,#9659,#9660);
#8037=AXIS2_PLACEMENT_3D('',#11911,#9662,#9663);
#8038=AXIS2_PLACEMENT_3D('',#11913,#9665,#9666);
#8039=AXIS2_PLACEMENT_3D('',#11914,#9667,#9668);
#8040=AXIS2_PLACEMENT_3D('',#11917,#9671,#9672);
#8041=AXIS2_PLACEMENT_3D('',#11919,#9674,#9675);
#8042=AXIS2_PLACEMENT_3D('',#11921,#9677,#9678);
#8043=AXIS2_PLACEMENT_3D('',#11923,#9680,#9681);
#8044=AXIS2_PLACEMENT_3D('',#11925,#9683,#9684);
#8045=AXIS2_PLACEMENT_3D('',#11926,#9685,#9686);
#8046=AXIS2_PLACEMENT_3D('',#11929,#9689,#9690);
#8047=AXIS2_PLACEMENT_3D('',#11931,#9692,#9693);
#8048=AXIS2_PLACEMENT_3D('',#11933,#9695,#9696);
#8049=AXIS2_PLACEMENT_3D('',#11935,#9698,#9699);
#8050=AXIS2_PLACEMENT_3D('',#11937,#9701,#9702);
#8051=AXIS2_PLACEMENT_3D('',#11938,#9703,#9704);
#8052=AXIS2_PLACEMENT_3D('',#11941,#9707,#9708);
#8053=AXIS2_PLACEMENT_3D('',#11943,#9710,#9711);
#8054=AXIS2_PLACEMENT_3D('',#11945,#9713,#9714);
#8055=AXIS2_PLACEMENT_3D('',#11947,#9716,#9717);
#8056=AXIS2_PLACEMENT_3D('',#11949,#9719,#9720);
#8057=AXIS2_PLACEMENT_3D('',#11950,#9721,#9722);
#8058=AXIS2_PLACEMENT_3D('',#11953,#9725,#9726);
#8059=AXIS2_PLACEMENT_3D('',#11955,#9728,#9729);
#8060=AXIS2_PLACEMENT_3D('',#11957,#9731,#9732);
#8061=AXIS2_PLACEMENT_3D('',#11959,#9734,#9735);
#8062=AXIS2_PLACEMENT_3D('',#11961,#9737,#9738);
#8063=AXIS2_PLACEMENT_3D('',#11962,#9739,#9740);
#8064=AXIS2_PLACEMENT_3D('',#11965,#9743,#9744);
#8065=AXIS2_PLACEMENT_3D('',#11967,#9746,#9747);
#8066=AXIS2_PLACEMENT_3D('',#11969,#9749,#9750);
#8067=AXIS2_PLACEMENT_3D('',#11971,#9752,#9753);
#8068=AXIS2_PLACEMENT_3D('',#11973,#9755,#9756);
#8069=AXIS2_PLACEMENT_3D('',#11974,#9757,#9758);
#8070=AXIS2_PLACEMENT_3D('',#11977,#9761,#9762);
#8071=AXIS2_PLACEMENT_3D('',#11979,#9764,#9765);
#8072=AXIS2_PLACEMENT_3D('',#11981,#9767,#9768);
#8073=AXIS2_PLACEMENT_3D('',#11983,#9770,#9771);
#8074=AXIS2_PLACEMENT_3D('',#11985,#9773,#9774);
#8075=AXIS2_PLACEMENT_3D('',#11986,#9775,#9776);
#8076=AXIS2_PLACEMENT_3D('',#11989,#9779,#9780);
#8077=AXIS2_PLACEMENT_3D('',#11991,#9782,#9783);
#8078=AXIS2_PLACEMENT_3D('',#11993,#9785,#9786);
#8079=AXIS2_PLACEMENT_3D('',#11995,#9788,#9789);
#8080=AXIS2_PLACEMENT_3D('',#11997,#9791,#9792);
#8081=AXIS2_PLACEMENT_3D('',#11998,#9793,#9794);
#8082=AXIS2_PLACEMENT_3D('',#12001,#9797,#9798);
#8083=AXIS2_PLACEMENT_3D('',#12003,#9800,#9801);
#8084=AXIS2_PLACEMENT_3D('',#12005,#9803,#9804);
#8085=AXIS2_PLACEMENT_3D('',#12007,#9806,#9807);
#8086=AXIS2_PLACEMENT_3D('',#12009,#9809,#9810);
#8087=AXIS2_PLACEMENT_3D('',#12010,#9811,#9812);
#8088=AXIS2_PLACEMENT_3D('',#12013,#9815,#9816);
#8089=AXIS2_PLACEMENT_3D('',#12015,#9818,#9819);
#8090=AXIS2_PLACEMENT_3D('',#12017,#9821,#9822);
#8091=AXIS2_PLACEMENT_3D('',#12019,#9824,#9825);
#8092=AXIS2_PLACEMENT_3D('',#12021,#9827,#9828);
#8093=AXIS2_PLACEMENT_3D('',#12022,#9829,#9830);
#8094=AXIS2_PLACEMENT_3D('',#12025,#9833,#9834);
#8095=AXIS2_PLACEMENT_3D('',#12027,#9836,#9837);
#8096=AXIS2_PLACEMENT_3D('',#12029,#9839,#9840);
#8097=AXIS2_PLACEMENT_3D('',#12031,#9842,#9843);
#8098=AXIS2_PLACEMENT_3D('',#12033,#9845,#9846);
#8099=AXIS2_PLACEMENT_3D('',#12034,#9847,#9848);
#8100=AXIS2_PLACEMENT_3D('',#12037,#9851,#9852);
#8101=AXIS2_PLACEMENT_3D('',#12039,#9854,#9855);
#8102=AXIS2_PLACEMENT_3D('',#12041,#9857,#9858);
#8103=AXIS2_PLACEMENT_3D('',#12043,#9860,#9861);
#8104=AXIS2_PLACEMENT_3D('',#12045,#9863,#9864);
#8105=AXIS2_PLACEMENT_3D('',#12046,#9865,#9866);
#8106=AXIS2_PLACEMENT_3D('',#12049,#9869,#9870);
#8107=AXIS2_PLACEMENT_3D('',#12051,#9872,#9873);
#8108=AXIS2_PLACEMENT_3D('',#12053,#9875,#9876);
#8109=AXIS2_PLACEMENT_3D('',#12055,#9878,#9879);
#8110=AXIS2_PLACEMENT_3D('',#12057,#9881,#9882);
#8111=AXIS2_PLACEMENT_3D('',#12058,#9883,#9884);
#8112=AXIS2_PLACEMENT_3D('',#12061,#9887,#9888);
#8113=AXIS2_PLACEMENT_3D('',#12063,#9890,#9891);
#8114=AXIS2_PLACEMENT_3D('',#12065,#9893,#9894);
#8115=AXIS2_PLACEMENT_3D('',#12067,#9896,#9897);
#8116=AXIS2_PLACEMENT_3D('',#12069,#9899,#9900);
#8117=AXIS2_PLACEMENT_3D('',#12070,#9901,#9902);
#8118=AXIS2_PLACEMENT_3D('',#12073,#9905,#9906);
#8119=AXIS2_PLACEMENT_3D('',#12075,#9908,#9909);
#8120=AXIS2_PLACEMENT_3D('',#12077,#9911,#9912);
#8121=AXIS2_PLACEMENT_3D('',#12079,#9914,#9915);
#8122=AXIS2_PLACEMENT_3D('',#12081,#9917,#9918);
#8123=AXIS2_PLACEMENT_3D('',#12082,#9919,#9920);
#8124=AXIS2_PLACEMENT_3D('',#12085,#9923,#9924);
#8125=AXIS2_PLACEMENT_3D('',#12087,#9926,#9927);
#8126=AXIS2_PLACEMENT_3D('',#12089,#9929,#9930);
#8127=AXIS2_PLACEMENT_3D('',#12091,#9932,#9933);
#8128=AXIS2_PLACEMENT_3D('',#12093,#9935,#9936);
#8129=AXIS2_PLACEMENT_3D('',#12094,#9937,#9938);
#8130=AXIS2_PLACEMENT_3D('',#12097,#9941,#9942);
#8131=AXIS2_PLACEMENT_3D('',#12099,#9944,#9945);
#8132=AXIS2_PLACEMENT_3D('',#12101,#9947,#9948);
#8133=AXIS2_PLACEMENT_3D('',#12103,#9950,#9951);
#8134=AXIS2_PLACEMENT_3D('',#12105,#9953,#9954);
#8135=AXIS2_PLACEMENT_3D('',#12106,#9955,#9956);
#8136=AXIS2_PLACEMENT_3D('',#12109,#9959,#9960);
#8137=AXIS2_PLACEMENT_3D('',#12111,#9962,#9963);
#8138=AXIS2_PLACEMENT_3D('',#12113,#9965,#9966);
#8139=AXIS2_PLACEMENT_3D('',#12115,#9968,#9969);
#8140=AXIS2_PLACEMENT_3D('',#12117,#9971,#9972);
#8141=AXIS2_PLACEMENT_3D('',#12118,#9973,#9974);
#8142=AXIS2_PLACEMENT_3D('',#12121,#9977,#9978);
#8143=AXIS2_PLACEMENT_3D('',#12123,#9980,#9981);
#8144=AXIS2_PLACEMENT_3D('',#12125,#9983,#9984);
#8145=AXIS2_PLACEMENT_3D('',#12127,#9986,#9987);
#8146=AXIS2_PLACEMENT_3D('',#12129,#9989,#9990);
#8147=AXIS2_PLACEMENT_3D('',#12130,#9991,#9992);
#8148=AXIS2_PLACEMENT_3D('',#12133,#9995,#9996);
#8149=AXIS2_PLACEMENT_3D('',#12135,#9998,#9999);
#8150=AXIS2_PLACEMENT_3D('',#12137,#10001,#10002);
#8151=AXIS2_PLACEMENT_3D('',#12139,#10004,#10005);
#8152=AXIS2_PLACEMENT_3D('',#12141,#10007,#10008);
#8153=DIRECTION('',(0.,0.,1.));
#8154=DIRECTION('',(1.,0.,0.));
#8155=DIRECTION('',(0.,0.,1.));
#8156=DIRECTION('',(1.,0.,0.));
#8157=DIRECTION('',(0.5,0.866025403784438,0.));
#8158=DIRECTION('',(1.,0.,0.));
#8159=DIRECTION('',(0.5,-0.866025403784439,0.));
#8160=DIRECTION('',(-0.5,-0.866025403784439,0.));
#8161=DIRECTION('',(-1.,0.,0.));
#8162=DIRECTION('',(-0.5,0.866025403784438,0.));
#8163=DIRECTION('',(0.5,0.866025403784438,0.));
#8164=DIRECTION('',(1.,0.,0.));
#8165=DIRECTION('',(0.5,-0.866025403784439,0.));
#8166=DIRECTION('',(-0.5,-0.866025403784439,0.));
#8167=DIRECTION('',(-1.,0.,0.));
#8168=DIRECTION('',(-0.5,0.866025403784438,0.));
#8169=DIRECTION('',(-0.5,0.866025403784439,0.));
#8170=DIRECTION('',(0.5,0.866025403784439,0.));
#8171=DIRECTION('',(1.,0.,0.));
#8172=DIRECTION('',(0.5,-0.866025403784439,0.));
#8173=DIRECTION('',(-0.5,-0.866025403784439,0.));
#8174=DIRECTION('',(-1.,0.,0.));
#8175=DIRECTION('',(-0.5,0.86602540378444,0.));
#8176=DIRECTION('',(0.5,0.866025403784439,0.));
#8177=DIRECTION('',(1.,0.,0.));
#8178=DIRECTION('',(0.5,-0.86602540378444,0.));
#8179=DIRECTION('',(-0.5,-0.866025403784438,0.));
#8180=DIRECTION('',(-1.,0.,0.));
#8181=DIRECTION('',(0.5,0.866025403784438,0.));
#8182=DIRECTION('',(1.,0.,0.));
#8183=DIRECTION('',(0.5,-0.866025403784439,0.));
#8184=DIRECTION('',(-0.5,-0.866025403784439,0.));
#8185=DIRECTION('',(-1.,0.,0.));
#8186=DIRECTION('',(-0.5,0.866025403784439,0.));
#8187=DIRECTION('',(-0.5,0.866025403784439,0.));
#8188=DIRECTION('',(0.5,0.866025403784439,0.));
#8189=DIRECTION('',(1.,0.,0.));
#8190=DIRECTION('',(0.5,-0.866025403784441,0.));
#8191=DIRECTION('',(-0.5,-0.866025403784438,0.));
#8192=DIRECTION('',(-1.,0.,0.));
#8193=DIRECTION('',(-0.5,0.866025403784441,0.));
#8194=DIRECTION('',(0.5,0.866025403784439,0.));
#8195=DIRECTION('',(1.,0.,0.));
#8196=DIRECTION('',(0.5,-0.866025403784439,0.));
#8197=DIRECTION('',(-0.5,-0.866025403784438,0.));
#8198=DIRECTION('',(-1.,0.,0.));
#8199=DIRECTION('',(-0.5,0.866025403784439,0.));
#8200=DIRECTION('',(0.5,0.866025403784439,0.));
#8201=DIRECTION('',(1.,0.,0.));
#8202=DIRECTION('',(0.5,-0.866025403784441,0.));
#8203=DIRECTION('',(-0.5,-0.866025403784438,0.));
#8204=DIRECTION('',(-1.,0.,0.));
#8205=DIRECTION('',(-0.5,0.866025403784441,0.));
#8206=DIRECTION('',(0.5,0.866025403784438,0.));
#8207=DIRECTION('',(1.,0.,0.));
#8208=DIRECTION('',(0.5,-0.866025403784439,0.));
#8209=DIRECTION('',(-0.5,-0.866025403784438,0.));
#8210=DIRECTION('',(-1.,0.,0.));
#8211=DIRECTION('',(-0.5,0.86602540378444,0.));
#8212=DIRECTION('',(0.5,0.866025403784439,0.));
#8213=DIRECTION('',(1.,0.,0.));
#8214=DIRECTION('',(0.5,-0.86602540378444,0.));
#8215=DIRECTION('',(-0.5,-0.866025403784439,0.));
#8216=DIRECTION('',(-1.,0.,0.));
#8217=DIRECTION('',(-0.5,0.866025403784439,0.));
#8218=DIRECTION('',(0.5,0.866025403784439,0.));
#8219=DIRECTION('',(1.,0.,0.));
#8220=DIRECTION('',(0.5,-0.866025403784439,0.));
#8221=DIRECTION('',(-0.5,-0.866025403784439,0.));
#8222=DIRECTION('',(-1.,0.,0.));
#8223=DIRECTION('',(0.5,0.866025403784438,0.));
#8224=DIRECTION('',(1.,0.,0.));
#8225=DIRECTION('',(0.5,-0.866025403784439,0.));
#8226=DIRECTION('',(-0.5,-0.866025403784439,0.));
#8227=DIRECTION('',(-1.,0.,0.));
#8228=DIRECTION('',(-0.5,0.866025403784439,0.));
#8229=DIRECTION('',(0.5,0.866025403784438,0.));
#8230=DIRECTION('',(1.,0.,0.));
#8231=DIRECTION('',(0.5,-0.866025403784439,0.));
#8232=DIRECTION('',(-0.5,-0.866025403784438,0.));
#8233=DIRECTION('',(-1.,0.,0.));
#8234=DIRECTION('',(-0.5,0.866025403784439,0.));
#8235=DIRECTION('',(0.5,0.866025403784438,0.));
#8236=DIRECTION('',(1.,0.,0.));
#8237=DIRECTION('',(0.5,-0.866025403784439,0.));
#8238=DIRECTION('',(-0.5,-0.866025403784438,0.));
#8239=DIRECTION('',(-1.,0.,0.));
#8240=DIRECTION('',(-0.5,0.866025403784439,0.));
#8241=DIRECTION('',(0.5,0.866025403784438,0.));
#8242=DIRECTION('',(1.,0.,0.));
#8243=DIRECTION('',(0.5,-0.866025403784439,0.));
#8244=DIRECTION('',(-0.5,-0.866025403784439,0.));
#8245=DIRECTION('',(-1.,0.,0.));
#8246=DIRECTION('',(-0.5,0.866025403784438,0.));
#8247=DIRECTION('',(0.5,0.866025403784438,0.));
#8248=DIRECTION('',(1.,0.,0.));
#8249=DIRECTION('',(0.5,-0.86602540378444,0.));
#8250=DIRECTION('',(-0.5,-0.866025403784439,0.));
#8251=DIRECTION('',(-1.,0.,0.));
#8252=DIRECTION('',(-0.5,0.866025403784438,0.));
#8253=DIRECTION('',(0.5,0.866025403784438,0.));
#8254=DIRECTION('',(1.,0.,0.));
#8255=DIRECTION('',(0.5,-0.866025403784439,0.));
#8256=DIRECTION('',(-0.5,-0.866025403784439,0.));
#8257=DIRECTION('',(-1.,0.,0.));
#8258=DIRECTION('',(-0.5,0.866025403784439,0.));
#8259=DIRECTION('',(0.5,0.866025403784438,0.));
#8260=DIRECTION('',(1.,0.,0.));
#8261=DIRECTION('',(0.5,-0.866025403784439,0.));
#8262=DIRECTION('',(-0.5,-0.866025403784439,0.));
#8263=DIRECTION('',(-1.,0.,0.));
#8264=DIRECTION('',(-0.5,0.866025403784439,0.));
#8265=DIRECTION('',(0.5,0.866025403784438,0.));
#8266=DIRECTION('',(1.,0.,0.));
#8267=DIRECTION('',(0.5,-0.866025403784439,0.));
#8268=DIRECTION('',(-0.5,-0.866025403784439,0.));
#8269=DIRECTION('',(-1.,0.,0.));
#8270=DIRECTION('',(-0.5,0.866025403784439,0.));
#8271=DIRECTION('',(0.5,0.866025403784438,0.));
#8272=DIRECTION('',(1.,0.,0.));
#8273=DIRECTION('',(0.5,-0.86602540378444,0.));
#8274=DIRECTION('',(-0.5,-0.866025403784439,0.));
#8275=DIRECTION('',(-1.,0.,0.));
#8276=DIRECTION('',(-0.5,0.866025403784438,0.));
#8277=DIRECTION('',(0.5,0.866025403784438,0.));
#8278=DIRECTION('',(1.,0.,0.));
#8279=DIRECTION('',(0.5,-0.866025403784438,0.));
#8280=DIRECTION('',(-0.5,-0.866025403784439,0.));
#8281=DIRECTION('',(-1.,0.,0.));
#8282=DIRECTION('',(-0.5,0.866025403784439,0.));
#8283=DIRECTION('',(0.5,0.866025403784438,0.));
#8284=DIRECTION('',(1.,0.,0.));
#8285=DIRECTION('',(0.5,-0.866025403784438,0.));
#8286=DIRECTION('',(-0.5,-0.866025403784439,0.));
#8287=DIRECTION('',(-1.,0.,0.));
#8288=DIRECTION('',(-0.5,0.866025403784439,0.));
#8289=DIRECTION('',(-0.5,0.866025403784441,0.));
#8290=DIRECTION('',(0.5,0.866025403784438,0.));
#8291=DIRECTION('',(1.,0.,0.));
#8292=DIRECTION('',(0.5,-0.866025403784439,0.));
#8293=DIRECTION('',(-0.5,-0.866025403784438,0.));
#8294=DIRECTION('',(-1.,0.,0.));
#8295=DIRECTION('',(-0.5,0.866025403784439,0.));
#8296=DIRECTION('',(0.5,0.866025403784439,0.));
#8297=DIRECTION('',(1.,0.,0.));
#8298=DIRECTION('',(0.5,-0.866025403784441,0.));
#8299=DIRECTION('',(-0.5,-0.866025403784438,0.));
#8300=DIRECTION('',(-1.,0.,0.));
#8301=DIRECTION('',(-0.5,0.86602540378444,0.));
#8302=DIRECTION('',(0.5,0.866025403784439,0.));
#8303=DIRECTION('',(1.,0.,0.));
#8304=DIRECTION('',(0.5,-0.866025403784439,0.));
#8305=DIRECTION('',(-0.5,-0.866025403784438,0.));
#8306=DIRECTION('',(-1.,0.,0.));
#8307=DIRECTION('',(0.5,0.866025403784439,0.));
#8308=DIRECTION('',(1.,0.,0.));
#8309=DIRECTION('',(0.5,-0.866025403784439,0.));
#8310=DIRECTION('',(-0.5,-0.866025403784438,0.));
#8311=DIRECTION('',(-1.,0.,0.));
#8312=DIRECTION('',(-0.5,0.866025403784439,0.));
#8313=DIRECTION('',(0.5,0.866025403784438,0.));
#8314=DIRECTION('',(1.,0.,0.));
#8315=DIRECTION('',(0.5,-0.866025403784439,0.));
#8316=DIRECTION('',(-0.5,-0.866025403784438,0.));
#8317=DIRECTION('',(-1.,0.,0.));
#8318=DIRECTION('',(-0.5,0.866025403784439,0.));
#8319=DIRECTION('',(0.5,0.86602540378444,0.));
#8320=DIRECTION('',(1.,0.,0.));
#8321=DIRECTION('',(0.5,-0.866025403784439,0.));
#8322=DIRECTION('',(-0.5,-0.866025403784438,0.));
#8323=DIRECTION('',(-1.,0.,0.));
#8324=DIRECTION('',(-0.5,0.866025403784438,0.));
#8325=DIRECTION('',(-0.5,0.86602540378444,0.));
#8326=DIRECTION('',(0.5,0.866025403784439,0.));
#8327=DIRECTION('',(1.,0.,0.));
#8328=DIRECTION('',(0.5,-0.866025403784439,0.));
#8329=DIRECTION('',(-0.5,-0.866025403784438,0.));
#8330=DIRECTION('',(-1.,0.,0.));
#8331=DIRECTION('',(-0.5,0.866025403784441,0.));
#8332=DIRECTION('',(0.5,0.866025403784439,0.));
#8333=DIRECTION('',(1.,0.,0.));
#8334=DIRECTION('',(0.5,-0.866025403784439,0.));
#8335=DIRECTION('',(-0.5,-0.866025403784438,0.));
#8336=DIRECTION('',(-1.,0.,0.));
#8337=DIRECTION('',(-0.5,0.866025403784439,0.));
#8338=DIRECTION('',(0.5,0.866025403784439,0.));
#8339=DIRECTION('',(1.,0.,0.));
#8340=DIRECTION('',(0.5,-0.866025403784441,0.));
#8341=DIRECTION('',(-0.5,-0.866025403784438,0.));
#8342=DIRECTION('',(-1.,0.,0.));
#8343=DIRECTION('',(-0.5,0.866025403784441,0.));
#8344=DIRECTION('',(0.5,0.866025403784439,0.));
#8345=DIRECTION('',(1.,0.,0.));
#8346=DIRECTION('',(0.5,-0.866025403784439,0.));
#8347=DIRECTION('',(-0.5,-0.866025403784438,0.));
#8348=DIRECTION('',(-1.,0.,0.));
#8349=DIRECTION('',(-0.5,0.866025403784439,0.));
#8350=DIRECTION('',(0.5,0.866025403784439,0.));
#8351=DIRECTION('',(1.,0.,0.));
#8352=DIRECTION('',(0.5,-0.866025403784439,0.));
#8353=DIRECTION('',(-0.5,-0.866025403784439,0.));
#8354=DIRECTION('',(-1.,0.,0.));
#8355=DIRECTION('',(-0.5,0.86602540378444,0.));
#8356=DIRECTION('',(0.5,0.866025403784439,0.));
#8357=DIRECTION('',(1.,0.,0.));
#8358=DIRECTION('',(0.5,-0.866025403784439,0.));
#8359=DIRECTION('',(-0.5,-0.866025403784438,0.));
#8360=DIRECTION('',(-1.,0.,0.));
#8361=DIRECTION('',(-0.5,0.86602540378444,0.));
#8362=DIRECTION('',(0.5,0.866025403784439,0.));
#8363=DIRECTION('',(1.,0.,0.));
#8364=DIRECTION('',(0.5,-0.86602540378444,0.));
#8365=DIRECTION('',(-0.5,-0.866025403784439,0.));
#8366=DIRECTION('',(-1.,1.25192883228097E-16,0.));
#8367=DIRECTION('',(-0.5,0.86602540378444,0.));
#8368=DIRECTION('',(0.5,0.866025403784439,0.));
#8369=DIRECTION('',(1.,0.,0.));
#8370=DIRECTION('',(0.5,-0.86602540378444,0.));
#8371=DIRECTION('',(-0.5,-0.866025403784438,0.));
#8372=DIRECTION('',(-1.,1.25192883228096E-16,0.));
#8373=DIRECTION('',(0.5,0.866025403784438,0.));
#8374=DIRECTION('',(1.,-2.50385766456192E-16,0.));
#8375=DIRECTION('',(0.5,-0.866025403784439,0.));
#8376=DIRECTION('',(-0.5,-0.866025403784439,0.));
#8377=DIRECTION('',(-1.,0.,0.));
#8378=DIRECTION('',(-0.5,0.866025403784439,0.));
#8379=DIRECTION('',(0.5,0.866025403784438,0.));
#8380=DIRECTION('',(1.,-2.50385766456192E-16,0.));
#8381=DIRECTION('',(0.5,-0.866025403784439,0.));
#8382=DIRECTION('',(-0.5,-0.866025403784439,0.));
#8383=DIRECTION('',(-1.,0.,0.));
#8384=DIRECTION('',(-0.5,0.866025403784439,0.));
#8385=DIRECTION('',(-0.5,0.866025403784439,0.));
#8386=DIRECTION('',(0.5,0.866025403784439,0.));
#8387=DIRECTION('',(1.,0.,0.));
#8388=DIRECTION('',(0.5,-0.866025403784441,0.));
#8389=DIRECTION('',(-0.5,-0.866025403784438,0.));
#8390=DIRECTION('',(-1.,0.,0.));
#8391=DIRECTION('',(-0.5,0.866025403784441,0.));
#8392=DIRECTION('',(0.5,0.866025403784439,0.));
#8393=DIRECTION('',(1.,0.,0.));
#8394=DIRECTION('',(0.5,-0.866025403784439,0.));
#8395=DIRECTION('',(-0.5,-0.866025403784438,0.));
#8396=DIRECTION('',(-1.,0.,0.));
#8397=DIRECTION('',(0.5,0.866025403784438,0.));
#8398=DIRECTION('',(1.,0.,0.));
#8399=DIRECTION('',(0.5,-0.866025403784439,0.));
#8400=DIRECTION('',(-0.5,-0.866025403784438,0.));
#8401=DIRECTION('',(-1.,0.,0.));
#8402=DIRECTION('',(-0.5,0.866025403784439,0.));
#8403=DIRECTION('',(0.5,0.866025403784438,0.));
#8404=DIRECTION('',(1.,0.,0.));
#8405=DIRECTION('',(0.5,-0.866025403784439,0.));
#8406=DIRECTION('',(-0.5,-0.866025403784438,0.));
#8407=DIRECTION('',(-1.,0.,0.));
#8408=DIRECTION('',(-0.5,0.866025403784438,0.));
#8409=DIRECTION('',(0.5,0.866025403784438,0.));
#8410=DIRECTION('',(1.,0.,0.));
#8411=DIRECTION('',(0.5,-0.866025403784438,0.));
#8412=DIRECTION('',(-0.5,-0.866025403784439,0.));
#8413=DIRECTION('',(-1.,0.,0.));
#8414=DIRECTION('',(-0.5,0.866025403784439,0.));
#8415=DIRECTION('',(0.5,0.866025403784438,0.));
#8416=DIRECTION('',(1.,0.,0.));
#8417=DIRECTION('',(0.5,-0.866025403784438,0.));
#8418=DIRECTION('',(-0.5,-0.866025403784438,0.));
#8419=DIRECTION('',(-1.,0.,0.));
#8420=DIRECTION('',(-0.5,0.866025403784439,0.));
#8421=DIRECTION('',(0.5,0.866025403784438,0.));
#8422=DIRECTION('',(1.,0.,0.));
#8423=DIRECTION('',(0.5,-0.866025403784439,0.));
#8424=DIRECTION('',(-0.5,-0.866025403784439,0.));
#8425=DIRECTION('',(-1.,0.,0.));
#8426=DIRECTION('',(-0.5,0.866025403784438,0.));
#8427=DIRECTION('',(-0.5,0.866025403784439,0.));
#8428=DIRECTION('',(0.5,0.866025403784439,0.));
#8429=DIRECTION('',(1.,0.,0.));
#8430=DIRECTION('',(0.5,-0.866025403784441,0.));
#8431=DIRECTION('',(-0.5,-0.866025403784438,0.));
#8432=DIRECTION('',(-1.,0.,0.));
#8433=DIRECTION('',(-0.5,0.866025403784441,0.));
#8434=DIRECTION('',(0.5,0.866025403784439,0.));
#8435=DIRECTION('',(1.,0.,0.));
#8436=DIRECTION('',(0.5,-0.866025403784441,0.));
#8437=DIRECTION('',(-0.5,-0.866025403784439,0.));
#8438=DIRECTION('',(-1.,0.,0.));
#8439=DIRECTION('',(-0.5,0.866025403784439,0.));
#8440=DIRECTION('',(0.5,0.866025403784439,0.));
#8441=DIRECTION('',(1.,0.,0.));
#8442=DIRECTION('',(0.5,-0.866025403784439,0.));
#8443=DIRECTION('',(-0.5,-0.866025403784438,0.));
#8444=DIRECTION('',(-1.,0.,0.));
#8445=DIRECTION('',(-0.5,0.86602540378444,0.));
#8446=DIRECTION('',(0.5,0.866025403784439,0.));
#8447=DIRECTION('',(1.,0.,0.));
#8448=DIRECTION('',(0.5,-0.86602540378444,0.));
#8449=DIRECTION('',(-0.5,-0.866025403784439,0.));
#8450=DIRECTION('',(-1.,0.,0.));
#8451=DIRECTION('',(-0.5,0.86602540378444,0.));
#8452=DIRECTION('',(0.5,0.866025403784439,0.));
#8453=DIRECTION('',(1.,0.,0.));
#8454=DIRECTION('',(0.5,-0.86602540378444,0.));
#8455=DIRECTION('',(-0.5,-0.866025403784439,0.));
#8456=DIRECTION('',(-1.,0.,0.));
#8457=DIRECTION('',(-0.5,0.86602540378444,0.));
#8458=DIRECTION('',(0.5,0.866025403784439,0.));
#8459=DIRECTION('',(1.,0.,0.));
#8460=DIRECTION('',(0.5,-0.86602540378444,0.));
#8461=DIRECTION('',(-0.5,-0.866025403784439,0.));
#8462=DIRECTION('',(-1.,0.,0.));
#8463=DIRECTION('',(-0.5,0.86602540378444,0.));
#8464=DIRECTION('',(0.5,0.866025403784439,0.));
#8465=DIRECTION('',(1.,0.,0.));
#8466=DIRECTION('',(0.5,-0.86602540378444,0.));
#8467=DIRECTION('',(-0.5,-0.866025403784438,0.));
#8468=DIRECTION('',(-1.,0.,0.));
#8469=DIRECTION('',(1.,0.,0.));
#8470=DIRECTION('',(0.5,-0.866025403784439,0.));
#8471=DIRECTION('',(-0.5,-0.866025403784439,0.));
#8472=DIRECTION('',(-1.,0.,0.));
#8473=DIRECTION('',(-0.5,0.866025403784439,0.));
#8474=DIRECTION('',(0.5,0.866025403784438,0.));
#8475=DIRECTION('',(0.,0.,1.));
#8476=DIRECTION('',(1.,0.,0.));
#8477=DIRECTION('',(0.,0.,-1.));
#8478=DIRECTION('',(1.,0.,0.));
#8479=DIRECTION('',(0.,1.,0.));
#8480=DIRECTION('',(0.,0.,1.));
#8481=DIRECTION('',(1.,0.,0.));
#8482=DIRECTION('',(-1.,0.,0.));
#8483=DIRECTION('',(0.,0.,1.));
#8484=DIRECTION('',(1.,0.,0.));
#8485=DIRECTION('',(0.,1.,0.));
#8486=DIRECTION('',(0.,0.,1.));
#8487=DIRECTION('',(1.,0.,0.));
#8488=DIRECTION('',(-1.,-1.5770213417971E-16,0.));
#8489=DIRECTION('',(0.,0.,1.));
#8490=DIRECTION('',(1.,0.,0.));
#8491=DIRECTION('',(0.,0.,1.));
#8492=DIRECTION('',(1.,0.,0.));
#8493=DIRECTION('',(0.,0.,1.));
#8494=DIRECTION('',(1.,0.,0.));
#8495=DIRECTION('',(0.,0.,1.));
#8496=DIRECTION('',(1.,0.,0.));
#8497=DIRECTION('',(0.,0.,1.));
#8498=DIRECTION('',(1.,0.,0.));
#8499=DIRECTION('',(0.,0.,1.));
#8500=DIRECTION('',(1.,0.,0.));
#8501=DIRECTION('',(0.,0.,1.));
#8502=DIRECTION('',(1.,0.,0.));
#8503=DIRECTION('',(0.,0.,-1.));
#8504=DIRECTION('',(1.,0.,0.));
#8505=DIRECTION('',(1.,0.,0.));
#8506=DIRECTION('',(0.,0.,1.));
#8507=DIRECTION('',(1.,0.,0.));
#8508=DIRECTION('',(-1.2245106889248E-16,1.,0.));
#8509=DIRECTION('',(0.,0.,1.));
#8510=DIRECTION('',(1.,0.,0.));
#8511=DIRECTION('',(-1.,-1.98254111540206E-16,0.));
#8512=DIRECTION('',(0.,0.,1.));
#8513=DIRECTION('',(1.,0.,0.));
#8514=DIRECTION('',(0.,-1.,0.));
#8515=DIRECTION('',(0.,0.,1.));
#8516=DIRECTION('',(1.,0.,0.));
#8517=DIRECTION('',(0.,0.,1.));
#8518=DIRECTION('',(1.,0.,0.));
#8519=DIRECTION('',(0.,0.,-1.));
#8520=DIRECTION('',(1.,0.,0.));
#8521=DIRECTION('',(0.,0.,-1.));
#8522=DIRECTION('',(1.,0.,0.));
#8523=DIRECTION('',(0.,0.,-1.));
#8524=DIRECTION('',(1.,0.,0.));
#8525=DIRECTION('',(0.,0.,1.));
#8526=DIRECTION('',(1.,0.,0.));
#8527=DIRECTION('',(0.,0.,1.));
#8528=DIRECTION('',(1.,0.,0.));
#8529=DIRECTION('',(-1.,0.,0.));
#8530=DIRECTION('',(-0.5,-0.866025403784438,0.));
#8531=DIRECTION('',(0.5,-0.866025403784438,0.));
#8532=DIRECTION('',(1.,0.,0.));
#8533=DIRECTION('',(0.5,0.866025403784439,0.));
#8534=DIRECTION('',(-0.5,0.86602540378444,0.));
#8535=DIRECTION('',(-1.,0.,0.));
#8536=DIRECTION('',(-0.5,-0.866025403784438,0.));
#8537=DIRECTION('',(0.5,-0.866025403784438,0.));
#8538=DIRECTION('',(1.,0.,0.));
#8539=DIRECTION('',(0.5,0.866025403784439,0.));
#8540=DIRECTION('',(-0.5,0.86602540378444,0.));
#8541=DIRECTION('',(-0.5,-0.866025403784439,0.));
#8542=DIRECTION('',(0.5,-0.86602540378444,0.));
#8543=DIRECTION('',(1.,0.,0.));
#8544=DIRECTION('',(0.5,0.866025403784439,0.));
#8545=DIRECTION('',(-0.5,0.86602540378444,0.));
#8546=DIRECTION('',(-1.,0.,0.));
#8547=DIRECTION('',(-0.5,-0.866025403784439,0.));
#8548=DIRECTION('',(0.5,-0.86602540378444,0.));
#8549=DIRECTION('',(1.,0.,0.));
#8550=DIRECTION('',(0.5,0.866025403784438,0.));
#8551=DIRECTION('',(-0.5,0.86602540378444,0.));
#8552=DIRECTION('',(-1.,0.,0.));
#8553=DIRECTION('',(-1.,0.,0.));
#8554=DIRECTION('',(-0.5,-0.866025403784438,0.));
#8555=DIRECTION('',(0.5,-0.866025403784439,0.));
#8556=DIRECTION('',(1.,0.,0.));
#8557=DIRECTION('',(0.5,0.866025403784439,0.));
#8558=DIRECTION('',(-0.5,0.866025403784439,0.));
#8559=DIRECTION('',(-0.5,-0.866025403784439,0.));
#8560=DIRECTION('',(0.5,-0.86602540378444,0.));
#8561=DIRECTION('',(1.,0.,0.));
#8562=DIRECTION('',(0.5,0.866025403784438,0.));
#8563=DIRECTION('',(-0.5,0.866025403784441,0.));
#8564=DIRECTION('',(-1.,0.,0.));
#8565=DIRECTION('',(-0.5,-0.866025403784439,0.));
#8566=DIRECTION('',(0.5,-0.866025403784441,0.));
#8567=DIRECTION('',(1.,0.,0.));
#8568=DIRECTION('',(0.5,0.866025403784438,0.));
#8569=DIRECTION('',(-0.5,0.86602540378444,0.));
#8570=DIRECTION('',(-1.,0.,0.));
#8571=DIRECTION('',(-0.5,-0.866025403784439,0.));
#8572=DIRECTION('',(0.5,-0.86602540378444,0.));
#8573=DIRECTION('',(1.,0.,0.));
#8574=DIRECTION('',(0.5,0.866025403784438,0.));
#8575=DIRECTION('',(-0.5,0.866025403784441,0.));
#8576=DIRECTION('',(-1.,0.,0.));
#8577=DIRECTION('',(-0.5,-0.866025403784438,0.));
#8578=DIRECTION('',(0.5,-0.866025403784441,0.));
#8579=DIRECTION('',(1.,0.,0.));
#8580=DIRECTION('',(0.5,0.866025403784438,0.));
#8581=DIRECTION('',(-0.5,0.86602540378444,0.));
#8582=DIRECTION('',(-1.,0.,0.));
#8583=DIRECTION('',(-0.5,-0.866025403784439,0.));
#8584=DIRECTION('',(0.5,-0.86602540378444,0.));
#8585=DIRECTION('',(1.,0.,0.));
#8586=DIRECTION('',(0.5,0.866025403784439,0.));
#8587=DIRECTION('',(-0.5,0.86602540378444,0.));
#8588=DIRECTION('',(-1.,0.,0.));
#8589=DIRECTION('',(-0.5,-0.866025403784439,0.));
#8590=DIRECTION('',(0.5,-0.86602540378444,0.));
#8591=DIRECTION('',(1.,0.,0.));
#8592=DIRECTION('',(0.5,0.866025403784439,0.));
#8593=DIRECTION('',(-0.5,0.86602540378444,0.));
#8594=DIRECTION('',(-1.,0.,0.));
#8595=DIRECTION('',(-1.,0.,0.));
#8596=DIRECTION('',(-0.5,-0.866025403784438,0.));
#8597=DIRECTION('',(0.5,-0.866025403784439,0.));
#8598=DIRECTION('',(1.,0.,0.));
#8599=DIRECTION('',(0.5,0.866025403784439,0.));
#8600=DIRECTION('',(-0.5,0.866025403784439,0.));
#8601=DIRECTION('',(-1.,0.,0.));
#8602=DIRECTION('',(-0.5,-0.866025403784438,0.));
#8603=DIRECTION('',(0.5,-0.866025403784439,0.));
#8604=DIRECTION('',(1.,0.,0.));
#8605=DIRECTION('',(0.5,0.866025403784438,0.));
#8606=DIRECTION('',(-0.5,0.866025403784439,0.));
#8607=DIRECTION('',(-1.,0.,0.));
#8608=DIRECTION('',(-0.5,-0.866025403784438,0.));
#8609=DIRECTION('',(0.5,-0.86602540378444,0.));
#8610=DIRECTION('',(1.,0.,0.));
#8611=DIRECTION('',(0.5,0.866025403784438,0.));
#8612=DIRECTION('',(-0.5,0.866025403784439,0.));
#8613=DIRECTION('',(-1.,0.,0.));
#8614=DIRECTION('',(-0.5,-0.866025403784438,0.));
#8615=DIRECTION('',(0.5,-0.866025403784438,0.));
#8616=DIRECTION('',(1.,0.,0.));
#8617=DIRECTION('',(0.5,0.866025403784439,0.));
#8618=DIRECTION('',(-0.5,0.86602540378444,0.));
#8619=DIRECTION('',(-1.,0.,0.));
#8620=DIRECTION('',(-0.5,-0.866025403784438,0.));
#8621=DIRECTION('',(0.5,-0.866025403784438,0.));
#8622=DIRECTION('',(1.,0.,0.));
#8623=DIRECTION('',(0.5,0.866025403784439,0.));
#8624=DIRECTION('',(-0.5,0.86602540378444,0.));
#8625=DIRECTION('',(-1.,0.,0.));
#8626=DIRECTION('',(-0.5,-0.866025403784438,0.));
#8627=DIRECTION('',(0.5,-0.866025403784439,0.));
#8628=DIRECTION('',(1.,0.,0.));
#8629=DIRECTION('',(0.5,0.866025403784439,0.));
#8630=DIRECTION('',(-0.5,0.866025403784439,0.));
#8631=DIRECTION('',(-1.,0.,0.));
#8632=DIRECTION('',(-0.5,-0.866025403784438,0.));
#8633=DIRECTION('',(0.5,-0.866025403784439,0.));
#8634=DIRECTION('',(1.,0.,0.));
#8635=DIRECTION('',(0.5,0.866025403784439,0.));
#8636=DIRECTION('',(-0.5,0.866025403784439,0.));
#8637=DIRECTION('',(-1.,0.,0.));
#8638=DIRECTION('',(-0.5,-0.866025403784438,0.));
#8639=DIRECTION('',(0.5,-0.866025403784439,0.));
#8640=DIRECTION('',(1.,0.,0.));
#8641=DIRECTION('',(0.5,0.866025403784439,0.));
#8642=DIRECTION('',(-0.5,0.866025403784439,0.));
#8643=DIRECTION('',(-1.,0.,0.));
#8644=DIRECTION('',(-0.5,-0.866025403784438,0.));
#8645=DIRECTION('',(0.5,-0.866025403784438,0.));
#8646=DIRECTION('',(1.,0.,0.));
#8647=DIRECTION('',(0.5,0.866025403784439,0.));
#8648=DIRECTION('',(-0.5,0.86602540378444,0.));
#8649=DIRECTION('',(-1.,0.,0.));
#8650=DIRECTION('',(-0.5,-0.866025403784438,0.));
#8651=DIRECTION('',(0.5,-0.86602540378444,0.));
#8652=DIRECTION('',(1.,0.,0.));
#8653=DIRECTION('',(0.5,0.866025403784439,0.));
#8654=DIRECTION('',(-0.5,0.866025403784438,0.));
#8655=DIRECTION('',(-1.,0.,0.));
#8656=DIRECTION('',(-0.5,-0.866025403784438,0.));
#8657=DIRECTION('',(0.5,-0.86602540378444,0.));
#8658=DIRECTION('',(1.,0.,0.));
#8659=DIRECTION('',(0.5,0.866025403784439,0.));
#8660=DIRECTION('',(-0.5,0.866025403784438,0.));
#8661=DIRECTION('',(-0.5,-0.866025403784438,0.));
#8662=DIRECTION('',(0.5,-0.866025403784441,0.));
#8663=DIRECTION('',(1.,0.,0.));
#8664=DIRECTION('',(0.5,0.866025403784438,0.));
#8665=DIRECTION('',(-0.5,0.86602540378444,0.));
#8666=DIRECTION('',(-1.,0.,0.));
#8667=DIRECTION('',(-0.5,-0.866025403784439,0.));
#8668=DIRECTION('',(0.5,-0.86602540378444,0.));
#8669=DIRECTION('',(1.,0.,0.));
#8670=DIRECTION('',(0.5,0.866025403784438,0.));
#8671=DIRECTION('',(-0.5,0.866025403784441,0.));
#8672=DIRECTION('',(-1.,0.,0.));
#8673=DIRECTION('',(-0.5,-0.866025403784439,0.));
#8674=DIRECTION('',(0.5,-0.86602540378444,0.));
#8675=DIRECTION('',(1.,0.,0.));
#8676=DIRECTION('',(0.5,0.866025403784438,0.));
#8677=DIRECTION('',(-0.5,0.86602540378444,0.));
#8678=DIRECTION('',(-1.,0.,0.));
#8679=DIRECTION('',(-1.,0.,0.));
#8680=DIRECTION('',(-0.5,-0.866025403784439,0.));
#8681=DIRECTION('',(0.5,-0.866025403784439,0.));
#8682=DIRECTION('',(1.,0.,0.));
#8683=DIRECTION('',(0.5,0.866025403784438,0.));
#8684=DIRECTION('',(-0.5,0.866025403784439,0.));
#8685=DIRECTION('',(-1.,0.,0.));
#8686=DIRECTION('',(-0.5,-0.866025403784438,0.));
#8687=DIRECTION('',(0.5,-0.866025403784439,0.));
#8688=DIRECTION('',(1.,0.,0.));
#8689=DIRECTION('',(0.5,0.866025403784438,0.));
#8690=DIRECTION('',(-0.5,0.86602540378444,0.));
#8691=DIRECTION('',(-1.,0.,0.));
#8692=DIRECTION('',(-0.5,-0.86602540378444,0.));
#8693=DIRECTION('',(0.5,-0.866025403784438,0.));
#8694=DIRECTION('',(1.,0.,0.));
#8695=DIRECTION('',(0.5,0.866025403784438,0.));
#8696=DIRECTION('',(-0.5,0.866025403784439,0.));
#8697=DIRECTION('',(-0.5,-0.866025403784439,0.));
#8698=DIRECTION('',(0.5,-0.86602540378444,0.));
#8699=DIRECTION('',(1.,0.,0.));
#8700=DIRECTION('',(0.5,0.866025403784438,0.));
#8701=DIRECTION('',(-0.5,0.86602540378444,0.));
#8702=DIRECTION('',(-1.,0.,0.));
#8703=DIRECTION('',(-0.5,-0.866025403784439,0.));
#8704=DIRECTION('',(0.5,-0.866025403784441,0.));
#8705=DIRECTION('',(1.,0.,0.));
#8706=DIRECTION('',(0.5,0.866025403784438,0.));
#8707=DIRECTION('',(-0.5,0.86602540378444,0.));
#8708=DIRECTION('',(-1.,0.,0.));
#8709=DIRECTION('',(-0.5,-0.866025403784439,0.));
#8710=DIRECTION('',(0.5,-0.86602540378444,0.));
#8711=DIRECTION('',(1.,0.,0.));
#8712=DIRECTION('',(0.5,0.866025403784438,0.));
#8713=DIRECTION('',(-0.5,0.866025403784441,0.));
#8714=DIRECTION('',(-1.,0.,0.));
#8715=DIRECTION('',(-0.5,-0.866025403784439,0.));
#8716=DIRECTION('',(0.5,-0.866025403784441,0.));
#8717=DIRECTION('',(1.,0.,0.));
#8718=DIRECTION('',(0.5,0.866025403784438,0.));
#8719=DIRECTION('',(-0.5,0.86602540378444,0.));
#8720=DIRECTION('',(-1.,0.,0.));
#8721=DIRECTION('',(-0.5,-0.866025403784439,0.));
#8722=DIRECTION('',(0.5,-0.86602540378444,0.));
#8723=DIRECTION('',(1.,0.,0.));
#8724=DIRECTION('',(0.5,0.866025403784439,0.));
#8725=DIRECTION('',(-0.5,0.86602540378444,0.));
#8726=DIRECTION('',(-1.,0.,0.));
#8727=DIRECTION('',(-0.5,-0.866025403784439,0.));
#8728=DIRECTION('',(0.5,-0.86602540378444,0.));
#8729=DIRECTION('',(1.,0.,0.));
#8730=DIRECTION('',(0.5,0.866025403784438,0.));
#8731=DIRECTION('',(-0.5,0.86602540378444,0.));
#8732=DIRECTION('',(-1.,0.,0.));
#8733=DIRECTION('',(-0.5,-0.866025403784439,0.));
#8734=DIRECTION('',(0.5,-0.86602540378444,0.));
#8735=DIRECTION('',(1.,-1.25192883228097E-16,0.));
#8736=DIRECTION('',(0.5,0.866025403784439,0.));
#8737=DIRECTION('',(-0.5,0.86602540378444,0.));
#8738=DIRECTION('',(-1.,0.,0.));
#8739=DIRECTION('',(-0.5,-0.866025403784439,0.));
#8740=DIRECTION('',(0.5,-0.86602540378444,0.));
#8741=DIRECTION('',(1.,-1.25192883228096E-16,0.));
#8742=DIRECTION('',(0.5,0.866025403784438,0.));
#8743=DIRECTION('',(-0.5,0.86602540378444,0.));
#8744=DIRECTION('',(-1.,0.,0.));
#8745=DIRECTION('',(-1.,2.50385766456192E-16,0.));
#8746=DIRECTION('',(-0.5,-0.866025403784438,0.));
#8747=DIRECTION('',(0.5,-0.866025403784439,0.));
#8748=DIRECTION('',(1.,0.,0.));
#8749=DIRECTION('',(0.5,0.866025403784439,0.));
#8750=DIRECTION('',(-0.5,0.866025403784439,0.));
#8751=DIRECTION('',(-1.,2.50385766456192E-16,0.));
#8752=DIRECTION('',(-0.5,-0.866025403784438,0.));
#8753=DIRECTION('',(0.5,-0.866025403784439,0.));
#8754=DIRECTION('',(1.,0.,0.));
#8755=DIRECTION('',(0.5,0.866025403784439,0.));
#8756=DIRECTION('',(-0.5,0.866025403784439,0.));
#8757=DIRECTION('',(-0.5,-0.866025403784439,0.));
#8758=DIRECTION('',(0.5,-0.86602540378444,0.));
#8759=DIRECTION('',(1.,0.,0.));
#8760=DIRECTION('',(0.5,0.866025403784438,0.));
#8761=DIRECTION('',(-0.5,0.866025403784441,0.));
#8762=DIRECTION('',(-1.,0.,0.));
#8763=DIRECTION('',(-0.5,-0.866025403784439,0.));
#8764=DIRECTION('',(0.5,-0.866025403784441,0.));
#8765=DIRECTION('',(1.,0.,0.));
#8766=DIRECTION('',(0.5,0.866025403784438,0.));
#8767=DIRECTION('',(-0.5,0.86602540378444,0.));
#8768=DIRECTION('',(-1.,0.,0.));
#8769=DIRECTION('',(-1.,0.,0.));
#8770=DIRECTION('',(-0.5,-0.866025403784438,0.));
#8771=DIRECTION('',(0.5,-0.866025403784439,0.));
#8772=DIRECTION('',(1.,0.,0.));
#8773=DIRECTION('',(0.5,0.866025403784438,0.));
#8774=DIRECTION('',(-0.5,0.866025403784439,0.));
#8775=DIRECTION('',(-1.,0.,0.));
#8776=DIRECTION('',(-0.5,-0.866025403784438,0.));
#8777=DIRECTION('',(0.5,-0.866025403784438,0.));
#8778=DIRECTION('',(1.,0.,0.));
#8779=DIRECTION('',(0.5,0.866025403784438,0.));
#8780=DIRECTION('',(-0.5,0.866025403784439,0.));
#8781=DIRECTION('',(-1.,0.,0.));
#8782=DIRECTION('',(-0.5,-0.866025403784438,0.));
#8783=DIRECTION('',(0.5,-0.86602540378444,0.));
#8784=DIRECTION('',(1.,0.,0.));
#8785=DIRECTION('',(0.5,0.866025403784439,0.));
#8786=DIRECTION('',(-0.5,0.866025403784438,0.));
#8787=DIRECTION('',(-1.,0.,0.));
#8788=DIRECTION('',(-0.5,-0.866025403784438,0.));
#8789=DIRECTION('',(0.5,-0.86602540378444,0.));
#8790=DIRECTION('',(1.,0.,0.));
#8791=DIRECTION('',(0.5,0.866025403784438,0.));
#8792=DIRECTION('',(-0.5,0.866025403784438,0.));
#8793=DIRECTION('',(-1.,0.,0.));
#8794=DIRECTION('',(-0.5,-0.866025403784438,0.));
#8795=DIRECTION('',(0.5,-0.866025403784438,0.));
#8796=DIRECTION('',(1.,0.,0.));
#8797=DIRECTION('',(0.5,0.866025403784439,0.));
#8798=DIRECTION('',(-0.5,0.86602540378444,0.));
#8799=DIRECTION('',(-0.5,-0.866025403784439,0.));
#8800=DIRECTION('',(0.5,-0.86602540378444,0.));
#8801=DIRECTION('',(1.,0.,0.));
#8802=DIRECTION('',(0.5,0.866025403784438,0.));
#8803=DIRECTION('',(-0.5,0.866025403784441,0.));
#8804=DIRECTION('',(-1.,0.,0.));
#8805=DIRECTION('',(-0.5,-0.866025403784439,0.));
#8806=DIRECTION('',(0.5,-0.866025403784441,0.));
#8807=DIRECTION('',(1.,0.,0.));
#8808=DIRECTION('',(0.5,0.866025403784439,0.));
#8809=DIRECTION('',(-0.5,0.866025403784441,0.));
#8810=DIRECTION('',(-1.,0.,0.));
#8811=DIRECTION('',(-0.5,-0.866025403784439,0.));
#8812=DIRECTION('',(0.5,-0.86602540378444,0.));
#8813=DIRECTION('',(1.,0.,0.));
#8814=DIRECTION('',(0.5,0.866025403784438,0.));
#8815=DIRECTION('',(-0.5,0.86602540378444,0.));
#8816=DIRECTION('',(-1.,0.,0.));
#8817=DIRECTION('',(-0.5,-0.866025403784439,0.));
#8818=DIRECTION('',(0.5,-0.86602540378444,0.));
#8819=DIRECTION('',(1.,0.,0.));
#8820=DIRECTION('',(0.5,0.866025403784439,0.));
#8821=DIRECTION('',(-0.5,0.86602540378444,0.));
#8822=DIRECTION('',(-1.,0.,0.));
#8823=DIRECTION('',(-0.5,-0.866025403784439,0.));
#8824=DIRECTION('',(0.5,-0.86602540378444,0.));
#8825=DIRECTION('',(1.,0.,0.));
#8826=DIRECTION('',(0.5,0.866025403784439,0.));
#8827=DIRECTION('',(-0.5,0.86602540378444,0.));
#8828=DIRECTION('',(-1.,0.,0.));
#8829=DIRECTION('',(-0.5,-0.866025403784439,0.));
#8830=DIRECTION('',(0.5,-0.86602540378444,0.));
#8831=DIRECTION('',(1.,0.,0.));
#8832=DIRECTION('',(0.5,0.866025403784439,0.));
#8833=DIRECTION('',(-0.5,0.86602540378444,0.));
#8834=DIRECTION('',(-1.,0.,0.));
#8835=DIRECTION('',(-0.5,-0.866025403784439,0.));
#8836=DIRECTION('',(0.5,-0.86602540378444,0.));
#8837=DIRECTION('',(1.,0.,0.));
#8838=DIRECTION('',(0.5,0.866025403784438,0.));
#8839=DIRECTION('',(-0.5,0.86602540378444,0.));
#8840=DIRECTION('',(-1.,0.,0.));
#8841=DIRECTION('',(-0.5,0.866025403784439,0.));
#8842=DIRECTION('',(-1.,0.,0.));
#8843=DIRECTION('',(-0.5,-0.866025403784438,0.));
#8844=DIRECTION('',(0.5,-0.866025403784439,0.));
#8845=DIRECTION('',(1.,0.,0.));
#8846=DIRECTION('',(0.5,0.866025403784439,0.));
#8847=DIRECTION('',(0.,0.,1.));
#8848=DIRECTION('',(1.,0.,0.));
#8849=DIRECTION('',(0.,-1.,0.));
#8850=DIRECTION('',(0.,0.,1.));
#8851=DIRECTION('',(1.,0.,0.));
#8852=DIRECTION('',(1.,1.5770213417971E-16,0.));
#8853=DIRECTION('',(0.,0.,1.));
#8854=DIRECTION('',(1.,0.,0.));
#8855=DIRECTION('',(0.,-1.,0.));
#8856=DIRECTION('',(0.,0.,1.));
#8857=DIRECTION('',(1.,0.,0.));
#8858=DIRECTION('',(1.,0.,0.));
#8859=DIRECTION('',(0.,0.,1.));
#8860=DIRECTION('',(1.,0.,0.));
#8861=DIRECTION('',(0.,0.,1.));
#8862=DIRECTION('',(1.,0.,0.));
#8863=DIRECTION('',(0.,0.,1.));
#8864=DIRECTION('',(1.,0.,0.));
#8865=DIRECTION('',(1.,0.,0.));
#8866=DIRECTION('',(0.,0.,1.));
#8867=DIRECTION('',(1.,0.,0.));
#8868=DIRECTION('',(0.,-1.,0.));
#8869=DIRECTION('',(0.,0.,1.));
#8870=DIRECTION('',(1.,0.,0.));
#8871=DIRECTION('',(-1.,-1.98254111540206E-16,0.));
#8872=DIRECTION('',(0.,0.,1.));
#8873=DIRECTION('',(1.,0.,0.));
#8874=DIRECTION('',(-1.2245106889248E-16,1.,0.));
#8875=DIRECTION('',(0.,0.,1.));
#8876=DIRECTION('',(1.,0.,0.));
#8877=DIRECTION('',(0.,0.,1.));
#8878=DIRECTION('',(1.,0.,0.));
#8879=DIRECTION('',(0.,0.,1.));
#8880=DIRECTION('',(1.,0.,0.));
#8881=DIRECTION('',(0.,0.,1.));
#8882=DIRECTION('',(1.,0.,0.));
#8883=DIRECTION('',(0.,1.,0.));
#8884=DIRECTION('',(0.,0.,1.));
#8885=DIRECTION('',(0.,0.,-1.));
#8886=DIRECTION('',(0.,0.,-1.));
#8887=DIRECTION('',(0.,0.,-1.));
#8888=DIRECTION('',(-1.,0.,0.));
#8889=DIRECTION('',(0.,0.,-1.));
#8890=DIRECTION('',(-1.,-1.2245106889248E-16,0.));
#8891=DIRECTION('',(1.2245106889248E-16,-1.,0.));
#8892=DIRECTION('',(0.,0.,-1.));
#8893=DIRECTION('',(0.,0.,-1.));
#8894=DIRECTION('',(-1.,0.,0.));
#8895=DIRECTION('',(0.,0.,-1.));
#8896=DIRECTION('',(1.98254111540206E-16,-1.,0.));
#8897=DIRECTION('',(1.,1.98254111540206E-16,0.));
#8898=DIRECTION('',(0.,0.,-1.));
#8899=DIRECTION('',(0.,0.,-1.));
#8900=DIRECTION('',(-1.,0.,0.));
#8901=DIRECTION('',(0.,0.,-1.));
#8902=DIRECTION('',(1.,0.,0.));
#8903=DIRECTION('',(0.,0.,-1.));
#8904=DIRECTION('',(0.,0.,-1.));
#8905=DIRECTION('',(0.,0.,-1.));
#8906=DIRECTION('',(-1.,0.,0.));
#8907=DIRECTION('',(0.,0.,1.));
#8908=DIRECTION('',(1.,0.,0.));
#8909=DIRECTION('',(0.,0.,1.));
#8910=DIRECTION('',(1.,0.,0.));
#8911=DIRECTION('',(0.,0.,1.));
#8912=DIRECTION('',(1.,0.,0.));
#8913=DIRECTION('',(0.,0.,1.));
#8914=DIRECTION('',(1.,0.,0.));
#8915=DIRECTION('',(0.,0.,1.));
#8916=DIRECTION('',(1.,0.,0.));
#8917=DIRECTION('',(0.,0.,1.));
#8918=DIRECTION('',(1.,0.,0.));
#8919=DIRECTION('',(0.,0.,1.));
#8920=DIRECTION('',(1.,0.,0.));
#8921=DIRECTION('',(0.,0.,1.));
#8922=DIRECTION('',(1.,0.,0.));
#8923=DIRECTION('',(0.,0.,1.));
#8924=DIRECTION('',(1.,0.,0.));
#8925=DIRECTION('',(0.,0.,1.));
#8926=DIRECTION('',(1.,0.,0.));
#8927=DIRECTION('',(0.,0.,1.));
#8928=DIRECTION('',(1.,0.,0.));
#8929=DIRECTION('',(0.,0.,1.));
#8930=DIRECTION('',(1.,0.,0.));
#8931=DIRECTION('',(0.,0.,1.));
#8932=DIRECTION('',(1.,0.,0.));
#8933=DIRECTION('',(0.,0.,1.));
#8934=DIRECTION('',(1.,0.,0.));
#8935=DIRECTION('',(0.,0.,1.));
#8936=DIRECTION('',(1.,0.,0.));
#8937=DIRECTION('',(0.,0.,1.));
#8938=DIRECTION('',(1.,0.,0.));
#8939=DIRECTION('',(0.,0.,1.));
#8940=DIRECTION('',(1.,0.,0.));
#8941=DIRECTION('',(0.,0.,1.));
#8942=DIRECTION('',(1.,0.,0.));
#8943=DIRECTION('',(0.,0.,1.));
#8944=DIRECTION('',(1.,0.,0.));
#8945=DIRECTION('',(0.,0.,1.));
#8946=DIRECTION('',(1.,0.,0.));
#8947=DIRECTION('',(0.,0.,1.));
#8948=DIRECTION('',(1.,0.,0.));
#8949=DIRECTION('',(0.,0.,1.));
#8950=DIRECTION('',(1.,0.,0.));
#8951=DIRECTION('',(0.,0.,1.));
#8952=DIRECTION('',(1.,0.,0.));
#8953=DIRECTION('',(0.,0.,1.));
#8954=DIRECTION('',(1.,0.,0.));
#8955=DIRECTION('',(0.,0.,1.));
#8956=DIRECTION('',(1.,0.,0.));
#8957=DIRECTION('',(0.,0.,1.));
#8958=DIRECTION('',(1.,0.,0.));
#8959=DIRECTION('',(0.,0.,1.));
#8960=DIRECTION('',(1.,0.,0.));
#8961=DIRECTION('',(0.,0.,1.));
#8962=DIRECTION('',(1.,0.,0.));
#8963=DIRECTION('',(0.,0.,1.));
#8964=DIRECTION('',(1.,0.,0.));
#8965=DIRECTION('',(0.,0.,1.));
#8966=DIRECTION('',(1.,0.,0.));
#8967=DIRECTION('',(0.,0.,1.));
#8968=DIRECTION('',(1.,0.,0.));
#8969=DIRECTION('',(0.,0.,1.));
#8970=DIRECTION('',(1.,0.,0.));
#8971=DIRECTION('',(0.,0.,1.));
#8972=DIRECTION('',(1.,0.,0.));
#8973=DIRECTION('',(0.,0.,1.));
#8974=DIRECTION('',(1.,0.,0.));
#8975=DIRECTION('',(0.,0.,1.));
#8976=DIRECTION('',(1.,0.,0.));
#8977=DIRECTION('',(0.,0.,1.));
#8978=DIRECTION('',(0.,0.,1.));
#8979=DIRECTION('',(0.,1.,0.));
#8980=DIRECTION('',(0.,0.,1.));
#8981=DIRECTION('',(0.,0.,1.));
#8982=DIRECTION('',(0.,0.,1.));
#8983=DIRECTION('',(1.,0.,0.));
#8984=DIRECTION('',(0.,0.,1.));
#8985=DIRECTION('',(1.,0.,0.));
#8986=DIRECTION('',(0.,0.,-1.));
#8987=DIRECTION('',(0.,0.,1.));
#8988=DIRECTION('',(0.,0.,1.));
#8989=DIRECTION('',(1.,0.,0.));
#8990=DIRECTION('',(0.,0.,1.));
#8991=DIRECTION('',(-1.5770213417971E-16,1.,0.));
#8992=DIRECTION('',(-1.,-1.5770213417971E-16,0.));
#8993=DIRECTION('',(0.,0.,1.));
#8994=DIRECTION('',(0.,0.,1.));
#8995=DIRECTION('',(1.,0.,0.));
#8996=DIRECTION('',(0.,0.,1.));
#8997=DIRECTION('',(1.,0.,0.));
#8998=DIRECTION('',(0.,0.,-1.));
#8999=DIRECTION('',(0.,0.,1.));
#9000=DIRECTION('',(1.,0.,0.));
#9001=DIRECTION('',(0.,0.,1.));
#9002=DIRECTION('',(1.,0.,0.));
#9003=DIRECTION('',(0.,0.,1.));
#9004=DIRECTION('',(1.,0.,0.));
#9005=DIRECTION('',(0.,0.,1.));
#9006=DIRECTION('',(1.,0.,0.));
#9007=DIRECTION('',(0.,0.,1.));
#9008=DIRECTION('',(1.,0.,0.));
#9009=DIRECTION('',(0.,0.,1.));
#9010=DIRECTION('',(1.,0.,0.));
#9011=DIRECTION('',(0.,0.,1.));
#9012=DIRECTION('',(1.,0.,0.));
#9013=DIRECTION('',(0.,0.,1.));
#9014=DIRECTION('',(1.,0.,0.));
#9015=DIRECTION('',(0.,0.,1.));
#9016=DIRECTION('',(1.,0.,0.));
#9017=DIRECTION('',(0.,0.,-1.));
#9018=DIRECTION('',(1.,0.,0.));
#9019=DIRECTION('',(0.,0.,1.));
#9020=DIRECTION('',(1.,0.,0.));
#9021=DIRECTION('',(0.,0.,-1.));
#9022=DIRECTION('',(1.,0.,0.));
#9023=DIRECTION('',(0.,0.,1.));
#9024=DIRECTION('',(1.,0.,0.));
#9025=DIRECTION('',(0.,0.,-1.));
#9026=DIRECTION('',(1.,0.,0.));
#9027=DIRECTION('',(0.,0.,1.));
#9028=DIRECTION('',(1.,0.,0.));
#9029=DIRECTION('',(0.,0.,-1.));
#9030=DIRECTION('',(1.,0.,0.));
#9031=DIRECTION('',(0.,0.,1.));
#9032=DIRECTION('',(1.,0.,0.));
#9033=DIRECTION('',(0.,0.,1.));
#9034=DIRECTION('',(1.,0.,0.));
#9035=DIRECTION('',(0.,0.,1.));
#9036=DIRECTION('',(1.,0.,0.));
#9037=DIRECTION('',(0.,0.,1.));
#9038=DIRECTION('',(1.,0.,0.));
#9039=DIRECTION('',(0.,0.,1.));
#9040=DIRECTION('',(1.,0.,0.));
#9041=DIRECTION('',(0.,0.,1.));
#9042=DIRECTION('',(1.,0.,0.));
#9043=DIRECTION('',(0.,0.,1.));
#9044=DIRECTION('',(1.,0.,0.));
#9045=DIRECTION('',(0.,0.,-1.));
#9046=DIRECTION('',(1.,0.,0.));
#9047=DIRECTION('',(0.,0.,1.));
#9048=DIRECTION('',(1.,0.,0.));
#9049=DIRECTION('',(0.,0.,1.));
#9050=DIRECTION('',(1.,0.,0.));
#9051=DIRECTION('',(0.,0.,-1.));
#9052=DIRECTION('',(1.,0.,0.));
#9053=DIRECTION('',(0.,0.,1.));
#9054=DIRECTION('',(1.,0.,0.));
#9055=DIRECTION('',(-0.866025403784439,-0.5,0.));
#9056=DIRECTION('',(0.5,-0.866025403784439,0.));
#9057=DIRECTION('',(0.,0.,1.));
#9058=DIRECTION('',(0.,0.,1.));
#9059=DIRECTION('',(-0.866025403784439,0.5,0.));
#9060=DIRECTION('',(-0.5,-0.866025403784439,0.));
#9061=DIRECTION('',(0.,0.,1.));
#9062=DIRECTION('',(0.,1.,0.));
#9063=DIRECTION('',(0.,0.,1.));
#9064=DIRECTION('',(0.,0.,1.));
#9065=DIRECTION('',(0.866025403784439,0.5,0.));
#9066=DIRECTION('',(-0.5,0.866025403784439,0.));
#9067=DIRECTION('',(0.,0.,1.));
#9068=DIRECTION('',(0.866025403784438,-0.5,0.));
#9069=DIRECTION('',(0.5,0.866025403784438,0.));
#9070=DIRECTION('',(0.,0.,1.));
#9071=DIRECTION('',(0.,-1.,0.));
#9072=DIRECTION('',(0.,0.,-1.));
#9073=DIRECTION('',(0.866025403784438,-0.5,0.));
#9074=DIRECTION('',(0.5,0.866025403784439,0.));
#9075=DIRECTION('',(0.,0.,1.));
#9076=DIRECTION('',(0.,0.,1.));
#9077=DIRECTION('',(0.,-1.,0.));
#9078=DIRECTION('',(0.,0.,-1.));
#9079=DIRECTION('',(0.,0.,1.));
#9080=DIRECTION('',(-0.86602540378444,-0.5,0.));
#9081=DIRECTION('',(0.5,-0.86602540378444,0.));
#9082=DIRECTION('',(0.,0.,1.));
#9083=DIRECTION('',(-0.866025403784438,0.5,0.));
#9084=DIRECTION('',(-0.5,-0.866025403784438,0.));
#9085=DIRECTION('',(0.,0.,1.));
#9086=DIRECTION('',(0.,1.,0.));
#9087=DIRECTION('',(0.,0.,1.));
#9088=DIRECTION('',(0.,0.,1.));
#9089=DIRECTION('',(0.86602540378444,0.5,0.));
#9090=DIRECTION('',(-0.5,0.86602540378444,0.));
#9091=DIRECTION('',(0.866025403784438,-0.5,0.));
#9092=DIRECTION('',(0.5,0.866025403784439,0.));
#9093=DIRECTION('',(0.,0.,1.));
#9094=DIRECTION('',(0.,0.,1.));
#9095=DIRECTION('',(0.,-1.,0.));
#9096=DIRECTION('',(0.,0.,-1.));
#9097=DIRECTION('',(0.,0.,1.));
#9098=DIRECTION('',(-0.86602540378444,-0.5,0.));
#9099=DIRECTION('',(0.5,-0.86602540378444,0.));
#9100=DIRECTION('',(0.,0.,1.));
#9101=DIRECTION('',(-0.866025403784439,0.5,0.));
#9102=DIRECTION('',(-0.5,-0.866025403784439,0.));
#9103=DIRECTION('',(0.,0.,1.));
#9104=DIRECTION('',(0.,1.,0.));
#9105=DIRECTION('',(0.,0.,1.));
#9106=DIRECTION('',(0.,0.,1.));
#9107=DIRECTION('',(0.86602540378444,0.5,0.));
#9108=DIRECTION('',(-0.5,0.86602540378444,0.));
#9109=DIRECTION('',(0.866025403784439,-0.5,0.));
#9110=DIRECTION('',(0.5,0.866025403784439,0.));
#9111=DIRECTION('',(0.,0.,1.));
#9112=DIRECTION('',(0.,0.,1.));
#9113=DIRECTION('',(0.,-1.,0.));
#9114=DIRECTION('',(0.,0.,-1.));
#9115=DIRECTION('',(0.,0.,1.));
#9116=DIRECTION('',(-0.86602540378444,-0.5,0.));
#9117=DIRECTION('',(0.5,-0.86602540378444,0.));
#9118=DIRECTION('',(0.,0.,1.));
#9119=DIRECTION('',(-0.866025403784439,0.5,0.));
#9120=DIRECTION('',(-0.5,-0.866025403784439,0.));
#9121=DIRECTION('',(0.,0.,1.));
#9122=DIRECTION('',(0.,1.,0.));
#9123=DIRECTION('',(0.,0.,1.));
#9124=DIRECTION('',(0.,0.,1.));
#9125=DIRECTION('',(0.86602540378444,0.5,0.));
#9126=DIRECTION('',(-0.5,0.86602540378444,0.));
#9127=DIRECTION('',(0.866025403784439,-0.5,0.));
#9128=DIRECTION('',(0.5,0.866025403784439,0.));
#9129=DIRECTION('',(0.,0.,1.));
#9130=DIRECTION('',(0.,0.,1.));
#9131=DIRECTION('',(0.,-1.,0.));
#9132=DIRECTION('',(0.,0.,-1.));
#9133=DIRECTION('',(0.,0.,1.));
#9134=DIRECTION('',(-0.86602540378444,-0.5,0.));
#9135=DIRECTION('',(0.5,-0.86602540378444,0.));
#9136=DIRECTION('',(0.,0.,1.));
#9137=DIRECTION('',(-0.866025403784439,0.5,0.));
#9138=DIRECTION('',(-0.5,-0.866025403784439,0.));
#9139=DIRECTION('',(0.,0.,1.));
#9140=DIRECTION('',(0.,1.,0.));
#9141=DIRECTION('',(0.,0.,1.));
#9142=DIRECTION('',(0.,0.,1.));
#9143=DIRECTION('',(0.86602540378444,0.5,0.));
#9144=DIRECTION('',(-0.5,0.86602540378444,0.));
#9145=DIRECTION('',(0.866025403784438,-0.5,0.));
#9146=DIRECTION('',(0.5,0.866025403784439,0.));
#9147=DIRECTION('',(0.,0.,1.));
#9148=DIRECTION('',(0.,0.,1.));
#9149=DIRECTION('',(0.,-1.,0.));
#9150=DIRECTION('',(0.,0.,-1.));
#9151=DIRECTION('',(0.,0.,1.));
#9152=DIRECTION('',(-0.866025403784439,-0.5,0.));
#9153=DIRECTION('',(0.5,-0.86602540378444,0.));
#9154=DIRECTION('',(0.,0.,1.));
#9155=DIRECTION('',(-0.866025403784438,0.5,0.));
#9156=DIRECTION('',(-0.5,-0.866025403784438,0.));
#9157=DIRECTION('',(0.,0.,1.));
#9158=DIRECTION('',(0.,1.,0.));
#9159=DIRECTION('',(0.,0.,1.));
#9160=DIRECTION('',(0.,0.,1.));
#9161=DIRECTION('',(0.866025403784439,0.5,0.));
#9162=DIRECTION('',(-0.5,0.86602540378444,0.));
#9163=DIRECTION('',(0.866025403784438,-0.5,0.));
#9164=DIRECTION('',(0.5,0.866025403784439,0.));
#9165=DIRECTION('',(0.,0.,1.));
#9166=DIRECTION('',(0.,0.,1.));
#9167=DIRECTION('',(0.,-1.,0.));
#9168=DIRECTION('',(0.,0.,-1.));
#9169=DIRECTION('',(0.,0.,1.));
#9170=DIRECTION('',(-0.866025403784441,-0.5,0.));
#9171=DIRECTION('',(0.5,-0.866025403784441,0.));
#9172=DIRECTION('',(0.,0.,1.));
#9173=DIRECTION('',(-0.866025403784439,0.5,0.));
#9174=DIRECTION('',(-0.5,-0.866025403784439,0.));
#9175=DIRECTION('',(0.,0.,1.));
#9176=DIRECTION('',(0.,1.,0.));
#9177=DIRECTION('',(0.,0.,1.));
#9178=DIRECTION('',(0.,0.,1.));
#9179=DIRECTION('',(0.866025403784441,0.5,0.));
#9180=DIRECTION('',(-0.5,0.866025403784441,0.));
#9181=DIRECTION('',(0.866025403784438,-0.5,0.));
#9182=DIRECTION('',(0.5,0.866025403784439,0.));
#9183=DIRECTION('',(0.,0.,1.));
#9184=DIRECTION('',(0.,0.,1.));
#9185=DIRECTION('',(0.,-1.,0.));
#9186=DIRECTION('',(0.,0.,-1.));
#9187=DIRECTION('',(0.,0.,1.));
#9188=DIRECTION('',(-0.866025403784441,-0.5,0.));
#9189=DIRECTION('',(0.5,-0.866025403784441,0.));
#9190=DIRECTION('',(0.,0.,1.));
#9191=DIRECTION('',(-0.866025403784438,0.5,0.));
#9192=DIRECTION('',(-0.5,-0.866025403784438,0.));
#9193=DIRECTION('',(0.,0.,1.));
#9194=DIRECTION('',(0.,1.,0.));
#9195=DIRECTION('',(0.,0.,1.));
#9196=DIRECTION('',(0.,0.,1.));
#9197=DIRECTION('',(0.866025403784439,0.5,0.));
#9198=DIRECTION('',(-0.5,0.86602540378444,0.));
#9199=DIRECTION('',(0.,-1.,0.));
#9200=DIRECTION('',(0.,0.,-1.));
#9201=DIRECTION('',(0.,0.,1.));
#9202=DIRECTION('',(0.,0.,1.));
#9203=DIRECTION('',(-0.866025403784439,-0.5,0.));
#9204=DIRECTION('',(0.5,-0.86602540378444,0.));
#9205=DIRECTION('',(0.,0.,1.));
#9206=DIRECTION('',(-0.866025403784439,0.5,0.));
#9207=DIRECTION('',(-0.5,-0.866025403784439,0.));
#9208=DIRECTION('',(0.,0.,1.));
#9209=DIRECTION('',(0.,1.,0.));
#9210=DIRECTION('',(0.,0.,1.));
#9211=DIRECTION('',(0.,0.,1.));
#9212=DIRECTION('',(0.866025403784438,0.5,0.));
#9213=DIRECTION('',(-0.5,0.866025403784438,0.));
#9214=DIRECTION('',(0.,0.,1.));
#9215=DIRECTION('',(0.866025403784438,-0.5,0.));
#9216=DIRECTION('',(0.5,0.866025403784438,0.));
#9217=DIRECTION('',(0.,-1.,0.));
#9218=DIRECTION('',(0.,0.,-1.));
#9219=DIRECTION('',(0.,0.,1.));
#9220=DIRECTION('',(0.,0.,1.));
#9221=DIRECTION('',(-0.866025403784438,-0.5,0.));
#9222=DIRECTION('',(0.5,-0.866025403784438,0.));
#9223=DIRECTION('',(0.,0.,1.));
#9224=DIRECTION('',(-0.866025403784438,0.5,0.));
#9225=DIRECTION('',(-0.5,-0.866025403784438,0.));
#9226=DIRECTION('',(0.,0.,1.));
#9227=DIRECTION('',(0.,1.,0.));
#9228=DIRECTION('',(0.,0.,1.));
#9229=DIRECTION('',(0.,0.,1.));
#9230=DIRECTION('',(0.866025403784439,0.5,0.));
#9231=DIRECTION('',(-0.5,0.86602540378444,0.));
#9232=DIRECTION('',(0.,0.,1.));
#9233=DIRECTION('',(0.866025403784438,-0.5,0.));
#9234=DIRECTION('',(0.5,0.866025403784438,0.));
#9235=DIRECTION('',(0.,-1.,0.));
#9236=DIRECTION('',(0.,0.,-1.));
#9237=DIRECTION('',(0.,0.,1.));
#9238=DIRECTION('',(0.,0.,1.));
#9239=DIRECTION('',(-0.866025403784438,-0.5,0.));
#9240=DIRECTION('',(0.5,-0.866025403784438,0.));
#9241=DIRECTION('',(0.,0.,1.));
#9242=DIRECTION('',(-0.866025403784439,0.5,0.));
#9243=DIRECTION('',(-0.5,-0.866025403784439,0.));
#9244=DIRECTION('',(0.,0.,1.));
#9245=DIRECTION('',(0.,1.,0.));
#9246=DIRECTION('',(0.,0.,1.));
#9247=DIRECTION('',(0.,0.,1.));
#9248=DIRECTION('',(0.866025403784439,0.5,0.));
#9249=DIRECTION('',(-0.5,0.86602540378444,0.));
#9250=DIRECTION('',(0.,0.,1.));
#9251=DIRECTION('',(0.866025403784438,-0.5,0.));
#9252=DIRECTION('',(0.5,0.866025403784438,0.));
#9253=DIRECTION('',(0.,-1.,0.));
#9254=DIRECTION('',(0.,0.,-1.));
#9255=DIRECTION('',(0.,0.,1.));
#9256=DIRECTION('',(0.,0.,1.));
#9257=DIRECTION('',(-0.866025403784439,-0.5,0.));
#9258=DIRECTION('',(0.5,-0.866025403784439,0.));
#9259=DIRECTION('',(0.,0.,1.));
#9260=DIRECTION('',(-0.866025403784438,0.5,0.));
#9261=DIRECTION('',(-0.5,-0.866025403784438,0.));
#9262=DIRECTION('',(0.,0.,1.));
#9263=DIRECTION('',(0.,1.,0.));
#9264=DIRECTION('',(0.,0.,1.));
#9265=DIRECTION('',(0.,0.,1.));
#9266=DIRECTION('',(0.866025403784438,0.5,0.));
#9267=DIRECTION('',(-0.5,0.866025403784438,0.));
#9268=DIRECTION('',(0.,0.,1.));
#9269=DIRECTION('',(0.866025403784438,-0.5,0.));
#9270=DIRECTION('',(0.5,0.866025403784438,0.));
#9271=DIRECTION('',(0.,-1.,0.));
#9272=DIRECTION('',(0.,0.,-1.));
#9273=DIRECTION('',(0.,0.,1.));
#9274=DIRECTION('',(0.,0.,1.));
#9275=DIRECTION('',(-0.866025403784439,-0.5,0.));
#9276=DIRECTION('',(0.5,-0.866025403784439,0.));
#9277=DIRECTION('',(0.,0.,1.));
#9278=DIRECTION('',(-0.866025403784438,0.5,0.));
#9279=DIRECTION('',(-0.5,-0.866025403784438,0.));
#9280=DIRECTION('',(0.,0.,1.));
#9281=DIRECTION('',(0.,1.,0.));
#9282=DIRECTION('',(0.,0.,1.));
#9283=DIRECTION('',(0.,0.,1.));
#9284=DIRECTION('',(0.866025403784439,0.5,0.));
#9285=DIRECTION('',(-0.5,0.866025403784439,0.));
#9286=DIRECTION('',(0.,0.,1.));
#9287=DIRECTION('',(0.866025403784438,-0.5,0.));
#9288=DIRECTION('',(0.5,0.866025403784438,0.));
#9289=DIRECTION('',(0.866025403784438,-0.5,0.));
#9290=DIRECTION('',(0.5,0.866025403784439,0.));
#9291=DIRECTION('',(0.,0.,1.));
#9292=DIRECTION('',(0.,0.,1.));
#9293=DIRECTION('',(0.,-1.,0.));
#9294=DIRECTION('',(0.,0.,-1.));
#9295=DIRECTION('',(0.,0.,1.));
#9296=DIRECTION('',(-0.866025403784439,-0.5,0.));
#9297=DIRECTION('',(0.5,-0.86602540378444,0.));
#9298=DIRECTION('',(0.,0.,1.));
#9299=DIRECTION('',(-0.866025403784438,0.5,0.));
#9300=DIRECTION('',(-0.5,-0.866025403784438,0.));
#9301=DIRECTION('',(0.,0.,1.));
#9302=DIRECTION('',(0.,1.,0.));
#9303=DIRECTION('',(0.,0.,1.));
#9304=DIRECTION('',(0.,0.,1.));
#9305=DIRECTION('',(0.866025403784441,0.5,0.));
#9306=DIRECTION('',(-0.5,0.866025403784441,0.));
#9307=DIRECTION('',(0.866025403784438,-0.5,0.));
#9308=DIRECTION('',(0.5,0.866025403784439,0.));
#9309=DIRECTION('',(0.,0.,1.));
#9310=DIRECTION('',(0.,0.,1.));
#9311=DIRECTION('',(0.,-1.,0.));
#9312=DIRECTION('',(0.,0.,-1.));
#9313=DIRECTION('',(0.,0.,1.));
#9314=DIRECTION('',(-0.866025403784441,-0.5,0.));
#9315=DIRECTION('',(0.5,-0.866025403784441,0.));
#9316=DIRECTION('',(0.,0.,1.));
#9317=DIRECTION('',(-0.866025403784438,0.5,0.));
#9318=DIRECTION('',(-0.5,-0.866025403784438,0.));
#9319=DIRECTION('',(0.,0.,1.));
#9320=DIRECTION('',(0.,1.,0.));
#9321=DIRECTION('',(0.,0.,1.));
#9322=DIRECTION('',(0.,0.,1.));
#9323=DIRECTION('',(0.866025403784439,0.5,0.));
#9324=DIRECTION('',(-0.5,0.86602540378444,0.));
#9325=DIRECTION('',(-2.50385766456192E-16,-1.,0.));
#9326=DIRECTION('',(1.,-2.50385766456192E-16,0.));
#9327=DIRECTION('',(0.,0.,1.));
#9328=DIRECTION('',(0.,0.,1.));
#9329=DIRECTION('',(-0.866025403784439,-0.5,0.));
#9330=DIRECTION('',(0.5,-0.866025403784439,0.));
#9331=DIRECTION('',(0.,0.,1.));
#9332=DIRECTION('',(-0.866025403784439,0.5,0.));
#9333=DIRECTION('',(-0.5,-0.866025403784439,0.));
#9334=DIRECTION('',(0.,0.,1.));
#9335=DIRECTION('',(0.,1.,0.));
#9336=DIRECTION('',(0.,0.,1.));
#9337=DIRECTION('',(0.,0.,1.));
#9338=DIRECTION('',(0.866025403784439,0.5,0.));
#9339=DIRECTION('',(-0.5,0.866025403784439,0.));
#9340=DIRECTION('',(0.,0.,1.));
#9341=DIRECTION('',(0.866025403784438,-0.5,0.));
#9342=DIRECTION('',(0.5,0.866025403784438,0.));
#9343=DIRECTION('',(-2.50385766456192E-16,-1.,0.));
#9344=DIRECTION('',(1.,-2.50385766456192E-16,0.));
#9345=DIRECTION('',(0.,0.,1.));
#9346=DIRECTION('',(0.,0.,1.));
#9347=DIRECTION('',(-0.866025403784439,-0.5,0.));
#9348=DIRECTION('',(0.5,-0.866025403784439,0.));
#9349=DIRECTION('',(0.,0.,1.));
#9350=DIRECTION('',(-0.866025403784439,0.5,0.));
#9351=DIRECTION('',(-0.5,-0.866025403784439,0.));
#9352=DIRECTION('',(0.,0.,1.));
#9353=DIRECTION('',(0.,1.,0.));
#9354=DIRECTION('',(0.,0.,1.));
#9355=DIRECTION('',(0.,0.,1.));
#9356=DIRECTION('',(0.866025403784439,0.5,0.));
#9357=DIRECTION('',(-0.5,0.866025403784439,0.));
#9358=DIRECTION('',(0.,0.,1.));
#9359=DIRECTION('',(0.866025403784438,-0.5,0.));
#9360=DIRECTION('',(0.5,0.866025403784438,0.));
#9361=DIRECTION('',(0.866025403784439,-0.5,0.));
#9362=DIRECTION('',(0.5,0.866025403784439,0.));
#9363=DIRECTION('',(0.,0.,1.));
#9364=DIRECTION('',(0.,0.,1.));
#9365=DIRECTION('',(0.,-1.,0.));
#9366=DIRECTION('',(0.,0.,-1.));
#9367=DIRECTION('',(0.,0.,1.));
#9368=DIRECTION('',(-0.86602540378444,-0.5,0.));
#9369=DIRECTION('',(0.5,-0.86602540378444,0.));
#9370=DIRECTION('',(0.,0.,1.));
#9371=DIRECTION('',(-0.866025403784438,0.5,0.));
#9372=DIRECTION('',(-0.5,-0.866025403784438,0.));
#9373=DIRECTION('',(0.,0.,1.));
#9374=DIRECTION('',(1.25192883228096E-16,1.,0.));
#9375=DIRECTION('',(-1.,1.25192883228096E-16,0.));
#9376=DIRECTION('',(0.,0.,1.));
#9377=DIRECTION('',(0.86602540378444,0.5,0.));
#9378=DIRECTION('',(-0.5,0.86602540378444,0.));
#9379=DIRECTION('',(0.866025403784439,-0.5,0.));
#9380=DIRECTION('',(0.5,0.866025403784439,0.));
#9381=DIRECTION('',(0.,0.,1.));
#9382=DIRECTION('',(0.,0.,1.));
#9383=DIRECTION('',(0.,-1.,0.));
#9384=DIRECTION('',(0.,0.,-1.));
#9385=DIRECTION('',(0.,0.,1.));
#9386=DIRECTION('',(-0.86602540378444,-0.5,0.));
#9387=DIRECTION('',(0.5,-0.86602540378444,0.));
#9388=DIRECTION('',(0.,0.,1.));
#9389=DIRECTION('',(-0.866025403784439,0.5,0.));
#9390=DIRECTION('',(-0.5,-0.866025403784439,0.));
#9391=DIRECTION('',(0.,0.,1.));
#9392=DIRECTION('',(1.25192883228097E-16,1.,0.));
#9393=DIRECTION('',(-1.,1.25192883228097E-16,0.));
#9394=DIRECTION('',(0.,0.,1.));
#9395=DIRECTION('',(0.86602540378444,0.5,0.));
#9396=DIRECTION('',(-0.5,0.86602540378444,0.));
#9397=DIRECTION('',(0.866025403784439,-0.5,0.));
#9398=DIRECTION('',(0.5,0.866025403784439,0.));
#9399=DIRECTION('',(0.,0.,1.));
#9400=DIRECTION('',(0.,0.,1.));
#9401=DIRECTION('',(0.,-1.,0.));
#9402=DIRECTION('',(0.,0.,-1.));
#9403=DIRECTION('',(0.,0.,1.));
#9404=DIRECTION('',(-0.866025403784439,-0.5,0.));
#9405=DIRECTION('',(0.5,-0.86602540378444,0.));
#9406=DIRECTION('',(0.,0.,1.));
#9407=DIRECTION('',(-0.866025403784438,0.5,0.));
#9408=DIRECTION('',(-0.5,-0.866025403784438,0.));
#9409=DIRECTION('',(0.,0.,1.));
#9410=DIRECTION('',(0.,1.,0.));
#9411=DIRECTION('',(0.,0.,1.));
#9412=DIRECTION('',(0.,0.,1.));
#9413=DIRECTION('',(0.86602540378444,0.5,0.));
#9414=DIRECTION('',(-0.5,0.86602540378444,0.));
#9415=DIRECTION('',(0.866025403784439,-0.5,0.));
#9416=DIRECTION('',(0.5,0.866025403784439,0.));
#9417=DIRECTION('',(0.,0.,1.));
#9418=DIRECTION('',(0.,0.,1.));
#9419=DIRECTION('',(0.,-1.,0.));
#9420=DIRECTION('',(0.,0.,-1.));
#9421=DIRECTION('',(0.,0.,1.));
#9422=DIRECTION('',(-0.866025403784439,-0.5,0.));
#9423=DIRECTION('',(0.5,-0.86602540378444,0.));
#9424=DIRECTION('',(0.,0.,1.));
#9425=DIRECTION('',(-0.866025403784439,0.5,0.));
#9426=DIRECTION('',(-0.5,-0.866025403784439,0.));
#9427=DIRECTION('',(0.,0.,1.));
#9428=DIRECTION('',(0.,1.,0.));
#9429=DIRECTION('',(0.,0.,1.));
#9430=DIRECTION('',(0.,0.,1.));
#9431=DIRECTION('',(0.866025403784439,0.5,0.));
#9432=DIRECTION('',(-0.5,0.86602540378444,0.));
#9433=DIRECTION('',(0.866025403784438,-0.5,0.));
#9434=DIRECTION('',(0.5,0.866025403784439,0.));
#9435=DIRECTION('',(0.,0.,1.));
#9436=DIRECTION('',(0.,0.,1.));
#9437=DIRECTION('',(0.,-1.,0.));
#9438=DIRECTION('',(0.,0.,-1.));
#9439=DIRECTION('',(0.,0.,1.));
#9440=DIRECTION('',(-0.866025403784439,-0.5,0.));
#9441=DIRECTION('',(0.5,-0.86602540378444,0.));
#9442=DIRECTION('',(0.,0.,1.));
#9443=DIRECTION('',(-0.866025403784438,0.5,0.));
#9444=DIRECTION('',(-0.5,-0.866025403784438,0.));
#9445=DIRECTION('',(0.,0.,1.));
#9446=DIRECTION('',(0.,1.,0.));
#9447=DIRECTION('',(0.,0.,1.));
#9448=DIRECTION('',(0.,0.,1.));
#9449=DIRECTION('',(0.866025403784441,0.5,0.));
#9450=DIRECTION('',(-0.5,0.866025403784441,0.));
#9451=DIRECTION('',(0.866025403784438,-0.5,0.));
#9452=DIRECTION('',(0.5,0.866025403784439,0.));
#9453=DIRECTION('',(0.,0.,1.));
#9454=DIRECTION('',(0.,0.,1.));
#9455=DIRECTION('',(0.,-1.,0.));
#9456=DIRECTION('',(0.,0.,-1.));
#9457=DIRECTION('',(0.,0.,1.));
#9458=DIRECTION('',(-0.866025403784441,-0.5,0.));
#9459=DIRECTION('',(0.5,-0.866025403784441,0.));
#9460=DIRECTION('',(0.,0.,1.));
#9461=DIRECTION('',(-0.866025403784438,0.5,0.));
#9462=DIRECTION('',(-0.5,-0.866025403784438,0.));
#9463=DIRECTION('',(0.,0.,1.));
#9464=DIRECTION('',(0.,1.,0.));
#9465=DIRECTION('',(0.,0.,1.));
#9466=DIRECTION('',(0.,0.,1.));
#9467=DIRECTION('',(0.866025403784439,0.5,0.));
#9468=DIRECTION('',(-0.5,0.86602540378444,0.));
#9469=DIRECTION('',(0.866025403784438,-0.5,0.));
#9470=DIRECTION('',(0.5,0.866025403784439,0.));
#9471=DIRECTION('',(0.,0.,1.));
#9472=DIRECTION('',(0.,0.,1.));
#9473=DIRECTION('',(0.,-1.,0.));
#9474=DIRECTION('',(0.,0.,-1.));
#9475=DIRECTION('',(0.,0.,1.));
#9476=DIRECTION('',(-0.866025403784439,-0.5,0.));
#9477=DIRECTION('',(0.5,-0.86602540378444,0.));
#9478=DIRECTION('',(0.,0.,1.));
#9479=DIRECTION('',(-0.866025403784438,0.5,0.));
#9480=DIRECTION('',(-0.5,-0.866025403784438,0.));
#9481=DIRECTION('',(0.,0.,1.));
#9482=DIRECTION('',(0.,1.,0.));
#9483=DIRECTION('',(0.,0.,1.));
#9484=DIRECTION('',(0.,0.,1.));
#9485=DIRECTION('',(0.866025403784441,0.5,0.));
#9486=DIRECTION('',(-0.5,0.866025403784441,0.));
#9487=DIRECTION('',(0.866025403784439,-0.5,0.));
#9488=DIRECTION('',(0.5,0.866025403784439,0.));
#9489=DIRECTION('',(0.,0.,1.));
#9490=DIRECTION('',(0.,0.,1.));
#9491=DIRECTION('',(0.,-1.,0.));
#9492=DIRECTION('',(0.,0.,-1.));
#9493=DIRECTION('',(0.,0.,1.));
#9494=DIRECTION('',(-0.866025403784439,-0.5,0.));
#9495=DIRECTION('',(0.5,-0.86602540378444,0.));
#9496=DIRECTION('',(0.,0.,1.));
#9497=DIRECTION('',(-0.866025403784438,0.5,0.));
#9498=DIRECTION('',(-0.5,-0.866025403784438,0.));
#9499=DIRECTION('',(0.,0.,1.));
#9500=DIRECTION('',(0.,1.,0.));
#9501=DIRECTION('',(0.,0.,1.));
#9502=DIRECTION('',(0.,0.,1.));
#9503=DIRECTION('',(0.86602540378444,0.5,0.));
#9504=DIRECTION('',(-0.5,0.86602540378444,0.));
#9505=DIRECTION('',(0.,-1.,0.));
#9506=DIRECTION('',(0.,0.,-1.));
#9507=DIRECTION('',(0.,0.,1.));
#9508=DIRECTION('',(0.,0.,1.));
#9509=DIRECTION('',(-0.866025403784439,-0.5,0.));
#9510=DIRECTION('',(0.5,-0.866025403784439,0.));
#9511=DIRECTION('',(0.,0.,1.));
#9512=DIRECTION('',(-0.866025403784438,0.5,0.));
#9513=DIRECTION('',(-0.5,-0.866025403784438,0.));
#9514=DIRECTION('',(0.,0.,1.));
#9515=DIRECTION('',(0.,1.,0.));
#9516=DIRECTION('',(0.,0.,1.));
#9517=DIRECTION('',(0.,0.,1.));
#9518=DIRECTION('',(0.866025403784438,0.5,0.));
#9519=DIRECTION('',(-0.5,0.866025403784438,0.));
#9520=DIRECTION('',(0.,0.,1.));
#9521=DIRECTION('',(0.86602540378444,-0.5,0.));
#9522=DIRECTION('',(0.5,0.86602540378444,0.));
#9523=DIRECTION('',(0.,-1.,0.));
#9524=DIRECTION('',(0.,0.,-1.));
#9525=DIRECTION('',(0.,0.,1.));
#9526=DIRECTION('',(0.,0.,1.));
#9527=DIRECTION('',(-0.866025403784439,-0.5,0.));
#9528=DIRECTION('',(0.5,-0.86602540378444,0.));
#9529=DIRECTION('',(0.,0.,1.));
#9530=DIRECTION('',(-0.866025403784438,0.5,0.));
#9531=DIRECTION('',(-0.5,-0.866025403784438,0.));
#9532=DIRECTION('',(0.,0.,1.));
#9533=DIRECTION('',(0.,1.,0.));
#9534=DIRECTION('',(0.,0.,1.));
#9535=DIRECTION('',(0.,0.,1.));
#9536=DIRECTION('',(0.866025403784439,0.5,0.));
#9537=DIRECTION('',(-0.5,0.866025403784439,0.));
#9538=DIRECTION('',(0.,0.,1.));
#9539=DIRECTION('',(0.866025403784438,-0.5,0.));
#9540=DIRECTION('',(0.5,0.866025403784438,0.));
#9541=DIRECTION('',(0.,-1.,0.));
#9542=DIRECTION('',(0.,0.,-1.));
#9543=DIRECTION('',(0.,0.,1.));
#9544=DIRECTION('',(0.,0.,1.));
#9545=DIRECTION('',(-0.866025403784439,-0.5,0.));
#9546=DIRECTION('',(0.5,-0.866025403784439,0.));
#9547=DIRECTION('',(0.,0.,1.));
#9548=DIRECTION('',(-0.866025403784438,0.5,0.));
#9549=DIRECTION('',(-0.5,-0.866025403784438,0.));
#9550=DIRECTION('',(0.,0.,1.));
#9551=DIRECTION('',(0.,1.,0.));
#9552=DIRECTION('',(0.,0.,1.));
#9553=DIRECTION('',(0.,0.,1.));
#9554=DIRECTION('',(0.866025403784439,0.5,0.));
#9555=DIRECTION('',(-0.5,0.866025403784439,0.));
#9556=DIRECTION('',(0.,0.,1.));
#9557=DIRECTION('',(0.866025403784439,-0.5,0.));
#9558=DIRECTION('',(0.5,0.866025403784439,0.));
#9559=DIRECTION('',(0.866025403784439,-0.5,0.));
#9560=DIRECTION('',(0.5,0.866025403784439,0.));
#9561=DIRECTION('',(0.,0.,1.));
#9562=DIRECTION('',(0.,0.,1.));
#9563=DIRECTION('',(0.,-1.,0.));
#9564=DIRECTION('',(0.,0.,-1.));
#9565=DIRECTION('',(0.,0.,1.));
#9566=DIRECTION('',(-0.866025403784439,-0.5,0.));
#9567=DIRECTION('',(0.5,-0.86602540378444,0.));
#9568=DIRECTION('',(0.,0.,1.));
#9569=DIRECTION('',(-0.866025403784438,0.5,0.));
#9570=DIRECTION('',(-0.5,-0.866025403784438,0.));
#9571=DIRECTION('',(0.,0.,1.));
#9572=DIRECTION('',(0.,1.,0.));
#9573=DIRECTION('',(0.,0.,1.));
#9574=DIRECTION('',(0.,0.,1.));
#9575=DIRECTION('',(0.86602540378444,0.5,0.));
#9576=DIRECTION('',(-0.5,0.86602540378444,0.));
#9577=DIRECTION('',(0.866025403784438,-0.5,0.));
#9578=DIRECTION('',(0.5,0.866025403784439,0.));
#9579=DIRECTION('',(0.,0.,1.));
#9580=DIRECTION('',(0.,0.,1.));
#9581=DIRECTION('',(0.,-1.,0.));
#9582=DIRECTION('',(0.,0.,-1.));
#9583=DIRECTION('',(0.,0.,1.));
#9584=DIRECTION('',(-0.866025403784441,-0.5,0.));
#9585=DIRECTION('',(0.5,-0.866025403784441,0.));
#9586=DIRECTION('',(0.,0.,1.));
#9587=DIRECTION('',(-0.866025403784438,0.5,0.));
#9588=DIRECTION('',(-0.5,-0.866025403784438,0.));
#9589=DIRECTION('',(0.,0.,1.));
#9590=DIRECTION('',(0.,1.,0.));
#9591=DIRECTION('',(0.,0.,1.));
#9592=DIRECTION('',(0.,0.,1.));
#9593=DIRECTION('',(0.866025403784439,0.5,0.));
#9594=DIRECTION('',(-0.5,0.86602540378444,0.));
#9595=DIRECTION('',(0.866025403784438,-0.5,0.));
#9596=DIRECTION('',(0.5,0.866025403784438,0.));
#9597=DIRECTION('',(0.,0.,1.));
#9598=DIRECTION('',(0.,0.,1.));
#9599=DIRECTION('',(0.,-1.,0.));
#9600=DIRECTION('',(0.,0.,-1.));
#9601=DIRECTION('',(0.,0.,1.));
#9602=DIRECTION('',(-0.866025403784439,-0.5,0.));
#9603=DIRECTION('',(0.5,-0.86602540378444,0.));
#9604=DIRECTION('',(0.,0.,1.));
#9605=DIRECTION('',(-0.866025403784438,0.5,0.));
#9606=DIRECTION('',(-0.5,-0.866025403784438,0.));
#9607=DIRECTION('',(0.,0.,1.));
#9608=DIRECTION('',(0.,1.,0.));
#9609=DIRECTION('',(0.,0.,1.));
#9610=DIRECTION('',(0.,0.,1.));
#9611=DIRECTION('',(0.866025403784441,0.5,0.));
#9612=DIRECTION('',(-0.5,0.866025403784441,0.));
#9613=DIRECTION('',(0.,-1.,0.));
#9614=DIRECTION('',(0.,0.,-1.));
#9615=DIRECTION('',(0.,0.,1.));
#9616=DIRECTION('',(0.,0.,1.));
#9617=DIRECTION('',(-0.866025403784438,-0.5,0.));
#9618=DIRECTION('',(0.5,-0.866025403784438,0.));
#9619=DIRECTION('',(0.,0.,1.));
#9620=DIRECTION('',(-0.866025403784439,0.5,0.));
#9621=DIRECTION('',(-0.5,-0.866025403784439,0.));
#9622=DIRECTION('',(0.,0.,1.));
#9623=DIRECTION('',(0.,1.,0.));
#9624=DIRECTION('',(0.,0.,1.));
#9625=DIRECTION('',(0.,0.,1.));
#9626=DIRECTION('',(0.866025403784439,0.5,0.));
#9627=DIRECTION('',(-0.5,0.86602540378444,0.));
#9628=DIRECTION('',(0.,0.,1.));
#9629=DIRECTION('',(0.866025403784438,-0.5,0.));
#9630=DIRECTION('',(0.5,0.866025403784438,0.));
#9631=DIRECTION('',(0.,-1.,0.));
#9632=DIRECTION('',(0.,0.,-1.));
#9633=DIRECTION('',(0.,0.,1.));
#9634=DIRECTION('',(0.,0.,1.));
#9635=DIRECTION('',(-0.866025403784438,-0.5,0.));
#9636=DIRECTION('',(0.5,-0.866025403784438,0.));
#9637=DIRECTION('',(0.,0.,1.));
#9638=DIRECTION('',(-0.866025403784439,0.5,0.));
#9639=DIRECTION('',(-0.5,-0.866025403784439,0.));
#9640=DIRECTION('',(0.,0.,1.));
#9641=DIRECTION('',(0.,1.,0.));
#9642=DIRECTION('',(0.,0.,1.));
#9643=DIRECTION('',(0.,0.,1.));
#9644=DIRECTION('',(0.866025403784439,0.5,0.));
#9645=DIRECTION('',(-0.5,0.86602540378444,0.));
#9646=DIRECTION('',(0.,0.,1.));
#9647=DIRECTION('',(0.866025403784438,-0.5,0.));
#9648=DIRECTION('',(0.5,0.866025403784438,0.));
#9649=DIRECTION('',(0.,-1.,0.));
#9650=DIRECTION('',(0.,0.,-1.));
#9651=DIRECTION('',(0.,0.,1.));
#9652=DIRECTION('',(0.,0.,1.));
#9653=DIRECTION('',(-0.86602540378444,-0.5,0.));
#9654=DIRECTION('',(0.5,-0.86602540378444,0.));
#9655=DIRECTION('',(0.,0.,1.));
#9656=DIRECTION('',(-0.866025403784439,0.5,0.));
#9657=DIRECTION('',(-0.5,-0.866025403784439,0.));
#9658=DIRECTION('',(0.,0.,1.));
#9659=DIRECTION('',(0.,1.,0.));
#9660=DIRECTION('',(0.,0.,1.));
#9661=DIRECTION('',(0.,0.,1.));
#9662=DIRECTION('',(0.866025403784438,0.5,0.));
#9663=DIRECTION('',(-0.5,0.866025403784438,0.));
#9664=DIRECTION('',(0.,0.,1.));
#9665=DIRECTION('',(0.866025403784438,-0.5,0.));
#9666=DIRECTION('',(0.5,0.866025403784438,0.));
#9667=DIRECTION('',(0.,-1.,0.));
#9668=DIRECTION('',(0.,0.,-1.));
#9669=DIRECTION('',(0.,0.,1.));
#9670=DIRECTION('',(0.,0.,1.));
#9671=DIRECTION('',(-0.866025403784439,-0.5,0.));
#9672=DIRECTION('',(0.5,-0.866025403784439,0.));
#9673=DIRECTION('',(0.,0.,1.));
#9674=DIRECTION('',(-0.866025403784439,0.5,0.));
#9675=DIRECTION('',(-0.5,-0.866025403784439,0.));
#9676=DIRECTION('',(0.,0.,1.));
#9677=DIRECTION('',(0.,1.,0.));
#9678=DIRECTION('',(0.,0.,1.));
#9679=DIRECTION('',(0.,0.,1.));
#9680=DIRECTION('',(0.866025403784439,0.5,0.));
#9681=DIRECTION('',(-0.5,0.866025403784439,0.));
#9682=DIRECTION('',(0.,0.,1.));
#9683=DIRECTION('',(0.866025403784438,-0.5,0.));
#9684=DIRECTION('',(0.5,0.866025403784438,0.));
#9685=DIRECTION('',(0.,-1.,0.));
#9686=DIRECTION('',(0.,0.,-1.));
#9687=DIRECTION('',(0.,0.,1.));
#9688=DIRECTION('',(0.,0.,1.));
#9689=DIRECTION('',(-0.866025403784439,-0.5,0.));
#9690=DIRECTION('',(0.5,-0.866025403784439,0.));
#9691=DIRECTION('',(0.,0.,1.));
#9692=DIRECTION('',(-0.866025403784439,0.5,0.));
#9693=DIRECTION('',(-0.5,-0.866025403784439,0.));
#9694=DIRECTION('',(0.,0.,1.));
#9695=DIRECTION('',(0.,1.,0.));
#9696=DIRECTION('',(0.,0.,1.));
#9697=DIRECTION('',(0.,0.,1.));
#9698=DIRECTION('',(0.866025403784439,0.5,0.));
#9699=DIRECTION('',(-0.5,0.866025403784439,0.));
#9700=DIRECTION('',(0.,0.,1.));
#9701=DIRECTION('',(0.866025403784438,-0.5,0.));
#9702=DIRECTION('',(0.5,0.866025403784438,0.));
#9703=DIRECTION('',(0.,-1.,0.));
#9704=DIRECTION('',(0.,0.,-1.));
#9705=DIRECTION('',(0.,0.,1.));
#9706=DIRECTION('',(0.,0.,1.));
#9707=DIRECTION('',(-0.866025403784439,-0.5,0.));
#9708=DIRECTION('',(0.5,-0.866025403784439,0.));
#9709=DIRECTION('',(0.,0.,1.));
#9710=DIRECTION('',(-0.866025403784439,0.5,0.));
#9711=DIRECTION('',(-0.5,-0.866025403784439,0.));
#9712=DIRECTION('',(0.,0.,1.));
#9713=DIRECTION('',(0.,1.,0.));
#9714=DIRECTION('',(0.,0.,1.));
#9715=DIRECTION('',(0.,0.,1.));
#9716=DIRECTION('',(0.866025403784439,0.5,0.));
#9717=DIRECTION('',(-0.5,0.866025403784439,0.));
#9718=DIRECTION('',(0.,0.,1.));
#9719=DIRECTION('',(0.866025403784438,-0.5,0.));
#9720=DIRECTION('',(0.5,0.866025403784438,0.));
#9721=DIRECTION('',(0.,-1.,0.));
#9722=DIRECTION('',(0.,0.,-1.));
#9723=DIRECTION('',(0.,0.,1.));
#9724=DIRECTION('',(0.,0.,1.));
#9725=DIRECTION('',(-0.86602540378444,-0.5,0.));
#9726=DIRECTION('',(0.5,-0.86602540378444,0.));
#9727=DIRECTION('',(0.,0.,1.));
#9728=DIRECTION('',(-0.866025403784439,0.5,0.));
#9729=DIRECTION('',(-0.5,-0.866025403784439,0.));
#9730=DIRECTION('',(0.,0.,1.));
#9731=DIRECTION('',(0.,1.,0.));
#9732=DIRECTION('',(0.,0.,1.));
#9733=DIRECTION('',(0.,0.,1.));
#9734=DIRECTION('',(0.866025403784438,0.5,0.));
#9735=DIRECTION('',(-0.5,0.866025403784438,0.));
#9736=DIRECTION('',(0.,0.,1.));
#9737=DIRECTION('',(0.866025403784438,-0.5,0.));
#9738=DIRECTION('',(0.5,0.866025403784438,0.));
#9739=DIRECTION('',(0.,-1.,0.));
#9740=DIRECTION('',(0.,0.,-1.));
#9741=DIRECTION('',(0.,0.,1.));
#9742=DIRECTION('',(0.,0.,1.));
#9743=DIRECTION('',(-0.866025403784439,-0.5,0.));
#9744=DIRECTION('',(0.5,-0.86602540378444,0.));
#9745=DIRECTION('',(0.,0.,1.));
#9746=DIRECTION('',(-0.866025403784439,0.5,0.));
#9747=DIRECTION('',(-0.5,-0.866025403784439,0.));
#9748=DIRECTION('',(0.,0.,1.));
#9749=DIRECTION('',(0.,1.,0.));
#9750=DIRECTION('',(0.,0.,1.));
#9751=DIRECTION('',(0.,0.,1.));
#9752=DIRECTION('',(0.866025403784438,0.5,0.));
#9753=DIRECTION('',(-0.5,0.866025403784438,0.));
#9754=DIRECTION('',(0.,0.,1.));
#9755=DIRECTION('',(0.866025403784438,-0.5,0.));
#9756=DIRECTION('',(0.5,0.866025403784438,0.));
#9757=DIRECTION('',(0.,-1.,0.));
#9758=DIRECTION('',(0.,0.,-1.));
#9759=DIRECTION('',(0.,0.,1.));
#9760=DIRECTION('',(0.,0.,1.));
#9761=DIRECTION('',(-0.866025403784439,-0.5,0.));
#9762=DIRECTION('',(0.5,-0.866025403784439,0.));
#9763=DIRECTION('',(0.,0.,1.));
#9764=DIRECTION('',(-0.866025403784438,0.5,0.));
#9765=DIRECTION('',(-0.5,-0.866025403784438,0.));
#9766=DIRECTION('',(0.,0.,1.));
#9767=DIRECTION('',(0.,1.,0.));
#9768=DIRECTION('',(0.,0.,1.));
#9769=DIRECTION('',(0.,0.,1.));
#9770=DIRECTION('',(0.866025403784439,0.5,0.));
#9771=DIRECTION('',(-0.5,0.86602540378444,0.));
#9772=DIRECTION('',(0.,0.,1.));
#9773=DIRECTION('',(0.866025403784438,-0.5,0.));
#9774=DIRECTION('',(0.5,0.866025403784438,0.));
#9775=DIRECTION('',(0.,-1.,0.));
#9776=DIRECTION('',(0.,0.,-1.));
#9777=DIRECTION('',(0.,0.,1.));
#9778=DIRECTION('',(0.,0.,1.));
#9779=DIRECTION('',(-0.866025403784439,-0.5,0.));
#9780=DIRECTION('',(0.5,-0.866025403784439,0.));
#9781=DIRECTION('',(0.,0.,1.));
#9782=DIRECTION('',(-0.866025403784438,0.5,0.));
#9783=DIRECTION('',(-0.5,-0.866025403784438,0.));
#9784=DIRECTION('',(0.,0.,1.));
#9785=DIRECTION('',(0.,1.,0.));
#9786=DIRECTION('',(0.,0.,1.));
#9787=DIRECTION('',(0.,0.,1.));
#9788=DIRECTION('',(0.866025403784439,0.5,0.));
#9789=DIRECTION('',(-0.5,0.866025403784439,0.));
#9790=DIRECTION('',(0.,0.,1.));
#9791=DIRECTION('',(0.866025403784438,-0.5,0.));
#9792=DIRECTION('',(0.5,0.866025403784438,0.));
#9793=DIRECTION('',(0.,-1.,0.));
#9794=DIRECTION('',(0.,0.,-1.));
#9795=DIRECTION('',(0.,0.,1.));
#9796=DIRECTION('',(0.,0.,1.));
#9797=DIRECTION('',(-0.866025403784439,-0.5,0.));
#9798=DIRECTION('',(0.5,-0.866025403784439,0.));
#9799=DIRECTION('',(0.,0.,1.));
#9800=DIRECTION('',(-0.866025403784439,0.5,0.));
#9801=DIRECTION('',(-0.5,-0.866025403784439,0.));
#9802=DIRECTION('',(0.,0.,1.));
#9803=DIRECTION('',(0.,1.,0.));
#9804=DIRECTION('',(0.,0.,1.));
#9805=DIRECTION('',(0.,0.,1.));
#9806=DIRECTION('',(0.866025403784439,0.5,0.));
#9807=DIRECTION('',(-0.5,0.866025403784439,0.));
#9808=DIRECTION('',(0.,0.,1.));
#9809=DIRECTION('',(0.866025403784438,-0.5,0.));
#9810=DIRECTION('',(0.5,0.866025403784438,0.));
#9811=DIRECTION('',(0.866025403784439,-0.5,0.));
#9812=DIRECTION('',(0.5,0.866025403784439,0.));
#9813=DIRECTION('',(0.,0.,1.));
#9814=DIRECTION('',(0.,0.,1.));
#9815=DIRECTION('',(0.,-1.,0.));
#9816=DIRECTION('',(0.,0.,-1.));
#9817=DIRECTION('',(0.,0.,1.));
#9818=DIRECTION('',(-0.866025403784439,-0.5,0.));
#9819=DIRECTION('',(0.5,-0.86602540378444,0.));
#9820=DIRECTION('',(0.,0.,1.));
#9821=DIRECTION('',(-0.866025403784439,0.5,0.));
#9822=DIRECTION('',(-0.5,-0.866025403784439,0.));
#9823=DIRECTION('',(0.,0.,1.));
#9824=DIRECTION('',(0.,1.,0.));
#9825=DIRECTION('',(0.,0.,1.));
#9826=DIRECTION('',(0.,0.,1.));
#9827=DIRECTION('',(0.866025403784439,0.5,0.));
#9828=DIRECTION('',(-0.5,0.86602540378444,0.));
#9829=DIRECTION('',(0.866025403784439,-0.5,0.));
#9830=DIRECTION('',(0.5,0.866025403784439,0.));
#9831=DIRECTION('',(0.,0.,1.));
#9832=DIRECTION('',(0.,0.,1.));
#9833=DIRECTION('',(0.,-1.,0.));
#9834=DIRECTION('',(0.,0.,-1.));
#9835=DIRECTION('',(0.,0.,1.));
#9836=DIRECTION('',(-0.86602540378444,-0.5,0.));
#9837=DIRECTION('',(0.5,-0.86602540378444,0.));
#9838=DIRECTION('',(0.,0.,1.));
#9839=DIRECTION('',(-0.866025403784439,0.5,0.));
#9840=DIRECTION('',(-0.5,-0.866025403784439,0.));
#9841=DIRECTION('',(0.,0.,1.));
#9842=DIRECTION('',(0.,1.,0.));
#9843=DIRECTION('',(0.,0.,1.));
#9844=DIRECTION('',(0.,0.,1.));
#9845=DIRECTION('',(0.86602540378444,0.5,0.));
#9846=DIRECTION('',(-0.5,0.86602540378444,0.));
#9847=DIRECTION('',(0.866025403784438,-0.5,0.));
#9848=DIRECTION('',(0.5,0.866025403784438,0.));
#9849=DIRECTION('',(0.,0.,1.));
#9850=DIRECTION('',(0.,0.,1.));
#9851=DIRECTION('',(0.,-1.,0.));
#9852=DIRECTION('',(0.,0.,-1.));
#9853=DIRECTION('',(0.,0.,1.));
#9854=DIRECTION('',(-0.866025403784439,-0.5,0.));
#9855=DIRECTION('',(0.5,-0.86602540378444,0.));
#9856=DIRECTION('',(0.,0.,1.));
#9857=DIRECTION('',(-0.866025403784438,0.5,0.));
#9858=DIRECTION('',(-0.5,-0.866025403784438,0.));
#9859=DIRECTION('',(0.,0.,1.));
#9860=DIRECTION('',(0.,1.,0.));
#9861=DIRECTION('',(0.,0.,1.));
#9862=DIRECTION('',(0.,0.,1.));
#9863=DIRECTION('',(0.866025403784441,0.5,0.));
#9864=DIRECTION('',(-0.5,0.866025403784441,0.));
#9865=DIRECTION('',(0.866025403784438,-0.5,0.));
#9866=DIRECTION('',(0.5,0.866025403784439,0.));
#9867=DIRECTION('',(0.,0.,1.));
#9868=DIRECTION('',(0.,0.,1.));
#9869=DIRECTION('',(0.,-1.,0.));
#9870=DIRECTION('',(0.,0.,-1.));
#9871=DIRECTION('',(0.,0.,1.));
#9872=DIRECTION('',(-0.866025403784441,-0.5,0.));
#9873=DIRECTION('',(0.5,-0.866025403784441,0.));
#9874=DIRECTION('',(0.,0.,1.));
#9875=DIRECTION('',(-0.866025403784438,0.5,0.));
#9876=DIRECTION('',(-0.5,-0.866025403784438,0.));
#9877=DIRECTION('',(0.,0.,1.));
#9878=DIRECTION('',(0.,1.,0.));
#9879=DIRECTION('',(0.,0.,1.));
#9880=DIRECTION('',(0.,0.,1.));
#9881=DIRECTION('',(0.866025403784439,0.5,0.));
#9882=DIRECTION('',(-0.5,0.86602540378444,0.));
#9883=DIRECTION('',(0.866025403784438,-0.5,0.));
#9884=DIRECTION('',(0.5,0.866025403784439,0.));
#9885=DIRECTION('',(0.,0.,1.));
#9886=DIRECTION('',(0.,0.,1.));
#9887=DIRECTION('',(0.,-1.,0.));
#9888=DIRECTION('',(0.,0.,-1.));
#9889=DIRECTION('',(0.,0.,1.));
#9890=DIRECTION('',(-0.866025403784439,-0.5,0.));
#9891=DIRECTION('',(0.5,-0.86602540378444,0.));
#9892=DIRECTION('',(0.,0.,1.));
#9893=DIRECTION('',(-0.866025403784438,0.5,0.));
#9894=DIRECTION('',(-0.5,-0.866025403784438,0.));
#9895=DIRECTION('',(0.,0.,1.));
#9896=DIRECTION('',(0.,1.,0.));
#9897=DIRECTION('',(0.,0.,1.));
#9898=DIRECTION('',(0.,0.,1.));
#9899=DIRECTION('',(0.866025403784441,0.5,0.));
#9900=DIRECTION('',(-0.5,0.866025403784441,0.));
#9901=DIRECTION('',(0.866025403784438,-0.5,0.));
#9902=DIRECTION('',(0.5,0.866025403784439,0.));
#9903=DIRECTION('',(0.,0.,1.));
#9904=DIRECTION('',(0.,0.,1.));
#9905=DIRECTION('',(0.,-1.,0.));
#9906=DIRECTION('',(0.,0.,-1.));
#9907=DIRECTION('',(0.,0.,1.));
#9908=DIRECTION('',(-0.866025403784441,-0.5,0.));
#9909=DIRECTION('',(0.5,-0.866025403784441,0.));
#9910=DIRECTION('',(0.,0.,1.));
#9911=DIRECTION('',(-0.866025403784438,0.5,0.));
#9912=DIRECTION('',(-0.5,-0.866025403784438,0.));
#9913=DIRECTION('',(0.,0.,1.));
#9914=DIRECTION('',(0.,1.,0.));
#9915=DIRECTION('',(0.,0.,1.));
#9916=DIRECTION('',(0.,0.,1.));
#9917=DIRECTION('',(0.866025403784439,0.5,0.));
#9918=DIRECTION('',(-0.5,0.86602540378444,0.));
#9919=DIRECTION('',(0.,-1.,0.));
#9920=DIRECTION('',(0.,0.,-1.));
#9921=DIRECTION('',(0.,0.,1.));
#9922=DIRECTION('',(0.,0.,1.));
#9923=DIRECTION('',(-0.866025403784439,-0.5,0.));
#9924=DIRECTION('',(0.5,-0.866025403784439,0.));
#9925=DIRECTION('',(0.,0.,1.));
#9926=DIRECTION('',(-0.866025403784439,0.5,0.));
#9927=DIRECTION('',(-0.5,-0.866025403784439,0.));
#9928=DIRECTION('',(0.,0.,1.));
#9929=DIRECTION('',(0.,1.,0.));
#9930=DIRECTION('',(0.,0.,1.));
#9931=DIRECTION('',(0.,0.,1.));
#9932=DIRECTION('',(0.866025403784439,0.5,0.));
#9933=DIRECTION('',(-0.5,0.866025403784439,0.));
#9934=DIRECTION('',(0.,0.,1.));
#9935=DIRECTION('',(0.866025403784438,-0.5,0.));
#9936=DIRECTION('',(0.5,0.866025403784438,0.));
#9937=DIRECTION('',(0.866025403784439,-0.5,0.));
#9938=DIRECTION('',(0.5,0.866025403784439,0.));
#9939=DIRECTION('',(0.,0.,1.));
#9940=DIRECTION('',(0.,0.,1.));
#9941=DIRECTION('',(0.,-1.,0.));
#9942=DIRECTION('',(0.,0.,-1.));
#9943=DIRECTION('',(0.,0.,1.));
#9944=DIRECTION('',(-0.86602540378444,-0.5,0.));
#9945=DIRECTION('',(0.5,-0.86602540378444,0.));
#9946=DIRECTION('',(0.,0.,1.));
#9947=DIRECTION('',(-0.866025403784438,0.5,0.));
#9948=DIRECTION('',(-0.5,-0.866025403784438,0.));
#9949=DIRECTION('',(0.,0.,1.));
#9950=DIRECTION('',(0.,1.,0.));
#9951=DIRECTION('',(0.,0.,1.));
#9952=DIRECTION('',(0.,0.,1.));
#9953=DIRECTION('',(0.86602540378444,0.5,0.));
#9954=DIRECTION('',(-0.5,0.86602540378444,0.));
#9955=DIRECTION('',(0.866025403784439,-0.5,0.));
#9956=DIRECTION('',(0.5,0.866025403784439,0.));
#9957=DIRECTION('',(0.,0.,1.));
#9958=DIRECTION('',(0.,0.,1.));
#9959=DIRECTION('',(0.,-1.,0.));
#9960=DIRECTION('',(0.,0.,-1.));
#9961=DIRECTION('',(0.,0.,1.));
#9962=DIRECTION('',(-0.866025403784439,-0.5,0.));
#9963=DIRECTION('',(0.5,-0.86602540378444,0.));
#9964=DIRECTION('',(0.,0.,1.));
#9965=DIRECTION('',(-0.866025403784439,0.5,0.));
#9966=DIRECTION('',(-0.5,-0.866025403784439,0.));
#9967=DIRECTION('',(0.,0.,1.));
#9968=DIRECTION('',(0.,1.,0.));
#9969=DIRECTION('',(0.,0.,1.));
#9970=DIRECTION('',(0.,0.,1.));
#9971=DIRECTION('',(0.866025403784439,0.5,0.));
#9972=DIRECTION('',(-0.5,0.86602540378444,0.));
#9973=DIRECTION('',(0.,-1.,0.));
#9974=DIRECTION('',(0.,0.,-1.));
#9975=DIRECTION('',(0.,0.,1.));
#9976=DIRECTION('',(0.,0.,1.));
#9977=DIRECTION('',(-0.866025403784439,-0.5,0.));
#9978=DIRECTION('',(0.5,-0.86602540378444,0.));
#9979=DIRECTION('',(0.,0.,1.));
#9980=DIRECTION('',(-0.866025403784439,0.5,0.));
#9981=DIRECTION('',(-0.5,-0.866025403784439,0.));
#9982=DIRECTION('',(0.,0.,1.));
#9983=DIRECTION('',(0.,1.,0.));
#9984=DIRECTION('',(0.,0.,1.));
#9985=DIRECTION('',(0.,0.,1.));
#9986=DIRECTION('',(0.866025403784438,0.5,0.));
#9987=DIRECTION('',(-0.5,0.866025403784438,0.));
#9988=DIRECTION('',(0.,0.,1.));
#9989=DIRECTION('',(0.866025403784438,-0.5,0.));
#9990=DIRECTION('',(0.5,0.866025403784438,0.));
#9991=DIRECTION('',(0.,-1.,0.));
#9992=DIRECTION('',(0.,0.,-1.));
#9993=DIRECTION('',(0.,0.,1.));
#9994=DIRECTION('',(0.,0.,1.));
#9995=DIRECTION('',(-0.866025403784439,-0.5,0.));
#9996=DIRECTION('',(0.5,-0.86602540378444,0.));
#9997=DIRECTION('',(0.,0.,1.));
#9998=DIRECTION('',(-0.866025403784439,0.5,0.));
#9999=DIRECTION('',(-0.5,-0.866025403784439,0.));
#10000=DIRECTION('',(0.,0.,1.));
#10001=DIRECTION('',(0.,1.,0.));
#10002=DIRECTION('',(0.,0.,1.));
#10003=DIRECTION('',(0.,0.,1.));
#10004=DIRECTION('',(0.866025403784438,0.5,0.));
#10005=DIRECTION('',(-0.5,0.866025403784438,0.));
#10006=DIRECTION('',(0.,0.,1.));
#10007=DIRECTION('',(0.866025403784438,-0.5,0.));
#10008=DIRECTION('',(0.5,0.866025403784438,0.));
#10009=CARTESIAN_POINT('',(0.,0.,0.));
#10010=CARTESIAN_POINT('',(0.0694297983702553,0.,0.126));
#10011=CARTESIAN_POINT('',(0.0949882406793531,-0.04725,0.126));
#10012=CARTESIAN_POINT('',(0.0936892025736765,-0.0495,0.126));
#10013=CARTESIAN_POINT('',(0.0962872787850298,-0.045,0.126));
#10014=CARTESIAN_POINT('',(0.0910911263623231,-0.0495,0.126));
#10015=CARTESIAN_POINT('',(0.0884930501509698,-0.0495,0.126));
#10016=CARTESIAN_POINT('',(0.0871940120452932,-0.04725,0.126));
#10017=CARTESIAN_POINT('',(0.0858949739396165,-0.045,0.126));
#10018=CARTESIAN_POINT('',(0.0871940120452932,-0.04275,0.126));
#10019=CARTESIAN_POINT('',(0.0884930501509698,-0.0405,0.126));
#10020=CARTESIAN_POINT('',(0.0910911263623232,-0.0405,0.126));
#10021=CARTESIAN_POINT('',(0.0936892025736765,-0.0405,0.126));
#10022=CARTESIAN_POINT('',(0.0949882406793531,-0.04275,0.126));
#10023=CARTESIAN_POINT('',(0.109048240679353,-0.04725,0.126));
#10024=CARTESIAN_POINT('',(0.107749202573676,-0.0495,0.126));
#10025=CARTESIAN_POINT('',(0.11034727878503,-0.045,0.126));
#10026=CARTESIAN_POINT('',(0.105151126362323,-0.0495,0.126));
#10027=CARTESIAN_POINT('',(0.10255305015097,-0.0495,0.126));
#10028=CARTESIAN_POINT('',(0.101254012045293,-0.04725,0.126));
#10029=CARTESIAN_POINT('',(0.0999549739396166,-0.045,0.126));
#10030=CARTESIAN_POINT('',(0.101254012045293,-0.04275,0.126));
#10031=CARTESIAN_POINT('',(0.10255305015097,-0.0405,0.126));
#10032=CARTESIAN_POINT('',(0.105151126362323,-0.0405,0.126));
#10033=CARTESIAN_POINT('',(0.107749202573676,-0.0405,0.126));
#10034=CARTESIAN_POINT('',(0.109048240679353,-0.04275,0.126));
#10035=CARTESIAN_POINT('',(0.0457770882566464,-0.05575,0.126));
#10036=CARTESIAN_POINT('',(0.047076126362323,-0.058,0.126));
#10037=CARTESIAN_POINT('',(0.0444780501509697,-0.0535,0.126));
#10038=CARTESIAN_POINT('',(0.0457770882566463,-0.06025,0.126));
#10039=CARTESIAN_POINT('',(0.0444780501509697,-0.0625,0.126));
#10040=CARTESIAN_POINT('',(0.0418799739396164,-0.0625,0.126));
#10041=CARTESIAN_POINT('',(0.039281897728263,-0.0625,0.126));
#10042=CARTESIAN_POINT('',(0.0379828596225864,-0.06025,0.126));
#10043=CARTESIAN_POINT('',(0.0366838215169097,-0.058,0.126));
#10044=CARTESIAN_POINT('',(0.0379828596225864,-0.05575,0.126));
#10045=CARTESIAN_POINT('',(0.039281897728263,-0.0535,0.126));
#10046=CARTESIAN_POINT('',(0.0418799739396164,-0.0535,0.126));
#10047=CARTESIAN_POINT('',(0.0598370882566464,-0.05575,0.126));
#10048=CARTESIAN_POINT('',(0.061136126362323,-0.058,0.126));
#10049=CARTESIAN_POINT('',(0.0585380501509697,-0.0535,0.126));
#10050=CARTESIAN_POINT('',(0.0598370882566463,-0.06025,0.126));
#10051=CARTESIAN_POINT('',(0.0585380501509697,-0.0625,0.126));
#10052=CARTESIAN_POINT('',(0.0559399739396163,-0.0625,0.126));
#10053=CARTESIAN_POINT('',(0.053341897728263,-0.0625,0.126));
#10054=CARTESIAN_POINT('',(0.0520428596225864,-0.06025,0.126));
#10055=CARTESIAN_POINT('',(0.0507438215169097,-0.058,0.126));
#10056=CARTESIAN_POINT('',(0.0520428596225864,-0.05575,0.126));
#10057=CARTESIAN_POINT('',(0.053341897728263,-0.0535,0.126));
#10058=CARTESIAN_POINT('',(0.0559399739396163,-0.0535,0.126));
#10059=CARTESIAN_POINT('',(0.038748240679353,-0.07325,0.126));
#10060=CARTESIAN_POINT('',(0.0374492025736764,-0.0755,0.126));
#10061=CARTESIAN_POINT('',(0.0400472787850297,-0.071,0.126));
#10062=CARTESIAN_POINT('',(0.034851126362323,-0.0755,0.126));
#10063=CARTESIAN_POINT('',(0.0322530501509697,-0.0755,0.126));
#10064=CARTESIAN_POINT('',(0.030954012045293,-0.07325,0.126));
#10065=CARTESIAN_POINT('',(0.0296549739396163,-0.071,0.126));
#10066=CARTESIAN_POINT('',(0.030954012045293,-0.06875,0.126));
#10067=CARTESIAN_POINT('',(0.0322530501509697,-0.0665,0.126));
#10068=CARTESIAN_POINT('',(0.034851126362323,-0.0665,0.126));
#10069=CARTESIAN_POINT('',(0.0374492025736764,-0.0665,0.126));
#10070=CARTESIAN_POINT('',(0.0387482406793529,-0.06875,0.126));
#10071=CARTESIAN_POINT('',(0.102017088256646,-0.05575,0.126));
#10072=CARTESIAN_POINT('',(0.103316126362323,-0.058,0.126));
#10073=CARTESIAN_POINT('',(0.10071805015097,-0.0535,0.126));
#10074=CARTESIAN_POINT('',(0.102017088256646,-0.06025,0.126));
#10075=CARTESIAN_POINT('',(0.10071805015097,-0.0625,0.126));
#10076=CARTESIAN_POINT('',(0.0981199739396163,-0.0625,0.126));
#10077=CARTESIAN_POINT('',(0.095521897728263,-0.0625,0.126));
#10078=CARTESIAN_POINT('',(0.0942228596225863,-0.06025,0.126));
#10079=CARTESIAN_POINT('',(0.0929238215169097,-0.058,0.126));
#10080=CARTESIAN_POINT('',(0.0942228596225863,-0.05575,0.126));
#10081=CARTESIAN_POINT('',(0.095521897728263,-0.0535,0.126));
#10082=CARTESIAN_POINT('',(0.0981199739396163,-0.0535,0.126));
#10083=CARTESIAN_POINT('',(0.0879570882566464,-0.05575,0.126));
#10084=CARTESIAN_POINT('',(0.089256126362323,-0.058,0.126));
#10085=CARTESIAN_POINT('',(0.0866580501509697,-0.0535,0.126));
#10086=CARTESIAN_POINT('',(0.0879570882566463,-0.06025,0.126));
#10087=CARTESIAN_POINT('',(0.0866580501509696,-0.0625,0.126));
#10088=CARTESIAN_POINT('',(0.0840599739396163,-0.0625,0.126));
#10089=CARTESIAN_POINT('',(0.081461897728263,-0.0625,0.126));
#10090=CARTESIAN_POINT('',(0.0801628596225864,-0.06025,0.126));
#10091=CARTESIAN_POINT('',(0.0788638215169097,-0.058,0.126));
#10092=CARTESIAN_POINT('',(0.0801628596225864,-0.05575,0.126));
#10093=CARTESIAN_POINT('',(0.081461897728263,-0.0535,0.126));
#10094=CARTESIAN_POINT('',(0.0840599739396163,-0.0535,0.126));
#10095=CARTESIAN_POINT('',(0.0738970882566463,-0.05575,0.126));
#10096=CARTESIAN_POINT('',(0.075196126362323,-0.058,0.126));
#10097=CARTESIAN_POINT('',(0.0725980501509697,-0.0535,0.126));
#10098=CARTESIAN_POINT('',(0.0738970882566463,-0.06025,0.126));
#10099=CARTESIAN_POINT('',(0.0725980501509696,-0.0625,0.126));
#10100=CARTESIAN_POINT('',(0.0699999739396163,-0.0625,0.126));
#10101=CARTESIAN_POINT('',(0.067401897728263,-0.0625,0.126));
#10102=CARTESIAN_POINT('',(0.0661028596225863,-0.06025,0.126));
#10103=CARTESIAN_POINT('',(0.0648038215169097,-0.058,0.126));
#10104=CARTESIAN_POINT('',(0.0661028596225863,-0.05575,0.126));
#10105=CARTESIAN_POINT('',(0.067401897728263,-0.0535,0.126));
#10106=CARTESIAN_POINT('',(0.0699999739396163,-0.0535,0.126));
#10107=CARTESIAN_POINT('',(0.0738970882566463,0.04825,0.126));
#10108=CARTESIAN_POINT('',(0.0751961263623229,0.046,0.126));
#10109=CARTESIAN_POINT('',(0.0725980501509697,0.0505,0.126));
#10110=CARTESIAN_POINT('',(0.0738970882566463,0.04375,0.126));
#10111=CARTESIAN_POINT('',(0.0725980501509696,0.0415,0.126));
#10112=CARTESIAN_POINT('',(0.0699999739396163,0.0415,0.126));
#10113=CARTESIAN_POINT('',(0.067401897728263,0.0415,0.126));
#10114=CARTESIAN_POINT('',(0.0661028596225863,0.04375,0.126));
#10115=CARTESIAN_POINT('',(0.0648038215169097,0.046,0.126));
#10116=CARTESIAN_POINT('',(0.0661028596225863,0.04825,0.126));
#10117=CARTESIAN_POINT('',(0.067401897728263,0.0505,0.126));
#10118=CARTESIAN_POINT('',(0.0699999739396163,0.0505,0.126));
#10119=CARTESIAN_POINT('',(0.0598370882566463,0.04825,0.126));
#10120=CARTESIAN_POINT('',(0.0611361263623229,0.046,0.126));
#10121=CARTESIAN_POINT('',(0.0585380501509697,0.0505,0.126));
#10122=CARTESIAN_POINT('',(0.0598370882566463,0.04375,0.126));
#10123=CARTESIAN_POINT('',(0.0585380501509696,0.0415,0.126));
#10124=CARTESIAN_POINT('',(0.0559399739396163,0.0415,0.126));
#10125=CARTESIAN_POINT('',(0.053341897728263,0.0415,0.126));
#10126=CARTESIAN_POINT('',(0.0520428596225863,0.04375,0.126));
#10127=CARTESIAN_POINT('',(0.0507438215169097,0.046,0.126));
#10128=CARTESIAN_POINT('',(0.0520428596225863,0.04825,0.126));
#10129=CARTESIAN_POINT('',(0.053341897728263,0.0505,0.126));
#10130=CARTESIAN_POINT('',(0.0559399739396163,0.0505,0.126));
#10131=CARTESIAN_POINT('',(0.0457770882566463,0.04825,0.126));
#10132=CARTESIAN_POINT('',(0.0470761263623229,0.046,0.126));
#10133=CARTESIAN_POINT('',(0.0444780501509697,0.0505,0.126));
#10134=CARTESIAN_POINT('',(0.0457770882566463,0.04375,0.126));
#10135=CARTESIAN_POINT('',(0.0444780501509697,0.0415,0.126));
#10136=CARTESIAN_POINT('',(0.0418799739396163,0.0415,0.126));
#10137=CARTESIAN_POINT('',(0.039281897728263,0.0415,0.126));
#10138=CARTESIAN_POINT('',(0.0379828596225864,0.04375,0.126));
#10139=CARTESIAN_POINT('',(0.0366838215169097,0.046,0.126));
#10140=CARTESIAN_POINT('',(0.0379828596225864,0.04825,0.126));
#10141=CARTESIAN_POINT('',(0.039281897728263,0.0505,0.126));
#10142=CARTESIAN_POINT('',(0.0418799739396164,0.0505,0.126));
#10143=CARTESIAN_POINT('',(0.0387482406793529,0.03075,0.126));
#10144=CARTESIAN_POINT('',(0.0374492025736763,0.0285,0.126));
#10145=CARTESIAN_POINT('',(0.0400472787850297,0.033,0.126));
#10146=CARTESIAN_POINT('',(0.034851126362323,0.0285,0.126));
#10147=CARTESIAN_POINT('',(0.0322530501509697,0.0285,0.126));
#10148=CARTESIAN_POINT('',(0.030954012045293,0.03075,0.126));
#10149=CARTESIAN_POINT('',(0.0296549739396163,0.033,0.126));
#10150=CARTESIAN_POINT('',(0.030954012045293,0.03525,0.126));
#10151=CARTESIAN_POINT('',(0.0322530501509697,0.0375,0.126));
#10152=CARTESIAN_POINT('',(0.034851126362323,0.0375,0.126));
#10153=CARTESIAN_POINT('',(0.0374492025736764,0.0375,0.126));
#10154=CARTESIAN_POINT('',(0.0387482406793529,0.03525,0.126));
#10155=CARTESIAN_POINT('',(0.052808240679353,0.03075,0.126));
#10156=CARTESIAN_POINT('',(0.0515092025736764,0.0285,0.126));
#10157=CARTESIAN_POINT('',(0.0541072787850297,0.033,0.126));
#10158=CARTESIAN_POINT('',(0.048911126362323,0.0285,0.126));
#10159=CARTESIAN_POINT('',(0.0463130501509697,0.0285,0.126));
#10160=CARTESIAN_POINT('',(0.045014012045293,0.03075,0.126));
#10161=CARTESIAN_POINT('',(0.0437149739396164,0.033,0.126));
#10162=CARTESIAN_POINT('',(0.0450140120452931,0.03525,0.126));
#10163=CARTESIAN_POINT('',(0.0463130501509697,0.0375,0.126));
#10164=CARTESIAN_POINT('',(0.048911126362323,0.0375,0.126));
#10165=CARTESIAN_POINT('',(0.0515092025736764,0.0375,0.126));
#10166=CARTESIAN_POINT('',(0.052808240679353,0.03525,0.126));
#10167=CARTESIAN_POINT('',(0.066868240679353,0.03075,0.126));
#10168=CARTESIAN_POINT('',(0.0655692025736764,0.0285,0.126));
#10169=CARTESIAN_POINT('',(0.0681672787850297,0.033,0.126));
#10170=CARTESIAN_POINT('',(0.0629711263623231,0.0285,0.126));
#10171=CARTESIAN_POINT('',(0.0603730501509697,0.0285,0.126));
#10172=CARTESIAN_POINT('',(0.0590740120452931,0.03075,0.126));
#10173=CARTESIAN_POINT('',(0.0577749739396164,0.033,0.126));
#10174=CARTESIAN_POINT('',(0.0590740120452931,0.03525,0.126));
#10175=CARTESIAN_POINT('',(0.0603730501509697,0.0375,0.126));
#10176=CARTESIAN_POINT('',(0.0629711263623231,0.0375,0.126));
#10177=CARTESIAN_POINT('',(0.0655692025736764,0.0375,0.126));
#10178=CARTESIAN_POINT('',(0.066868240679353,0.03525,0.126));
#10179=CARTESIAN_POINT('',(0.0809282406793531,0.03075,0.126));
#10180=CARTESIAN_POINT('',(0.0796292025736764,0.0285,0.126));
#10181=CARTESIAN_POINT('',(0.0822272787850298,0.033,0.126));
#10182=CARTESIAN_POINT('',(0.0770311263623231,0.0285,0.126));
#10183=CARTESIAN_POINT('',(0.0744330501509698,0.0285,0.126));
#10184=CARTESIAN_POINT('',(0.0731340120452931,0.03075,0.126));
#10185=CARTESIAN_POINT('',(0.0718349739396165,0.033,0.126));
#10186=CARTESIAN_POINT('',(0.0731340120452931,0.03525,0.126));
#10187=CARTESIAN_POINT('',(0.0744330501509698,0.0375,0.126));
#10188=CARTESIAN_POINT('',(0.0770311263623231,0.0375,0.126));
#10189=CARTESIAN_POINT('',(0.0796292025736764,0.0375,0.126));
#10190=CARTESIAN_POINT('',(0.0809282406793531,0.03525,0.126));
#10191=CARTESIAN_POINT('',(0.0949882406793531,0.03075,0.126));
#10192=CARTESIAN_POINT('',(0.0936892025736765,0.0285,0.126));
#10193=CARTESIAN_POINT('',(0.0962872787850298,0.033,0.126));
#10194=CARTESIAN_POINT('',(0.0910911263623231,0.0285,0.126));
#10195=CARTESIAN_POINT('',(0.0884930501509698,0.0285,0.126));
#10196=CARTESIAN_POINT('',(0.0871940120452932,0.03075,0.126));
#10197=CARTESIAN_POINT('',(0.0858949739396165,0.033,0.126));
#10198=CARTESIAN_POINT('',(0.0871940120452932,0.03525,0.126));
#10199=CARTESIAN_POINT('',(0.0884930501509698,0.0375,0.126));
#10200=CARTESIAN_POINT('',(0.0910911263623231,0.0375,0.126));
#10201=CARTESIAN_POINT('',(0.0936892025736765,0.0375,0.126));
#10202=CARTESIAN_POINT('',(0.0949882406793531,0.03525,0.126));
#10203=CARTESIAN_POINT('',(0.052808240679353,0.05675,0.126));
#10204=CARTESIAN_POINT('',(0.0515092025736764,0.0545,0.126));
#10205=CARTESIAN_POINT('',(0.0541072787850297,0.059,0.126));
#10206=CARTESIAN_POINT('',(0.048911126362323,0.0545,0.126));
#10207=CARTESIAN_POINT('',(0.0463130501509697,0.0545,0.126));
#10208=CARTESIAN_POINT('',(0.045014012045293,0.05675,0.126));
#10209=CARTESIAN_POINT('',(0.0437149739396164,0.059,0.126));
#10210=CARTESIAN_POINT('',(0.045014012045293,0.06125,0.126));
#10211=CARTESIAN_POINT('',(0.0463130501509697,0.0635,0.126));
#10212=CARTESIAN_POINT('',(0.048911126362323,0.0635,0.126));
#10213=CARTESIAN_POINT('',(0.0515092025736764,0.0635,0.126));
#10214=CARTESIAN_POINT('',(0.052808240679353,0.06125,0.126));
#10215=CARTESIAN_POINT('',(0.0387482406793529,0.05675,0.126));
#10216=CARTESIAN_POINT('',(0.0374492025736763,0.0545,0.126));
#10217=CARTESIAN_POINT('',(0.0400472787850297,0.059,0.126));
#10218=CARTESIAN_POINT('',(0.034851126362323,0.0545,0.126));
#10219=CARTESIAN_POINT('',(0.0322530501509697,0.0545,0.126));
#10220=CARTESIAN_POINT('',(0.030954012045293,0.05675,0.126));
#10221=CARTESIAN_POINT('',(0.0296549739396163,0.059,0.126));
#10222=CARTESIAN_POINT('',(0.030954012045293,0.06125,0.126));
#10223=CARTESIAN_POINT('',(0.0322530501509697,0.0635,0.126));
#10224=CARTESIAN_POINT('',(0.034851126362323,0.0635,0.126));
#10225=CARTESIAN_POINT('',(0.0374492025736763,0.0635,0.126));
#10226=CARTESIAN_POINT('',(0.0387482406793529,0.06125,0.126));
#10227=CARTESIAN_POINT('',(0.066868240679353,0.05675,0.126));
#10228=CARTESIAN_POINT('',(0.0655692025736764,0.0545,0.126));
#10229=CARTESIAN_POINT('',(0.0681672787850297,0.059,0.126));
#10230=CARTESIAN_POINT('',(0.0629711263623231,0.0545,0.126));
#10231=CARTESIAN_POINT('',(0.0603730501509697,0.0545,0.126));
#10232=CARTESIAN_POINT('',(0.0590740120452931,0.05675,0.126));
#10233=CARTESIAN_POINT('',(0.0577749739396164,0.059,0.126));
#10234=CARTESIAN_POINT('',(0.0590740120452931,0.06125,0.126));
#10235=CARTESIAN_POINT('',(0.0603730501509697,0.0635,0.126));
#10236=CARTESIAN_POINT('',(0.0629711263623231,0.0635,0.126));
#10237=CARTESIAN_POINT('',(0.0655692025736764,0.0635,0.126));
#10238=CARTESIAN_POINT('',(0.066868240679353,0.06125,0.126));
#10239=CARTESIAN_POINT('',(0.0809282406793531,0.05675,0.126));
#10240=CARTESIAN_POINT('',(0.0796292025736764,0.0545,0.126));
#10241=CARTESIAN_POINT('',(0.0822272787850298,0.059,0.126));
#10242=CARTESIAN_POINT('',(0.0770311263623231,0.0545,0.126));
#10243=CARTESIAN_POINT('',(0.0744330501509698,0.0545,0.126));
#10244=CARTESIAN_POINT('',(0.0731340120452931,0.05675,0.126));
#10245=CARTESIAN_POINT('',(0.0718349739396165,0.059,0.126));
#10246=CARTESIAN_POINT('',(0.0731340120452931,0.06125,0.126));
#10247=CARTESIAN_POINT('',(0.0744330501509698,0.0635,0.126));
#10248=CARTESIAN_POINT('',(0.0770311263623231,0.0635,0.126));
#10249=CARTESIAN_POINT('',(0.0796292025736764,0.0635,0.126));
#10250=CARTESIAN_POINT('',(0.0809282406793531,0.06125,0.126));
#10251=CARTESIAN_POINT('',(0.0949882406793531,0.05675,0.126));
#10252=CARTESIAN_POINT('',(0.0936892025736765,0.0545,0.126));
#10253=CARTESIAN_POINT('',(0.0962872787850298,0.059,0.126));
#10254=CARTESIAN_POINT('',(0.0910911263623231,0.0545,0.126));
#10255=CARTESIAN_POINT('',(0.0884930501509698,0.0545,0.126));
#10256=CARTESIAN_POINT('',(0.0871940120452932,0.05675,0.126));
#10257=CARTESIAN_POINT('',(0.0858949739396165,0.059,0.126));
#10258=CARTESIAN_POINT('',(0.0871940120452932,0.06125,0.126));
#10259=CARTESIAN_POINT('',(0.0884930501509698,0.0635,0.126));
#10260=CARTESIAN_POINT('',(0.0910911263623231,0.0635,0.126));
#10261=CARTESIAN_POINT('',(0.0936892025736765,0.0635,0.126));
#10262=CARTESIAN_POINT('',(0.0949882406793531,0.06125,0.126));
#10263=CARTESIAN_POINT('',(0.109048240679353,0.05675,0.126));
#10264=CARTESIAN_POINT('',(0.107749202573676,0.0545,0.126));
#10265=CARTESIAN_POINT('',(0.11034727878503,0.059,0.126));
#10266=CARTESIAN_POINT('',(0.105151126362323,0.0545,0.126));
#10267=CARTESIAN_POINT('',(0.10255305015097,0.0545,0.126));
#10268=CARTESIAN_POINT('',(0.101254012045293,0.05675,0.126));
#10269=CARTESIAN_POINT('',(0.0999549739396165,0.059,0.126));
#10270=CARTESIAN_POINT('',(0.101254012045293,0.06125,0.126));
#10271=CARTESIAN_POINT('',(0.10255305015097,0.0635,0.126));
#10272=CARTESIAN_POINT('',(0.105151126362323,0.0635,0.126));
#10273=CARTESIAN_POINT('',(0.107749202573676,0.0635,0.126));
#10274=CARTESIAN_POINT('',(0.109048240679353,0.06125,0.126));
#10275=CARTESIAN_POINT('',(0.102017088256646,0.04825,0.126));
#10276=CARTESIAN_POINT('',(0.103316126362323,0.046,0.126));
#10277=CARTESIAN_POINT('',(0.10071805015097,0.0505,0.126));
#10278=CARTESIAN_POINT('',(0.102017088256646,0.04375,0.126));
#10279=CARTESIAN_POINT('',(0.10071805015097,0.0415,0.126));
#10280=CARTESIAN_POINT('',(0.0981199739396163,0.0415,0.126));
#10281=CARTESIAN_POINT('',(0.095521897728263,0.0415,0.126));
#10282=CARTESIAN_POINT('',(0.0942228596225863,0.04375,0.126));
#10283=CARTESIAN_POINT('',(0.0929238215169097,0.046,0.126));
#10284=CARTESIAN_POINT('',(0.0942228596225863,0.04825,0.126));
#10285=CARTESIAN_POINT('',(0.095521897728263,0.0505,0.126));
#10286=CARTESIAN_POINT('',(0.0981199739396163,0.0505,0.126));
#10287=CARTESIAN_POINT('',(0.0879570882566463,0.04825,0.126));
#10288=CARTESIAN_POINT('',(0.0892561263623229,0.046,0.126));
#10289=CARTESIAN_POINT('',(0.0866580501509697,0.0505,0.126));
#10290=CARTESIAN_POINT('',(0.0879570882566463,0.04375,0.126));
#10291=CARTESIAN_POINT('',(0.0866580501509696,0.0415,0.126));
#10292=CARTESIAN_POINT('',(0.0840599739396163,0.0415,0.126));
#10293=CARTESIAN_POINT('',(0.081461897728263,0.0415,0.126));
#10294=CARTESIAN_POINT('',(0.0801628596225863,0.04375,0.126));
#10295=CARTESIAN_POINT('',(0.0788638215169097,0.046,0.126));
#10296=CARTESIAN_POINT('',(0.0801628596225863,0.04825,0.126));
#10297=CARTESIAN_POINT('',(0.081461897728263,0.0505,0.126));
#10298=CARTESIAN_POINT('',(0.0840599739396163,0.0505,0.126));
#10299=CARTESIAN_POINT('',(0.0457770882566463,0.07425,0.126));
#10300=CARTESIAN_POINT('',(0.0470761263623229,0.072,0.126));
#10301=CARTESIAN_POINT('',(0.0444780501509697,0.0765,0.126));
#10302=CARTESIAN_POINT('',(0.0457770882566463,0.06975,0.126));
#10303=CARTESIAN_POINT('',(0.0444780501509696,0.0675,0.126));
#10304=CARTESIAN_POINT('',(0.0418799739396163,0.0675,0.126));
#10305=CARTESIAN_POINT('',(0.039281897728263,0.0675,0.126));
#10306=CARTESIAN_POINT('',(0.0379828596225864,0.06975,0.126));
#10307=CARTESIAN_POINT('',(0.0366838215169097,0.072,0.126));
#10308=CARTESIAN_POINT('',(0.0379828596225864,0.07425,0.126));
#10309=CARTESIAN_POINT('',(0.039281897728263,0.0765,0.126));
#10310=CARTESIAN_POINT('',(0.0418799739396163,0.0765,0.126));
#10311=CARTESIAN_POINT('',(0.109048240679353,0.08275,0.126));
#10312=CARTESIAN_POINT('',(0.107749202573676,0.0805,0.126));
#10313=CARTESIAN_POINT('',(0.11034727878503,0.085,0.126));
#10314=CARTESIAN_POINT('',(0.105151126362322,0.0805,0.126));
#10315=CARTESIAN_POINT('',(0.102553050150969,0.0805,0.126));
#10316=CARTESIAN_POINT('',(0.101254012045292,0.08275,0.126));
#10317=CARTESIAN_POINT('',(0.0999549739396156,0.085,0.126));
#10318=CARTESIAN_POINT('',(0.101254012045292,0.08725,0.126));
#10319=CARTESIAN_POINT('',(0.102553050150969,0.0895,0.126));
#10320=CARTESIAN_POINT('',(0.105151126362322,0.0895,0.126));
#10321=CARTESIAN_POINT('',(0.107749202573676,0.0895,0.126));
#10322=CARTESIAN_POINT('',(0.109048240679353,0.08725,0.126));
#10323=CARTESIAN_POINT('',(0.0809282406793529,0.08275,0.126));
#10324=CARTESIAN_POINT('',(0.0796292025736759,0.0805,0.126));
#10325=CARTESIAN_POINT('',(0.0822272787850296,0.085,0.126));
#10326=CARTESIAN_POINT('',(0.0770311263623225,0.0805,0.126));
#10327=CARTESIAN_POINT('',(0.0744330501509692,0.0805,0.126));
#10328=CARTESIAN_POINT('',(0.0731340120452926,0.08275,0.126));
#10329=CARTESIAN_POINT('',(0.0718349739396159,0.085,0.126));
#10330=CARTESIAN_POINT('',(0.0731340120452926,0.08725,0.126));
#10331=CARTESIAN_POINT('',(0.0744330501509692,0.0895,0.126));
#10332=CARTESIAN_POINT('',(0.0770311263623225,0.0895,0.126));
#10333=CARTESIAN_POINT('',(0.0796292025736759,0.0895,0.126));
#10334=CARTESIAN_POINT('',(0.0809282406793529,0.08725,0.126));
#10335=CARTESIAN_POINT('',(0.0668682406793529,0.08275,0.126));
#10336=CARTESIAN_POINT('',(0.065569202573676,0.0805,0.126));
#10337=CARTESIAN_POINT('',(0.0681672787850296,0.085,0.126));
#10338=CARTESIAN_POINT('',(0.0629711263623227,0.0805,0.126));
#10339=CARTESIAN_POINT('',(0.0603730501509694,0.0805,0.126));
#10340=CARTESIAN_POINT('',(0.0590740120452927,0.08275,0.126));
#10341=CARTESIAN_POINT('',(0.057774973939616,0.085,0.126));
#10342=CARTESIAN_POINT('',(0.0590740120452927,0.08725,0.126));
#10343=CARTESIAN_POINT('',(0.0603730501509694,0.0895,0.126));
#10344=CARTESIAN_POINT('',(0.0629711263623227,0.0895,0.126));
#10345=CARTESIAN_POINT('',(0.065569202573676,0.0895,0.126));
#10346=CARTESIAN_POINT('',(0.0668682406793529,0.08725,0.126));
#10347=CARTESIAN_POINT('',(0.0598370882566463,0.07425,0.126));
#10348=CARTESIAN_POINT('',(0.0611361263623229,0.072,0.126));
#10349=CARTESIAN_POINT('',(0.0585380501509697,0.0765,0.126));
#10350=CARTESIAN_POINT('',(0.0598370882566463,0.06975,0.126));
#10351=CARTESIAN_POINT('',(0.0585380501509696,0.0675,0.126));
#10352=CARTESIAN_POINT('',(0.0559399739396163,0.0675,0.126));
#10353=CARTESIAN_POINT('',(0.053341897728263,0.0675,0.126));
#10354=CARTESIAN_POINT('',(0.0520428596225863,0.06975,0.126));
#10355=CARTESIAN_POINT('',(0.0507438215169097,0.072,0.126));
#10356=CARTESIAN_POINT('',(0.0520428596225863,0.07425,0.126));
#10357=CARTESIAN_POINT('',(0.053341897728263,0.0765,0.126));
#10358=CARTESIAN_POINT('',(0.0559399739396163,0.0765,0.126));
#10359=CARTESIAN_POINT('',(0.0738970882566463,0.07425,0.126));
#10360=CARTESIAN_POINT('',(0.0751961263623229,0.072,0.126));
#10361=CARTESIAN_POINT('',(0.0725980501509697,0.0765,0.126));
#10362=CARTESIAN_POINT('',(0.0738970882566463,0.06975,0.126));
#10363=CARTESIAN_POINT('',(0.0725980501509696,0.0675,0.126));
#10364=CARTESIAN_POINT('',(0.0699999739396163,0.0675,0.126));
#10365=CARTESIAN_POINT('',(0.067401897728263,0.0675,0.126));
#10366=CARTESIAN_POINT('',(0.0661028596225863,0.06975,0.126));
#10367=CARTESIAN_POINT('',(0.0648038215169097,0.072,0.126));
#10368=CARTESIAN_POINT('',(0.0661028596225863,0.07425,0.126));
#10369=CARTESIAN_POINT('',(0.067401897728263,0.0765,0.126));
#10370=CARTESIAN_POINT('',(0.0699999739396163,0.0765,0.126));
#10371=CARTESIAN_POINT('',(0.0879570882566463,0.07425,0.126));
#10372=CARTESIAN_POINT('',(0.0892561263623229,0.072,0.126));
#10373=CARTESIAN_POINT('',(0.0866580501509697,0.0765,0.126));
#10374=CARTESIAN_POINT('',(0.0879570882566463,0.06975,0.126));
#10375=CARTESIAN_POINT('',(0.0866580501509696,0.0675,0.126));
#10376=CARTESIAN_POINT('',(0.0840599739396163,0.0675,0.126));
#10377=CARTESIAN_POINT('',(0.081461897728263,0.0675,0.126));
#10378=CARTESIAN_POINT('',(0.0801628596225863,0.06975,0.126));
#10379=CARTESIAN_POINT('',(0.0788638215169097,0.072,0.126));
#10380=CARTESIAN_POINT('',(0.0801628596225863,0.07425,0.126));
#10381=CARTESIAN_POINT('',(0.081461897728263,0.0765,0.126));
#10382=CARTESIAN_POINT('',(0.0840599739396163,0.0765,0.126));
#10383=CARTESIAN_POINT('',(0.102017088256646,0.07425,0.126));
#10384=CARTESIAN_POINT('',(0.103316126362323,0.072,0.126));
#10385=CARTESIAN_POINT('',(0.10071805015097,0.0765,0.126));
#10386=CARTESIAN_POINT('',(0.102017088256646,0.06975,0.126));
#10387=CARTESIAN_POINT('',(0.10071805015097,0.0675,0.126));
#10388=CARTESIAN_POINT('',(0.0981199739396163,0.0675,0.126));
#10389=CARTESIAN_POINT('',(0.095521897728263,0.0675,0.126));
#10390=CARTESIAN_POINT('',(0.0942228596225863,0.06975,0.126));
#10391=CARTESIAN_POINT('',(0.0929238215169097,0.072,0.126));
#10392=CARTESIAN_POINT('',(0.0942228596225863,0.07425,0.126));
#10393=CARTESIAN_POINT('',(0.095521897728263,0.0765,0.126));
#10394=CARTESIAN_POINT('',(0.0981199739396163,0.0765,0.126));
#10395=CARTESIAN_POINT('',(0.0598370882566464,-0.08175,0.126));
#10396=CARTESIAN_POINT('',(0.061136126362323,-0.084,0.126));
#10397=CARTESIAN_POINT('',(0.0585380501509697,-0.0795,0.126));
#10398=CARTESIAN_POINT('',(0.0598370882566463,-0.08625,0.126));
#10399=CARTESIAN_POINT('',(0.0585380501509696,-0.0885,0.126));
#10400=CARTESIAN_POINT('',(0.0559399739396163,-0.0885,0.126));
#10401=CARTESIAN_POINT('',(0.053341897728263,-0.0885,0.126));
#10402=CARTESIAN_POINT('',(0.0520428596225864,-0.08625,0.126));
#10403=CARTESIAN_POINT('',(0.0507438215169097,-0.084,0.126));
#10404=CARTESIAN_POINT('',(0.0520428596225864,-0.08175,0.126));
#10405=CARTESIAN_POINT('',(0.053341897728263,-0.0795,0.126));
#10406=CARTESIAN_POINT('',(0.0559399739396163,-0.0795,0.126));
#10407=CARTESIAN_POINT('',(0.0457770882566464,-0.08175,0.126));
#10408=CARTESIAN_POINT('',(0.047076126362323,-0.084,0.126));
#10409=CARTESIAN_POINT('',(0.0444780501509697,-0.0795,0.126));
#10410=CARTESIAN_POINT('',(0.0457770882566463,-0.08625,0.126));
#10411=CARTESIAN_POINT('',(0.0444780501509697,-0.0885,0.126));
#10412=CARTESIAN_POINT('',(0.0418799739396164,-0.0885,0.126));
#10413=CARTESIAN_POINT('',(0.039281897728263,-0.0885,0.126));
#10414=CARTESIAN_POINT('',(0.0379828596225864,-0.08625,0.126));
#10415=CARTESIAN_POINT('',(0.0366838215169097,-0.084,0.126));
#10416=CARTESIAN_POINT('',(0.0379828596225864,-0.08175,0.126));
#10417=CARTESIAN_POINT('',(0.039281897728263,-0.0795,0.126));
#10418=CARTESIAN_POINT('',(0.0418799739396164,-0.0795,0.126));
#10419=CARTESIAN_POINT('',(0.0879570882566464,-0.00374999999999976,0.126));
#10420=CARTESIAN_POINT('',(0.089256126362323,-0.00599999999999977,0.126));
#10421=CARTESIAN_POINT('',(0.0866580501509697,-0.00149999999999977,0.126));
#10422=CARTESIAN_POINT('',(0.0879570882566463,-0.00824999999999978,0.126));
#10423=CARTESIAN_POINT('',(0.0866580501509696,-0.0104999999999998,0.126));
#10424=CARTESIAN_POINT('',(0.0840599739396163,-0.0104999999999998,0.126));
#10425=CARTESIAN_POINT('',(0.081461897728263,-0.0104999999999998,0.126));
#10426=CARTESIAN_POINT('',(0.0801628596225863,-0.00824999999999976,0.126));
#10427=CARTESIAN_POINT('',(0.0788638215169097,-0.00599999999999976,0.126));
#10428=CARTESIAN_POINT('',(0.0801628596225864,-0.00374999999999977,0.126));
#10429=CARTESIAN_POINT('',(0.081461897728263,-0.00149999999999976,0.126));
#10430=CARTESIAN_POINT('',(0.0840599739396163,-0.00149999999999985,0.126));
#10431=CARTESIAN_POINT('',(0.102017088256646,-0.00374999999999976,0.126));
#10432=CARTESIAN_POINT('',(0.103316126362323,-0.00599999999999976,0.126));
#10433=CARTESIAN_POINT('',(0.10071805015097,-0.00149999999999977,0.126));
#10434=CARTESIAN_POINT('',(0.102017088256646,-0.00824999999999978,0.126));
#10435=CARTESIAN_POINT('',(0.10071805015097,-0.0104999999999998,0.126));
#10436=CARTESIAN_POINT('',(0.0981199739396163,-0.0104999999999998,0.126));
#10437=CARTESIAN_POINT('',(0.095521897728263,-0.0104999999999998,0.126));
#10438=CARTESIAN_POINT('',(0.0942228596225863,-0.00824999999999977,0.126));
#10439=CARTESIAN_POINT('',(0.0929238215169097,-0.00599999999999978,0.126));
#10440=CARTESIAN_POINT('',(0.0942228596225863,-0.00374999999999976,0.126));
#10441=CARTESIAN_POINT('',(0.095521897728263,-0.00149999999999976,0.126));
#10442=CARTESIAN_POINT('',(0.0981199739396163,-0.00149999999999985,0.126));
#10443=CARTESIAN_POINT('',(0.0949882406793531,0.00474999999999994,0.126));
#10444=CARTESIAN_POINT('',(0.0936892025736765,0.00249999999999996,0.126));
#10445=CARTESIAN_POINT('',(0.0962872787850298,0.007,0.126));
#10446=CARTESIAN_POINT('',(0.0910911263623231,0.00249999999999996,0.126));
#10447=CARTESIAN_POINT('',(0.0884930501509698,0.00249999999999996,0.126));
#10448=CARTESIAN_POINT('',(0.0871940120452932,0.00475,0.126));
#10449=CARTESIAN_POINT('',(0.0858949739396165,0.007,0.126));
#10450=CARTESIAN_POINT('',(0.0871940120452932,0.00925,0.126));
#10451=CARTESIAN_POINT('',(0.0884930501509698,0.0115,0.126));
#10452=CARTESIAN_POINT('',(0.0910911263623231,0.0115,0.126));
#10453=CARTESIAN_POINT('',(0.0936892025736765,0.0115,0.126));
#10454=CARTESIAN_POINT('',(0.0949882406793531,0.00925,0.126));
#10455=CARTESIAN_POINT('',(0.109048240679353,0.00474999999999994,0.126));
#10456=CARTESIAN_POINT('',(0.107749202573676,0.00249999999999996,0.126));
#10457=CARTESIAN_POINT('',(0.11034727878503,0.007,0.126));
#10458=CARTESIAN_POINT('',(0.105151126362323,0.00249999999999996,0.126));
#10459=CARTESIAN_POINT('',(0.10255305015097,0.00249999999999996,0.126));
#10460=CARTESIAN_POINT('',(0.101254012045293,0.00475,0.126));
#10461=CARTESIAN_POINT('',(0.0999549739396166,0.007,0.126));
#10462=CARTESIAN_POINT('',(0.101254012045293,0.00925,0.126));
#10463=CARTESIAN_POINT('',(0.10255305015097,0.0115,0.126));
#10464=CARTESIAN_POINT('',(0.105151126362323,0.0115,0.126));
#10465=CARTESIAN_POINT('',(0.107749202573676,0.0115,0.126));
#10466=CARTESIAN_POINT('',(0.109048240679353,0.00925,0.126));
#10467=CARTESIAN_POINT('',(0.102017088256646,-0.02975,0.126));
#10468=CARTESIAN_POINT('',(0.103316126362323,-0.032,0.126));
#10469=CARTESIAN_POINT('',(0.10071805015097,-0.0275,0.126));
#10470=CARTESIAN_POINT('',(0.102017088256646,-0.03425,0.126));
#10471=CARTESIAN_POINT('',(0.10071805015097,-0.0365,0.126));
#10472=CARTESIAN_POINT('',(0.0981199739396163,-0.0365,0.126));
#10473=CARTESIAN_POINT('',(0.095521897728263,-0.0365,0.126));
#10474=CARTESIAN_POINT('',(0.0942228596225863,-0.03425,0.126));
#10475=CARTESIAN_POINT('',(0.0929238215169097,-0.032,0.126));
#10476=CARTESIAN_POINT('',(0.0942228596225863,-0.02975,0.126));
#10477=CARTESIAN_POINT('',(0.095521897728263,-0.0275,0.126));
#10478=CARTESIAN_POINT('',(0.0981199739396163,-0.0275,0.126));
#10479=CARTESIAN_POINT('',(0.0879570882566464,-0.02975,0.126));
#10480=CARTESIAN_POINT('',(0.089256126362323,-0.032,0.126));
#10481=CARTESIAN_POINT('',(0.0866580501509697,-0.0275,0.126));
#10482=CARTESIAN_POINT('',(0.0879570882566463,-0.03425,0.126));
#10483=CARTESIAN_POINT('',(0.0866580501509696,-0.0365,0.126));
#10484=CARTESIAN_POINT('',(0.0840599739396163,-0.0365,0.126));
#10485=CARTESIAN_POINT('',(0.081461897728263,-0.0365,0.126));
#10486=CARTESIAN_POINT('',(0.0801628596225864,-0.03425,0.126));
#10487=CARTESIAN_POINT('',(0.0788638215169097,-0.032,0.126));
#10488=CARTESIAN_POINT('',(0.0801628596225864,-0.02975,0.126));
#10489=CARTESIAN_POINT('',(0.081461897728263,-0.0275,0.126));
#10490=CARTESIAN_POINT('',(0.0840599739396163,-0.0275,0.126));
#10491=CARTESIAN_POINT('',(0.052808240679353,-0.07325,0.126));
#10492=CARTESIAN_POINT('',(0.0515092025736764,-0.0755,0.126));
#10493=CARTESIAN_POINT('',(0.0541072787850297,-0.071,0.126));
#10494=CARTESIAN_POINT('',(0.048911126362323,-0.0755,0.126));
#10495=CARTESIAN_POINT('',(0.0463130501509697,-0.0755,0.126));
#10496=CARTESIAN_POINT('',(0.0450140120452931,-0.07325,0.126));
#10497=CARTESIAN_POINT('',(0.0437149739396164,-0.071,0.126));
#10498=CARTESIAN_POINT('',(0.0450140120452931,-0.06875,0.126));
#10499=CARTESIAN_POINT('',(0.0463130501509697,-0.0665,0.126));
#10500=CARTESIAN_POINT('',(0.0489111263623231,-0.0665,0.126));
#10501=CARTESIAN_POINT('',(0.0515092025736764,-0.0665,0.126));
#10502=CARTESIAN_POINT('',(0.052808240679353,-0.06875,0.126));
#10503=CARTESIAN_POINT('',(0.0668682406793531,-0.07325,0.126));
#10504=CARTESIAN_POINT('',(0.0655692025736764,-0.0755,0.126));
#10505=CARTESIAN_POINT('',(0.0681672787850297,-0.071,0.126));
#10506=CARTESIAN_POINT('',(0.0629711263623231,-0.0755,0.126));
#10507=CARTESIAN_POINT('',(0.0603730501509698,-0.0755,0.126));
#10508=CARTESIAN_POINT('',(0.0590740120452931,-0.07325,0.126));
#10509=CARTESIAN_POINT('',(0.0577749739396164,-0.071,0.126));
#10510=CARTESIAN_POINT('',(0.0590740120452931,-0.06875,0.126));
#10511=CARTESIAN_POINT('',(0.0603730501509698,-0.0665,0.126));
#10512=CARTESIAN_POINT('',(0.0629711263623231,-0.0665,0.126));
#10513=CARTESIAN_POINT('',(0.0655692025736764,-0.0665,0.126));
#10514=CARTESIAN_POINT('',(0.066868240679353,-0.06875,0.126));
#10515=CARTESIAN_POINT('',(0.0809282406793531,-0.07325,0.126));
#10516=CARTESIAN_POINT('',(0.0796292025736764,-0.0755,0.126));
#10517=CARTESIAN_POINT('',(0.0822272787850298,-0.071,0.126));
#10518=CARTESIAN_POINT('',(0.0770311263623231,-0.0755,0.126));
#10519=CARTESIAN_POINT('',(0.0744330501509698,-0.0755,0.126));
#10520=CARTESIAN_POINT('',(0.0731340120452931,-0.07325,0.126));
#10521=CARTESIAN_POINT('',(0.0718349739396165,-0.071,0.126));
#10522=CARTESIAN_POINT('',(0.0731340120452931,-0.06875,0.126));
#10523=CARTESIAN_POINT('',(0.0744330501509698,-0.0665,0.126));
#10524=CARTESIAN_POINT('',(0.0770311263623231,-0.0665,0.126));
#10525=CARTESIAN_POINT('',(0.0796292025736765,-0.0665,0.126));
#10526=CARTESIAN_POINT('',(0.0809282406793531,-0.06875,0.126));
#10527=CARTESIAN_POINT('',(0.0949882406793531,-0.07325,0.126));
#10528=CARTESIAN_POINT('',(0.0936892025736765,-0.0755,0.126));
#10529=CARTESIAN_POINT('',(0.0962872787850298,-0.071,0.126));
#10530=CARTESIAN_POINT('',(0.0910911263623232,-0.0755,0.126));
#10531=CARTESIAN_POINT('',(0.0884930501509698,-0.0755,0.126));
#10532=CARTESIAN_POINT('',(0.0871940120452932,-0.07325,0.126));
#10533=CARTESIAN_POINT('',(0.0858949739396165,-0.071,0.126));
#10534=CARTESIAN_POINT('',(0.0871940120452932,-0.06875,0.126));
#10535=CARTESIAN_POINT('',(0.0884930501509698,-0.0665,0.126));
#10536=CARTESIAN_POINT('',(0.0910911263623232,-0.0665,0.126));
#10537=CARTESIAN_POINT('',(0.0936892025736765,-0.0665,0.126));
#10538=CARTESIAN_POINT('',(0.0949882406793531,-0.06875,0.126));
#10539=CARTESIAN_POINT('',(0.109048240679353,-0.07325,0.126));
#10540=CARTESIAN_POINT('',(0.107749202573676,-0.0755,0.126));
#10541=CARTESIAN_POINT('',(0.11034727878503,-0.071,0.126));
#10542=CARTESIAN_POINT('',(0.105151126362323,-0.0755,0.126));
#10543=CARTESIAN_POINT('',(0.10255305015097,-0.0755,0.126));
#10544=CARTESIAN_POINT('',(0.101254012045293,-0.07325,0.126));
#10545=CARTESIAN_POINT('',(0.0999549739396166,-0.071,0.126));
#10546=CARTESIAN_POINT('',(0.101254012045293,-0.06875,0.126));
#10547=CARTESIAN_POINT('',(0.10255305015097,-0.0665,0.126));
#10548=CARTESIAN_POINT('',(0.105151126362323,-0.0665,0.126));
#10549=CARTESIAN_POINT('',(0.107749202573676,-0.0665,0.126));
#10550=CARTESIAN_POINT('',(0.109048240679353,-0.06875,0.126));
#10551=CARTESIAN_POINT('',(0.102017088256646,-0.08175,0.126));
#10552=CARTESIAN_POINT('',(0.103316126362323,-0.084,0.126));
#10553=CARTESIAN_POINT('',(0.10071805015097,-0.0795,0.126));
#10554=CARTESIAN_POINT('',(0.102017088256646,-0.08625,0.126));
#10555=CARTESIAN_POINT('',(0.10071805015097,-0.0885,0.126));
#10556=CARTESIAN_POINT('',(0.0981199739396163,-0.0885,0.126));
#10557=CARTESIAN_POINT('',(0.095521897728263,-0.0885,0.126));
#10558=CARTESIAN_POINT('',(0.0942228596225863,-0.08625,0.126));
#10559=CARTESIAN_POINT('',(0.0929238215169097,-0.084,0.126));
#10560=CARTESIAN_POINT('',(0.0942228596225863,-0.08175,0.126));
#10561=CARTESIAN_POINT('',(0.095521897728263,-0.0795,0.126));
#10562=CARTESIAN_POINT('',(0.0981199739396163,-0.0795,0.126));
#10563=CARTESIAN_POINT('',(0.0879570882566464,-0.08175,0.126));
#10564=CARTESIAN_POINT('',(0.089256126362323,-0.084,0.126));
#10565=CARTESIAN_POINT('',(0.0866580501509697,-0.0795,0.126));
#10566=CARTESIAN_POINT('',(0.0879570882566463,-0.08625,0.126));
#10567=CARTESIAN_POINT('',(0.0866580501509696,-0.0885,0.126));
#10568=CARTESIAN_POINT('',(0.0840599739396163,-0.0885,0.126));
#10569=CARTESIAN_POINT('',(0.081461897728263,-0.0885,0.126));
#10570=CARTESIAN_POINT('',(0.0801628596225864,-0.08625,0.126));
#10571=CARTESIAN_POINT('',(0.0788638215169097,-0.084,0.126));
#10572=CARTESIAN_POINT('',(0.0801628596225864,-0.08175,0.126));
#10573=CARTESIAN_POINT('',(0.081461897728263,-0.0795,0.126));
#10574=CARTESIAN_POINT('',(0.0840599739396163,-0.0795,0.126));
#10575=CARTESIAN_POINT('',(0.0738970882566464,-0.08175,0.126));
#10576=CARTESIAN_POINT('',(0.075196126362323,-0.084,0.126));
#10577=CARTESIAN_POINT('',(0.0725980501509697,-0.0795,0.126));
#10578=CARTESIAN_POINT('',(0.0738970882566463,-0.08625,0.126));
#10579=CARTESIAN_POINT('',(0.0725980501509697,-0.0885,0.126));
#10580=CARTESIAN_POINT('',(0.0699999739396163,-0.0885,0.126));
#10581=CARTESIAN_POINT('',(0.067401897728263,-0.0885,0.126));
#10582=CARTESIAN_POINT('',(0.0661028596225863,-0.08625,0.126));
#10583=CARTESIAN_POINT('',(0.0648038215169097,-0.084,0.126));
#10584=CARTESIAN_POINT('',(0.0661028596225864,-0.08175,0.126));
#10585=CARTESIAN_POINT('',(0.067401897728263,-0.0795,0.126));
#10586=CARTESIAN_POINT('',(0.0699999739396163,-0.0795,0.126));
#10587=CARTESIAN_POINT('',(0.0457770882566463,0.02225,0.126));
#10588=CARTESIAN_POINT('',(0.047076126362323,0.02,0.126));
#10589=CARTESIAN_POINT('',(0.0444780501509697,0.0245,0.126));
#10590=CARTESIAN_POINT('',(0.0457770882566463,0.01775,0.126));
#10591=CARTESIAN_POINT('',(0.0444780501509696,0.0155,0.126));
#10592=CARTESIAN_POINT('',(0.0418799739396163,0.0155,0.126));
#10593=CARTESIAN_POINT('',(0.039281897728263,0.0155,0.126));
#10594=CARTESIAN_POINT('',(0.0379828596225864,0.01775,0.126));
#10595=CARTESIAN_POINT('',(0.0366838215169097,0.02,0.126));
#10596=CARTESIAN_POINT('',(0.0379828596225864,0.02225,0.126));
#10597=CARTESIAN_POINT('',(0.039281897728263,0.0245,0.126));
#10598=CARTESIAN_POINT('',(0.0418799739396164,0.0245,0.126));
#10599=CARTESIAN_POINT('',(0.0598370882566463,0.02225,0.126));
#10600=CARTESIAN_POINT('',(0.0611361263623229,0.02,0.126));
#10601=CARTESIAN_POINT('',(0.0585380501509697,0.0245,0.126));
#10602=CARTESIAN_POINT('',(0.0598370882566463,0.01775,0.126));
#10603=CARTESIAN_POINT('',(0.0585380501509696,0.0155,0.126));
#10604=CARTESIAN_POINT('',(0.0559399739396163,0.0155,0.126));
#10605=CARTESIAN_POINT('',(0.053341897728263,0.0155,0.126));
#10606=CARTESIAN_POINT('',(0.0520428596225863,0.01775,0.126));
#10607=CARTESIAN_POINT('',(0.0507438215169097,0.02,0.126));
#10608=CARTESIAN_POINT('',(0.0520428596225863,0.02225,0.126));
#10609=CARTESIAN_POINT('',(0.053341897728263,0.0245,0.126));
#10610=CARTESIAN_POINT('',(0.0559399739396163,0.0245,0.126));
#10611=CARTESIAN_POINT('',(0.0738970882566463,0.02225,0.126));
#10612=CARTESIAN_POINT('',(0.075196126362323,0.02,0.126));
#10613=CARTESIAN_POINT('',(0.0725980501509697,0.0245,0.126));
#10614=CARTESIAN_POINT('',(0.0738970882566463,0.01775,0.126));
#10615=CARTESIAN_POINT('',(0.0725980501509696,0.0155,0.126));
#10616=CARTESIAN_POINT('',(0.0699999739396163,0.0155,0.126));
#10617=CARTESIAN_POINT('',(0.067401897728263,0.0155,0.126));
#10618=CARTESIAN_POINT('',(0.0661028596225863,0.01775,0.126));
#10619=CARTESIAN_POINT('',(0.0648038215169097,0.02,0.126));
#10620=CARTESIAN_POINT('',(0.0661028596225863,0.02225,0.126));
#10621=CARTESIAN_POINT('',(0.067401897728263,0.0245,0.126));
#10622=CARTESIAN_POINT('',(0.0699999739396163,0.0245,0.126));
#10623=CARTESIAN_POINT('',(0.0879570882566464,0.02225,0.126));
#10624=CARTESIAN_POINT('',(0.089256126362323,0.02,0.126));
#10625=CARTESIAN_POINT('',(0.0866580501509697,0.0245,0.126));
#10626=CARTESIAN_POINT('',(0.0879570882566463,0.01775,0.126));
#10627=CARTESIAN_POINT('',(0.0866580501509696,0.0155,0.126));
#10628=CARTESIAN_POINT('',(0.0840599739396163,0.0155,0.126));
#10629=CARTESIAN_POINT('',(0.081461897728263,0.0155,0.126));
#10630=CARTESIAN_POINT('',(0.0801628596225863,0.01775,0.126));
#10631=CARTESIAN_POINT('',(0.0788638215169097,0.02,0.126));
#10632=CARTESIAN_POINT('',(0.0801628596225864,0.02225,0.126));
#10633=CARTESIAN_POINT('',(0.081461897728263,0.0245,0.126));
#10634=CARTESIAN_POINT('',(0.0840599739396163,0.0245,0.126));
#10635=CARTESIAN_POINT('',(0.034851126362323,0.0805,0.126));
#10636=CARTESIAN_POINT('',(0.0322530501509697,0.0805,0.126));
#10637=CARTESIAN_POINT('',(0.0374492025736763,0.0805,0.126));
#10638=CARTESIAN_POINT('',(0.030954012045293,0.08275,0.126));
#10639=CARTESIAN_POINT('',(0.0296549739396163,0.085,0.126));
#10640=CARTESIAN_POINT('',(0.030954012045293,0.08725,0.126));
#10641=CARTESIAN_POINT('',(0.0322530501509697,0.0895,0.126));
#10642=CARTESIAN_POINT('',(0.034851126362323,0.0895,0.126));
#10643=CARTESIAN_POINT('',(0.0374492025736763,0.0895,0.126));
#10644=CARTESIAN_POINT('',(0.0387482406793529,0.08725,0.126));
#10645=CARTESIAN_POINT('',(0.0400472787850296,0.085,0.126));
#10646=CARTESIAN_POINT('',(0.0387482406793529,0.08275,0.126));
#10647=CARTESIAN_POINT('',(0.0971797983702553,-0.019,0.126));
#10648=CARTESIAN_POINT('',(0.0995797983702553,-0.019,0.126));
#10649=CARTESIAN_POINT('',(0.10867979837027,-0.019,0.126));
#10650=CARTESIAN_POINT('',(0.11107979837027,-0.019,0.126));
#10651=CARTESIAN_POINT('',(0.0724131789136698,-0.0201093858770427,0.126));
#10652=CARTESIAN_POINT('',(0.0724131789136698,-0.0426093858770427,0.126));
#10653=CARTESIAN_POINT('',(0.0724131789136698,0.00239061412295737,0.126));
#10654=CARTESIAN_POINT('',(0.0674131789136698,-0.0426093858770427,0.126));
#10655=CARTESIAN_POINT('',(0.0674131789136698,-0.0476093858770426,0.126));
#10656=CARTESIAN_POINT('',(0.0564131789136698,-0.0476093858770426,0.126));
#10657=CARTESIAN_POINT('',(0.0454131789136698,-0.0476093858770426,0.126));
#10658=CARTESIAN_POINT('',(0.0454131789136698,-0.0426093858770427,0.126));
#10659=CARTESIAN_POINT('',(0.0404131789136698,-0.0426093858770427,0.126));
#10660=CARTESIAN_POINT('',(0.0404131789136698,-0.0201093858770427,0.126));
#10661=CARTESIAN_POINT('',(0.0404131789136698,0.00239061412295737,0.126));
#10662=CARTESIAN_POINT('',(0.0454131789136698,0.00239061412295736,0.126));
#10663=CARTESIAN_POINT('',(0.0454131789136698,0.00739061412295737,0.126));
#10664=CARTESIAN_POINT('',(0.0564131789136698,0.00739061412295737,0.126));
#10665=CARTESIAN_POINT('',(0.0674131789136698,0.00739061412295738,0.126));
#10666=CARTESIAN_POINT('',(0.0674131789136698,0.00239061412295737,0.126));
#10667=CARTESIAN_POINT('',(0.0319131789136698,0.00893337036405237,0.126));
#10668=CARTESIAN_POINT('',(0.0338131789136698,0.00893337036405237,0.126));
#10669=CARTESIAN_POINT('',(0.0809131789136698,0.00893337036405237,0.126));
#10670=CARTESIAN_POINT('',(0.0828131789136698,0.00893337036405237,0.126));
#10671=CARTESIAN_POINT('',(0.0809131789136698,-0.0491521421181376,0.126));
#10672=CARTESIAN_POINT('',(0.0828131789136698,-0.0491521421181376,0.126));
#10673=CARTESIAN_POINT('',(0.0319131789136698,-0.0491521421181376,0.126));
#10674=CARTESIAN_POINT('',(0.0338131789136698,-0.0491521421181376,0.126));
#10675=CARTESIAN_POINT('',(0.106773200569014,-0.0310481823980809,0.126));
#10676=CARTESIAN_POINT('',(0.109023200569014,-0.0310481823980809,0.126));
#10677=CARTESIAN_POINT('',(0.0484840391986634,0.09,0.126));
#10678=CARTESIAN_POINT('',(0.0507340391986634,0.09,0.126));
#10679=CARTESIAN_POINT('',(0.0484840391986634,-0.09,0.126));
#10680=CARTESIAN_POINT('',(0.0507340391986634,-0.09,0.126));
#10681=CARTESIAN_POINT('',(0.0694297983702553,0.095,0.126));
#10682=CARTESIAN_POINT('',(0.0344297983702553,0.095,0.126));
#10683=CARTESIAN_POINT('',(0.104429798370255,0.095,0.126));
#10684=CARTESIAN_POINT('',(0.0344297983702553,0.085,0.126));
#10685=CARTESIAN_POINT('',(0.0244297983702553,0.085,0.126));
#10686=CARTESIAN_POINT('',(0.0244297983702553,0.,0.126));
#10687=CARTESIAN_POINT('',(0.0244297983702553,-0.085,0.126));
#10688=CARTESIAN_POINT('',(0.0344297983702554,-0.085,0.126));
#10689=CARTESIAN_POINT('',(0.0344297983702553,-0.095,0.126));
#10690=CARTESIAN_POINT('',(0.0694297983702553,-0.095,0.126));
#10691=CARTESIAN_POINT('',(0.104429798370255,-0.095,0.126));
#10692=CARTESIAN_POINT('',(0.104429798370255,-0.085,0.126));
#10693=CARTESIAN_POINT('',(0.114429798370255,-0.085,0.126));
#10694=CARTESIAN_POINT('',(0.114429798370255,0.,0.126));
#10695=CARTESIAN_POINT('',(0.114429798370255,0.085,0.126));
#10696=CARTESIAN_POINT('',(0.104429798370255,0.085,0.126));
#10697=CARTESIAN_POINT('',(0.0903755575418472,-0.09,0.126));
#10698=CARTESIAN_POINT('',(0.0926255575418472,-0.09,0.126));
#10699=CARTESIAN_POINT('',(0.106773200569014,0.0310481823980808,0.126));
#10700=CARTESIAN_POINT('',(0.109023200569014,0.0310481823980808,0.126));
#10701=CARTESIAN_POINT('',(0.0903755575418472,0.09,0.126));
#10702=CARTESIAN_POINT('',(0.0926255575418472,0.09,0.126));
#10703=CARTESIAN_POINT('',(0.0971797983702553,0.019,0.126));
#10704=CARTESIAN_POINT('',(0.0995797983702553,0.019,0.126));
#10705=CARTESIAN_POINT('',(0.10867979837027,0.019,0.126));
#10706=CARTESIAN_POINT('',(0.11107979837027,0.019,0.126));
#10707=CARTESIAN_POINT('',(0.0694297983702553,0.,0.12));
#10708=CARTESIAN_POINT('',(0.0910911263623231,-0.0495,0.12));
#10709=CARTESIAN_POINT('',(0.0936892025736765,-0.0495,0.12));
#10710=CARTESIAN_POINT('',(0.0884930501509698,-0.0495,0.12));
#10711=CARTESIAN_POINT('',(0.0949882406793531,-0.04725,0.12));
#10712=CARTESIAN_POINT('',(0.0962872787850298,-0.045,0.12));
#10713=CARTESIAN_POINT('',(0.0949882406793531,-0.04275,0.12));
#10714=CARTESIAN_POINT('',(0.0936892025736765,-0.0405,0.12));
#10715=CARTESIAN_POINT('',(0.0910911263623232,-0.0405,0.12));
#10716=CARTESIAN_POINT('',(0.0884930501509698,-0.0405,0.12));
#10717=CARTESIAN_POINT('',(0.0871940120452932,-0.04275,0.12));
#10718=CARTESIAN_POINT('',(0.0858949739396165,-0.045,0.12));
#10719=CARTESIAN_POINT('',(0.0871940120452932,-0.04725,0.12));
#10720=CARTESIAN_POINT('',(0.105151126362323,-0.0495,0.12));
#10721=CARTESIAN_POINT('',(0.107749202573676,-0.0495,0.12));
#10722=CARTESIAN_POINT('',(0.10255305015097,-0.0495,0.12));
#10723=CARTESIAN_POINT('',(0.109048240679353,-0.04725,0.12));
#10724=CARTESIAN_POINT('',(0.11034727878503,-0.045,0.12));
#10725=CARTESIAN_POINT('',(0.109048240679353,-0.04275,0.12));
#10726=CARTESIAN_POINT('',(0.107749202573676,-0.0405,0.12));
#10727=CARTESIAN_POINT('',(0.105151126362323,-0.0405,0.12));
#10728=CARTESIAN_POINT('',(0.10255305015097,-0.0405,0.12));
#10729=CARTESIAN_POINT('',(0.101254012045293,-0.04275,0.12));
#10730=CARTESIAN_POINT('',(0.0999549739396166,-0.045,0.12));
#10731=CARTESIAN_POINT('',(0.101254012045293,-0.04725,0.12));
#10732=CARTESIAN_POINT('',(0.0457770882566463,-0.06025,0.12));
#10733=CARTESIAN_POINT('',(0.047076126362323,-0.058,0.12));
#10734=CARTESIAN_POINT('',(0.0444780501509697,-0.0625,0.12));
#10735=CARTESIAN_POINT('',(0.0457770882566464,-0.05575,0.12));
#10736=CARTESIAN_POINT('',(0.0444780501509697,-0.0535,0.12));
#10737=CARTESIAN_POINT('',(0.0418799739396164,-0.0535,0.12));
#10738=CARTESIAN_POINT('',(0.039281897728263,-0.0535,0.12));
#10739=CARTESIAN_POINT('',(0.0379828596225864,-0.05575,0.12));
#10740=CARTESIAN_POINT('',(0.0366838215169097,-0.058,0.12));
#10741=CARTESIAN_POINT('',(0.0379828596225864,-0.06025,0.12));
#10742=CARTESIAN_POINT('',(0.039281897728263,-0.0625,0.12));
#10743=CARTESIAN_POINT('',(0.0418799739396164,-0.0625,0.12));
#10744=CARTESIAN_POINT('',(0.0598370882566463,-0.06025,0.12));
#10745=CARTESIAN_POINT('',(0.061136126362323,-0.058,0.12));
#10746=CARTESIAN_POINT('',(0.0585380501509696,-0.0625,0.12));
#10747=CARTESIAN_POINT('',(0.0598370882566464,-0.05575,0.12));
#10748=CARTESIAN_POINT('',(0.0585380501509697,-0.0535,0.12));
#10749=CARTESIAN_POINT('',(0.0559399739396163,-0.0535,0.12));
#10750=CARTESIAN_POINT('',(0.053341897728263,-0.0535,0.12));
#10751=CARTESIAN_POINT('',(0.0520428596225864,-0.05575,0.12));
#10752=CARTESIAN_POINT('',(0.0507438215169097,-0.058,0.12));
#10753=CARTESIAN_POINT('',(0.0520428596225864,-0.06025,0.12));
#10754=CARTESIAN_POINT('',(0.053341897728263,-0.0625,0.12));
#10755=CARTESIAN_POINT('',(0.0559399739396163,-0.0625,0.12));
#10756=CARTESIAN_POINT('',(0.034851126362323,-0.0755,0.12));
#10757=CARTESIAN_POINT('',(0.0374492025736764,-0.0755,0.12));
#10758=CARTESIAN_POINT('',(0.0322530501509697,-0.0755,0.12));
#10759=CARTESIAN_POINT('',(0.038748240679353,-0.07325,0.12));
#10760=CARTESIAN_POINT('',(0.0400472787850297,-0.071,0.12));
#10761=CARTESIAN_POINT('',(0.0387482406793529,-0.06875,0.12));
#10762=CARTESIAN_POINT('',(0.0374492025736764,-0.0665,0.12));
#10763=CARTESIAN_POINT('',(0.034851126362323,-0.0665,0.12));
#10764=CARTESIAN_POINT('',(0.0322530501509697,-0.0665,0.12));
#10765=CARTESIAN_POINT('',(0.030954012045293,-0.06875,0.12));
#10766=CARTESIAN_POINT('',(0.0296549739396163,-0.071,0.12));
#10767=CARTESIAN_POINT('',(0.030954012045293,-0.07325,0.12));
#10768=CARTESIAN_POINT('',(0.102017088256646,-0.06025,0.12));
#10769=CARTESIAN_POINT('',(0.103316126362323,-0.058,0.12));
#10770=CARTESIAN_POINT('',(0.10071805015097,-0.0625,0.12));
#10771=CARTESIAN_POINT('',(0.102017088256646,-0.05575,0.12));
#10772=CARTESIAN_POINT('',(0.10071805015097,-0.0535,0.12));
#10773=CARTESIAN_POINT('',(0.0981199739396163,-0.0535,0.12));
#10774=CARTESIAN_POINT('',(0.095521897728263,-0.0535,0.12));
#10775=CARTESIAN_POINT('',(0.0942228596225863,-0.05575,0.12));
#10776=CARTESIAN_POINT('',(0.0929238215169097,-0.058,0.12));
#10777=CARTESIAN_POINT('',(0.0942228596225863,-0.06025,0.12));
#10778=CARTESIAN_POINT('',(0.095521897728263,-0.0625,0.12));
#10779=CARTESIAN_POINT('',(0.0981199739396163,-0.0625,0.12));
#10780=CARTESIAN_POINT('',(0.0879570882566463,-0.06025,0.12));
#10781=CARTESIAN_POINT('',(0.089256126362323,-0.058,0.12));
#10782=CARTESIAN_POINT('',(0.0866580501509696,-0.0625,0.12));
#10783=CARTESIAN_POINT('',(0.0879570882566464,-0.05575,0.12));
#10784=CARTESIAN_POINT('',(0.0866580501509697,-0.0535,0.12));
#10785=CARTESIAN_POINT('',(0.0840599739396163,-0.0535,0.12));
#10786=CARTESIAN_POINT('',(0.081461897728263,-0.0535,0.12));
#10787=CARTESIAN_POINT('',(0.0801628596225864,-0.05575,0.12));
#10788=CARTESIAN_POINT('',(0.0788638215169097,-0.058,0.12));
#10789=CARTESIAN_POINT('',(0.0801628596225864,-0.06025,0.12));
#10790=CARTESIAN_POINT('',(0.081461897728263,-0.0625,0.12));
#10791=CARTESIAN_POINT('',(0.0840599739396163,-0.0625,0.12));
#10792=CARTESIAN_POINT('',(0.0738970882566463,-0.06025,0.12));
#10793=CARTESIAN_POINT('',(0.075196126362323,-0.058,0.12));
#10794=CARTESIAN_POINT('',(0.0725980501509696,-0.0625,0.12));
#10795=CARTESIAN_POINT('',(0.0738970882566463,-0.05575,0.12));
#10796=CARTESIAN_POINT('',(0.0725980501509697,-0.0535,0.12));
#10797=CARTESIAN_POINT('',(0.0699999739396163,-0.0535,0.12));
#10798=CARTESIAN_POINT('',(0.067401897728263,-0.0535,0.12));
#10799=CARTESIAN_POINT('',(0.0661028596225863,-0.05575,0.12));
#10800=CARTESIAN_POINT('',(0.0648038215169097,-0.058,0.12));
#10801=CARTESIAN_POINT('',(0.0661028596225863,-0.06025,0.12));
#10802=CARTESIAN_POINT('',(0.067401897728263,-0.0625,0.12));
#10803=CARTESIAN_POINT('',(0.0699999739396163,-0.0625,0.12));
#10804=CARTESIAN_POINT('',(0.0738970882566463,0.04375,0.12));
#10805=CARTESIAN_POINT('',(0.0751961263623229,0.046,0.12));
#10806=CARTESIAN_POINT('',(0.0725980501509696,0.0415,0.12));
#10807=CARTESIAN_POINT('',(0.0738970882566463,0.04825,0.12));
#10808=CARTESIAN_POINT('',(0.0725980501509697,0.0505,0.12));
#10809=CARTESIAN_POINT('',(0.0699999739396163,0.0505,0.12));
#10810=CARTESIAN_POINT('',(0.067401897728263,0.0505,0.12));
#10811=CARTESIAN_POINT('',(0.0661028596225863,0.04825,0.12));
#10812=CARTESIAN_POINT('',(0.0648038215169097,0.046,0.12));
#10813=CARTESIAN_POINT('',(0.0661028596225863,0.04375,0.12));
#10814=CARTESIAN_POINT('',(0.067401897728263,0.0415,0.12));
#10815=CARTESIAN_POINT('',(0.0699999739396163,0.0415,0.12));
#10816=CARTESIAN_POINT('',(0.0598370882566463,0.04375,0.12));
#10817=CARTESIAN_POINT('',(0.0611361263623229,0.046,0.12));
#10818=CARTESIAN_POINT('',(0.0585380501509696,0.0415,0.12));
#10819=CARTESIAN_POINT('',(0.0598370882566463,0.04825,0.12));
#10820=CARTESIAN_POINT('',(0.0585380501509697,0.0505,0.12));
#10821=CARTESIAN_POINT('',(0.0559399739396163,0.0505,0.12));
#10822=CARTESIAN_POINT('',(0.053341897728263,0.0505,0.12));
#10823=CARTESIAN_POINT('',(0.0520428596225863,0.04825,0.12));
#10824=CARTESIAN_POINT('',(0.0507438215169097,0.046,0.12));
#10825=CARTESIAN_POINT('',(0.0520428596225863,0.04375,0.12));
#10826=CARTESIAN_POINT('',(0.053341897728263,0.0415,0.12));
#10827=CARTESIAN_POINT('',(0.0559399739396163,0.0415,0.12));
#10828=CARTESIAN_POINT('',(0.0457770882566463,0.04375,0.12));
#10829=CARTESIAN_POINT('',(0.047076126362323,0.046,0.12));
#10830=CARTESIAN_POINT('',(0.0444780501509696,0.0415,0.12));
#10831=CARTESIAN_POINT('',(0.0457770882566463,0.04825,0.12));
#10832=CARTESIAN_POINT('',(0.0444780501509697,0.0505,0.12));
#10833=CARTESIAN_POINT('',(0.0418799739396164,0.0505,0.12));
#10834=CARTESIAN_POINT('',(0.039281897728263,0.0505,0.12));
#10835=CARTESIAN_POINT('',(0.0379828596225864,0.04825,0.12));
#10836=CARTESIAN_POINT('',(0.0366838215169097,0.046,0.12));
#10837=CARTESIAN_POINT('',(0.0379828596225864,0.04375,0.12));
#10838=CARTESIAN_POINT('',(0.039281897728263,0.0415,0.12));
#10839=CARTESIAN_POINT('',(0.0418799739396163,0.0415,0.12));
#10840=CARTESIAN_POINT('',(0.034851126362323,0.0285,0.12));
#10841=CARTESIAN_POINT('',(0.0374492025736763,0.0285,0.12));
#10842=CARTESIAN_POINT('',(0.0322530501509697,0.0285,0.12));
#10843=CARTESIAN_POINT('',(0.0387482406793529,0.03075,0.12));
#10844=CARTESIAN_POINT('',(0.0400472787850297,0.033,0.12));
#10845=CARTESIAN_POINT('',(0.0387482406793529,0.03525,0.12));
#10846=CARTESIAN_POINT('',(0.0374492025736764,0.0375,0.12));
#10847=CARTESIAN_POINT('',(0.034851126362323,0.0375,0.12));
#10848=CARTESIAN_POINT('',(0.0322530501509697,0.0375,0.12));
#10849=CARTESIAN_POINT('',(0.030954012045293,0.03525,0.12));
#10850=CARTESIAN_POINT('',(0.0296549739396163,0.033,0.12));
#10851=CARTESIAN_POINT('',(0.030954012045293,0.03075,0.12));
#10852=CARTESIAN_POINT('',(0.048911126362323,0.0285,0.12));
#10853=CARTESIAN_POINT('',(0.0515092025736764,0.0285,0.12));
#10854=CARTESIAN_POINT('',(0.0463130501509697,0.0285,0.12));
#10855=CARTESIAN_POINT('',(0.052808240679353,0.03075,0.12));
#10856=CARTESIAN_POINT('',(0.0541072787850297,0.033,0.12));
#10857=CARTESIAN_POINT('',(0.052808240679353,0.03525,0.12));
#10858=CARTESIAN_POINT('',(0.0515092025736764,0.0375,0.12));
#10859=CARTESIAN_POINT('',(0.048911126362323,0.0375,0.12));
#10860=CARTESIAN_POINT('',(0.0463130501509697,0.0375,0.12));
#10861=CARTESIAN_POINT('',(0.0450140120452931,0.03525,0.12));
#10862=CARTESIAN_POINT('',(0.0437149739396164,0.033,0.12));
#10863=CARTESIAN_POINT('',(0.045014012045293,0.03075,0.12));
#10864=CARTESIAN_POINT('',(0.0629711263623231,0.0285,0.12));
#10865=CARTESIAN_POINT('',(0.0655692025736764,0.0285,0.12));
#10866=CARTESIAN_POINT('',(0.0603730501509697,0.0285,0.12));
#10867=CARTESIAN_POINT('',(0.066868240679353,0.03075,0.12));
#10868=CARTESIAN_POINT('',(0.0681672787850297,0.033,0.12));
#10869=CARTESIAN_POINT('',(0.066868240679353,0.03525,0.12));
#10870=CARTESIAN_POINT('',(0.0655692025736764,0.0375,0.12));
#10871=CARTESIAN_POINT('',(0.0629711263623231,0.0375,0.12));
#10872=CARTESIAN_POINT('',(0.0603730501509697,0.0375,0.12));
#10873=CARTESIAN_POINT('',(0.0590740120452931,0.03525,0.12));
#10874=CARTESIAN_POINT('',(0.0577749739396164,0.033,0.12));
#10875=CARTESIAN_POINT('',(0.0590740120452931,0.03075,0.12));
#10876=CARTESIAN_POINT('',(0.0770311263623231,0.0285,0.12));
#10877=CARTESIAN_POINT('',(0.0796292025736764,0.0285,0.12));
#10878=CARTESIAN_POINT('',(0.0744330501509698,0.0285,0.12));
#10879=CARTESIAN_POINT('',(0.0809282406793531,0.03075,0.12));
#10880=CARTESIAN_POINT('',(0.0822272787850298,0.033,0.12));
#10881=CARTESIAN_POINT('',(0.0809282406793531,0.03525,0.12));
#10882=CARTESIAN_POINT('',(0.0796292025736764,0.0375,0.12));
#10883=CARTESIAN_POINT('',(0.0770311263623231,0.0375,0.12));
#10884=CARTESIAN_POINT('',(0.0744330501509698,0.0375,0.12));
#10885=CARTESIAN_POINT('',(0.0731340120452931,0.03525,0.12));
#10886=CARTESIAN_POINT('',(0.0718349739396165,0.033,0.12));
#10887=CARTESIAN_POINT('',(0.0731340120452931,0.03075,0.12));
#10888=CARTESIAN_POINT('',(0.0910911263623231,0.0285,0.12));
#10889=CARTESIAN_POINT('',(0.0936892025736765,0.0285,0.12));
#10890=CARTESIAN_POINT('',(0.0884930501509698,0.0285,0.12));
#10891=CARTESIAN_POINT('',(0.0949882406793531,0.03075,0.12));
#10892=CARTESIAN_POINT('',(0.0962872787850298,0.033,0.12));
#10893=CARTESIAN_POINT('',(0.0949882406793531,0.03525,0.12));
#10894=CARTESIAN_POINT('',(0.0936892025736765,0.0375,0.12));
#10895=CARTESIAN_POINT('',(0.0910911263623231,0.0375,0.12));
#10896=CARTESIAN_POINT('',(0.0884930501509698,0.0375,0.12));
#10897=CARTESIAN_POINT('',(0.0871940120452932,0.03525,0.12));
#10898=CARTESIAN_POINT('',(0.0858949739396165,0.033,0.12));
#10899=CARTESIAN_POINT('',(0.0871940120452932,0.03075,0.12));
#10900=CARTESIAN_POINT('',(0.048911126362323,0.0545,0.12));
#10901=CARTESIAN_POINT('',(0.0515092025736764,0.0545,0.12));
#10902=CARTESIAN_POINT('',(0.0463130501509697,0.0545,0.12));
#10903=CARTESIAN_POINT('',(0.052808240679353,0.05675,0.12));
#10904=CARTESIAN_POINT('',(0.0541072787850297,0.059,0.12));
#10905=CARTESIAN_POINT('',(0.052808240679353,0.06125,0.12));
#10906=CARTESIAN_POINT('',(0.0515092025736764,0.0635,0.12));
#10907=CARTESIAN_POINT('',(0.048911126362323,0.0635,0.12));
#10908=CARTESIAN_POINT('',(0.0463130501509697,0.0635,0.12));
#10909=CARTESIAN_POINT('',(0.045014012045293,0.06125,0.12));
#10910=CARTESIAN_POINT('',(0.0437149739396164,0.059,0.12));
#10911=CARTESIAN_POINT('',(0.045014012045293,0.05675,0.12));
#10912=CARTESIAN_POINT('',(0.034851126362323,0.0545,0.12));
#10913=CARTESIAN_POINT('',(0.0374492025736763,0.0545,0.12));
#10914=CARTESIAN_POINT('',(0.0322530501509697,0.0545,0.12));
#10915=CARTESIAN_POINT('',(0.0387482406793529,0.05675,0.12));
#10916=CARTESIAN_POINT('',(0.0400472787850297,0.059,0.12));
#10917=CARTESIAN_POINT('',(0.0387482406793529,0.06125,0.12));
#10918=CARTESIAN_POINT('',(0.0374492025736763,0.0635,0.12));
#10919=CARTESIAN_POINT('',(0.034851126362323,0.0635,0.12));
#10920=CARTESIAN_POINT('',(0.0322530501509697,0.0635,0.12));
#10921=CARTESIAN_POINT('',(0.030954012045293,0.06125,0.12));
#10922=CARTESIAN_POINT('',(0.0296549739396163,0.059,0.12));
#10923=CARTESIAN_POINT('',(0.030954012045293,0.05675,0.12));
#10924=CARTESIAN_POINT('',(0.0629711263623231,0.0545,0.12));
#10925=CARTESIAN_POINT('',(0.0655692025736764,0.0545,0.12));
#10926=CARTESIAN_POINT('',(0.0603730501509697,0.0545,0.12));
#10927=CARTESIAN_POINT('',(0.066868240679353,0.05675,0.12));
#10928=CARTESIAN_POINT('',(0.0681672787850297,0.059,0.12));
#10929=CARTESIAN_POINT('',(0.066868240679353,0.06125,0.12));
#10930=CARTESIAN_POINT('',(0.0655692025736764,0.0635,0.12));
#10931=CARTESIAN_POINT('',(0.0629711263623231,0.0635,0.12));
#10932=CARTESIAN_POINT('',(0.0603730501509697,0.0635,0.12));
#10933=CARTESIAN_POINT('',(0.0590740120452931,0.06125,0.12));
#10934=CARTESIAN_POINT('',(0.0577749739396164,0.059,0.12));
#10935=CARTESIAN_POINT('',(0.0590740120452931,0.05675,0.12));
#10936=CARTESIAN_POINT('',(0.0770311263623231,0.0545,0.12));
#10937=CARTESIAN_POINT('',(0.0796292025736764,0.0545,0.12));
#10938=CARTESIAN_POINT('',(0.0744330501509698,0.0545,0.12));
#10939=CARTESIAN_POINT('',(0.0809282406793531,0.05675,0.12));
#10940=CARTESIAN_POINT('',(0.0822272787850298,0.059,0.12));
#10941=CARTESIAN_POINT('',(0.0809282406793531,0.06125,0.12));
#10942=CARTESIAN_POINT('',(0.0796292025736764,0.0635,0.12));
#10943=CARTESIAN_POINT('',(0.0770311263623231,0.0635,0.12));
#10944=CARTESIAN_POINT('',(0.0744330501509698,0.0635,0.12));
#10945=CARTESIAN_POINT('',(0.0731340120452931,0.06125,0.12));
#10946=CARTESIAN_POINT('',(0.0718349739396165,0.059,0.12));
#10947=CARTESIAN_POINT('',(0.0731340120452931,0.05675,0.12));
#10948=CARTESIAN_POINT('',(0.0910911263623231,0.0545,0.12));
#10949=CARTESIAN_POINT('',(0.0936892025736765,0.0545,0.12));
#10950=CARTESIAN_POINT('',(0.0884930501509698,0.0545,0.12));
#10951=CARTESIAN_POINT('',(0.0949882406793531,0.05675,0.12));
#10952=CARTESIAN_POINT('',(0.0962872787850298,0.059,0.12));
#10953=CARTESIAN_POINT('',(0.0949882406793531,0.06125,0.12));
#10954=CARTESIAN_POINT('',(0.0936892025736765,0.0635,0.12));
#10955=CARTESIAN_POINT('',(0.0910911263623231,0.0635,0.12));
#10956=CARTESIAN_POINT('',(0.0884930501509698,0.0635,0.12));
#10957=CARTESIAN_POINT('',(0.0871940120452932,0.06125,0.12));
#10958=CARTESIAN_POINT('',(0.0858949739396165,0.059,0.12));
#10959=CARTESIAN_POINT('',(0.0871940120452932,0.05675,0.12));
#10960=CARTESIAN_POINT('',(0.105151126362323,0.0545,0.12));
#10961=CARTESIAN_POINT('',(0.107749202573676,0.0545,0.12));
#10962=CARTESIAN_POINT('',(0.10255305015097,0.0545,0.12));
#10963=CARTESIAN_POINT('',(0.109048240679353,0.05675,0.12));
#10964=CARTESIAN_POINT('',(0.11034727878503,0.059,0.12));
#10965=CARTESIAN_POINT('',(0.109048240679353,0.06125,0.12));
#10966=CARTESIAN_POINT('',(0.107749202573676,0.0635,0.12));
#10967=CARTESIAN_POINT('',(0.105151126362323,0.0635,0.12));
#10968=CARTESIAN_POINT('',(0.10255305015097,0.0635,0.12));
#10969=CARTESIAN_POINT('',(0.101254012045293,0.06125,0.12));
#10970=CARTESIAN_POINT('',(0.0999549739396165,0.059,0.12));
#10971=CARTESIAN_POINT('',(0.101254012045293,0.05675,0.12));
#10972=CARTESIAN_POINT('',(0.102017088256646,0.04375,0.12));
#10973=CARTESIAN_POINT('',(0.103316126362323,0.046,0.12));
#10974=CARTESIAN_POINT('',(0.10071805015097,0.0415,0.12));
#10975=CARTESIAN_POINT('',(0.102017088256646,0.04825,0.12));
#10976=CARTESIAN_POINT('',(0.10071805015097,0.0505,0.12));
#10977=CARTESIAN_POINT('',(0.0981199739396163,0.0505,0.12));
#10978=CARTESIAN_POINT('',(0.095521897728263,0.0505,0.12));
#10979=CARTESIAN_POINT('',(0.0942228596225863,0.04825,0.12));
#10980=CARTESIAN_POINT('',(0.0929238215169097,0.046,0.12));
#10981=CARTESIAN_POINT('',(0.0942228596225863,0.04375,0.12));
#10982=CARTESIAN_POINT('',(0.095521897728263,0.0415,0.12));
#10983=CARTESIAN_POINT('',(0.0981199739396163,0.0415,0.12));
#10984=CARTESIAN_POINT('',(0.0879570882566463,0.04375,0.12));
#10985=CARTESIAN_POINT('',(0.0892561263623229,0.046,0.12));
#10986=CARTESIAN_POINT('',(0.0866580501509696,0.0415,0.12));
#10987=CARTESIAN_POINT('',(0.0879570882566463,0.04825,0.12));
#10988=CARTESIAN_POINT('',(0.0866580501509697,0.0505,0.12));
#10989=CARTESIAN_POINT('',(0.0840599739396163,0.0505,0.12));
#10990=CARTESIAN_POINT('',(0.081461897728263,0.0505,0.12));
#10991=CARTESIAN_POINT('',(0.0801628596225863,0.04825,0.12));
#10992=CARTESIAN_POINT('',(0.0788638215169097,0.046,0.12));
#10993=CARTESIAN_POINT('',(0.0801628596225863,0.04375,0.12));
#10994=CARTESIAN_POINT('',(0.081461897728263,0.0415,0.12));
#10995=CARTESIAN_POINT('',(0.0840599739396163,0.0415,0.12));
#10996=CARTESIAN_POINT('',(0.0457770882566463,0.06975,0.12));
#10997=CARTESIAN_POINT('',(0.047076126362323,0.072,0.12));
#10998=CARTESIAN_POINT('',(0.0444780501509696,0.0675,0.12));
#10999=CARTESIAN_POINT('',(0.0457770882566463,0.07425,0.12));
#11000=CARTESIAN_POINT('',(0.0444780501509697,0.0765,0.12));
#11001=CARTESIAN_POINT('',(0.0418799739396163,0.0765,0.12));
#11002=CARTESIAN_POINT('',(0.039281897728263,0.0765,0.12));
#11003=CARTESIAN_POINT('',(0.0379828596225864,0.07425,0.12));
#11004=CARTESIAN_POINT('',(0.0366838215169097,0.072,0.12));
#11005=CARTESIAN_POINT('',(0.0379828596225864,0.06975,0.12));
#11006=CARTESIAN_POINT('',(0.039281897728263,0.0675,0.12));
#11007=CARTESIAN_POINT('',(0.0418799739396163,0.0675,0.12));
#11008=CARTESIAN_POINT('',(0.105151126362322,0.0805,0.12));
#11009=CARTESIAN_POINT('',(0.107749202573676,0.0805,0.12));
#11010=CARTESIAN_POINT('',(0.102553050150969,0.0805,0.12));
#11011=CARTESIAN_POINT('',(0.109048240679353,0.08275,0.12));
#11012=CARTESIAN_POINT('',(0.11034727878503,0.085,0.12));
#11013=CARTESIAN_POINT('',(0.109048240679353,0.08725,0.12));
#11014=CARTESIAN_POINT('',(0.107749202573676,0.0895,0.12));
#11015=CARTESIAN_POINT('',(0.105151126362322,0.0895,0.12));
#11016=CARTESIAN_POINT('',(0.102553050150969,0.0895,0.12));
#11017=CARTESIAN_POINT('',(0.101254012045292,0.08725,0.12));
#11018=CARTESIAN_POINT('',(0.0999549739396156,0.085,0.12));
#11019=CARTESIAN_POINT('',(0.101254012045292,0.08275,0.12));
#11020=CARTESIAN_POINT('',(0.0770311263623225,0.0805,0.12));
#11021=CARTESIAN_POINT('',(0.0796292025736759,0.0805,0.12));
#11022=CARTESIAN_POINT('',(0.0744330501509692,0.0805,0.12));
#11023=CARTESIAN_POINT('',(0.0809282406793529,0.08275,0.12));
#11024=CARTESIAN_POINT('',(0.0822272787850296,0.085,0.12));
#11025=CARTESIAN_POINT('',(0.0809282406793529,0.08725,0.12));
#11026=CARTESIAN_POINT('',(0.0796292025736759,0.0895,0.12));
#11027=CARTESIAN_POINT('',(0.0770311263623225,0.0895,0.12));
#11028=CARTESIAN_POINT('',(0.0744330501509692,0.0895,0.12));
#11029=CARTESIAN_POINT('',(0.0731340120452926,0.08725,0.12));
#11030=CARTESIAN_POINT('',(0.0718349739396159,0.085,0.12));
#11031=CARTESIAN_POINT('',(0.0731340120452926,0.08275,0.12));
#11032=CARTESIAN_POINT('',(0.0629711263623227,0.0805,0.12));
#11033=CARTESIAN_POINT('',(0.065569202573676,0.0805,0.12));
#11034=CARTESIAN_POINT('',(0.0603730501509694,0.0805,0.12));
#11035=CARTESIAN_POINT('',(0.0668682406793529,0.08275,0.12));
#11036=CARTESIAN_POINT('',(0.0681672787850296,0.085,0.12));
#11037=CARTESIAN_POINT('',(0.0668682406793529,0.08725,0.12));
#11038=CARTESIAN_POINT('',(0.065569202573676,0.0895,0.12));
#11039=CARTESIAN_POINT('',(0.0629711263623227,0.0895,0.12));
#11040=CARTESIAN_POINT('',(0.0603730501509694,0.0895,0.12));
#11041=CARTESIAN_POINT('',(0.0590740120452927,0.08725,0.12));
#11042=CARTESIAN_POINT('',(0.057774973939616,0.085,0.12));
#11043=CARTESIAN_POINT('',(0.0590740120452927,0.08275,0.12));
#11044=CARTESIAN_POINT('',(0.0598370882566463,0.06975,0.12));
#11045=CARTESIAN_POINT('',(0.061136126362323,0.072,0.12));
#11046=CARTESIAN_POINT('',(0.0585380501509696,0.0675,0.12));
#11047=CARTESIAN_POINT('',(0.0598370882566463,0.07425,0.12));
#11048=CARTESIAN_POINT('',(0.0585380501509697,0.0765,0.12));
#11049=CARTESIAN_POINT('',(0.0559399739396163,0.0765,0.12));
#11050=CARTESIAN_POINT('',(0.053341897728263,0.0765,0.12));
#11051=CARTESIAN_POINT('',(0.0520428596225863,0.07425,0.12));
#11052=CARTESIAN_POINT('',(0.0507438215169097,0.072,0.12));
#11053=CARTESIAN_POINT('',(0.0520428596225863,0.06975,0.12));
#11054=CARTESIAN_POINT('',(0.053341897728263,0.0675,0.12));
#11055=CARTESIAN_POINT('',(0.0559399739396163,0.0675,0.12));
#11056=CARTESIAN_POINT('',(0.0738970882566463,0.06975,0.12));
#11057=CARTESIAN_POINT('',(0.075196126362323,0.072,0.12));
#11058=CARTESIAN_POINT('',(0.0725980501509696,0.0675,0.12));
#11059=CARTESIAN_POINT('',(0.0738970882566463,0.07425,0.12));
#11060=CARTESIAN_POINT('',(0.0725980501509697,0.0765,0.12));
#11061=CARTESIAN_POINT('',(0.0699999739396163,0.0765,0.12));
#11062=CARTESIAN_POINT('',(0.067401897728263,0.0765,0.12));
#11063=CARTESIAN_POINT('',(0.0661028596225863,0.07425,0.12));
#11064=CARTESIAN_POINT('',(0.0648038215169097,0.072,0.12));
#11065=CARTESIAN_POINT('',(0.0661028596225863,0.06975,0.12));
#11066=CARTESIAN_POINT('',(0.067401897728263,0.0675,0.12));
#11067=CARTESIAN_POINT('',(0.0699999739396163,0.0675,0.12));
#11068=CARTESIAN_POINT('',(0.0879570882566463,0.06975,0.12));
#11069=CARTESIAN_POINT('',(0.0892561263623229,0.072,0.12));
#11070=CARTESIAN_POINT('',(0.0866580501509696,0.0675,0.12));
#11071=CARTESIAN_POINT('',(0.0879570882566463,0.07425,0.12));
#11072=CARTESIAN_POINT('',(0.0866580501509697,0.0765,0.12));
#11073=CARTESIAN_POINT('',(0.0840599739396163,0.0765,0.12));
#11074=CARTESIAN_POINT('',(0.081461897728263,0.0765,0.12));
#11075=CARTESIAN_POINT('',(0.0801628596225863,0.07425,0.12));
#11076=CARTESIAN_POINT('',(0.0788638215169097,0.072,0.12));
#11077=CARTESIAN_POINT('',(0.0801628596225863,0.06975,0.12));
#11078=CARTESIAN_POINT('',(0.081461897728263,0.0675,0.12));
#11079=CARTESIAN_POINT('',(0.0840599739396163,0.0675,0.12));
#11080=CARTESIAN_POINT('',(0.102017088256646,0.06975,0.12));
#11081=CARTESIAN_POINT('',(0.103316126362323,0.072,0.12));
#11082=CARTESIAN_POINT('',(0.10071805015097,0.0675,0.12));
#11083=CARTESIAN_POINT('',(0.102017088256646,0.07425,0.12));
#11084=CARTESIAN_POINT('',(0.10071805015097,0.0765,0.12));
#11085=CARTESIAN_POINT('',(0.0981199739396163,0.0765,0.12));
#11086=CARTESIAN_POINT('',(0.095521897728263,0.0765,0.12));
#11087=CARTESIAN_POINT('',(0.0942228596225863,0.07425,0.12));
#11088=CARTESIAN_POINT('',(0.0929238215169097,0.072,0.12));
#11089=CARTESIAN_POINT('',(0.0942228596225863,0.06975,0.12));
#11090=CARTESIAN_POINT('',(0.095521897728263,0.0675,0.12));
#11091=CARTESIAN_POINT('',(0.0981199739396163,0.0675,0.12));
#11092=CARTESIAN_POINT('',(0.0598370882566463,-0.08625,0.12));
#11093=CARTESIAN_POINT('',(0.061136126362323,-0.084,0.12));
#11094=CARTESIAN_POINT('',(0.0585380501509696,-0.0885,0.12));
#11095=CARTESIAN_POINT('',(0.0598370882566464,-0.08175,0.12));
#11096=CARTESIAN_POINT('',(0.0585380501509697,-0.0795,0.12));
#11097=CARTESIAN_POINT('',(0.0559399739396163,-0.0795,0.12));
#11098=CARTESIAN_POINT('',(0.053341897728263,-0.0795,0.12));
#11099=CARTESIAN_POINT('',(0.0520428596225864,-0.08175,0.12));
#11100=CARTESIAN_POINT('',(0.0507438215169097,-0.084,0.12));
#11101=CARTESIAN_POINT('',(0.0520428596225864,-0.08625,0.12));
#11102=CARTESIAN_POINT('',(0.053341897728263,-0.0885,0.12));
#11103=CARTESIAN_POINT('',(0.0559399739396163,-0.0885,0.12));
#11104=CARTESIAN_POINT('',(0.0457770882566463,-0.08625,0.12));
#11105=CARTESIAN_POINT('',(0.047076126362323,-0.084,0.12));
#11106=CARTESIAN_POINT('',(0.0444780501509697,-0.0885,0.12));
#11107=CARTESIAN_POINT('',(0.0457770882566464,-0.08175,0.12));
#11108=CARTESIAN_POINT('',(0.0444780501509697,-0.0795,0.12));
#11109=CARTESIAN_POINT('',(0.0418799739396164,-0.0795,0.12));
#11110=CARTESIAN_POINT('',(0.039281897728263,-0.0795,0.12));
#11111=CARTESIAN_POINT('',(0.0379828596225864,-0.08175,0.12));
#11112=CARTESIAN_POINT('',(0.0366838215169097,-0.084,0.12));
#11113=CARTESIAN_POINT('',(0.0379828596225864,-0.08625,0.12));
#11114=CARTESIAN_POINT('',(0.039281897728263,-0.0885,0.12));
#11115=CARTESIAN_POINT('',(0.0418799739396164,-0.0885,0.12));
#11116=CARTESIAN_POINT('',(0.0879570882566463,-0.00824999999999978,0.12));
#11117=CARTESIAN_POINT('',(0.089256126362323,-0.00599999999999977,0.12));
#11118=CARTESIAN_POINT('',(0.0866580501509696,-0.0104999999999998,0.12));
#11119=CARTESIAN_POINT('',(0.0879570882566464,-0.00374999999999976,0.12));
#11120=CARTESIAN_POINT('',(0.0866580501509697,-0.00149999999999977,0.12));
#11121=CARTESIAN_POINT('',(0.0840599739396163,-0.00149999999999985,0.12));
#11122=CARTESIAN_POINT('',(0.081461897728263,-0.00149999999999976,0.12));
#11123=CARTESIAN_POINT('',(0.0801628596225864,-0.00374999999999977,0.12));
#11124=CARTESIAN_POINT('',(0.0788638215169097,-0.00599999999999976,0.12));
#11125=CARTESIAN_POINT('',(0.0801628596225863,-0.00824999999999976,0.12));
#11126=CARTESIAN_POINT('',(0.081461897728263,-0.0104999999999998,0.12));
#11127=CARTESIAN_POINT('',(0.0840599739396163,-0.0104999999999998,0.12));
#11128=CARTESIAN_POINT('',(0.102017088256646,-0.00824999999999978,0.12));
#11129=CARTESIAN_POINT('',(0.103316126362323,-0.00599999999999976,0.12));
#11130=CARTESIAN_POINT('',(0.10071805015097,-0.0104999999999998,0.12));
#11131=CARTESIAN_POINT('',(0.102017088256646,-0.00374999999999976,0.12));
#11132=CARTESIAN_POINT('',(0.10071805015097,-0.00149999999999977,0.12));
#11133=CARTESIAN_POINT('',(0.0981199739396163,-0.00149999999999985,0.12));
#11134=CARTESIAN_POINT('',(0.095521897728263,-0.00149999999999976,0.12));
#11135=CARTESIAN_POINT('',(0.0942228596225863,-0.00374999999999976,0.12));
#11136=CARTESIAN_POINT('',(0.0929238215169097,-0.00599999999999978,0.12));
#11137=CARTESIAN_POINT('',(0.0942228596225863,-0.00824999999999977,0.12));
#11138=CARTESIAN_POINT('',(0.095521897728263,-0.0104999999999998,0.12));
#11139=CARTESIAN_POINT('',(0.0981199739396163,-0.0104999999999998,0.12));
#11140=CARTESIAN_POINT('',(0.0910911263623231,0.00249999999999996,0.12));
#11141=CARTESIAN_POINT('',(0.0936892025736765,0.00249999999999996,0.12));
#11142=CARTESIAN_POINT('',(0.0884930501509698,0.00249999999999996,0.12));
#11143=CARTESIAN_POINT('',(0.0949882406793531,0.00474999999999994,0.12));
#11144=CARTESIAN_POINT('',(0.0962872787850298,0.007,0.12));
#11145=CARTESIAN_POINT('',(0.0949882406793531,0.00925,0.12));
#11146=CARTESIAN_POINT('',(0.0936892025736765,0.0115,0.12));
#11147=CARTESIAN_POINT('',(0.0910911263623231,0.0115,0.12));
#11148=CARTESIAN_POINT('',(0.0884930501509698,0.0115,0.12));
#11149=CARTESIAN_POINT('',(0.0871940120452932,0.00925,0.12));
#11150=CARTESIAN_POINT('',(0.0858949739396165,0.007,0.12));
#11151=CARTESIAN_POINT('',(0.0871940120452932,0.00475,0.12));
#11152=CARTESIAN_POINT('',(0.105151126362323,0.00249999999999996,0.12));
#11153=CARTESIAN_POINT('',(0.107749202573676,0.00249999999999996,0.12));
#11154=CARTESIAN_POINT('',(0.10255305015097,0.00249999999999996,0.12));
#11155=CARTESIAN_POINT('',(0.109048240679353,0.00474999999999994,0.12));
#11156=CARTESIAN_POINT('',(0.11034727878503,0.007,0.12));
#11157=CARTESIAN_POINT('',(0.109048240679353,0.00925,0.12));
#11158=CARTESIAN_POINT('',(0.107749202573676,0.0115,0.12));
#11159=CARTESIAN_POINT('',(0.105151126362323,0.0115,0.12));
#11160=CARTESIAN_POINT('',(0.10255305015097,0.0115,0.12));
#11161=CARTESIAN_POINT('',(0.101254012045293,0.00925,0.12));
#11162=CARTESIAN_POINT('',(0.0999549739396166,0.007,0.12));
#11163=CARTESIAN_POINT('',(0.101254012045293,0.00475,0.12));
#11164=CARTESIAN_POINT('',(0.102017088256646,-0.03425,0.12));
#11165=CARTESIAN_POINT('',(0.103316126362323,-0.032,0.12));
#11166=CARTESIAN_POINT('',(0.10071805015097,-0.0365,0.12));
#11167=CARTESIAN_POINT('',(0.102017088256646,-0.02975,0.12));
#11168=CARTESIAN_POINT('',(0.10071805015097,-0.0275,0.12));
#11169=CARTESIAN_POINT('',(0.0981199739396163,-0.0275,0.12));
#11170=CARTESIAN_POINT('',(0.095521897728263,-0.0275,0.12));
#11171=CARTESIAN_POINT('',(0.0942228596225863,-0.02975,0.12));
#11172=CARTESIAN_POINT('',(0.0929238215169097,-0.032,0.12));
#11173=CARTESIAN_POINT('',(0.0942228596225863,-0.03425,0.12));
#11174=CARTESIAN_POINT('',(0.095521897728263,-0.0365,0.12));
#11175=CARTESIAN_POINT('',(0.0981199739396163,-0.0365,0.12));
#11176=CARTESIAN_POINT('',(0.0879570882566463,-0.03425,0.12));
#11177=CARTESIAN_POINT('',(0.089256126362323,-0.032,0.12));
#11178=CARTESIAN_POINT('',(0.0866580501509696,-0.0365,0.12));
#11179=CARTESIAN_POINT('',(0.0879570882566464,-0.02975,0.12));
#11180=CARTESIAN_POINT('',(0.0866580501509697,-0.0275,0.12));
#11181=CARTESIAN_POINT('',(0.0840599739396163,-0.0275,0.12));
#11182=CARTESIAN_POINT('',(0.081461897728263,-0.0275,0.12));
#11183=CARTESIAN_POINT('',(0.0801628596225864,-0.02975,0.12));
#11184=CARTESIAN_POINT('',(0.0788638215169097,-0.032,0.12));
#11185=CARTESIAN_POINT('',(0.0801628596225864,-0.03425,0.12));
#11186=CARTESIAN_POINT('',(0.081461897728263,-0.0365,0.12));
#11187=CARTESIAN_POINT('',(0.0840599739396163,-0.0365,0.12));
#11188=CARTESIAN_POINT('',(0.048911126362323,-0.0755,0.12));
#11189=CARTESIAN_POINT('',(0.0515092025736764,-0.0755,0.12));
#11190=CARTESIAN_POINT('',(0.0463130501509697,-0.0755,0.12));
#11191=CARTESIAN_POINT('',(0.052808240679353,-0.07325,0.12));
#11192=CARTESIAN_POINT('',(0.0541072787850297,-0.071,0.12));
#11193=CARTESIAN_POINT('',(0.052808240679353,-0.06875,0.12));
#11194=CARTESIAN_POINT('',(0.0515092025736764,-0.0665,0.12));
#11195=CARTESIAN_POINT('',(0.0489111263623231,-0.0665,0.12));
#11196=CARTESIAN_POINT('',(0.0463130501509697,-0.0665,0.12));
#11197=CARTESIAN_POINT('',(0.0450140120452931,-0.06875,0.12));
#11198=CARTESIAN_POINT('',(0.0437149739396164,-0.071,0.12));
#11199=CARTESIAN_POINT('',(0.0450140120452931,-0.07325,0.12));
#11200=CARTESIAN_POINT('',(0.0629711263623231,-0.0755,0.12));
#11201=CARTESIAN_POINT('',(0.0655692025736764,-0.0755,0.12));
#11202=CARTESIAN_POINT('',(0.0603730501509698,-0.0755,0.12));
#11203=CARTESIAN_POINT('',(0.0668682406793531,-0.07325,0.12));
#11204=CARTESIAN_POINT('',(0.0681672787850297,-0.071,0.12));
#11205=CARTESIAN_POINT('',(0.066868240679353,-0.06875,0.12));
#11206=CARTESIAN_POINT('',(0.0655692025736764,-0.0665,0.12));
#11207=CARTESIAN_POINT('',(0.0629711263623231,-0.0665,0.12));
#11208=CARTESIAN_POINT('',(0.0603730501509698,-0.0665,0.12));
#11209=CARTESIAN_POINT('',(0.0590740120452931,-0.06875,0.12));
#11210=CARTESIAN_POINT('',(0.0577749739396164,-0.071,0.12));
#11211=CARTESIAN_POINT('',(0.0590740120452931,-0.07325,0.12));
#11212=CARTESIAN_POINT('',(0.0770311263623231,-0.0755,0.12));
#11213=CARTESIAN_POINT('',(0.0796292025736764,-0.0755,0.12));
#11214=CARTESIAN_POINT('',(0.0744330501509698,-0.0755,0.12));
#11215=CARTESIAN_POINT('',(0.0809282406793531,-0.07325,0.12));
#11216=CARTESIAN_POINT('',(0.0822272787850298,-0.071,0.12));
#11217=CARTESIAN_POINT('',(0.0809282406793531,-0.06875,0.12));
#11218=CARTESIAN_POINT('',(0.0796292025736765,-0.0665,0.12));
#11219=CARTESIAN_POINT('',(0.0770311263623231,-0.0665,0.12));
#11220=CARTESIAN_POINT('',(0.0744330501509698,-0.0665,0.12));
#11221=CARTESIAN_POINT('',(0.0731340120452931,-0.06875,0.12));
#11222=CARTESIAN_POINT('',(0.0718349739396165,-0.071,0.12));
#11223=CARTESIAN_POINT('',(0.0731340120452931,-0.07325,0.12));
#11224=CARTESIAN_POINT('',(0.0910911263623232,-0.0755,0.12));
#11225=CARTESIAN_POINT('',(0.0936892025736765,-0.0755,0.12));
#11226=CARTESIAN_POINT('',(0.0884930501509698,-0.0755,0.12));
#11227=CARTESIAN_POINT('',(0.0949882406793531,-0.07325,0.12));
#11228=CARTESIAN_POINT('',(0.0962872787850298,-0.071,0.12));
#11229=CARTESIAN_POINT('',(0.0949882406793531,-0.06875,0.12));
#11230=CARTESIAN_POINT('',(0.0936892025736765,-0.0665,0.12));
#11231=CARTESIAN_POINT('',(0.0910911263623232,-0.0665,0.12));
#11232=CARTESIAN_POINT('',(0.0884930501509698,-0.0665,0.12));
#11233=CARTESIAN_POINT('',(0.0871940120452932,-0.06875,0.12));
#11234=CARTESIAN_POINT('',(0.0858949739396165,-0.071,0.12));
#11235=CARTESIAN_POINT('',(0.0871940120452932,-0.07325,0.12));
#11236=CARTESIAN_POINT('',(0.105151126362323,-0.0755,0.12));
#11237=CARTESIAN_POINT('',(0.107749202573676,-0.0755,0.12));
#11238=CARTESIAN_POINT('',(0.10255305015097,-0.0755,0.12));
#11239=CARTESIAN_POINT('',(0.109048240679353,-0.07325,0.12));
#11240=CARTESIAN_POINT('',(0.11034727878503,-0.071,0.12));
#11241=CARTESIAN_POINT('',(0.109048240679353,-0.06875,0.12));
#11242=CARTESIAN_POINT('',(0.107749202573676,-0.0665,0.12));
#11243=CARTESIAN_POINT('',(0.105151126362323,-0.0665,0.12));
#11244=CARTESIAN_POINT('',(0.10255305015097,-0.0665,0.12));
#11245=CARTESIAN_POINT('',(0.101254012045293,-0.06875,0.12));
#11246=CARTESIAN_POINT('',(0.0999549739396166,-0.071,0.12));
#11247=CARTESIAN_POINT('',(0.101254012045293,-0.07325,0.12));
#11248=CARTESIAN_POINT('',(0.102017088256646,-0.08625,0.12));
#11249=CARTESIAN_POINT('',(0.103316126362323,-0.084,0.12));
#11250=CARTESIAN_POINT('',(0.10071805015097,-0.0885,0.12));
#11251=CARTESIAN_POINT('',(0.102017088256646,-0.08175,0.12));
#11252=CARTESIAN_POINT('',(0.10071805015097,-0.0795,0.12));
#11253=CARTESIAN_POINT('',(0.0981199739396163,-0.0795,0.12));
#11254=CARTESIAN_POINT('',(0.095521897728263,-0.0795,0.12));
#11255=CARTESIAN_POINT('',(0.0942228596225863,-0.08175,0.12));
#11256=CARTESIAN_POINT('',(0.0929238215169097,-0.084,0.12));
#11257=CARTESIAN_POINT('',(0.0942228596225863,-0.08625,0.12));
#11258=CARTESIAN_POINT('',(0.095521897728263,-0.0885,0.12));
#11259=CARTESIAN_POINT('',(0.0981199739396163,-0.0885,0.12));
#11260=CARTESIAN_POINT('',(0.0879570882566463,-0.08625,0.12));
#11261=CARTESIAN_POINT('',(0.089256126362323,-0.084,0.12));
#11262=CARTESIAN_POINT('',(0.0866580501509696,-0.0885,0.12));
#11263=CARTESIAN_POINT('',(0.0879570882566464,-0.08175,0.12));
#11264=CARTESIAN_POINT('',(0.0866580501509697,-0.0795,0.12));
#11265=CARTESIAN_POINT('',(0.0840599739396163,-0.0795,0.12));
#11266=CARTESIAN_POINT('',(0.081461897728263,-0.0795,0.12));
#11267=CARTESIAN_POINT('',(0.0801628596225864,-0.08175,0.12));
#11268=CARTESIAN_POINT('',(0.0788638215169097,-0.084,0.12));
#11269=CARTESIAN_POINT('',(0.0801628596225864,-0.08625,0.12));
#11270=CARTESIAN_POINT('',(0.081461897728263,-0.0885,0.12));
#11271=CARTESIAN_POINT('',(0.0840599739396163,-0.0885,0.12));
#11272=CARTESIAN_POINT('',(0.0738970882566463,-0.08625,0.12));
#11273=CARTESIAN_POINT('',(0.075196126362323,-0.084,0.12));
#11274=CARTESIAN_POINT('',(0.0725980501509696,-0.0885,0.12));
#11275=CARTESIAN_POINT('',(0.0738970882566464,-0.08175,0.12));
#11276=CARTESIAN_POINT('',(0.0725980501509697,-0.0795,0.12));
#11277=CARTESIAN_POINT('',(0.0699999739396163,-0.0795,0.12));
#11278=CARTESIAN_POINT('',(0.067401897728263,-0.0795,0.12));
#11279=CARTESIAN_POINT('',(0.0661028596225864,-0.08175,0.12));
#11280=CARTESIAN_POINT('',(0.0648038215169097,-0.084,0.12));
#11281=CARTESIAN_POINT('',(0.0661028596225863,-0.08625,0.12));
#11282=CARTESIAN_POINT('',(0.067401897728263,-0.0885,0.12));
#11283=CARTESIAN_POINT('',(0.0699999739396163,-0.0885,0.12));
#11284=CARTESIAN_POINT('',(0.0457770882566463,0.01775,0.12));
#11285=CARTESIAN_POINT('',(0.0470761263623229,0.02,0.12));
#11286=CARTESIAN_POINT('',(0.0444780501509697,0.0155,0.12));
#11287=CARTESIAN_POINT('',(0.0457770882566463,0.02225,0.12));
#11288=CARTESIAN_POINT('',(0.0444780501509697,0.0245,0.12));
#11289=CARTESIAN_POINT('',(0.0418799739396164,0.0245,0.12));
#11290=CARTESIAN_POINT('',(0.039281897728263,0.0245,0.12));
#11291=CARTESIAN_POINT('',(0.0379828596225864,0.02225,0.12));
#11292=CARTESIAN_POINT('',(0.0366838215169097,0.02,0.12));
#11293=CARTESIAN_POINT('',(0.0379828596225864,0.01775,0.12));
#11294=CARTESIAN_POINT('',(0.039281897728263,0.0155,0.12));
#11295=CARTESIAN_POINT('',(0.0418799739396163,0.0155,0.12));
#11296=CARTESIAN_POINT('',(0.0598370882566463,0.01775,0.12));
#11297=CARTESIAN_POINT('',(0.061136126362323,0.02,0.12));
#11298=CARTESIAN_POINT('',(0.0585380501509696,0.0155,0.12));
#11299=CARTESIAN_POINT('',(0.0598370882566463,0.02225,0.12));
#11300=CARTESIAN_POINT('',(0.0585380501509697,0.0245,0.12));
#11301=CARTESIAN_POINT('',(0.0559399739396163,0.0245,0.12));
#11302=CARTESIAN_POINT('',(0.053341897728263,0.0245,0.12));
#11303=CARTESIAN_POINT('',(0.0520428596225863,0.02225,0.12));
#11304=CARTESIAN_POINT('',(0.0507438215169097,0.02,0.12));
#11305=CARTESIAN_POINT('',(0.0520428596225863,0.01775,0.12));
#11306=CARTESIAN_POINT('',(0.053341897728263,0.0155,0.12));
#11307=CARTESIAN_POINT('',(0.0559399739396163,0.0155,0.12));
#11308=CARTESIAN_POINT('',(0.0738970882566463,0.01775,0.12));
#11309=CARTESIAN_POINT('',(0.075196126362323,0.02,0.12));
#11310=CARTESIAN_POINT('',(0.0725980501509696,0.0155,0.12));
#11311=CARTESIAN_POINT('',(0.0738970882566463,0.02225,0.12));
#11312=CARTESIAN_POINT('',(0.0725980501509697,0.0245,0.12));
#11313=CARTESIAN_POINT('',(0.0699999739396163,0.0245,0.12));
#11314=CARTESIAN_POINT('',(0.067401897728263,0.0245,0.12));
#11315=CARTESIAN_POINT('',(0.0661028596225863,0.02225,0.12));
#11316=CARTESIAN_POINT('',(0.0648038215169097,0.02,0.12));
#11317=CARTESIAN_POINT('',(0.0661028596225863,0.01775,0.12));
#11318=CARTESIAN_POINT('',(0.067401897728263,0.0155,0.12));
#11319=CARTESIAN_POINT('',(0.0699999739396163,0.0155,0.12));
#11320=CARTESIAN_POINT('',(0.0879570882566463,0.01775,0.12));
#11321=CARTESIAN_POINT('',(0.089256126362323,0.02,0.12));
#11322=CARTESIAN_POINT('',(0.0866580501509696,0.0155,0.12));
#11323=CARTESIAN_POINT('',(0.0879570882566464,0.02225,0.12));
#11324=CARTESIAN_POINT('',(0.0866580501509697,0.0245,0.12));
#11325=CARTESIAN_POINT('',(0.0840599739396163,0.0245,0.12));
#11326=CARTESIAN_POINT('',(0.081461897728263,0.0245,0.12));
#11327=CARTESIAN_POINT('',(0.0801628596225864,0.02225,0.12));
#11328=CARTESIAN_POINT('',(0.0788638215169097,0.02,0.12));
#11329=CARTESIAN_POINT('',(0.0801628596225863,0.01775,0.12));
#11330=CARTESIAN_POINT('',(0.081461897728263,0.0155,0.12));
#11331=CARTESIAN_POINT('',(0.0840599739396163,0.0155,0.12));
#11332=CARTESIAN_POINT('',(0.030954012045293,0.08275,0.12));
#11333=CARTESIAN_POINT('',(0.0322530501509697,0.0805,0.12));
#11334=CARTESIAN_POINT('',(0.0296549739396163,0.085,0.12));
#11335=CARTESIAN_POINT('',(0.034851126362323,0.0805,0.12));
#11336=CARTESIAN_POINT('',(0.0374492025736763,0.0805,0.12));
#11337=CARTESIAN_POINT('',(0.0387482406793529,0.08275,0.12));
#11338=CARTESIAN_POINT('',(0.0400472787850296,0.085,0.12));
#11339=CARTESIAN_POINT('',(0.0387482406793529,0.08725,0.12));
#11340=CARTESIAN_POINT('',(0.0374492025736763,0.0895,0.12));
#11341=CARTESIAN_POINT('',(0.034851126362323,0.0895,0.12));
#11342=CARTESIAN_POINT('',(0.0322530501509697,0.0895,0.12));
#11343=CARTESIAN_POINT('',(0.030954012045293,0.08725,0.12));
#11344=CARTESIAN_POINT('',(0.0674131789136698,-0.0426093858770427,0.12));
#11345=CARTESIAN_POINT('',(0.0724131789136698,-0.0426093858770427,0.12));
#11346=CARTESIAN_POINT('',(0.0674131789136698,-0.0476093858770426,0.12));
#11347=CARTESIAN_POINT('',(0.0724131789136698,-0.0201093858770427,0.12));
#11348=CARTESIAN_POINT('',(0.0724131789136698,0.00239061412295737,0.12));
#11349=CARTESIAN_POINT('',(0.0674131789136698,0.00239061412295737,0.12));
#11350=CARTESIAN_POINT('',(0.0674131789136698,0.00739061412295738,0.12));
#11351=CARTESIAN_POINT('',(0.0564131789136698,0.00739061412295737,0.12));
#11352=CARTESIAN_POINT('',(0.0454131789136698,0.00739061412295737,0.12));
#11353=CARTESIAN_POINT('',(0.0454131789136698,0.00239061412295736,0.12));
#11354=CARTESIAN_POINT('',(0.0404131789136698,0.00239061412295737,0.12));
#11355=CARTESIAN_POINT('',(0.0404131789136698,-0.0201093858770427,0.12));
#11356=CARTESIAN_POINT('',(0.0404131789136698,-0.0426093858770427,0.12));
#11357=CARTESIAN_POINT('',(0.0454131789136698,-0.0426093858770427,0.12));
#11358=CARTESIAN_POINT('',(0.0454131789136698,-0.0476093858770426,0.12));
#11359=CARTESIAN_POINT('',(0.0564131789136698,-0.0476093858770426,0.12));
#11360=CARTESIAN_POINT('',(0.106773200569014,-0.0310481823980809,0.12));
#11361=CARTESIAN_POINT('',(0.109023200569014,-0.0310481823980809,0.12));
#11362=CARTESIAN_POINT('',(0.0484840391986634,0.09,0.12));
#11363=CARTESIAN_POINT('',(0.0507340391986634,0.09,0.12));
#11364=CARTESIAN_POINT('',(0.0903755575418472,-0.09,0.12));
#11365=CARTESIAN_POINT('',(0.0926255575418472,-0.09,0.12));
#11366=CARTESIAN_POINT('',(0.0694297983702553,0.095,0.12));
#11367=CARTESIAN_POINT('',(0.0344297983702553,0.095,0.12));
#11368=CARTESIAN_POINT('',(0.104429798370255,0.095,0.12));
#11369=CARTESIAN_POINT('',(0.104429798370255,0.085,0.12));
#11370=CARTESIAN_POINT('',(0.114429798370255,0.085,0.12));
#11371=CARTESIAN_POINT('',(0.114429798370255,0.,0.12));
#11372=CARTESIAN_POINT('',(0.114429798370255,-0.085,0.12));
#11373=CARTESIAN_POINT('',(0.104429798370255,-0.085,0.12));
#11374=CARTESIAN_POINT('',(0.104429798370255,-0.095,0.12));
#11375=CARTESIAN_POINT('',(0.0694297983702553,-0.095,0.12));
#11376=CARTESIAN_POINT('',(0.0344297983702553,-0.095,0.12));
#11377=CARTESIAN_POINT('',(0.0344297983702554,-0.085,0.12));
#11378=CARTESIAN_POINT('',(0.0244297983702553,-0.085,0.12));
#11379=CARTESIAN_POINT('',(0.0244297983702553,0.,0.12));
#11380=CARTESIAN_POINT('',(0.0244297983702553,0.085,0.12));
#11381=CARTESIAN_POINT('',(0.0344297983702553,0.085,0.12));
#11382=CARTESIAN_POINT('',(0.106773200569014,0.0310481823980808,0.12));
#11383=CARTESIAN_POINT('',(0.109023200569014,0.0310481823980808,0.12));
#11384=CARTESIAN_POINT('',(0.0484840391986634,-0.09,0.12));
#11385=CARTESIAN_POINT('',(0.0507340391986634,-0.09,0.12));
#11386=CARTESIAN_POINT('',(0.0903755575418472,0.09,0.12));
#11387=CARTESIAN_POINT('',(0.0926255575418472,0.09,0.12));
#11388=CARTESIAN_POINT('',(0.0694297983702553,0.095,0.126));
#11389=CARTESIAN_POINT('',(0.0344297983702553,0.095,0.126));
#11390=CARTESIAN_POINT('',(0.104429798370255,0.095,0.126));
#11391=CARTESIAN_POINT('',(0.0344297983702553,0.085,0.126));
#11392=CARTESIAN_POINT('',(0.0244297983702553,0.085,0.126));
#11393=CARTESIAN_POINT('',(0.0244297983702553,0.,0.126));
#11394=CARTESIAN_POINT('',(0.0244297983702553,-0.085,0.126));
#11395=CARTESIAN_POINT('',(0.0344297983702554,-0.085,0.126));
#11396=CARTESIAN_POINT('',(0.0344297983702553,-0.095,0.126));
#11397=CARTESIAN_POINT('',(0.0694297983702553,-0.095,0.126));
#11398=CARTESIAN_POINT('',(0.104429798370255,-0.095,0.126));
#11399=CARTESIAN_POINT('',(0.104429798370255,-0.085,0.126));
#11400=CARTESIAN_POINT('',(0.114429798370255,-0.085,0.126));
#11401=CARTESIAN_POINT('',(0.114429798370255,0.,0.126));
#11402=CARTESIAN_POINT('',(0.114429798370255,0.085,0.126));
#11403=CARTESIAN_POINT('',(0.104429798370255,0.085,0.126));
#11404=CARTESIAN_POINT('',(0.0903755575418472,-0.09,0.119998));
#11405=CARTESIAN_POINT('',(0.106773200569014,0.0310481823980808,0.119998));
#11406=CARTESIAN_POINT('',(0.0484840391986634,-0.09,0.119998));
#11407=CARTESIAN_POINT('',(0.0903755575418472,0.09,0.119998));
#11408=CARTESIAN_POINT('',(0.0484840391986634,0.09,0.119998));
#11409=CARTESIAN_POINT('',(0.106773200569014,-0.0310481823980809,0.119998));
#11410=CARTESIAN_POINT('',(0.0809131789136698,-0.0491521421181376,0.125));
#11411=CARTESIAN_POINT('',(0.0809131789136698,-0.0491521421181376,0.125));
#11412=CARTESIAN_POINT('',(0.0828131789136698,-0.0491521421181376,0.125));
#11413=CARTESIAN_POINT('',(0.0694297983702553,0.,0.125));
#11414=CARTESIAN_POINT('',(0.0809131789136698,-0.0491521421181376,0.125));
#11415=CARTESIAN_POINT('',(0.0824631789136698,-0.0491521421181376,0.125));
#11416=CARTESIAN_POINT('',(0.0319131789136698,0.00893337036405237,0.125));
#11417=CARTESIAN_POINT('',(0.0319131789136698,0.00893337036405237,0.125));
#11418=CARTESIAN_POINT('',(0.0338131789136698,0.00893337036405237,0.125));
#11419=CARTESIAN_POINT('',(0.0694297983702553,0.,0.125));
#11420=CARTESIAN_POINT('',(0.0319131789136698,0.00893337036405237,0.125));
#11421=CARTESIAN_POINT('',(0.0334631789136698,0.00893337036405237,0.125));
#11422=CARTESIAN_POINT('',(0.0809131789136698,0.00893337036405237,0.125));
#11423=CARTESIAN_POINT('',(0.0809131789136698,0.00893337036405237,0.125));
#11424=CARTESIAN_POINT('',(0.0828131789136698,0.00893337036405237,0.125));
#11425=CARTESIAN_POINT('',(0.0694297983702553,0.,0.125));
#11426=CARTESIAN_POINT('',(0.0809131789136698,0.00893337036405237,0.125));
#11427=CARTESIAN_POINT('',(0.0824631789136698,0.00893337036405237,0.125));
#11428=CARTESIAN_POINT('',(0.0319131789136698,-0.0491521421181376,0.125));
#11429=CARTESIAN_POINT('',(0.0319131789136698,-0.0491521421181376,0.125));
#11430=CARTESIAN_POINT('',(0.0338131789136698,-0.0491521421181376,0.125));
#11431=CARTESIAN_POINT('',(0.0694297983702553,0.,0.125));
#11432=CARTESIAN_POINT('',(0.0319131789136698,-0.0491521421181376,0.125));
#11433=CARTESIAN_POINT('',(0.0334631789136698,-0.0491521421181376,0.125));
#11434=CARTESIAN_POINT('',(0.0694297983702553,0.,0.122));
#11435=CARTESIAN_POINT('',(0.0809131789136698,-0.0491521421181376,0.122));
#11436=CARTESIAN_POINT('',(0.0824631789136698,-0.0491521421181376,0.122));
#11437=CARTESIAN_POINT('',(0.0809131789136698,-0.0491521421181376,0.122));
#11438=CARTESIAN_POINT('',(0.0694297983702553,0.,0.122));
#11439=CARTESIAN_POINT('',(0.0319131789136698,0.00893337036405237,0.122));
#11440=CARTESIAN_POINT('',(0.0334631789136698,0.00893337036405237,0.122));
#11441=CARTESIAN_POINT('',(0.0319131789136698,0.00893337036405237,0.122));
#11442=CARTESIAN_POINT('',(0.0694297983702553,0.,0.122));
#11443=CARTESIAN_POINT('',(0.0809131789136698,0.00893337036405237,0.122));
#11444=CARTESIAN_POINT('',(0.0824631789136698,0.00893337036405237,0.122));
#11445=CARTESIAN_POINT('',(0.0809131789136698,0.00893337036405237,0.122));
#11446=CARTESIAN_POINT('',(0.0694297983702553,0.,0.122));
#11447=CARTESIAN_POINT('',(0.0319131789136698,-0.0491521421181376,0.122));
#11448=CARTESIAN_POINT('',(0.0334631789136698,-0.0491521421181376,0.122));
#11449=CARTESIAN_POINT('',(0.0319131789136698,-0.0491521421181376,0.122));
#11450=CARTESIAN_POINT('',(0.0674131789136698,-0.0426093858770427,0.119998));
#11451=CARTESIAN_POINT('',(0.0674131789136698,-0.0476093858770426,0.119998));
#11452=CARTESIAN_POINT('',(0.0724131789136698,-0.0426093858770427,0.119998));
#11453=CARTESIAN_POINT('',(0.0564131789136698,-0.0476093858770426,0.119998));
#11454=CARTESIAN_POINT('',(0.0454131789136698,-0.0476093858770426,0.119998));
#11455=CARTESIAN_POINT('',(0.0454131789136698,-0.0426093858770427,0.119998));
#11456=CARTESIAN_POINT('',(0.0404131789136698,-0.0426093858770427,0.119998));
#11457=CARTESIAN_POINT('',(0.0404131789136698,-0.0201093858770427,0.119998));
#11458=CARTESIAN_POINT('',(0.0404131789136698,0.00239061412295737,0.119998));
#11459=CARTESIAN_POINT('',(0.0454131789136698,0.00239061412295736,0.119998));
#11460=CARTESIAN_POINT('',(0.0454131789136698,0.00739061412295737,0.119998));
#11461=CARTESIAN_POINT('',(0.0564131789136698,0.00739061412295737,0.119998));
#11462=CARTESIAN_POINT('',(0.0674131789136698,0.00739061412295738,0.119998));
#11463=CARTESIAN_POINT('',(0.0674131789136698,0.00239061412295737,0.119998));
#11464=CARTESIAN_POINT('',(0.0724131789136698,0.00239061412295737,0.119998));
#11465=CARTESIAN_POINT('',(0.0724131789136698,-0.0201093858770427,0.119998));
#11466=CARTESIAN_POINT('',(0.0971797983702553,-0.019,0.125));
#11467=CARTESIAN_POINT('',(0.0971797983702553,-0.019,0.125));
#11468=CARTESIAN_POINT('',(0.0995797983702553,-0.019,0.125));
#11469=CARTESIAN_POINT('',(0.0694297983702593,0.,0.125));
#11470=CARTESIAN_POINT('',(0.0971797983702553,-0.019,0.125));
#11471=CARTESIAN_POINT('',(0.0992297983702553,-0.019,0.125));
#11472=CARTESIAN_POINT('',(0.10867979837027,0.019,0.125));
#11473=CARTESIAN_POINT('',(0.10867979837027,0.019,0.125));
#11474=CARTESIAN_POINT('',(0.11107979837027,0.019,0.125));
#11475=CARTESIAN_POINT('',(0.0694297983702593,0.,0.125));
#11476=CARTESIAN_POINT('',(0.10867979837027,0.019,0.125));
#11477=CARTESIAN_POINT('',(0.11072979837027,0.019,0.125));
#11478=CARTESIAN_POINT('',(0.0971797983702553,0.019,0.125));
#11479=CARTESIAN_POINT('',(0.0971797983702553,0.019,0.125));
#11480=CARTESIAN_POINT('',(0.0995797983702553,0.019,0.125));
#11481=CARTESIAN_POINT('',(0.0694297983702593,0.,0.125));
#11482=CARTESIAN_POINT('',(0.0971797983702553,0.019,0.125));
#11483=CARTESIAN_POINT('',(0.0992297983702553,0.019,0.125));
#11484=CARTESIAN_POINT('',(0.10867979837027,-0.019,0.125));
#11485=CARTESIAN_POINT('',(0.10867979837027,-0.019,0.125));
#11486=CARTESIAN_POINT('',(0.11107979837027,-0.019,0.125));
#11487=CARTESIAN_POINT('',(0.0694297983702593,0.,0.125));
#11488=CARTESIAN_POINT('',(0.10867979837027,-0.019,0.125));
#11489=CARTESIAN_POINT('',(0.11072979837027,-0.019,0.125));
#11490=CARTESIAN_POINT('',(0.0694297983702593,0.,0.122));
#11491=CARTESIAN_POINT('',(0.0971797983702553,-0.019,0.122));
#11492=CARTESIAN_POINT('',(0.0992297983702553,-0.019,0.122));
#11493=CARTESIAN_POINT('',(0.0971797983702553,-0.019,0.122));
#11494=CARTESIAN_POINT('',(0.0694297983702593,0.,0.122));
#11495=CARTESIAN_POINT('',(0.10867979837027,0.019,0.122));
#11496=CARTESIAN_POINT('',(0.11072979837027,0.019,0.122));
#11497=CARTESIAN_POINT('',(0.10867979837027,0.019,0.122));
#11498=CARTESIAN_POINT('',(0.0694297983702593,0.,0.122));
#11499=CARTESIAN_POINT('',(0.0971797983702553,0.019,0.122));
#11500=CARTESIAN_POINT('',(0.0992297983702553,0.019,0.122));
#11501=CARTESIAN_POINT('',(0.0971797983702553,0.019,0.122));
#11502=CARTESIAN_POINT('',(0.0694297983702593,0.,0.122));
#11503=CARTESIAN_POINT('',(0.10867979837027,-0.019,0.122));
#11504=CARTESIAN_POINT('',(0.11072979837027,-0.019,0.122));
#11505=CARTESIAN_POINT('',(0.10867979837027,-0.019,0.122));
#11506=CARTESIAN_POINT('',(0.030954012045293,0.08275,0.119998));
#11507=CARTESIAN_POINT('',(0.0296549739396163,0.085,0.119998));
#11508=CARTESIAN_POINT('',(0.0322530501509697,0.0805,0.119998));
#11509=CARTESIAN_POINT('',(0.030954012045293,0.08725,0.119998));
#11510=CARTESIAN_POINT('',(0.0322530501509697,0.0895,0.119998));
#11511=CARTESIAN_POINT('',(0.034851126362323,0.0895,0.119998));
#11512=CARTESIAN_POINT('',(0.0374492025736763,0.0895,0.119998));
#11513=CARTESIAN_POINT('',(0.0387482406793529,0.08725,0.119998));
#11514=CARTESIAN_POINT('',(0.0400472787850296,0.085,0.119998));
#11515=CARTESIAN_POINT('',(0.0387482406793529,0.08275,0.119998));
#11516=CARTESIAN_POINT('',(0.0374492025736763,0.0805,0.119998));
#11517=CARTESIAN_POINT('',(0.034851126362323,0.0805,0.119998));
#11518=CARTESIAN_POINT('',(0.0879570882566463,0.01775,0.119998));
#11519=CARTESIAN_POINT('',(0.0866580501509696,0.0155,0.119998));
#11520=CARTESIAN_POINT('',(0.089256126362323,0.02,0.119998));
#11521=CARTESIAN_POINT('',(0.0840599739396163,0.0155,0.119998));
#11522=CARTESIAN_POINT('',(0.081461897728263,0.0155,0.119998));
#11523=CARTESIAN_POINT('',(0.0801628596225863,0.01775,0.119998));
#11524=CARTESIAN_POINT('',(0.0788638215169097,0.02,0.119998));
#11525=CARTESIAN_POINT('',(0.0801628596225864,0.02225,0.119998));
#11526=CARTESIAN_POINT('',(0.081461897728263,0.0245,0.119998));
#11527=CARTESIAN_POINT('',(0.0840599739396163,0.0245,0.119998));
#11528=CARTESIAN_POINT('',(0.0866580501509697,0.0245,0.119998));
#11529=CARTESIAN_POINT('',(0.0879570882566464,0.02225,0.119998));
#11530=CARTESIAN_POINT('',(0.0738970882566463,0.01775,0.119998));
#11531=CARTESIAN_POINT('',(0.0725980501509696,0.0155,0.119998));
#11532=CARTESIAN_POINT('',(0.075196126362323,0.02,0.119998));
#11533=CARTESIAN_POINT('',(0.0699999739396163,0.0155,0.119998));
#11534=CARTESIAN_POINT('',(0.067401897728263,0.0155,0.119998));
#11535=CARTESIAN_POINT('',(0.0661028596225863,0.01775,0.119998));
#11536=CARTESIAN_POINT('',(0.0648038215169097,0.02,0.119998));
#11537=CARTESIAN_POINT('',(0.0661028596225863,0.02225,0.119998));
#11538=CARTESIAN_POINT('',(0.067401897728263,0.0245,0.119998));
#11539=CARTESIAN_POINT('',(0.0699999739396163,0.0245,0.119998));
#11540=CARTESIAN_POINT('',(0.0725980501509697,0.0245,0.119998));
#11541=CARTESIAN_POINT('',(0.0738970882566463,0.02225,0.119998));
#11542=CARTESIAN_POINT('',(0.0598370882566463,0.01775,0.119998));
#11543=CARTESIAN_POINT('',(0.0585380501509696,0.0155,0.119998));
#11544=CARTESIAN_POINT('',(0.0611361263623229,0.02,0.119998));
#11545=CARTESIAN_POINT('',(0.0559399739396163,0.0155,0.119998));
#11546=CARTESIAN_POINT('',(0.053341897728263,0.0155,0.119998));
#11547=CARTESIAN_POINT('',(0.0520428596225863,0.01775,0.119998));
#11548=CARTESIAN_POINT('',(0.0507438215169097,0.02,0.119998));
#11549=CARTESIAN_POINT('',(0.0520428596225863,0.02225,0.119998));
#11550=CARTESIAN_POINT('',(0.053341897728263,0.0245,0.119998));
#11551=CARTESIAN_POINT('',(0.0559399739396163,0.0245,0.119998));
#11552=CARTESIAN_POINT('',(0.0585380501509697,0.0245,0.119998));
#11553=CARTESIAN_POINT('',(0.0598370882566463,0.02225,0.119998));
#11554=CARTESIAN_POINT('',(0.0457770882566463,0.01775,0.119998));
#11555=CARTESIAN_POINT('',(0.0444780501509697,0.0155,0.119998));
#11556=CARTESIAN_POINT('',(0.047076126362323,0.02,0.119998));
#11557=CARTESIAN_POINT('',(0.0418799739396163,0.0155,0.119998));
#11558=CARTESIAN_POINT('',(0.039281897728263,0.0155,0.119998));
#11559=CARTESIAN_POINT('',(0.0379828596225864,0.01775,0.119998));
#11560=CARTESIAN_POINT('',(0.0366838215169097,0.02,0.119998));
#11561=CARTESIAN_POINT('',(0.0379828596225864,0.02225,0.119998));
#11562=CARTESIAN_POINT('',(0.039281897728263,0.0245,0.119998));
#11563=CARTESIAN_POINT('',(0.0418799739396164,0.0245,0.119998));
#11564=CARTESIAN_POINT('',(0.0444780501509697,0.0245,0.119998));
#11565=CARTESIAN_POINT('',(0.0457770882566463,0.02225,0.119998));
#11566=CARTESIAN_POINT('',(0.0738970882566463,-0.08625,0.119998));
#11567=CARTESIAN_POINT('',(0.0725980501509696,-0.0885,0.119998));
#11568=CARTESIAN_POINT('',(0.075196126362323,-0.084,0.119998));
#11569=CARTESIAN_POINT('',(0.0699999739396163,-0.0885,0.119998));
#11570=CARTESIAN_POINT('',(0.067401897728263,-0.0885,0.119998));
#11571=CARTESIAN_POINT('',(0.0661028596225863,-0.08625,0.119998));
#11572=CARTESIAN_POINT('',(0.0648038215169097,-0.084,0.119998));
#11573=CARTESIAN_POINT('',(0.0661028596225864,-0.08175,0.119998));
#11574=CARTESIAN_POINT('',(0.067401897728263,-0.0795,0.119998));
#11575=CARTESIAN_POINT('',(0.0699999739396163,-0.0795,0.119998));
#11576=CARTESIAN_POINT('',(0.0725980501509697,-0.0795,0.119998));
#11577=CARTESIAN_POINT('',(0.0738970882566464,-0.08175,0.119998));
#11578=CARTESIAN_POINT('',(0.0879570882566463,-0.08625,0.119998));
#11579=CARTESIAN_POINT('',(0.0866580501509696,-0.0885,0.119998));
#11580=CARTESIAN_POINT('',(0.089256126362323,-0.084,0.119998));
#11581=CARTESIAN_POINT('',(0.0840599739396163,-0.0885,0.119998));
#11582=CARTESIAN_POINT('',(0.081461897728263,-0.0885,0.119998));
#11583=CARTESIAN_POINT('',(0.0801628596225864,-0.08625,0.119998));
#11584=CARTESIAN_POINT('',(0.0788638215169097,-0.084,0.119998));
#11585=CARTESIAN_POINT('',(0.0801628596225864,-0.08175,0.119998));
#11586=CARTESIAN_POINT('',(0.081461897728263,-0.0795,0.119998));
#11587=CARTESIAN_POINT('',(0.0840599739396163,-0.0795,0.119998));
#11588=CARTESIAN_POINT('',(0.0866580501509697,-0.0795,0.119998));
#11589=CARTESIAN_POINT('',(0.0879570882566464,-0.08175,0.119998));
#11590=CARTESIAN_POINT('',(0.102017088256646,-0.08625,0.119998));
#11591=CARTESIAN_POINT('',(0.10071805015097,-0.0885,0.119998));
#11592=CARTESIAN_POINT('',(0.103316126362323,-0.084,0.119998));
#11593=CARTESIAN_POINT('',(0.0981199739396163,-0.0885,0.119998));
#11594=CARTESIAN_POINT('',(0.095521897728263,-0.0885,0.119998));
#11595=CARTESIAN_POINT('',(0.0942228596225863,-0.08625,0.119998));
#11596=CARTESIAN_POINT('',(0.0929238215169097,-0.084,0.119998));
#11597=CARTESIAN_POINT('',(0.0942228596225863,-0.08175,0.119998));
#11598=CARTESIAN_POINT('',(0.095521897728263,-0.0795,0.119998));
#11599=CARTESIAN_POINT('',(0.0981199739396163,-0.0795,0.119998));
#11600=CARTESIAN_POINT('',(0.10071805015097,-0.0795,0.119998));
#11601=CARTESIAN_POINT('',(0.102017088256646,-0.08175,0.119998));
#11602=CARTESIAN_POINT('',(0.105151126362323,-0.0755,0.119998));
#11603=CARTESIAN_POINT('',(0.10255305015097,-0.0755,0.119998));
#11604=CARTESIAN_POINT('',(0.107749202573676,-0.0755,0.119998));
#11605=CARTESIAN_POINT('',(0.101254012045293,-0.07325,0.119998));
#11606=CARTESIAN_POINT('',(0.0999549739396166,-0.071,0.119998));
#11607=CARTESIAN_POINT('',(0.101254012045293,-0.06875,0.119998));
#11608=CARTESIAN_POINT('',(0.10255305015097,-0.0665,0.119998));
#11609=CARTESIAN_POINT('',(0.105151126362323,-0.0665,0.119998));
#11610=CARTESIAN_POINT('',(0.107749202573676,-0.0665,0.119998));
#11611=CARTESIAN_POINT('',(0.109048240679353,-0.06875,0.119998));
#11612=CARTESIAN_POINT('',(0.11034727878503,-0.071,0.119998));
#11613=CARTESIAN_POINT('',(0.109048240679353,-0.07325,0.119998));
#11614=CARTESIAN_POINT('',(0.0910911263623232,-0.0755,0.119998));
#11615=CARTESIAN_POINT('',(0.0884930501509698,-0.0755,0.119998));
#11616=CARTESIAN_POINT('',(0.0936892025736765,-0.0755,0.119998));
#11617=CARTESIAN_POINT('',(0.0871940120452932,-0.07325,0.119998));
#11618=CARTESIAN_POINT('',(0.0858949739396165,-0.071,0.119998));
#11619=CARTESIAN_POINT('',(0.0871940120452932,-0.06875,0.119998));
#11620=CARTESIAN_POINT('',(0.0884930501509698,-0.0665,0.119998));
#11621=CARTESIAN_POINT('',(0.0910911263623232,-0.0665,0.119998));
#11622=CARTESIAN_POINT('',(0.0936892025736765,-0.0665,0.119998));
#11623=CARTESIAN_POINT('',(0.0949882406793531,-0.06875,0.119998));
#11624=CARTESIAN_POINT('',(0.0962872787850298,-0.071,0.119998));
#11625=CARTESIAN_POINT('',(0.0949882406793531,-0.07325,0.119998));
#11626=CARTESIAN_POINT('',(0.0770311263623231,-0.0755,0.119998));
#11627=CARTESIAN_POINT('',(0.0744330501509698,-0.0755,0.119998));
#11628=CARTESIAN_POINT('',(0.0796292025736764,-0.0755,0.119998));
#11629=CARTESIAN_POINT('',(0.0731340120452931,-0.07325,0.119998));
#11630=CARTESIAN_POINT('',(0.0718349739396165,-0.071,0.119998));
#11631=CARTESIAN_POINT('',(0.0731340120452931,-0.06875,0.119998));
#11632=CARTESIAN_POINT('',(0.0744330501509698,-0.0665,0.119998));
#11633=CARTESIAN_POINT('',(0.0770311263623231,-0.0665,0.119998));
#11634=CARTESIAN_POINT('',(0.0796292025736765,-0.0665,0.119998));
#11635=CARTESIAN_POINT('',(0.0809282406793531,-0.06875,0.119998));
#11636=CARTESIAN_POINT('',(0.0822272787850298,-0.071,0.119998));
#11637=CARTESIAN_POINT('',(0.0809282406793531,-0.07325,0.119998));
#11638=CARTESIAN_POINT('',(0.0629711263623231,-0.0755,0.119998));
#11639=CARTESIAN_POINT('',(0.0603730501509698,-0.0755,0.119998));
#11640=CARTESIAN_POINT('',(0.0655692025736764,-0.0755,0.119998));
#11641=CARTESIAN_POINT('',(0.0590740120452931,-0.07325,0.119998));
#11642=CARTESIAN_POINT('',(0.0577749739396164,-0.071,0.119998));
#11643=CARTESIAN_POINT('',(0.0590740120452931,-0.06875,0.119998));
#11644=CARTESIAN_POINT('',(0.0603730501509698,-0.0665,0.119998));
#11645=CARTESIAN_POINT('',(0.0629711263623231,-0.0665,0.119998));
#11646=CARTESIAN_POINT('',(0.0655692025736764,-0.0665,0.119998));
#11647=CARTESIAN_POINT('',(0.066868240679353,-0.06875,0.119998));
#11648=CARTESIAN_POINT('',(0.0681672787850297,-0.071,0.119998));
#11649=CARTESIAN_POINT('',(0.0668682406793531,-0.07325,0.119998));
#11650=CARTESIAN_POINT('',(0.048911126362323,-0.0755,0.119998));
#11651=CARTESIAN_POINT('',(0.0463130501509697,-0.0755,0.119998));
#11652=CARTESIAN_POINT('',(0.0515092025736764,-0.0755,0.119998));
#11653=CARTESIAN_POINT('',(0.0450140120452931,-0.07325,0.119998));
#11654=CARTESIAN_POINT('',(0.0437149739396164,-0.071,0.119998));
#11655=CARTESIAN_POINT('',(0.0450140120452931,-0.06875,0.119998));
#11656=CARTESIAN_POINT('',(0.0463130501509697,-0.0665,0.119998));
#11657=CARTESIAN_POINT('',(0.0489111263623231,-0.0665,0.119998));
#11658=CARTESIAN_POINT('',(0.0515092025736764,-0.0665,0.119998));
#11659=CARTESIAN_POINT('',(0.052808240679353,-0.06875,0.119998));
#11660=CARTESIAN_POINT('',(0.0541072787850297,-0.071,0.119998));
#11661=CARTESIAN_POINT('',(0.052808240679353,-0.07325,0.119998));
#11662=CARTESIAN_POINT('',(0.0879570882566463,-0.03425,0.119998));
#11663=CARTESIAN_POINT('',(0.0866580501509696,-0.0365,0.119998));
#11664=CARTESIAN_POINT('',(0.089256126362323,-0.032,0.119998));
#11665=CARTESIAN_POINT('',(0.0840599739396163,-0.0365,0.119998));
#11666=CARTESIAN_POINT('',(0.081461897728263,-0.0365,0.119998));
#11667=CARTESIAN_POINT('',(0.0801628596225864,-0.03425,0.119998));
#11668=CARTESIAN_POINT('',(0.0788638215169097,-0.032,0.119998));
#11669=CARTESIAN_POINT('',(0.0801628596225864,-0.02975,0.119998));
#11670=CARTESIAN_POINT('',(0.081461897728263,-0.0275,0.119998));
#11671=CARTESIAN_POINT('',(0.0840599739396163,-0.0275,0.119998));
#11672=CARTESIAN_POINT('',(0.0866580501509697,-0.0275,0.119998));
#11673=CARTESIAN_POINT('',(0.0879570882566464,-0.02975,0.119998));
#11674=CARTESIAN_POINT('',(0.102017088256646,-0.03425,0.119998));
#11675=CARTESIAN_POINT('',(0.10071805015097,-0.0365,0.119998));
#11676=CARTESIAN_POINT('',(0.103316126362323,-0.032,0.119998));
#11677=CARTESIAN_POINT('',(0.0981199739396163,-0.0365,0.119998));
#11678=CARTESIAN_POINT('',(0.095521897728263,-0.0365,0.119998));
#11679=CARTESIAN_POINT('',(0.0942228596225863,-0.03425,0.119998));
#11680=CARTESIAN_POINT('',(0.0929238215169097,-0.032,0.119998));
#11681=CARTESIAN_POINT('',(0.0942228596225863,-0.02975,0.119998));
#11682=CARTESIAN_POINT('',(0.095521897728263,-0.0275,0.119998));
#11683=CARTESIAN_POINT('',(0.0981199739396163,-0.0275,0.119998));
#11684=CARTESIAN_POINT('',(0.10071805015097,-0.0275,0.119998));
#11685=CARTESIAN_POINT('',(0.102017088256646,-0.02975,0.119998));
#11686=CARTESIAN_POINT('',(0.105151126362323,0.00249999999999996,0.119998));
#11687=CARTESIAN_POINT('',(0.10255305015097,0.00249999999999996,0.119998));
#11688=CARTESIAN_POINT('',(0.107749202573676,0.00249999999999996,0.119998));
#11689=CARTESIAN_POINT('',(0.101254012045293,0.00475,0.119998));
#11690=CARTESIAN_POINT('',(0.0999549739396166,0.007,0.119998));
#11691=CARTESIAN_POINT('',(0.101254012045293,0.00925,0.119998));
#11692=CARTESIAN_POINT('',(0.10255305015097,0.0115,0.119998));
#11693=CARTESIAN_POINT('',(0.105151126362323,0.0115,0.119998));
#11694=CARTESIAN_POINT('',(0.107749202573676,0.0115,0.119998));
#11695=CARTESIAN_POINT('',(0.109048240679353,0.00925,0.119998));
#11696=CARTESIAN_POINT('',(0.11034727878503,0.007,0.119998));
#11697=CARTESIAN_POINT('',(0.109048240679353,0.00474999999999994,0.119998));
#11698=CARTESIAN_POINT('',(0.0910911263623231,0.00249999999999996,0.119998));
#11699=CARTESIAN_POINT('',(0.0884930501509698,0.00249999999999996,0.119998));
#11700=CARTESIAN_POINT('',(0.0936892025736765,0.00249999999999996,0.119998));
#11701=CARTESIAN_POINT('',(0.0871940120452932,0.00475,0.119998));
#11702=CARTESIAN_POINT('',(0.0858949739396165,0.007,0.119998));
#11703=CARTESIAN_POINT('',(0.0871940120452932,0.00925,0.119998));
#11704=CARTESIAN_POINT('',(0.0884930501509698,0.0115,0.119998));
#11705=CARTESIAN_POINT('',(0.0910911263623231,0.0115,0.119998));
#11706=CARTESIAN_POINT('',(0.0936892025736765,0.0115,0.119998));
#11707=CARTESIAN_POINT('',(0.0949882406793531,0.00925,0.119998));
#11708=CARTESIAN_POINT('',(0.0962872787850298,0.007,0.119998));
#11709=CARTESIAN_POINT('',(0.0949882406793531,0.00474999999999994,0.119998));
#11710=CARTESIAN_POINT('',(0.102017088256646,-0.00824999999999978,0.119998));
#11711=CARTESIAN_POINT('',(0.10071805015097,-0.0104999999999998,0.119998));
#11712=CARTESIAN_POINT('',(0.103316126362323,-0.00599999999999976,0.119998));
#11713=CARTESIAN_POINT('',(0.0981199739396163,-0.0104999999999998,0.119998));
#11714=CARTESIAN_POINT('',(0.095521897728263,-0.0104999999999998,0.119998));
#11715=CARTESIAN_POINT('',(0.0942228596225863,-0.00824999999999977,0.119998));
#11716=CARTESIAN_POINT('',(0.0929238215169097,-0.00599999999999978,0.119998));
#11717=CARTESIAN_POINT('',(0.0942228596225863,-0.00374999999999976,0.119998));
#11718=CARTESIAN_POINT('',(0.095521897728263,-0.00149999999999976,0.119998));
#11719=CARTESIAN_POINT('',(0.0981199739396163,-0.00149999999999985,0.119998));
#11720=CARTESIAN_POINT('',(0.10071805015097,-0.00149999999999977,0.119998));
#11721=CARTESIAN_POINT('',(0.102017088256646,-0.00374999999999976,0.119998));
#11722=CARTESIAN_POINT('',(0.0879570882566463,-0.00824999999999978,0.119998));
#11723=CARTESIAN_POINT('',(0.0866580501509696,-0.0104999999999998,0.119998));
#11724=CARTESIAN_POINT('',(0.089256126362323,-0.00599999999999977,0.119998));
#11725=CARTESIAN_POINT('',(0.0840599739396163,-0.0104999999999998,0.119998));
#11726=CARTESIAN_POINT('',(0.081461897728263,-0.0104999999999998,0.119998));
#11727=CARTESIAN_POINT('',(0.0801628596225863,-0.00824999999999976,0.119998));
#11728=CARTESIAN_POINT('',(0.0788638215169097,-0.00599999999999976,0.119998));
#11729=CARTESIAN_POINT('',(0.0801628596225864,-0.00374999999999977,0.119998));
#11730=CARTESIAN_POINT('',(0.081461897728263,-0.00149999999999976,0.119998));
#11731=CARTESIAN_POINT('',(0.0840599739396163,-0.00149999999999985,0.119998));
#11732=CARTESIAN_POINT('',(0.0866580501509697,-0.00149999999999977,0.119998));
#11733=CARTESIAN_POINT('',(0.0879570882566464,-0.00374999999999976,0.119998));
#11734=CARTESIAN_POINT('',(0.0457770882566463,-0.08625,0.119998));
#11735=CARTESIAN_POINT('',(0.0444780501509697,-0.0885,0.119998));
#11736=CARTESIAN_POINT('',(0.047076126362323,-0.084,0.119998));
#11737=CARTESIAN_POINT('',(0.0418799739396164,-0.0885,0.119998));
#11738=CARTESIAN_POINT('',(0.039281897728263,-0.0885,0.119998));
#11739=CARTESIAN_POINT('',(0.0379828596225864,-0.08625,0.119998));
#11740=CARTESIAN_POINT('',(0.0366838215169097,-0.084,0.119998));
#11741=CARTESIAN_POINT('',(0.0379828596225864,-0.08175,0.119998));
#11742=CARTESIAN_POINT('',(0.039281897728263,-0.0795,0.119998));
#11743=CARTESIAN_POINT('',(0.0418799739396164,-0.0795,0.119998));
#11744=CARTESIAN_POINT('',(0.0444780501509697,-0.0795,0.119998));
#11745=CARTESIAN_POINT('',(0.0457770882566464,-0.08175,0.119998));
#11746=CARTESIAN_POINT('',(0.0598370882566463,-0.08625,0.119998));
#11747=CARTESIAN_POINT('',(0.0585380501509696,-0.0885,0.119998));
#11748=CARTESIAN_POINT('',(0.061136126362323,-0.084,0.119998));
#11749=CARTESIAN_POINT('',(0.0559399739396163,-0.0885,0.119998));
#11750=CARTESIAN_POINT('',(0.053341897728263,-0.0885,0.119998));
#11751=CARTESIAN_POINT('',(0.0520428596225864,-0.08625,0.119998));
#11752=CARTESIAN_POINT('',(0.0507438215169097,-0.084,0.119998));
#11753=CARTESIAN_POINT('',(0.0520428596225864,-0.08175,0.119998));
#11754=CARTESIAN_POINT('',(0.053341897728263,-0.0795,0.119998));
#11755=CARTESIAN_POINT('',(0.0559399739396163,-0.0795,0.119998));
#11756=CARTESIAN_POINT('',(0.0585380501509697,-0.0795,0.119998));
#11757=CARTESIAN_POINT('',(0.0598370882566464,-0.08175,0.119998));
#11758=CARTESIAN_POINT('',(0.102017088256646,0.06975,0.119998));
#11759=CARTESIAN_POINT('',(0.10071805015097,0.0675,0.119998));
#11760=CARTESIAN_POINT('',(0.103316126362323,0.072,0.119998));
#11761=CARTESIAN_POINT('',(0.0981199739396163,0.0675,0.119998));
#11762=CARTESIAN_POINT('',(0.095521897728263,0.0675,0.119998));
#11763=CARTESIAN_POINT('',(0.0942228596225863,0.06975,0.119998));
#11764=CARTESIAN_POINT('',(0.0929238215169097,0.072,0.119998));
#11765=CARTESIAN_POINT('',(0.0942228596225863,0.07425,0.119998));
#11766=CARTESIAN_POINT('',(0.095521897728263,0.0765,0.119998));
#11767=CARTESIAN_POINT('',(0.0981199739396163,0.0765,0.119998));
#11768=CARTESIAN_POINT('',(0.10071805015097,0.0765,0.119998));
#11769=CARTESIAN_POINT('',(0.102017088256646,0.07425,0.119998));
#11770=CARTESIAN_POINT('',(0.0879570882566463,0.06975,0.119998));
#11771=CARTESIAN_POINT('',(0.0866580501509696,0.0675,0.119998));
#11772=CARTESIAN_POINT('',(0.0892561263623229,0.072,0.119998));
#11773=CARTESIAN_POINT('',(0.0840599739396163,0.0675,0.119998));
#11774=CARTESIAN_POINT('',(0.081461897728263,0.0675,0.119998));
#11775=CARTESIAN_POINT('',(0.0801628596225863,0.06975,0.119998));
#11776=CARTESIAN_POINT('',(0.0788638215169097,0.072,0.119998));
#11777=CARTESIAN_POINT('',(0.0801628596225863,0.07425,0.119998));
#11778=CARTESIAN_POINT('',(0.081461897728263,0.0765,0.119998));
#11779=CARTESIAN_POINT('',(0.0840599739396163,0.0765,0.119998));
#11780=CARTESIAN_POINT('',(0.0866580501509697,0.0765,0.119998));
#11781=CARTESIAN_POINT('',(0.0879570882566463,0.07425,0.119998));
#11782=CARTESIAN_POINT('',(0.0738970882566463,0.06975,0.119998));
#11783=CARTESIAN_POINT('',(0.0725980501509696,0.0675,0.119998));
#11784=CARTESIAN_POINT('',(0.0751961263623229,0.072,0.119998));
#11785=CARTESIAN_POINT('',(0.0699999739396163,0.0675,0.119998));
#11786=CARTESIAN_POINT('',(0.067401897728263,0.0675,0.119998));
#11787=CARTESIAN_POINT('',(0.0661028596225863,0.06975,0.119998));
#11788=CARTESIAN_POINT('',(0.0648038215169097,0.072,0.119998));
#11789=CARTESIAN_POINT('',(0.0661028596225863,0.07425,0.119998));
#11790=CARTESIAN_POINT('',(0.067401897728263,0.0765,0.119998));
#11791=CARTESIAN_POINT('',(0.0699999739396163,0.0765,0.119998));
#11792=CARTESIAN_POINT('',(0.0725980501509697,0.0765,0.119998));
#11793=CARTESIAN_POINT('',(0.0738970882566463,0.07425,0.119998));
#11794=CARTESIAN_POINT('',(0.0598370882566463,0.06975,0.119998));
#11795=CARTESIAN_POINT('',(0.0585380501509696,0.0675,0.119998));
#11796=CARTESIAN_POINT('',(0.0611361263623229,0.072,0.119998));
#11797=CARTESIAN_POINT('',(0.0559399739396163,0.0675,0.119998));
#11798=CARTESIAN_POINT('',(0.053341897728263,0.0675,0.119998));
#11799=CARTESIAN_POINT('',(0.0520428596225863,0.06975,0.119998));
#11800=CARTESIAN_POINT('',(0.0507438215169097,0.072,0.119998));
#11801=CARTESIAN_POINT('',(0.0520428596225863,0.07425,0.119998));
#11802=CARTESIAN_POINT('',(0.053341897728263,0.0765,0.119998));
#11803=CARTESIAN_POINT('',(0.0559399739396163,0.0765,0.119998));
#11804=CARTESIAN_POINT('',(0.0585380501509697,0.0765,0.119998));
#11805=CARTESIAN_POINT('',(0.0598370882566463,0.07425,0.119998));
#11806=CARTESIAN_POINT('',(0.0629711263623227,0.0805,0.119998));
#11807=CARTESIAN_POINT('',(0.0603730501509694,0.0805,0.119998));
#11808=CARTESIAN_POINT('',(0.065569202573676,0.0805,0.119998));
#11809=CARTESIAN_POINT('',(0.0590740120452927,0.08275,0.119998));
#11810=CARTESIAN_POINT('',(0.057774973939616,0.085,0.119998));
#11811=CARTESIAN_POINT('',(0.0590740120452927,0.08725,0.119998));
#11812=CARTESIAN_POINT('',(0.0603730501509694,0.0895,0.119998));
#11813=CARTESIAN_POINT('',(0.0629711263623227,0.0895,0.119998));
#11814=CARTESIAN_POINT('',(0.065569202573676,0.0895,0.119998));
#11815=CARTESIAN_POINT('',(0.0668682406793529,0.08725,0.119998));
#11816=CARTESIAN_POINT('',(0.0681672787850296,0.085,0.119998));
#11817=CARTESIAN_POINT('',(0.0668682406793529,0.08275,0.119998));
#11818=CARTESIAN_POINT('',(0.0770311263623225,0.0805,0.119998));
#11819=CARTESIAN_POINT('',(0.0744330501509692,0.0805,0.119998));
#11820=CARTESIAN_POINT('',(0.0796292025736759,0.0805,0.119998));
#11821=CARTESIAN_POINT('',(0.0731340120452926,0.08275,0.119998));
#11822=CARTESIAN_POINT('',(0.0718349739396159,0.085,0.119998));
#11823=CARTESIAN_POINT('',(0.0731340120452926,0.08725,0.119998));
#11824=CARTESIAN_POINT('',(0.0744330501509692,0.0895,0.119998));
#11825=CARTESIAN_POINT('',(0.0770311263623225,0.0895,0.119998));
#11826=CARTESIAN_POINT('',(0.0796292025736759,0.0895,0.119998));
#11827=CARTESIAN_POINT('',(0.0809282406793529,0.08725,0.119998));
#11828=CARTESIAN_POINT('',(0.0822272787850296,0.085,0.119998));
#11829=CARTESIAN_POINT('',(0.0809282406793529,0.08275,0.119998));
#11830=CARTESIAN_POINT('',(0.105151126362322,0.0805,0.119998));
#11831=CARTESIAN_POINT('',(0.102553050150969,0.0805,0.119998));
#11832=CARTESIAN_POINT('',(0.107749202573676,0.0805,0.119998));
#11833=CARTESIAN_POINT('',(0.101254012045292,0.08275,0.119998));
#11834=CARTESIAN_POINT('',(0.0999549739396156,0.085,0.119998));
#11835=CARTESIAN_POINT('',(0.101254012045292,0.08725,0.119998));
#11836=CARTESIAN_POINT('',(0.102553050150969,0.0895,0.119998));
#11837=CARTESIAN_POINT('',(0.105151126362322,0.0895,0.119998));
#11838=CARTESIAN_POINT('',(0.107749202573676,0.0895,0.119998));
#11839=CARTESIAN_POINT('',(0.109048240679353,0.08725,0.119998));
#11840=CARTESIAN_POINT('',(0.11034727878503,0.085,0.119998));
#11841=CARTESIAN_POINT('',(0.109048240679353,0.08275,0.119998));
#11842=CARTESIAN_POINT('',(0.0457770882566463,0.06975,0.119998));
#11843=CARTESIAN_POINT('',(0.0444780501509696,0.0675,0.119998));
#11844=CARTESIAN_POINT('',(0.0470761263623229,0.072,0.119998));
#11845=CARTESIAN_POINT('',(0.0418799739396163,0.0675,0.119998));
#11846=CARTESIAN_POINT('',(0.039281897728263,0.0675,0.119998));
#11847=CARTESIAN_POINT('',(0.0379828596225864,0.06975,0.119998));
#11848=CARTESIAN_POINT('',(0.0366838215169097,0.072,0.119998));
#11849=CARTESIAN_POINT('',(0.0379828596225864,0.07425,0.119998));
#11850=CARTESIAN_POINT('',(0.039281897728263,0.0765,0.119998));
#11851=CARTESIAN_POINT('',(0.0418799739396163,0.0765,0.119998));
#11852=CARTESIAN_POINT('',(0.0444780501509697,0.0765,0.119998));
#11853=CARTESIAN_POINT('',(0.0457770882566463,0.07425,0.119998));
#11854=CARTESIAN_POINT('',(0.0879570882566463,0.04375,0.119998));
#11855=CARTESIAN_POINT('',(0.0866580501509696,0.0415,0.119998));
#11856=CARTESIAN_POINT('',(0.0892561263623229,0.046,0.119998));
#11857=CARTESIAN_POINT('',(0.0840599739396163,0.0415,0.119998));
#11858=CARTESIAN_POINT('',(0.081461897728263,0.0415,0.119998));
#11859=CARTESIAN_POINT('',(0.0801628596225863,0.04375,0.119998));
#11860=CARTESIAN_POINT('',(0.0788638215169097,0.046,0.119998));
#11861=CARTESIAN_POINT('',(0.0801628596225863,0.04825,0.119998));
#11862=CARTESIAN_POINT('',(0.081461897728263,0.0505,0.119998));
#11863=CARTESIAN_POINT('',(0.0840599739396163,0.0505,0.119998));
#11864=CARTESIAN_POINT('',(0.0866580501509697,0.0505,0.119998));
#11865=CARTESIAN_POINT('',(0.0879570882566463,0.04825,0.119998));
#11866=CARTESIAN_POINT('',(0.102017088256646,0.04375,0.119998));
#11867=CARTESIAN_POINT('',(0.10071805015097,0.0415,0.119998));
#11868=CARTESIAN_POINT('',(0.103316126362323,0.046,0.119998));
#11869=CARTESIAN_POINT('',(0.0981199739396163,0.0415,0.119998));
#11870=CARTESIAN_POINT('',(0.095521897728263,0.0415,0.119998));
#11871=CARTESIAN_POINT('',(0.0942228596225863,0.04375,0.119998));
#11872=CARTESIAN_POINT('',(0.0929238215169097,0.046,0.119998));
#11873=CARTESIAN_POINT('',(0.0942228596225863,0.04825,0.119998));
#11874=CARTESIAN_POINT('',(0.095521897728263,0.0505,0.119998));
#11875=CARTESIAN_POINT('',(0.0981199739396163,0.0505,0.119998));
#11876=CARTESIAN_POINT('',(0.10071805015097,0.0505,0.119998));
#11877=CARTESIAN_POINT('',(0.102017088256646,0.04825,0.119998));
#11878=CARTESIAN_POINT('',(0.105151126362323,0.0545,0.119998));
#11879=CARTESIAN_POINT('',(0.10255305015097,0.0545,0.119998));
#11880=CARTESIAN_POINT('',(0.107749202573676,0.0545,0.119998));
#11881=CARTESIAN_POINT('',(0.101254012045293,0.05675,0.119998));
#11882=CARTESIAN_POINT('',(0.0999549739396165,0.059,0.119998));
#11883=CARTESIAN_POINT('',(0.101254012045293,0.06125,0.119998));
#11884=CARTESIAN_POINT('',(0.10255305015097,0.0635,0.119998));
#11885=CARTESIAN_POINT('',(0.105151126362323,0.0635,0.119998));
#11886=CARTESIAN_POINT('',(0.107749202573676,0.0635,0.119998));
#11887=CARTESIAN_POINT('',(0.109048240679353,0.06125,0.119998));
#11888=CARTESIAN_POINT('',(0.11034727878503,0.059,0.119998));
#11889=CARTESIAN_POINT('',(0.109048240679353,0.05675,0.119998));
#11890=CARTESIAN_POINT('',(0.0910911263623231,0.0545,0.119998));
#11891=CARTESIAN_POINT('',(0.0884930501509698,0.0545,0.119998));
#11892=CARTESIAN_POINT('',(0.0936892025736765,0.0545,0.119998));
#11893=CARTESIAN_POINT('',(0.0871940120452932,0.05675,0.119998));
#11894=CARTESIAN_POINT('',(0.0858949739396165,0.059,0.119998));
#11895=CARTESIAN_POINT('',(0.0871940120452932,0.06125,0.119998));
#11896=CARTESIAN_POINT('',(0.0884930501509698,0.0635,0.119998));
#11897=CARTESIAN_POINT('',(0.0910911263623231,0.0635,0.119998));
#11898=CARTESIAN_POINT('',(0.0936892025736765,0.0635,0.119998));
#11899=CARTESIAN_POINT('',(0.0949882406793531,0.06125,0.119998));
#11900=CARTESIAN_POINT('',(0.0962872787850298,0.059,0.119998));
#11901=CARTESIAN_POINT('',(0.0949882406793531,0.05675,0.119998));
#11902=CARTESIAN_POINT('',(0.0770311263623231,0.0545,0.119998));
#11903=CARTESIAN_POINT('',(0.0744330501509698,0.0545,0.119998));
#11904=CARTESIAN_POINT('',(0.0796292025736764,0.0545,0.119998));
#11905=CARTESIAN_POINT('',(0.0731340120452931,0.05675,0.119998));
#11906=CARTESIAN_POINT('',(0.0718349739396165,0.059,0.119998));
#11907=CARTESIAN_POINT('',(0.0731340120452931,0.06125,0.119998));
#11908=CARTESIAN_POINT('',(0.0744330501509698,0.0635,0.119998));
#11909=CARTESIAN_POINT('',(0.0770311263623231,0.0635,0.119998));
#11910=CARTESIAN_POINT('',(0.0796292025736764,0.0635,0.119998));
#11911=CARTESIAN_POINT('',(0.0809282406793531,0.06125,0.119998));
#11912=CARTESIAN_POINT('',(0.0822272787850298,0.059,0.119998));
#11913=CARTESIAN_POINT('',(0.0809282406793531,0.05675,0.119998));
#11914=CARTESIAN_POINT('',(0.0629711263623231,0.0545,0.119998));
#11915=CARTESIAN_POINT('',(0.0603730501509697,0.0545,0.119998));
#11916=CARTESIAN_POINT('',(0.0655692025736764,0.0545,0.119998));
#11917=CARTESIAN_POINT('',(0.0590740120452931,0.05675,0.119998));
#11918=CARTESIAN_POINT('',(0.0577749739396164,0.059,0.119998));
#11919=CARTESIAN_POINT('',(0.0590740120452931,0.06125,0.119998));
#11920=CARTESIAN_POINT('',(0.0603730501509697,0.0635,0.119998));
#11921=CARTESIAN_POINT('',(0.0629711263623231,0.0635,0.119998));
#11922=CARTESIAN_POINT('',(0.0655692025736764,0.0635,0.119998));
#11923=CARTESIAN_POINT('',(0.066868240679353,0.06125,0.119998));
#11924=CARTESIAN_POINT('',(0.0681672787850297,0.059,0.119998));
#11925=CARTESIAN_POINT('',(0.066868240679353,0.05675,0.119998));
#11926=CARTESIAN_POINT('',(0.034851126362323,0.0545,0.119998));
#11927=CARTESIAN_POINT('',(0.0322530501509697,0.0545,0.119998));
#11928=CARTESIAN_POINT('',(0.0374492025736763,0.0545,0.119998));
#11929=CARTESIAN_POINT('',(0.030954012045293,0.05675,0.119998));
#11930=CARTESIAN_POINT('',(0.0296549739396163,0.059,0.119998));
#11931=CARTESIAN_POINT('',(0.030954012045293,0.06125,0.119998));
#11932=CARTESIAN_POINT('',(0.0322530501509697,0.0635,0.119998));
#11933=CARTESIAN_POINT('',(0.034851126362323,0.0635,0.119998));
#11934=CARTESIAN_POINT('',(0.0374492025736763,0.0635,0.119998));
#11935=CARTESIAN_POINT('',(0.0387482406793529,0.06125,0.119998));
#11936=CARTESIAN_POINT('',(0.0400472787850297,0.059,0.119998));
#11937=CARTESIAN_POINT('',(0.0387482406793529,0.05675,0.119998));
#11938=CARTESIAN_POINT('',(0.048911126362323,0.0545,0.119998));
#11939=CARTESIAN_POINT('',(0.0463130501509697,0.0545,0.119998));
#11940=CARTESIAN_POINT('',(0.0515092025736764,0.0545,0.119998));
#11941=CARTESIAN_POINT('',(0.045014012045293,0.05675,0.119998));
#11942=CARTESIAN_POINT('',(0.0437149739396164,0.059,0.119998));
#11943=CARTESIAN_POINT('',(0.045014012045293,0.06125,0.119998));
#11944=CARTESIAN_POINT('',(0.0463130501509697,0.0635,0.119998));
#11945=CARTESIAN_POINT('',(0.048911126362323,0.0635,0.119998));
#11946=CARTESIAN_POINT('',(0.0515092025736764,0.0635,0.119998));
#11947=CARTESIAN_POINT('',(0.052808240679353,0.06125,0.119998));
#11948=CARTESIAN_POINT('',(0.0541072787850297,0.059,0.119998));
#11949=CARTESIAN_POINT('',(0.052808240679353,0.05675,0.119998));
#11950=CARTESIAN_POINT('',(0.0910911263623231,0.0285,0.119998));
#11951=CARTESIAN_POINT('',(0.0884930501509698,0.0285,0.119998));
#11952=CARTESIAN_POINT('',(0.0936892025736765,0.0285,0.119998));
#11953=CARTESIAN_POINT('',(0.0871940120452932,0.03075,0.119998));
#11954=CARTESIAN_POINT('',(0.0858949739396165,0.033,0.119998));
#11955=CARTESIAN_POINT('',(0.0871940120452932,0.03525,0.119998));
#11956=CARTESIAN_POINT('',(0.0884930501509698,0.0375,0.119998));
#11957=CARTESIAN_POINT('',(0.0910911263623231,0.0375,0.119998));
#11958=CARTESIAN_POINT('',(0.0936892025736765,0.0375,0.119998));
#11959=CARTESIAN_POINT('',(0.0949882406793531,0.03525,0.119998));
#11960=CARTESIAN_POINT('',(0.0962872787850298,0.033,0.119998));
#11961=CARTESIAN_POINT('',(0.0949882406793531,0.03075,0.119998));
#11962=CARTESIAN_POINT('',(0.0770311263623231,0.0285,0.119998));
#11963=CARTESIAN_POINT('',(0.0744330501509698,0.0285,0.119998));
#11964=CARTESIAN_POINT('',(0.0796292025736764,0.0285,0.119998));
#11965=CARTESIAN_POINT('',(0.0731340120452931,0.03075,0.119998));
#11966=CARTESIAN_POINT('',(0.0718349739396165,0.033,0.119998));
#11967=CARTESIAN_POINT('',(0.0731340120452931,0.03525,0.119998));
#11968=CARTESIAN_POINT('',(0.0744330501509698,0.0375,0.119998));
#11969=CARTESIAN_POINT('',(0.0770311263623231,0.0375,0.119998));
#11970=CARTESIAN_POINT('',(0.0796292025736764,0.0375,0.119998));
#11971=CARTESIAN_POINT('',(0.0809282406793531,0.03525,0.119998));
#11972=CARTESIAN_POINT('',(0.0822272787850298,0.033,0.119998));
#11973=CARTESIAN_POINT('',(0.0809282406793531,0.03075,0.119998));
#11974=CARTESIAN_POINT('',(0.0629711263623231,0.0285,0.119998));
#11975=CARTESIAN_POINT('',(0.0603730501509697,0.0285,0.119998));
#11976=CARTESIAN_POINT('',(0.0655692025736764,0.0285,0.119998));
#11977=CARTESIAN_POINT('',(0.0590740120452931,0.03075,0.119998));
#11978=CARTESIAN_POINT('',(0.0577749739396164,0.033,0.119998));
#11979=CARTESIAN_POINT('',(0.0590740120452931,0.03525,0.119998));
#11980=CARTESIAN_POINT('',(0.0603730501509697,0.0375,0.119998));
#11981=CARTESIAN_POINT('',(0.0629711263623231,0.0375,0.119998));
#11982=CARTESIAN_POINT('',(0.0655692025736764,0.0375,0.119998));
#11983=CARTESIAN_POINT('',(0.066868240679353,0.03525,0.119998));
#11984=CARTESIAN_POINT('',(0.0681672787850297,0.033,0.119998));
#11985=CARTESIAN_POINT('',(0.066868240679353,0.03075,0.119998));
#11986=CARTESIAN_POINT('',(0.048911126362323,0.0285,0.119998));
#11987=CARTESIAN_POINT('',(0.0463130501509697,0.0285,0.119998));
#11988=CARTESIAN_POINT('',(0.0515092025736764,0.0285,0.119998));
#11989=CARTESIAN_POINT('',(0.045014012045293,0.03075,0.119998));
#11990=CARTESIAN_POINT('',(0.0437149739396164,0.033,0.119998));
#11991=CARTESIAN_POINT('',(0.0450140120452931,0.03525,0.119998));
#11992=CARTESIAN_POINT('',(0.0463130501509697,0.0375,0.119998));
#11993=CARTESIAN_POINT('',(0.048911126362323,0.0375,0.119998));
#11994=CARTESIAN_POINT('',(0.0515092025736764,0.0375,0.119998));
#11995=CARTESIAN_POINT('',(0.052808240679353,0.03525,0.119998));
#11996=CARTESIAN_POINT('',(0.0541072787850297,0.033,0.119998));
#11997=CARTESIAN_POINT('',(0.052808240679353,0.03075,0.119998));
#11998=CARTESIAN_POINT('',(0.034851126362323,0.0285,0.119998));
#11999=CARTESIAN_POINT('',(0.0322530501509697,0.0285,0.119998));
#12000=CARTESIAN_POINT('',(0.0374492025736763,0.0285,0.119998));
#12001=CARTESIAN_POINT('',(0.030954012045293,0.03075,0.119998));
#12002=CARTESIAN_POINT('',(0.0296549739396163,0.033,0.119998));
#12003=CARTESIAN_POINT('',(0.030954012045293,0.03525,0.119998));
#12004=CARTESIAN_POINT('',(0.0322530501509697,0.0375,0.119998));
#12005=CARTESIAN_POINT('',(0.034851126362323,0.0375,0.119998));
#12006=CARTESIAN_POINT('',(0.0374492025736764,0.0375,0.119998));
#12007=CARTESIAN_POINT('',(0.0387482406793529,0.03525,0.119998));
#12008=CARTESIAN_POINT('',(0.0400472787850297,0.033,0.119998));
#12009=CARTESIAN_POINT('',(0.0387482406793529,0.03075,0.119998));
#12010=CARTESIAN_POINT('',(0.0457770882566463,0.04375,0.119998));
#12011=CARTESIAN_POINT('',(0.0444780501509696,0.0415,0.119998));
#12012=CARTESIAN_POINT('',(0.0470761263623229,0.046,0.119998));
#12013=CARTESIAN_POINT('',(0.0418799739396163,0.0415,0.119998));
#12014=CARTESIAN_POINT('',(0.039281897728263,0.0415,0.119998));
#12015=CARTESIAN_POINT('',(0.0379828596225864,0.04375,0.119998));
#12016=CARTESIAN_POINT('',(0.0366838215169097,0.046,0.119998));
#12017=CARTESIAN_POINT('',(0.0379828596225864,0.04825,0.119998));
#12018=CARTESIAN_POINT('',(0.039281897728263,0.0505,0.119998));
#12019=CARTESIAN_POINT('',(0.0418799739396164,0.0505,0.119998));
#12020=CARTESIAN_POINT('',(0.0444780501509697,0.0505,0.119998));
#12021=CARTESIAN_POINT('',(0.0457770882566463,0.04825,0.119998));
#12022=CARTESIAN_POINT('',(0.0598370882566463,0.04375,0.119998));
#12023=CARTESIAN_POINT('',(0.0585380501509696,0.0415,0.119998));
#12024=CARTESIAN_POINT('',(0.0611361263623229,0.046,0.119998));
#12025=CARTESIAN_POINT('',(0.0559399739396163,0.0415,0.119998));
#12026=CARTESIAN_POINT('',(0.053341897728263,0.0415,0.119998));
#12027=CARTESIAN_POINT('',(0.0520428596225863,0.04375,0.119998));
#12028=CARTESIAN_POINT('',(0.0507438215169097,0.046,0.119998));
#12029=CARTESIAN_POINT('',(0.0520428596225863,0.04825,0.119998));
#12030=CARTESIAN_POINT('',(0.053341897728263,0.0505,0.119998));
#12031=CARTESIAN_POINT('',(0.0559399739396163,0.0505,0.119998));
#12032=CARTESIAN_POINT('',(0.0585380501509697,0.0505,0.119998));
#12033=CARTESIAN_POINT('',(0.0598370882566463,0.04825,0.119998));
#12034=CARTESIAN_POINT('',(0.0738970882566463,0.04375,0.119998));
#12035=CARTESIAN_POINT('',(0.0725980501509696,0.0415,0.119998));
#12036=CARTESIAN_POINT('',(0.0751961263623229,0.046,0.119998));
#12037=CARTESIAN_POINT('',(0.0699999739396163,0.0415,0.119998));
#12038=CARTESIAN_POINT('',(0.067401897728263,0.0415,0.119998));
#12039=CARTESIAN_POINT('',(0.0661028596225863,0.04375,0.119998));
#12040=CARTESIAN_POINT('',(0.0648038215169097,0.046,0.119998));
#12041=CARTESIAN_POINT('',(0.0661028596225863,0.04825,0.119998));
#12042=CARTESIAN_POINT('',(0.067401897728263,0.0505,0.119998));
#12043=CARTESIAN_POINT('',(0.0699999739396163,0.0505,0.119998));
#12044=CARTESIAN_POINT('',(0.0725980501509697,0.0505,0.119998));
#12045=CARTESIAN_POINT('',(0.0738970882566463,0.04825,0.119998));
#12046=CARTESIAN_POINT('',(0.0738970882566463,-0.06025,0.119998));
#12047=CARTESIAN_POINT('',(0.0725980501509696,-0.0625,0.119998));
#12048=CARTESIAN_POINT('',(0.075196126362323,-0.058,0.119998));
#12049=CARTESIAN_POINT('',(0.0699999739396163,-0.0625,0.119998));
#12050=CARTESIAN_POINT('',(0.067401897728263,-0.0625,0.119998));
#12051=CARTESIAN_POINT('',(0.0661028596225863,-0.06025,0.119998));
#12052=CARTESIAN_POINT('',(0.0648038215169097,-0.058,0.119998));
#12053=CARTESIAN_POINT('',(0.0661028596225863,-0.05575,0.119998));
#12054=CARTESIAN_POINT('',(0.067401897728263,-0.0535,0.119998));
#12055=CARTESIAN_POINT('',(0.0699999739396163,-0.0535,0.119998));
#12056=CARTESIAN_POINT('',(0.0725980501509697,-0.0535,0.119998));
#12057=CARTESIAN_POINT('',(0.0738970882566463,-0.05575,0.119998));
#12058=CARTESIAN_POINT('',(0.0879570882566463,-0.06025,0.119998));
#12059=CARTESIAN_POINT('',(0.0866580501509696,-0.0625,0.119998));
#12060=CARTESIAN_POINT('',(0.089256126362323,-0.058,0.119998));
#12061=CARTESIAN_POINT('',(0.0840599739396163,-0.0625,0.119998));
#12062=CARTESIAN_POINT('',(0.081461897728263,-0.0625,0.119998));
#12063=CARTESIAN_POINT('',(0.0801628596225864,-0.06025,0.119998));
#12064=CARTESIAN_POINT('',(0.0788638215169097,-0.058,0.119998));
#12065=CARTESIAN_POINT('',(0.0801628596225864,-0.05575,0.119998));
#12066=CARTESIAN_POINT('',(0.081461897728263,-0.0535,0.119998));
#12067=CARTESIAN_POINT('',(0.0840599739396163,-0.0535,0.119998));
#12068=CARTESIAN_POINT('',(0.0866580501509697,-0.0535,0.119998));
#12069=CARTESIAN_POINT('',(0.0879570882566464,-0.05575,0.119998));
#12070=CARTESIAN_POINT('',(0.102017088256646,-0.06025,0.119998));
#12071=CARTESIAN_POINT('',(0.10071805015097,-0.0625,0.119998));
#12072=CARTESIAN_POINT('',(0.103316126362323,-0.058,0.119998));
#12073=CARTESIAN_POINT('',(0.0981199739396163,-0.0625,0.119998));
#12074=CARTESIAN_POINT('',(0.095521897728263,-0.0625,0.119998));
#12075=CARTESIAN_POINT('',(0.0942228596225863,-0.06025,0.119998));
#12076=CARTESIAN_POINT('',(0.0929238215169097,-0.058,0.119998));
#12077=CARTESIAN_POINT('',(0.0942228596225863,-0.05575,0.119998));
#12078=CARTESIAN_POINT('',(0.095521897728263,-0.0535,0.119998));
#12079=CARTESIAN_POINT('',(0.0981199739396163,-0.0535,0.119998));
#12080=CARTESIAN_POINT('',(0.10071805015097,-0.0535,0.119998));
#12081=CARTESIAN_POINT('',(0.102017088256646,-0.05575,0.119998));
#12082=CARTESIAN_POINT('',(0.034851126362323,-0.0755,0.119998));
#12083=CARTESIAN_POINT('',(0.0322530501509697,-0.0755,0.119998));
#12084=CARTESIAN_POINT('',(0.0374492025736764,-0.0755,0.119998));
#12085=CARTESIAN_POINT('',(0.030954012045293,-0.07325,0.119998));
#12086=CARTESIAN_POINT('',(0.0296549739396163,-0.071,0.119998));
#12087=CARTESIAN_POINT('',(0.030954012045293,-0.06875,0.119998));
#12088=CARTESIAN_POINT('',(0.0322530501509697,-0.0665,0.119998));
#12089=CARTESIAN_POINT('',(0.034851126362323,-0.0665,0.119998));
#12090=CARTESIAN_POINT('',(0.0374492025736764,-0.0665,0.119998));
#12091=CARTESIAN_POINT('',(0.0387482406793529,-0.06875,0.119998));
#12092=CARTESIAN_POINT('',(0.0400472787850297,-0.071,0.119998));
#12093=CARTESIAN_POINT('',(0.038748240679353,-0.07325,0.119998));
#12094=CARTESIAN_POINT('',(0.0598370882566463,-0.06025,0.119998));
#12095=CARTESIAN_POINT('',(0.0585380501509696,-0.0625,0.119998));
#12096=CARTESIAN_POINT('',(0.061136126362323,-0.058,0.119998));
#12097=CARTESIAN_POINT('',(0.0559399739396163,-0.0625,0.119998));
#12098=CARTESIAN_POINT('',(0.053341897728263,-0.0625,0.119998));
#12099=CARTESIAN_POINT('',(0.0520428596225864,-0.06025,0.119998));
#12100=CARTESIAN_POINT('',(0.0507438215169097,-0.058,0.119998));
#12101=CARTESIAN_POINT('',(0.0520428596225864,-0.05575,0.119998));
#12102=CARTESIAN_POINT('',(0.053341897728263,-0.0535,0.119998));
#12103=CARTESIAN_POINT('',(0.0559399739396163,-0.0535,0.119998));
#12104=CARTESIAN_POINT('',(0.0585380501509697,-0.0535,0.119998));
#12105=CARTESIAN_POINT('',(0.0598370882566464,-0.05575,0.119998));
#12106=CARTESIAN_POINT('',(0.0457770882566463,-0.06025,0.119998));
#12107=CARTESIAN_POINT('',(0.0444780501509697,-0.0625,0.119998));
#12108=CARTESIAN_POINT('',(0.047076126362323,-0.058,0.119998));
#12109=CARTESIAN_POINT('',(0.0418799739396164,-0.0625,0.119998));
#12110=CARTESIAN_POINT('',(0.039281897728263,-0.0625,0.119998));
#12111=CARTESIAN_POINT('',(0.0379828596225864,-0.06025,0.119998));
#12112=CARTESIAN_POINT('',(0.0366838215169097,-0.058,0.119998));
#12113=CARTESIAN_POINT('',(0.0379828596225864,-0.05575,0.119998));
#12114=CARTESIAN_POINT('',(0.039281897728263,-0.0535,0.119998));
#12115=CARTESIAN_POINT('',(0.0418799739396164,-0.0535,0.119998));
#12116=CARTESIAN_POINT('',(0.0444780501509697,-0.0535,0.119998));
#12117=CARTESIAN_POINT('',(0.0457770882566464,-0.05575,0.119998));
#12118=CARTESIAN_POINT('',(0.105151126362323,-0.0495,0.119998));
#12119=CARTESIAN_POINT('',(0.10255305015097,-0.0495,0.119998));
#12120=CARTESIAN_POINT('',(0.107749202573676,-0.0495,0.119998));
#12121=CARTESIAN_POINT('',(0.101254012045293,-0.04725,0.119998));
#12122=CARTESIAN_POINT('',(0.0999549739396166,-0.045,0.119998));
#12123=CARTESIAN_POINT('',(0.101254012045293,-0.04275,0.119998));
#12124=CARTESIAN_POINT('',(0.10255305015097,-0.0405,0.119998));
#12125=CARTESIAN_POINT('',(0.105151126362323,-0.0405,0.119998));
#12126=CARTESIAN_POINT('',(0.107749202573676,-0.0405,0.119998));
#12127=CARTESIAN_POINT('',(0.109048240679353,-0.04275,0.119998));
#12128=CARTESIAN_POINT('',(0.11034727878503,-0.045,0.119998));
#12129=CARTESIAN_POINT('',(0.109048240679353,-0.04725,0.119998));
#12130=CARTESIAN_POINT('',(0.0910911263623231,-0.0495,0.119998));
#12131=CARTESIAN_POINT('',(0.0884930501509698,-0.0495,0.119998));
#12132=CARTESIAN_POINT('',(0.0936892025736765,-0.0495,0.119998));
#12133=CARTESIAN_POINT('',(0.0871940120452932,-0.04725,0.119998));
#12134=CARTESIAN_POINT('',(0.0858949739396165,-0.045,0.119998));
#12135=CARTESIAN_POINT('',(0.0871940120452932,-0.04275,0.119998));
#12136=CARTESIAN_POINT('',(0.0884930501509698,-0.0405,0.119998));
#12137=CARTESIAN_POINT('',(0.0910911263623232,-0.0405,0.119998));
#12138=CARTESIAN_POINT('',(0.0936892025736765,-0.0405,0.119998));
#12139=CARTESIAN_POINT('',(0.0949882406793531,-0.04275,0.119998));
#12140=CARTESIAN_POINT('',(0.0962872787850298,-0.045,0.119998));
#12141=CARTESIAN_POINT('',(0.0949882406793531,-0.04725,0.119998));
#12142=MECHANICAL_DESIGN_GEOMETRIC_PRESENTATION_REPRESENTATION('',(#7707),
#12143);
#12143=(
GEOMETRIC_REPRESENTATION_CONTEXT(3)
GLOBAL_UNCERTAINTY_ASSIGNED_CONTEXT((#12144))
GLOBAL_UNIT_ASSIGNED_CONTEXT((#12147,#12146,#12145))
REPRESENTATION_CONTEXT('Part 3','TOP_LEVEL_ASSEMBLY_PART')
);
#12144=UNCERTAINTY_MEASURE_WITH_UNIT(LENGTH_MEASURE(1.E-8),#12147,
'DISTANCE_ACCURACY_VALUE','Maximum Tolerance applied to model');
#12145=(
NAMED_UNIT(*)
SI_UNIT($,.STERADIAN.)
SOLID_ANGLE_UNIT()
);
#12146=(
NAMED_UNIT(*)
PLANE_ANGLE_UNIT()
SI_UNIT($,.RADIAN.)
);
#12147=(
LENGTH_UNIT()
NAMED_UNIT(*)
SI_UNIT($,.METRE.)
);
#12148=PRODUCT_DEFINITION_SHAPE('','',#12149);
#12149=PRODUCT_DEFINITION('','',#12151,#12150);
#12150=PRODUCT_DEFINITION_CONTEXT('',#12157,'design');
#12151=PRODUCT_DEFINITION_FORMATION_WITH_SPECIFIED_SOURCE('','',#12153,
 .NOT_KNOWN.);
#12152=PRODUCT_RELATED_PRODUCT_CATEGORY('','',(#12153));
#12153=PRODUCT('Part 3','Part 3','Part 3',(#12155));
#12154=PRODUCT_CATEGORY('','');
#12155=PRODUCT_CONTEXT('',#12157,'mechanical');
#12156=APPLICATION_PROTOCOL_DEFINITION('international standard',
'ap242_managed_model_based_3d_engineering',2020,#12157);
#12157=APPLICATION_CONTEXT('managed model based 3d engineering');
ENDSEC;
END-ISO-10303-21;
